ISO-10303-21;
HEADER;
FILE_DESCRIPTION (( 'STEP AP214' ),
    '1' );
FILE_NAME ('Orbi_BaseButton.STEP',
    '2026-10-03T08:38:44',
    ( '' ),
    ( '' ),
    'SwSTEP 2.0',
    'SolidWorks 2026',
    '' );
FILE_SCHEMA (( 'AUTOMOTIVE_DESIGN' ));
ENDSEC;

DATA;
#1 = CARTESIAN_POINT ( 'NONE',  ( 27.40320248299060069, 17.18450006625664628, -28.21923193689673326 ) ) ;
#2 = CARTESIAN_POINT ( 'NONE',  ( -32.49124455552875190, 19.27204585673756299, 3.784612463478896682 ) ) ;
#3 = CARTESIAN_POINT ( 'NONE',  ( -30.27278750156151332, 20.79603645610225016, 10.78909035645238568 ) ) ;
#4 = CARTESIAN_POINT ( 'NONE',  ( -28.21019901881040681, 23.00720143871700429, -8.559050309863376782 ) ) ;
#5 = ORIENTED_EDGE ( 'NONE', *, *, #1960, .F. ) ;
#6 = CARTESIAN_POINT ( 'NONE',  ( -39.56571728214724004, -5.645706960979839933E-15, -8.195514397244556548 ) ) ;
#7 = CARTESIAN_POINT ( 'NONE',  ( -31.46212609937278870, 19.35670683042906859, -1.478356234205217667 ) ) ;
#8 = CARTESIAN_POINT ( 'NONE',  ( -30.76515758476122286, 20.47743998069197247, -1.525906879550531725 ) ) ;
#9 = CARTESIAN_POINT ( 'NONE',  ( -30.05507578664671442, 19.45163152148890262, -10.96623125238932062 ) ) ;
#10 = CARTESIAN_POINT ( 'NONE',  ( -28.21062057564575909, 23.00359893713682169, -8.567838870264882445 ) ) ;
#11 = CARTESIAN_POINT ( 'NONE',  ( -31.36466073141056654, 19.98311264604968684, 9.003706102377906362 ) ) ;
#12 = CARTESIAN_POINT ( 'NONE',  ( 23.76894969407147329, 10.36793716495176731, -34.08521515132503055 ) ) ;
#13 = CARTESIAN_POINT ( 'NONE',  ( -30.95037911701605537, 20.14576352424069583, 1.716939101876486795 ) ) ;
#14 = CARTESIAN_POINT ( 'NONE',  ( -31.07362308590019850, 19.54081837964815449, 10.97137990806057850 ) ) ;
#15 = DIRECTION ( 'NONE',  ( 0.000000000000000000, -1.000000000000000000, -9.912705577010330480E-16 ) ) ;
#16 = ORIENTED_EDGE ( 'NONE', *, *, #895, .F. ) ;
#17 = CARTESIAN_POINT ( 'NONE',  ( -30.50000251025384657, 21.91005041002700082, -7.000079152955385631 ) ) ;
#18 = CARTESIAN_POINT ( 'NONE',  ( -30.51579489424442215, 20.83768729149848653, -2.207770149536468551 ) ) ;
#19 = ORIENTED_EDGE ( 'NONE', *, *, #818, .T. ) ;
#20 = CARTESIAN_POINT ( 'NONE',  ( 24.47169322447176398, 27.00000000000001066, 15.73058274338242235 ) ) ;
#21 = CARTESIAN_POINT ( 'NONE',  ( -32.77816636342986811, 17.91005041002700438, -7.287578671577521483 ) ) ;
#22 = CARTESIAN_POINT ( 'NONE',  ( -30.67683578732378891, 20.16224963295923089, -10.93531298576812816 ) ) ;
#23 = CARTESIAN_POINT ( 'NONE',  ( -32.09302278438933342, 18.89671991829958486, 8.725470383258093321 ) ) ;
#24 = CARTESIAN_POINT ( 'NONE',  ( -31.74055323230490799, 17.91005041002698661, 6.999920847044609928 ) ) ;
#25 = ADVANCED_FACE ( 'NONE', ( #164 ), #689, .T. ) ;
#26 = CARTESIAN_POINT ( 'NONE',  ( 35.71877954099156227, 17.18450006625664983, -1.626303258728256651E-16 ) ) ;
#27 = CARTESIAN_POINT ( 'NONE',  ( -31.42522786575950633, 20.56219052910570255, 0.9813013423001563096 ) ) ;
#28 = CARTESIAN_POINT ( 'NONE',  ( -33.63798382062362435, 19.08621284159032783, 8.826641389660030868 ) ) ;
#29 = CARTESIAN_POINT ( 'NONE',  ( -32.68296462253105972, 21.03991389193532058, 8.671929021361847845 ) ) ;
#30 = ORIENTED_EDGE ( 'NONE', *, *, #226, .F. ) ;
#31 = CARTESIAN_POINT ( 'NONE',  ( -34.80322148884037858, 19.17694957050650828, -7.523613552923982262 ) ) ;
#32 = CARTESIAN_POINT ( 'NONE',  ( -30.97350839778840381, 20.63188103725343581, -8.865281129437629914 ) ) ;
#33 = CARTESIAN_POINT ( 'NONE',  ( -30.58785763006830294, 20.80586981954349568, -0.8751265804509655855 ) ) ;
#34 = ORIENTED_EDGE ( 'NONE', *, *, #392, .T. ) ;
#35 = B_SPLINE_CURVE_WITH_KNOTS ( 'NONE', 3,
 ( #314, #1558, #2038, #114, #962, #2419 ),
 .UNSPECIFIED., .F., .F.,
 ( 4, 2, 4 ),
 ( 0.000000000000000000, 0.5000000000000000000, 1.000000000000000000 ),
 .UNSPECIFIED. ) ;
#36 = CARTESIAN_POINT ( 'NONE',  ( 13.03756949519396890, 17.18450006625664628, -35.29376911223509694 ) ) ;
#37 = CARTESIAN_POINT ( 'NONE',  ( -31.42522784505427680, 19.68614995302015913, -1.282524249414149331 ) ) ;
#38 = CARTESIAN_POINT ( 'NONE',  ( -36.02053086568001561, 17.91005041006784992, 2.395703607229960230 ) ) ;
#39 = CARTESIAN_POINT ( 'NONE',  ( -31.73801258329856623, 19.41119983035387619, 8.936795867366452484 ) ) ;
#40 = CARTESIAN_POINT ( 'NONE',  ( -32.27295754404469363, 17.90155170747813429, -10.21717043617635845 ) ) ;
#41 = CARTESIAN_POINT ( 'NONE',  ( -38.52571848717748537, 10.36793716495176199, 14.36104515279771832 ) ) ;
#42 = CARTESIAN_POINT ( 'NONE',  ( -31.42522786607280949, 20.52495924634828128, 1.034915665548899133 ) ) ;
#43 = DIRECTION ( 'NONE',  ( -1.000000000000000000, -3.491481341942258224E-15, -1.445602896647331620E-15 ) ) ;
#44 = EDGE_CURVE ( 'NONE', #779, #444, #2529, .T. ) ;
#45 = CARTESIAN_POINT ( 'NONE',  ( -31.59969294997477718, 18.98585479938618548, 1.705376750301773603 ) ) ;
#46 = EDGE_CURVE ( 'NONE', #326, #481, #1319, .T. ) ;
#47 = ORIENTED_EDGE ( 'NONE', *, *, #1882, .T. ) ;
#48 = CARTESIAN_POINT ( 'NONE',  ( -34.36591135655881857, 19.75035814732742168, -8.176674041180604036 ) ) ;
#49 = CARTESIAN_POINT ( 'NONE',  ( -31.41164267484641925, 19.91004525983825246, -9.000075682607619143 ) ) ;
#50 = CARTESIAN_POINT ( 'NONE',  ( -30.87192872204410321, 20.28581439584595003, -1.654749324159877188 ) ) ;
#51 = CARTESIAN_POINT ( 'NONE',  ( -33.79153881729695286, 18.71567520477531943, 8.609223096414567067 ) ) ;
#52 = ORIENTED_EDGE ( 'NONE', *, *, #1605, .T. ) ;
#53 = CARTESIAN_POINT ( 'NONE',  ( -24.13298588401943690, 17.18450006625664983, 31.90480692750108460 ) ) ;
#54 = CARTESIAN_POINT ( 'NONE',  ( -31.74356951929014414, 19.22285374293102223, -9.357006865383723948 ) ) ;
#55 = CARTESIAN_POINT ( 'NONE',  ( -28.69757003891013625, 21.66954563948685575, -10.36372144182896093 ) ) ;
#56 = CARTESIAN_POINT ( 'NONE',  ( -33.45079537644343759, 21.53267847639374466, -7.109372740011858482 ) ) ;
#57 = B_SPLINE_CURVE_WITH_KNOTS ( 'NONE', 3,
 ( #2737, #523, #2533, #618, #1260, #2121 ),
 .UNSPECIFIED., .F., .F.,
 ( 4, 2, 4 ),
 ( 0.000000000000000000, 0.003575436419976836706, 0.007150872839953673413 ),
 .UNSPECIFIED. ) ;
#58 = CARTESIAN_POINT ( 'NONE',  ( -33.66795881625894538, 20.88959312623092046, 8.193564027096396529 ) ) ;
#59 = B_SPLINE_CURVE_WITH_KNOTS ( 'NONE', 3,
 ( #45, #1929, #898, #2605, #1125, #2622, #577, #2271, #2507, #177, #1447, #602, #349, #1435, #385, #2285, #1026, #1210, #2735, #2065, #297, #2453, #719 ),
 .UNSPECIFIED., .F., .F.,
 ( 4, 2, 2, 1, 1, 2, 2, 2, 1, 1, 1, 2, 2, 4 ),
 ( 0.000000000000000000, 0.2499999999999525380, 0.3749999999999202860, 0.4374999999999017453, 0.4687499999998960276, 0.4843749999998965827, 0.4999999999998971933, 0.6249999999999136246, 0.6874999999999237277, 0.7187499999999306111, 0.7343749999999292788, 0.7421874999999302780, 0.7499999999999311662, 1.000000000000000000 ),
 .UNSPECIFIED. ) ;
#60 = CARTESIAN_POINT ( 'NONE',  ( -31.42522787263076722, 19.29986808444130020, 1.745371570009028206 ) ) ;
#61 = CARTESIAN_POINT ( 'NONE',  ( 13.55904588468191463, 10.36793716495176021, -37.72607904215553276 ) ) ;
#62 = CARTESIAN_POINT ( 'NONE',  ( -29.33796694257780047, 23.43236160259946388, 7.001136972998481589 ) ) ;
#63 = CARTESIAN_POINT ( 'NONE',  ( -33.18628500673240467, 21.85069300830680561, -7.487374269830745277 ) ) ;
#64 = B_SPLINE_SURFACE_WITH_KNOTS ( 'NONE', 4, 3, ( 
 ( #1258, #2118, #2506, #384, #1246, #850, #646, #1498, #2356, #1286, #1072, #575, #1220, #2077, #2268, #2720, #2296, #66, #1583, #483, #935, #1349, #227, #720, #1981, #2431, #2210, #1523, #1733, #2155, #2441, #1131, #1569, #2383, #284, #1747, #2628, #2184, #686, #20, #1310, #255, #241, #2198, #1082 ),
 ( #1539, #2416, #497, #85, #905, #1145, #1362, #1951, #1797, #2581, #36, #2008, #1297, #2168, #2641, #1555, #733, #272, #875, #670, #1099, #1966, #890, #2596, #2397, #462, #1115, #1996, #53, #705, #1767, #2612, #70, #923, #1785, #770, #2261, #512, #948, #298, #1159, #98, #2654, #1642, #2057 ),
 ( #1376, #136, #2022, #1810, #1426, #2679, #2035, #748, #311, #2222, #1170, #1184, #2479, #565, #327, #2044, #1596, #2454, #526, #1390, #1202, #2235, #111, #1619, #553, #960, #1824, #2666, #995, #760, #1414, #1843, #788, #340, #146, #985, #1609, #2689, #124, #1631, #2276, #2467, #540, #1401, #2249 ),
 ( #973, #354, #1853, #780, #2490, #1213, #2070, #1862, #2699, #1453, #2538, #2289, #2136, #594, #2082, #2303, #365, #2334, #1888, #801, #418, #831, #1279, #1263, #609, #2726, #1065, #404, #169, #2742, #209, #1902, #1239, #195, #1477, #815, #1467, #377, #1491, #1034, #1439, #2098, #1227, #183, #1686 ),
 ( #1670, #2523, #2317, #1932, #391, #2513, #1700, #1252, #2349, #155, #2112, #622, #1007, #1877, #2125, #2711, #1049, #1918, #2755, #843, #2550, #6, #1657, #2500, #857, #638, #426, #2585, #1939, #1721, #1073, #1314, #691, #851, #1971, #2387, #217, #2173, #894, #1708, #2401, #467, #259, #1119, #838 ) ),
 .UNSPECIFIED., .F., .T., .F.,
 ( 5, 5 ),
 ( 4, 1, 1, 1, 1, 1, 1, 1, 1, 1, 1, 1, 1, 1, 1, 1, 1, 1, 1, 1, 1, 1, 1, 1, 1, 1, 1, 1, 1, 1, 1, 1, 1, 1, 1, 1, 1, 1, 1, 1, 1, 1, 4 ),
 ( 0.000000000000000000, 1.000000000000000000 ),
 ( 0.000000000000000000, 0.01192155715681175905, 0.03615010447334856408, 0.06463543809057679945, 0.07504411674502119156, 0.1014255192776888914, 0.1250511153711646728, 0.1487081648362095221, 0.1749889786601740993, 0.1854232069348933643, 0.2138861946617497400, 0.2500122187519914219, 0.2861379313342932718, 0.3146232651490957211, 0.3250319437987948534, 0.3514133463336963636, 0.3750389424291623586, 0.3987594427733420210, 0.4249767581107244951, 0.4354109867532806044, 0.4638739737817326181, 0.4999999985686669479, 0.5361257113401218799, 0.5646110449651536856, 0.5750197236686350744, 0.6014011261747380654, 0.6250267222477297047, 0.6487471792847672170, 0.6749645383573531499, 0.6853987666015526337, 0.7138617544031714557, 0.7499877784179305173, 0.7861134912185486767, 0.8145988248154083511, 0.8250075031973883588, 0.8513889058853996161, 0.8750145020977656563, 0.8986714907340735969, 0.9249523654914182380, 0.9353865937017292742, 0.9638495815505353503, 0.9880782139825377008, 1.000000000000000000 ),
 .UNSPECIFIED. ) ;
#65 = CARTESIAN_POINT ( 'NONE',  ( -32.76972909172140902, 17.92532797887927742, 7.282779356181858788 ) ) ;
#66 = CARTESIAN_POINT ( 'NONE',  ( -21.84119195518002954, 26.99999999999999645, -21.03656638549757218 ) ) ;
#67 = CARTESIAN_POINT ( 'NONE',  ( -30.62723331966641283, 21.28937079315965519, -8.448371493538541444 ) ) ;
#68 = CARTESIAN_POINT ( 'NONE',  ( -30.04424902628793959, 21.19809786795283202, 10.62781057942079066 ) ) ;
#69 = EDGE_LOOP ( 'NONE', ( #2135, #1977, #19, #637, #352, #1262, #642 ) ) ;
#70 = CARTESIAN_POINT ( 'NONE',  ( -0.8000078850043657042, 17.18450006625665338, 36.64674573430564664 ) ) ;
#71 = CARTESIAN_POINT ( 'NONE',  ( -31.42570742994164945, 21.30602250494732885, -8.275404460038180942E-06 ) ) ;
#72 = CARTESIAN_POINT ( 'NONE',  ( -30.59115162477520755, 20.81768442421172693, 0.2360942885303576599 ) ) ;
#73 = CARTESIAN_POINT ( 'NONE',  ( -34.02929891997572298, 21.51592087261860797, 1.190489354491339746 ) ) ;
#74 = PRESENTATION_LAYER_ASSIGNMENT (  '', '', ( #194 ) ) ;
#75 = CARTESIAN_POINT ( 'NONE',  ( -33.20226320779531903, 21.90492405476689441, 7.192718691960529043 ) ) ;
#76 = CARTESIAN_POINT ( 'NONE',  ( -34.21621290828182538, 17.91005041002699372, 6.999920847044609928 ) ) ;
#77 = CARTESIAN_POINT ( 'NONE',  ( -15.16104511128962606, 10.36793716495176021, -37.72571847747011020 ) ) ;
#78 = CARTESIAN_POINT ( 'NONE',  ( -29.97069372154607336, 23.54956270274011843, -1.561897330547980004E-05 ) ) ;
#79 = CARTESIAN_POINT ( 'NONE',  ( -33.90132949727919254, 18.46448799722273293, 8.388094317809605016 ) ) ;
#80 = CARTESIAN_POINT ( 'NONE',  ( -34.45101639920580539, 19.37759981884069305, -8.986333600287419898 ) ) ;
#81 = CARTESIAN_POINT ( 'NONE',  ( -30.63313070647092573, 21.27674110528989715, -8.460295563833874155 ) ) ;
#82 = CARTESIAN_POINT ( 'NONE',  ( -28.95970377992520639, 21.19809786795283557, 10.62781057942079244 ) ) ;
#83 = ADVANCED_FACE ( 'NONE', ( #584 ), #1564, .F. ) ;
#84 = ORIENTED_EDGE ( 'NONE', *, *, #1478, .F. ) ;
#85 = CARTESIAN_POINT ( 'NONE',  ( 35.33244395701080975, 17.18450006625665694, -8.894265044260134090 ) ) ;
#86 = CARTESIAN_POINT ( 'NONE',  ( -32.06599909444904029, 19.24285252384417788, -7.517997624094967080 ) ) ;
#87 = DIRECTION ( 'NONE',  ( -0.9869703117949535365, 0.000000000000000000, -0.1609024662190489119 ) ) ;
#88 = CARTESIAN_POINT ( 'NONE',  ( -33.42405709291332272, 21.46521085147660912, 7.523357993775648289 ) ) ;
#89 = CARTESIAN_POINT ( 'NONE',  ( -32.85972152026246107, 21.31301720911792330, 8.426838349568800624 ) ) ;
#90 = CARTESIAN_POINT ( 'NONE',  ( -31.42522784559858451, 20.13288672494288534, -1.222757444854321918 ) ) ;
#91 = CARTESIAN_POINT ( 'NONE',  ( 7.396988043970690541, 10.36793716495175843, 38.76579530383209971 ) ) ;
#92 = CARTESIAN_POINT ( 'NONE',  ( -31.88175883514025699, 19.02790628568681441, 8.798914343766824686 ) ) ;
#93 = CARTESIAN_POINT ( 'NONE',  ( -34.58602682303516218, 19.44170828200615020, 7.942347776106414514 ) ) ;
#94 = B_SPLINE_CURVE_WITH_KNOTS ( 'NONE', 3,
 ( #932, #730, #2438, #509, #825, #2247 ),
 .UNSPECIFIED., .F., .F.,
 ( 4, 2, 4 ),
 ( 2.949029909160572061E-17, 0.007000000000024131017, 0.01400000000004823254 ),
 .UNSPECIFIED. ) ;
#95 = CARTESIAN_POINT ( 'NONE',  ( -30.84656956985821452, 20.85854871420434264, -8.762088845637107326 ) ) ;
#96 = CARTESIAN_POINT ( 'NONE',  ( -29.62421842481613865, 20.11198388899984124, 10.94383543466976327 ) ) ;
#97 = ORIENTED_EDGE ( 'NONE', *, *, #2586, .F. ) ;
#98 = CARTESIAN_POINT ( 'NONE',  ( 35.33243918060629341, 17.18450006625664273, 8.892602538385029121 ) ) ;
#99 = CARTESIAN_POINT ( 'NONE',  ( -30.60723073090224489, 20.26082333027676441, -10.91088061933749742 ) ) ;
#100 = CARTESIAN_POINT ( 'NONE',  ( -31.42359437969629710, 19.33014031753660689, -1.290420990005323620 ) ) ;
#101 = CARTESIAN_POINT ( 'NONE',  ( -31.42522788384671273, 19.79445744083637138, 1.231356510644334934 ) ) ;
#102 = CARTESIAN_POINT ( 'NONE',  ( -33.91361380415754212, 20.25855393544635419, 9.001900396621971723 ) ) ;
#103 = ADVANCED_FACE ( 'NONE', ( #1969 ), #1945, .T. ) ;
#104 = CARTESIAN_POINT ( 'NONE',  ( -33.99397835590764316, 20.32566499770247148, -8.320388909801446076 ) ) ;
#105 = CARTESIAN_POINT ( 'NONE',  ( -39.56571728214724715, 6.572996832456834859, -8.195514397244563654 ) ) ;
#106 = CARTESIAN_POINT ( 'NONE',  ( -34.90771204359447921, 19.10079824305557139, 7.095550742189208115 ) ) ;
#107 = CARTESIAN_POINT ( 'NONE',  ( -33.48432280114487725, 21.04209002833858122, -8.678220063106001803 ) ) ;
#108 = CARTESIAN_POINT ( 'NONE',  ( -30.56378366429043680, 21.42867683708824345, 8.308770693449343270 ) ) ;
#109 = CARTESIAN_POINT ( 'NONE',  ( -29.46322957653613983, 23.47063778671422796, -6.207066398577038235 ) ) ;
#110 = ORIENTED_EDGE ( 'NONE', *, *, #2119, .F. ) ;
#111 = CARTESIAN_POINT ( 'NONE',  ( -39.93099465116645064, 10.36793716495176376, 5.676014301144613564E-05 ) ) ;
#112 = CARTESIAN_POINT ( 'NONE',  ( -31.42522786787250411, 20.13288672494288534, 1.222915178355681309 ) ) ;
#113 = SURFACE_STYLE_USAGE ( .BOTH. , #2037 ) ;
#114 = CARTESIAN_POINT ( 'NONE',  ( -33.64112380861438112, 20.11251500268191705, 8.929560784006058682 ) ) ;
#115 = ADVANCED_FACE ( 'NONE', ( #707 ), #1183, .T. ) ;
#116 = CARTESIAN_POINT ( 'NONE',  ( -32.94055323230490018, 17.91005041002699372, 6.999920847044608152 ) ) ;
#117 = CARTESIAN_POINT ( 'NONE',  ( -38.52571848717748537, 6.572996832456838412, 14.36104515279771832 ) ) ;
#118 = DIRECTION ( 'NONE',  ( 9.107478660119677622E-09, 0.000000000000000000, -1.000000000000000000 ) ) ;
#119 = VECTOR ( 'NONE', #882, 1000.000000000000000 ) ;
#120 = CARTESIAN_POINT ( 'NONE',  ( -32.05637869172119991, 18.16785038642278494, 10.47877878760999337 ) ) ;
#121 = CARTESIAN_POINT ( 'NONE',  ( -30.27335929945945736, 19.12292045620286629, -10.94694086463353067 ) ) ;
#122 = ORIENTED_EDGE ( 'NONE', *, *, #1309, .F. ) ;
#123 = EDGE_CURVE ( 'NONE', #947, #1375, #1185, .T. ) ;
#124 = CARTESIAN_POINT ( 'NONE',  ( 33.28520737522691064, 10.36793716495175843, 24.56893319661410757 ) ) ;
#125 = CARTESIAN_POINT ( 'NONE',  ( -29.27607317392086372, 23.47063778671423151, 6.205367013212289784 ) ) ;
#126 = AXIS2_PLACEMENT_3D ( 'NONE', #2501, #156, #2712 ) ;
#127 = CARTESIAN_POINT ( 'NONE',  ( -31.42522784559858451, 19.84192218942856201, -1.222757444854319475 ) ) ;
#128 = CARTESIAN_POINT ( 'NONE',  ( -32.54147725409498548, 21.34294496317990664, -8.401918963304604304 ) ) ;
#129 = CARTESIAN_POINT ( 'NONE',  ( -36.97793790795736868, 6.572996832456838412, 19.69666712415104115 ) ) ;
#130 = CARTESIAN_POINT ( 'NONE',  ( -30.44169086771712429, 21.42821783847807282, 8.309306470065106254 ) ) ;
#131 = CARTESIAN_POINT ( 'NONE',  ( -32.78567350432955863, 21.61175392953017038, -8.059878964228509801 ) ) ;
#132 = ADVANCED_FACE ( 'NONE', ( #736 ), #1270, .F. ) ;
#133 = DIRECTION ( 'NONE',  ( -1.000000000000000000, 0.000000000000000000, 0.000000000000000000 ) ) ;
#134 = EDGE_CURVE ( 'NONE', #1265, #1052, #2148, .T. ) ;
#135 = ORIENTED_EDGE ( 'NONE', *, *, #2099, .F. ) ;
#136 = CARTESIAN_POINT ( 'NONE',  ( 38.20000053929234696, 10.36793716495175843, -0.9675849595350541898 ) ) ;
#137 = CARTESIAN_POINT ( 'NONE',  ( -29.69836577739105365, 21.81446674471534308, -10.25105648711202910 ) ) ;
#138 = CARTESIAN_POINT ( 'NONE',  ( -31.58415727433469655, 19.01017077099691122, -1.773184322190932916 ) ) ;
#139 = CARTESIAN_POINT ( 'NONE',  ( -32.76811573132680167, 20.85713475787171944, -8.835578216205147939 ) ) ;
#140 = CARTESIAN_POINT ( 'NONE',  ( 38.19999999999998153, -4.814824860968089633E-31, -1.084202172485504434E-16 ) ) ;
#141 = CARTESIAN_POINT ( 'NONE',  ( -30.13626211668000465, 21.54975373729159216, -0.8575098767555445756 ) ) ;
#142 = CARTESIAN_POINT ( 'NONE',  ( -31.54454214884756169, 19.70364646662018160, -8.990091758382595444 ) ) ;
#143 = CARTESIAN_POINT ( 'NONE',  ( -34.21616393147005653, 17.91005041002700082, -7.000079152955387407 ) ) ;
#144 = CARTESIAN_POINT ( 'NONE',  ( -30.45726905776535176, 21.89444745847182716, 7.287398881905248871 ) ) ;
#145 = EDGE_LOOP ( 'NONE', ( #2081, #172, #2640, #2288, #2167 ) ) ;
#146 = CARTESIAN_POINT ( 'NONE',  ( 13.56104547351247547, 10.36793716495176199, 37.72571842509400852 ) ) ;
#147 = CARTESIAN_POINT ( 'NONE',  ( -30.45162678083003271, 20.95291139646680634, 2.114581561396143172 ) ) ;
#148 = CARTESIAN_POINT ( 'NONE',  ( -31.42522784559857740, 20.13288672494286402, -1.222757444854317033 ) ) ;
#149 = CARTESIAN_POINT ( 'NONE',  ( -32.41471601498501087, 21.67074774744490639, 7.959310728474052965 ) ) ;
#150 = CARTESIAN_POINT ( 'NONE',  ( -29.28484903452883970, 23.00841825589750300, 8.554382825729973661 ) ) ;
#151 = CARTESIAN_POINT ( 'NONE',  ( -30.62966484218182472, 21.02907044091623945, 8.679352466603996064 ) ) ;
#152 = CARTESIAN_POINT ( 'NONE',  ( -31.99751728864957911, 19.03236206033033184, -8.797534447874507890 ) ) ;
#153 = CARTESIAN_POINT ( 'NONE',  ( -33.36742957842093915, 17.76553675124049647, 5.350862962898276948E-07 ) ) ;
#154 = ORIENTED_EDGE ( 'NONE', *, *, #2363, .F. ) ;
#155 = CARTESIAN_POINT ( 'NONE',  ( 18.88774550277044995, -2.988106657282157012E-15, -36.18086517688389137 ) ) ;
#156 = DIRECTION ( 'NONE',  ( -1.000000000000000000, 0.000000000000000000, 0.000000000000000000 ) ) ;
#157 = CARTESIAN_POINT ( 'NONE',  ( -31.42522784598731533, 20.20180325176650271, -1.219032688024188849 ) ) ;
#158 = ORIENTED_EDGE ( 'NONE', *, *, #2363, .T. ) ;
#159 = CARTESIAN_POINT ( 'NONE',  ( -34.37048839073894868, 19.74227616749589842, 8.179987513868262283 ) ) ;
#160 = CARTESIAN_POINT ( 'NONE',  ( -15.16104511128962606, 8.090445022145681655E-17, -37.72571847747009599 ) ) ;
#161 = CARTESIAN_POINT ( 'NONE',  ( -32.42902150691409702, 18.44134479674304927, 8.358202028021217700 ) ) ;
#162 = CARTESIAN_POINT ( 'NONE',  ( -32.80647138224843928, 17.99773927573641075, -7.593554657798783580 ) ) ;
#163 = UNCERTAINTY_MEASURE_WITH_UNIT (LENGTH_MEASURE( 1.000000000000000082E-05 ), #1866, 'distance_accuracy_value', 'NONE');
#164 = FACE_OUTER_BOUND ( 'NONE', #1033, .T. ) ;
#165 = CARTESIAN_POINT ( 'NONE',  ( -31.61481943875980960, 17.49508138086137876, -9.245035931296728293 ) ) ;
#166 = CARTESIAN_POINT ( 'NONE',  ( -29.78354120860879917, 21.65224566166842735, 10.36402848104142116 ) ) ;
#167 = CARTESIAN_POINT ( 'NONE',  ( -32.62687943158778126, 18.18923193297937146, 8.053885093297711961 ) ) ;
#168 = ORIENTED_EDGE ( 'NONE', *, *, #1606, .F. ) ;
#169 = CARTESIAN_POINT ( 'NONE',  ( -25.36365792774719452, 6.572996832456832195, 34.08800727911785344 ) ) ;
#170 = CARTESIAN_POINT ( 'NONE',  ( -31.59969294997477718, 18.98585479938618548, 1.705376750301773603 ) ) ;
#171 = CARTESIAN_POINT ( 'NONE',  ( -31.50939735302946687, 19.27961717723073676, -2.591028629109318321E-06 ) ) ;
#172 = ORIENTED_EDGE ( 'NONE', *, *, #2321, .T. ) ;
#173 = CARTESIAN_POINT ( 'NONE',  ( -28.96152316646724145, 21.19534580607648877, -10.62765997222722625 ) ) ;
#174 = DIRECTION ( 'NONE',  ( 1.000000000000000000, 2.891205793294662056E-15, 1.445602896647331028E-15 ) ) ;
#175 = CARTESIAN_POINT ( 'NONE',  ( -31.43486539903486587, 19.25470630573202513, -2.118411092595411382 ) ) ;
#176 = EDGE_CURVE ( 'NONE', #2111, #326, #1378, .T. ) ;
#177 = CARTESIAN_POINT ( 'NONE',  ( -31.47101416499554460, 19.31985279444206682, 1.500254497023883360 ) ) ;
#178 = CARTESIAN_POINT ( 'NONE',  ( 17.75029773891473539, 26.99999999999999645, 23.29320854910542593 ) ) ;
#179 = CARTESIAN_POINT ( 'NONE',  ( -29.29999541494278859, 21.91005041002700082, -7.000079152955389183 ) ) ;
#180 = CARTESIAN_POINT ( 'NONE',  ( -30.97356377772767999, 19.24576897238228312, -7.573177761345068149 ) ) ;
#181 = B_SPLINE_CURVE_WITH_KNOTS ( 'NONE', 3,
 ( #2280, #345, #2087, #159, #1206, #1857, #2061, #2692, #1216, #1011, #2516, #1457 ),
 .UNSPECIFIED., .F., .F.,
 ( 4, 2, 2, 2, 2, 4 ),
 ( 0.000000000000000000, 0.0005313467129231672558, 0.001062693425846334512, 0.001328366782307921230, 0.001594040138769508164, 0.002125386851692675962 ),
 .UNSPECIFIED. ) ;
#182 = VERTEX_POINT ( 'NONE', #2237 ) ;
#183 = CARTESIAN_POINT ( 'NONE',  ( 38.19999946069729191, 6.572996832456839300, 0.9676035344678741712 ) ) ;
#184 = CARTESIAN_POINT ( 'NONE',  ( -31.46717578050073172, 19.33533847200652644, -1.490960397659281789 ) ) ;
#185 = CARTESIAN_POINT ( 'NONE',  ( -32.90122045002938478, 17.91005041002700438, -7.287578671577521483 ) ) ;
#186 = CARTESIAN_POINT ( 'NONE',  ( -34.20476484919908700, 17.91005041002700082, -7.137442031521844754 ) ) ;
#187 = CARTESIAN_POINT ( 'NONE',  ( -31.80415466016242476, 19.31312820506115102, 8.909002782463819159 ) ) ;
#188 = EDGE_CURVE ( 'NONE', #2549, #2553, #1917, .T. ) ;
#189 = CARTESIAN_POINT ( 'NONE',  ( 6.526023497338094614, 26.99999999999999289, 29.05732671434856940 ) ) ;
#190 = CARTESIAN_POINT ( 'NONE',  ( -30.50000251025384657, 21.91005041002700082, -7.000079152955385631 ) ) ;
#191 = CARTESIAN_POINT ( 'NONE',  ( -29.39405419699440358, 22.51825286979850915, 9.504041355473383135 ) ) ;
#192 = CARTESIAN_POINT ( 'NONE',  ( -31.95273589900165234, 18.92080148537617035, 8.742469860873011811 ) ) ;
#193 = ORIENTED_EDGE ( 'NONE', *, *, #522, .F. ) ;
#194 = STYLED_ITEM ( 'NONE', ( #2481 ), #305 ) ;
#195 = CARTESIAN_POINT ( 'NONE',  ( 7.396988043970690541, 6.572996832456840188, 38.76579530383209971 ) ) ;
#196 = CARTESIAN_POINT ( 'NONE',  ( -31.46512090330688594, 19.34393111534060594, -1.485889850851699556 ) ) ;
#197 = CARTESIAN_POINT ( 'NONE',  ( -27.28579343724318917, 23.46059775900611655, 10.61193443799356118 ) ) ;
#198 = B_SPLINE_SURFACE_WITH_KNOTS ( 'NONE', 3, 1, ( 
 ( #2189, #1120 ),
 ( #911, #1772 ),
 ( #2618, #710 ),
 ( #1232, #1879 ),
 ( #1612, #357 ),
 ( #1243, #149 ),
 ( #999, #2670 ),
 ( #1635, #2103 ),
 ( #792, #545 ),
 ( #977, #1406 ),
 ( #1192, #2717 ),
 ( #1868, #2074 ),
 ( #989, #1661 ),
 ( #964, #2702 ),
 ( #571, #558 ),
 ( #763, #1647 ) ),
 .UNSPECIFIED., .F., .F., .F.,
 ( 4, 2, 2, 2, 2, 2, 2, 4 ),
 ( 2, 2 ),
 ( 0.000000000000000000, 0.06250000000000066613, 0.1250000000000013323, 0.1875000000000019984, 0.2500000000000026645, 0.3750000000000034417, 0.4375000000000031086, 0.4914240853816317367 ),
 ( 0.000000000000000000, 1.000000000000000000 ),
 .UNSPECIFIED. ) ;
#199 = CARTESIAN_POINT ( 'NONE',  ( -32.00120462776879293, 19.02655786049240305, -8.798369283413130404 ) ) ;
#200 = CARTESIAN_POINT ( 'NONE',  ( -15.15903637718100505, 2.754083472225141279E-15, 37.72608577892612658 ) ) ;
#201 = CARTESIAN_POINT ( 'NONE',  ( -31.08796995627895043, 20.43600375557149107, 8.929728488173653389 ) ) ;
#202 = CARTESIAN_POINT ( 'NONE',  ( -30.14579525212415234, 21.54828862054346317, -8.691128682101314631E-06 ) ) ;
#203 = ORIENTED_EDGE ( 'NONE', *, *, #522, .T. ) ;
#204 = CARTESIAN_POINT ( 'NONE',  ( -31.30689938034374009, 21.29899682513802972, 3.714159174885629078 ) ) ;
#205 = CARTESIAN_POINT ( 'NONE',  ( -33.98678144966137182, 20.33753576928628348, 8.320213735835602975 ) ) ;
#206 = CARTESIAN_POINT ( 'NONE',  ( -35.39323560918233369, 19.08621285910308529, 3.317903788855057957E-07 ) ) ;
#207 = CARTESIAN_POINT ( 'NONE',  ( -30.95904221507563747, 20.44457127326625212, 8.931190273772109833 ) ) ;
#208 = ORIENTED_EDGE ( 'NONE', *, *, #1986, .F. ) ;
#209 = CARTESIAN_POINT ( 'NONE',  ( -15.15903637718098551, 6.572996832456841965, 37.72608577892614079 ) ) ;
#210 = CARTESIAN_POINT ( 'NONE',  ( -30.44785831136009691, 21.85135620413653257, -7.486070773901074560 ) ) ;
#211 = CARTESIAN_POINT ( 'NONE',  ( -28.20034267703227115, 23.27844000491750620, -7.790364750922099013 ) ) ;
#212 = ORIENTED_EDGE ( 'NONE', *, *, #2662, .T. ) ;
#213 = CARTESIAN_POINT ( 'NONE',  ( -31.14955505683145631, 20.31816350441171792, -9.016134346756585316 ) ) ;
#214 = CARTESIAN_POINT ( 'NONE',  ( -31.13962095885434067, 19.45163152148889907, -10.96623125238932239 ) ) ;
#215 = CARTESIAN_POINT ( 'NONE',  ( -31.46168199308459990, 19.83188887558440427, 8.998395417472792701 ) ) ;
#216 = B_SPLINE_CURVE_WITH_KNOTS ( 'NONE', 3,
 ( #2179, #446, #945, #459, #901, #667, #2608, #702, #2638, #1551 ),
 .UNSPECIFIED., .F., .F.,
 ( 4, 2, 2, 2, 4 ),
 ( -5.999999997738966772E-08, 0.0007996131076456590046, 0.001599286215291293150, 0.002398959322936926753, 0.003198632430582560356 ),
 .UNSPECIFIED. ) ;
#217 = CARTESIAN_POINT ( 'NONE',  ( 23.78156542430928866, 5.675280747238560903E-15, 34.08139671492534717 ) ) ;
#218 = CARTESIAN_POINT ( 'NONE',  ( -8.761790493781406397, 17.18450006625664983, 36.28993131774513614 ) ) ;
#219 = CARTESIAN_POINT ( 'NONE',  ( -30.73002429953803016, 20.45733387638905398, 2.429733123765782210 ) ) ;
#220 = CARTESIAN_POINT ( 'NONE',  ( -30.22279762216050969, 21.29838916690588135, -3.745194831760802145 ) ) ;
#221 = CARTESIAN_POINT ( 'NONE',  ( -32.78039219227181889, 21.91005041002700082, -7.000079152955387407 ) ) ;
#222 = VERTEX_POINT ( 'NONE', #2024 ) ;
#223 = CARTESIAN_POINT ( 'NONE',  ( -31.59902254756705986, 19.02183970738826702, 1.139982627416825656 ) ) ;
#224 = DIRECTION ( 'NONE',  ( 9.107478660119735525E-09, 0.000000000000000000, -1.000000000000000000 ) ) ;
#225 = ORIENTED_EDGE ( 'NONE', *, *, #957, .T. ) ;
#226 = EDGE_CURVE ( 'NONE', #2197, #1130, #2697, .T. ) ;
#227 = CARTESIAN_POINT ( 'NONE',  ( -30.85926597694898987, 27.00000000000000355, -0.0002148530352487619825 ) ) ;
#228 = CARTESIAN_POINT ( 'NONE',  ( -28.48386302871541886, 22.09741042170517744, -10.02398603872197747 ) ) ;
#229 = CARTESIAN_POINT ( 'NONE',  ( -28.33616646903581326, 22.46073505533677661, -9.601691543176132271 ) ) ;
#230 = CARTESIAN_POINT ( 'NONE',  ( -30.60310575293453184, 21.33903006426894322, 8.406452054317144373 ) ) ;
#231 = CARTESIAN_POINT ( 'NONE',  ( -30.13930569205898991, 21.54928692239246857, 0.6939502168903115553 ) ) ;
#232 = CARTESIAN_POINT ( 'NONE',  ( 38.19999999999999574, 10.36793716495175843, 5.421010862427522170E-17 ) ) ;
#233 = CARTESIAN_POINT ( 'NONE',  ( -31.42522786459289819, 20.61845381316846115, 0.8596990019905131897 ) ) ;
#234 = LINE ( 'NONE', #1740, #1827 ) ;
#235 = CARTESIAN_POINT ( 'NONE',  ( -32.92092470506936763, 17.91005041002699727, 7.143548856183703499 ) ) ;
#236 = VERTEX_POINT ( 'NONE', #1826 ) ;
#237 = CARTESIAN_POINT ( 'NONE',  ( -31.41164267484641925, 19.91004525983825246, -9.000075682607619143 ) ) ;
#238 = CARTESIAN_POINT ( 'NONE',  ( -28.21047775817733338, 23.00841825589760603, 8.554382825729735629 ) ) ;
#239 = CARTESIAN_POINT ( 'NONE',  ( -33.51110205871078307, 19.40389377244528291, 8.951809420543808571 ) ) ;
#240 = VERTEX_POINT ( 'NONE', #937 ) ;
#241 = CARTESIAN_POINT ( 'NONE',  ( 28.78123507064868747, 27.00000000000001066, 3.508436639179045802 ) ) ;
#242 = CARTESIAN_POINT ( 'NONE',  ( -30.01463663737902010, 21.22160638569711111, -10.87279495595325152 ) ) ;
#243 = CARTESIAN_POINT ( 'NONE',  ( -30.46478845266060631, 21.71283281948227994, 7.866654259035840369 ) ) ;
#244 = CARTESIAN_POINT ( 'NONE',  ( -32.42668667375357217, 17.47999999999989740, 1.236959617577326348E-06 ) ) ;
#245 = CIRCLE ( 'NONE', #1464, 1.999999999999998890 ) ;
#246 = CARTESIAN_POINT ( 'NONE',  ( -32.70480865693637185, 17.18450006625665338, -23.33298262979385029 ) ) ;
#247 = CARTESIAN_POINT ( 'NONE',  ( -30.58537182289507683, 20.81471296630860479, 0.7057580979929626297 ) ) ;
#248 = CARTESIAN_POINT ( 'NONE',  ( -34.05126339526148627, 18.14875969558243085, 7.957574363533590933 ) ) ;
#249 = CARTESIAN_POINT ( 'NONE',  ( -32.54248064437466326, 21.34084832075379978, 8.403796925743828083 ) ) ;
#250 = EDGE_LOOP ( 'NONE', ( #2020, #2275, #2564, #653 ) ) ;
#251 = CARTESIAN_POINT ( 'NONE',  ( -34.68064632043239470, 19.02529961071546794, -8.862113413262584061 ) ) ;
#252 = CARTESIAN_POINT ( 'NONE',  ( -30.92050793411398146, 20.72511428211179663, -8.826996177528133813 ) ) ;
#253 = CARTESIAN_POINT ( 'NONE',  ( -30.33586615242234785, 21.16352382955196632, -1.887687148043601493 ) ) ;
#254 = EDGE_LOOP ( 'NONE', ( #30, #158, #1950, #885, #1645 ) ) ;
#255 = CARTESIAN_POINT ( 'NONE',  ( 27.96368179571675583, 27.00000000000000000, 8.079415264747803249 ) ) ;
#256 = CARTESIAN_POINT ( 'NONE',  ( -29.56696811108927037, 23.52000002256761846, -5.395986144365521042 ) ) ;
#257 = CARTESIAN_POINT ( 'NONE',  ( -35.56794505021262154, 17.91005041002700082, 7.186856732276021731 ) ) ;
#258 = CARTESIAN_POINT ( 'NONE',  ( -34.21621290828182538, 17.91005041002699372, 6.999920847044609928 ) ) ;
#259 = CARTESIAN_POINT ( 'NONE',  ( 38.15568745788039706, -2.594674061833243002E-15, 3.901674256157392495 ) ) ;
#260 = CARTESIAN_POINT ( 'NONE',  ( -33.29183202111290285, 17.91005041002697951, 2.333306497402971580 ) ) ;
#261 = CARTESIAN_POINT ( 'NONE',  ( -24.15015433195055294, 17.18450006625665694, -31.89808827264128865 ) ) ;
#262 = CARTESIAN_POINT ( 'NONE',  ( -29.46351492116336601, 23.47063778671422085, 6.205367013211797733 ) ) ;
#263 = CARTESIAN_POINT ( 'NONE',  ( -35.56794505021258601, 17.91005041002704701, 7.186856732276006632 ) ) ;
#264 = CARTESIAN_POINT ( 'NONE',  ( -33.25885466548754010, 20.01488754013243110, 8.999590235489016266 ) ) ;
#265 = B_SPLINE_CURVE_WITH_KNOTS ( 'NONE', 3,
 ( #1129, #663, #1060, #1475, #191, #2299, #1927, #1886, #166, #429, #3, #854, #2314, #2345, #14, #2109 ),
 .UNSPECIFIED., .F., .F.,
 ( 4, 2, 2, 2, 2, 2, 2, 4 ),
 ( 0.001837610173227965113, 0.002481367001500750860, 0.003125123829773536824, 0.003768880658046322787, 0.004412637486319107884, 0.005700151142864672005, 0.006343907971137451897, 0.006987664799410231789 ),
 .UNSPECIFIED. ) ;
#266 = B_SPLINE_CURVE_WITH_KNOTS ( 'NONE', 3,
 ( #262, #306, #62, #1396, #942, #1122 ),
 .UNSPECIFIED., .F., .F.,
 ( 4, 2, 4 ),
 ( 1.504141304261615527E-16, 0.001202271781107791060, 0.002404543562215431633 ),
 .UNSPECIFIED. ) ;
#267 = CARTESIAN_POINT ( 'NONE',  ( -34.89507123770736996, 19.10113583108638124, -7.185371346163154982 ) ) ;
#268 = CARTESIAN_POINT ( 'NONE',  ( -30.02182491288233024, 23.47063778671426704, -1.536111618756025188E-05 ) ) ;
#269 = CARTESIAN_POINT ( 'NONE',  ( -31.58415332805117259, 19.01015680336191949, 1.773360854053643410 ) ) ;
#270 = CARTESIAN_POINT ( 'NONE',  ( -31.59865548796812718, 19.04013857134616217, -2.272939156285759726E-06 ) ) ;
#271 = ORIENTED_EDGE ( 'NONE', *, *, #1226, .T. ) ;
#272 = CARTESIAN_POINT ( 'NONE',  ( -29.02344077775116205, 17.18450006625664983, -28.20003075378845381 ) ) ;
#273 = CARTESIAN_POINT ( 'NONE',  ( -30.44411506406699885, 21.83430518681939603, -7.563776529876897747 ) ) ;
#274 = CARTESIAN_POINT ( 'NONE',  ( -30.05507578664558466, 19.45163152148890262, -10.96623125238932062 ) ) ;
#275 = CARTESIAN_POINT ( 'NONE',  ( -34.02930541552338894, 21.51591973846434769, 3.263426560632360344E-07 ) ) ;
#276 = CARTESIAN_POINT ( 'NONE',  ( -28.75805785487766286, 23.47063778671422796, -4.147787003725857957 ) ) ;
#277 = CARTESIAN_POINT ( 'NONE',  ( -14.63756229265233166, 17.18450006625666049, 35.29377454733702280 ) ) ;
#278 = CARTESIAN_POINT ( 'NONE',  ( -29.56476336940870198, 23.52404298980279052, 5.392205107795356334 ) ) ;
#279 = LINE ( 'NONE', #1990, #119 ) ;
#280 = ADVANCED_FACE ( 'NONE', ( #1161 ), #950, .T. ) ;
#281 = CARTESIAN_POINT ( 'NONE',  ( -31.66747160715310727, 18.88124323277938643, 1.374287496790403518 ) ) ;
#282 = CARTESIAN_POINT ( 'NONE',  ( -32.75413728392283730, 21.83520936483346730, -7.560417747127216259 ) ) ;
#283 = ORIENTED_EDGE ( 'NONE', *, *, #1098, .T. ) ;
#284 = CARTESIAN_POINT ( 'NONE',  ( 11.33604077938601939, 27.00000000000000355, 27.20101231242266593 ) ) ;
#285 = CARTESIAN_POINT ( 'NONE',  ( -31.30645206507430700, 19.20153282435858344, -11.13904230205225154 ) ) ;
#286 = CARTESIAN_POINT ( 'NONE',  ( -34.53720358688895686, 17.91005041002700082, -4.678895912732305540 ) ) ;
#287 = CARTESIAN_POINT ( 'NONE',  ( -33.51582071716059374, 21.20174654781748202, 7.948250264769300522 ) ) ;
#288 = CARTESIAN_POINT ( 'NONE',  ( -33.14586257618580589, 17.91005041002698661, 4.666613345418284098 ) ) ;
#289 = CARTESIAN_POINT ( 'NONE',  ( 38.15569304257446959, 6.572996832456831307, -3.901614992551775796 ) ) ;
#290 = CARTESIAN_POINT ( 'NONE',  ( -31.95752897941871140, 18.92071814958526943, 8.742417223715746033 ) ) ;
#291 = CARTESIAN_POINT ( 'NONE',  ( -33.42561674722598042, 21.46186811734419564, -7.526246993814225128 ) ) ;
#292 = CARTESIAN_POINT ( 'NONE',  ( -30.74816365750439218, 21.91005041002701859, 4.666610011231151489 ) ) ;
#293 = CARTESIAN_POINT ( 'NONE',  ( -34.11420491367758245, 18.03239969185462499, -7.702466537666459168 ) ) ;
#294 = CARTESIAN_POINT ( 'NONE',  ( -30.73012977747427499, 21.07750561888317264, -8.628984896600508492 ) ) ;
#295 = CARTESIAN_POINT ( 'NONE',  ( -32.42699808228015712, 21.91005041002699016, -7.000079152955385631 ) ) ;
#296 = ORIENTED_EDGE ( 'NONE', *, *, #123, .F. ) ;
#297 = CARTESIAN_POINT ( 'NONE',  ( -31.42600783543270637, 19.58916240084700533, 1.342306192500633655 ) ) ;
#298 = CARTESIAN_POINT ( 'NONE',  ( 33.04463188691666176, 17.18450006625666404, 18.83314700860450586 ) ) ;
#299 = CARTESIAN_POINT ( 'NONE',  ( -31.07361436533581056, 19.54068743825274623, -10.97145749767336298 ) ) ;
#300 = CARTESIAN_POINT ( 'NONE',  ( -30.14579525212415234, 21.54828862054346317, -8.691128682101314631E-06 ) ) ;
#301 = CARTESIAN_POINT ( 'NONE',  ( -31.42522786807485602, 19.75626916834223579, 1.245134010631417265 ) ) ;
#302 = CARTESIAN_POINT ( 'NONE',  ( -33.23773128058385851, 20.13807134578160074, 9.001224183971389792 ) ) ;
#303 = CARTESIAN_POINT ( 'NONE',  ( -31.42522786216998298, 19.73296321993382918, 0.5967783188696024199 ) ) ;
#304 = CARTESIAN_POINT ( 'NONE',  ( -8.996988473429878397, 6.572996832456838412, -38.76579547544031357 ) ) ;
#305 = MANIFOLD_SOLID_BREP ( 'Button L', #921 ) ;
#306 = CARTESIAN_POINT ( 'NONE',  ( -29.39086001201495790, 23.47063778671423506, 6.605049468453717765 ) ) ;
#307 = CARTESIAN_POINT ( 'NONE',  ( -32.28755097925505879, 18.62823543935462922, -8.539190669503064157 ) ) ;
#308 = CARTESIAN_POINT ( 'NONE',  ( -34.90766353005077605, 19.10079486277122740, -7.095719509564760052 ) ) ;
#309 = ADVANCED_FACE ( 'NONE', ( #1673 ), #1761, .F. ) ;
#310 = VERTEX_POINT ( 'NONE', #2502 ) ;
#311 = CARTESIAN_POINT ( 'NONE',  ( 23.76894969407147329, 10.36793716495176731, -34.08521515132503055 ) ) ;
#312 = CARTESIAN_POINT ( 'NONE',  ( -31.22097263173891335, 19.61342424629355108, 2.369123110811234945 ) ) ;
#313 = FILL_AREA_STYLE ('',( #1621 ) ) ;
#314 = CARTESIAN_POINT ( 'NONE',  ( -33.99393883019151730, 20.32584014091681723, 8.320224416094298192 ) ) ;
#315 = ADVANCED_FACE ( 'NONE', ( #1890 ), #2226, .T. ) ;
#316 = CARTESIAN_POINT ( 'NONE',  ( -33.26921741641355368, 21.52368934448483628, 8.188887830635877663 ) ) ;
#317 = DIRECTION ( 'NONE',  ( -0.1608814942738034659, 2.707732203325552877E-14, -0.9869737305522515713 ) ) ;
#318 = CARTESIAN_POINT ( 'NONE',  ( 13.55904588468191463, 6.572996832456836636, -37.72607904215553276 ) ) ;
#319 = CARTESIAN_POINT ( 'NONE',  ( -31.42522785015232500, 20.13288672494288534, -0.7227574448543184760 ) ) ;
#320 = CARTESIAN_POINT ( 'NONE',  ( -33.51465042540280592, 21.20308143014861102, -7.950096631424772298 ) ) ;
#321 = B_SPLINE_CURVE_WITH_KNOTS ( 'NONE', 3,
 ( #2482, #557, #1418, #1205, #988, #1856, #356, #2073, #998, #1867, #791, #1646 ),
 .UNSPECIFIED., .F., .F.,
 ( 4, 2, 2, 2, 2, 4 ),
 ( 0.000000000000000000, 0.0008071554282005127465, 0.001614310856401025493, 0.002421466284601538239, 0.002825043998701797648, 0.003228621712802057491 ),
 .UNSPECIFIED. ) ;
#322 = ADVANCED_FACE ( 'NONE', ( #1051 ), #1113, .T. ) ;
#323 = CARTESIAN_POINT ( 'NONE',  ( -32.36883470702981924, 17.47999999999991516, 2.984849311874614664 ) ) ;
#324 = CARTESIAN_POINT ( 'NONE',  ( 42.87813405840697811, 19.91005041002700082, -7.000079152955389183 ) ) ;
#325 = CARTESIAN_POINT ( 'NONE',  ( -35.39323560918233369, 19.08621285910308529, 3.317903788855057957E-07 ) ) ;
#326 = VERTEX_POINT ( 'NONE', #2566 ) ;
#327 = CARTESIAN_POINT ( 'NONE',  ( -15.16104511128962606, 10.36793716495176021, -37.72571847747011020 ) ) ;
#328 = CARTESIAN_POINT ( 'NONE',  ( -31.42522785015232500, 19.68721409511088538, -0.7227574448543185870 ) ) ;
#329 = CARTESIAN_POINT ( 'NONE',  ( -33.48376880988883642, 21.04374282189854739, 8.675858863458900672 ) ) ;
#330 = EDGE_CURVE ( 'NONE', #819, #1081, #2426, .T. ) ;
#331 = CARTESIAN_POINT ( 'NONE',  ( -32.39152888419755527, 21.89511803021523306, -7.282431565146665342 ) ) ;
#332 = CARTESIAN_POINT ( 'NONE',  ( 38.19999946069729191, 6.572996832456839300, 0.9676035344678741712 ) ) ;
#333 = CARTESIAN_POINT ( 'NONE',  ( -31.64814641372485582, 19.36679174898999278, 8.928449890873391581 ) ) ;
#334 = CARTESIAN_POINT ( 'NONE',  ( -33.29183223256437429, 17.91005041002698661, 1.960970407865516169E-07 ) ) ;
#335 = EDGE_CURVE ( 'NONE', #746, #984, #2616, .T. ) ;
#336 = CARTESIAN_POINT ( 'NONE',  ( -30.47406768432889379, 21.91005041002701148, 7.142785647526673998 ) ) ;
#337 = AXIS2_PLACEMENT_3D ( 'NONE', #2228, #2422, #1381 ) ;
#338 = CARTESIAN_POINT ( 'NONE',  ( -32.26902697770582051, 17.90947198249252992, 10.20929835993196733 ) ) ;
#339 = VERTEX_POINT ( 'NONE', #1080 ) ;
#340 = CARTESIAN_POINT ( 'NONE',  ( 7.396988043970690541, 10.36793716495175843, 38.76579530383209971 ) ) ;
#341 = FACE_OUTER_BOUND ( 'NONE', #1306, .T. ) ;
#342 = VECTOR ( 'NONE', #1637, 1000.000000000000000 ) ;
#343 = CARTESIAN_POINT ( 'NONE',  ( -31.42522784559858451, 19.84200752578149363, -1.222757444854319475 ) ) ;
#344 = APPLICATION_PROTOCOL_DEFINITION ( 'draft international standard', 'automotive_design', 1998, #1522 ) ;
#345 = CARTESIAN_POINT ( 'NONE',  ( -34.08806073247810531, 20.17221290255712773, 8.319625285726143460 ) ) ;
#346 = CARTESIAN_POINT ( 'NONE',  ( 38.15568745788040417, 6.572996832456837524, 3.901674256157392939 ) ) ;
#347 = CARTESIAN_POINT ( 'NONE',  ( -32.84149109462116201, 17.96635103037400327, 7.476200925995275526 ) ) ;
#348 = CARTESIAN_POINT ( 'NONE',  ( -32.99769494723336294, 20.84259754621689709, -8.786777925900507213 ) ) ;
#349 = CARTESIAN_POINT ( 'NONE',  ( -31.45398655661171006, 19.39353165252023814, 1.456833799309452449 ) ) ;
#350 = CARTESIAN_POINT ( 'NONE',  ( -32.81044040911749704, 21.60046415379563101, -8.077953937102938298 ) ) ;
#351 = CARTESIAN_POINT ( 'NONE',  ( -34.02549353635639307, 20.06481653315868385, -9.044372019140348939 ) ) ;
#352 = ORIENTED_EDGE ( 'NONE', *, *, #2662, .F. ) ;
#353 = B_SPLINE_CURVE_WITH_KNOTS ( 'NONE', 3,
 ( #1807, #758, #649, #1910, #1501, #428 ),
 .UNSPECIFIED., .F., .F.,
 ( 4, 2, 4 ),
 ( 0.000000000000000000, 0.001201919251234428738, 0.002403838502468857476 ),
 .UNSPECIFIED. ) ;
#354 = CARTESIAN_POINT ( 'NONE',  ( 38.20000053929234696, 6.572996832456837524, -0.9675849595350541898 ) ) ;
#355 = CARTESIAN_POINT ( 'NONE',  ( -32.16867051896647922, 17.98532664582881679, 1.595661908803297482E-07 ) ) ;
#356 = CARTESIAN_POINT ( 'NONE',  ( -32.77574558266686466, 21.64725588422356140, 8.026090948210983456 ) ) ;
#357 = CARTESIAN_POINT ( 'NONE',  ( -32.38605540320385501, 21.78941723261291230, 7.698823132591737561 ) ) ;
#358 = CARTESIAN_POINT ( 'NONE',  ( 36.92566839022033065, -1.083936840169908209E-15, -14.36089281733750767 ) ) ;
#359 = CARTESIAN_POINT ( 'NONE',  ( -32.73324673423869058, 18.07361059111277868, 7.792112278958907012 ) ) ;
#360 = CARTESIAN_POINT ( 'NONE',  ( -30.70876367117886829, 20.11198388899983769, 10.94383543466976150 ) ) ;
#361 = CARTESIAN_POINT ( 'NONE',  ( -30.47521931194698652, 21.66743413718741351, 7.965522310261586192 ) ) ;
#362 = ADVANCED_FACE ( 'NONE', ( #2381 ), #908, .F. ) ;
#363 = ADVANCED_BREP_SHAPE_REPRESENTATION ( 'Orbi_BaseButton', ( #305, #715 ), #1916 ) ;
#364 = ORIENTED_EDGE ( 'NONE', *, *, #606, .T. ) ;
#365 = CARTESIAN_POINT ( 'NONE',  ( -25.38155833458778332, 6.572996832456841076, -34.08139805129601996 ) ) ;
#366 = CARTESIAN_POINT ( 'NONE',  ( -33.01995215938165984, 17.47999999999988319, 7.477745178988881136 ) ) ;
#367 = CARTESIAN_POINT ( 'NONE',  ( -30.22409740652093291, 21.29609450659657099, 3.745263129726740470 ) ) ;
#368 = CARTESIAN_POINT ( 'NONE',  ( -31.00743280127136003, 21.91005041002699372, -1.166688849917417947 ) ) ;
#369 = CARTESIAN_POINT ( 'NONE',  ( -32.38144093614275221, 21.83520936483346730, -7.560417747127216259 ) ) ;
#370 = CARTESIAN_POINT ( 'NONE',  ( -33.83694521743225181, 18.61003753586723164, -8.525461957643305055 ) ) ;
#371 = CARTESIAN_POINT ( 'NONE',  ( -30.51704945800850410, 20.83545023384569106, -2.209267574218822805 ) ) ;
#372 = CARTESIAN_POINT ( 'NONE',  ( 35.67559816683487384, 17.18450006625664628, -3.796755573156886054 ) ) ;
#373 = CARTESIAN_POINT ( 'NONE',  ( -30.11404515436795393, 19.36283269602165191, -10.96101360344082920 ) ) ;
#374 = CARTESIAN_POINT ( 'NONE',  ( -32.15012219643834612, 17.42801872733537394, -5.781737066731571062 ) ) ;
#375 = CARTESIAN_POINT ( 'NONE',  ( -30.44415733377664424, 21.83330913258066985, 7.566975652619065684 ) ) ;
#376 = ORIENTED_EDGE ( 'NONE', *, *, #1456, .T. ) ;
#377 = CARTESIAN_POINT ( 'NONE',  ( 29.19796490280462464, 6.572996832456837524, 29.97818308173410173 ) ) ;
#378 = CARTESIAN_POINT ( 'NONE',  ( -31.45572853418671144, 19.38571306880601242, -1.461286656045808208 ) ) ;
#379 = ADVANCED_FACE ( 'NONE', ( #2208 ), #1341, .F. ) ;
#380 = ORIENTED_EDGE ( 'NONE', *, *, #2244, .T. ) ;
#381 = PLANE ( 'NONE',  #1103 ) ;
#382 = CARTESIAN_POINT ( 'NONE',  ( 29.19796490280462464, -3.193762532080270769E-15, 29.97818308173410173 ) ) ;
#383 = CARTESIAN_POINT ( 'NONE',  ( -30.75570182532942809, 20.79698203153030178, 8.809719123389838202 ) ) ;
#384 = CARTESIAN_POINT ( 'NONE',  ( 27.96322435584596988, 27.00000000000000355, -8.081370497291032962 ) ) ;
#385 = CARTESIAN_POINT ( 'NONE',  ( -31.44241265216584580, 19.46006024522048250, 1.417898846114096001 ) ) ;
#386 = CARTESIAN_POINT ( 'NONE',  ( 27.96322435584596988, 27.00000000000000355, -8.081370497291032962 ) ) ;
#387 = CARTESIAN_POINT ( 'NONE',  ( -32.82538158743009404, 17.91005041002698661, 6.999920847044612593 ) ) ;
#388 = DIRECTION ( 'NONE',  ( -0.000000000000000000, -2.423236642158953265E-16, -1.000000000000000000 ) ) ;
#389 = CARTESIAN_POINT ( 'NONE',  ( -31.64421775261148895, 19.36707911267306415, 8.928535788827369757 ) ) ;
#390 = VERTEX_POINT ( 'NONE', #2708 ) ;
#391 = CARTESIAN_POINT ( 'NONE',  ( 36.92566839022033065, -1.083936840169908209E-15, -14.36089281733750767 ) ) ;
#392 = EDGE_CURVE ( 'NONE', #2366, #828, #2439, .T. ) ;
#393 = CARTESIAN_POINT ( 'NONE',  ( -31.43599907202374766, 19.50755215264749509, -1.389971284184336131 ) ) ;
#394 = CARTESIAN_POINT ( 'NONE',  ( -28.69757003891126601, 21.66954563948685575, -10.36372144182896093 ) ) ;
#395 = CARTESIAN_POINT ( 'NONE',  ( -33.56109730626490517, 19.27865801577364380, -8.902090964992604327 ) ) ;
#396 = CARTESIAN_POINT ( 'NONE',  ( -31.63506592473158108, 19.56542871119144067, 8.971758571901135682 ) ) ;
#397 = CARTESIAN_POINT ( 'NONE',  ( -32.73070724138819543, 18.07622357482111397, -7.798865223643110411 ) ) ;
#398 = B_SPLINE_CURVE_WITH_KNOTS ( 'NONE', 3,
 ( #2200, #926, #1586, #1173, #88, #2631, #1162, #1379, #723, #1572, #1352, #529 ),
 .UNSPECIFIED., .F., .F.,
 ( 4, 2, 2, 2, 2, 4 ),
 ( 0.000000000000000000, 0.0002520015936900666872, 0.0005040031873801333745, 0.001008006374760262412, 0.001512009562140394486, 0.002016012749520526993 ),
 .UNSPECIFIED. ) ;
#399 = ORIENTED_EDGE ( 'NONE', *, *, #808, .T. ) ;
#400 = CARTESIAN_POINT ( 'NONE',  ( -31.67327367103770541, 17.47999999999989029, -8.964455088577139463 ) ) ;
#401 = CARTESIAN_POINT ( 'NONE',  ( -29.46322957653613983, 23.47063778671422796, -6.207066398577038235 ) ) ;
#402 = CARTESIAN_POINT ( 'NONE',  ( -32.00022434503677005, 19.02804627978337848, 8.798985853457063300 ) ) ;
#403 = ORIENTED_EDGE ( 'NONE', *, *, #44, .T. ) ;
#404 = CARTESIAN_POINT ( 'NONE',  ( -30.77464338731231308, 6.572996832456838412, 30.00265458205154445 ) ) ;
#405 = CARTESIAN_POINT ( 'NONE',  ( -33.45567580295170274, 17.47999999999987963, -2.994522414093249818 ) ) ;
#406 = CARTESIAN_POINT ( 'NONE',  ( -29.98578879361195604, 21.28165298261081873, 5.582735852156431200 ) ) ;
#407 = ORIENTED_EDGE ( 'NONE', *, *, #2068, .T. ) ;
#408 = CARTESIAN_POINT ( 'NONE',  ( -31.64847073068280991, 19.35867274913168501, -8.937502335588701996 ) ) ;
#409 = CARTESIAN_POINT ( 'NONE',  ( -34.14740246529033385, 17.97834342816802788, -7.535434379916826408 ) ) ;
#410 = CARTESIAN_POINT ( 'NONE',  ( -31.02606651641298185, 20.54112628059413836, 8.897765828283789702 ) ) ;
#411 = CARTESIAN_POINT ( 'NONE',  ( -32.61696808651407764, 17.55130272130736202, -9.510998505314622875 ) ) ;
#412 = EDGE_CURVE ( 'NONE', #2549, #2260, #1640, .T. ) ;
#413 = CARTESIAN_POINT ( 'NONE',  ( 11.33603091072209956, 26.99999999999999645, -27.20099929961188323 ) ) ;
#414 = CARTESIAN_POINT ( 'NONE',  ( -31.42431072396920655, 21.30844585632784316, -8.281788214650542346E-06 ) ) ;
#415 = CARTESIAN_POINT ( 'NONE',  ( -31.22635907546655076, 17.38065001091253947, -11.42910053916016722 ) ) ;
#416 = CARTESIAN_POINT ( 'NONE',  ( -33.06939067327509463, 20.33573460824734624, 8.957956481899623569 ) ) ;
#417 = VERTEX_POINT ( 'NONE', #2652 ) ;
#418 = CARTESIAN_POINT ( 'NONE',  ( -38.52608575978459271, 6.572996832456836636, -14.35903646751470397 ) ) ;
#419 = CARTESIAN_POINT ( 'NONE',  ( -31.53225401052692334, 19.11321764259158940, -1.624009056014653840 ) ) ;
#420 = DIRECTION ( 'NONE',  ( 3.469446951953617344E-15, -1.000000000000000000, 0.000000000000000000 ) ) ;
#421 = ORIENTED_EDGE ( 'NONE', *, *, #1309, .T. ) ;
#422 = CARTESIAN_POINT ( 'NONE',  ( -29.26381469438814520, 20.68822346359320363, -10.81800629621085363 ) ) ;
#423 = CARTESIAN_POINT ( 'NONE',  ( -29.87953340185587336, 19.71775160707127839, -10.97209375442638191 ) ) ;
#424 = CARTESIAN_POINT ( 'NONE',  ( -30.71285760168500545, 21.11329739856680376, 8.597788405301617587 ) ) ;
#425 = CARTESIAN_POINT ( 'NONE',  ( -32.94050782187306936, 17.91005041002700082, -7.000079152955381190 ) ) ;
#426 = CARTESIAN_POINT ( 'NONE',  ( -34.88139804978385428, 5.311773935443225455E-15, 24.58155834860387756 ) ) ;
#427 = CARTESIAN_POINT ( 'NONE',  ( -8.123755979721909881, 26.99999999999999645, 29.05779875154268410 ) ) ;
#428 = CARTESIAN_POINT ( 'NONE',  ( -28.38645693488197352, 23.47063778671423151, 6.205367013215005834 ) ) ;
#429 = CARTESIAN_POINT ( 'NONE',  ( -30.06259873814880024, 21.14598615736834475, 10.65901322139127139 ) ) ;
#430 = CARTESIAN_POINT ( 'NONE',  ( -33.16075159545473383, 21.91005041002700082, -4.666967373282645326 ) ) ;
#431 = CARTESIAN_POINT ( 'NONE',  ( -32.29637820270749415, 18.61629326153907371, 8.530275646480344420 ) ) ;
#432 = ORIENTED_EDGE ( 'NONE', *, *, #452, .F. ) ;
#433 = CARTESIAN_POINT ( 'NONE',  ( -30.49163025641856706, 21.61644887463267040, -8.052122741772873127 ) ) ;
#434 = CARTESIAN_POINT ( 'NONE',  ( -30.83392281107962418, 20.35380412527949545, -1.618018291509863094 ) ) ;
#435 = VERTEX_POINT ( 'NONE', #745 ) ;
#436 = CARTESIAN_POINT ( 'NONE',  ( -28.21019901881040681, 23.00720143871700429, -8.559050309863376782 ) ) ;
#437 = CARTESIAN_POINT ( 'NONE',  ( -34.90766353005076894, 19.10079486277121674, -7.095719509564759164 ) ) ;
#438 = CARTESIAN_POINT ( 'NONE',  ( -31.70272338006685686, 19.46391699609529979, 8.949637938061503206 ) ) ;
#439 = CARTESIAN_POINT ( 'NONE',  ( -30.14579525153091666, 21.54828862049334148, 7.342956444417044436E-05 ) ) ;
#440 = CARTESIAN_POINT ( 'NONE',  ( 7.395509841682985197, 10.36793716495175843, -38.76572047551412936 ) ) ;
#441 = LINE ( 'NONE', #1957, #2053 ) ;
#442 = CARTESIAN_POINT ( 'NONE',  ( -34.16190379366305763, 19.83884127834533118, 9.054149514707516389 ) ) ;
#443 = CARTESIAN_POINT ( 'NONE',  ( -33.21905588901734774, 21.91005041002700438, -7.071593027084749572 ) ) ;
#444 = VERTEX_POINT ( 'NONE', #1593 ) ;
#445 = B_SPLINE_CURVE_WITH_KNOTS ( 'NONE', 3,
 ( #1330, #299, #1350, #2199, #99, #1186, #996, #1620, #2262, #771, #137, #1427, #1863, #581, #2480, #1844, #961, #1416 ),
 .UNSPECIFIED., .F., .F.,
 ( 4, 2, 2, 2, 2, 2, 2, 2, 4 ),
 ( 0.006052656291183794099, 0.006692102876987067288, 0.007331549462790340477, 0.007970996048593614533, 0.008610442634396888589, 0.009249889220200160911, 0.009889335806003434967, 0.01052878239180670902, 0.01116822897760998134 ),
 .UNSPECIFIED. ) ;
#446 = CARTESIAN_POINT ( 'NONE',  ( -32.75425089956890901, 21.91004692831705114, -7.265351921238003996 ) ) ;
#447 = CARTESIAN_POINT ( 'NONE',  ( -31.42522784881594688, 20.61551842712122351, -0.8577492356185408839 ) ) ;
#448 = VERTEX_POINT ( 'NONE', #524 ) ;
#449 = CARTESIAN_POINT ( 'NONE',  ( -32.49764134011476813, 18.35234473370490704, -8.261140904279406172 ) ) ;
#450 = CARTESIAN_POINT ( 'NONE',  ( -34.21621290828184669, 17.91005041002699727, 6.999920847044609040 ) ) ;
#451 = CARTESIAN_POINT ( 'NONE',  ( -31.45791966111956128, 19.83774867634527439, 8.998613874691596237 ) ) ;
#452 = EDGE_CURVE ( 'NONE', #236, #746, #1211, .T. ) ;
#453 = CARTESIAN_POINT ( 'NONE',  ( -30.11409456644820182, 19.36289836397006070, 10.96094221193214935 ) ) ;
#454 = CARTESIAN_POINT ( 'NONE',  ( 37.80141217106336171, 10.36793716495176376, -9.176233897550410745 ) ) ;
#455 = CARTESIAN_POINT ( 'NONE',  ( -33.94203119694785897, 18.37499099175020589, 8.288851372083357205 ) ) ;
#456 = CARTESIAN_POINT ( 'NONE',  ( -32.43818700717073966, 21.59938915748730892, 8.079353038517618657 ) ) ;
#457 = EDGE_LOOP ( 'NONE', ( #399, #376, #1728, #2182 ) ) ;
#458 = CARTESIAN_POINT ( 'NONE',  ( -34.05251380827669294, 18.14623808284058626, -7.952909847318114345 ) ) ;
#459 = CARTESIAN_POINT ( 'NONE',  ( -32.77556314986318853, 21.64743293212897157, -8.026199696002237260 ) ) ;
#460 = CARTESIAN_POINT ( 'NONE',  ( -30.58410368334073937, 20.81469780235419265, -0.7892160605910513160 ) ) ;
#461 = ORIENTED_EDGE ( 'NONE', *, *, #1031, .T. ) ;
#462 = CARTESIAN_POINT ( 'NONE',  ( -34.64181434664696724, 17.18450006625665338, 18.84186336065494771 ) ) ;
#463 = CARTESIAN_POINT ( 'NONE',  ( -29.97332144276911947, 23.54554235477968760, -1.811832850245788995 ) ) ;
#464 = EDGE_CURVE ( 'NONE', #634, #2715, #2279, .T. ) ;
#465 = CARTESIAN_POINT ( 'NONE',  ( -29.29474242914834292, 23.00720209177934805, -8.559050661673403226 ) ) ;
#466 = CARTESIAN_POINT ( 'NONE',  ( -33.66429032199788196, 20.89632657625618606, -8.190349073163641691 ) ) ;
#467 = CARTESIAN_POINT ( 'NONE',  ( 37.80138171522818880, -6.667234774965439213E-15, 9.174659621813695765 ) ) ;
#468 = AXIS2_PLACEMENT_3D ( 'NONE', #324, #133, #1446 ) ;
#469 = CARTESIAN_POINT ( 'NONE',  ( -33.31913118202552937, 19.91572124393363552, 8.999906430306982230 ) ) ;
#470 = CARTESIAN_POINT ( 'NONE',  ( -37.44674570402663250, 17.18450006625665694, -7.968573816052999827E-06 ) ) ;
#471 = CARTESIAN_POINT ( 'NONE',  ( -33.04536015323404996, 17.41433053069512127, 7.633900874830328753 ) ) ;
#472 = CARTESIAN_POINT ( 'NONE',  ( -35.37257119506816139, 18.07278256801555116, 7.938938767753882075 ) ) ;
#473 = CARTESIAN_POINT ( 'NONE',  ( -32.40584224847957984, 21.91005041002713938, 7.142126564181200621 ) ) ;
#474 = VECTOR ( 'NONE', #566, 1000.000000000000000 ) ;
#475 = VERTEX_POINT ( 'NONE', #270 ) ;
#476 = CARTESIAN_POINT ( 'NONE',  ( -34.17736092549946392, 20.03246892201130080, -8.293120549129422869 ) ) ;
#477 = B_SPLINE_SURFACE_WITH_KNOTS ( 'NONE', 3, 3, ( 
 ( #415, #1711, #1076, #374, #1898, #1237, #2752 ),
 ( #650, #1261, #180, #2330, #1030, #868, #2738 ),
 ( #826, #2561, #2534, #2122, #220, #605, #2093 ),
 ( #2723, #1044, #1724, #1911, #841, #619, #1503 ) ),
 .UNSPECIFIED., .F., .F., .F.,
 ( 4, 4 ),
 ( 4, 3, 4 ),
 ( 0.000000000000000000, 0.1858154843929093192 ),
 ( 0.4489322127261908268, 0.4744661063630953857, 0.5000000000000000000 ),
 .UNSPECIFIED. ) ;
#478 = CARTESIAN_POINT ( 'NONE',  ( -31.51173341303641706, 18.89456198605336468, 10.89151639543587002 ) ) ;
#479 = CARTESIAN_POINT ( 'NONE',  ( -31.49182914396695665, 19.16114350740248895, 1.996398623589678012 ) ) ;
#480 = CARTESIAN_POINT ( 'NONE',  ( -30.60534686713699060, 20.77095080530757798, -1.040116765969770540 ) ) ;
#481 = VERTEX_POINT ( 'NONE', #143 ) ;
#482 = CARTESIAN_POINT ( 'NONE',  ( -34.06263967186254149, 18.12684298285880402, 7.915531161669806082 ) ) ;
#483 = CARTESIAN_POINT ( 'NONE',  ( -26.07356924336565385, 26.99999999999999645, -15.72736904508192168 ) ) ;
#484 = CARTESIAN_POINT ( 'NONE',  ( -29.97330384725223240, 23.54553829399544540, -1.560579918428142262E-05 ) ) ;
#485 = CARTESIAN_POINT ( 'NONE',  ( -28.24863948043621775, 22.75942948612313899, -9.115954744329869186 ) ) ;
#486 = CARTESIAN_POINT ( 'NONE',  ( -30.11409456644820182, 19.36289836397006070, 10.96094221193214935 ) ) ;
#487 = CARTESIAN_POINT ( 'NONE',  ( -32.78042893023469162, 21.91005041002713583, 6.999920847044624139 ) ) ;
#488 = EDGE_CURVE ( 'NONE', #2610, #310, #507, .T. ) ;
#489 = CARTESIAN_POINT ( 'NONE',  ( -31.42522785136999985, 19.37319804925360600, -0.5914338155847527201 ) ) ;
#490 = CARTESIAN_POINT ( 'NONE',  ( -29.02344077775116205, 17.18450006625664983, -28.20003075378845381 ) ) ;
#491 = CARTESIAN_POINT ( 'NONE',  ( -31.88264010005474702, 19.02654325967165505, -8.798357844783627257 ) ) ;
#492 = CARTESIAN_POINT ( 'NONE',  ( -32.75412384512424779, 21.83367095167925953, -7.551664699191754870 ) ) ;
#493 = CARTESIAN_POINT ( 'NONE',  ( -33.90295878906243843, 18.46072722097127539, -8.384339676431480370 ) ) ;
#494 = CARTESIAN_POINT ( 'NONE',  ( -31.42522786787250411, 20.04856959303157637, 1.222915178356225985 ) ) ;
#495 = CARTESIAN_POINT ( 'NONE',  ( -32.38382323397069484, 21.78960241706380074, -7.698076926374020523 ) ) ;
#496 = ORIENTED_EDGE ( 'NONE', *, *, #488, .T. ) ;
#497 = CARTESIAN_POINT ( 'NONE',  ( 35.67559816683487384, 17.18450006625664628, -3.796755573156886054 ) ) ;
#498 = CARTESIAN_POINT ( 'NONE',  ( -33.43808004458272620, 17.43961475458596411, -3.842696861758386540 ) ) ;
#499 = CARTESIAN_POINT ( 'NONE',  ( -33.99397835590764316, 20.32566499770247148, -8.320388909801446076 ) ) ;
#500 = CARTESIAN_POINT ( 'NONE',  ( -31.42522852350194995, 19.73252006395575009, 1.256101431224235121 ) ) ;
#501 = B_SPLINE_CURVE_WITH_KNOTS ( 'NONE', 3,
 ( #1335, #2558, #2342, #647, #2545, #674, #1287, #1057, #1543, #1088, #2188, #453 ),
 .UNSPECIFIED., .F., .F.,
 ( 4, 2, 2, 2, 2, 4 ),
 ( 0.000000000000000000, 0.0004259982940551607783, 0.0008519965881103215566, 0.001703993176220635741, 0.002555989764330949925, 0.003407986352441264109 ),
 .UNSPECIFIED. ) ;
#502 = CARTESIAN_POINT ( 'NONE',  ( -33.45409927104822145, 21.35394757782144382, 7.754773447581803758 ) ) ;
#503 = CARTESIAN_POINT ( 'NONE',  ( -31.42522784559858451, 19.84192218942856201, -1.222757444854319475 ) ) ;
#504 = CARTESIAN_POINT ( 'NONE',  ( -32.69808827346974311, 17.18450006625666049, 23.35015434190780326 ) ) ;
#505 = CARTESIAN_POINT ( 'NONE',  ( -32.38497849931136585, 18.34432129486249252, 8.269422733311943219 ) ) ;
#506 = CARTESIAN_POINT ( 'NONE',  ( -34.21621290828187512, 17.91005041002701148, 6.999920847044609040 ) ) ;
#507 = B_SPLINE_CURVE_WITH_KNOTS ( 'NONE', 3,
 ( #401, #1680, #1017, #1463 ),
 .UNSPECIFIED., .F., .F.,
 ( 4, 4 ),
 ( 0.0009605792690466544550, 0.007188535768799840867 ),
 .UNSPECIFIED. ) ;
#508 = CARTESIAN_POINT ( 'NONE',  ( -34.18640086881906370, 17.92611205015968068, -7.290096138965195927 ) ) ;
#509 = CARTESIAN_POINT ( 'NONE',  ( -33.33991443707098767, 21.91005041002699016, -2.333413954521410094 ) ) ;
#510 = CARTESIAN_POINT ( 'NONE',  ( -28.45545354774375468, 22.15759742007194433, 9.969945748893559667 ) ) ;
#511 = ORIENTED_EDGE ( 'NONE', *, *, #134, .T. ) ;
#512 = CARTESIAN_POINT ( 'NONE',  ( 27.41923271643175042, 17.18450006625665338, 28.20320066278528159 ) ) ;
#513 = CARTESIAN_POINT ( 'NONE',  ( -30.47450835545810222, 21.66985931429258017, -7.960960869928534578 ) ) ;
#514 = CARTESIAN_POINT ( 'NONE',  ( -31.40676418537664105, 19.35734629363200199, -1.354625701837742557 ) ) ;
#515 = CARTESIAN_POINT ( 'NONE',  ( -33.90525476914800151, 20.47050498081205205, -8.320876555084174342 ) ) ;
#516 = CARTESIAN_POINT ( 'NONE',  ( -33.25649876087952350, 21.55756947837015147, 8.140502077282054216 ) ) ;
#517 = CARTESIAN_POINT ( 'NONE',  ( -31.34763190167359070, 19.44069126644554046, -1.715523974714425082 ) ) ;
#518 = CARTESIAN_POINT ( 'NONE',  ( -0.7999431274365498279, 6.572996832456841076, 39.13099463872270434 ) ) ;
#519 = CARTESIAN_POINT ( 'NONE',  ( -32.10676802924561457, 18.71380345217522390, -8.607592340305656009 ) ) ;
#520 = CARTESIAN_POINT ( 'NONE',  ( -33.82485849354987550, 20.60725968705850519, -8.297794709936049173 ) ) ;
#521 = CARTESIAN_POINT ( 'NONE',  ( -34.90766353005076184, 19.10079486277122385, -7.095719509564757388 ) ) ;
#522 = EDGE_CURVE ( 'NONE', #779, #874, #265, .T. ) ;
#523 = CARTESIAN_POINT ( 'NONE',  ( -33.64574563612679725, 21.52754521457959314, -5.933404251890753933 ) ) ;
#524 = CARTESIAN_POINT ( 'NONE',  ( -31.42522786787250411, 19.84190856319916563, 1.222915178355681531 ) ) ;
#525 = ORIENTED_EDGE ( 'NONE', *, *, #968, .F. ) ;
#526 = CARTESIAN_POINT ( 'NONE',  ( -34.88800916259510387, 10.36793716495175843, -24.56365434225160271 ) ) ;
#527 = CARTESIAN_POINT ( 'NONE',  ( -32.74497249125379028, 17.39625010790726378, -9.517138751028504373 ) ) ;
#528 = CARTESIAN_POINT ( 'NONE',  ( -34.46401528072014031, 19.60770768147602894, -8.096445039540768107 ) ) ;
#529 = CARTESIAN_POINT ( 'NONE',  ( -33.99393883019151730, 20.32584014091681723, 8.320224416094298192 ) ) ;
#530 = CARTESIAN_POINT ( 'NONE',  ( -33.29183223256437429, 17.91005041002698661, 1.960970407865516169E-07 ) ) ;
#531 = CARTESIAN_POINT ( 'NONE',  ( 29.19796490280462464, 10.36793716495175666, 29.97818308173410173 ) ) ;
#532 = CARTESIAN_POINT ( 'NONE',  ( -32.38061646327403764, 18.35251934246691619, -8.261356788620702218 ) ) ;
#533 = CARTESIAN_POINT ( 'NONE',  ( -33.39653367492894631, 21.22172354925670845, -8.539140710140795676 ) ) ;
#534 = CARTESIAN_POINT ( 'NONE',  ( -32.42668667375357217, 17.47999999999989740, 1.236959617577326348E-06 ) ) ;
#535 = CARTESIAN_POINT ( 'NONE',  ( -32.73211423660096386, 17.47999999999982279, 9.107208342755468422 ) ) ;
#536 = CARTESIAN_POINT ( 'NONE',  ( -31.57010645127122928, 19.03306034807011571, -1.810785238992832946 ) ) ;
#537 = B_SPLINE_CURVE_WITH_KNOTS ( 'NONE', 3,
 ( #2225, #2433, #1542, #500, #1599, #1332, #1393, #301, #1365, #2187, #2615, #101, #951, #2213, #1813, #708 ),
 .UNSPECIFIED., .F., .F.,
 ( 4, 2, 1, 2, 2, 1, 2, 2, 4 ),
 ( 0.000000000000000000, 0.2500000000000599520, 0.3750000000000622835, 0.4375000000000643929, 0.5000000000000665024, 0.6250000000001195710, 0.6875000000001169065, 0.7500000000001142419, 1.000000000000000000 ),
 .UNSPECIFIED. ) ;
#538 = EDGE_LOOP ( 'NONE', ( #203, #110, #621, #2489 ) ) ;
#539 = ADVANCED_FACE ( 'NONE', ( #2362 ), #477, .F. ) ;
#540 = CARTESIAN_POINT ( 'NONE',  ( 38.15568745788040417, 10.36793716495175843, 3.901674256157392939 ) ) ;
#541 = CARTESIAN_POINT ( 'NONE',  ( -31.42522786787250411, 19.93890128378040671, 1.222915178355681753 ) ) ;
#542 = DIRECTION ( 'NONE',  ( -1.000000000000000000, 0.000000000000000000, 0.000000000000000000 ) ) ;
#543 = ADVANCED_FACE ( 'NONE', ( #1697 ), #2548, .T. ) ;
#544 = CARTESIAN_POINT ( 'NONE',  ( -33.31227246765943306, 21.41696059982821154, 8.324013965670040704 ) ) ;
#545 = CARTESIAN_POINT ( 'NONE',  ( -32.54248064437466326, 21.34084832075379978, 8.403796925743828083 ) ) ;
#546 = CARTESIAN_POINT ( 'NONE',  ( 36.92603145857230373, 6.572996832456837524, 14.35889141196238228 ) ) ;
#547 = CARTESIAN_POINT ( 'NONE',  ( -32.82532915219242398, 17.91005041002700082, -7.000079152955386519 ) ) ;
#548 = CARTESIAN_POINT ( 'NONE',  ( -33.79518304534499862, 20.46257051386966808, -8.960704713862241988 ) ) ;
#549 = CARTESIAN_POINT ( 'NONE',  ( -32.12327138966175966, 17.47999999999991161, 5.975678754830657802 ) ) ;
#550 = CARTESIAN_POINT ( 'NONE',  ( -30.37855319559427159, 21.91005041002700082, -7.000079152955389183 ) ) ;
#551 = ORIENTED_EDGE ( 'NONE', *, *, #1372, .F. ) ;
#552 = B_SPLINE_CURVE_WITH_KNOTS ( 'NONE', 3,
 ( #1675, #1509, #2555, #2542 ),
 .UNSPECIFIED., .F., .F.,
 ( 4, 4 ),
 ( 7.806255641895631925E-18, 0.007000081096231900932 ),
 .UNSPECIFIED. ) ;
#553 = CARTESIAN_POINT ( 'NONE',  ( -38.52571848717748537, 10.36793716495176199, 14.36104515279771832 ) ) ;
#554 = B_SPLINE_CURVE_WITH_KNOTS ( 'NONE', 3,
 ( #1449, #536, #2677, #1398 ),
 .UNSPECIFIED., .F., .F.,
 ( 4, 4 ),
 ( 0.000000000000000000, 1.000000000000000000 ),
 .UNSPECIFIED. ) ;
#555 = CARTESIAN_POINT ( 'NONE',  ( -31.49182914396698152, 19.16114350740249961, 1.996398623589674681 ) ) ;
#556 = DIRECTION ( 'NONE',  ( -1.000000000000000000, 0.000000000000000000, 0.000000000000000000 ) ) ;
#557 = CARTESIAN_POINT ( 'NONE',  ( -33.22665033877955665, 20.16827636690941716, 8.999155686476768778 ) ) ;
#558 = CARTESIAN_POINT ( 'NONE',  ( -33.26591033532098862, 20.00309626812241959, 9.000468893496353928 ) ) ;
#559 = CARTESIAN_POINT ( 'NONE',  ( 18.88774550277045705, 6.572996832456836636, -36.18086517688389847 ) ) ;
#560 = CARTESIAN_POINT ( 'NONE',  ( -30.37663635863776435, 21.59478199478522953, 8.086664991526838264 ) ) ;
#561 = CARTESIAN_POINT ( 'NONE',  ( -31.86729903775197670, 19.22038464390344004, -8.878044888753063191 ) ) ;
#562 = VECTOR ( 'NONE', #1157, 1000.000000000000000 ) ;
#563 = CARTESIAN_POINT ( 'NONE',  ( -32.61656739159886342, 17.55167922994580820, 9.512302641254832380 ) ) ;
#564 = ORIENTED_EDGE ( 'NONE', *, *, #488, .F. ) ;
#565 = CARTESIAN_POINT ( 'NONE',  ( -8.996988473429878397, 10.36793716495175666, -38.76579547544031357 ) ) ;
#566 = DIRECTION ( 'NONE',  ( -1.000000000000000000, -3.503037909166937384E-31, -1.445602896647332211E-15 ) ) ;
#567 = CARTESIAN_POINT ( 'NONE',  ( -31.18956138884313134, 19.25806174944113280, 5.694032191652162567 ) ) ;
#568 = APPLICATION_PROTOCOL_DEFINITION ( 'draft international standard', 'automotive_design', 1998, #1872 ) ;
#569 = CARTESIAN_POINT ( 'NONE',  ( -31.42522786841678339, 19.68613517732248752, 1.282680523857204991 ) ) ;
#570 = B_SPLINE_CURVE_WITH_KNOTS ( 'NONE', 3,
 ( #725, #1987, #1394, #1587 ),
 .UNSPECIFIED., .F., .F.,
 ( 4, 4 ),
 ( -5.981370788245808645E-05, 0.002506049769970754033 ),
 .UNSPECIFIED. ) ;
#571 = CARTESIAN_POINT ( 'NONE',  ( -33.63860293216995245, 20.00309626812241959, 9.000468893496353928 ) ) ;
#572 = CARTESIAN_POINT ( 'NONE',  ( -0.7999431274365494948, 10.36793716495176376, 39.13099463872270434 ) ) ;
#573 = CARTESIAN_POINT ( 'NONE',  ( -31.36700571600162135, 19.36774253010575109, -2.219311127303859710 ) ) ;
#574 = CARTESIAN_POINT ( 'NONE',  ( -31.91396676925414155, 19.15270763099377760, -8.851174652151936328 ) ) ;
#575 = CARTESIAN_POINT ( 'NONE',  ( 6.523758076023131736, 26.99999999999999645, -29.05779660803041509 ) ) ;
#576 = ADVANCED_FACE ( 'NONE', ( #1488 ), #1274, .F. ) ;
#577 = CARTESIAN_POINT ( 'NONE',  ( -31.48082237295552588, 19.28276868036201108, 1.522263865780897119 ) ) ;
#578 = CARTESIAN_POINT ( 'NONE',  ( -32.43550765183933748, 21.60046415379563101, -8.077953937102938298 ) ) ;
#579 = DIRECTION ( 'NONE',  ( -1.000000000000000000, -2.891205793294662056E-15, -1.445602896647331028E-15 ) ) ;
#580 = ORIENTED_EDGE ( 'NONE', *, *, #1836, .F. ) ;
#581 = CARTESIAN_POINT ( 'NONE',  ( -29.39365436334118087, 22.51816379418236380, -9.505511153231191557 ) ) ;
#582 = ORIENTED_EDGE ( 'NONE', *, *, #1126, .F. ) ;
#583 = CARTESIAN_POINT ( 'NONE',  ( -32.40586935596098783, 21.91005041002699016, -7.141985824529760940 ) ) ;
#584 = FACE_OUTER_BOUND ( 'NONE', #1946, .T. ) ;
#585 = CARTESIAN_POINT ( 'NONE',  ( -31.49161080062797069, 19.60091726144284863, 8.979515162889724067 ) ) ;
#586 = B_SPLINE_CURVE_WITH_KNOTS ( 'NONE', 3,
 ( #2597, #2398, #924, #1982, #1132, #1116, #2211, #1968, #735, #1786, #1768, #1100, #37 ),
 .UNSPECIFIED., .F., .F.,
 ( 4, 2, 2, 1, 2, 2, 4 ),
 ( 0.000000000000000000, 0.1249999999999470424, 0.2499999999998940847, 0.3749999999998411271, 0.4374999999998140376, 0.4999999999997869482, 1.000000000000000000 ),
 .UNSPECIFIED. ) ;
#587 = CARTESIAN_POINT ( 'NONE',  ( -21.84119195518002954, 26.99999999999999645, -21.03656638549757218 ) ) ;
#588 = CARTESIAN_POINT ( 'NONE',  ( -33.96941106832084500, 20.31131467278702729, -8.507346752871230322 ) ) ;
#589 = B_SPLINE_CURVE_WITH_KNOTS ( 'NONE', 3,
 ( #1181, #1386, #1840, #308 ),
 .UNSPECIFIED., .F., .F.,
 ( 4, 4 ),
 ( 0.007113864657306101166, 0.01423492137331227800 ),
 .UNSPECIFIED. ) ;
#590 = CARTESIAN_POINT ( 'NONE',  ( -33.51437792876451027, 17.47999999999987608, 1.190049306112215523E-06 ) ) ;
#591 = CARTESIAN_POINT ( 'NONE',  ( -31.59865548796812718, 19.04013857134616217, -2.272939156285759726E-06 ) ) ;
#592 = ADVANCED_FACE ( 'NONE', ( #1249 ), #1726, .T. ) ;
#593 = ORIENTED_EDGE ( 'NONE', *, *, #1399, .F. ) ;
#594 = CARTESIAN_POINT ( 'NONE',  ( -8.996988473429878397, 6.572996832456838412, -38.76579547544031357 ) ) ;
#595 = CARTESIAN_POINT ( 'NONE',  ( -30.59885536812642570, 21.35118504518262483, -8.387605405647793333 ) ) ;
#596 = CARTESIAN_POINT ( 'NONE',  ( -31.07460420573046633, 19.92783044410304782, -1.716038993576668448 ) ) ;
#597 = CARTESIAN_POINT ( 'NONE',  ( -31.42522786787250411, 20.13288672494288534, 1.222915178355681309 ) ) ;
#598 = CARTESIAN_POINT ( 'NONE',  ( -32.42922774777213135, 21.91005041002699372, -7.000079152955385631 ) ) ;
#599 = CARTESIAN_POINT ( 'NONE',  ( 13.55904588468191285, -2.010659852330355309E-15, -37.72607904215552566 ) ) ;
#600 = CARTESIAN_POINT ( 'NONE',  ( -32.72952407818931420, 18.07763747691352307, 7.801370294014954965 ) ) ;
#601 = FACE_OUTER_BOUND ( 'NONE', #1995, .T. ) ;
#602 = CARTESIAN_POINT ( 'NONE',  ( -31.46077654101040721, 19.36089952295238348, 1.475994163825115280 ) ) ;
#603 = CARTESIAN_POINT ( 'NONE',  ( -26.07356924336565385, 26.99999999999999645, -15.72736904508192168 ) ) ;
#604 = LINE ( 'NONE', #179, #2269 ) ;
#605 = CARTESIAN_POINT ( 'NONE',  ( -30.34171114271936887, 21.30735994651536913, -1.872509254944102475 ) ) ;
#606 = EDGE_CURVE ( 'NONE', #2610, #819, #279, .T. ) ;
#607 = ORIENTED_EDGE ( 'NONE', *, *, #1027, .T. ) ;
#608 = VECTOR ( 'NONE', #1757, 1000.000000000000000 ) ;
#609 = CARTESIAN_POINT ( 'NONE',  ( -38.52571848717748537, 6.572996832456838412, 14.36104515279771832 ) ) ;
#610 = CARTESIAN_POINT ( 'NONE',  ( -33.99393883019151730, 20.32584014091681723, 8.320224416094298192 ) ) ;
#611 = CARTESIAN_POINT ( 'NONE',  ( -31.22211524747155664, 19.61153170612907459, -2.367870092320121245 ) ) ;
#612 = ORIENTED_EDGE ( 'NONE', *, *, #1839, .T. ) ;
#613 = AXIS2_PLACEMENT_3D ( 'NONE', #328, #2083, #1203 ) ;
#614 = CARTESIAN_POINT ( 'NONE',  ( -30.11404515436795393, 19.36283269602165191, -10.96101360344082920 ) ) ;
#615 = CARTESIAN_POINT ( 'NONE',  ( -33.36848805654150141, 19.78090124740300126, -9.000079152955384743 ) ) ;
#616 = CARTESIAN_POINT ( 'NONE',  ( -30.35304100517931403, 21.66718041881191326, 7.965997750413863265 ) ) ;
#617 = CARTESIAN_POINT ( 'NONE',  ( 35.71877954099156227, 17.18450006625664983, -1.626303258728256651E-16 ) ) ;
#618 = CARTESIAN_POINT ( 'NONE',  ( -33.98173628035189608, 21.51756331130959055, -2.378396800883949780 ) ) ;
#619 = CARTESIAN_POINT ( 'NONE',  ( -28.89152976877768708, 23.54701217063239937, -1.826679035882245339 ) ) ;
#620 = CARTESIAN_POINT ( 'NONE',  ( -31.08209015912184014, 20.44457127326625212, 8.931190273772109833 ) ) ;
#621 = ORIENTED_EDGE ( 'NONE', *, *, #1986, .T. ) ;
#622 = CARTESIAN_POINT ( 'NONE',  ( 7.395509841682983421, -3.210911958882604943E-15, -38.76572047551411515 ) ) ;
#623 = CARTESIAN_POINT ( 'NONE',  ( -33.02042125090301283, 17.47999999999990095, -7.474885031554630466 ) ) ;
#624 = CARTESIAN_POINT ( 'NONE',  ( -30.98004032702614197, 20.02464844488522644, -2.466289415529934193 ) ) ;
#625 = EDGE_LOOP ( 'NONE', ( #271, #1308, #2382, #34, #2393, #2758, #2316, #1821, #2033 ) ) ;
#626 = EDGE_CURVE ( 'NONE', #240, #339, #234, .T. ) ;
#627 = CARTESIAN_POINT ( 'NONE',  ( -28.33616646903693947, 22.46073505533677661, -9.601691543176132271 ) ) ;
#628 = ADVANCED_FACE ( 'NONE', ( #677 ), #846, .T. ) ;
#629 = CARTESIAN_POINT ( 'NONE',  ( 38.19999946069728480, 5.061208745040848288E-16, 0.9676035344678742822 ) ) ;
#630 = CARTESIAN_POINT ( 'NONE',  ( -31.17119959516771388, 20.29728157793461563, 8.963030082929272169 ) ) ;
#631 = CARTESIAN_POINT ( 'NONE',  ( -32.48922087291693117, 18.36365671531446608, -8.270273092715710206 ) ) ;
#632 = CARTESIAN_POINT ( 'NONE',  ( -32.75727575957893833, 17.47999999999989029, -8.964455088577199859 ) ) ;
#633 = PRODUCT_DEFINITION_SHAPE ( 'NONE', 'NONE',  #1524 ) ;
#634 = VERTEX_POINT ( 'NONE', #334 ) ;
#635 = CARTESIAN_POINT ( 'NONE',  ( -31.42522786655051092, 20.50362300555906714, 1.059909915232408739 ) ) ;
#636 = DIRECTION ( 'NONE',  ( 1.000000000000000000, 2.891205793294662056E-15, 1.445602896647331028E-15 ) ) ;
#637 = ORIENTED_EDGE ( 'NONE', *, *, #2591, .T. ) ;
#638 = CARTESIAN_POINT ( 'NONE',  ( -36.97793790795736157, -5.158190308260507125E-16, 19.69666712415103760 ) ) ;
#639 = B_SPLINE_CURVE_WITH_KNOTS ( 'NONE', 3,
 ( #275, #73, #2657, #1788, #938, #1800 ),
 .UNSPECIFIED., .F., .F.,
 ( 4, 2, 4 ),
 ( 0.007150872839953673413, 0.01072641016366479572, 0.01430194748737591802 ),
 .UNSPECIFIED. ) ;
#640 = CARTESIAN_POINT ( 'NONE',  ( -31.45118103502574058, 19.40916186589614867, -1.447537892063389453 ) ) ;
#641 = CARTESIAN_POINT ( 'NONE',  ( -31.42522784725505858, 20.52505391060267925, -1.034640661994136179 ) ) ;
#642 = ORIENTED_EDGE ( 'NONE', *, *, #2321, .F. ) ;
#643 = CARTESIAN_POINT ( 'NONE',  ( -28.22000958428110096, 22.92542736737640396, -8.757454689012286408 ) ) ;
#644 = CARTESIAN_POINT ( 'NONE',  ( -35.87220507781311341, 17.91005040996721220, -4.843185870781501201 ) ) ;
#645 = CARTESIAN_POINT ( 'NONE',  ( -31.01723616202887612, 20.55629857131825133, 8.892636762159956021 ) ) ;
#646 = CARTESIAN_POINT ( 'NONE',  ( 22.49319722146767830, 27.00000000000000000, -18.55039390793612242 ) ) ;
#647 = CARTESIAN_POINT ( 'NONE',  ( -31.53375890826996297, 17.55122878897824990, 9.510643380190058949 ) ) ;
#648 = CARTESIAN_POINT ( 'NONE',  ( 28.89999999999999147, 26.99999999999999289, -1.084202172485504434E-16 ) ) ;
#649 = CARTESIAN_POINT ( 'NONE',  ( -28.20055984495035872, 23.27701310706028792, 7.793934448414785443 ) ) ;
#650 = CARTESIAN_POINT ( 'NONE',  ( -30.20436967659259864, 19.20666427980779645, -11.22075739223495816 ) ) ;
#651 = CARTESIAN_POINT ( 'NONE',  ( -33.19884330348471480, 20.11523050119409817, 8.991888735828466039 ) ) ;
#652 = CARTESIAN_POINT ( 'NONE',  ( -32.07578384304785857, 18.92080148537617035, 8.742469860873011811 ) ) ;
#653 = ORIENTED_EDGE ( 'NONE', *, *, #2688, .T. ) ;
#654 = CARTESIAN_POINT ( 'NONE',  ( -30.45324307005546061, 21.76488255620281720, -7.751117191420872743 ) ) ;
#655 = CARTESIAN_POINT ( 'NONE',  ( -30.13931675585483916, 21.54928763216230791, -0.6938200052004899199 ) ) ;
#656 = ORIENTED_EDGE ( 'NONE', *, *, #1682, .F. ) ;
#657 = CARTESIAN_POINT ( 'NONE',  ( -30.48163713469935843, 21.33566557954451426, -8.409389372939269691 ) ) ;
#658 = CARTESIAN_POINT ( 'NONE',  ( -34.68789230598996198, 17.91005041002699727, 2.338394091651947004 ) ) ;
#659 = CARTESIAN_POINT ( 'NONE',  ( -31.45941560854679508, 19.83541833415787536, 8.998528215366242478 ) ) ;
#660 = CARTESIAN_POINT ( 'NONE',  ( -31.83085942352106912, 18.45705973260299970, -10.69929250299276191 ) ) ;
#661 = CARTESIAN_POINT ( 'NONE',  ( -36.09349904934948228, 17.18450006625664983, 13.83911614577494653 ) ) ;
#662 = CARTESIAN_POINT ( 'NONE',  ( -31.42522786744073215, 20.26616517866592204, 1.208884959395554626 ) ) ;
#663 = CARTESIAN_POINT ( 'NONE',  ( -29.29416185114031634, 22.92701474861676303, 8.753221612471842050 ) ) ;
#664 = CARTESIAN_POINT ( 'NONE',  ( -35.23789333109092325, 19.09185987940746543, 4.744534585223595613 ) ) ;
#665 = CARTESIAN_POINT ( 'NONE',  ( -32.37887928716753549, 18.34420874449007144, 8.269296033562365977 ) ) ;
#666 = ORIENTED_EDGE ( 'NONE', *, *, #2554, .F. ) ;
#667 = CARTESIAN_POINT ( 'NONE',  ( -32.91319773831763484, 21.11668361940483507, -8.616536734864046920 ) ) ;
#668 = CARTESIAN_POINT ( 'NONE',  ( -31.42522784785729684, 20.56228610668411960, -0.9809868265306294077 ) ) ;
#669 = ORIENTED_EDGE ( 'NONE', *, *, #812, .F. ) ;
#670 = CARTESIAN_POINT ( 'NONE',  ( -34.64601505286885441, 17.18450006625665338, -18.82832905795550360 ) ) ;
#671 = CYLINDRICAL_SURFACE ( 'NONE', #2181, 6.200000000000001066 ) ;
#672 = CARTESIAN_POINT ( 'NONE',  ( -29.56840820092304511, 22.09741042170517389, -10.02398603872197924 ) ) ;
#673 = CARTESIAN_POINT ( 'NONE',  ( -30.47744182786376044, 21.66659088193981475, 7.956863474316632434 ) ) ;
#674 = CARTESIAN_POINT ( 'NONE',  ( -31.32292016140828750, 17.75123334910489348, 10.00412942440620867 ) ) ;
#675 = CARTESIAN_POINT ( 'NONE',  ( -29.00003291557366225, 17.18450006625665694, 28.22343790776551842 ) ) ;
#676 = CARTESIAN_POINT ( 'NONE',  ( -33.53106359982889728, 17.44737076458846659, 1.264253129192480008E-06 ) ) ;
#677 = FACE_OUTER_BOUND ( 'NONE', #250, .T. ) ;
#678 = CARTESIAN_POINT ( 'NONE',  ( -33.79727803412603038, 21.91005041001891129, -2.357286283412554084 ) ) ;
#679 = ORIENTED_EDGE ( 'NONE', *, *, #895, .T. ) ;
#680 = EDGE_CURVE ( 'NONE', #2111, #390, #2272, .T. ) ;
#681 = CARTESIAN_POINT ( 'NONE',  ( -34.01798465258198689, 18.21505982735066098, -8.070129914348722622 ) ) ;
#682 = CARTESIAN_POINT ( 'NONE',  ( -31.00742409473893346, 21.91005041002699372, -1.047988572799284271E-05 ) ) ;
#683 = CARTESIAN_POINT ( 'NONE',  ( -30.68071786149777935, 21.17586864802536439, -8.553152536836780229 ) ) ;
#684 = CARTESIAN_POINT ( 'NONE',  ( -28.21564621448823118, 22.96418471016166762, 8.662429086403642842 ) ) ;
#685 = EDGE_LOOP ( 'NONE', ( #135, #2333, #47, #934, #2337, #1010 ) ) ;
#686 = CARTESIAN_POINT ( 'NONE',  ( 22.50153512793860955, 26.99999999999999289, 18.54050150639061556 ) ) ;
#687 = CARTESIAN_POINT ( 'NONE',  ( -29.83532290559686473, 23.53574490254191076, -3.626237652262795930 ) ) ;
#688 = CARTESIAN_POINT ( 'NONE',  ( -34.89511408767491929, 19.10113465373718356, -7.185066342148987317 ) ) ;
#689 = B_SPLINE_SURFACE_WITH_KNOTS ( 'NONE', 4, 3, ( 
 ( #2707, #795, #839, #386, #2519, #809, #1473, #2736, #824, #1015, #413, #2145, #1652, #1271, #2327, #1028, #2107, #587, #2508, #603, #2360, #1461, #852, #1884, #1448, #2132, #1247, #1665, #1259, #1058, #2297, #427, #2721, #189, #1288, #2312, #178, #1041, #1678, #1909, #2559, #2532, #1003, #2750, #648 ),
 ( #617, #1695, #372, #1873, #2546, #1486, #1925, #1, #1235, #2091, #2203, #2572, #1074, #1368, #2190, #1738, #261, #490, #246, #1545, #1773, #2374, #470, #1988, #661, #2174, #504, #675, #711, #2435, #277, #218, #1106, #896, #1940, #2619, #1722, #866, #1137, #1561, #2423, #2160, #1121, #726, #26 ),
 ( #232, #1575, #1089, #454, #1753, #2001, #1355, #1972, #12, #1513, #61, #440, #2634, #2602, #77, #1956, #2388, #928, #1302, #880, #2587, #1529, #1315, #912, #41, #693, #2403, #1338, #1791, #1177, #1382, #775, #572, #91, #1625, #2671, #2241, #531, #1803, #1151, #1816, #784, #954, #2062, #2229 ),
 ( #2647, #941, #289, #2216, #2050, #2484, #2447, #1207, #2659, #559, #318, #1602, #740, #304, #2040, #1164, #2255, #2014, #1858, #2029, #1588, #105, #1848, #2495, #117, #129, #965, #1395, #1636, #1421, #1831, #2461, #518, #978, #754, #2473, #2693, #1613, #764, #2265, #546, #1407, #346, #332, #1193 ),
 ( #140, #990, #2682, #1012, #358, #1893, #1024, #1233, #2128, #1922, #599, #2088, #2760, #1880, #160, #1471, #1692, #2732, #1267, #822, #2718, #1676, #1869, #806, #2703, #1907, #1662, #1039, #2517, #2309, #200, #2504, #1431, #2556, #1217, #1458, #848, #382, #1244, #2104, #2747, #1054, #2294, #629, #835 ) ),
 .UNSPECIFIED., .F., .T., .F.,
 ( 5, 5 ),
 ( 4, 1, 1, 1, 1, 1, 1, 1, 1, 1, 1, 1, 1, 1, 1, 1, 1, 1, 1, 1, 1, 1, 1, 1, 1, 1, 1, 1, 1, 1, 1, 1, 1, 1, 1, 1, 1, 1, 1, 1, 1, 1, 4 ),
 ( 0.000000000000000000, 1.000000000000000000 ),
 ( 0.000000000000000000, 0.01192155715681175905, 0.03615010447334856408, 0.06463543809057679945, 0.07504411674502119156, 0.1014255192776888914, 0.1250511153711646728, 0.1487081648362095221, 0.1749889786601740993, 0.1854232069348933643, 0.2138861946617497400, 0.2500122187519914219, 0.2861379313342932718, 0.3146232651490957211, 0.3250319437987948534, 0.3514133463336963636, 0.3750389424291623586, 0.3987594427733420210, 0.4249767581107244951, 0.4354109867532806044, 0.4638739737817326181, 0.4999999985686669479, 0.5361257113401218799, 0.5646110449651536856, 0.5750197236686350744, 0.6014011261747380654, 0.6250267222477297047, 0.6487471792847672170, 0.6749645383573531499, 0.6853987666015526337, 0.7138617544031714557, 0.7499877784179305173, 0.7861134912185486767, 0.8145988248154083511, 0.8250075031973883588, 0.8513889058853996161, 0.8750145020977656563, 0.8986714907340735969, 0.9249523654914182380, 0.9353865937017292742, 0.9638495815505353503, 0.9880782139825377008, 1.000000000000000000 ),
 .UNSPECIFIED. ) ;
#690 = CARTESIAN_POINT ( 'NONE',  ( -34.68733463728555222, 17.91005041002699016, 2.339359184003210412 ) ) ;
#691 = CARTESIAN_POINT ( 'NONE',  ( -0.7999431274365530475, 1.995230050918956169E-15, 39.13099463872269013 ) ) ;
#692 = CARTESIAN_POINT ( 'NONE',  ( -34.21621290828185380, 18.71005041002699443, 6.999920847044609928 ) ) ;
#693 = CARTESIAN_POINT ( 'NONE',  ( -36.97793790795736868, 10.36793716495175843, 19.69666712415104115 ) ) ;
#694 = CARTESIAN_POINT ( 'NONE',  ( -31.26800987388832453, 19.59500917276512766, 1.560725486863898670 ) ) ;
#695 = CARTESIAN_POINT ( 'NONE',  ( -33.20235251064451631, 21.90517159038913420, -7.191144891907062409 ) ) ;
#696 = CARTESIAN_POINT ( 'NONE',  ( -33.33991443705438229, 21.91005041002700438, -2.333413954515848765 ) ) ;
#697 = B_SPLINE_CURVE_WITH_KNOTS ( 'NONE', 3,
 ( #1429, #368, #1190, #1660, #2691, #1623 ),
 .UNSPECIFIED., .F., .F.,
 ( 4, 2, 4 ),
 ( 0.006999929780001933055, 0.01049996489002214678, 0.01400000000004236224 ),
 .UNSPECIFIED. ) ;
#698 = ADVANCED_FACE ( 'NONE', ( #601 ), #64, .T. ) ;
#699 = VERTEX_POINT ( 'NONE', #2762 ) ;
#700 = CARTESIAN_POINT ( 'NONE',  ( -33.94280153768259822, 18.37317379208581514, -8.286940438621252625 ) ) ;
#701 = CARTESIAN_POINT ( 'NONE',  ( -31.35199071264984383, 19.12303511408744683, 10.94687622668078752 ) ) ;
#702 = CARTESIAN_POINT ( 'NONE',  ( -33.13826236223354726, 20.41885015238797152, -8.950980540488913562 ) ) ;
#703 = CARTESIAN_POINT ( 'NONE',  ( -30.44966172159902484, 20.95650126431399585, -2.111306188871961975 ) ) ;
#704 = EDGE_LOOP ( 'NONE', ( #283, #2234, #16 ) ) ;
#705 = CARTESIAN_POINT ( 'NONE',  ( -19.62833234019134565, 17.18450006625664983, 33.84601410762250850 ) ) ;
#706 = CARTESIAN_POINT ( 'NONE',  ( -30.83716285075033170, 21.26610766533709551, -7.363949039656469076 ) ) ;
#707 = FACE_OUTER_BOUND ( 'NONE', #2499, .T. ) ;
#708 = CARTESIAN_POINT ( 'NONE',  ( -31.42522786787250411, 19.84190856319916563, 1.222915178355681531 ) ) ;
#709 = CARTESIAN_POINT ( 'NONE',  ( -33.49261092880691137, 21.25570618927863720, 7.887536969997596792 ) ) ;
#710 = CARTESIAN_POINT ( 'NONE',  ( -32.39127509400805849, 21.89459723854757200, 7.285842817868473098 ) ) ;
#711 = CARTESIAN_POINT ( 'NONE',  ( -24.13298588401943690, 17.18450006625664983, 31.90480692750108460 ) ) ;
#712 = CARTESIAN_POINT ( 'NONE',  ( -30.14579525212415234, 21.54828862054346317, -8.691128682101314631E-06 ) ) ;
#713 = CARTESIAN_POINT ( 'NONE',  ( -34.02683487367357884, 20.06263387242796270, 9.044704206795737278 ) ) ;
#714 = CARTESIAN_POINT ( 'NONE',  ( -35.39323288034209014, 19.08621491919235424, 2.373926421002427567 ) ) ;
#715 = AXIS2_PLACEMENT_3D ( 'NONE', #1188, #1404, #976 ) ;
#716 = CARTESIAN_POINT ( 'NONE',  ( -31.26800987388824993, 19.59500917276518805, 1.560725486863925093 ) ) ;
#717 = CARTESIAN_POINT ( 'NONE',  ( -31.15661617586343723, 19.42618138135598471, 10.96465625799586086 ) ) ;
#718 = ORIENTED_EDGE ( 'NONE', *, *, #1399, .T. ) ;
#719 = CARTESIAN_POINT ( 'NONE',  ( -31.42522786841678339, 19.68613517732248752, 1.282680523857204991 ) ) ;
#720 = CARTESIAN_POINT ( 'NONE',  ( -29.85732732356533248, 26.99999999999998579, 7.326023000497311699 ) ) ;
#721 = CARTESIAN_POINT ( 'NONE',  ( -30.32106097746748219, 21.83430518681939603, -7.563776529876897747 ) ) ;
#722 = CARTESIAN_POINT ( 'NONE',  ( -29.36664983563837694, 22.81161253744941320, -1.225820010045905178E-05 ) ) ;
#723 = CARTESIAN_POINT ( 'NONE',  ( -33.66447305386445521, 20.89619004747823183, 8.189999494657847379 ) ) ;
#724 = CARTESIAN_POINT ( 'NONE',  ( -33.42169128754046881, 21.49029052155111330, 7.444693513027624832 ) ) ;
#725 = CARTESIAN_POINT ( 'NONE',  ( -31.42522784505427680, 19.68614995302015913, -1.282524249414149331 ) ) ;
#726 = CARTESIAN_POINT ( 'NONE',  ( 35.71877875499093591, 17.18450006625665338, 0.9415960453904029803 ) ) ;
#727 = CARTESIAN_POINT ( 'NONE',  ( -29.83279429905805458, 23.53976784907503372, 3.623695473842043491 ) ) ;
#728 = CARTESIAN_POINT ( 'NONE',  ( -34.90771204359448632, 19.10079824305557494, 7.095550742189207227 ) ) ;
#729 = CARTESIAN_POINT ( 'NONE',  ( -34.14170677693594058, 17.98690467309180008, -7.567205014149535280 ) ) ;
#730 = CARTESIAN_POINT ( 'NONE',  ( -33.16077371780112060, 21.91005041002699016, 4.666586515617188624 ) ) ;
#731 = CARTESIAN_POINT ( 'NONE',  ( -32.49940666888171847, 21.43514681277665801, -8.301383743642391622 ) ) ;
#732 = VERTEX_POINT ( 'NONE', #1528 ) ;
#733 = CARTESIAN_POINT ( 'NONE',  ( -24.15015433195055294, 17.18450006625665694, -31.89808827264128865 ) ) ;
#734 = B_SPLINE_CURVE_WITH_KNOTS ( 'NONE', 3,
 ( #373, #121, #2450, #2042, #970, #2313, #796, #1236, #1653, #958, #1474, #2092, #1248, #165, #2108, #400 ),
 .UNSPECIFIED., .F., .F.,
 ( 4, 2, 2, 2, 2, 2, 2, 4 ),
 ( 0.000000000000000000, 0.0008515917056434581201, 0.001277387558465187777, 0.001703183411286917758, 0.002128979264108647306, 0.002554775116930377288, 0.002980570969752106836, 0.003406366822573836817 ),
 .UNSPECIFIED. ) ;
#735 = CARTESIAN_POINT ( 'NONE',  ( -31.42522787400831064, 19.76780947305644887, -1.240290528010974391 ) ) ;
#736 = FACE_OUTER_BOUND ( 'NONE', #1278, .T. ) ;
#737 = CARTESIAN_POINT ( 'NONE',  ( -33.51437792876451027, 17.47999999999987608, 1.190049306112215523E-06 ) ) ;
#738 = CARTESIAN_POINT ( 'NONE',  ( -33.91090825785767038, 20.46110416197054604, 8.321876425271266697 ) ) ;
#739 = CARTESIAN_POINT ( 'NONE',  ( -32.82538158743009404, 17.91005041002698661, 6.999920847044612593 ) ) ;
#740 = CARTESIAN_POINT ( 'NONE',  ( -0.8000554637952123072, 6.572996832456841965, -39.13099369988315601 ) ) ;
#741 = CARTESIAN_POINT ( 'NONE',  ( -31.98065368832148891, 19.47999999999986542, -8.964455088577169661 ) ) ;
#742 = CARTESIAN_POINT ( 'NONE',  ( -33.15274123014550867, 20.37736044633571453, -8.960276488514470117 ) ) ;
#743 = EDGE_CURVE ( 'NONE', #2194, #2729, #501, .T. ) ;
#744 = CARTESIAN_POINT ( 'NONE',  ( -33.45079537644343759, 21.53267847639374466, -7.109372740011858482 ) ) ;
#745 = CARTESIAN_POINT ( 'NONE',  ( -30.37858763491608727, 21.91005041002699016, 6.999920847044612593 ) ) ;
#746 = VERTEX_POINT ( 'NONE', #1104 ) ;
#747 = CARTESIAN_POINT ( 'NONE',  ( -33.95770907026314234, 18.34121951657694183, 8.247343699008665041 ) ) ;
#748 = CARTESIAN_POINT ( 'NONE',  ( 29.17817587327382256, 10.36793716495175666, -29.99797325482394683 ) ) ;
#749 = CARTESIAN_POINT ( 'NONE',  ( -30.47410582145945313, 21.91005041002700793, -7.142602682936765923 ) ) ;
#750 = CARTESIAN_POINT ( 'NONE',  ( -32.78039219227182599, 21.11005041002699656, -7.000079152955387407 ) ) ;
#751 = CARTESIAN_POINT ( 'NONE',  ( -31.00742409473893346, 21.91005041002699372, -1.047988572799284271E-05 ) ) ;
#752 = CARTESIAN_POINT ( 'NONE',  ( -33.42423968457412542, 21.46389068245890641, 7.527150179295624355 ) ) ;
#753 = CARTESIAN_POINT ( 'NONE',  ( -31.84843138774984794, 22.58759866427435625, -0.7227574487086121380 ) ) ;
#754 = CARTESIAN_POINT ( 'NONE',  ( 13.56104547351247547, 6.572996832456840188, 37.72571842509400852 ) ) ;
#755 = CARTESIAN_POINT ( 'NONE',  ( -30.01517097363350217, 21.22411964820986086, 10.86511955137881102 ) ) ;
#756 = CARTESIAN_POINT ( 'NONE',  ( -32.35524118387897374, 18.53830112447868217, -8.455582520166691651 ) ) ;
#757 = CARTESIAN_POINT ( 'NONE',  ( -32.42668761925500576, 17.47999999999989384, 1.491503526173188154 ) ) ;
#758 = CARTESIAN_POINT ( 'NONE',  ( -28.19255952897529127, 23.16235508786017405, 8.178371524017642002 ) ) ;
#759 = ORIENTED_EDGE ( 'NONE', *, *, #1469, .F. ) ;
#760 = CARTESIAN_POINT ( 'NONE',  ( -20.48257625106908009, 10.36793716495175310, 36.18235637467102350 ) ) ;
#761 = CARTESIAN_POINT ( 'NONE',  ( -30.28863574825562921, 21.25080629762861406, 1.763530276149491760 ) ) ;
#762 = CARTESIAN_POINT ( 'NONE',  ( -33.39695008869970394, 21.22051906626977669, 8.541269381916745118 ) ) ;
#763 = CARTESIAN_POINT ( 'NONE',  ( -33.70243464121271160, 19.89825391717600667, 8.999878199996842909 ) ) ;
#764 = CARTESIAN_POINT ( 'NONE',  ( 33.28520737522691064, 6.572996832456836636, 24.56893319661411113 ) ) ;
#765 = CARTESIAN_POINT ( 'NONE',  ( -31.95822007302136214, 18.91963216210588428, -8.741968192574718799 ) ) ;
#766 = CARTESIAN_POINT ( 'NONE',  ( -33.59733572772884713, 21.02524870044464578, -8.113424542144279883 ) ) ;
#767 = LINE ( 'NONE', #2287, #2263 ) ;
#768 = CARTESIAN_POINT ( 'NONE',  ( -32.78039219227183310, 21.91005041002699372, -7.000079152955389183 ) ) ;
#769 = VERTEX_POINT ( 'NONE', #244 ) ;
#770 = CARTESIAN_POINT ( 'NONE',  ( 18.04186303062177998, 17.18450006625665338, 33.84181389509787863 ) ) ;
#771 = CARTESIAN_POINT ( 'NONE',  ( -29.78318550256876662, 21.65271864848369887, -10.36380544873529530 ) ) ;
#772 = DIRECTION ( 'NONE',  ( 0.000000000000000000, 0.000000000000000000, -1.000000000000000000 ) ) ;
#773 = CARTESIAN_POINT ( 'NONE',  ( -29.46351492116336601, 23.47063778671422085, 6.205367013211797733 ) ) ;
#774 = CARTESIAN_POINT ( 'NONE',  ( -33.31913864384240753, 19.91557645038131596, -9.000064325035404877 ) ) ;
#775 = CARTESIAN_POINT ( 'NONE',  ( -8.995514340610922588, 10.36793716495175310, 38.76571729070615646 ) ) ;
#776 = CARTESIAN_POINT ( 'NONE',  ( -30.48388241900541118, 21.33267288829593866, 8.412126605906950161 ) ) ;
#777 = CARTESIAN_POINT ( 'NONE',  ( -31.58668686262820202, 19.63896549464442387, -8.983135799501665630 ) ) ;
#778 = CARTESIAN_POINT ( 'NONE',  ( -30.75399454834610324, 20.79780801821169334, 8.809324902669498414 ) ) ;
#779 = VERTEX_POINT ( 'NONE', #2749 ) ;
#780 = CARTESIAN_POINT ( 'NONE',  ( 37.80141217106336171, 6.572996832456840188, -9.176233897550405416 ) ) ;
#781 = CARTESIAN_POINT ( 'NONE',  ( -31.89302344108746468, 18.50516802331206989, -1.006354803651149869E-06 ) ) ;
#782 = EDGE_CURVE ( 'NONE', #390, #481, #1694, .T. ) ;
#783 = CARTESIAN_POINT ( 'NONE',  ( -42.38572285887360636, 17.47999999999985477, -10.19565187746147927 ) ) ;
#784 = CARTESIAN_POINT ( 'NONE',  ( 37.80138171522819590, 10.36793716495175133, 9.174659621813704646 ) ) ;
#785 = CARTESIAN_POINT ( 'NONE',  ( -31.49183818209388264, 19.16115244708471721, -1.996219251740452671 ) ) ;
#786 = CARTESIAN_POINT ( 'NONE',  ( -32.37920452664467064, 21.83520936483346730, -7.560417747127216259 ) ) ;
#787 = ORIENTED_EDGE ( 'NONE', *, *, #680, .T. ) ;
#788 = CARTESIAN_POINT ( 'NONE',  ( -0.7999431274365494948, 10.36793716495176376, 39.13099463872270434 ) ) ;
#789 = CYLINDRICAL_SURFACE ( 'NONE', #126, 1.999999999999998224 ) ;
#790 = PRODUCT_CONTEXT ( 'NONE', #1522, 'mechanical' ) ;
#791 = CARTESIAN_POINT ( 'NONE',  ( -32.76749874970327880, 21.91004865345054142, 7.133823906994695818 ) ) ;
#792 = CARTESIAN_POINT ( 'NONE',  ( -32.91517324122362709, 21.34084832075379978, 8.403796925743828083 ) ) ;
#793 = CARTESIAN_POINT ( 'NONE',  ( -34.18864128991645401, 17.92404932482608260, -7.271918760772905443 ) ) ;
#794 = CARTESIAN_POINT ( 'NONE',  ( -31.03289998453132625, 20.32440781239477090, 8.960350020741765675 ) ) ;
#795 = CARTESIAN_POINT ( 'NONE',  ( 28.90000148846776895, 26.99999999999998934, -0.8700726653895530793 ) ) ;
#796 = CARTESIAN_POINT ( 'NONE',  ( -30.97533606478384272, 18.16756089560113097, -10.47860889558431907 ) ) ;
#797 = DIRECTION ( 'NONE',  ( -9.107483913699962660E-09, -2.399884245058183505E-15, 0.9999999999999998890 ) ) ;
#798 = CARTESIAN_POINT ( 'NONE',  ( -30.37576255528293956, 21.59510559766095383, 8.086154321041053805 ) ) ;
#799 = ORIENTED_EDGE ( 'NONE', *, *, #2099, .T. ) ;
#800 = B_SPLINE_CURVE_WITH_KNOTS ( 'NONE', 3,
 ( #90, #2460, #517, #2446 ),
 .UNSPECIFIED., .F., .F.,
 ( 4, 4 ),
 ( 0.000000000000000000, 1.000000000000000000 ),
 .UNSPECIFIED. ) ;
#801 = CARTESIAN_POINT ( 'NONE',  ( -36.98235738111609550, 6.572996832456840188, -19.68257275257090910 ) ) ;
#802 = CARTESIAN_POINT ( 'NONE',  ( -32.82532915219242398, 17.91005041002700082, -7.000079152955386519 ) ) ;
#803 = CARTESIAN_POINT ( 'NONE',  ( -31.22649949673267500, 17.38067795976813201, 11.42872507687884287 ) ) ;
#804 = CARTESIAN_POINT ( 'NONE',  ( -31.49182914396698152, 19.16114350740249961, 1.996398623589674681 ) ) ;
#805 = DIRECTION ( 'NONE',  ( 3.491481341942258618E-15, -1.000000000000000000, -3.402951456419796532E-16 ) ) ;
#806 = CARTESIAN_POINT ( 'NONE',  ( -39.56579527270744734, -4.783603680622287399E-16, 8.196988204272775747 ) ) ;
#807 = CARTESIAN_POINT ( 'NONE',  ( -32.78836974730857889, 18.01626307876583866, 7.643970694360216811 ) ) ;
#808 = EDGE_CURVE ( 'NONE', #339, #2753, #2140, .T. ) ;
#809 = CARTESIAN_POINT ( 'NONE',  ( 24.46772097365728271, 27.00000000000001066, -15.73789314778936621 ) ) ;
#810 = DIRECTION ( 'NONE',  ( -1.000000000000000000, 0.000000000000000000, 0.000000000000000000 ) ) ;
#811 = CARTESIAN_POINT ( 'NONE',  ( -28.73796386568239214, 17.27063778671424288, -6.207066398577055111 ) ) ;
#812 = EDGE_CURVE ( 'NONE', #2553, #1093, #1781, .T. ) ;
#813 = CARTESIAN_POINT ( 'NONE',  ( -31.30220393699983816, 20.08292622645387837, 8.996193579353738201 ) ) ;
#814 = ORIENTED_EDGE ( 'NONE', *, *, #46, .T. ) ;
#815 = CARTESIAN_POINT ( 'NONE',  ( 18.89666641139919179, 6.572996832456838412, 36.17793804999100615 ) ) ;
#816 = CARTESIAN_POINT ( 'NONE',  ( -31.42775827405256450, 19.59851450977767584, -1.336219174213307825 ) ) ;
#817 = CARTESIAN_POINT ( 'NONE',  ( -31.23390892923685769, 19.65276526741417484, -1.611253056022012631 ) ) ;
#818 = EDGE_CURVE ( 'NONE', #2292, #1508, #1955, .T. ) ;
#819 = VERTEX_POINT ( 'NONE', #1737 ) ;
#820 = B_SPLINE_CURVE_WITH_KNOTS ( 'NONE', 3,
 ( #1679, #2232, #2464, #2509, #1168, #109 ),
 .UNSPECIFIED., .F., .F.,
 ( 4, 2, 4 ),
 ( 1.734723475976807094E-18, 0.001203616346827780488, 0.002407232693655559242 ),
 .UNSPECIFIED. ) ;
#821 = CARTESIAN_POINT ( 'NONE',  ( -34.40071901070177063, 20.88504693626946462, 3.278251181065459089E-07 ) ) ;
#822 = CARTESIAN_POINT ( 'NONE',  ( -36.98235738111608129, 8.117772543118965022E-16, -19.68257275257090555 ) ) ;
#823 = CARTESIAN_POINT ( 'NONE',  ( -30.89522265753813102, 20.17099061689255635, -2.463442320777282202 ) ) ;
#824 = CARTESIAN_POINT ( 'NONE',  ( 17.74040242190821459, 27.00000000000000355, -23.30154909938394781 ) ) ;
#825 = CARTESIAN_POINT ( 'NONE',  ( -33.16078755244198106, 21.91005041002699372, -4.666746817816743942 ) ) ;
#826 = CARTESIAN_POINT ( 'NONE',  ( -28.91337993917352733, 21.22736266969376828, -10.95512170088861659 ) ) ;
#827 = ADVANCED_FACE ( 'NONE', ( #2600 ), #2415, .T. ) ;
#828 = VERTEX_POINT ( 'NONE', #1600 ) ;
#829 = VECTOR ( 'NONE', #797, 1000.000000000000114 ) ;
#830 = EDGE_CURVE ( 'NONE', #310, #1344, #1410, .T. ) ;
#831 = CARTESIAN_POINT ( 'NONE',  ( -39.56571728214724715, 6.572996832456834859, -8.195514397244563654 ) ) ;
#832 = CARTESIAN_POINT ( 'NONE',  ( -32.75727575957893833, 17.47999999999989029, -8.964455088577199859 ) ) ;
#833 = VECTOR ( 'NONE', #810, 1000.000000000000000 ) ;
#834 = CARTESIAN_POINT ( 'NONE',  ( -31.95351307366456339, 18.91960286616771469, -8.741953993728987626 ) ) ;
#835 = CARTESIAN_POINT ( 'NONE',  ( 38.19999999999998153, -4.814824860968089633E-31, -1.084202172485504434E-16 ) ) ;
#836 = CARTESIAN_POINT ( 'NONE',  ( -31.51294243917011784, 19.75247562086595465, 8.993849479984662665 ) ) ;
#837 = CARTESIAN_POINT ( 'NONE',  ( -32.43634284150005698, 18.43180804496566694, -8.347662558927172682 ) ) ;
#838 = CARTESIAN_POINT ( 'NONE',  ( 38.19999999999998153, -4.814824860968089633E-31, -1.084202172485504434E-16 ) ) ;
#839 = CARTESIAN_POINT ( 'NONE',  ( 28.78125038593514873, 27.00000000000000355, -3.508444522209928529 ) ) ;
#840 = CARTESIAN_POINT ( 'NONE',  ( -31.42522786666722467, 20.43511697085753553, 1.126276367271300316 ) ) ;
#841 = CARTESIAN_POINT ( 'NONE',  ( -28.75187825658726481, 23.53770456312587811, -3.655748195643257148 ) ) ;
#842 = ORIENTED_EDGE ( 'NONE', *, *, #2183, .T. ) ;
#843 = CARTESIAN_POINT ( 'NONE',  ( -36.98235738111608129, 8.117772543118965022E-16, -19.68257275257090555 ) ) ;
#844 = CARTESIAN_POINT ( 'NONE',  ( -28.23598839778162173, 22.82688313431687277, 8.976209233150257205 ) ) ;
#845 = CARTESIAN_POINT ( 'NONE',  ( -30.58537851632598858, 20.81471771601560050, -0.7056167018417968118 ) ) ;
#846 =( BOUNDED_SURFACE ( )  B_SPLINE_SURFACE ( 3, 2, ( 
 ( #2192, #1755, #1123 ),
 ( #2604, #695, #1547 ),
 ( #2437, #2405, #1370 ),
 ( #930, #63, #2621 ),
 ( #492, #1357, #1139 ),
 ( #2003, #2218, #291 ),
 ( #2267, #1615, #1833 ),
 ( #1423, #1179, #980 ),
 ( #131, #2243, #1209 ),
 ( #2673, #2475, #1397 ),
 ( #2052, #1590, #320 ),
 ( #1850, #533, #766 ),
 ( #348, #107, #2684 ),
 ( #742, #1166, #520 ),
 ( #2031, #548, #1409 ),
 ( #956, #2257, #2661 ) ),
 .UNSPECIFIED., .F., .F., .F. ) 
 B_SPLINE_SURFACE_WITH_KNOTS ( ( 4, 2, 2, 2, 2, 2, 2, 4 ),
 ( 3, 3 ),
 ( 0.000000000000000000, 0.0002508176185787627235, 0.0003762264278681440853, 0.0005016352371575254470, 0.0007524528557362881705, 0.001003270474315050894, 0.001504905711472576341, 0.002006540948630101788 ),
 ( 0.000000000000000000, 1.000000000000000000 ),
 .UNSPECIFIED. ) 
 GEOMETRIC_REPRESENTATION_ITEM ( )  RATIONAL_B_SPLINE_SURFACE ( (
 ( 1.000000000000000000, 0.8741524703844446575, 1.000000000000000000),
 ( 1.000000000000000000, 0.8769830964845887200, 1.000000000000000000),
 ( 1.000000000000000000, 0.8788106593351561191, 1.000000000000000000),
 ( 1.000000000000000000, 0.8798664760454979472, 1.000000000000000000),
 ( 1.000000000000000000, 0.8799479116139384827, 1.000000000000000000),
 ( 1.000000000000000000, 0.8795575440701098868, 1.000000000000000000),
 ( 1.000000000000000000, 0.8791100302207667250, 1.000000000000000000),
 ( 1.000000000000000000, 0.8767684338536705368, 1.000000000000000000),
 ( 1.000000000000000000, 0.8742962773222849870, 1.000000000000000000),
 ( 1.000000000000000000, 0.8668204305417518407, 1.000000000000000000),
 ( 1.000000000000000000, 0.8622004338289005476, 1.000000000000000000),
 ( 1.000000000000000000, 0.8457251400511317518, 1.000000000000000000),
 ( 1.000000000000000000, 0.8309254856980364812, 1.000000000000000000),
 ( 1.000000000000000000, 0.7971673307604746350, 1.000000000000000000),
 ( 1.000000000000000000, 0.7784382816377896086, 1.000000000000000000),
 ( 1.000000000000000000, 0.7574231712008793194, 1.000000000000000000) ) ) 
 REPRESENTATION_ITEM ( '' )  SURFACE ( )  );
#847 = CARTESIAN_POINT ( 'NONE',  ( -28.73790395272110132, 17.27063778671409011, 6.205367013212292449 ) ) ;
#848 = CARTESIAN_POINT ( 'NONE',  ( 23.78156542430928866, 5.675280747238560903E-15, 34.08139671492534717 ) ) ;
#849 = CARTESIAN_POINT ( 'NONE',  ( -32.37425125735455822, 18.51322717553905761, 8.431319930626626657 ) ) ;
#850 = CARTESIAN_POINT ( 'NONE',  ( 24.46772097365728271, 27.00000000000001066, -15.73789314778936621 ) ) ;
#851 = CARTESIAN_POINT ( 'NONE',  ( 7.396988043970688764, -5.462972816694893280E-16, 38.76579530383208549 ) ) ;
#852 = CARTESIAN_POINT ( 'NONE',  ( -30.85926597694898987, 27.00000000000000355, -0.0002148530352487619825 ) ) ;
#853 = CARTESIAN_POINT ( 'NONE',  ( -31.42522786440317972, 20.63288672484276631, 0.7912053096943079122 ) ) ;
#854 = CARTESIAN_POINT ( 'NONE',  ( -30.60809079908971597, 20.25958509908184624, 10.91112024187060214 ) ) ;
#855 = CARTESIAN_POINT ( 'NONE',  ( -33.21909157521309908, 21.91005041002698661, 7.071424980965924867 ) ) ;
#856 = ORIENTED_EDGE ( 'NONE', *, *, #2688, .F. ) ;
#857 = CARTESIAN_POINT ( 'NONE',  ( -38.52571848717749248, 2.838929907793292155E-16, 14.36104515279771654 ) ) ;
#858 = CARTESIAN_POINT ( 'NONE',  ( -30.44680499297050957, 21.83328225916994825, -7.553224438163032239 ) ) ;
#859 = CARTESIAN_POINT ( 'NONE',  ( -28.21019901881040681, 23.00720143871700429, -8.559050309863376782 ) ) ;
#860 = ORIENTED_EDGE ( 'NONE', *, *, #606, .F. ) ;
#861 = EDGE_CURVE ( 'NONE', #984, #417, #1342, .T. ) ;
#862 = CARTESIAN_POINT ( 'NONE',  ( -32.07656716026407651, 18.91960286616771469, -8.741953993728987626 ) ) ;
#863 = CARTESIAN_POINT ( 'NONE',  ( -30.58537851632599214, 20.81471771601559695, -0.7056167018418123549 ) ) ;
#864 = CARTESIAN_POINT ( 'NONE',  ( -31.92884202060605148, 19.13129284889667048, 8.842081521677590317 ) ) ;
#865 = CARTESIAN_POINT ( 'NONE',  ( -31.98689075385849989, 18.25306674361552339, -10.56302618135141103 ) ) ;
#866 = CARTESIAN_POINT ( 'NONE',  ( 27.41923271643175042, 17.18450006625665338, 28.20320066278528159 ) ) ;
#867 = CARTESIAN_POINT ( 'NONE',  ( -31.19870155767792852, 19.71234359983253626, 1.663719722757116992 ) ) ;
#868 = CARTESIAN_POINT ( 'NONE',  ( -31.50888063526753768, 19.28064039113968064, -1.908179977245572534 ) ) ;
#869 = B_SPLINE_CURVE_WITH_KNOTS ( 'NONE', 3,
 ( #2444, #515, #1118, #466, #2643, #1984, #2011, #1770, #2458, #1134, #2025, #56 ),
 .UNSPECIFIED., .F., .F.,
 ( 4, 2, 2, 2, 2, 4 ),
 ( 0.000000000000000000, 0.0005090380128636297179, 0.001018076025727259436, 0.001527114038590889370, 0.001781633045022701844, 0.002036152051454514535 ),
 .UNSPECIFIED. ) ;
#870 = CARTESIAN_POINT ( 'NONE',  ( -33.61301973792463826, 21.91005041000229525, -4.704797237040077462 ) ) ;
#871 = VERTEX_POINT ( 'NONE', #569 ) ;
#872 = CARTESIAN_POINT ( 'NONE',  ( -30.55393527417785648, 21.45483577983816303, -8.272235268451991530 ) ) ;
#873 = CARTESIAN_POINT ( 'NONE',  ( -28.38617364259074094, 23.47063778671421730, -6.207066398577259392 ) ) ;
#874 = VERTEX_POINT ( 'NONE', #1231 ) ;
#875 = CARTESIAN_POINT ( 'NONE',  ( -32.70480865693637185, 17.18450006625665338, -23.33298262979385029 ) ) ;
#876 = CARTESIAN_POINT ( 'NONE',  ( -32.82566566406858755, 17.97295223612957216, -7.565422414100320125 ) ) ;
#877 = CARTESIAN_POINT ( 'NONE',  ( -36.01919044319487995, 17.91005040998614817, -2.429277552003985097 ) ) ;
#878 = CARTESIAN_POINT ( 'NONE',  ( -30.86937740835481137, 20.81604246718152851, 8.787677879916270030 ) ) ;
#879 = DIRECTION ( 'NONE',  ( -1.000000000000000000, 0.000000000000000000, 0.000000000000000000 ) ) ;
#880 = CARTESIAN_POINT ( 'NONE',  ( -36.98235738111609550, 10.36793716495175843, -19.68257275257091266 ) ) ;
#881 = FACE_OUTER_BOUND ( 'NONE', #2408, .T. ) ;
#882 = DIRECTION ( 'NONE',  ( 1.000000000000000000, 3.503037909166937384E-31, 1.445602896647332211E-15 ) ) ;
#883 = EDGE_CURVE ( 'NONE', #2741, #1158, #697, .T. ) ;
#884 = CARTESIAN_POINT ( 'NONE',  ( -29.29999541494278859, 21.91005041002700082, -7.000079152955382966 ) ) ;
#885 = ORIENTED_EDGE ( 'NONE', *, *, #1478, .T. ) ;
#886 = CARTESIAN_POINT ( 'NONE',  ( -34.70498361826305711, 19.28906141191895784, -7.748011244094454852 ) ) ;
#887 = CARTESIAN_POINT ( 'NONE',  ( -31.31198302307613091, 19.51884746136465409, 1.519703408916153409 ) ) ;
#888 = CARTESIAN_POINT ( 'NONE',  ( -31.42522784611161768, 20.38086952914524375, -1.158049076259342280 ) ) ;
#889 = ORIENTED_EDGE ( 'NONE', *, *, #123, .T. ) ;
#890 = CARTESIAN_POINT ( 'NONE',  ( -37.44674570402663250, 17.18450006625665694, -7.968573816052999827E-06 ) ) ;
#891 = CARTESIAN_POINT ( 'NONE',  ( -33.04462700725748903, 17.41431395151996853, -7.639081565488169190 ) ) ;
#892 = CARTESIAN_POINT ( 'NONE',  ( -31.42522785015232500, 20.63288672494288178, -0.7227574448543250263 ) ) ;
#893 = CARTESIAN_POINT ( 'NONE',  ( -30.65757550934836217, 21.22540066759331623, 8.506550545127035790 ) ) ;
#894 = CARTESIAN_POINT ( 'NONE',  ( 33.28520737522689643, -9.773963522079535682E-16, 24.56893319661410757 ) ) ;
#895 = EDGE_CURVE ( 'NONE', #1438, #2352, #321, .T. ) ;
#896 = CARTESIAN_POINT ( 'NONE',  ( 7.163447989877452571, 17.18450006625665338, 36.28997124513652750 ) ) ;
#897 = CARTESIAN_POINT ( 'NONE',  ( -32.74616844861355247, 17.39629894838024526, 9.510656215594758933 ) ) ;
#898 = CARTESIAN_POINT ( 'NONE',  ( -31.53948615611297512, 19.11047449789604258, 1.626783689503816799 ) ) ;
#899 = VERTEX_POINT ( 'NONE', #2034 ) ;
#900 = CARTESIAN_POINT ( 'NONE',  ( -33.68521173326437435, 18.96998911171834123, -8.769902091480275885 ) ) ;
#901 = CARTESIAN_POINT ( 'NONE',  ( -32.81015763722201228, 21.49345088502495926, -8.249964734149443757 ) ) ;
#902 = CARTESIAN_POINT ( 'NONE',  ( -29.53999879410648788, 22.15759742007194077, 9.969945748893557891 ) ) ;
#903 = ORIENTED_EDGE ( 'NONE', *, *, #1783, .T. ) ;
#904 = B_SPLINE_CURVE_WITH_KNOTS ( 'NONE', 3,
 ( #1562, #1356, #1774, #2204, #955, #2002, #505, #1165, #2217, #290, #92, #1013, #333, #585, #2694, #1194, #1859, #794, #2518, #383, #151, #776, #130, #560, #616, #2733, #2256, #1234, #1663, #2051 ),
 .UNSPECIFIED., .F., .F.,
 ( 4, 2, 2, 2, 2, 2, 2, 2, 2, 2, 2, 2, 2, 2, 4 ),
 ( 0.000000000000000000, 0.0004282073593758414245, 0.0008564147187516828489, 0.001712829437503365264, 0.002141036796879211297, 0.002569244156255057546, 0.002997451515630903361, 0.003425658875006749610, 0.003853866234382595859, 0.004282073593758441675, 0.005138488312510130704, 0.005566695671885977387, 0.005994903031261822335, 0.006423110390637669018, 0.006851317750013514833 ),
 .UNSPECIFIED. ) ;
#905 = CARTESIAN_POINT ( 'NONE',  ( 34.49345443709609071, 17.18450006625664983, -13.83920482500840166 ) ) ;
#906 = CARTESIAN_POINT ( 'NONE',  ( -32.59489473714278063, 19.27963863229281216, -1.894319401343970588 ) ) ;
#907 = CARTESIAN_POINT ( 'NONE',  ( -28.21019725693959046, 23.00720209177935160, -8.559050661673401450 ) ) ;
#908 = B_SPLINE_SURFACE_WITH_KNOTS ( 'NONE', 3, 1, ( 
 ( #2166, #238 ),
 ( #2594, #684 ),
 ( #2395, #1325 ),
 ( #1764, #1979 ),
 ( #902, #510 ),
 ( #1221, #2451 ),
 ( #68, #82 ),
 ( #933, #946 ),
 ( #360, #96 ),
 ( #1993, #1360 ),
 ( #717, #993 ),
 ( #2696, #1387 ) ),
 .UNSPECIFIED., .F., .F., .F.,
 ( 4, 1, 1, 1, 1, 1, 1, 1, 1, 4 ),
 ( 2, 2 ),
 ( 0.000000000000000000, 0.02683139372254583765, 0.07875011421691846536, 0.1297411818810484396, 0.1762951495841804661, 0.2246564825001811094, 0.2745949996764628365, 0.3254853599799760744, 0.3765798338798037048, 0.3940384822142688481 ),
 ( 0.000000000000000000, 1.000000000000000000 ),
 .UNSPECIFIED. ) ;
#909 = CARTESIAN_POINT ( 'NONE',  ( -30.50002964684139073, 21.91005041002699372, 6.999920847044613481 ) ) ;
#910 = CARTESIAN_POINT ( 'NONE',  ( -33.44037878098397698, 21.39609612924846616, 7.681181176083735629 ) ) ;
#911 = CARTESIAN_POINT ( 'NONE',  ( -32.77853484532855077, 21.91005041002713938, 7.142126564181200621 ) ) ;
#912 = CARTESIAN_POINT ( 'NONE',  ( -39.56579527270746865, 10.36793716495175843, 8.196988204272777523 ) ) ;
#913 = CARTESIAN_POINT ( 'NONE',  ( -30.37614516503175111, 21.59595055993293045, -8.085101172379156154 ) ) ;
#914 = CARTESIAN_POINT ( 'NONE',  ( -34.36530008835590877, 19.75135199407185027, 8.177020308424719275 ) ) ;
#915 = CARTESIAN_POINT ( 'NONE',  ( -32.79787676102316141, 17.91005041002699727, 7.143548856183703499 ) ) ;
#916 = CARTESIAN_POINT ( 'NONE',  ( -34.45727437197871268, 19.61891809122861119, -8.095231851767017872 ) ) ;
#917 = ADVANCED_FACE ( 'NONE', ( #1550 ), #2685, .T. ) ;
#918 = CARTESIAN_POINT ( 'NONE',  ( -31.75015385390549127, 18.56772768789081596, 10.74816704968694658 ) ) ;
#919 = CARTESIAN_POINT ( 'NONE',  ( -30.98086435785158343, 20.61906307228413482, -8.870189106828217263 ) ) ;
#920 = CARTESIAN_POINT ( 'NONE',  ( -33.04280865739440998, 20.36575159619144060, -9.002679639392384914 ) ) ;
#921 = CLOSED_SHELL ( 'NONE', ( #25, #539, #2455, #1914, #83, #1818, #309, #1759, #1064, #1014, #1618, #592, #827, #115, #1085, #917, #628, #1517, #379, #698, #280, #1175, #362, #1895, #1336, #2151, #2392, #103, #315, #132, #1538, #322, #2477, #576, #1668, #543 ) ) ;
#922 = ORIENTED_EDGE ( 'NONE', *, *, #2591, .F. ) ;
#923 = CARTESIAN_POINT ( 'NONE',  ( 7.163447989877452571, 17.18450006625665338, 36.28997124513652750 ) ) ;
#924 = CARTESIAN_POINT ( 'NONE',  ( -31.42525230471849440, 19.82638887436075237, -1.223570838352960211 ) ) ;
#925 = CARTESIAN_POINT ( 'NONE',  ( -31.42522785453547129, 20.63288672494345022, -0.2412013872762020783 ) ) ;
#926 = CARTESIAN_POINT ( 'NONE',  ( -33.43690335912506129, 21.53304857372106085, 7.193233050486094626 ) ) ;
#927 = CARTESIAN_POINT ( 'NONE',  ( -29.29999541494278859, 21.91005041002699016, 6.999920847044612593 ) ) ;
#928 = CARTESIAN_POINT ( 'NONE',  ( -30.80265778277764355, 10.36793716495175843, -29.97464097803622352 ) ) ;
#929 = CARTESIAN_POINT ( 'NONE',  ( -30.44141569842261319, 21.42865731428646114, -8.309035945075796903 ) ) ;
#930 = CARTESIAN_POINT ( 'NONE',  ( -32.75413308456278827, 21.85231706296880461, -7.482159008465433025 ) ) ;
#931 = CARTESIAN_POINT ( 'NONE',  ( -33.49988057266216401, 19.43281450631683427, -8.958327555183743129 ) ) ;
#932 = CARTESIAN_POINT ( 'NONE',  ( -32.78042893023476267, 21.91005041002699016, 6.999920847044611705 ) ) ;
#933 = CARTESIAN_POINT ( 'NONE',  ( -30.36236423945144125, 20.66508154852562740, 10.82610224174568536 ) ) ;
#934 = ORIENTED_EDGE ( 'NONE', *, *, #982, .T. ) ;
#935 = CARTESIAN_POINT ( 'NONE',  ( -28.00099464772914715, 27.00000000000000000, -12.13603532741984381 ) ) ;
#936 = CARTESIAN_POINT ( 'NONE',  ( -31.30818616564996049, 21.29657554042103484, -3.716724904709121091 ) ) ;
#937 = CARTESIAN_POINT ( 'NONE',  ( -31.67327367103770541, 17.47999999999989029, -8.964455088577139463 ) ) ;
#938 = CARTESIAN_POINT ( 'NONE',  ( -33.64577076546359535, 21.52754960197237821, 5.933142977855190736 ) ) ;
#939 = CARTESIAN_POINT ( 'NONE',  ( -32.92800413260929560, 21.06542693650193954, 8.654575436908597652 ) ) ;
#940 = CARTESIAN_POINT ( 'NONE',  ( -31.59834359370146473, 19.05805941459705366, -0.5845108642684357925 ) ) ;
#941 = CARTESIAN_POINT ( 'NONE',  ( 38.20000053929234696, 6.572996832456837524, -0.9675849595350541898 ) ) ;
#942 = CARTESIAN_POINT ( 'NONE',  ( -29.26724314079803690, 23.16231170814662832, 8.178477802040880817 ) ) ;
#943 = CARTESIAN_POINT ( 'NONE',  ( -34.70378045941941991, 19.29061569921179142, 7.750214360282837056 ) ) ;
#944 = CARTESIAN_POINT ( 'NONE',  ( -35.48407065945094274, 17.96462820011200279, -7.576734373549883550 ) ) ;
#945 = CARTESIAN_POINT ( 'NONE',  ( -32.74791325244393647, 21.85521560785234385, -7.535568257391759062 ) ) ;
#946 = CARTESIAN_POINT ( 'NONE',  ( -29.27781899308870805, 20.66508154852563095, 10.82610224174568714 ) ) ;
#947 = VERTEX_POINT ( 'NONE', #1639 ) ;
#948 = CARTESIAN_POINT ( 'NONE',  ( 31.10223660870761364, 17.18450006625664983, 23.33780601098411722 ) ) ;
#949 = CARTESIAN_POINT ( 'NONE',  ( -30.49835058203683857, 21.59622303187675030, -8.084674977842819743 ) ) ;
#950 = CYLINDRICAL_SURFACE ( 'NONE', #1273, 1.999999999999998224 ) ;
#951 = CARTESIAN_POINT ( 'NONE',  ( -31.42522786794486223, 19.79613209471074597, 1.230858126321098922 ) ) ;
#952 = CARTESIAN_POINT ( 'NONE',  ( -33.32558915493078899, 19.89829686170984502, 8.999878441488011305 ) ) ;
#953 = DIRECTION ( 'NONE',  ( 0.9998100173902099153, 0.000000000000000000, 0.01949177072993323392 ) ) ;
#954 = CARTESIAN_POINT ( 'NONE',  ( 38.15568745788040417, 10.36793716495175843, 3.901674256157392939 ) ) ;
#955 = CARTESIAN_POINT ( 'NONE',  ( -32.66065480549054456, 18.02654824314864968, 7.685801890813515946 ) ) ;
#956 = CARTESIAN_POINT ( 'NONE',  ( -33.32562613957689024, 19.89806617318847159, -9.000034830046216072 ) ) ;
#957 = EDGE_CURVE ( 'NONE', #475, #2606, #2331, .T. ) ;
#958 = CARTESIAN_POINT ( 'NONE',  ( -31.31606615117765102, 17.76333763144319988, -9.998602002564805247 ) ) ;
#959 = ORIENTED_EDGE ( 'NONE', *, *, #1126, .T. ) ;
#960 = CARTESIAN_POINT ( 'NONE',  ( -36.97793790795736868, 10.36793716495175843, 19.69666712415104115 ) ) ;
#961 = CARTESIAN_POINT ( 'NONE',  ( -29.29380079791799218, 22.92651371934980631, -8.755852164292228679 ) ) ;
#962 = CARTESIAN_POINT ( 'NONE',  ( -33.48041032820187723, 20.01464632968013291, 8.999569353650411330 ) ) ;
#963 = CARTESIAN_POINT ( 'NONE',  ( -32.75849152763642280, 21.89593500277202409, 7.275854293274810480 ) ) ;
#964 = CARTESIAN_POINT ( 'NONE',  ( -33.57494974379979880, 20.10941550536204758, 8.992783575919224504 ) ) ;
#965 = CARTESIAN_POINT ( 'NONE',  ( -34.88139804978386849, 6.572996832456844629, 24.58155834860386335 ) ) ;
#966 = CYLINDRICAL_SURFACE ( 'NONE', #1198, 2.000000000000001776 ) ;
#967 = AXIS2_PLACEMENT_3D ( 'NONE', #692, #2013, #1560 ) ;
#968 = EDGE_CURVE ( 'NONE', #1081, #699, #767, .T. ) ;
#969 = VECTOR ( 'NONE', #1454, 1000.000000000000000 ) ;
#970 = CARTESIAN_POINT ( 'NONE',  ( -30.74938677302478141, 18.46105407333029191, -10.68962880634413892 ) ) ;
#971 = ORIENTED_EDGE ( 'NONE', *, *, #830, .F. ) ;
#972 = CARTESIAN_POINT ( 'NONE',  ( -32.65353727598375855, 18.02647275128015636, 7.685595273652654491 ) ) ;
#973 = CARTESIAN_POINT ( 'NONE',  ( 38.19999999999999574, 6.572996832456838412, 5.421010862427522170E-17 ) ) ;
#974 = CARTESIAN_POINT ( 'NONE',  ( -31.59865548796812718, 19.04013857134616217, -2.272939156285759726E-06 ) ) ;
#975 = CARTESIAN_POINT ( 'NONE',  ( 42.87813405840697811, 19.91005041002700082, -9.000079152955386519 ) ) ;
#976 = DIRECTION ( 'NONE',  ( 1.000000000000000000, 0.000000000000000000, 0.000000000000000000 ) ) ;
#977 = CARTESIAN_POINT ( 'NONE',  ( -33.05565721938003065, 21.03991389193532058, 8.671929021361847845 ) ) ;
#978 = CARTESIAN_POINT ( 'NONE',  ( 7.396988043970690541, 6.572996832456840188, 38.76579530383209971 ) ) ;
#979 = LINE ( 'NONE', #2530, #342 ) ;
#980 = CARTESIAN_POINT ( 'NONE',  ( -33.44031820071189287, 21.39608734953518976, -7.681431428963647612 ) ) ;
#981 = CARTESIAN_POINT ( 'NONE',  ( -30.60588483770390766, 21.33322679112793097, 8.411564277915646315 ) ) ;
#982 = EDGE_CURVE ( 'NONE', #769, #2194, #1197, .T. ) ;
#983 = CARTESIAN_POINT ( 'NONE',  ( -32.39844423256060679, 17.76355876789265409, 9.998890156419815156 ) ) ;
#984 = VERTEX_POINT ( 'NONE', #2245 ) ;
#985 = CARTESIAN_POINT ( 'NONE',  ( 18.89666641139919179, 10.36793716495175843, 36.17793804999100615 ) ) ;
#986 = CARTESIAN_POINT ( 'NONE',  ( -31.43467462381081745, 19.25499379164057956, 2.118975370888441567 ) ) ;
#987 = CARTESIAN_POINT ( 'NONE',  ( -34.37189940660955045, 19.74012470138633901, -8.178964710055732112 ) ) ;
#988 = CARTESIAN_POINT ( 'NONE',  ( -32.91350561117094742, 21.11655589408040257, 8.616684462592600013 ) ) ;
#989 = CARTESIAN_POINT ( 'NONE',  ( -33.44208327012405846, 20.33573460824734624, 8.957956481899623569 ) ) ;
#990 = CARTESIAN_POINT ( 'NONE',  ( 38.20000053929233985, -5.061111585812849796E-16, -0.9675849595350546339 ) ) ;
#991 = CARTESIAN_POINT ( 'NONE',  ( -32.68123068830730205, 18.13013917078761850, 7.920170592505535012 ) ) ;
#992 = CARTESIAN_POINT ( 'NONE',  ( -31.66225304100574789, 19.52453532117010582, -8.962954159152545230 ) ) ;
#993 = CARTESIAN_POINT ( 'NONE',  ( -30.07207092950070404, 19.42618138135598826, 10.96465625799586263 ) ) ;
#994 = ORIENTED_EDGE ( 'NONE', *, *, #2511, .F. ) ;
#995 = CARTESIAN_POINT ( 'NONE',  ( -25.36365792774717676, 10.36793716495175310, 34.08800727911785344 ) ) ;
#996 = CARTESIAN_POINT ( 'NONE',  ( -30.27695163026647052, 20.79279919048816438, -10.77692641913864158 ) ) ;
#997 = CARTESIAN_POINT ( 'NONE',  ( -28.91504432787892398, 21.22509320639355579, 10.95491937701416418 ) ) ;
#998 = CARTESIAN_POINT ( 'NONE',  ( -32.75282314164157071, 21.84360643889815279, 7.528397926933225293 ) ) ;
#999 = CARTESIAN_POINT ( 'NONE',  ( -32.81087960401970349, 21.59938915748730892, 8.079353038517618657 ) ) ;
#1000 = CARTESIAN_POINT ( 'NONE',  ( -33.32107356713942892, 19.91005041002700082, -9.000079152955386519 ) ) ;
#1001 = CARTESIAN_POINT ( 'NONE',  ( -31.53336939410052864, 19.09293255163562364, 1.907309143587264222 ) ) ;
#1002 = CARTESIAN_POINT ( 'NONE',  ( -32.06196399428992549, 18.94045740510059161, -8.750684451274210574 ) ) ;
#1003 = CARTESIAN_POINT ( 'NONE',  ( 28.78123507064868747, 27.00000000000001066, 3.508436639179045802 ) ) ;
#1004 = CARTESIAN_POINT ( 'NONE',  ( -32.77856570374107292, 21.91005041002699016, -7.141985824529760940 ) ) ;
#1005 = CARTESIAN_POINT ( 'NONE',  ( -30.32452904168397723, 21.78775307015971663, 7.703494915914039787 ) ) ;
#1006 = ORIENTED_EDGE ( 'NONE', *, *, #2123, .F. ) ;
#1007 = CARTESIAN_POINT ( 'NONE',  ( -0.8000554637952119741, 9.633488720684001676E-16, -39.13099369988314891 ) ) ;
#1008 = CARTESIAN_POINT ( 'NONE',  ( -31.93514829653718579, 17.47999999999987608, -7.474722379055100951 ) ) ;
#1009 = CARTESIAN_POINT ( 'NONE',  ( -31.11643274026005201, 19.85497948096208987, -1.702813288591263463 ) ) ;
#1010 = ORIENTED_EDGE ( 'NONE', *, *, #1839, .F. ) ;
#1011 = CARTESIAN_POINT ( 'NONE',  ( -34.83496387025130048, 19.14179386912436698, 7.446533295524348617 ) ) ;
#1012 = CARTESIAN_POINT ( 'NONE',  ( 37.80141217106334750, 4.781518885396695120E-16, -9.176233897550394758 ) ) ;
#1013 = CARTESIAN_POINT ( 'NONE',  ( -31.72731762722121118, 19.25055733583918993, 8.891910247808409551 ) ) ;
#1014 = ADVANCED_FACE ( 'NONE', ( #2273 ), #1481, .T. ) ;
#1015 = CARTESIAN_POINT ( 'NONE',  ( 14.93087973244539235, 27.00000000000000000, -25.27168062845680296 ) ) ;
#1016 = CARTESIAN_POINT ( 'NONE',  ( -31.67334274246437431, 17.47999999999988319, 8.964375745549805430 ) ) ;
#1017 = CARTESIAN_POINT ( 'NONE',  ( -30.02184775264973027, 23.47063778671424217, -2.078935478552705884 ) ) ;
#1018 = PRODUCT_RELATED_PRODUCT_CATEGORY ( 'part', '', ( #1046 ) ) ;
#1019 = ORIENTED_EDGE ( 'NONE', *, *, #1822, .T. ) ;
#1020 = CARTESIAN_POINT ( 'NONE',  ( -31.42522784494550336, 19.66755686130019853, -1.294467238843524326 ) ) ;
#1021 = CARTESIAN_POINT ( 'NONE',  ( -31.50939535330759966, 19.27961364295420665, 1.908136714601393891 ) ) ;
#1022 = ORIENTED_EDGE ( 'NONE', *, *, #830, .T. ) ;
#1023 = FACE_OUTER_BOUND ( 'NONE', #145, .T. ) ;
#1024 = CARTESIAN_POINT ( 'NONE',  ( 33.28139125995623715, -9.914702344060203512E-16, -24.58154408882184683 ) ) ;
#1025 = CARTESIAN_POINT ( 'NONE',  ( -30.33773859365741643, 21.16008823886986079, -1.892024429903036209 ) ) ;
#1026 = CARTESIAN_POINT ( 'NONE',  ( -31.43761466438570906, 19.49461976445578415, 1.397689425497179228 ) ) ;
#1027 = EDGE_CURVE ( 'NONE', #1500, #2194, #1532, .T. ) ;
#1028 = CARTESIAN_POINT ( 'NONE',  ( -16.53819085313234538, 26.99999999999999289, -25.26771134632144111 ) ) ;
#1029 = CARTESIAN_POINT ( 'NONE',  ( -32.78042893023476267, 21.91005041002699016, 6.999920847044611705 ) ) ;
#1030 = CARTESIAN_POINT ( 'NONE',  ( -31.40444631605089043, 19.27241040979483344, -3.814960115066396096 ) ) ;
#1031 = EDGE_CURVE ( 'NONE', #2580, #2178, #2590, .T. ) ;
#1032 = CARTESIAN_POINT ( 'NONE',  ( -31.37939302794313079, 19.96014844277178213, 9.002901801079211452 ) ) ;
#1033 = EDGE_LOOP ( 'NONE', ( #2478, #1047, #1887, #168, #1699 ) ) ;
#1034 = CARTESIAN_POINT ( 'NONE',  ( 35.38088486335966820, 6.572996832456838412, 19.68781937559421991 ) ) ;
#1035 = CARTESIAN_POINT ( 'NONE',  ( -31.43099138190687825, 19.55520133852778741, -1.361930627146700878 ) ) ;
#1036 = CARTESIAN_POINT ( 'NONE',  ( -28.89396841728112619, 23.54321460145681044, -1.449471042790537248E-05 ) ) ;
#1037 = ORIENTED_EDGE ( 'NONE', *, *, #330, .F. ) ;
#1038 = CARTESIAN_POINT ( 'NONE',  ( -32.55275438992232040, 18.13603593432310035, -7.933279680469553341 ) ) ;
#1039 = CARTESIAN_POINT ( 'NONE',  ( -30.77464338731230242, -2.030688490204730847E-15, 30.00265458205153379 ) ) ;
#1040 = CARTESIAN_POINT ( 'NONE',  ( -31.92493387026016549, 19.13694320939397642, 8.844456681925924713 ) ) ;
#1041 = CARTESIAN_POINT ( 'NONE',  ( 20.23911555343820723, 26.99999999999999645, 21.03842338406259671 ) ) ;
#1042 = CARTESIAN_POINT ( 'NONE',  ( -32.27871211354771219, 19.25800920700256924, 5.648745006792817769 ) ) ;
#1043 =( GEOMETRIC_REPRESENTATION_CONTEXT ( 3 ) GLOBAL_UNCERTAINTY_ASSIGNED_CONTEXT ( ( #2706 ) ) GLOBAL_UNIT_ASSIGNED_CONTEXT ( ( #1441, #2515, #1904 ) ) REPRESENTATION_CONTEXT ( 'NONE', 'WORKASPACE' ) );
#1044 = CARTESIAN_POINT ( 'NONE',  ( -27.80257229145477993, 23.48678923349839920, -8.961528606974699329 ) ) ;
#1045 = B_SPLINE_CURVE_WITH_KNOTS ( 'NONE', 3,
 ( #1624, #1420, #2264, #1430 ),
 .UNSPECIFIED., .F., .F.,
 ( 4, 4 ),
 ( 0.000000000000000000, 6.239814740629815222E-06 ),
 .UNSPECIFIED. ) ;
#1046 = PRODUCT ( 'Orbi_BaseButton', 'Orbi_BaseButton', '', ( #790 ) ) ;
#1047 = ORIENTED_EDGE ( 'NONE', *, *, #1622, .T. ) ;
#1048 = AXIS2_PLACEMENT_3D ( 'NONE', #884, #15, #2364 ) ;
#1049 = CARTESIAN_POINT ( 'NONE',  ( -25.38155833458777977, 1.359627182030623109E-15, -34.08139805129600575 ) ) ;
#1050 = CARTESIAN_POINT ( 'NONE',  ( -31.42555727843167190, 19.64345817708752051, -1.309231102205745678 ) ) ;
#1051 = FACE_OUTER_BOUND ( 'NONE', #1709, .T. ) ;
#1052 = VERTEX_POINT ( 'NONE', #1943 ) ;
#1053 = CARTESIAN_POINT ( 'NONE',  ( -31.48887371035551652, 19.59764264516303456, -8.990094253153870341 ) ) ;
#1054 = CARTESIAN_POINT ( 'NONE',  ( 37.80138171522818880, -6.667234774965439213E-15, 9.174659621813695765 ) ) ;
#1055 = CARTESIAN_POINT ( 'NONE',  ( -30.69423664427375797, 21.15033126288863485, 8.569430360320453133 ) ) ;
#1056 = CARTESIAN_POINT ( 'NONE',  ( -32.67165509380556188, 18.14097069663963069, -7.941374929859230214 ) ) ;
#1057 = CARTESIAN_POINT ( 'NONE',  ( -30.90624751166844675, 18.25282176720276439, 10.56276516158932388 ) ) ;
#1058 = CARTESIAN_POINT ( 'NONE',  ( -16.52737141970436596, 27.00000000000000000, 25.27356796518374438 ) ) ;
#1059 = CARTESIAN_POINT ( 'NONE',  ( -30.76537250577504423, 20.47702022250825848, 1.526424371393607204 ) ) ;
#1060 = CARTESIAN_POINT ( 'NONE',  ( -29.30953432303449802, 22.83606144758273260, 8.950298472275315831 ) ) ;
#1061 = CARTESIAN_POINT ( 'NONE',  ( -32.38605540320385501, 21.78941723261291230, 7.698823132591737561 ) ) ;
#1062 = CARTESIAN_POINT ( 'NONE',  ( -31.48807013729578586, 19.60135956555595627, 8.979588340831808679 ) ) ;
#1063 = ORIENTED_EDGE ( 'NONE', *, *, #2740, .T. ) ;
#1064 = ADVANCED_FACE ( 'NONE', ( #2346 ), #1343, .F. ) ;
#1065 = CARTESIAN_POINT ( 'NONE',  ( -34.88139804978386849, 6.572996832456844629, 24.58155834860386335 ) ) ;
#1066 = CARTESIAN_POINT ( 'NONE',  ( -28.45545354774375824, 22.15759742007194433, 9.969945748893559667 ) ) ;
#1067 = CARTESIAN_POINT ( 'NONE',  ( -28.19211248572389650, 23.16147278166908308, -8.182779531652661476 ) ) ;
#1068 = ORIENTED_EDGE ( 'NONE', *, *, #1899, .F. ) ;
#1069 = CARTESIAN_POINT ( 'NONE',  ( -30.72608922902981377, 20.82534610774509432, -8.859857717486768536 ) ) ;
#1070 = CARTESIAN_POINT ( 'NONE',  ( -29.30455475647028862, 22.92542736748329801, -8.757454688781425745 ) ) ;
#1071 = CARTESIAN_POINT ( 'NONE',  ( -31.53042103862727075, 19.72554573071743533, 8.991616986085629648 ) ) ;
#1072 = CARTESIAN_POINT ( 'NONE',  ( 11.33603091072209956, 26.99999999999999645, -27.20099929961188323 ) ) ;
#1073 = CARTESIAN_POINT ( 'NONE',  ( -15.15903637718100505, 2.754083472225141279E-15, 37.72608577892612658 ) ) ;
#1074 = CARTESIAN_POINT ( 'NONE',  ( -0.7999910584081348919, 17.18450006625665694, -36.64674493610429806 ) ) ;
#1075 = CARTESIAN_POINT ( 'NONE',  ( -30.89849803724917265, 20.16414656231391689, 2.490556051255066627 ) ) ;
#1076 = CARTESIAN_POINT ( 'NONE',  ( -31.95096916704009260, 17.41603651144881937, -7.693549639866708034 ) ) ;
#1077 = CARTESIAN_POINT ( 'NONE',  ( -34.02929668515974981, 21.51592185044676242, 2.369237594287887827 ) ) ;
#1078 = EDGE_LOOP ( 'NONE', ( #2452, #1717, #380, #364 ) ) ;
#1079 = CARTESIAN_POINT ( 'NONE',  ( -31.59865599634317235, 19.04013571852904008, 0.5715544853680557535 ) ) ;
#1080 = CARTESIAN_POINT ( 'NONE',  ( -32.75727575957893833, 17.47999999999989029, -8.964455088577199859 ) ) ;
#1081 = VERTEX_POINT ( 'NONE', #4 ) ;
#1082 = CARTESIAN_POINT ( 'NONE',  ( 28.89999999999999147, 26.99999999999999289, -1.084202172485504434E-16 ) ) ;
#1083 = B_SPLINE_CURVE_WITH_KNOTS ( 'NONE', 3,
 ( #1391, #1825, #1171, #2036, #2667, #761, #2514, #147, #2277, #2236, #2045, #2290, #312, #1228, #986, #555 ),
 .UNSPECIFIED., .F., .F.,
 ( 4, 2, 2, 2, 2, 2, 2, 4 ),
 ( 0.000000000000000000, 0.0004856124983516366079, 0.0009712249967032732158, 0.001456837495054909715, 0.001942449993406546865, 0.002913674990109817262, 0.003399287488461450076, 0.003884899986813087659 ),
 .UNSPECIFIED. ) ;
#1084 = CARTESIAN_POINT ( 'NONE',  ( -28.21062057567017689, 23.00359893694294655, -8.567838870735155155 ) ) ;
#1085 = ADVANCED_FACE ( 'NONE', ( #2134 ), #1823, .T. ) ;
#1086 = CARTESIAN_POINT ( 'NONE',  ( -29.33318465264497021, 22.75942948612313543, -9.115954744329870962 ) ) ;
#1087 = CARTESIAN_POINT ( 'NONE',  ( -30.56139182162090151, 21.43466444123536618, 8.301834995211649471 ) ) ;
#1088 = CARTESIAN_POINT ( 'NONE',  ( -30.43553034827235138, 18.89037373306813095, 10.89010771184459792 ) ) ;
#1089 = CARTESIAN_POINT ( 'NONE',  ( 38.15569304257446959, 10.36793716495175133, -3.901614992551775796 ) ) ;
#1090 = CARTESIAN_POINT ( 'NONE',  ( -30.86832862042406589, 20.29191380479520390, 1.664162923020922502 ) ) ;
#1091 = CARTESIAN_POINT ( 'NONE',  ( -34.50065031978478913, 19.55812484524237860, 8.049172548184882814 ) ) ;
#1092 = CARTESIAN_POINT ( 'NONE',  ( -32.80359805276575713, 20.80910491252755179, 8.803850521365205850 ) ) ;
#1093 = VERTEX_POINT ( 'NONE', #2406 ) ;
#1094 = CARTESIAN_POINT ( 'NONE',  ( -31.54141279083212623, 19.07972493307505957, 1.890058837439202666 ) ) ;
#1095 = CARTESIAN_POINT ( 'NONE',  ( -31.42522784718270046, 20.50377649465329455, -1.059585429124164424 ) ) ;
#1096 = AXIS2_PLACEMENT_3D ( 'NONE', #811, #636, #1667 ) ;
#1097 = EDGE_LOOP ( 'NONE', ( #2150, #1201, #1006 ) ) ;
#1098 = EDGE_CURVE ( 'NONE', #1438, #899, #1465, .T. ) ;
#1099 = CARTESIAN_POINT ( 'NONE',  ( -36.09377452808951148, 17.18450006625664983, -13.83756237862778882 ) ) ;
#1100 = CARTESIAN_POINT ( 'NONE',  ( -31.42522784522011747, 19.71500636297606945, -1.263988773771304475 ) ) ;
#1101 = CARTESIAN_POINT ( 'NONE',  ( -30.34835986659577145, 20.68822346359320008, -10.81800629621085541 ) ) ;
#1102 = CARTESIAN_POINT ( 'NONE',  ( -30.43427571826212130, 21.84567987720392779, 7.577343445503690766 ) ) ;
#1103 = AXIS2_PLACEMENT_3D ( 'NONE', #2156, #1704, #1952 ) ;
#1104 = CARTESIAN_POINT ( 'NONE',  ( -31.42522786331876361, 20.63288672494288534, 0.7229151783556813093 ) ) ;
#1105 = EDGE_CURVE ( 'NONE', #182, #871, #59, .T. ) ;
#1106 = CARTESIAN_POINT ( 'NONE',  ( -0.8000078850043657042, 17.18450006625665338, 36.64674573430564664 ) ) ;
#1107 = CARTESIAN_POINT ( 'NONE',  ( -31.11615772977892291, 19.85489204479105396, 1.715915271306793555 ) ) ;
#1108 = CARTESIAN_POINT ( 'NONE',  ( -33.81753895623156581, 18.65501106206285797, 8.562467649322858421 ) ) ;
#1109 = CARTESIAN_POINT ( 'NONE',  ( -32.39127509400805849, 21.89459723854757200, 7.285842817868473098 ) ) ;
#1110 = ORIENTED_EDGE ( 'NONE', *, *, #2270, .F. ) ;
#1111 = CARTESIAN_POINT ( 'NONE',  ( -33.77495102585158548, 18.75457896347510456, -8.637416691311452510 ) ) ;
#1112 = CARTESIAN_POINT ( 'NONE',  ( -31.33640517757830324, 20.02908087437159068, -8.997026901454905357 ) ) ;
#1113 = CYLINDRICAL_SURFACE ( 'NONE', #1415, 1.999999999999998224 ) ;
#1114 = ORIENTED_EDGE ( 'NONE', *, *, #2253, .T. ) ;
#1115 = CARTESIAN_POINT ( 'NONE',  ( -32.69808827346974311, 17.18450006625666049, 23.35015434190780326 ) ) ;
#1116 = CARTESIAN_POINT ( 'NONE',  ( -31.42522784552248538, 19.79461386815796686, -1.231114329164161303 ) ) ;
#1117 = CARTESIAN_POINT ( 'NONE',  ( -30.14793969885467462, 21.54797109825051038, 0.2316590394934072983 ) ) ;
#1118 = CARTESIAN_POINT ( 'NONE',  ( -33.81996030154089539, 20.61576790255806912, -8.295709140195153708 ) ) ;
#1119 = CARTESIAN_POINT ( 'NONE',  ( 38.19999946069728480, 5.061208745040848288E-16, 0.9676035344678742822 ) ) ;
#1120 = CARTESIAN_POINT ( 'NONE',  ( -32.42925346647082563, 21.91005041002713938, 6.999920847044624139 ) ) ;
#1121 = CARTESIAN_POINT ( 'NONE',  ( 35.67559062398913738, 17.18450006625666049, 3.796794921070651530 ) ) ;
#1122 = CARTESIAN_POINT ( 'NONE',  ( -29.28484903452883970, 23.00841825589751011, 8.554382825729970108 ) ) ;
#1123 = CARTESIAN_POINT ( 'NONE',  ( -33.45079537644343048, 21.53267847639374821, -7.109372740011858482 ) ) ;
#1124 = EDGE_CURVE ( 'NONE', #310, #2741, #1329, .T. ) ;
#1125 = CARTESIAN_POINT ( 'NONE',  ( -31.49855024250500080, 19.22374515212615975, 1.557655295023962605 ) ) ;
#1126 = EDGE_CURVE ( 'NONE', #874, #1500, #1949, .T. ) ;
#1127 = CARTESIAN_POINT ( 'NONE',  ( -34.74022064552215028, 19.24687069854933696, -7.676429032492955606 ) ) ;
#1128 = CARTESIAN_POINT ( 'NONE',  ( -30.89537248046119799, 20.77017461874906701, -8.805977307088989292 ) ) ;
#1129 = CARTESIAN_POINT ( 'NONE',  ( -29.28484903452883970, 23.00841825589751011, 8.554382825729970108 ) ) ;
#1130 = VERTEX_POINT ( 'NONE', #768 ) ;
#1131 = CARTESIAN_POINT ( 'NONE',  ( -8.123755979721909881, 26.99999999999999645, 29.05779875154268410 ) ) ;
#1132 = CARTESIAN_POINT ( 'NONE',  ( -31.42522784554970627, 19.80568778911972316, -1.228124960867218673 ) ) ;
#1133 = CARTESIAN_POINT ( 'NONE',  ( -35.39396118013463166, 19.08618822621108890, 2.368793738474002541 ) ) ;
#1134 = CARTESIAN_POINT ( 'NONE',  ( -33.42819313117531266, 21.52486133378128130, -7.276648720823462035 ) ) ;
#1135 = CARTESIAN_POINT ( 'NONE',  ( -33.43674383596584221, 21.53305275097043037, 7.194195535803100228 ) ) ;
#1136 = CARTESIAN_POINT ( 'NONE',  ( -28.94092839745702506, 23.47063778671424572, -2.078663371080287980 ) ) ;
#1137 = CARTESIAN_POINT ( 'NONE',  ( 31.10223660870761364, 17.18450006625664983, 23.33780601098411722 ) ) ;
#1138 = CARTESIAN_POINT ( 'NONE',  ( -32.55945398207968822, 18.13615945206836599, -7.933513106046449437 ) ) ;
#1139 = CARTESIAN_POINT ( 'NONE',  ( -33.42310339862451940, 21.48789450809057300, -7.444876751740508780 ) ) ;
#1140 = CARTESIAN_POINT ( 'NONE',  ( -34.31937823787014707, 19.81886443715573520, -8.210661337180177100 ) ) ;
#1141 = CARTESIAN_POINT ( 'NONE',  ( -30.61849456034500250, 21.30818699280662898, -8.430373166437131971 ) ) ;
#1142 = CARTESIAN_POINT ( 'NONE',  ( -32.40363294646290626, 21.91005041002699016, -7.141985824529760940 ) ) ;
#1143 = VECTOR ( 'NONE', #542, 1000.000000000000000 ) ;
#1144 = ORIENTED_EDGE ( 'NONE', *, *, #957, .F. ) ;
#1145 = CARTESIAN_POINT ( 'NONE',  ( 33.04183408300951186, 17.18450006625665694, -18.84182329929087274 ) ) ;
#1146 = CARTESIAN_POINT ( 'NONE',  ( -32.49167005970518574, 19.27096289092496662, -3.787206068859622299 ) ) ;
#1147 = CARTESIAN_POINT ( 'NONE',  ( -28.94090582864070171, 23.47063778671427414, -1.427246029598349314E-05 ) ) ;
#1148 = CARTESIAN_POINT ( 'NONE',  ( -30.44715288426306543, 21.91005041002699727, 7.290893770691747378 ) ) ;
#1149 = CARTESIAN_POINT ( 'NONE',  ( -33.45083236064757415, 21.53268185692592951, 7.109199850438902679 ) ) ;
#1150 = CARTESIAN_POINT ( 'NONE',  ( -31.00741538838122224, 21.91005041002700082, 1.166644483472871086 ) ) ;
#1151 = CARTESIAN_POINT ( 'NONE',  ( 35.38088486335966820, 10.36793716495176021, 19.68781937559422346 ) ) ;
#1152 = CARTESIAN_POINT ( 'NONE',  ( -31.65234192849863959, 19.35847352482474193, -8.937429512762133044 ) ) ;
#1153 = CARTESIAN_POINT ( 'NONE',  ( -34.91384227216138214, 18.68293429952162299, 8.657179600628989391 ) ) ;
#1154 =( BOUNDED_SURFACE ( )  B_SPLINE_SURFACE ( 2, 3, ( 
 ( #479, #1094, #269, #1779, #281, #2625 ),
 ( #716, #887, #2578, #1566, #2005, #2428 ),
 ( #1519, #494, #1962, #1744, #1359, #2207 ) ),
 .UNSPECIFIED., .F., .F., .F. ) 
 B_SPLINE_SURFACE_WITH_KNOTS ( ( 3, 3 ),
 ( 4, 2, 4 ),
 ( 0.000000000000000000, 1.000000000000000000 ),
 ( 0.007204485308026822854, 0.007641238600178699991, 0.008077991892330577128 ),
 .UNSPECIFIED. ) 
 GEOMETRIC_REPRESENTATION_ITEM ( )  RATIONAL_B_SPLINE_SURFACE ( (
 ( 1.000000000000000000, 1.000000000000000000, 1.000000000000000000, 1.000000000000000000, 1.000000000000000000, 1.000000000000000000),
 ( 0.9504276257669359573, 0.9558048907544671735, 0.9603607902590138856, 0.9669290594927022475, 0.9687772746645719746, 0.9688064331518000394),
 ( 1.000000000000000000, 1.000000000000000000, 1.000000000000000000, 1.000000000000000000, 1.000000000000000000, 1.000000000000000000) ) ) 
 REPRESENTATION_ITEM ( '' )  SURFACE ( )  );
#1155 = CARTESIAN_POINT ( 'NONE',  ( -35.14980069638436788, 18.35679364936149938, -8.346682024495915897 ) ) ;
#1156 = CARTESIAN_POINT ( 'NONE',  ( -30.81599162505963463, 20.91513234916748232, -8.730362855763967644 ) ) ;
#1157 = DIRECTION ( 'NONE',  ( -1.000000000000000000, 0.000000000000000000, 0.000000000000000000 ) ) ;
#1158 = VERTEX_POINT ( 'NONE', #550 ) ;
#1159 = CARTESIAN_POINT ( 'NONE',  ( 34.49372594629127065, 17.18450006625664273, 13.83765777520339668 ) ) ;
#1160 = CARTESIAN_POINT ( 'NONE',  ( -28.38368383743293677, 23.45841173780181066, -10.52852593118712399 ) ) ;
#1161 = FACE_OUTER_BOUND ( 'NONE', #1594, .T. ) ;
#1162 = CARTESIAN_POINT ( 'NONE',  ( -33.48564954087799350, 21.26610553588350783, 7.890601740910028639 ) ) ;
#1163 = DIRECTION ( 'NONE',  ( -0.01949159716949881022, -0.004220012604430885099, 0.9998011147890367711 ) ) ;
#1164 = CARTESIAN_POINT ( 'NONE',  ( -20.49666712806056168, 6.572996832456838412, -36.17793791683183713 ) ) ;
#1165 = CARTESIAN_POINT ( 'NONE',  ( -32.17876326184214264, 18.61635203526473958, 8.530322643944939998 ) ) ;
#1166 = CARTESIAN_POINT ( 'NONE',  ( -33.68296925556573740, 20.66361095540956327, -8.889135313637309466 ) ) ;
#1167 = CARTESIAN_POINT ( 'NONE',  ( -35.36530786291491069, 18.08837977827661092, -7.921818460454025157 ) ) ;
#1168 = CARTESIAN_POINT ( 'NONE',  ( -29.39040906664772024, 23.47063778671422085, -6.607492680914588412 ) ) ;
#1169 = EDGE_LOOP ( 'NONE', ( #2665, #1063, #2440, #1630, #1533 ) ) ;
#1170 = CARTESIAN_POINT ( 'NONE',  ( 13.55904588468191463, 10.36793716495176021, -37.72607904215553276 ) ) ;
#1171 = CARTESIAN_POINT ( 'NONE',  ( -30.14410423291747421, 21.53072270496405949, 1.018635434818453867 ) ) ;
#1172 = SURFACE_STYLE_FILL_AREA ( #313 ) ;
#1173 = CARTESIAN_POINT ( 'NONE',  ( -33.42170323872252169, 21.49115749335175707, 7.441402331765834433 ) ) ;
#1174 = CARTESIAN_POINT ( 'NONE',  ( -32.76679305877434700, 21.91005041002712872, 7.141119857220799005 ) ) ;
#1175 = ADVANCED_FACE ( 'NONE', ( #1412 ), #2055, .T. ) ;
#1176 = DIRECTION ( 'NONE',  ( -0.9869737305522512383, 0.000000000000000000, 0.1608814942738039933 ) ) ;
#1177 = CARTESIAN_POINT ( 'NONE',  ( -20.48257625106908009, 10.36793716495175310, 36.18235637467102350 ) ) ;
#1178 = CARTESIAN_POINT ( 'NONE',  ( -30.33580136131798710, 21.89498718240575315, -7.283895209534422932 ) ) ;
#1179 = CARTESIAN_POINT ( 'NONE',  ( -33.20665543789181129, 21.70823662462183989, -7.886116756728028143 ) ) ;
#1180 = CARTESIAN_POINT ( 'NONE',  ( -30.35217136790078385, 21.66743413718741351, 7.965522310261586192 ) ) ;
#1181 = CARTESIAN_POINT ( 'NONE',  ( -35.39323560918233369, 19.08621285910308529, 3.317903788855057957E-07 ) ) ;
#1182 = EDGE_LOOP ( 'NONE', ( #122, #432, #2396, #2595, #1852 ) ) ;
#1183 =( BOUNDED_SURFACE ( )  B_SPLINE_SURFACE ( 3, 2, ( 
 ( #1351, #257, #450 ),
 ( #1998, #1331, #1953 ),
 ( #1133, #38, #658 ),
 ( #2171, #877, #1510 ),
 ( #1557, #644, #2371 ),
 ( #437, #1749, #2598 ) ),
 .UNSPECIFIED., .F., .F., .T. ) 
 B_SPLINE_SURFACE_WITH_KNOTS ( ( 4, 2, 4 ),
 ( 3, 3 ),
 ( 0.009387789884988258574, 0.01637199765569509469, 0.02335620542640193253 ),
 ( 0.000000000000000000, 1.000000000000000000 ),
 .UNSPECIFIED. ) 
 GEOMETRIC_REPRESENTATION_ITEM ( )  RATIONAL_B_SPLINE_SURFACE ( (
 ( 1.000000000000000000, 0.5057495470656850900, 1.000000000000000000),
 ( 1.000000000000000000, 0.5112201196332164521, 1.000000000000000000),
 ( 1.000000000000000000, 0.5146978386636297254, 1.000000000000000000),
 ( 1.000000000000000000, 0.5146678306433422057, 1.000000000000000000),
 ( 1.000000000000000000, 0.5111967737643622334, 1.000000000000000000),
 ( 1.000000000000000000, 0.5057516357213885927, 1.000000000000000000) ) ) 
 REPRESENTATION_ITEM ( '' )  SURFACE ( )  );
#1184 = CARTESIAN_POINT ( 'NONE',  ( 7.395509841682985197, 10.36793716495175843, -38.76572047551412936 ) ) ;
#1185 = B_SPLINE_CURVE_WITH_KNOTS ( 'NONE', 3,
 ( #1299, #688, #2418, #1541, #2399, #2059, #1812, #528, #987, #2251, #1364, #499 ),
 .UNSPECIFIED., .F., .F.,
 ( 4, 2, 2, 2, 2, 4 ),
 ( 0.000000000000000000, 0.0002663807024214006475, 0.0005327614048428012949, 0.001065522809685595217, 0.001598284214528389573, 0.002131045619371183496 ),
 .UNSPECIFIED. ) ;
#1186 = CARTESIAN_POINT ( 'NONE',  ( -30.38508038098020947, 20.61624207720455360, -10.83002395263287099 ) ) ;
#1187 = CARTESIAN_POINT ( 'NONE',  ( -31.42522784559858451, 20.04857424138159416, -1.222757444854448927 ) ) ;
#1188 = CARTESIAN_POINT ( 'NONE',  ( 0.000000000000000000, 0.000000000000000000, 0.000000000000000000 ) ) ;
#1189 = EDGE_CURVE ( 'NONE', #1400, #1438, #1579, .T. ) ;
#1190 = CARTESIAN_POINT ( 'NONE',  ( -30.95594308033357933, 21.91005041002699372, -2.333367093265452663 ) ) ;
#1191 = B_SPLINE_CURVE_WITH_KNOTS ( 'NONE', 3,
 ( #530, #260, #288, #739 ),
 .UNSPECIFIED., .F., .F.,
 ( 4, 4 ),
 ( 0.007000081096231900932, 0.01400000000009820125 ),
 .UNSPECIFIED. ) ;
#1192 = CARTESIAN_POINT ( 'NONE',  ( -33.17629064961472807, 20.80910491252755179, 8.803850521365205850 ) ) ;
#1193 = CARTESIAN_POINT ( 'NONE',  ( 38.19999999999999574, 6.572996832456838412, 5.421010862427522170E-17 ) ) ;
#1194 = CARTESIAN_POINT ( 'NONE',  ( -31.25927237169096173, 19.95956790633970712, 9.002913671265163842 ) ) ;
#1195 = CARTESIAN_POINT ( 'NONE',  ( -31.41164267484641925, 19.91004525983825246, -9.000075682607619143 ) ) ;
#1196 = CIRCLE ( 'NONE', #2745, 0.7999999999999983791 ) ;
#1197 = B_SPLINE_CURVE_WITH_KNOTS ( 'NONE', 3,
 ( #534, #757, #323, #549, #1222, #1437 ),
 .UNSPECIFIED., .F., .F.,
 ( 4, 2, 4 ),
 ( 0.01022192975483093846, 0.01469416682393755516, 0.01916640389304417186 ),
 .UNSPECIFIED. ) ;
#1198 = AXIS2_PLACEMENT_3D ( 'NONE', #741, #2436, #1408 ) ;
#1199 = CARTESIAN_POINT ( 'NONE',  ( -30.33422111371914554, 21.89444745847182716, 7.287398881905248871 ) ) ;
#1200 = CARTESIAN_POINT ( 'NONE',  ( -32.45825631219638296, 17.70003079716805416, 9.885939579070736727 ) ) ;
#1201 = ORIENTED_EDGE ( 'NONE', *, *, #1573, .T. ) ;
#1202 = CARTESIAN_POINT ( 'NONE',  ( -38.52608575978459271, 10.36793716495176021, -14.35903646751469687 ) ) ;
#1203 = DIRECTION ( 'NONE',  ( 9.107482367924491841E-09, 0.000000000000000000, -0.9999999999999998890 ) ) ;
#1204 = CARTESIAN_POINT ( 'NONE',  ( -31.35039148539583920, 19.45268527033341144, -1.470299962201469191 ) ) ;
#1205 = CARTESIAN_POINT ( 'NONE',  ( -32.98226005996684052, 20.89425397040872667, 8.759524032305028740 ) ) ;
#1206 = CARTESIAN_POINT ( 'NONE',  ( -34.46224374332825846, 19.61030592796612027, 8.098128522069119484 ) ) ;
#1207 = CARTESIAN_POINT ( 'NONE',  ( 29.17817587327382256, 6.572996832456834859, -29.99797325482394683 ) ) ;
#1208 = CARTESIAN_POINT ( 'NONE',  ( -32.73970980555187538, 18.06666514324241746, 7.775813385669436251 ) ) ;
#1209 = CARTESIAN_POINT ( 'NONE',  ( -33.45409693793647676, 21.35384640816896606, -7.755013938430834308 ) ) ;
#1210 = CARTESIAN_POINT ( 'NONE',  ( -31.43701510348836337, 19.49933276977951380, 1.394930417207573381 ) ) ;
#1211 = LINE ( 'NONE', #2066, #829 ) ;
#1212 = ORIENTED_EDGE ( 'NONE', *, *, #2379, .F. ) ;
#1213 = CARTESIAN_POINT ( 'NONE',  ( 35.37796036060550620, 6.572996832456839300, -19.69673491304502733 ) ) ;
#1214 = CARTESIAN_POINT ( 'NONE',  ( -32.42668667375357217, 17.47999999999989740, 1.236959617577326348E-06 ) ) ;
#1215 = CARTESIAN_POINT ( 'NONE',  ( -27.80541676952947583, 23.48300019461582622, 8.961602108072693085 ) ) ;
#1216 = CARTESIAN_POINT ( 'NONE',  ( -34.74030437987796915, 19.24683907574227248, 7.676219510375577926 ) ) ;
#1217 = CARTESIAN_POINT ( 'NONE',  ( 13.56104547351247724, 3.059182182201800860E-16, 37.72571842509400852 ) ) ;
#1218 = CARTESIAN_POINT ( 'NONE',  ( -31.57010661995962408, 19.03303915558781512, 1.810949478634927612 ) ) ;
#1219 = CARTESIAN_POINT ( 'NONE',  ( -31.94166504477619029, 19.11266594552990483, -8.834334941814280029 ) ) ;
#1220 = CARTESIAN_POINT ( 'NONE',  ( -0.7997857967326323925, 27.00000000000000355, -30.05926661396336996 ) ) ;
#1221 = CARTESIAN_POINT ( 'NONE',  ( -29.76833557470261127, 21.69493332367573757, 10.34837343449144420 ) ) ;
#1222 = CARTESIAN_POINT ( 'NONE',  ( -31.93471951004488929, 17.47999999999987608, 7.477367906015772725 ) ) ;
#1223 = B_SPLINE_CURVE_WITH_KNOTS ( 'NONE', 3,
 ( #1658, #1020, #1050, #816, #2367, #1035, #1933, #1889, #2727, #2126, #393, #1479, #2318, #640, #378, #7, #196, #184, #2304, #1240, #419, #1919 ),
 .UNSPECIFIED., .F., .F.,
 ( 4, 2, 2, 1, 1, 2, 2, 2, 1, 1, 2, 2, 4 ),
 ( 0.000000000000000000, 0.1250000000000974221, 0.1875000000001461331, 0.2187500000001704747, 0.2343750000001826594, 0.2421875000001896538, 0.2500000000001966205, 0.3750000000001478817, 0.4375000000001285638, 0.4687500000001169065, 0.4843750000001110778, 0.5000000000001051381, 1.000000000000000000 ),
 .UNSPECIFIED. ) ;
#1224 = EDGE_LOOP ( 'NONE', ( #2678, #1452, #2577, #403 ) ) ;
#1225 = CARTESIAN_POINT ( 'NONE',  ( -34.02980000900413415, 18.19138802459493931, 8.031179179736481544 ) ) ;
#1226 = EDGE_CURVE ( 'NONE', #435, #2741, #2079, .T. ) ;
#1227 = CARTESIAN_POINT ( 'NONE',  ( 38.15568745788040417, 6.572996832456837524, 3.901674256157392939 ) ) ;
#1228 = CARTESIAN_POINT ( 'NONE',  ( -31.36880169995808743, 19.36470496364586324, 2.217290943517801871 ) ) ;
#1229 = CARTESIAN_POINT ( 'NONE',  ( -29.74748018070297562, 21.26721145862506290, 7.420208574586118822 ) ) ;
#1230 = ORIENTED_EDGE ( 'NONE', *, *, #335, .F. ) ;
#1231 = CARTESIAN_POINT ( 'NONE',  ( -31.19217090311513374, 19.36289792682401156, 10.96094457843781456 ) ) ;
#1232 = CARTESIAN_POINT ( 'NONE',  ( -32.75420330150614490, 21.83426549256002502, 7.563457717305333894 ) ) ;
#1233 = CARTESIAN_POINT ( 'NONE',  ( 29.17817587327382256, -4.174611619307704259E-15, -29.99797325482393617 ) ) ;
#1234 = CARTESIAN_POINT ( 'NONE',  ( -30.33548884571509063, 21.89443280149283311, 7.287536532362467234 ) ) ;
#1235 = CARTESIAN_POINT ( 'NONE',  ( 22.53778825407402309, 17.18450006625666049, -31.90224624220945771 ) ) ;
#1236 = CARTESIAN_POINT ( 'NONE',  ( -31.11777721505678684, 17.99175392217923886, -10.30620087891180781 ) ) ;
#1237 = CARTESIAN_POINT ( 'NONE',  ( -32.44333022013957191, 17.44737305262019689, -1.936266692199581030 ) ) ;
#1238 = ORIENTED_EDGE ( 'NONE', *, *, #1333, .F. ) ;
#1239 = CARTESIAN_POINT ( 'NONE',  ( -0.7999431274365498279, 6.572996832456841076, 39.13099463872270434 ) ) ;
#1240 = CARTESIAN_POINT ( 'NONE',  ( -31.49320997148659984, 19.23054515310367307, -1.552886627432416899 ) ) ;
#1241 = CARTESIAN_POINT ( 'NONE',  ( -30.64781661856370931, 19.22580279202097131, 9.425552845570724259 ) ) ;
#1242 = EDGE_LOOP ( 'NONE', ( #1388, #2710, #1212, #208, #1490, #1494, #1549, #1617, #1251, #580, #669 ) ) ;
#1243 = CARTESIAN_POINT ( 'NONE',  ( -32.78740861183397470, 21.67074774744490639, 7.959310728474052965 ) ) ;
#1244 = CARTESIAN_POINT ( 'NONE',  ( 33.28520737522689643, -9.773963522079535682E-16, 24.56893319661410757 ) ) ;
#1245 = CARTESIAN_POINT ( 'NONE',  ( -31.49182914396698152, 19.16114350740249961, 1.996398623589674681 ) ) ;
#1246 = CARTESIAN_POINT ( 'NONE',  ( 26.40098639100142108, 27.00000000000000355, -12.13670875702087315 ) ) ;
#1247 = CARTESIAN_POINT ( 'NONE',  ( -24.09318156615102779, 27.00000000000000711, 18.55031925864775388 ) ) ;
#1248 = CARTESIAN_POINT ( 'NONE',  ( -31.53321533476410821, 17.55159968879295818, -9.512086144709780200 ) ) ;
#1249 = FACE_OUTER_BOUND ( 'NONE', #2687, .T. ) ;
#1250 = CARTESIAN_POINT ( 'NONE',  ( -31.76726569665769162, 19.36707911267306415, 8.928535788827369757 ) ) ;
#1251 = ORIENTED_EDGE ( 'NONE', *, *, #2607, .F. ) ;
#1252 = CARTESIAN_POINT ( 'NONE',  ( 29.17817587327382256, -4.174611619307704259E-15, -29.99797325482393617 ) ) ;
#1253 = CARTESIAN_POINT ( 'NONE',  ( -28.95970377992520994, 21.19809786795283557, 10.62781057942079244 ) ) ;
#1254 = CARTESIAN_POINT ( 'NONE',  ( -30.97415516379308897, 19.24474445538154654, 7.573117731891459314 ) ) ;
#1255 = CARTESIAN_POINT ( 'NONE',  ( -32.31010739556349165, 18.43516253138462702, -8.356653594152975373 ) ) ;
#1256 = CARTESIAN_POINT ( 'NONE',  ( -33.65585287365686185, 19.04189863738406885, -8.806350945434857636 ) ) ;
#1257 = CARTESIAN_POINT ( 'NONE',  ( -31.47864739129691003, 19.80552072181853163, 8.997235461118744837 ) ) ;
#1258 = CARTESIAN_POINT ( 'NONE',  ( 28.89999999999999147, 26.99999999999999289, -1.084202172485504434E-16 ) ) ;
#1259 = CARTESIAN_POINT ( 'NONE',  ( -19.33788867961229840, 27.00000000000000711, 23.30365076104451916 ) ) ;
#1260 = CARTESIAN_POINT ( 'NONE',  ( -34.02931191088778462, 21.51591860434209025, -1.190455105516101675 ) ) ;
#1261 = CARTESIAN_POINT ( 'NONE',  ( -30.64713420111941744, 19.22681555302880696, -9.425759308721367802 ) ) ;
#1262 = ORIENTED_EDGE ( 'NONE', *, *, #782, .F. ) ;
#1263 = CARTESIAN_POINT ( 'NONE',  ( -39.56579527270746865, 6.572996832456839300, 8.196988204272777523 ) ) ;
#1264 = CARTESIAN_POINT ( 'NONE',  ( -33.51437708077615696, 17.47999999999987963, -1.498226222587645262 ) ) ;
#1265 = VERTEX_POINT ( 'NONE', #503 ) ;
#1266 = CARTESIAN_POINT ( 'NONE',  ( -31.77152481728232658, 19.35867274913168501, -8.937502335588701996 ) ) ;
#1267 = CARTESIAN_POINT ( 'NONE',  ( -34.88800916259511098, -4.473393298764795382E-15, -24.56365434225159916 ) ) ;
#1268 = CARTESIAN_POINT ( 'NONE',  ( -31.01612460495403667, 20.55821040371765562, 8.891985193886162264 ) ) ;
#1269 = CARTESIAN_POINT ( 'NONE',  ( -31.51457856019641213, 18.89044724563368760, -10.89020044945367971 ) ) ;
#1270 =( BOUNDED_SURFACE ( )  B_SPLINE_SURFACE ( 2, 3, ( 
 ( #1403, #1187, #1799, #2668, #343, #2443 ),
 ( #1611, #1585, #1204, #514, #100, #1392 ),
 ( #2046, #2656, #138, #2630, #2470, #2212 ) ),
 .UNSPECIFIED., .F., .F., .T. ) 
 B_SPLINE_SURFACE_WITH_KNOTS ( ( 3, 3 ),
 ( 4, 2, 4 ),
 ( 0.000000000000000000, 1.000000000000000000 ),
 ( 0.007204526456722033616, 0.007641267616412162830, 0.008078008776102291177 ),
 .UNSPECIFIED. ) 
 GEOMETRIC_REPRESENTATION_ITEM ( )  RATIONAL_B_SPLINE_SURFACE ( (
 ( 1.000000000000000000, 1.000000000000000000, 1.000000000000000000, 1.000000000000000000, 1.000000000000000000, 1.000000000000000000),
 ( 0.9504292579407113140, 0.9558061396416921429, 0.9603618677278545901, 0.9669296045007104157, 0.9687776993691284977, 0.9688068031528763724),
 ( 1.000000000000000000, 1.000000000000000000, 1.000000000000000000, 1.000000000000000000, 1.000000000000000000, 1.000000000000000000) ) ) 
 REPRESENTATION_ITEM ( '' )  SURFACE ( )  );
#1271 = CARTESIAN_POINT ( 'NONE',  ( -8.126022857176444347, 27.00000000000000000, -29.05732719415448173 ) ) ;
#1272 = CARTESIAN_POINT ( 'NONE',  ( -33.24179445294759461, 17.42696331161134182, 5.736987448164041048 ) ) ;
#1273 = AXIS2_PLACEMENT_3D ( 'NONE', #1598, #556, #772 ) ;
#1274 = PLANE ( 'NONE',  #2407 ) ;
#1275 = EDGE_CURVE ( 'NONE', #1400, #2580, #2307, .T. ) ;
#1276 = CARTESIAN_POINT ( 'NONE',  ( -33.00073672164080563, 20.45543702309522516, 8.928176213788397320 ) ) ;
#1277 = CARTESIAN_POINT ( 'NONE',  ( -31.25634508389692812, 19.96014844277178213, 9.002901801079211452 ) ) ;
#1278 = EDGE_LOOP ( 'NONE', ( #1238, #1965, #903, #2592, #1114 ) ) ;
#1279 = CARTESIAN_POINT ( 'NONE',  ( -39.93099465116645064, 6.572996832456841965, 5.676014301072721473E-05 ) ) ;
#1280 = LINE ( 'NONE', #2743, #969 ) ;
#1281 = CARTESIAN_POINT ( 'NONE',  ( -30.73667847169327416, 20.44697133082747342, -2.408660383862485599 ) ) ;
#1282 = ORIENTED_EDGE ( 'NONE', *, *, #335, .T. ) ;
#1283 = CARTESIAN_POINT ( 'NONE',  ( -31.02650097023193965, 20.31816350441171792, -9.016134346756585316 ) ) ;
#1284 = CARTESIAN_POINT ( 'NONE',  ( -29.78211521111889226, 21.66954563948685220, -10.36372144182896271 ) ) ;
#1285 = CARTESIAN_POINT ( 'NONE',  ( -32.36668182989994591, 18.52323265167397892, 8.441013228302670868 ) ) ;
#1286 = CARTESIAN_POINT ( 'NONE',  ( 14.93087973244539235, 27.00000000000000000, -25.27168062845680296 ) ) ;
#1287 = CARTESIAN_POINT ( 'NONE',  ( -31.19124076405052293, 17.90130719422164773, 10.21679107815393373 ) ) ;
#1288 = CARTESIAN_POINT ( 'NONE',  ( 11.33604077938601939, 27.00000000000000355, 27.20101231242266593 ) ) ;
#1289 = CARTESIAN_POINT ( 'NONE',  ( -30.51624516078149085, 20.83683332194440752, 2.208534161538436180 ) ) ;
#1290 = CARTESIAN_POINT ( 'NONE',  ( 42.87813405840697811, 23.47063778671422796, -7.159042449917460083 ) ) ;
#1291 = CARTESIAN_POINT ( 'NONE',  ( -33.61300052239089808, 21.91005040998993891, 4.704635441886749980 ) ) ;
#1292 = CARTESIAN_POINT ( 'NONE',  ( -31.41045138218914801, 19.71994169574418976, 8.994488768140305623 ) ) ;
#1293 = ORIENTED_EDGE ( 'NONE', *, *, #1822, .F. ) ;
#1294 = CARTESIAN_POINT ( 'NONE',  ( -30.53664188557125669, 21.49752006515481995, -8.218515836679046060 ) ) ;
#1295 = CARTESIAN_POINT ( 'NONE',  ( -30.20896818001561002, 21.40095062428920514, -1.477096238260823924 ) ) ;
#1296 = ORIENTED_EDGE ( 'NONE', *, *, #808, .F. ) ;
#1297 = CARTESIAN_POINT ( 'NONE',  ( -0.7999910584081348919, 17.18450006625665694, -36.64674493610429806 ) ) ;
#1298 = CARTESIAN_POINT ( 'NONE',  ( -32.70261157746907088, 17.97295223612957216, -7.565422414100320125 ) ) ;
#1299 = CARTESIAN_POINT ( 'NONE',  ( -34.90766353005077605, 19.10079486277122740, -7.095719509564760052 ) ) ;
#1300 = CARTESIAN_POINT ( 'NONE',  ( -32.38123073506577754, 18.50401377375643364, 8.422309676245472332 ) ) ;
#1301 = CARTESIAN_POINT ( 'NONE',  ( -30.14579332451890181, 21.54828851905815057, 0.2313760468683979943 ) ) ;
#1302 = CARTESIAN_POINT ( 'NONE',  ( -34.88800916259510387, 10.36793716495175843, -24.56365434225160271 ) ) ;
#1303 = CARTESIAN_POINT ( 'NONE',  ( -30.65595246786432782, 20.67619304033438254, 1.271823644969463318 ) ) ;
#1304 = CARTESIAN_POINT ( 'NONE',  ( -34.67762302103903238, 19.02996650331353123, 8.864109824088936662 ) ) ;
#1305 = CARTESIAN_POINT ( 'NONE',  ( -32.78042893023476267, 21.91005041002699016, 6.999920847044617922 ) ) ;
#1306 = EDGE_LOOP ( 'NONE', ( #511, #2120, #2343, #1282, #2209, #2139, #593, #1361 ) ) ;
#1307 = CARTESIAN_POINT ( 'NONE',  ( -30.18058442496720062, 21.45612503571731011, -1.328245781587502616 ) ) ;
#1308 = ORIENTED_EDGE ( 'NONE', *, *, #883, .T. ) ;
#1309 = EDGE_CURVE ( 'NONE', #746, #1093, #2527, .T. ) ;
#1310 = CARTESIAN_POINT ( 'NONE',  ( 26.40096827949771097, 26.99999999999999289, 12.13670360452762687 ) ) ;
#1311 = CARTESIAN_POINT ( 'NONE',  ( -35.39323560918233369, 19.08621285910308529, 3.317903788855057957E-07 ) ) ;
#1312 = CARTESIAN_POINT ( 'NONE',  ( -30.58537182289507328, 20.81471296630860124, 0.7057580979929628517 ) ) ;
#1313 = CARTESIAN_POINT ( 'NONE',  ( -31.03863820663652717, 20.51959784523698005, 8.904848150384276906 ) ) ;
#1314 = CARTESIAN_POINT ( 'NONE',  ( -8.995514340610906601, -6.588797663211385419E-15, 38.76571729070615646 ) ) ;
#1315 = CARTESIAN_POINT ( 'NONE',  ( -39.93099465116645064, 10.36793716495176376, 5.676014301144613564E-05 ) ) ;
#1316 = CARTESIAN_POINT ( 'NONE',  ( -33.53106653678982951, 17.44736732821715819, 1.921373919678535103 ) ) ;
#1317 = CARTESIAN_POINT ( 'NONE',  ( -34.88236537147324157, 19.10148442027539772, 7.276028610193587376 ) ) ;
#1318 = CARTESIAN_POINT ( 'NONE',  ( -32.38151070465717396, 21.83426549256002502, 7.563457717305333894 ) ) ;
#1319 = B_SPLINE_CURVE_WITH_KNOTS ( 'NONE', 3,
 ( #1000, #615, #1705, #2324, #395, #1256, #2543, #2281, #370, #1483, #2339, #2116, #409, #793, #186, #1648 ),
 .UNSPECIFIED., .F., .F.,
 ( 4, 2, 2, 2, 2, 2, 2, 4 ),
 ( 6.239814740629815222E-06, 0.0004151520911578174180, 0.0008240643675750049420, 0.001232976643992192683, 0.001641888920409380207, 0.002459713473243768916, 0.002868625749660964463, 0.003277538026078159576 ),
 .UNSPECIFIED. ) ;
#1320 = ORIENTED_EDGE ( 'NONE', *, *, #2611, .F. ) ;
#1321 = B_SPLINE_CURVE_WITH_KNOTS ( 'NONE', 4,
 ( #2731, #821, #2528, #2322, #1311 ),
 .UNSPECIFIED., .F., .F.,
 ( 5, 5 ),
 ( 0.1499114702096300822, 0.2242642265452862160 ),
 .UNSPECIFIED. ) ;
#1322 = CARTESIAN_POINT ( 'NONE',  ( -34.50234333731176406, 19.55567938986682464, -8.047375097740689043 ) ) ;
#1323 = CARTESIAN_POINT ( 'NONE',  ( -31.19217090311513374, 19.36289792682401156, 10.96094457843781456 ) ) ;
#1324 = CARTESIAN_POINT ( 'NONE',  ( -30.97803405597488080, 20.62399042692965878, -8.868315626140836017 ) ) ;
#1325 = CARTESIAN_POINT ( 'NONE',  ( -28.23598839757817913, 22.82688313514631773, 8.976209231633736962 ) ) ;
#1326 = CARTESIAN_POINT ( 'NONE',  ( -33.83486389932917859, 18.61496342422940842, 8.529521473184274782 ) ) ;
#1327 = VECTOR ( 'NONE', #2215, 1000.000000000000000 ) ;
#1328 = ORIENTED_EDGE ( 'NONE', *, *, #1419, .T. ) ;
#1329 = B_SPLINE_CURVE_WITH_KNOTS ( 'NONE', 3,
 ( #268, #1762, #2410, #682 ),
 .UNSPECIFIED., .F., .F.,
 ( 4, 4 ),
 ( 0.06851901666465162744, 0.1127446396874731138 ),
 .UNSPECIFIED. ) ;
#1330 = CARTESIAN_POINT ( 'NONE',  ( -31.19212080328721726, 19.36283161302361222, -10.96102003094528143 ) ) ;
#1331 = CARTESIAN_POINT ( 'NONE',  ( -35.87292462256768033, 17.91005041001900722, 4.837695299475189614 ) ) ;
#1332 = CARTESIAN_POINT ( 'NONE',  ( -31.42522802835068063, 19.74963959440315264, 1.248038645660541013 ) ) ;
#1333 = EDGE_CURVE ( 'NONE', #1052, #2465, #800, .T. ) ;
#1334 = CIRCLE ( 'NONE', #1685, 0.5000000000000033307 ) ;
#1335 = CARTESIAN_POINT ( 'NONE',  ( -31.67334274246437431, 17.47999999999988319, 8.964375745549805430 ) ) ;
#1336 = ADVANCED_FACE ( 'NONE', ( #2633 ), #1928, .T. ) ;
#1337 = CARTESIAN_POINT ( 'NONE',  ( -29.46351492116336601, 23.47063778671422085, 6.205367013211797733 ) ) ;
#1338 = CARTESIAN_POINT ( 'NONE',  ( -30.77464338731232019, 10.36793716495176021, 30.00265458205154445 ) ) ;
#1339 = CARTESIAN_POINT ( 'NONE',  ( -32.59433919978062733, 19.28071986684566497, -2.900265065753473719E-06 ) ) ;
#1340 = CARTESIAN_POINT ( 'NONE',  ( -34.17581682633763052, 20.03496313309168642, 8.293564866397971969 ) ) ;
#1341 = B_SPLINE_SURFACE_WITH_KNOTS ( 'NONE', 3, 1, ( 
 ( #2498, #1874 ),
 ( #2639, #920 ),
 ( #2233, #1436 ),
 ( #1795, #2220 ),
 ( #1654, #731 ),
 ( #350, #578 ),
 ( #1567, #1581 ),
 ( #2429, #495 ),
 ( #282, #786 ),
 ( #1638, #1374 ),
 ( #1004, #1142 ),
 ( #1780, #295 ) ),
 .UNSPECIFIED., .F., .F., .F.,
 ( 4, 2, 2, 2, 2, 4 ),
 ( 2, 2 ),
 ( 0.000000000000000000, 0.2410200210972247015, 0.3035200210972247570, 0.3660200210972247570, 0.4285200210972247570, 0.4910200210972248125 ),
 ( 0.000000000000000000, 1.000000000000000000 ),
 .UNSPECIFIED. ) ;
#1342 =( BOUNDED_CURVE ( )  B_SPLINE_CURVE ( 2, ( #597, #2730, #804 ),
 .UNSPECIFIED., .F., .T. ) 
 B_SPLINE_CURVE_WITH_KNOTS ( ( 3, 3 ),
 ( 0.000000000000000000, 1.000000000000000000 ),
 .UNSPECIFIED. ) 
 CURVE ( )  GEOMETRIC_REPRESENTATION_ITEM ( )  RATIONAL_B_SPLINE_CURVE ( ( 1.000000000000000000, 0.9504276257669359573, 1.000000000000000000 ) ) 
 REPRESENTATION_ITEM ( '' )  );
#1343 = PLANE ( 'NONE',  #1048 ) ;
#1344 = VERTEX_POINT ( 'NONE', #1337 ) ;
#1345 = CARTESIAN_POINT ( 'NONE',  ( -34.16417097424121607, 19.83498732138325238, -9.054278164003660478 ) ) ;
#1346 = CARTESIAN_POINT ( 'NONE',  ( -31.40066888273924306, 19.92730309121237298, -9.000023127425583525 ) ) ;
#1347 = CARTESIAN_POINT ( 'NONE',  ( -31.42522784987573203, 20.63288672493622400, -0.7565049192298483050 ) ) ;
#1348 = ORIENTED_EDGE ( 'NONE', *, *, #883, .F. ) ;
#1349 = CARTESIAN_POINT ( 'NONE',  ( -29.85779877240086932, 27.00000000000001421, -7.323756064558586409 ) ) ;
#1350 = CARTESIAN_POINT ( 'NONE',  ( -30.95463364324439581, 19.72162139422771432, -10.96895822250857222 ) ) ;
#1351 = CARTESIAN_POINT ( 'NONE',  ( -34.90771204359447921, 19.10079824305556428, 7.095550742189207227 ) ) ;
#1352 = CARTESIAN_POINT ( 'NONE',  ( -33.90522972505606702, 20.47065683863555563, 8.320705765030014689 ) ) ;
#1353 = CARTESIAN_POINT ( 'NONE',  ( -32.84713797706792349, 21.35917824738819348, 8.379820078131780647 ) ) ;
#1354 = CARTESIAN_POINT ( 'NONE',  ( -31.42522787283493102, 19.66009186229362982, 1.767788116564863454 ) ) ;
#1355 = CARTESIAN_POINT ( 'NONE',  ( 33.28139125995625136, 10.36793716495175666, -24.58154408882183262 ) ) ;
#1356 = CARTESIAN_POINT ( 'NONE',  ( -32.80564653554862531, 17.91005041002700438, 7.143604704170629205 ) ) ;
#1357 = CARTESIAN_POINT ( 'NONE',  ( -33.18610939384092262, 21.83463271604621880, -7.547146465237053903 ) ) ;
#1358 = CARTESIAN_POINT ( 'NONE',  ( -34.60241003897628076, 19.14378277778760662, -8.912367232704617948 ) ) ;
#1359 = CARTESIAN_POINT ( 'NONE',  ( -31.42522786787250411, 19.84199404585448789, 1.222915178355681531 ) ) ;
#1360 = CARTESIAN_POINT ( 'NONE',  ( -29.90742847427821971, 19.67529909251832620, 10.97276260769064749 ) ) ;
#1361 = ORIENTED_EDGE ( 'NONE', *, *, #1783, .F. ) ;
#1362 = CARTESIAN_POINT ( 'NONE',  ( 31.09808573130487730, 17.18450006625665338, -23.35017062251083075 ) ) ;
#1363 = CARTESIAN_POINT ( 'NONE',  ( -33.53105494427295952, 17.44738770516208248, 1.264214666243838711E-06 ) ) ;
#1364 = CARTESIAN_POINT ( 'NONE',  ( -34.08790158053799502, 20.17236489883660866, -8.319775982324255637 ) ) ;
#1365 = CARTESIAN_POINT ( 'NONE',  ( -31.42522786803098711, 19.76793276329171789, 1.240316970555954246 ) ) ;
#1366 = CARTESIAN_POINT ( 'NONE',  ( -32.81359046662407053, 21.49082445067398695, 8.227011319187560900 ) ) ;
#1367 = LINE ( 'NONE', #927, #2047 ) ;
#1368 = CARTESIAN_POINT ( 'NONE',  ( -8.763448259001773266, 17.18450006625664628, -36.28997152108971136 ) ) ;
#1369 = CARTESIAN_POINT ( 'NONE',  ( -30.35229603772139484, 21.66967857005037956, -7.961302102254324886 ) ) ;
#1370 = CARTESIAN_POINT ( 'NONE',  ( -33.42800961172072505, 21.52466449397275738, -7.278498669695314227 ) ) ;
#1371 = B_SPLINE_CURVE_WITH_KNOTS ( 'NONE', 3,
 ( #170, #223, #1079, #2100 ),
 .UNSPECIFIED., .F., .F.,
 ( 4, 4 ),
 ( 0.008512643128084539795, 0.01022289270064705158 ),
 .UNSPECIFIED. ) ;
#1372 = EDGE_CURVE ( 'NONE', #819, #2549, #1707, .T. ) ;
#1373 = LINE ( 'NONE', #2195, #2535 ) ;
#1374 = CARTESIAN_POINT ( 'NONE',  ( -32.38929247469948081, 21.89511803021523306, -7.282431565146665342 ) ) ;
#1375 = VERTEX_POINT ( 'NONE', #104 ) ;
#1376 = CARTESIAN_POINT ( 'NONE',  ( 38.19999999999999574, 10.36793716495175843, 5.421010862427522170E-17 ) ) ;
#1377 = CARTESIAN_POINT ( 'NONE',  ( -30.37529649543732191, 21.59622303187675030, -8.084674977842819743 ) ) ;
#1378 = LINE ( 'NONE', #975, #1143 ) ;
#1379 = CARTESIAN_POINT ( 'NONE',  ( -33.59444819394523307, 21.03109963012614614, 8.109233129795788031 ) ) ;
#1380 = CARTESIAN_POINT ( 'NONE',  ( -32.82406570502348586, 21.44769717043876156, 8.280479995952498840 ) ) ;
#1381 = DIRECTION ( 'NONE',  ( 0.9998096570575862874, 0.000000000000000000, -0.01951024485729902294 ) ) ;
#1382 = CARTESIAN_POINT ( 'NONE',  ( -15.15903637718098196, 10.36793716495176376, 37.72608577892614079 ) ) ;
#1383 = CARTESIAN_POINT ( 'NONE',  ( -30.35247688871343996, 21.91005041002701148, -7.142621552277710784 ) ) ;
#1384 = CARTESIAN_POINT ( 'NONE',  ( -31.82974549410552001, 19.27517958459160496, -8.897838629164146695 ) ) ;
#1385 = CARTESIAN_POINT ( 'NONE',  ( -34.83133312947251881, 19.14892305864821864, -7.441138188653565244 ) ) ;
#1386 = CARTESIAN_POINT ( 'NONE',  ( -35.39323834078142283, 19.08621079693104150, -2.376325777186695465 ) ) ;
#1387 = CARTESIAN_POINT ( 'NONE',  ( -30.11409411747608900, 19.36289792682456934, 10.96094457843784120 ) ) ;
#1388 = ORIENTED_EDGE ( 'NONE', *, *, #188, .F. ) ;
#1389 = EDGE_CURVE ( 'NONE', #236, #2430, #245, .T. ) ;
#1390 = CARTESIAN_POINT ( 'NONE',  ( -36.98235738111609550, 10.36793716495175843, -19.68257275257091266 ) ) ;
#1391 = CARTESIAN_POINT ( 'NONE',  ( -30.13930569205898991, 21.54928692239246857, 0.6939502168903115553 ) ) ;
#1392 = CARTESIAN_POINT ( 'NONE',  ( -31.42522784559862714, 19.33032952403869942, -1.222757444852544451 ) ) ;
#1393 = CARTESIAN_POINT ( 'NONE',  ( -31.42522790744167693, 19.75500256996644666, 1.245688532685836902 ) ) ;
#1394 = CARTESIAN_POINT ( 'NONE',  ( -31.42522786063409868, 19.72470800398015456, 0.4281417208978055000 ) ) ;
#1395 = CARTESIAN_POINT ( 'NONE',  ( -30.77464338731231308, 6.572996832456838412, 30.00265458205154445 ) ) ;
#1396 = CARTESIAN_POINT ( 'NONE',  ( -29.27597147580761572, 23.27896831069876526, 7.786523086059350618 ) ) ;
#1397 = CARTESIAN_POINT ( 'NONE',  ( -33.49136345428029671, 21.25713155985521752, -7.889523765202737238 ) ) ;
#1398 = CARTESIAN_POINT ( 'NONE',  ( -31.49183818209388264, 19.16115244708471721, -1.996219251740452671 ) ) ;
#1399 = EDGE_CURVE ( 'NONE', #1746, #871, #570, .T. ) ;
#1400 = VERTEX_POINT ( 'NONE', #76 ) ;
#1401 = CARTESIAN_POINT ( 'NONE',  ( 38.19999946069729191, 10.36793716495176021, 0.9676035344678741712 ) ) ;
#1402 = CARTESIAN_POINT ( 'NONE',  ( -33.51437877294328160, 17.47999999999987963, 1.491497870436654827 ) ) ;
#1403 = CARTESIAN_POINT ( 'NONE',  ( -31.42522784559858451, 20.13288672494299192, -1.222757444854320585 ) ) ;
#1404 = DIRECTION ( 'NONE',  ( 0.000000000000000000, 0.000000000000000000, 1.000000000000000000 ) ) ;
#1405 = CARTESIAN_POINT ( 'NONE',  ( -33.68320224198463819, 20.66303248044928864, 8.890094055110147053 ) ) ;
#1406 = CARTESIAN_POINT ( 'NONE',  ( -32.68296462253105972, 21.03991389193532058, 8.671929021361847845 ) ) ;
#1407 = CARTESIAN_POINT ( 'NONE',  ( 37.80138171522819590, 6.572996832456830418, 9.174659621813701094 ) ) ;
#1408 = DIRECTION ( 'NONE',  ( 3.469446951953611033E-15, -1.000000000000000000, 0.000000000000000000 ) ) ;
#1409 = CARTESIAN_POINT ( 'NONE',  ( -33.91098361931629057, 20.46086708902636175, -8.322056875675231780 ) ) ;
#1410 = B_SPLINE_CURVE_WITH_KNOTS ( 'NONE', 3,
 ( #2459, #2252, #1985, #1846, #2493, #773 ),
 .UNSPECIFIED., .F., .F.,
 ( 4, 2, 4 ),
 ( 0.007188535768799840867, 0.01028300851529935847, 0.01337748126179887607 ),
 .UNSPECIFIED. ) ;
#1411 = CARTESIAN_POINT ( 'NONE',  ( -30.37698170279522358, 21.91005041002700082, 6.999920847044616146 ) ) ;
#1412 = FACE_OUTER_BOUND ( 'NONE', #1796, .T. ) ;
#1413 = ORIENTED_EDGE ( 'NONE', *, *, #1124, .F. ) ;
#1414 = CARTESIAN_POINT ( 'NONE',  ( -15.15903637718098196, 10.36793716495176376, 37.72608577892614079 ) ) ;
#1415 = AXIS2_PLACEMENT_3D ( 'NONE', #1702, #2351, #420 ) ;
#1416 = CARTESIAN_POINT ( 'NONE',  ( -29.28452315945225237, 23.00720209177945108, -8.559050661673175853 ) ) ;
#1417 = CARTESIAN_POINT ( 'NONE',  ( -31.42522784559858451, 19.93891036793333882, -1.222757444854320141 ) ) ;
#1418 = CARTESIAN_POINT ( 'NONE',  ( -33.13840607405957428, 20.41890377512187982, 8.951144325729371687 ) ) ;
#1419 = EDGE_CURVE ( 'NONE', #435, #2056, #1367, .T. ) ;
#1420 = CARTESIAN_POINT ( 'NONE',  ( -33.31962660385351427, 19.91399238189965004, -9.000076240049414977 ) ) ;
#1421 = CARTESIAN_POINT ( 'NONE',  ( -20.48257625106907298, 6.572996832456834859, 36.18235637467102350 ) ) ;
#1422 = CARTESIAN_POINT ( 'NONE',  ( -32.94055323230490018, 17.91005041002699372, 6.999920847044608152 ) ) ;
#1423 = CARTESIAN_POINT ( 'NONE',  ( -32.77185195111589877, 21.68015050285126932, -7.941715790285520882 ) ) ;
#1424 = CARTESIAN_POINT ( 'NONE',  ( -31.59865497948938895, 19.04014142474519033, -0.5716756152554355319 ) ) ;
#1425 = ORIENTED_EDGE ( 'NONE', *, *, #2106, .T. ) ;
#1426 = CARTESIAN_POINT ( 'NONE',  ( 36.92566839022032354, 10.36793716495175488, -14.36089281733750767 ) ) ;
#1427 = CARTESIAN_POINT ( 'NONE',  ( -29.54939121143602776, 22.12322843780672699, -9.984509885912117966 ) ) ;
#1428 = CARTESIAN_POINT ( 'NONE',  ( -30.34301543563162440, 21.30507343768429607, -7.627806070588207042E-06 ) ) ;
#1429 = CARTESIAN_POINT ( 'NONE',  ( -31.00742409473893346, 21.91005041002699372, -1.047988572799284271E-05 ) ) ;
#1430 = CARTESIAN_POINT ( 'NONE',  ( -33.32107356713942892, 19.91005041002700082, -9.000079152955386519 ) ) ;
#1431 = CARTESIAN_POINT ( 'NONE',  ( -0.7999431274365530475, 1.995230050918956169E-15, 39.13099463872269013 ) ) ;
#1432 = CARTESIAN_POINT ( 'NONE',  ( -30.21028573201682121, 21.39842287377875962, -1.483077190810435875 ) ) ;
#1433 = CARTESIAN_POINT ( 'NONE',  ( -31.45309714600767848, 19.84512194549336783, -8.999124839049992275 ) ) ;
#1434 = PRODUCT_DEFINITION_FORMATION_WITH_SPECIFIED_SOURCE ( 'ไป', '', #1046, .NOT_KNOWN. ) ;
#1435 = CARTESIAN_POINT ( 'NONE',  ( -31.44591711480977025, 19.43853905611479149, 1.430480824327108991 ) ) ;
#1436 = CARTESIAN_POINT ( 'NONE',  ( -32.76813804056062907, 20.85229308833579154, -8.839900140221566005 ) ) ;
#1437 = CARTESIAN_POINT ( 'NONE',  ( -31.67334274246437431, 17.47999999999988319, 8.964375745549805430 ) ) ;
#1438 = VERTEX_POINT ( 'NONE', #469 ) ;
#1439 = CARTESIAN_POINT ( 'NONE',  ( 36.92603145857230373, 6.572996832456837524, 14.35889141196238228 ) ) ;
#1440 = CARTESIAN_POINT ( 'NONE',  ( -33.45623450953976885, 17.47999999999991161, 2.984907502070810459 ) ) ;
#1441 =( LENGTH_UNIT ( ) NAMED_UNIT ( * ) SI_UNIT ( .MILLI., .METRE. ) );
#1442 = ORIENTED_EDGE ( 'NONE', *, *, #1836, .T. ) ;
#1443 = CARTESIAN_POINT ( 'NONE',  ( -32.43774406133741195, 21.60046415379563101, -8.077953937102938298 ) ) ;
#1444 = CARTESIAN_POINT ( 'NONE',  ( -31.19858926360630136, 19.36283161295045119, -10.96102003094098798 ) ) ;
#1445 = CARTESIAN_POINT ( 'NONE',  ( -31.59969567291008730, 18.98586819085718247, -1.705228650770591825 ) ) ;
#1446 = DIRECTION ( 'NONE',  ( 0.000000000000000000, 0.000000000000000000, -1.000000000000000000 ) ) ;
#1447 = CARTESIAN_POINT ( 'NONE',  ( -31.47059491234179163, 19.32149598791306033, 1.499281799234019052 ) ) ;
#1448 = CARTESIAN_POINT ( 'NONE',  ( -28.00101099813933558, 27.00000000000000355, 12.13604184153407672 ) ) ;
#1449 = CARTESIAN_POINT ( 'NONE',  ( -31.59969567291008730, 18.98586819085718247, -1.705228650770591825 ) ) ;
#1450 = CARTESIAN_POINT ( 'NONE',  ( -28.71022759048515027, 23.47063778671423862, 4.143601896102894422 ) ) ;
#1451 = CARTESIAN_POINT ( 'NONE',  ( -33.40428836514456634, 19.68271022123974134, -9.002951688193780555 ) ) ;
#1452 = ORIENTED_EDGE ( 'NONE', *, *, #1899, .T. ) ;
#1453 = CARTESIAN_POINT ( 'NONE',  ( 18.88774550277045705, 6.572996832456836636, -36.18086517688389847 ) ) ;
#1454 = DIRECTION ( 'NONE',  ( -1.000000000000000000, 0.000000000000000000, 0.000000000000000000 ) ) ;
#1455 = CARTESIAN_POINT ( 'NONE',  ( -31.42522784589412410, 20.29537954082590545, -1.196643461063287450 ) ) ;
#1456 = EDGE_CURVE ( 'NONE', #2753, #1703, #1601, .T. ) ;
#1457 = CARTESIAN_POINT ( 'NONE',  ( -34.90771204359447921, 19.10079824305557139, 7.095550742189208115 ) ) ;
#1458 = CARTESIAN_POINT ( 'NONE',  ( 18.89666641139918468, -5.522566358604252217E-16, 36.17793804999099905 ) ) ;
#1459 = CARTESIAN_POINT ( 'NONE',  ( -30.45130006116233901, 20.95355078420123718, -2.113847239248446197 ) ) ;
#1460 = CARTESIAN_POINT ( 'NONE',  ( -32.52253436687625765, 18.32156347560950849, -8.217107649458775143 ) ) ;
#1461 = CARTESIAN_POINT ( 'NONE',  ( -29.85779877240086932, 27.00000000000001421, -7.323756064558586409 ) ) ;
#1462 = CARTESIAN_POINT ( 'NONE',  ( -33.48042244543491819, 20.01453425521360430, -8.999722400514450271 ) ) ;
#1463 = CARTESIAN_POINT ( 'NONE',  ( -30.02182491288233024, 23.47063778671426704, -1.536111618756025188E-05 ) ) ;
#1464 = AXIS2_PLACEMENT_3D ( 'NONE', #753, #1163, #953 ) ;
#1465 = B_SPLINE_CURVE_WITH_KNOTS ( 'NONE', 3,
 ( #2163, #264, #651, #416, #1276, #1092, #29, #249, #2391, #456, #1712, #1061, #1318, #1109, #473, #1976 ),
 .UNSPECIFIED., .F., .F.,
 ( 4, 2, 2, 2, 2, 2, 2, 4 ),
 ( 0.5115672907886053000, 0.5624999999999803491, 0.6249999999999824585, 0.7499999999999878986, 0.8124999999999908962, 0.8749999999999940048, 0.9374999999999970024, 1.000000000000000000 ),
 .UNSPECIFIED. ) ;
#1466 = ORIENTED_EDGE ( 'NONE', *, *, #2253, .F. ) ;
#1467 = CARTESIAN_POINT ( 'NONE',  ( 23.78156542430928155, 6.572996832456843741, 34.08139671492535427 ) ) ;
#1468 = CARTESIAN_POINT ( 'NONE',  ( -33.22922100376600696, 21.91005041002699372, -7.000079152955389183 ) ) ;
#1469 = EDGE_CURVE ( 'NONE', #634, #2292, #1191, .T. ) ;
#1470 = CARTESIAN_POINT ( 'NONE',  ( -32.81746083058466468, 17.91005041002700438, -7.000079152955378525 ) ) ;
#1471 = CARTESIAN_POINT ( 'NONE',  ( -20.49666712806055457, -1.356409104168379776E-16, -36.17793791683183002 ) ) ;
#1472 = CARTESIAN_POINT ( 'NONE',  ( -31.71414754111721734, 19.44682367800668388, 8.945623224061383993 ) ) ;
#1473 = CARTESIAN_POINT ( 'NONE',  ( 22.49319722146767830, 27.00000000000000000, -18.55039390793612242 ) ) ;
#1474 = CARTESIAN_POINT ( 'NONE',  ( -31.37562258355666600, 17.69984230542960191, -9.885650599348789314 ) ) ;
#1475 = CARTESIAN_POINT ( 'NONE',  ( -29.35942258874242583, 22.63176999002208234, 9.325614358824740435 ) ) ;
#1476 = ORIENTED_EDGE ( 'NONE', *, *, #1682, .T. ) ;
#1477 = CARTESIAN_POINT ( 'NONE',  ( 13.56104547351247547, 6.572996832456840188, 37.72571842509400852 ) ) ;
#1478 = EDGE_CURVE ( 'NONE', #732, #2352, #1681, .T. ) ;
#1479 = CARTESIAN_POINT ( 'NONE',  ( -31.43918773069329831, 19.48143318395455736, -1.405273542482694094 ) ) ;
#1480 = CARTESIAN_POINT ( 'NONE',  ( -32.44332544270606888, 17.44738760951918621, 1.936214526190645380 ) ) ;
#1481 = B_SPLINE_SURFACE_WITH_KNOTS ( 'NONE', 3, 1, ( 
 ( #1411, #2067 ),
 ( #2259, #336 ),
 ( #1199, #144 ),
 ( #2054, #375 ),
 ( #1005, #2300 ),
 ( #1180, #361 ),
 ( #798, #1628 ),
 ( #1875, #108 ),
 ( #2709, #981 ),
 ( #2686, #1655 ),
 ( #778, #2347 ),
 ( #207, #620 ),
 ( #1900, #1944 ),
 ( #2536, #813 ),
 ( #1277, #1032 ),
 ( #1292, #1713 ),
 ( #1062, #1930 ),
 ( #389, #1250 ),
 ( #2739, #1683 ),
 ( #2563, #402 ),
 ( #192, #652 ),
 ( #2365, #1698 ),
 ( #2576, #431 ),
 ( #665, #2094 ),
 ( #2332, #167 ),
 ( #972, #1842 ),
 ( #2110, #1489 ),
 ( #65, #2177 ),
 ( #915, #235 ),
 ( #1504, #1727 ) ),
 .UNSPECIFIED., .F., .F., .F.,
 ( 4, 2, 2, 2, 2, 2, 2, 2, 2, 2, 2, 2, 2, 2, 4 ),
 ( 2, 2 ),
 ( 0.000000000000000000, 0.06249999999999977796, 0.1249999999999994449, 0.1874999999999992228, 0.2499999999999988898, 0.3749999999999980016, 0.4374999999999981126, 0.4999999999999981126, 0.5624999999999980016, 0.6249999999999980016, 0.6874999999999980016, 0.7499999999999980016, 0.8749999999999987788, 0.9374999999999993339, 1.000000000000000000 ),
 ( 0.000000000000000000, 1.000000000000000000 ),
 .UNSPECIFIED. ) ;
#1482 = CARTESIAN_POINT ( 'NONE',  ( -30.11404515436795393, 19.36283269602165191, -10.96101360344082920 ) ) ;
#1483 = CARTESIAN_POINT ( 'NONE',  ( -33.96094952631919739, 18.33081852036588799, -8.254404204109292209 ) ) ;
#1484 = CARTESIAN_POINT ( 'NONE',  ( -32.24229894412862762, 18.68932705532952454, 8.588934688612724244 ) ) ;
#1485 = CARTESIAN_POINT ( 'NONE',  ( -32.69874858733613365, 17.49498046152872632, -9.244241312510252939 ) ) ;
#1486 = CARTESIAN_POINT ( 'NONE',  ( 33.04183408300951186, 17.18450006625665694, -18.84182329929087274 ) ) ;
#1487 = CARTESIAN_POINT ( 'NONE',  ( -31.37839840558466520, 19.34740186310677501, 2.239668485715111235 ) ) ;
#1488 = FACE_OUTER_BOUND ( 'NONE', #1784, .T. ) ;
#1489 = CARTESIAN_POINT ( 'NONE',  ( -32.82090622691395509, 17.98316190090298150, 7.553303841270222030 ) ) ;
#1490 = ORIENTED_EDGE ( 'NONE', *, *, #743, .F. ) ;
#1491 = CARTESIAN_POINT ( 'NONE',  ( 33.28520737522691064, 6.572996832456836636, 24.56893319661411113 ) ) ;
#1492 = LINE ( 'NONE', #1468, #2315 ) ;
#1493 = CARTESIAN_POINT ( 'NONE',  ( -31.42522784599593422, 20.35298553373483088, -1.172788983803018548 ) ) ;
#1494 = ORIENTED_EDGE ( 'NONE', *, *, #982, .F. ) ;
#1495 = CARTESIAN_POINT ( 'NONE',  ( -32.61880744130017717, 18.20291404473961094, -8.050035887783945299 ) ) ;
#1496 = CARTESIAN_POINT ( 'NONE',  ( -30.11404409139754890, 19.36283161295045474, -10.96102003094098620 ) ) ;
#1497 = CARTESIAN_POINT ( 'NONE',  ( -31.89585108602288699, 19.17900701731687363, 8.862020778559765333 ) ) ;
#1498 = CARTESIAN_POINT ( 'NONE',  ( 20.23844710515363587, 26.99999999999999645, -21.03909196694777961 ) ) ;
#1499 = DIRECTION ( 'NONE',  ( -1.000000000000000000, 0.000000000000000000, 0.000000000000000000 ) ) ;
#1500 = VERTEX_POINT ( 'NONE', #2039 ) ;
#1501 = CARTESIAN_POINT ( 'NONE',  ( -28.31425922974549181, 23.47063778671411072, 6.605322508730215425 ) ) ;
#1502 = AXIS2_PLACEMENT_3D ( 'NONE', #750, #2010, #87 ) ;
#1503 = CARTESIAN_POINT ( 'NONE',  ( -28.89151209088749894, 23.54700833081971467, -1.450635122728298856E-05 ) ) ;
#1504 = CARTESIAN_POINT ( 'NONE',  ( -32.81750528825872237, 17.91005041002699727, 6.999920847044609040 ) ) ;
#1505 = ORIENTED_EDGE ( 'NONE', *, *, #2466, .F. ) ;
#1506 = CARTESIAN_POINT ( 'NONE',  ( -30.47078055253961892, 21.68352955648142100, -7.934216947891629346 ) ) ;
#1507 = CARTESIAN_POINT ( 'NONE',  ( -31.42522784657585788, 20.43308093117558144, -1.123828154322223494 ) ) ;
#1508 = VERTEX_POINT ( 'NONE', #116 ) ;
#1509 = CARTESIAN_POINT ( 'NONE',  ( -33.14585119418723025, 17.91005041002699372, -4.666719988003357855 ) ) ;
#1510 = CARTESIAN_POINT ( 'NONE',  ( -34.68648081837053354, 17.91005041002699727, -2.371028532266024058 ) ) ;
#1511 = CARTESIAN_POINT ( 'NONE',  ( -30.66540950725845605, 21.20918406446828186, 8.520548823801270544 ) ) ;
#1512 = CARTESIAN_POINT ( 'NONE',  ( -31.19212080328721726, 19.36283161302361222, -10.96102003094528143 ) ) ;
#1513 = CARTESIAN_POINT ( 'NONE',  ( 18.88774550277045705, 10.36793716495175666, -36.18086517688389847 ) ) ;
#1514 = CARTESIAN_POINT ( 'NONE',  ( -31.49182914396700994, 19.16114350740245342, 1.996398623589578314 ) ) ;
#1515 = CARTESIAN_POINT ( 'NONE',  ( -34.73894321125647622, 19.24842044926733564, 7.679203332019710615 ) ) ;
#1516 = CARTESIAN_POINT ( 'NONE',  ( -33.79725988414681837, 21.91005041003510101, 2.357123803128647221 ) ) ;
#1517 = ADVANCED_FACE ( 'NONE', ( #1752 ), #198, .F. ) ;
#1518 = ORIENTED_EDGE ( 'NONE', *, *, #1606, .T. ) ;
#1519 = CARTESIAN_POINT ( 'NONE',  ( -31.42522786787250411, 20.13288672494297771, 1.222915178355680199 ) ) ;
#1520 = CARTESIAN_POINT ( 'NONE',  ( -31.42522785015232500, 20.63288672494288534, -0.7227574448543135910 ) ) ;
#1521 = ORIENTED_EDGE ( 'NONE', *, *, #392, .F. ) ;
#1522 = APPLICATION_CONTEXT ( 'automotive_design' ) ;
#1523 = CARTESIAN_POINT ( 'NONE',  ( -21.83656766766364399, 27.00000000000000711, 21.04119053982156728 ) ) ;
#1524 = PRODUCT_DEFINITION ( 'ๆ', '', #1434, #1883 ) ;
#1525 = CARTESIAN_POINT ( 'NONE',  ( -29.87953340185699957, 19.71775160707127839, -10.97209375442638191 ) ) ;
#1526 = CARTESIAN_POINT ( 'NONE',  ( -30.13930569205898635, 21.54928692239247567, 0.6939502168903115553 ) ) ;
#1527 = CARTESIAN_POINT ( 'NONE',  ( -32.03165680405608384, 18.98373463380321269, 8.772779852878603180 ) ) ;
#1528 = CARTESIAN_POINT ( 'NONE',  ( -33.45083236064766652, 21.53268185692577674, 7.109199850438937318 ) ) ;
#1529 = CARTESIAN_POINT ( 'NONE',  ( -39.56571728214724715, 10.36793716495175488, -8.195514397244567206 ) ) ;
#1530 = CARTESIAN_POINT ( 'NONE',  ( -30.67931557949678023, 20.63329820391701119, 1.343291240409874021 ) ) ;
#1531 = CARTESIAN_POINT ( 'NONE',  ( -33.68461129016863964, 18.97161545741622035, 8.770583767909275963 ) ) ;
#1532 = LINE ( 'NONE', #1776, #608 ) ;
#1533 = ORIENTED_EDGE ( 'NONE', *, *, #2607, .T. ) ;
#1534 = EDGE_CURVE ( 'NONE', #481, #947, #1196, .T. ) ;
#1535 = CARTESIAN_POINT ( 'NONE',  ( -31.37357189988050621, 19.97007380263332621, -8.999305214716779133 ) ) ;
#1536 = CARTESIAN_POINT ( 'NONE',  ( -30.14403907869230537, 21.53093343949166893, -1.016427579790125657 ) ) ;
#1537 = ORIENTED_EDGE ( 'NONE', *, *, #1534, .T. ) ;
#1538 = ADVANCED_FACE ( 'NONE', ( #2472 ), #2483, .T. ) ;
#1539 = CARTESIAN_POINT ( 'NONE',  ( 35.71877954099156227, 17.18450006625664983, -1.626303258728256651E-16 ) ) ;
#1540 = CARTESIAN_POINT ( 'NONE',  ( -30.56356459776823442, 21.42901962858397269, -8.308612196907779079 ) ) ;
#1541 = CARTESIAN_POINT ( 'NONE',  ( -34.83181786064784546, 19.14848102591647105, -7.439535979423472334 ) ) ;
#1542 = CARTESIAN_POINT ( 'NONE',  ( -31.42522865280046673, 19.71398589395477075, 1.265733301672121280 ) ) ;
#1543 = CARTESIAN_POINT ( 'NONE',  ( -30.75075492365760610, 18.45686461714468507, 10.69910821167103165 ) ) ;
#1544 = CARTESIAN_POINT ( 'NONE',  ( -31.42522785128256402, 19.73284454834593760, -0.5986574257798216170 ) ) ;
#1545 = CARTESIAN_POINT ( 'NONE',  ( -34.64601505286885441, 17.18450006625665338, -18.82832905795550360 ) ) ;
#1546 = CARTESIAN_POINT ( 'NONE',  ( -31.42522786539024438, 20.57861930642703641, 0.9519212234797467254 ) ) ;
#1547 = CARTESIAN_POINT ( 'NONE',  ( -33.43669939070817776, 21.53304964439990243, -7.194401770117823780 ) ) ;
#1548 = CARTESIAN_POINT ( 'NONE',  ( -33.16073761146102328, 21.91005041002699016, 4.666808016874692377 ) ) ;
#1549 = ORIENTED_EDGE ( 'NONE', *, *, #1905, .F. ) ;
#1550 = FACE_OUTER_BOUND ( 'NONE', #1961, .T. ) ;
#1551 = CARTESIAN_POINT ( 'NONE',  ( -33.31913864384240753, 19.91557645038131596, -9.000064325035404877 ) ) ;
#1552 = CARTESIAN_POINT ( 'NONE',  ( -31.42522784796112489, 20.57858610897132223, -0.9518768447964431889 ) ) ;
#1553 = AXIS2_PLACEMENT_3D ( 'NONE', #2240, #317, #1176 ) ;
#1554 = EDGE_LOOP ( 'NONE', ( #84, #1568, #2512, #679 ) ) ;
#1555 = CARTESIAN_POINT ( 'NONE',  ( -19.64186336242172004, 17.18450006625664983, -33.84181435430670604 ) ) ;
#1556 = CARTESIAN_POINT ( 'NONE',  ( -31.42571606289313380, 21.30602649127405357, -1.858245896173468026 ) ) ;
#1557 = CARTESIAN_POINT ( 'NONE',  ( -35.23540594893566436, 19.09192085001906847, -4.762329215425953777 ) ) ;
#1558 = CARTESIAN_POINT ( 'NONE',  ( -33.96937960632710229, 20.31148464823355582, 8.507177828915301276 ) ) ;
#1559 = CARTESIAN_POINT ( 'NONE',  ( -33.18747452285258959, 21.80045888490764838, 7.663883433706328852 ) ) ;
#1560 = DIRECTION ( 'NONE',  ( -0.9905724557095134664, 0.000000000000000000, 0.1369898171019430511 ) ) ;
#1561 = CARTESIAN_POINT ( 'NONE',  ( 33.04463188691666176, 17.18450006625666404, 18.83314700860450586 ) ) ;
#1562 = CARTESIAN_POINT ( 'NONE',  ( -32.82538158743009404, 17.91005041002698661, 6.999920847044612593 ) ) ;
#1563 = CARTESIAN_POINT ( 'NONE',  ( -34.45000557879616565, 19.37931071926847792, 8.986581508582377253 ) ) ;
#1564 = B_SPLINE_SURFACE_WITH_KNOTS ( 'NONE', 3, 1, ( 
 ( #1444, #1496 ),
 ( #214, #274 ),
 ( #2354, #423 ),
 ( #22, #2157 ),
 ( #1101, #2385 ),
 ( #2569, #1983 ),
 ( #1284, #55 ),
 ( #672, #1735 ),
 ( #2142, #229 ),
 ( #1086, #485 ),
 ( #1070, #1769 ),
 ( #1937, #10 ),
 ( #465, #907 ) ),
 .UNSPECIFIED., .F., .F., .F.,
 ( 4, 1, 1, 1, 1, 1, 1, 1, 1, 1, 4 ),
 ( 2, 2 ),
 ( 0.000000000000000000, 0.02449948463006013100, 0.07316119113499691684, 0.1215797084946686479, 0.1691105065056378587, 0.2152150068666823235, 0.2596747291038087879, 0.3030011613352122657, 0.3466368908096797430, 0.3915938798275208077, 0.3937769067110031274 ),
 ( 0.000000000000000000, 1.000000000000000000 ),
 .UNSPECIFIED. ) ;
#1565 = CARTESIAN_POINT ( 'NONE',  ( -35.53306348390901803, 17.92371737665861176, -7.388502796144737594 ) ) ;
#1566 = CARTESIAN_POINT ( 'NONE',  ( -31.40676268346427236, 19.35732981237559258, 1.354786911434418650 ) ) ;
#1567 = CARTESIAN_POINT ( 'NONE',  ( -32.78675263533774142, 21.67296015947373533, -7.955100542327949498 ) ) ;
#1568 = ORIENTED_EDGE ( 'NONE', *, *, #2724, .T. ) ;
#1569 = CARTESIAN_POINT ( 'NONE',  ( -0.8002149410955894382, 27.00000000000000711, 30.05926614940694819 ) ) ;
#1570 = CARTESIAN_POINT ( 'NONE',  ( -33.24135352592010406, 17.42696435305296987, -5.740889213623275644 ) ) ;
#1571 = CARTESIAN_POINT ( 'NONE',  ( -31.42522784559858451, 20.03589854643810853, -1.222757444854320585 ) ) ;
#1572 = CARTESIAN_POINT ( 'NONE',  ( -33.81991278458448846, 20.61586519918114391, 8.295839850385993586 ) ) ;
#1573 = EDGE_CURVE ( 'NONE', #828, #2320, #1835, .T. ) ;
#1574 = CARTESIAN_POINT ( 'NONE',  ( -31.42522786211119268, 19.37331638803655665, 0.5895771325438925459 ) ) ;
#1575 = CARTESIAN_POINT ( 'NONE',  ( 38.20000053929234696, 10.36793716495175843, -0.9675849595350541898 ) ) ;
#1576 = CARTESIAN_POINT ( 'NONE',  ( -32.78581590060387185, 17.91005041002701148, -7.287730533052166670 ) ) ;
#1577 = CARTESIAN_POINT ( 'NONE',  ( -33.40515751853632764, 19.68051389802015194, 9.002839024259376544 ) ) ;
#1578 = CARTESIAN_POINT ( 'NONE',  ( -30.59198050942346470, 21.91005041002699727, 5.833265358771294373 ) ) ;
#1579 = B_SPLINE_CURVE_WITH_KNOTS ( 'NONE', 3,
 ( #2284, #2705, #2357, #482, #1225, #747, #1994, #1326, #51, #1731, #1782, #239, #1964, #1765 ),
 .UNSPECIFIED., .F., .F.,
 ( 4, 2, 2, 2, 2, 2, 4 ),
 ( 0.000000000000000000, 0.0008286580153698155753, 0.001242987023054725314, 0.001657316030739634837, 0.002071645038424544359, 0.002485974046109454098, 0.003314632061479269674 ),
 .UNSPECIFIED. ) ;
#1580 = CARTESIAN_POINT ( 'NONE',  ( -31.40712668471452318, 19.91714093889719450, -9.000079171219370622 ) ) ;
#1581 = CARTESIAN_POINT ( 'NONE',  ( -32.41181987805957476, 21.67296015947373533, -7.955100542327949498 ) ) ;
#1582 = ORIENTED_EDGE ( 'NONE', *, *, #412, .F. ) ;
#1583 = CARTESIAN_POINT ( 'NONE',  ( -24.10365219240610202, 27.00000000000001066, -18.53788697698095334 ) ) ;
#1584 = CARTESIAN_POINT ( 'NONE',  ( -31.07267450820014787, 21.28134160287906340, -5.540336972182793751 ) ) ;
#1585 = CARTESIAN_POINT ( 'NONE',  ( -31.31199017519288574, 19.51885814441606826, -1.519539381704421599 ) ) ;
#1586 = CARTESIAN_POINT ( 'NONE',  ( -33.42825132194914772, 21.52483609571380541, 7.276479679495997388 ) ) ;
#1587 = CARTESIAN_POINT ( 'NONE',  ( -31.42522786841678339, 19.68613517732248752, 1.282680523857204991 ) ) ;
#1588 = CARTESIAN_POINT ( 'NONE',  ( -38.52608575978459271, 6.572996832456836636, -14.35903646751470397 ) ) ;
#1589 = CARTESIAN_POINT ( 'NONE',  ( -30.32544322309665930, 21.78803116321339317, -7.702527260491079275 ) ) ;
#1590 = CARTESIAN_POINT ( 'NONE',  ( -33.29588267964820858, 21.45455062922615141, -8.283273259731908311 ) ) ;
#1591 = CARTESIAN_POINT ( 'NONE',  ( -34.37724643667351643, 19.49365951856984580, -9.011480202984916588 ) ) ;
#1592 = DIRECTION ( 'NONE',  ( -1.000000000000000000, 0.000000000000000000, 0.000000000000000000 ) ) ;
#1593 = CARTESIAN_POINT ( 'NONE',  ( -28.21050554541360356, 23.00841012366059246, 8.554378172843843942 ) ) ;
#1594 = EDGE_LOOP ( 'NONE', ( #922, #1684, #407, #1841, #1641 ) ) ;
#1595 = B_SPLINE_CURVE_WITH_KNOTS ( 'NONE', 3,
 ( #974, #781, #355, #1214 ),
 .UNSPECIFIED., .F., .F.,
 ( 4, 4 ),
 ( 0.2014675103397869371, 0.2526229122399282212 ),
 .UNSPECIFIED. ) ;
#1596 = CARTESIAN_POINT ( 'NONE',  ( -25.38155833458778332, 10.36793716495176376, -34.08139805129601996 ) ) ;
#1597 = CARTESIAN_POINT ( 'NONE',  ( -30.37695551896543833, 21.91005041002700082, -7.000079152955385631 ) ) ;
#1598 = CARTESIAN_POINT ( 'NONE',  ( 42.87813405840697811, 19.91005041002699727, 6.999920847044611705 ) ) ;
#1599 = CARTESIAN_POINT ( 'NONE',  ( -31.42522827548149067, 19.74138747600147070, 1.251758209773968122 ) ) ;
#1600 = CARTESIAN_POINT ( 'NONE',  ( -32.42922774777213135, 21.91005041002699372, -7.000079152955385631 ) ) ;
#1601 = LINE ( 'NONE', #1790, #1327 ) ;
#1602 = CARTESIAN_POINT ( 'NONE',  ( 7.395509841682985197, 6.572996832456836636, -38.76572047551412936 ) ) ;
#1603 = CARTESIAN_POINT ( 'NONE',  ( -30.72753700395672638, 20.82473169622388909, -8.860177319941751506 ) ) ;
#1604 = CARTESIAN_POINT ( 'NONE',  ( -31.47877638284619195, 19.80518995104145930, -8.997428307395214375 ) ) ;
#1605 = EDGE_CURVE ( 'NONE', #2320, #326, #1045, .T. ) ;
#1606 = EDGE_CURVE ( 'NONE', #2007, #2580, #181, .T. ) ;
#1607 = CARTESIAN_POINT ( 'NONE',  ( -33.64113828572027387, 20.11238440834173247, -8.929716077762918758 ) ) ;
#1608 = ORIENTED_EDGE ( 'NONE', *, *, #1456, .F. ) ;
#1609 = CARTESIAN_POINT ( 'NONE',  ( 23.78156542430927800, 10.36793716495176554, 34.08139671492535427 ) ) ;
#1610 = CARTESIAN_POINT ( 'NONE',  ( -32.75734502364717571, 17.47999999999988319, 8.964375745550873020 ) ) ;
#1611 = CARTESIAN_POINT ( 'NONE',  ( -31.26802009212410383, 19.59501596841953486, -1.560560828373975362 ) ) ;
#1612 = CARTESIAN_POINT ( 'NONE',  ( -32.75874800005282594, 21.78941723261291230, 7.698823132591737561 ) ) ;
#1613 = CARTESIAN_POINT ( 'NONE',  ( 29.19796490280462464, 6.572996832456837524, 29.97818308173410173 ) ) ;
#1614 = CARTESIAN_POINT ( 'NONE',  ( -29.97067612213017895, 23.54955864463729753, 1.810462312531421425 ) ) ;
#1615 = CARTESIAN_POINT ( 'NONE',  ( -33.19218341950369933, 21.77784825971334826, -7.718231875283810162 ) ) ;
#1616 = CARTESIAN_POINT ( 'NONE',  ( -33.31227420436031395, 19.93405232713370623, -8.999935124763146277 ) ) ;
#1617 = ORIENTED_EDGE ( 'NONE', *, *, #1975, .F. ) ;
#1618 = ADVANCED_FACE ( 'NONE', ( #2308 ), #381, .F. ) ;
#1619 = CARTESIAN_POINT ( 'NONE',  ( -39.56579527270746865, 10.36793716495175843, 8.196988204272777523 ) ) ;
#1620 = CARTESIAN_POINT ( 'NONE',  ( -30.06819171491672904, 21.14370192816052096, -10.64155057036963825 ) ) ;
#1621 = FILL_AREA_STYLE_COLOUR ( '', #2258 ) ;
#1622 = EDGE_CURVE ( 'NONE', #222, #2178, #1321, .T. ) ;
#1623 = CARTESIAN_POINT ( 'NONE',  ( -30.37855319559427159, 21.91005041002700082, -7.000079152955389183 ) ) ;
#1624 = CARTESIAN_POINT ( 'NONE',  ( -33.31913864384240753, 19.91557645038131596, -9.000064325035404877 ) ) ;
#1625 = CARTESIAN_POINT ( 'NONE',  ( 13.56104547351247547, 10.36793716495176199, 37.72571842509400852 ) ) ;
#1626 = CARTESIAN_POINT ( 'NONE',  ( -30.65867181983322354, 20.58405026791466952, -2.355633782942970544 ) ) ;
#1627 = CARTESIAN_POINT ( 'NONE',  ( -31.74072428589936479, 19.40698290493353895, -8.936156436674540515 ) ) ;
#1628 = CARTESIAN_POINT ( 'NONE',  ( -30.49881049932914223, 21.59510559766095383, 8.086154321041053805 ) ) ;
#1629 = CARTESIAN_POINT ( 'NONE',  ( -32.19935526272011117, 17.99203765502463881, 10.30643432927381831 ) ) ;
#1630 = ORIENTED_EDGE ( 'NONE', *, *, #861, .T. ) ;
#1631 = CARTESIAN_POINT ( 'NONE',  ( 35.38088486335966820, 10.36793716495176021, 19.68781937559422346 ) ) ;
#1632 = MECHANICAL_DESIGN_GEOMETRIC_PRESENTATION_REPRESENTATION (  '', ( #194 ), #1043 ) ;
#1633 = CARTESIAN_POINT ( 'NONE',  ( -32.12244165028894116, 17.47999999999990806, -5.982613158822657873 ) ) ;
#1634 = CARTESIAN_POINT ( 'NONE',  ( -32.15015145715901212, 17.42803100611325462, 5.781618377891462046 ) ) ;
#1635 = CARTESIAN_POINT ( 'NONE',  ( -32.87440561950101170, 21.43514594339353607, 8.301121397983790118 ) ) ;
#1636 = CARTESIAN_POINT ( 'NONE',  ( -25.36365792774719452, 6.572996832456832195, 34.08800727911785344 ) ) ;
#1637 = DIRECTION ( 'NONE',  ( -1.000000000000000000, 0.000000000000000000, 0.000000000000000000 ) ) ;
#1638 = CARTESIAN_POINT ( 'NONE',  ( -32.76422523197764747, 21.89511803021523306, -7.282431565146665342 ) ) ;
#1639 = CARTESIAN_POINT ( 'NONE',  ( -34.90766353005077605, 19.10079486277122740, -7.095719509564760052 ) ) ;
#1640 = B_SPLINE_CURVE_WITH_KNOTS ( 'NONE', 3,
 ( #1860, #2019, #1808, #1450, #2286, #2006 ),
 .UNSPECIFIED., .F., .F.,
 ( 4, 2, 4 ),
 ( 0.007187864220238974165, 0.01028237152246150830, 0.01337687882468404331 ),
 .UNSPECIFIED. ) ;
#1641 = ORIENTED_EDGE ( 'NONE', *, *, #1189, .F. ) ;
#1642 = CARTESIAN_POINT ( 'NONE',  ( 35.71877875499093591, 17.18450006625665338, 0.9415960453904029803 ) ) ;
#1643 = CARTESIAN_POINT ( 'NONE',  ( -32.42668667375357217, 17.47999999999989740, 1.236959617577326348E-06 ) ) ;
#1644 = CARTESIAN_POINT ( 'NONE',  ( -28.75430413292010456, 23.53389837564030884, 3.655933741172828544 ) ) ;
#1645 = ORIENTED_EDGE ( 'NONE', *, *, #2170, .T. ) ;
#1646 = CARTESIAN_POINT ( 'NONE',  ( -32.78042893023476267, 21.91005041002699016, 6.999920847044611705 ) ) ;
#1647 = CARTESIAN_POINT ( 'NONE',  ( -33.32974204436374777, 19.89825391717600667, 8.999878199996842909 ) ) ;
#1648 = CARTESIAN_POINT ( 'NONE',  ( -34.21616393147005653, 17.91005041002700082, -7.000079152955387407 ) ) ;
#1649 = CARTESIAN_POINT ( 'NONE',  ( -32.50590338652631317, 18.34258529782090363, 8.243921404925465879 ) ) ;
#1650 = CARTESIAN_POINT ( 'NONE',  ( -32.83771281375292261, 17.96954827519828868, -7.489507073732962539 ) ) ;
#1651 = EDGE_CURVE ( 'NONE', #1915, #634, #552, .T. ) ;
#1652 = CARTESIAN_POINT ( 'NONE',  ( -0.7997857967326323925, 27.00000000000000355, -30.05926661396336996 ) ) ;
#1653 = CARTESIAN_POINT ( 'NONE',  ( -31.18717874571045101, 17.90920074846702192, -10.20903503326235651 ) ) ;
#1654 = CARTESIAN_POINT ( 'NONE',  ( -32.87433942615987803, 21.43514681277665801, -8.301383743642391622 ) ) ;
#1655 = CARTESIAN_POINT ( 'NONE',  ( -30.75134454268198780, 21.02980066699620565, 8.678858639995052471 ) ) ;
#1656 = ORIENTED_EDGE ( 'NONE', *, *, #1605, .F. ) ;
#1657 = CARTESIAN_POINT ( 'NONE',  ( -39.93099465116645064, 1.712509691109566736E-15, 5.676014300857042490E-05 ) ) ;
#1658 = CARTESIAN_POINT ( 'NONE',  ( -31.42522784505427680, 19.68614995302015913, -1.282524249414149331 ) ) ;
#1659 = ORIENTED_EDGE ( 'NONE', *, *, #464, .F. ) ;
#1660 = CARTESIAN_POINT ( 'NONE',  ( -30.74818714776690598, 21.91005041002699016, -4.666723322216459025 ) ) ;
#1661 = CARTESIAN_POINT ( 'NONE',  ( -33.06939067327509463, 20.33573460824734624, 8.957956481899623569 ) ) ;
#1662 = CARTESIAN_POINT ( 'NONE',  ( -34.88139804978385428, 5.311773935443225455E-15, 24.58155834860387756 ) ) ;
#1663 = CARTESIAN_POINT ( 'NONE',  ( -30.35244591545700032, 21.91005041002701148, 7.142842116324198187 ) ) ;
#1664 = CARTESIAN_POINT ( 'NONE',  ( -32.92148664548852821, 17.91005041002700082, -7.139300253248022976 ) ) ;
#1665 = CARTESIAN_POINT ( 'NONE',  ( -21.83656766766364399, 27.00000000000000711, 21.04119053982156728 ) ) ;
#1666 = CARTESIAN_POINT ( 'NONE',  ( -30.14363194909445909, 21.54862918002185879, -0.4625804424558680461 ) ) ;
#1667 = DIRECTION ( 'NONE',  ( 2.797941090285172097E-15, -1.000000000000000000, 0.000000000000000000 ) ) ;
#1668 = ADVANCED_FACE ( 'NONE', ( #2582 ), #671, .T. ) ;
#1669 = ORIENTED_EDGE ( 'NONE', *, *, #188, .T. ) ;
#1670 = CARTESIAN_POINT ( 'NONE',  ( 38.19999999999998153, -4.814824860968089633E-31, -1.084202172485504434E-16 ) ) ;
#1671 = B_SPLINE_CURVE_WITH_KNOTS ( 'NONE', 3,
 ( #1422, #2266, #2505, #347, #2704, #807, #2282, #1677, #1208, #359, #600, #991, #1881, #2075, #1649, #2089, #161, #2105, #1300, #849, #2325, #1285, #2386, #1484, #1706, #23, #1527, #2158, #2340, #1970, #2117, #864, #1040, #1497, #2748, #187, #2544, #2599, #39, #1472, #438, #396, #1750, #1071, #836, #2143, #1257, #2761, #215, #659, #451, #1938, #11, #1908, #630, #1693, #201, #1720, #1313, #410, #2557, #645, #1268, #2129, #878, #2570, #2355, #424, #1055, #1923, #1511, #2372, #893, #230, #1087, #1954, #1736, #2584, #673, #2172, #243, #1102, #1148, #909 ),
 .UNSPECIFIED., .F., .F.,
 ( 4, 2, 2, 1, 1, 2, 2, 2, 2, 1, 1, 1, 2, 2, 2, 2, 1, 1, 1, 2, 2, 2, 2, 2, 2, 2, 2, 1, 1, 1, 2, 2, 2, 2, 1, 1, 1, 2, 2, 2, 2, 1, 1, 2, 2, 2, 2, 2, 2, 4 ),
 ( 0.000000000000000000, 0.06250000000005295764, 0.09375000000007965850, 0.1093750000000928008, 0.1171875000000995315, 0.1210937500001033895, 0.1250000000001072198, 0.1875000000001738054, 0.2187500000002068345, 0.2343750000002246536, 0.2421875000002329248, 0.2460937500002376987, 0.2480468750002400580, 0.2500000000002424727, 0.3125000000002985945, 0.3437500000003279599, 0.3593750000003421707, 0.3671875000003492207, 0.3710937500003524403, 0.3730468750003539946, 0.3750000000003555489, 0.4062500000003498868, 0.4218750000003471112, 0.4296875000003446132, 0.4375000000003420597, 0.4687500000003311795, 0.4843750000003242406, 0.4921875000003197997, 0.4960937500003172462, 0.4980468750003150258, 0.4990234375003151923, 0.5000000000003153033, 0.5625000000002526868, 0.5937500000002206013, 0.6093750000002052802, 0.6171875000001973977, 0.6210937500001947331, 0.6230468750001937339, 0.6250000000001927347, 0.6875000000001646461, 0.7187500000001502132, 0.7343750000001425526, 0.7421875000001383338, 0.7460937500001358913, 0.7500000000001334488, 0.8125000000000991429, 0.8437500000000827116, 0.8593750000000746070, 0.8750000000000663913, 1.000000000000000000 ),
 .UNSPECIFIED. ) ;
#1672 = CARTESIAN_POINT ( 'NONE',  ( -29.27781899308871161, 20.66508154852563095, 10.82610224174568714 ) ) ;
#1673 = FACE_OUTER_BOUND ( 'NONE', #1242, .T. ) ;
#1674 = ORIENTED_EDGE ( 'NONE', *, *, #1573, .F. ) ;
#1675 = CARTESIAN_POINT ( 'NONE',  ( -32.82532915219242398, 17.91005041002700082, -7.000079152955386519 ) ) ;
#1676 = CARTESIAN_POINT ( 'NONE',  ( -39.56571728214724004, -5.645706960979839933E-15, -8.195514397244556548 ) ) ;
#1677 = CARTESIAN_POINT ( 'NONE',  ( -32.74930404014529017, 18.05641681963483691, 7.751313238221479551 ) ) ;
#1678 = CARTESIAN_POINT ( 'NONE',  ( 22.50153512793860955, 26.99999999999999289, 18.54050150639061556 ) ) ;
#1679 = CARTESIAN_POINT ( 'NONE',  ( -29.28452315945225237, 23.00720209177945108, -8.559050661673175853 ) ) ;
#1680 = CARTESIAN_POINT ( 'NONE',  ( -29.83767522566301267, 23.47063778671423151, -4.148060227827760293 ) ) ;
#1681 = CIRCLE ( 'NONE', #1553, 0.7999999999999969358 ) ;
#1682 = EDGE_CURVE ( 'NONE', #1081, #1703, #1967, .T. ) ;
#1683 = CARTESIAN_POINT ( 'NONE',  ( -31.84622189145573046, 19.25078882228962485, 8.891993874704658296 ) ) ;
#1684 = ORIENTED_EDGE ( 'NONE', *, *, #2645, .T. ) ;
#1685 = AXIS2_PLACEMENT_3D ( 'NONE', #319, #2648, #118 ) ;
#1686 = CARTESIAN_POINT ( 'NONE',  ( 38.19999999999999574, 6.572996832456838412, 5.421010862427522170E-17 ) ) ;
#1687 = CARTESIAN_POINT ( 'NONE',  ( -29.62421842481614220, 20.11198388899984124, 10.94383543466976327 ) ) ;
#1688 = CARTESIAN_POINT ( 'NONE',  ( -29.38871172563926493, 21.24675744866935290, 9.222719856361885959 ) ) ;
#1689 = ORIENTED_EDGE ( 'NONE', *, *, #1905, .T. ) ;
#1690 = B_SPLINE_CURVE_WITH_KNOTS ( 'NONE', 3,
 ( #17, #2350, #2137, #210, #858, #1715, #654, #1506, #433, #1294, #872, #1729, #595, #1141, #67, #81, #2219, #683, #294, #1156, #95, #1128, #252, #2593, #2165, #32, #1324, #919, #2380, #1992, #1763, #2394, #2018, #1112, #1535, #1794, #1346, #1580, #237 ),
 .UNSPECIFIED., .F., .F.,
 ( 4, 2, 2, 2, 2, 2, 1, 1, 2, 2, 2, 2, 1, 1, 1, 2, 2, 2, 2, 1, 1, 2, 4 ),
 ( 0.000000000000000000, 0.06093608929119240236, 0.09140413393678863130, 0.1218721785823848602, 0.1828082678735759581, 0.2132763125191717568, 0.2285103348419696978, 0.2361273460033686544, 0.2399358515840679384, 0.2437443571647671670, 0.3046804464559424441, 0.3351484911015299439, 0.3503825134243233053, 0.3579995245857200969, 0.3618080301664184373, 0.3637122829567678850, 0.3656165357471173882, 0.4265526250383170348, 0.4570206696839168581, 0.4722546920067170473, 0.4798717031681172251, 0.4836802087488172863, 0.4874887143295173475 ),
 .UNSPECIFIED. ) ;
#1691 = CARTESIAN_POINT ( 'NONE',  ( -32.94051491718418134, 17.91005041002700438, -7.000079152955378525 ) ) ;
#1692 = CARTESIAN_POINT ( 'NONE',  ( -25.38155833458777977, 1.359627182030623109E-15, -34.08139805129600575 ) ) ;
#1693 = CARTESIAN_POINT ( 'NONE',  ( -31.13655764668894577, 20.35463491672971159, 8.950685422845033656 ) ) ;
#1694 = LINE ( 'NONE', #2358, #2663 ) ;
#1695 = CARTESIAN_POINT ( 'NONE',  ( 35.71878032697709671, 17.18450006625664983, -0.9415779697192595554 ) ) ;
#1696 = CARTESIAN_POINT ( 'NONE',  ( -30.58279349990164420, 20.81467247722425640, 0.8747296283106658077 ) ) ;
#1697 = FACE_OUTER_BOUND ( 'NONE', #1078, .T. ) ;
#1698 = CARTESIAN_POINT ( 'NONE',  ( -32.22380240579534671, 18.71498145525861645, 8.608305345187369895 ) ) ;
#1699 = ORIENTED_EDGE ( 'NONE', *, *, #2724, .F. ) ;
#1700 = CARTESIAN_POINT ( 'NONE',  ( 33.28139125995623715, -9.914702344060203512E-16, -24.58154408882184683 ) ) ;
#1701 = CARTESIAN_POINT ( 'NONE',  ( -33.20861553328689553, 17.47999999999988674, -5.982849109138484778 ) ) ;
#1702 = CARTESIAN_POINT ( 'NONE',  ( -31.98082148707150196, 19.47999999999989740, 8.964375745550263730 ) ) ;
#1703 = VERTEX_POINT ( 'NONE', #1482 ) ;
#1704 = DIRECTION ( 'NONE',  ( 0.000000000000000000, 1.000000000000000000, 9.912705577010330480E-16 ) ) ;
#1705 = CARTESIAN_POINT ( 'NONE',  ( -33.41625736735640118, 19.65369702040393207, -8.987687701614163416 ) ) ;
#1706 = CARTESIAN_POINT ( 'NONE',  ( -32.13188108730444270, 18.84226862259741253, 8.692145618989343347 ) ) ;
#1707 = B_SPLINE_CURVE_WITH_KNOTS ( 'NONE', 3,
 ( #1802, #276, #1136, #2646 ),
 .UNSPECIFIED., .F., .F.,
 ( 4, 4 ),
 ( 0.0009603609379769746830, 0.007187864220238973298 ),
 .UNSPECIFIED. ) ;
#1708 = CARTESIAN_POINT ( 'NONE',  ( 35.38088486335966110, -1.079284459303581605E-15, 19.68781937559421280 ) ) ;
#1709 = EDGE_LOOP ( 'NONE', ( #959, #607, #2627, #1861 ) ) ;
#1710 = CARTESIAN_POINT ( 'NONE',  ( -30.73364324524633773, 20.53440816748290132, 1.469720463039208225 ) ) ;
#1711 = CARTESIAN_POINT ( 'NONE',  ( -31.64757485375641721, 17.39892653834461456, -9.585195796419935022 ) ) ;
#1712 = CARTESIAN_POINT ( 'NONE',  ( -32.41471601498501087, 21.67074774744490639, 7.959310728474052965 ) ) ;
#1713 = CARTESIAN_POINT ( 'NONE',  ( -31.53349932623535068, 19.71994169574418976, 8.994488768140305623 ) ) ;
#1714 = ORIENTED_EDGE ( 'NONE', *, *, #2754, .F. ) ;
#1715 = CARTESIAN_POINT ( 'NONE',  ( -30.44941183676790430, 21.79044209456019487, -7.684854710962299329 ) ) ;
#1716 = CARTESIAN_POINT ( 'NONE',  ( -31.42522786331876361, 20.13288672494288534, 0.7229151783556813093 ) ) ;
#1717 = ORIENTED_EDGE ( 'NONE', *, *, #968, .T. ) ;
#1718 = CARTESIAN_POINT ( 'NONE',  ( -30.84914331562933043, 20.82534610774509432, -8.859857717486768536 ) ) ;
#1719 = CARTESIAN_POINT ( 'NONE',  ( -30.14794360842593335, 21.54797126698925780, -0.2315302569292995993 ) ) ;
#1720 = CARTESIAN_POINT ( 'NONE',  ( -31.06451991915097111, 20.47552550595945320, 8.918638539157408118 ) ) ;
#1721 = CARTESIAN_POINT ( 'NONE',  ( -20.48257625106905877, -5.260146243211672026E-15, 36.18235637467102350 ) ) ;
#1722 = CARTESIAN_POINT ( 'NONE',  ( 22.55015741703797261, 17.18450006625665338, 31.89809317956845192 ) ) ;
#1723 = CARTESIAN_POINT ( 'NONE',  ( -31.42522786999219520, 20.20408427987422684, 1.222915173801187194 ) ) ;
#1724 = CARTESIAN_POINT ( 'NONE',  ( -28.20870253501499647, 23.50782222182478520, -7.223388850186329257 ) ) ;
#1725 = B_SPLINE_CURVE_WITH_KNOTS ( 'NONE', 3,
 ( #2250, #1008, #1633, #2700, #2491, #1643 ),
 .UNSPECIFIED., .F., .F.,
 ( 4, 2, 4 ),
 ( 0.001238025931710062854, 0.005729977843270499249, 0.01022192975483093846 ),
 .UNSPECIFIED. ) ;
#1726 =( BOUNDED_SURFACE ( )  B_SPLINE_SURFACE ( 3, 2, ( 
 ( #205, #2147, #1942 ),
 ( #2574, #713, #1577 ),
 ( #1340, #442, #2589 ),
 ( #1958, #2205, #28 ),
 ( #914, #1563, #1531 ),
 ( #2390, #2016, #2162 ),
 ( #1091, #1304, #1108 ),
 ( #93, #1775, #79 ),
 ( #1793, #1153, #455 ),
 ( #943, #1805, #2649 ),
 ( #1515, #2425, #248 ),
 ( #2636, #472, #2176 ),
 ( #1317, #2376, #1974 ),
 ( #728, #263, #506 ) ),
 .UNSPECIFIED., .F., .F., .F. ) 
 B_SPLINE_SURFACE_WITH_KNOTS ( ( 4, 2, 2, 2, 2, 2, 4 ),
 ( 3, 3 ),
 ( -1.310497902487026116E-05, 0.0005122888461119939028, 0.0007749857586804259450, 0.001037682671248857987, 0.001300379583817290029, 0.001563076496385722072, 0.002088470321522586156 ),
 ( 0.000000000000000000, 1.000000000000000000 ),
 .UNSPECIFIED. ) 
 GEOMETRIC_REPRESENTATION_ITEM ( )  RATIONAL_B_SPLINE_SURFACE ( (
 ( 1.000000000000000000, 0.7604929853203492573, 1.000000000000000000),
 ( 1.000000000000000000, 0.7386231881160897350, 1.000000000000000000),
 ( 1.000000000000000000, 0.7157110107320803216, 1.000000000000000000),
 ( 1.000000000000000000, 0.6794875830581209586, 1.000000000000000000),
 ( 1.000000000000000000, 0.6670665918441398556, 1.000000000000000000),
 ( 1.000000000000000000, 0.6425526349750567690, 1.000000000000000000),
 ( 1.000000000000000000, 0.6303405791685573467, 1.000000000000000000),
 ( 1.000000000000000000, 0.6060987247155186219, 1.000000000000000000),
 ( 1.000000000000000000, 0.5939720588389963973, 1.000000000000000000),
 ( 1.000000000000000000, 0.5711001389911493087, 1.000000000000000000),
 ( 1.000000000000000000, 0.5602472397513963420, 1.000000000000000000),
 ( 1.000000000000000000, 0.5301133232466128664, 1.000000000000000000),
 ( 1.000000000000000000, 0.5140853302996702956, 1.000000000000000000),
 ( 1.000000000000000000, 0.5057495470656994119, 1.000000000000000000) ) ) 
 REPRESENTATION_ITEM ( '' )  SURFACE ( )  );
#1727 = CARTESIAN_POINT ( 'NONE',  ( -32.94055323230492149, 17.91005041002699727, 6.999920847044609040 ) ) ;
#1728 = ORIENTED_EDGE ( 'NONE', *, *, #2302, .T. ) ;
#1729 = CARTESIAN_POINT ( 'NONE',  ( -30.58330962542131815, 21.38645959484120951, -8.349672304331289041 ) ) ;
#1730 = CARTESIAN_POINT ( 'NONE',  ( -30.99216314102875813, 20.07248333467241608, -1.716494972150866660 ) ) ;
#1731 = CARTESIAN_POINT ( 'NONE',  ( -33.70147271252580623, 18.93058266162747572, 8.748356945560187725 ) ) ;
#1732 = ORIENTED_EDGE ( 'NONE', *, *, #1882, .F. ) ;
#1733 = CARTESIAN_POINT ( 'NONE',  ( -19.33788867961229840, 27.00000000000000711, 23.30365076104451916 ) ) ;
#1734 = CARTESIAN_POINT ( 'NONE',  ( -32.43316148216300832, 18.43516253138462702, -8.356653594152975373 ) ) ;
#1735 = CARTESIAN_POINT ( 'NONE',  ( -28.48386302871429265, 22.09741042170517744, -10.02398603872197747 ) ) ;
#1736 = CARTESIAN_POINT ( 'NONE',  ( -30.49945533300256173, 21.59735167304337011, 8.075914727106772162 ) ) ;
#1737 = CARTESIAN_POINT ( 'NONE',  ( -28.38617364259074094, 23.47063778671421730, -6.207066398577259392 ) ) ;
#1738 = CARTESIAN_POINT ( 'NONE',  ( -19.64186336242172004, 17.18450006625664983, -33.84181435430670604 ) ) ;
#1739 = CARTESIAN_POINT ( 'NONE',  ( -30.17081402920702260, 21.47280300094427474, 1.339995722852460824 ) ) ;
#1740 = CARTESIAN_POINT ( 'NONE',  ( -42.38572285887360636, 17.47999999999985477, -8.964455088577183872 ) ) ;
#1741 = CARTESIAN_POINT ( 'NONE',  ( -33.84374245258080549, 21.52233173368368568, -4.739058486762827371 ) ) ;
#1742 = ORIENTED_EDGE ( 'NONE', *, *, #46, .F. ) ;
#1743 = CARTESIAN_POINT ( 'NONE',  ( -35.07288732227841876, 18.46036726655291105, -8.461401642367082587 ) ) ;
#1744 = CARTESIAN_POINT ( 'NONE',  ( -31.42522786787250411, 19.87159135564108681, 1.222915178355697963 ) ) ;
#1745 = CARTESIAN_POINT ( 'NONE',  ( -31.42522784873572661, 20.60537899673376572, -0.8897744900720182537 ) ) ;
#1746 = VERTEX_POINT ( 'NONE', #2370 ) ;
#1747 = CARTESIAN_POINT ( 'NONE',  ( 14.93819288132766410, 27.00000000000000000, 25.26770880352757231 ) ) ;
#1748 = CARTESIAN_POINT ( 'NONE',  ( -30.44051051116871776, 21.42901962858397269, -8.308612196907779079 ) ) ;
#1749 = CARTESIAN_POINT ( 'NONE',  ( -35.56788581422518547, 17.91005041002699372, -7.187033943918008205 ) ) ;
#1750 = CARTESIAN_POINT ( 'NONE',  ( -31.58860746660492680, 19.63628830045114171, 8.981999618232238802 ) ) ;
#1751 = CARTESIAN_POINT ( 'NONE',  ( -30.14579525175897246, 21.54828862050534610, 4.605600006897978232E-05 ) ) ;
#1752 = FACE_OUTER_BOUND ( 'NONE', #704, .T. ) ;
#1753 = CARTESIAN_POINT ( 'NONE',  ( 36.92566839022032354, 10.36793716495175488, -14.36089281733750767 ) ) ;
#1754 = CARTESIAN_POINT ( 'NONE',  ( -32.33110443358946640, 17.37697021621056237, 11.34011516009622333 ) ) ;
#1755 = CARTESIAN_POINT ( 'NONE',  ( -33.21905588901736195, 21.91005041002698661, -7.071593027084746907 ) ) ;
#1756 = CARTESIAN_POINT ( 'NONE',  ( -30.95591177925042103, 21.91005041002701503, 2.333299573506464775 ) ) ;
#1757 = DIRECTION ( 'NONE',  ( 1.000000000000000000, 3.491481341942258224E-15, 1.445602896647331620E-15 ) ) ;
#1758 = ORIENTED_EDGE ( 'NONE', *, *, #1333, .T. ) ;
#1759 = ADVANCED_FACE ( 'NONE', ( #1023 ), #1935, .T. ) ;
#1760 = CARTESIAN_POINT ( 'NONE',  ( -33.63948761256841635, 19.08232875863302525, -8.825044795363108818 ) ) ;
#1761 = B_SPLINE_SURFACE_WITH_KNOTS ( 'NONE', 3, 3, ( 
 ( #2457, #1480, #2336, #1634, #2492, #2305, #803 ),
 ( #171, #1021, #2291, #567, #1254, #1241, #2713 ),
 ( #1428, #2278, #367, #406, #1229, #1688, #997 ),
 ( #1036, #2084, #1644, #2101, #2744, #1215, #197 ) ),
 .UNSPECIFIED., .F., .F., .F.,
 ( 4, 4 ),
 ( 4, 3, 4 ),
 ( 0.000000000000000000, 0.1857098505387044518 ),
 ( 0.4999999999999999445, 0.5255331755118164416, 0.5510663510236328833 ),
 .UNSPECIFIED. ) ;
#1762 = CARTESIAN_POINT ( 'NONE',  ( -30.36614411595675023, 22.93852424592380146, -1.362624230096190565E-05 ) ) ;
#1763 = CARTESIAN_POINT ( 'NONE',  ( -31.20805130608700750, 20.23653954448640135, -8.974166462941392197 ) ) ;
#1764 = CARTESIAN_POINT ( 'NONE',  ( -29.38687280967798543, 22.55640995910328783, 9.470729007690110279 ) ) ;
#1765 = CARTESIAN_POINT ( 'NONE',  ( -33.31913118202552937, 19.91572124393363552, 8.999906430306982230 ) ) ;
#1766 = ORIENTED_EDGE ( 'NONE', *, *, #1534, .F. ) ;
#1767 = CARTESIAN_POINT ( 'NONE',  ( -14.63756229265233166, 17.18450006625666049, 35.29377454733702280 ) ) ;
#1768 = CARTESIAN_POINT ( 'NONE',  ( -31.42522784533435143, 19.73983378878548223, -1.251770846975380103 ) ) ;
#1769 = CARTESIAN_POINT ( 'NONE',  ( -28.22000958426153616, 22.92542736748330157, -8.757454688781423968 ) ) ;
#1770 = CARTESIAN_POINT ( 'NONE',  ( -33.42404022178898515, 21.46516085766654669, -7.523530207063067188 ) ) ;
#1771 = CARTESIAN_POINT ( 'NONE',  ( -33.18441527867853580, 21.83745579024290961, 7.547181028494666322 ) ) ;
#1772 = CARTESIAN_POINT ( 'NONE',  ( -32.40584224847957984, 21.91005041002713938, 7.142126564181200621 ) ) ;
#1773 = CARTESIAN_POINT ( 'NONE',  ( -36.09377452808951148, 17.18450006625664983, -13.83756237862778882 ) ) ;
#1774 = CARTESIAN_POINT ( 'NONE',  ( -32.77736271009506197, 17.92533943784745887, 7.282882397313788836 ) ) ;
#1775 = CARTESIAN_POINT ( 'NONE',  ( -34.83371535435759370, 18.79874244087601198, 8.737206741426970069 ) ) ;
#1776 = CARTESIAN_POINT ( 'NONE',  ( -42.38572285887363478, 17.47999999999984766, 8.964375745550245966 ) ) ;
#1777 = AXIS2_PLACEMENT_3D ( 'NONE', #1716, #2368, #224 ) ;
#1778 = CARTESIAN_POINT ( 'NONE',  ( -34.20394047201315146, 17.91005041002700082, -7.147375946555082571 ) ) ;
#1779 = CARTESIAN_POINT ( 'NONE',  ( -31.64798286077358114, 18.90962147755516298, 1.512659592134319553 ) ) ;
#1780 = CARTESIAN_POINT ( 'NONE',  ( -32.80193083955832378, 21.91005041002699016, -7.000079152955385631 ) ) ;
#1781 = B_SPLINE_CURVE_WITH_KNOTS ( 'NONE', 3,
 ( #202, #2373, #1751, #439, #1301, #2159, #231 ),
 .UNSPECIFIED., .F., .F.,
 ( 4, 3, 4 ),
 ( 0.0006938422792476525236, 0.0006939243962712529591, 0.001387832244887808250 ),
 .UNSPECIFIED. ) ;
#1782 = CARTESIAN_POINT ( 'NONE',  ( -33.65421737276895442, 19.04607495943621132, 8.808252206905859083 ) ) ;
#1783 = EDGE_CURVE ( 'NONE', #1265, #1746, #586, .T. ) ;
#1784 = EDGE_LOOP ( 'NONE', ( #551, #860, #496, #1022, #1068, #1582 ) ) ;
#1785 = CARTESIAN_POINT ( 'NONE',  ( 13.03911627336203338, 17.18450006625665694, 35.29349928989270069 ) ) ;
#1786 = CARTESIAN_POINT ( 'NONE',  ( -31.42522784542040881, 19.76271328307061381, -1.242321363738416284 ) ) ;
#1787 = CARTESIAN_POINT ( 'NONE',  ( -31.42522786331876361, 20.63288672494288534, 0.7229151783556834188 ) ) ;
#1788 = CARTESIAN_POINT ( 'NONE',  ( -33.78971170482841302, 21.52339065376206051, 4.752417526963417238 ) ) ;
#1789 = CARTESIAN_POINT ( 'NONE',  ( -32.75273024657393250, 21.83750252392714586, 7.552110136491178238 ) ) ;
#1790 = CARTESIAN_POINT ( 'NONE',  ( -31.19212080328720660, 19.36283161302361222, -10.96102003094528143 ) ) ;
#1791 = CARTESIAN_POINT ( 'NONE',  ( -25.36365792774717676, 10.36793716495175310, 34.08800727911785344 ) ) ;
#1792 = CARTESIAN_POINT ( 'NONE',  ( -30.48261743403195467, 21.33523441447378133, -8.409825498306439329 ) ) ;
#1793 = CARTESIAN_POINT ( 'NONE',  ( -34.62751769562022730, 19.38697532100539433, 7.881623892690032385 ) ) ;
#1794 = CARTESIAN_POINT ( 'NONE',  ( -31.38979131377895371, 19.94445462295352911, -8.999801610238057137 ) ) ;
#1795 = CARTESIAN_POINT ( 'NONE',  ( -32.91417360187507768, 21.34294496317990664, -8.401918963304604304 ) ) ;
#1796 = EDGE_LOOP ( 'NONE', ( #2537, #787, #2725, #1742 ) ) ;
#1797 = CARTESIAN_POINT ( 'NONE',  ( 22.53778825407402309, 17.18450006625666049, -31.90224624220945771 ) ) ;
#1798 = CARTESIAN_POINT ( 'NONE',  ( -28.89738994340644140, 23.48209157399842084, -8.890274143316462485 ) ) ;
#1799 = CARTESIAN_POINT ( 'NONE',  ( -31.42522784559858451, 19.97621329538872104, -1.222757444854335462 ) ) ;
#1800 = CARTESIAN_POINT ( 'NONE',  ( -33.45083236064766652, 21.53268185692577674, 7.109199850438937318 ) ) ;
#1801 = CARTESIAN_POINT ( 'NONE',  ( -33.82479146873121323, 20.60739447083417986, 8.297905360796219654 ) ) ;
#1802 = CARTESIAN_POINT ( 'NONE',  ( -28.38617364259074094, 23.47063778671421730, -6.207066398577259392 ) ) ;
#1803 = CARTESIAN_POINT ( 'NONE',  ( 33.28520737522691064, 10.36793716495175843, 24.56893319661410757 ) ) ;
#1804 = CARTESIAN_POINT ( 'NONE',  ( -28.89611163396419613, 23.48618931041216484, 8.883763575337093599 ) ) ;
#1805 = CARTESIAN_POINT ( 'NONE',  ( -35.07026663960437673, 18.46406420216268884, 8.464915909192075816 ) ) ;
#1806 = CARTESIAN_POINT ( 'NONE',  ( -33.81920058288319098, 18.65101041289045014, -8.559416572758866693 ) ) ;
#1807 = CARTESIAN_POINT ( 'NONE',  ( -28.21050554541360356, 23.00841012366059246, 8.554378172843843942 ) ) ;
#1808 = CARTESIAN_POINT ( 'NONE',  ( -28.89492974320622665, 23.47063778671424572, 2.068181236083430630 ) ) ;
#1809 = EDGE_LOOP ( 'NONE', ( #718, #1896, #1901, #225, #5 ) ) ;
#1810 = CARTESIAN_POINT ( 'NONE',  ( 37.80141217106336171, 10.36793716495176376, -9.176233897550410745 ) ) ;
#1811 = CARTESIAN_POINT ( 'NONE',  ( -30.32450999515848977, 21.78810704745805182, -7.702307264146361021 ) ) ;
#1812 = CARTESIAN_POINT ( 'NONE',  ( -34.63288245174669555, 19.37803165226390689, -7.882386669361905795 ) ) ;
#1813 = CARTESIAN_POINT ( 'NONE',  ( -31.42522786787251121, 19.82737235985257129, 1.222915178355631349 ) ) ;
#1814 = CARTESIAN_POINT ( 'NONE',  ( -32.77191112621733282, 21.68100186381028038, 7.939538532019464689 ) ) ;
#1815 = DIRECTION ( 'NONE',  ( -1.000000000000000000, 0.000000000000000000, 0.000000000000000000 ) ) ;
#1816 = CARTESIAN_POINT ( 'NONE',  ( 36.92603145857230373, 10.36793716495175666, 14.35889141196237517 ) ) ;
#1817 = CARTESIAN_POINT ( 'NONE',  ( -28.94090582864070171, 23.47063778671427414, -1.427246029598349314E-05 ) ) ;
#1818 = ADVANCED_FACE ( 'NONE', ( #1997 ), #2131, .T. ) ;
#1819 = CARTESIAN_POINT ( 'NONE',  ( -31.59969567291008730, 18.98586819085718247, -1.705228650770591825 ) ) ;
#1820 = CARTESIAN_POINT ( 'NONE',  ( -30.14579666684958070, 21.54828880133989699, -0.2312894508736468291 ) ) ;
#1821 = ORIENTED_EDGE ( 'NONE', *, *, #2068, .F. ) ;
#1822 = EDGE_CURVE ( 'NONE', #2753, #699, #445, .T. ) ;
#1823 =( BOUNDED_SURFACE ( )  B_SPLINE_SURFACE ( 3, 2, ( 
 ( #2575, #443, #221 ),
 ( #1741, #870, #430 ),
 ( #2562, #678, #696 ),
 ( #1077, #1516, #2149 ),
 ( #2377, #1291, #1548 ),
 ( #2193, #855, #1305 ) ),
 .UNSPECIFIED., .F., .F., .F. ) 
 B_SPLINE_SURFACE_WITH_KNOTS ( ( 4, 2, 4 ),
 ( 3, 3 ),
 ( 0.000000000000000000, 0.007000000000024105863, 0.01400000000004821173 ),
 ( 0.000000000000000000, 1.000000000000000000 ),
 .UNSPECIFIED. ) 
 GEOMETRIC_REPRESENTATION_ITEM ( )  RATIONAL_B_SPLINE_SURFACE ( (
 ( 1.000000000000000000, 0.8741524703844426591, 1.000000000000000000),
 ( 1.000000000000000000, 0.8704718817282928178, 1.000000000000000000),
 ( 1.000000000000000000, 0.8681399715433684161, 1.000000000000000000),
 ( 1.000000000000000000, 0.8681414920770302857, 1.000000000000000000),
 ( 1.000000000000000000, 0.8704744199900066315, 1.000000000000000000),
 ( 1.000000000000000000, 0.8741536788870414298, 1.000000000000000000) ) ) 
 REPRESENTATION_ITEM ( '' )  SURFACE ( )  );
#1824 = CARTESIAN_POINT ( 'NONE',  ( -34.88139804978386849, 10.36793716495176909, 24.58155834860386335 ) ) ;
#1825 = CARTESIAN_POINT ( 'NONE',  ( -30.13624141466598871, 21.54975391875930768, 0.8580210186095520442 ) ) ;
#1826 = CARTESIAN_POINT ( 'NONE',  ( -31.42522785015232500, 20.63288672494288889, -0.7227574448543184760 ) ) ;
#1827 = VECTOR ( 'NONE', #43, 1000.000000000000000 ) ;
#1828 = CARTESIAN_POINT ( 'NONE',  ( -34.21616393147005653, 17.91005041002700082, -7.000079152955387407 ) ) ;
#1829 = CARTESIAN_POINT ( 'NONE',  ( -33.48208817539092763, 21.28136159417420004, 7.855629230754240133 ) ) ;
#1830 = DIRECTION ( 'NONE',  ( 0.1370044318098612157, -3.450626658796643999E-15, -0.9905704344792737315 ) ) ;
#1831 = CARTESIAN_POINT ( 'NONE',  ( -15.15903637718098551, 6.572996832456841965, 37.72608577892614079 ) ) ;
#1832 = CARTESIAN_POINT ( 'NONE',  ( -30.32208639158823971, 21.83426734703775907, -7.563917079632642704 ) ) ;
#1833 = CARTESIAN_POINT ( 'NONE',  ( -33.42824004619011902, 21.44690938021937043, -7.565861753526560207 ) ) ;
#1834 = AXIS2_PLACEMENT_3D ( 'NONE', #783, #805, #1847 ) ;
#1835 = B_SPLINE_CURVE_WITH_KNOTS ( 'NONE', 3,
 ( #598, #583, #331, #369, #2494, #2049, #1443, #2293, #128, #139, #2681, #774 ),
 .UNSPECIFIED., .F., .F.,
 ( 4, 2, 2, 2, 2, 4 ),
 ( 0.000000000000000000, 0.06250000000000013878, 0.1250000000000002776, 0.1875000000000004163, 0.2500000000000005551, 0.4880249369753976718 ),
 .UNSPECIFIED. ) ;
#1836 = EDGE_CURVE ( 'NONE', #1093, #417, #1083, .T. ) ;
#1837 = B_SPLINE_CURVE_WITH_KNOTS ( 'NONE', 3,
 ( #2032, #1462, #1607, #2520, #588, #1885 ),
 .UNSPECIFIED., .F., .F.,
 ( 4, 2, 4 ),
 ( 0.000000000000000000, 0.5000000000000000000, 1.000000000000000000 ),
 .UNSPECIFIED. ) ;
#1838 = CARTESIAN_POINT ( 'NONE',  ( -34.08019641951187850, 20.18460572614388226, -8.321249996313547115 ) ) ;
#1839 = EDGE_CURVE ( 'NONE', #2715, #1500, #2095, .T. ) ;
#1840 = CARTESIAN_POINT ( 'NONE',  ( -35.23825643226551563, 19.09184366970481861, -4.742034955058103129 ) ) ;
#1841 = ORIENTED_EDGE ( 'NONE', *, *, #1098, .F. ) ;
#1842 = CARTESIAN_POINT ( 'NONE',  ( -32.77658522002996477, 18.02647275128015636, 7.685595273652654491 ) ) ;
#1843 = CARTESIAN_POINT ( 'NONE',  ( -8.995514340610922588, 10.36793716495175310, 38.76571729070615646 ) ) ;
#1844 = CARTESIAN_POINT ( 'NONE',  ( -29.30878836686659383, 22.83744601015203202, -8.949097217692941086 ) ) ;
#1845 = CARTESIAN_POINT ( 'NONE',  ( -29.76786390357795753, 22.17091675179258203, -1.040466008807208308E-05 ) ) ;
#1846 = CARTESIAN_POINT ( 'NONE',  ( -29.78947885316019040, 23.47063778671422796, 4.144134342945108962 ) ) ;
#1847 = DIRECTION ( 'NONE',  ( -1.000000000000000000, -3.491481341942258618E-15, 0.000000000000000000 ) ) ;
#1848 = CARTESIAN_POINT ( 'NONE',  ( -39.93099465116645064, 6.572996832456841965, 5.676014301072721473E-05 ) ) ;
#1849 = CARTESIAN_POINT ( 'NONE',  ( -31.22037276085037760, 19.61447913420321854, -2.369235525118249530 ) ) ;
#1850 = CARTESIAN_POINT ( 'NONE',  ( -32.92800588844431786, 21.06791494367543294, -8.652156951789677919 ) ) ;
#1851 = CARTESIAN_POINT ( 'NONE',  ( -32.56733336304863258, 17.59397797668479768, 9.642970757212754762 ) ) ;
#1852 = ORIENTED_EDGE ( 'NONE', *, *, #812, .T. ) ;
#1853 = CARTESIAN_POINT ( 'NONE',  ( 38.15569304257446959, 6.572996832456831307, -3.901614992551775796 ) ) ;
#1854 = CARTESIAN_POINT ( 'NONE',  ( -33.20944110357932288, 17.47999999999990806, 5.976020324706179387 ) ) ;
#1855 = CARTESIAN_POINT ( 'NONE',  ( -31.19557432576147349, 19.71832911092626617, -1.650747628712450066 ) ) ;
#1856 = CARTESIAN_POINT ( 'NONE',  ( -32.81050828650891305, 21.49321147158023493, 8.249726200136688448 ) ) ;
#1857 = CARTESIAN_POINT ( 'NONE',  ( -34.58903972038416441, 19.43770028643369585, 7.938099537679256024 ) ) ;
#1858 = CARTESIAN_POINT ( 'NONE',  ( -34.88800916259510387, 6.572996832456836636, -24.56365434225160271 ) ) ;
#1859 = CARTESIAN_POINT ( 'NONE',  ( -31.18186660061011750, 20.08233227016479105, 8.996239624477363250 ) ) ;
#1860 = CARTESIAN_POINT ( 'NONE',  ( -28.94090582864070171, 23.47063778671427414, -1.427246029598349314E-05 ) ) ;
#1861 = ORIENTED_EDGE ( 'NONE', *, *, #2119, .T. ) ;
#1862 = CARTESIAN_POINT ( 'NONE',  ( 29.17817587327382256, 6.572996832456834859, -29.99797325482394683 ) ) ;
#1863 = CARTESIAN_POINT ( 'NONE',  ( -29.48895078432956041, 22.26369382978649014, -9.834399754599655097 ) ) ;
#1864 = CARTESIAN_POINT ( 'NONE',  ( -31.42522784740756947, 20.16823628971723181, -1.222757440967216613 ) ) ;
#1865 = EDGE_CURVE ( 'NONE', #984, #448, #2714, .T. ) ;
#1866 =( LENGTH_UNIT ( ) NAMED_UNIT ( * ) SI_UNIT ( .MILLI., .METRE. ) );
#1867 = CARTESIAN_POINT ( 'NONE',  ( -32.75913816035896531, 21.89663882936824280, 7.266690118008112265 ) ) ;
#1868 = CARTESIAN_POINT ( 'NONE',  ( -33.37342931848976946, 20.45543702309522516, 8.928176213788397320 ) ) ;
#1869 = CARTESIAN_POINT ( 'NONE',  ( -39.93099465116645064, 1.712509691109566736E-15, 5.676014300857042490E-05 ) ) ;
#1870 = CARTESIAN_POINT ( 'NONE',  ( -30.28888531900576098, 21.25038192654025337, -1.764256598279415167 ) ) ;
#1871 = CARTESIAN_POINT ( 'NONE',  ( -32.21879528511927049, 18.72127956884244426, -8.613531370975756829 ) ) ;
#1872 = APPLICATION_CONTEXT ( 'automotive_design' ) ;
#1873 = CARTESIAN_POINT ( 'NONE',  ( 35.33244395701080975, 17.18450006625665694, -8.894265044260134090 ) ) ;
#1874 = CARTESIAN_POINT ( 'NONE',  ( -33.32751109399136169, 19.89813504389600141, -9.000035220713755280 ) ) ;
#1875 = CARTESIAN_POINT ( 'NONE',  ( -30.44073572024423058, 21.42867683708824345, 8.308770693449343270 ) ) ;
#1876 = EDGE_LOOP ( 'NONE', ( #1413, #564, #2102, #1293, #1296, #799, #1659, #2378, #994, #1348 ) ) ;
#1877 = CARTESIAN_POINT ( 'NONE',  ( -8.996988473429878397, -2.340910889171967760E-16, -38.76579547544032067 ) ) ;
#1878 = CARTESIAN_POINT ( 'NONE',  ( -31.42522786787250411, 19.84190856319916563, 1.222915178355681531 ) ) ;
#1879 = CARTESIAN_POINT ( 'NONE',  ( -32.38151070465717396, 21.83426549256002502, 7.563457717305333894 ) ) ;
#1880 = CARTESIAN_POINT ( 'NONE',  ( -8.996988473429878397, -2.340910889171967760E-16, -38.76579547544032067 ) ) ;
#1881 = CARTESIAN_POINT ( 'NONE',  ( -32.62835532510248981, 18.19143133114770094, 8.031064564250815607 ) ) ;
#1882 = EDGE_CURVE ( 'NONE', #240, #769, #1725, .T. ) ;
#1883 = PRODUCT_DEFINITION_CONTEXT ( 'detailed design', #1872, 'design' ) ;
#1884 = CARTESIAN_POINT ( 'NONE',  ( -29.85732732356533248, 26.99999999999998579, 7.326023000497311699 ) ) ;
#1885 = CARTESIAN_POINT ( 'NONE',  ( -33.99397835590764316, 20.32566499770247148, -8.320388909801446076 ) ) ;
#1886 = CARTESIAN_POINT ( 'NONE',  ( -29.69914831326342508, 21.81345108077011830, 10.25110756066048090 ) ) ;
#1887 = ORIENTED_EDGE ( 'NONE', *, *, #1031, .F. ) ;
#1888 = CARTESIAN_POINT ( 'NONE',  ( -34.88800916259510387, 6.572996832456836636, -24.56365434225160271 ) ) ;
#1889 = CARTESIAN_POINT ( 'NONE',  ( -31.43409518562736338, 19.52393540914267334, -1.380358227291087259 ) ) ;
#1890 = FACE_OUTER_BOUND ( 'NONE', #2348, .T. ) ;
#1891 = ORIENTED_EDGE ( 'NONE', *, *, #1372, .T. ) ;
#1892 = CARTESIAN_POINT ( 'NONE',  ( -29.59229061511616266, 20.16224963295923445, -10.93531298576812638 ) ) ;
#1893 = CARTESIAN_POINT ( 'NONE',  ( 35.37796036060549199, -8.954695024060886978E-16, -19.69673491304502733 ) ) ;
#1894 = CARTESIAN_POINT ( 'NONE',  ( -29.46322957653613983, 23.47063778671422796, -6.207066398577038235 ) ) ;
#1895 = ADVANCED_FACE ( 'NONE', ( #341 ), #2690, .F. ) ;
#1896 = ORIENTED_EDGE ( 'NONE', *, *, #1105, .F. ) ;
#1897 = CARTESIAN_POINT ( 'NONE',  ( -30.13931675585482850, 21.54928763216230081, -0.6938200052004935836 ) ) ;
#1898 = CARTESIAN_POINT ( 'NONE',  ( -32.34927522583659965, 17.44000094322192496, -3.869924493596429649 ) ) ;
#1899 = EDGE_CURVE ( 'NONE', #2260, #1344, #2071, .T. ) ;
#1900 = CARTESIAN_POINT ( 'NONE',  ( -31.03052339256065295, 20.32514075325791580, 8.960199112144399791 ) ) ;
#1901 = ORIENTED_EDGE ( 'NONE', *, *, #1975, .T. ) ;
#1902 = CARTESIAN_POINT ( 'NONE',  ( -8.995514340610919035, 6.572996832456834859, 38.76571729070615646 ) ) ;
#1903 = CARTESIAN_POINT ( 'NONE',  ( -28.30232756331525934, 22.55640995910329138, 9.470729007690112056 ) ) ;
#1904 =( NAMED_UNIT ( * ) SI_UNIT ( $, .STERADIAN. ) SOLID_ANGLE_UNIT ( ) );
#1905 = EDGE_CURVE ( 'NONE', #475, #769, #1595, .T. ) ;
#1906 = CARTESIAN_POINT ( 'NONE',  ( -32.17398523730191329, 18.61532948317347191, -8.529551673350670882 ) ) ;
#1907 = CARTESIAN_POINT ( 'NONE',  ( -36.97793790795736157, -5.158190308260507125E-16, 19.69666712415103760 ) ) ;
#1908 = CARTESIAN_POINT ( 'NONE',  ( -31.28187590522034967, 20.11614005075536227, 8.993036613286887970 ) ) ;
#1909 = CARTESIAN_POINT ( 'NONE',  ( 24.47169322447176398, 27.00000000000001066, 15.73058274338242235 ) ) ;
#1910 = CARTESIAN_POINT ( 'NONE',  ( -28.26104741091375416, 23.43137547334421811, 7.008736256826290756 ) ) ;
#1911 = CARTESIAN_POINT ( 'NONE',  ( -28.48029039580113064, 23.52276339247533343, -5.439568522914795423 ) ) ;
#1912 = VECTOR ( 'NONE', #879, 1000.000000000000000 ) ;
#1913 = B_SPLINE_CURVE_WITH_KNOTS ( 'NONE', 3,
 ( #1828, #286, #1999, #690, #2400, #258 ),
 .UNSPECIFIED., .F., .F.,
 ( 4, 2, 4 ),
 ( 1.734723475976807094E-18, 0.007012499472351001358, 0.01402499894470200098 ),
 .UNSPECIFIED. ) ;
#1914 = ADVANCED_FACE ( 'NONE', ( #2058 ), #789, .T. ) ;
#1915 = VERTEX_POINT ( 'NONE', #802 ) ;
#1916 =( GEOMETRIC_REPRESENTATION_CONTEXT ( 3 ) GLOBAL_UNCERTAINTY_ASSIGNED_CONTEXT ( ( #163 ) ) GLOBAL_UNIT_ASSIGNED_CONTEXT ( ( #1866, #2085, #2060 ) ) REPRESENTATION_CONTEXT ( 'NONE', 'WORKASPACE' ) );
#1917 = B_SPLINE_CURVE_WITH_KNOTS ( 'NONE', 3,
 ( #1147, #722, #1845, #300 ),
 .UNSPECIFIED., .F., .F.,
 ( 4, 4 ),
 ( 0.07002350681433462676, 0.1248176159780845229 ),
 .UNSPECIFIED. ) ;
#1918 = CARTESIAN_POINT ( 'NONE',  ( -30.80265778277763289, -4.379472024626454420E-15, -29.97464097803621996 ) ) ;
#1919 = CARTESIAN_POINT ( 'NONE',  ( -31.59969567291008730, 18.98586819085718247, -1.705228650770591825 ) ) ;
#1920 = CARTESIAN_POINT ( 'NONE',  ( -30.89648612582740839, 20.16879943892875815, -2.463712014319343613 ) ) ;
#1921 = CARTESIAN_POINT ( 'NONE',  ( -28.24863948043734396, 22.75942948612313899, -9.115954744329869186 ) ) ;
#1922 = CARTESIAN_POINT ( 'NONE',  ( 18.88774550277044995, -2.988106657282157012E-15, -36.18086517688389137 ) ) ;
#1923 = CARTESIAN_POINT ( 'NONE',  ( -30.67385606735404835, 21.19179026485653239, 8.535352398656950612 ) ) ;
#1924 = CARTESIAN_POINT ( 'NONE',  ( -32.73214910916244236, 17.47999999999989029, -9.106687835584722279 ) ) ;
#1925 = CARTESIAN_POINT ( 'NONE',  ( 31.09808573130487730, 17.18450006625665338, -23.35017062251083075 ) ) ;
#1926 = CARTESIAN_POINT ( 'NONE',  ( -31.22389370493850436, 19.60730874158674553, 2.394600679217986805 ) ) ;
#1927 = CARTESIAN_POINT ( 'NONE',  ( -29.55228552453018764, 22.11752127685950597, 9.989218245440175892 ) ) ;
#1928 =( BOUNDED_SURFACE ( )  B_SPLINE_SURFACE ( 3, 2, ( 
 ( #2402, #60, #1354 ),
 ( #2028, #1574, #303 ),
 ( #940, #489, #1544 ),
 ( #2601, #2202, #2434 ) ),
 .UNSPECIFIED., .F., .F., .T. ) 
 B_SPLINE_SURFACE_WITH_KNOTS ( ( 4, 4 ),
 ( 3, 3 ),
 ( 0.01775696756469706192, 0.02126175758685318676 ),
 ( 0.000000000000000000, 1.000000000000000000 ),
 .UNSPECIFIED. ) 
 GEOMETRIC_REPRESENTATION_ITEM ( )  RATIONAL_B_SPLINE_SURFACE ( (
 ( 1.000000000000000000, 0.9683391691319769290, 1.000000000000000000),
 ( 1.000000000000000000, 0.9686000126813328892, 1.000000000000000000),
 ( 1.000000000000000000, 0.9685997982796097361, 1.000000000000000000),
 ( 1.000000000000000000, 0.9683397269883268210, 1.000000000000000000) ) ) 
 REPRESENTATION_ITEM ( '' )  SURFACE ( )  );
#1929 = CARTESIAN_POINT ( 'NONE',  ( -31.56607672283815447, 19.04933177087447049, 1.664895391509015665 ) ) ;
#1930 = CARTESIAN_POINT ( 'NONE',  ( -31.61111808134198853, 19.60135956555595627, 8.979588340831808679 ) ) ;
#1931 = EDGE_LOOP ( 'NONE', ( #2096, #1328, #2069, #2653 ) ) ;
#1932 = CARTESIAN_POINT ( 'NONE',  ( 37.80141217106334750, 4.781518885396695120E-16, -9.176233897550394758 ) ) ;
#1933 = CARTESIAN_POINT ( 'NONE',  ( -31.43226209036403773, 19.54121460825786372, -1.370191815245274558 ) ) ;
#1934 = CARTESIAN_POINT ( 'NONE',  ( -30.73351748293637797, 20.53466717055284008, -1.469301768652938378 ) ) ;
#1935 = B_SPLINE_SURFACE_WITH_KNOTS ( 'NONE', 3, 1, ( 
 ( #1470, #1691 ),
 ( #21, #185 ),
 ( #1298, #876 ),
 ( #1038, #2384 ),
 ( #2353, #1495 ),
 ( #2141, #449 ),
 ( #1255, #1734 ),
 ( #1906, #1936 ),
 ( #2746, #2127 ),
 ( #834, #862 ),
 ( #2338, #199 ),
 ( #408, #1266 ),
 ( #1053, #2759 ),
 ( #1283, #213 ),
 ( #1069, #1718 ),
 ( #657, #2223 ),
 ( #1748, #1540 ),
 ( #1377, #949 ),
 ( #2023, #513 ),
 ( #1811, #2642 ),
 ( #721, #273 ),
 ( #2432, #2655 ),
 ( #2442, #749 ),
 ( #1597, #2456 ) ),
 .UNSPECIFIED., .F., .F., .F.,
 ( 4, 2, 2, 2, 2, 2, 2, 2, 2, 2, 2, 4 ),
 ( 2, 2 ),
 ( 0.000000000000000000, 0.1249999999999992228, 0.1874999999999987788, 0.2499999999999982236, 0.3124999999999977796, 0.3749999999999972244, 0.4999999999999970024, 0.7499999999999980016, 0.8124999999999984457, 0.8749999999999990008, 0.9374999999999995559, 1.000000000000000000 ),
 ( 0.000000000000000000, 1.000000000000000000 ),
 .UNSPECIFIED. ) ;
#1936 = CARTESIAN_POINT ( 'NONE',  ( -32.29703932390142995, 18.61532948317347191, -8.529551673350670882 ) ) ;
#1937 = CARTESIAN_POINT ( 'NONE',  ( -29.29516574785451155, 23.00359893713681814, -8.567838870264884221 ) ) ;
#1938 = CARTESIAN_POINT ( 'NONE',  ( -31.45788032467795148, 19.83780963837060085, 8.998616990582116060 ) ) ;
#1939 = CARTESIAN_POINT ( 'NONE',  ( -25.36365792774720518, -5.561522837168020093E-15, 34.08800727911783923 ) ) ;
#1940 = CARTESIAN_POINT ( 'NONE',  ( 13.03911627336203338, 17.18450006625665694, 35.29349928989270069 ) ) ;
#1941 = CARTESIAN_POINT ( 'NONE',  ( -30.44992658854080503, 20.95597438017644976, 2.111919351235143516 ) ) ;
#1942 = CARTESIAN_POINT ( 'NONE',  ( -33.31228508540339561, 19.93420435240583188, 8.999774988492822203 ) ) ;
#1943 = CARTESIAN_POINT ( 'NONE',  ( -31.42522784559858451, 20.13288672494288534, -1.222757444854321918 ) ) ;
#1944 = CARTESIAN_POINT ( 'NONE',  ( -31.15357133660685562, 20.32514075325791580, 8.960199112144399791 ) ) ;
#1945 =( BOUNDED_SURFACE ( )  B_SPLINE_SURFACE ( 3, 2, ( 
 ( #2186, #863, #892 ),
 ( #1719, #2583, #925 ),
 ( #1117, #72, #2614 ),
 ( #1526, #1312, #1787 ) ),
 .UNSPECIFIED., .F., .F., .F. ) 
 B_SPLINE_SURFACE_WITH_KNOTS ( ( 4, 4 ),
 ( 3, 3 ),
 ( 0.003283420357368018426, 0.004727825285172907593 ),
 ( 0.000000000000000000, 1.000000000000000000 ),
 .UNSPECIFIED. ) 
 GEOMETRIC_REPRESENTATION_ITEM ( )  RATIONAL_B_SPLINE_SURFACE ( (
 ( 1.000000000000000000, 0.9187561108434995072, 1.000000000000000000),
 ( 1.000000000000000000, 0.9196308222277008726, 1.000000000000000000),
 ( 1.000000000000000000, 0.9196304764456559866, 1.000000000000000000),
 ( 1.000000000000000000, 0.9187551319102998937, 1.000000000000000000) ) ) 
 REPRESENTATION_ITEM ( '' )  SURFACE ( )  );
#1946 = EDGE_LOOP ( 'NONE', ( #1476, #1608, #1019, #525 ) ) ;
#1947 = DIRECTION ( 'NONE',  ( 1.000000000000000000, -0.000000000000000000, -0.000000000000000000 ) ) ;
#1948 = CARTESIAN_POINT ( 'NONE',  ( -30.65836004179806906, 20.58459380072530820, -2.355510204990080680 ) ) ;
#1949 = B_SPLINE_CURVE_WITH_KNOTS ( 'NONE', 3,
 ( #1323, #701, #478, #918, #2624, #2476, #120, #1629, #338, #983, #1200, #1851, #563, #2676, #535, #2246 ),
 .UNSPECIFIED., .F., .F.,
 ( 4, 2, 2, 2, 2, 2, 2, 4 ),
 ( 1.964224871648990272E-16, 0.0008523557389665887196, 0.001278533608449789567, 0.001704711477932990523, 0.002130889347416191695, 0.002557067216899392217, 0.002983245086382592740, 0.003409422955865793695 ),
 .UNSPECIFIED. ) ;
#1950 = ORIENTED_EDGE ( 'NONE', *, *, #2674, .T. ) ;
#1951 = CARTESIAN_POINT ( 'NONE',  ( 27.40320248299060069, 17.18450006625664628, -28.21923193689673326 ) ) ;
#1952 = DIRECTION ( 'NONE',  ( 0.000000000000000000, -9.912705577010330480E-16, 1.000000000000000000 ) ) ;
#1953 = CARTESIAN_POINT ( 'NONE',  ( -34.53506546412656064, 17.91005041002699727, 4.694300135329237733 ) ) ;
#1954 = CARTESIAN_POINT ( 'NONE',  ( -30.51314850732305217, 21.55905370113142183, 8.133783821246311163 ) ) ;
#1955 = LINE ( 'NONE', #24, #1912 ) ;
#1956 = CARTESIAN_POINT ( 'NONE',  ( -20.49666712806056168, 10.36793716495175843, -36.17793791683183713 ) ) ;
#1957 = CARTESIAN_POINT ( 'NONE',  ( -33.22922100376600696, 21.91005041002699016, 6.999920847044611705 ) ) ;
#1958 = CARTESIAN_POINT ( 'NONE',  ( -34.31784799236417172, 19.82123441133841979, 8.211572900637117201 ) ) ;
#1959 = CARTESIAN_POINT ( 'NONE',  ( -34.90771204359447921, 19.10079824305557139, 7.095550742189208115 ) ) ;
#1960 = EDGE_CURVE ( 'NONE', #1746, #2606, #1223, .T. ) ;
#1961 = EDGE_LOOP ( 'NONE', ( #2522, #52, #814, #1537, #889 ) ) ;
#1962 = CARTESIAN_POINT ( 'NONE',  ( -31.42522786787250411, 19.97620715493808774, 1.222915178355665988 ) ) ;
#1963 = CARTESIAN_POINT ( 'NONE',  ( -30.13634879448063231, 21.54974051016901626, -0.8528650839304957598 ) ) ;
#1964 = CARTESIAN_POINT ( 'NONE',  ( -33.41400480957658203, 19.65692131455242375, 9.000693106147826583 ) ) ;
#1965 = ORIENTED_EDGE ( 'NONE', *, *, #134, .F. ) ;
#1966 = CARTESIAN_POINT ( 'NONE',  ( -37.08993131860393788, 17.18450006625664628, -7.961790553342154908 ) ) ;
#1967 = B_SPLINE_CURVE_WITH_KNOTS ( 'NONE', 3,
 ( #436, #1084, #643, #1921, #627, #228, #394, #173, #422, #1892, #1525, #9, #614 ),
 .UNSPECIFIED., .F., .F.,
 ( 4, 1, 1, 1, 1, 1, 1, 1, 1, 1, 4 ),
 ( 0.1411714627526200749, 0.1433544895776512063, 0.1883114785956068460, 0.2319472080701855399, 0.2752736403016993183, 0.3197333625389390810, 0.3658378629001010074, 0.4133686609111913990, 0.4617871782709864759, 0.5104488847760472181, 0.5349483694061694106 ),
 .UNSPECIFIED. ) ;
#1968 = CARTESIAN_POINT ( 'NONE',  ( -31.42522791031147378, 19.77503326704103870, -1.237577748302443270 ) ) ;
#1969 = FACE_OUTER_BOUND ( 'NONE', #1182, .T. ) ;
#1970 = CARTESIAN_POINT ( 'NONE',  ( -31.94280509806142376, 19.11112592196003845, 8.833456710939028511 ) ) ;
#1971 = CARTESIAN_POINT ( 'NONE',  ( 13.56104547351247724, 3.059182182201800860E-16, 37.72571842509400852 ) ) ;
#1972 = CARTESIAN_POINT ( 'NONE',  ( 29.17817587327382256, 10.36793716495175666, -29.99797325482394683 ) ) ;
#1973 = CARTESIAN_POINT ( 'NONE',  ( -30.13931675585482850, 21.54928763216230081, -0.6938200052004935836 ) ) ;
#1974 = CARTESIAN_POINT ( 'NONE',  ( -34.19160769130773048, 17.91005041002701148, 7.296454350002777645 ) ) ;
#1975 = EDGE_CURVE ( 'NONE', #182, #475, #1371, .T. ) ;
#1976 = CARTESIAN_POINT ( 'NONE',  ( -32.42925346647083273, 21.91005041002703635, 6.999920847044615257 ) ) ;
#1977 = ORIENTED_EDGE ( 'NONE', *, *, #1469, .T. ) ;
#1978 = DIRECTION ( 'NONE',  ( -1.000000000000000000, -2.891205793294662056E-15, -1.445602896647331028E-15 ) ) ;
#1979 = CARTESIAN_POINT ( 'NONE',  ( -28.30232756331525579, 22.55640995910329138, 9.470729007690112056 ) ) ;
#1980 = ORIENTED_EDGE ( 'NONE', *, *, #1389, .F. ) ;
#1981 = CARTESIAN_POINT ( 'NONE',  ( -28.00101099813933558, 27.00000000000000355, 12.13604184153407672 ) ) ;
#1982 = CARTESIAN_POINT ( 'NONE',  ( -31.42525009183887974, 19.81314954941966633, -1.226094470125931091 ) ) ;
#1983 = CARTESIAN_POINT ( 'NONE',  ( -28.96152316646611524, 21.19534580607648877, -10.62765997222722625 ) ) ;
#1984 = CARTESIAN_POINT ( 'NONE',  ( -33.48552457146585937, 21.26615723370663602, -7.890965879299518093 ) ) ;
#1985 = CARTESIAN_POINT ( 'NONE',  ( -29.97551632786766262, 23.47063778671423506, 2.068344153386022732 ) ) ;
#1986 = EDGE_CURVE ( 'NONE', #2729, #444, #2468, .T. ) ;
#1987 = CARTESIAN_POINT ( 'NONE',  ( -31.42522785283698994, 19.72471420053391711, -0.4279850661710832282 ) ) ;
#1988 = CARTESIAN_POINT ( 'NONE',  ( -37.08997135729020300, 17.18450006625665338, 7.963448058419126951 ) ) ;
#1989 = FACE_OUTER_BOUND ( 'NONE', #457, .T. ) ;
#1990 = CARTESIAN_POINT ( 'NONE',  ( -28.19999945267258568, 23.47063778671422796, -6.207066398577055999 ) ) ;
#1991 = CARTESIAN_POINT ( 'NONE',  ( -34.62830370157100646, 19.38586147426602935, -7.880528125490376290 ) ) ;
#1992 = CARTESIAN_POINT ( 'NONE',  ( -31.10078596864930134, 20.41355297451838524, -8.939395686433611488 ) ) ;
#1993 = CARTESIAN_POINT ( 'NONE',  ( -30.99197372064095291, 19.67529909251832265, 10.97276260769064571 ) ) ;
#1994 = CARTESIAN_POINT ( 'NONE',  ( -33.91794115397892995, 18.42770283732311043, 8.348836726544908160 ) ) ;
#1995 = EDGE_LOOP ( 'NONE', ( #2086, #154, #856, #296, #2043 ) ) ;
#1996 = CARTESIAN_POINT ( 'NONE',  ( -29.00003291557366225, 17.18450006625665694, 28.22343790776551842 ) ) ;
#1997 = FACE_OUTER_BOUND ( 'NONE', #1876, .T. ) ;
#1998 = CARTESIAN_POINT ( 'NONE',  ( -35.23617566238583976, 19.09190637867818197, 4.756765038193051076 ) ) ;
#1999 = CARTESIAN_POINT ( 'NONE',  ( -34.68704315596661303, 17.91005041002699372, -2.346192741003275017 ) ) ;
#2000 = CARTESIAN_POINT ( 'NONE',  ( -31.00742409473893346, 21.91005041002699372, -1.047988572799284271E-05 ) ) ;
#2001 = CARTESIAN_POINT ( 'NONE',  ( 35.37796036060550620, 10.36793716495176021, -19.69673491304502733 ) ) ;
#2002 = CARTESIAN_POINT ( 'NONE',  ( -32.51037418516264665, 18.18933961653562648, 8.054057083301133346 ) ) ;
#2003 = CARTESIAN_POINT ( 'NONE',  ( -32.75686046261255768, 21.79059833643681898, -7.684229514986313347 ) ) ;
#2004 = CARTESIAN_POINT ( 'NONE',  ( -35.56788581422516415, 17.91005041002703990, -7.187033943917994883 ) ) ;
#2005 = CARTESIAN_POINT ( 'NONE',  ( -31.42359397875575766, 19.33012312146977862, 1.290580841103566856 ) ) ;
#2006 = CARTESIAN_POINT ( 'NONE',  ( -28.38645693488197352, 23.47063778671423151, 6.205367013215005834 ) ) ;
#2007 = VERTEX_POINT ( 'NONE', #610 ) ;
#2008 = CARTESIAN_POINT ( 'NONE',  ( 7.161787090835614045, 17.18450006625664983, -36.28993389532614344 ) ) ;
#2009 = CARTESIAN_POINT ( 'NONE',  ( -30.48260151161089127, 21.24452370796485923, -9.153083028585081493 ) ) ;
#2010 = DIRECTION ( 'NONE',  ( 0.1609024662190497446, 3.535757139917343757E-15, -0.9869703117949535365 ) ) ;
#2011 = CARTESIAN_POINT ( 'NONE',  ( -33.44743815712653401, 21.36501477984019459, -7.753680482529006213 ) ) ;
#2012 = CARTESIAN_POINT ( 'NONE',  ( -33.21909157521301381, 21.91005041002712517, 7.071424980965915097 ) ) ;
#2013 = DIRECTION ( 'NONE',  ( -0.1369898171019431343, -0.000000000000000000, -0.9905724557095136884 ) ) ;
#2014 = CARTESIAN_POINT ( 'NONE',  ( -30.80265778277764355, 6.572996832456834859, -29.97464097803622352 ) ) ;
#2015 = CARTESIAN_POINT ( 'NONE',  ( -32.70989600245041373, 17.97302913457133755, -7.565686105121371519 ) ) ;
#2016 = CARTESIAN_POINT ( 'NONE',  ( -34.60099397039576274, 19.14606721712669568, 8.913070620001704469 ) ) ;
#2017 = CARTESIAN_POINT ( 'NONE',  ( -34.87708113714305114, 19.11124986281713589, -7.272282595778857939 ) ) ;
#2018 = CARTESIAN_POINT ( 'NONE',  ( -31.30571126153789407, 20.07829030923035774, -8.993252600201556035 ) ) ;
#2019 = CARTESIAN_POINT ( 'NONE',  ( -28.94089461397508956, 23.47063778671424572, 1.032886799267675570 ) ) ;
#2020 = ORIENTED_EDGE ( 'NONE', *, *, #226, .T. ) ;
#2021 =( BOUNDED_SURFACE ( )  B_SPLINE_SURFACE ( 3, 2, ( 
 ( #2161, #247, #2603 ),
 ( #2146, #1696, #853 ),
 ( #1739, #2573, #233 ),
 ( #2361, #1303, #1546 ),
 ( #2560, #1530, #27 ),
 ( #1941, #1710, #42 ),
 ( #1289, #1059, #635 ),
 ( #219, #1090, #840 ),
 ( #1075, #13, #2404 ),
 ( #1926, #1107, #662 ),
 ( #1487, #867, #1723 ),
 ( #1514, #694, #2375 ) ),
 .UNSPECIFIED., .F., .F., .T. ) 
 B_SPLINE_SURFACE_WITH_KNOTS ( ( 4, 2, 2, 2, 2, 4 ),
 ( 3, 3 ),
 ( 0.004650544971958613799, 0.005655787607950730350, 0.006158408925946788626, 0.006661030243942846034, 0.007666272879934961718, 0.008671515515927078269 ),
 ( 0.000000000000000000, 1.000000000000000000 ),
 .UNSPECIFIED. ) 
 GEOMETRIC_REPRESENTATION_ITEM ( )  RATIONAL_B_SPLINE_SURFACE ( (
 ( 1.000000000000000000, 0.9187551319103013370, 1.000000000000000000),
 ( 1.000000000000000000, 0.9186530031819470921, 1.000000000000000000),
 ( 1.000000000000000000, 0.9196981329851738884, 1.000000000000000000),
 ( 1.000000000000000000, 0.9224442948055348035, 1.000000000000000000),
 ( 1.000000000000000000, 0.9235646978622779057, 1.000000000000000000),
 ( 1.000000000000000000, 0.9260383700046045385, 1.000000000000000000),
 ( 1.000000000000000000, 0.9274260498002926401, 1.000000000000000000),
 ( 1.000000000000000000, 0.9317753617602169136, 1.000000000000000000),
 ( 1.000000000000000000, 0.9350026425772473004, 1.000000000000000000),
 ( 1.000000000000000000, 0.9420694109948763995, 1.000000000000000000),
 ( 1.000000000000000000, 0.9458940892150055069, 1.000000000000000000),
 ( 1.000000000000000000, 0.9504276257669430628, 1.000000000000000000) ) ) 
 REPRESENTATION_ITEM ( '' )  SURFACE ( )  );
#2022 = CARTESIAN_POINT ( 'NONE',  ( 38.15569304257446959, 10.36793716495175133, -3.901614992551775796 ) ) ;
#2023 = CARTESIAN_POINT ( 'NONE',  ( -30.35145426885858555, 21.66985931429258017, -7.960960869928534578 ) ) ;
#2024 = CARTESIAN_POINT ( 'NONE',  ( -34.02930541552338894, 21.51591973846434769, 3.263426560632360344E-07 ) ) ;
#2025 = CARTESIAN_POINT ( 'NONE',  ( -33.43686477825198722, 21.53304528487025493, -7.193404146384067666 ) ) ;
#2026 = EDGE_CURVE ( 'NONE', #1130, #828, #1492, .T. ) ;
#2027 = CARTESIAN_POINT ( 'NONE',  ( -34.00029068838691870, 20.31548520598086327, 8.320131972775845597 ) ) ;
#2028 = CARTESIAN_POINT ( 'NONE',  ( -31.59834249948792362, 19.05817735291843107, 0.5826710374835749606 ) ) ;
#2029 = CARTESIAN_POINT ( 'NONE',  ( -36.98235738111609550, 6.572996832456840188, -19.68257275257090910 ) ) ;
#2030 = CARTESIAN_POINT ( 'NONE',  ( -30.83650462682814819, 21.26856745405450866, 7.358886004544320514 ) ) ;
#2031 = CARTESIAN_POINT ( 'NONE',  ( -33.23774700996951736, 20.13861264253425176, -9.001403505254735649 ) ) ;
#2032 = CARTESIAN_POINT ( 'NONE',  ( -33.31913864384240753, 19.91557645038131596, -9.000064325035404877 ) ) ;
#2033 = ORIENTED_EDGE ( 'NONE', *, *, #1419, .F. ) ;
#2034 = CARTESIAN_POINT ( 'NONE',  ( -32.42925346647083273, 21.91005041002703635, 6.999920847044615257 ) ) ;
#2035 = CARTESIAN_POINT ( 'NONE',  ( 33.28139125995625136, 10.36793716495175666, -24.58154408882183262 ) ) ;
#2036 = CARTESIAN_POINT ( 'NONE',  ( -30.18128549021013285, 21.45469177014165396, 1.333122623059869616 ) ) ;
#2037 = SURFACE_SIDE_STYLE ('',( #1172 ) ) ;
#2038 = CARTESIAN_POINT ( 'NONE',  ( -33.88611316154662489, 20.26124042950753790, 8.682858927986499609 ) ) ;
#2039 = CARTESIAN_POINT ( 'NONE',  ( -32.75734502364717571, 17.47999999999988319, 8.964375745550873020 ) ) ;
#2040 = CARTESIAN_POINT ( 'NONE',  ( -15.16104511128962606, 6.572996832456838412, -37.72571847747011020 ) ) ;
#2041 = CARTESIAN_POINT ( 'NONE',  ( -28.38306015541176919, 23.46253050914546634, 10.52078121700874469 ) ) ;
#2042 = CARTESIAN_POINT ( 'NONE',  ( -30.67017951657203412, 18.56750821241870852, -10.74813591108152622 ) ) ;
#2043 = ORIENTED_EDGE ( 'NONE', *, *, #2183, .F. ) ;
#2044 = CARTESIAN_POINT ( 'NONE',  ( -20.49666712806056168, 10.36793716495175843, -36.17793791683183713 ) ) ;
#2045 = CARTESIAN_POINT ( 'NONE',  ( -30.89771794494199497, 20.16549677542784025, 2.490427416646017633 ) ) ;
#2046 = CARTESIAN_POINT ( 'NONE',  ( -31.49183818209379382, 19.16115244708486998, -1.996219251740643186 ) ) ;
#2047 = VECTOR ( 'NONE', #1815, 1000.000000000000000 ) ;
#2048 = SHAPE_DEFINITION_REPRESENTATION ( #633, #363 ) ;
#2049 = CARTESIAN_POINT ( 'NONE',  ( -32.41405628755765633, 21.67296015947373533, -7.955100542327949498 ) ) ;
#2050 = CARTESIAN_POINT ( 'NONE',  ( 36.92566839022032354, 6.572996832456838412, -14.36089281733750767 ) ) ;
#2051 = CARTESIAN_POINT ( 'NONE',  ( -30.37858763491608727, 21.91005041002699016, 6.999920847044612593 ) ) ;
#2052 = CARTESIAN_POINT ( 'NONE',  ( -32.84599137595697016, 21.36052103876405539, -8.383461384265055827 ) ) ;
#2053 = VECTOR ( 'NONE', #2588, 1000.000000000000000 ) ;
#2054 = CARTESIAN_POINT ( 'NONE',  ( -30.32110938973044156, 21.83330913258066985, 7.566975652619065684 ) ) ;
#2055 = CYLINDRICAL_SURFACE ( 'NONE', #468, 1.999999999999998224 ) ;
#2056 = VERTEX_POINT ( 'NONE', #2540 ) ;
#2057 = CARTESIAN_POINT ( 'NONE',  ( 35.71877954099156227, 17.18450006625664983, -1.626303258728256651E-16 ) ) ;
#2058 = FACE_OUTER_BOUND ( 'NONE', #2221, .T. ) ;
#2059 = CARTESIAN_POINT ( 'NONE',  ( -34.71037105825668334, 19.27986452035755960, -7.749437985952807750 ) ) ;
#2060 =( NAMED_UNIT ( * ) SI_UNIT ( $, .STERADIAN. ) SOLID_ANGLE_UNIT ( ) );
#2061 = CARTESIAN_POINT ( 'NONE',  ( -34.63006827171069091, 19.38367094457116480, 7.877609165496977539 ) ) ;
#2062 = CARTESIAN_POINT ( 'NONE',  ( 38.19999946069729191, 10.36793716495176021, 0.9676035344678741712 ) ) ;
#2063 = CARTESIAN_POINT ( 'NONE',  ( -30.14434470741645811, 21.53024148008844563, -1.021141320568516475 ) ) ;
#2064 = CARTESIAN_POINT ( 'NONE',  ( -31.43063384888238687, 19.88020567393311211, -9.000079076115000021 ) ) ;
#2065 = CARTESIAN_POINT ( 'NONE',  ( -31.43656251654646638, 19.50292854300091605, 1.392825057583203074 ) ) ;
#2066 = CARTESIAN_POINT ( 'NONE',  ( -31.42522785015232500, 20.63288672494288889, -0.7227574448543184760 ) ) ;
#2067 = CARTESIAN_POINT ( 'NONE',  ( -30.50002964684142626, 21.91005041002700082, 6.999920847044616146 ) ) ;
#2068 = EDGE_CURVE ( 'NONE', #2056, #899, #1280, .T. ) ;
#2069 = ORIENTED_EDGE ( 'NONE', *, *, #2645, .F. ) ;
#2070 = CARTESIAN_POINT ( 'NONE',  ( 33.28139125995625136, 6.572996832456838412, -24.58154408882184683 ) ) ;
#2071 = LINE ( 'NONE', #125, #474 ) ;
#2072 = CARTESIAN_POINT ( 'NONE',  ( -31.49183818209387553, 19.16115244708471010, -1.996219251740466660 ) ) ;
#2073 = CARTESIAN_POINT ( 'NONE',  ( -32.75474445587556005, 21.80330751610642182, 7.658222976739768484 ) ) ;
#2074 = CARTESIAN_POINT ( 'NONE',  ( -33.00073672164080563, 20.45543702309522516, 8.928176213788397320 ) ) ;
#2075 = CARTESIAN_POINT ( 'NONE',  ( -32.53790813885092348, 18.30242262557354493, 8.191457725453627603 ) ) ;
#2076 = CARTESIAN_POINT ( 'NONE',  ( -31.97549838947618639, 19.06392737230042655, -8.812630100587782067 ) ) ;
#2077 = CARTESIAN_POINT ( 'NONE',  ( -8.126022857176444347, 27.00000000000000000, -29.05732719415448173 ) ) ;
#2078 = CARTESIAN_POINT ( 'NONE',  ( -33.29183223256437429, 17.91005041002698661, 1.960970407865516169E-07 ) ) ;
#2079 = B_SPLINE_CURVE_WITH_KNOTS ( 'NONE', 3,
 ( #2413, #1578, #292, #1756, #1150, #2000 ),
 .UNSPECIFIED., .F., .F.,
 ( 4, 2, 4 ),
 ( 8.673617379884034509E-19, 0.003499964890000966961, 0.006999929780001933055 ),
 .UNSPECIFIED. ) ;
#2080 = CARTESIAN_POINT ( 'NONE',  ( -31.59902065936034887, 19.02184384114904958, -1.140046845757818783 ) ) ;
#2081 = ORIENTED_EDGE ( 'NONE', *, *, #2511, .T. ) ;
#2082 = CARTESIAN_POINT ( 'NONE',  ( -15.16104511128962606, 6.572996832456838412, -37.72571847747011020 ) ) ;
#2083 = DIRECTION ( 'NONE',  ( -1.000000000000000000, -3.491481338843026465E-15, -9.107482367924493495E-09 ) ) ;
#2084 = CARTESIAN_POINT ( 'NONE',  ( -28.89395075516462441, 23.54321076187628492, 1.826676296274075462 ) ) ;
#2085 =( NAMED_UNIT ( * ) PLANE_ANGLE_UNIT ( ) SI_UNIT ( $, .RADIAN. ) );
#2086 = ORIENTED_EDGE ( 'NONE', *, *, #1622, .F. ) ;
#2087 = CARTESIAN_POINT ( 'NONE',  ( -34.18230473653157020, 20.02496049025783975, 8.290943929926537947 ) ) ;
#2088 = CARTESIAN_POINT ( 'NONE',  ( 7.395509841682983421, -3.210911958882604943E-15, -38.76572047551411515 ) ) ;
#2089 = CARTESIAN_POINT ( 'NONE',  ( -32.45511272267831515, 18.40762628938398038, 8.320467259787401204 ) ) ;
#2090 = CARTESIAN_POINT ( 'NONE',  ( -32.61665926779845393, 18.20522677571469927, -8.054295821556156199 ) ) ;
#2091 = CARTESIAN_POINT ( 'NONE',  ( 18.03318181436675260, 17.18450006625665338, -33.84461388394795733 ) ) ;
#2092 = CARTESIAN_POINT ( 'NONE',  ( -31.48421380442816542, 17.59385929566693818, -9.642714500647489473 ) ) ;
#2093 = CARTESIAN_POINT ( 'NONE',  ( -30.34170248452029384, 21.30735617990344011, -7.633439596413169653E-06 ) ) ;
#2094 = CARTESIAN_POINT ( 'NONE',  ( -32.50192723121374172, 18.34420874449007144, 8.269296033562365977 ) ) ;
#2095 = B_SPLINE_CURVE_WITH_KNOTS ( 'NONE', 3,
 ( #2680, #1402, #1440, #1854, #366, #1610 ),
 .UNSPECIFIED., .F., .F.,
 ( 4, 2, 4 ),
 ( 0.01022276862022209083, 0.01469483915000250988, 0.01916690967978292720 ),
 .UNSPECIFIED. ) ;
#2096 = ORIENTED_EDGE ( 'NONE', *, *, #2586, .T. ) ;
#2097 = B_SPLINE_CURVE_WITH_KNOTS ( 'NONE', 3,
 ( #832, #623, #1701, #405, #1264, #2551 ),
 .UNSPECIFIED., .F., .F.,
 ( 4, 2, 4 ),
 ( 0.001238265004400689994, 0.005730516812311391497, 0.01022276862022209083 ),
 .UNSPECIFIED. ) ;
#2098 = CARTESIAN_POINT ( 'NONE',  ( 37.80138171522819590, 6.572996832456830418, 9.174659621813701094 ) ) ;
#2099 = EDGE_CURVE ( 'NONE', #339, #2715, #2097, .T. ) ;
#2100 = CARTESIAN_POINT ( 'NONE',  ( -31.59865548796812718, 19.04013857134616217, -2.272939156285759726E-06 ) ) ;
#2101 = CARTESIAN_POINT ( 'NONE',  ( -28.48280510113419695, 23.51896048377169279, 5.439817030424570099 ) ) ;
#2102 = ORIENTED_EDGE ( 'NONE', *, *, #2244, .F. ) ;
#2103 = CARTESIAN_POINT ( 'NONE',  ( -32.50171302265204076, 21.43514594339353607, 8.301121397983790118 ) ) ;
#2104 = CARTESIAN_POINT ( 'NONE',  ( 35.38088486335966110, -1.079284459303581605E-15, 19.68781937559421280 ) ) ;
#2105 = CARTESIAN_POINT ( 'NONE',  ( -32.39736395846862393, 18.48277626819648134, 8.401135024820218788 ) ) ;
#2106 = EDGE_CURVE ( 'NONE', #2366, #2111, #1690, .T. ) ;
#2107 = CARTESIAN_POINT ( 'NONE',  ( -19.35031927015647568, 27.00000000000000000, -23.29318155379216293 ) ) ;
#2108 = CARTESIAN_POINT ( 'NONE',  ( -31.64818343500880360, 17.47999999999986542, -9.107186539669768877 ) ) ;
#2109 = CARTESIAN_POINT ( 'NONE',  ( -31.19217090311513374, 19.36289792682401156, 10.96094457843781456 ) ) ;
#2110 = CARTESIAN_POINT ( 'NONE',  ( -32.69785828286775597, 17.98316190090298150, 7.553303841270222030 ) ) ;
#2111 = VERTEX_POINT ( 'NONE', #49 ) ;
#2112 = CARTESIAN_POINT ( 'NONE',  ( 13.55904588468191285, -2.010659852330355309E-15, -37.72607904215552566 ) ) ;
#2113 = CARTESIAN_POINT ( 'NONE',  ( -28.68379032833988518, 21.69493332367574112, 10.34837343449144598 ) ) ;
#2114 = CARTESIAN_POINT ( 'NONE',  ( -31.14186623887587402, 19.74771251171538466, -2.418678781493232677 ) ) ;
#2115 = DIRECTION ( 'NONE',  ( 2.797941090285172097E-15, -1.000000000000000000, 0.000000000000000000 ) ) ;
#2116 = CARTESIAN_POINT ( 'NONE',  ( -34.12194135655558114, 18.01933389897078541, -7.665632329952885904 ) ) ;
#2117 = CARTESIAN_POINT ( 'NONE',  ( -31.93443687198180925, 19.12320952077479674, 8.838643421328912453 ) ) ;
#2118 = CARTESIAN_POINT ( 'NONE',  ( 28.90000148846776895, 26.99999999999998934, -0.8700726653895530793 ) ) ;
#2119 = EDGE_CURVE ( 'NONE', #2729, #874, #1373, .T. ) ;
#2120 = ORIENTED_EDGE ( 'NONE', *, *, #2466, .T. ) ;
#2121 = CARTESIAN_POINT ( 'NONE',  ( -34.02930541552338894, 21.51591973846434769, 3.263426560632360344E-07 ) ) ;
#2122 = CARTESIAN_POINT ( 'NONE',  ( -29.98443441746035276, 21.28394359134614078, -5.582655578113963735 ) ) ;
#2123 = EDGE_CURVE ( 'NONE', #1130, #2320, #216, .T. ) ;
#2124 = ORIENTED_EDGE ( 'NONE', *, *, #1226, .F. ) ;
#2125 = CARTESIAN_POINT ( 'NONE',  ( -15.16104511128962606, 8.090445022145681655E-17, -37.72571847747009599 ) ) ;
#2126 = CARTESIAN_POINT ( 'NONE',  ( -31.43556032968933422, 19.51120409667704791, -1.387830664831837701 ) ) ;
#2127 = CARTESIAN_POINT ( 'NONE',  ( -32.22465942457714760, 18.71371929357287556, -8.607532467319622071 ) ) ;
#2128 = CARTESIAN_POINT ( 'NONE',  ( 23.76894969407147329, 3.897518647776910808E-15, -34.08521515132503765 ) ) ;
#2129 = CARTESIAN_POINT ( 'NONE',  ( -30.93746355846546692, 20.69372329322082038, 8.845233747993859197 ) ) ;
#2130 = CARTESIAN_POINT ( 'NONE',  ( -31.35145931355683757, 19.12369454397761359, -10.94698627524224932 ) ) ;
#2131 = B_SPLINE_SURFACE_WITH_KNOTS ( 'NONE', 3, 3, ( 
 ( #2185, #527, #891, #1570, #498, #2169, #1363 ),
 ( #285, #54, #86, #2629, #1146, #906, #2613 ),
 ( #242, #2009, #706, #1584, #936, #1556, #71 ),
 ( #1160, #1798, #2417, #256, #687, #463, #484 ) ),
 .UNSPECIFIED., .F., .F., .F.,
 ( 4, 4 ),
 ( 4, 3, 4 ),
 ( 0.000000000000000000, 0.1857420478804216457 ),
 ( 0.4491927012933640273, 0.4745963506466820414, 0.5000000000000000000 ),
 .UNSPECIFIED. ) ;
#2132 = CARTESIAN_POINT ( 'NONE',  ( -26.06771134873115159, 27.00000000000000000, 15.73819086349167229 ) ) ;
#2133 = CARTESIAN_POINT ( 'NONE',  ( -31.42430208910042211, 21.30844187245483923, 1.856898221234366098 ) ) ;
#2134 = FACE_OUTER_BOUND ( 'NONE', #254, .T. ) ;
#2135 = ORIENTED_EDGE ( 'NONE', *, *, #1651, .T. ) ;
#2136 = CARTESIAN_POINT ( 'NONE',  ( -0.8000554637952123072, 6.572996832456841965, -39.13099369988315601 ) ) ;
#2137 = CARTESIAN_POINT ( 'NONE',  ( -30.45808848739379116, 21.89503259610197006, -7.281628240071039926 ) ) ;
#2138 = CARTESIAN_POINT ( 'NONE',  ( -28.26142112405903362, 23.43225089685069662, -7.003963535340115065 ) ) ;
#2139 = ORIENTED_EDGE ( 'NONE', *, *, #2740, .F. ) ;
#2140 = B_SPLINE_CURVE_WITH_KNOTS ( 'NONE', 3,
 ( #632, #1924, #1485, #411, #2571, #2144, #40, #865, #660, #1269, #2130, #1512 ),
 .UNSPECIFIED., .F., .F.,
 ( 4, 2, 2, 2, 2, 4 ),
 ( 2.881939084222627117E-17, 0.0004263388047182801945, 0.0008526776094365315492, 0.001705355218873041414, 0.002558032828309551171, 0.003410710437746060711 ),
 .UNSPECIFIED. ) ;
#2141 = CARTESIAN_POINT ( 'NONE',  ( -32.37458725351525146, 18.35234473370490704, -8.261140904279406172 ) ) ;
#2142 = CARTESIAN_POINT ( 'NONE',  ( -29.42071164124456573, 22.46073505533677306, -9.601691543176134047 ) ) ;
#2143 = CARTESIAN_POINT ( 'NONE',  ( -31.48959985478747114, 19.78855731076136948, 8.996263685509532593 ) ) ;
#2144 = CARTESIAN_POINT ( 'NONE',  ( -32.40517402486793941, 17.75143473977584563, -10.00455558292169123 ) ) ;
#2145 = CARTESIAN_POINT ( 'NONE',  ( 6.523758076023131736, 26.99999999999999645, -29.05779660803041509 ) ) ;
#2146 = CARTESIAN_POINT ( 'NONE',  ( -30.13330011375781226, 21.55020216217254614, 1.015507688189907887 ) ) ;
#2147 = CARTESIAN_POINT ( 'NONE',  ( -33.89540677057571116, 20.28993992008115299, 8.995478466948735985 ) ) ;
#2148 = B_SPLINE_CURVE_WITH_KNOTS ( 'NONE', 3,
 ( #127, #1417, #1571, #2224 ),
 .UNSPECIFIED., .F., .F.,
 ( 4, 4 ),
 ( 0.000000000000000000, 1.000000000000000000 ),
 .UNSPECIFIED. ) ;
#2149 = CARTESIAN_POINT ( 'NONE',  ( -33.33989968991799913, 21.91005041002700438, 2.333252712210549973 ) ) ;
#2150 = ORIENTED_EDGE ( 'NONE', *, *, #2026, .T. ) ;
#2151 = ADVANCED_FACE ( 'NONE', ( #2411 ), #1154, .F. ) ;
#2152 = CARTESIAN_POINT ( 'NONE',  ( -30.07207092943727744, 19.42618138145196838, 10.96465625799898724 ) ) ;
#2153 = CARTESIAN_POINT ( 'NONE',  ( -31.42522784963623650, 20.62935055033760889, -0.7911666075943601939 ) ) ;
#2154 = ORIENTED_EDGE ( 'NONE', *, *, #1124, .T. ) ;
#2155 = CARTESIAN_POINT ( 'NONE',  ( -16.52737141970436596, 27.00000000000000000, 25.27356796518374438 ) ) ;
#2156 = CARTESIAN_POINT ( 'NONE',  ( -31.74055323230490799, 17.91005041002698661, 6.999920847044609040 ) ) ;
#2157 = CARTESIAN_POINT ( 'NONE',  ( -29.59229061511503645, 20.16224963295923445, -10.93531298576812638 ) ) ;
#2158 = CARTESIAN_POINT ( 'NONE',  ( -32.00020418239934372, 19.02857423385423630, 8.795763267060349833 ) ) ;
#2159 = CARTESIAN_POINT ( 'NONE',  ( -30.14362485745124332, 21.54862868089308137, 0.4626888662416577813 ) ) ;
#2160 = CARTESIAN_POINT ( 'NONE',  ( 35.33243918060629341, 17.18450006625664273, 8.892602538385029121 ) ) ;
#2161 = CARTESIAN_POINT ( 'NONE',  ( -30.13930569205899701, 21.54928692239247212, 0.6939502168903117774 ) ) ;
#2162 = CARTESIAN_POINT ( 'NONE',  ( -33.77415585230304629, 18.75661087156861484, 8.638665662666459966 ) ) ;
#2163 = CARTESIAN_POINT ( 'NONE',  ( -33.31913118202552937, 19.91572124393363552, 8.999906430306982230 ) ) ;
#2164 = ORIENTED_EDGE ( 'NONE', *, *, #464, .T. ) ;
#2165 = CARTESIAN_POINT ( 'NONE',  ( -30.96674284795717824, 20.64369172785250584, -8.860696013065062715 ) ) ;
#2166 = CARTESIAN_POINT ( 'NONE',  ( -29.29502300454006658, 23.00841825589760248, 8.554382825729733852 ) ) ;
#2167 = ORIENTED_EDGE ( 'NONE', *, *, #2323, .F. ) ;
#2168 = CARTESIAN_POINT ( 'NONE',  ( -8.763448259001773266, 17.18450006625664628, -36.28997152108971136 ) ) ;
#2169 = CARTESIAN_POINT ( 'NONE',  ( -33.53105200532049679, 17.44739114391993695, -1.922703943057969322 ) ) ;
#2170 = EDGE_CURVE ( 'NONE', #2352, #1130, #94, .T. ) ;
#2171 = CARTESIAN_POINT ( 'NONE',  ( -35.39250501211327560, 19.08623764892467634, -2.401851405457260835 ) ) ;
#2172 = CARTESIAN_POINT ( 'NONE',  ( -30.46852451443412946, 21.69833390294238740, 7.896143905398020024 ) ) ;
#2173 = CARTESIAN_POINT ( 'NONE',  ( 29.19796490280462464, -3.193762532080270769E-15, 29.97818308173410173 ) ) ;
#2174 = CARTESIAN_POINT ( 'NONE',  ( -34.64181434664696724, 17.18450006625665338, 18.84186336065494771 ) ) ;
#2175 = CARTESIAN_POINT ( 'NONE',  ( -33.43822875266113215, 17.43959609252755882, 3.840074021497749346 ) ) ;
#2176 = CARTESIAN_POINT ( 'NONE',  ( -34.14485161508380173, 17.97573561396048092, 7.579064372819985351 ) ) ;
#2177 = CARTESIAN_POINT ( 'NONE',  ( -32.89277703576760814, 17.92532797887927742, 7.282779356181858788 ) ) ;
#2178 = VERTEX_POINT ( 'NONE', #325 ) ;
#2179 = CARTESIAN_POINT ( 'NONE',  ( -32.78039219227183310, 21.91005041002699372, -7.000079152955389183 ) ) ;
#2180 = CARTESIAN_POINT ( 'NONE',  ( -30.28709061539745662, 21.25371785316883333, -1.759054524079944226 ) ) ;
#2181 = AXIS2_PLACEMENT_3D ( 'NONE', #847, #2568, #2115 ) ;
#2182 = ORIENTED_EDGE ( 'NONE', *, *, #626, .T. ) ;
#2183 = EDGE_CURVE ( 'NONE', #2178, #947, #589, .T. ) ;
#2184 = CARTESIAN_POINT ( 'NONE',  ( 20.23911555343820723, 26.99999999999999645, 21.03842338406259671 ) ) ;
#2185 = CARTESIAN_POINT ( 'NONE',  ( -32.32928560763244974, 17.37690257150672934, -11.34778918829776728 ) ) ;
#2186 = CARTESIAN_POINT ( 'NONE',  ( -30.13931675585484626, 21.54928763216230436, -0.6938200052005132346 ) ) ;
#2187 = CARTESIAN_POINT ( 'NONE',  ( -31.42522798522936966, 19.77877237551834710, 1.236283366127433281 ) ) ;
#2188 = CARTESIAN_POINT ( 'NONE',  ( -30.27293228148583637, 19.12370169794496633, 10.94691533818997442 ) ) ;
#2189 = CARTESIAN_POINT ( 'NONE',  ( -32.80194606331978946, 21.91005041002713938, 6.999920847044624139 ) ) ;
#2190 = CARTESIAN_POINT ( 'NONE',  ( -14.63911611071602259, 17.18450006625665694, -35.29349904211120759 ) ) ;
#2191 = CARTESIAN_POINT ( 'NONE',  ( -32.59433718557095716, 19.28071612671905655, 1.892983698536071513 ) ) ;
#2192 = CARTESIAN_POINT ( 'NONE',  ( -32.78039219227183310, 21.91005041002699016, -7.000079152955385631 ) ) ;
#2193 = CARTESIAN_POINT ( 'NONE',  ( -33.45083236064765941, 21.53268185692579095, 7.109199850438936430 ) ) ;
#2194 = VERTEX_POINT ( 'NONE', #1016 ) ;
#2195 = CARTESIAN_POINT ( 'NONE',  ( -30.11409411747348841, 19.36289792682849153, 10.96094457843807213 ) ) ;
#2196 = CARTESIAN_POINT ( 'NONE',  ( -30.95054960679017242, 20.14603922048283735, -1.703638986645315434 ) ) ;
#2197 = VERTEX_POINT ( 'NONE', #744 ) ;
#2198 = CARTESIAN_POINT ( 'NONE',  ( 28.89999851150363952, 26.99999999999999645, 0.8700893683582676674 ) ) ;
#2199 = CARTESIAN_POINT ( 'NONE',  ( -30.72127563653307902, 20.08195912458745980, -10.93856730015122558 ) ) ;
#2200 = CARTESIAN_POINT ( 'NONE',  ( -33.45083236064766652, 21.53268185692577674, 7.109199850438937318 ) ) ;
#2201 = CARTESIAN_POINT ( 'NONE',  ( -33.52849400089776566, 21.17345853810509126, 7.977075002370154877 ) ) ;
#2202 = CARTESIAN_POINT ( 'NONE',  ( -31.42522784084063403, 19.29989290079956632, -1.745179184449056287 ) ) ;
#2203 = CARTESIAN_POINT ( 'NONE',  ( 13.03756949519396890, 17.18450006625664628, -35.29376911223509694 ) ) ;
#2204 = CARTESIAN_POINT ( 'NONE',  ( -32.70516610865870177, 17.98321147773325990, 7.553486249569567157 ) ) ;
#2205 = CARTESIAN_POINT ( 'NONE',  ( -34.37482793646869084, 19.49761703755424591, 9.012052570004904339 ) ) ;
#2206 = EDGE_CURVE ( 'NONE', #2320, #1375, #1837, .T. ) ;
#2207 = CARTESIAN_POINT ( 'NONE',  ( -31.42522786787250411, 19.84190856319916563, 1.222915178355681531 ) ) ;
#2208 = FACE_OUTER_BOUND ( 'NONE', #1097, .T. ) ;
#2209 = ORIENTED_EDGE ( 'NONE', *, *, #1865, .T. ) ;
#2210 = CARTESIAN_POINT ( 'NONE',  ( -24.09318156615102779, 27.00000000000000711, 18.55031925864775388 ) ) ;
#2211 = CARTESIAN_POINT ( 'NONE',  ( -31.42522793741775544, 19.78545309842584032, -1.233864751746833521 ) ) ;
#2212 = CARTESIAN_POINT ( 'NONE',  ( -31.67080980785705435, 18.88157412630058829, -1.228686027728350671 ) ) ;
#2213 = CARTESIAN_POINT ( 'NONE',  ( -31.42522786789562517, 19.81615668656419160, 1.225452769352312510 ) ) ;
#2214 = CARTESIAN_POINT ( 'NONE',  ( -33.42806289203529957, 21.52464797017215403, 7.278326257600673976 ) ) ;
#2215 = DIRECTION ( 'NONE',  ( 1.000000000000000000, 2.891205793294662056E-15, 1.445602896647331028E-15 ) ) ;
#2216 = CARTESIAN_POINT ( 'NONE',  ( 37.80141217106336171, 6.572996832456840188, -9.176233897550405416 ) ) ;
#2217 = CARTESIAN_POINT ( 'NONE',  ( -32.10595120749055553, 18.71502677812094717, 8.608333203170960957 ) ) ;
#2218 = CARTESIAN_POINT ( 'NONE',  ( -33.18908524535257953, 21.79828834108725744, -7.662120845233931554 ) ) ;
#2219 = CARTESIAN_POINT ( 'NONE',  ( -30.63653634875402787, 21.26949099649764818, -8.467041074462128947 ) ) ;
#2220 = CARTESIAN_POINT ( 'NONE',  ( -32.53924084459691102, 21.34294496317990664, -8.401918963304604304 ) ) ;
#2221 = EDGE_LOOP ( 'NONE', ( #1425, #2306, #1656, #1674, #1521 ) ) ;
#2222 = CARTESIAN_POINT ( 'NONE',  ( 18.88774550277045705, 10.36793716495175666, -36.18086517688389847 ) ) ;
#2223 = CARTESIAN_POINT ( 'NONE',  ( -30.60469122129887509, 21.33566557954451426, -8.409389372939269691 ) ) ;
#2224 = CARTESIAN_POINT ( 'NONE',  ( -31.42522784559858451, 20.13288672494288534, -1.222757444854321918 ) ) ;
#2225 = CARTESIAN_POINT ( 'NONE',  ( -31.42522786841678339, 19.68613517732248752, 1.282680523857204991 ) ) ;
#2226 =( BOUNDED_SURFACE ( )  B_SPLINE_SURFACE ( 3, 2, ( 
 ( #2072, #2525, #148 ),
 ( #2728, #817, #1864 ),
 ( #2701, #1855, #157 ),
 ( #611, #1009, #2319 ),
 ( #2114, #596, #1455 ),
 ( #624, #1730, #1493 ),
 ( #1920, #2196, #888 ),
 ( #1281, #50, #1507 ),
 ( #1948, #434, #2552 ),
 ( #18, #8, #1095 ),
 ( #703, #1934, #641 ),
 ( #253, #2609, #668 ),
 ( #2180, #2757, #1552 ),
 ( #1295, #2412, #1745 ),
 ( #1307, #480, #447 ),
 ( #1536, #33, #2153 ),
 ( #1963, #460, #1347 ),
 ( #655, #845, #1520 ) ),
 .UNSPECIFIED., .F., .F., .F. ) 
 B_SPLINE_SURFACE_WITH_KNOTS ( ( 4, 2, 2, 2, 2, 2, 2, 2, 4 ),
 ( 3, 3 ),
 ( 0.002514352923689204631, 0.003021542017224831261, 0.003528731110760457458, 0.004035920204296083655, 0.004543109297831710719, 0.005050298391367336916, 0.005557487484902963112, 0.006064676578438590177, 0.006571865671974216373 ),
 ( 0.000000000000000000, 1.000000000000000000 ),
 .UNSPECIFIED. ) 
 GEOMETRIC_REPRESENTATION_ITEM ( )  RATIONAL_B_SPLINE_SURFACE ( (
 ( 1.000000000000000000, 0.9504292579407175312, 1.000000000000000000),
 ( 1.000000000000000000, 0.9481820182115012763, 1.000000000000000000),
 ( 1.000000000000000000, 0.9460730876553606894, 1.000000000000000000),
 ( 1.000000000000000000, 0.9421533358561120508, 1.000000000000000000),
 ( 1.000000000000000000, 0.9402890585885790298, 1.000000000000000000),
 ( 1.000000000000000000, 0.9367750192328136993, 1.000000000000000000),
 ( 1.000000000000000000, 0.9350802615535688256, 1.000000000000000000),
 ( 1.000000000000000000, 0.9318735070644951213, 1.000000000000000000),
 ( 1.000000000000000000, 0.9303184344756983970, 1.000000000000000000),
 ( 1.000000000000000000, 0.9274175064811215341, 1.000000000000000000),
 ( 1.000000000000000000, 0.9260334203097090322, 1.000000000000000000),
 ( 1.000000000000000000, 0.9235593480066742744, 1.000000000000000000),
 ( 1.000000000000000000, 0.9224476606930530620, 1.000000000000000000),
 ( 1.000000000000000000, 0.9206003950138378356, 1.000000000000000000),
 ( 1.000000000000000000, 0.9198905648385619083, 1.000000000000000000),
 ( 1.000000000000000000, 0.9189417574789721099, 1.000000000000000000),
 ( 1.000000000000000000, 0.9187106763267249843, 1.000000000000000000),
 ( 1.000000000000000000, 0.9187561108434990631, 1.000000000000000000) ) ) 
 REPRESENTATION_ITEM ( '' )  SURFACE ( )  );
#2227 = CARTESIAN_POINT ( 'NONE',  ( -33.79538362309426702, 20.46229007916626941, 8.960823002948508531 ) ) ;
#2228 = CARTESIAN_POINT ( 'NONE',  ( -31.84841761322790887, 22.58760164931722514, 0.7229151745014941177 ) ) ;
#2229 = CARTESIAN_POINT ( 'NONE',  ( 38.19999999999999574, 10.36793716495175843, 5.421010862427522170E-17 ) ) ;
#2230 = CARTESIAN_POINT ( 'NONE',  ( -32.31591429115776037, 18.43533655428265661, -8.356839173742390159 ) ) ;
#2231 = CARTESIAN_POINT ( 'NONE',  ( -32.10278180887707578, 18.88291622881429177, -8.717372493347721019 ) ) ;
#2232 = CARTESIAN_POINT ( 'NONE',  ( -29.26677530261100557, 23.16155663878231863, -8.182575019997097243 ) ) ;
#2233 = CARTESIAN_POINT ( 'NONE',  ( -33.14307079783878862, 20.85229308833579154, -8.839900140221566005 ) ) ;
#2234 = ORIENTED_EDGE ( 'NONE', *, *, #2420, .F. ) ;
#2235 = CARTESIAN_POINT ( 'NONE',  ( -39.56571728214724715, 10.36793716495175488, -8.195514397244567206 ) ) ;
#2236 = CARTESIAN_POINT ( 'NONE',  ( -30.73033221600784515, 20.45681378592104949, 2.429520835907731158 ) ) ;
#2237 = CARTESIAN_POINT ( 'NONE',  ( -31.59969294997477718, 18.98585479938618548, 1.705376750301773603 ) ) ;
#2238 = CARTESIAN_POINT ( 'NONE',  ( -31.19212080328721726, 19.36283161302361222, -10.96102003094528143 ) ) ;
#2239 = CARTESIAN_POINT ( 'NONE',  ( -33.19200905752090591, 21.88987085052222881, 7.309682885859970725 ) ) ;
#2240 = CARTESIAN_POINT ( 'NONE',  ( -32.78042893023476978, 21.11005041002697880, 6.999920847044619698 ) ) ;
#2241 = CARTESIAN_POINT ( 'NONE',  ( 23.78156542430927800, 10.36793716495176554, 34.08139671492535427 ) ) ;
#2242 = CARTESIAN_POINT ( 'NONE',  ( -29.29673243975934938, 23.50831813053054731, 7.160714741748666512 ) ) ;
#2243 = CARTESIAN_POINT ( 'NONE',  ( -33.22296918394877707, 21.65290925300223890, -7.991028075881653869 ) ) ;
#2244 = EDGE_CURVE ( 'NONE', #699, #2610, #820, .T. ) ;
#2245 = CARTESIAN_POINT ( 'NONE',  ( -31.42522786787250411, 20.13288672494288534, 1.222915178355681309 ) ) ;
#2246 = CARTESIAN_POINT ( 'NONE',  ( -32.75734502364717571, 17.47999999999988319, 8.964375745550873020 ) ) ;
#2247 = CARTESIAN_POINT ( 'NONE',  ( -32.78039219227183310, 21.91005041002699372, -7.000079152955389183 ) ) ;
#2248 = EDGE_LOOP ( 'NONE', ( #2567, #1230, #421, #1442 ) ) ;
#2249 = CARTESIAN_POINT ( 'NONE',  ( 38.19999999999999574, 10.36793716495175843, 5.421010862427522170E-17 ) ) ;
#2250 = CARTESIAN_POINT ( 'NONE',  ( -31.67327367103770541, 17.47999999999989029, -8.964455088577139463 ) ) ;
#2251 = CARTESIAN_POINT ( 'NONE',  ( -34.18401087226643398, 20.02222656848407922, -8.290387475132448003 ) ) ;
#2252 = CARTESIAN_POINT ( 'NONE',  ( -30.02181356453115058, 23.47063778671423506, 1.032933672136026271 ) ) ;
#2253 = EDGE_CURVE ( 'NONE', #2606, #2465, #554, .T. ) ;
#2254 = DIRECTION ( 'NONE',  ( -0.9905704344792736205, 0.000000000000000000, -0.1370044318098613823 ) ) ;
#2255 = CARTESIAN_POINT ( 'NONE',  ( -25.38155833458778332, 6.572996832456841076, -34.08139805129601996 ) ) ;
#2256 = CARTESIAN_POINT ( 'NONE',  ( -30.32213941949004621, 21.83323354210250145, 7.567250586552281888 ) ) ;
#2257 = CARTESIAN_POINT ( 'NONE',  ( -33.91366311845602866, 20.25833503564781779, -9.002084708648768085 ) ) ;
#2258 = COLOUR_RGB ( '',0.7921568627450980005, 0.8196078431372548767, 0.9333333333333333481 ) ;
#2259 = CARTESIAN_POINT ( 'NONE',  ( -30.35101974028268756, 21.91005041002701148, 7.142785647526673998 ) ) ;
#2260 = VERTEX_POINT ( 'NONE', #2298 ) ;
#2261 = CARTESIAN_POINT ( 'NONE',  ( 22.55015741703797261, 17.18450006625665338, 31.89809317956845192 ) ) ;
#2262 = CARTESIAN_POINT ( 'NONE',  ( -29.96760767562388139, 21.31807419201231113, -10.55897481292739215 ) ) ;
#2263 = VECTOR ( 'NONE', #579, 1000.000000000000000 ) ;
#2264 = CARTESIAN_POINT ( 'NONE',  ( -33.32035004366763786, 19.91202116731446026, -9.000079152955386519 ) ) ;
#2265 = CARTESIAN_POINT ( 'NONE',  ( 35.38088486335966820, 6.572996832456838412, 19.68781937559421991 ) ) ;
#2266 = CARTESIAN_POINT ( 'NONE',  ( -32.92203846090588826, 17.91005041002699372, 7.135399160001567154 ) ) ;
#2267 = CARTESIAN_POINT ( 'NONE',  ( -32.75957350070307683, 21.76598261179278637, -7.748688283001941457 ) ) ;
#2268 = CARTESIAN_POINT ( 'NONE',  ( -12.93604183570067434, 26.99999999999998579, -27.20101100534665761 ) ) ;
#2269 = VECTOR ( 'NONE', #1592, 1000.000000000000000 ) ;
#2270 = EDGE_CURVE ( 'NONE', #2430, #2553, #2329, .T. ) ;
#2271 = CARTESIAN_POINT ( 'NONE',  ( -31.47494748804737696, 19.30459332081363044, 1.509294052705795419 ) ) ;
#2272 = B_SPLINE_CURVE_WITH_KNOTS ( 'NONE', 3,
 ( #1195, #2064, #1433, #1604, #2695, #142, #777, #992, #2497, #1627, #2486, #1384, #561, #2449, #574, #2283, #1219, #2076, #152, #1002, #2231, #1871, #307, #756, #2463, #2531, #2341, #837, #631, #1460, #2090, #1056, #397, #2734, #2326, #162, #1650, #2311, #1664, #425 ),
 .UNSPECIFIED., .F., .F.,
 ( 4, 2, 2, 2, 2, 2, 2, 2, 2, 2, 2, 2, 2, 1, 2, 2, 2, 2, 1, 2, 4 ),
 ( 0.4874887143295173475, 0.5035046920067193232, 0.5195206696839214100, 0.5515526250383238072, 0.5675686027155244506, 0.5835845803927250941, 0.6156165357471278243, 0.6236245245857295894, 0.6316325134243313544, 0.6476484911015337742, 0.6796804464559399461, 0.7437443571647516238, 0.7517523460033532778, 0.7597603348419548208, 0.7757763125191581288, 0.8078082678735636346, 0.8718721785823742021, 0.8878881562595775101, 0.9039041339367809291, 0.9359360892911872121, 1.000000000000000000 ),
 .UNSPECIFIED. ) ;
#2273 = FACE_OUTER_BOUND ( 'NONE', #1931, .T. ) ;
#2274 = B_SPLINE_CURVE_WITH_KNOTS ( 'NONE', 3,
 ( #1245, #1001, #1218, #2496 ),
 .UNSPECIFIED., .F., .F.,
 ( 4, 4 ),
 ( 0.000000000000000000, 1.000000000000000000 ),
 .UNSPECIFIED. ) ;
#2275 = ORIENTED_EDGE ( 'NONE', *, *, #2123, .T. ) ;
#2276 = CARTESIAN_POINT ( 'NONE',  ( 36.92603145857230373, 10.36793716495175666, 14.35889141196237517 ) ) ;
#2277 = CARTESIAN_POINT ( 'NONE',  ( -30.51765712447773282, 20.83431369791779630, 2.210257655242620967 ) ) ;
#2278 = CARTESIAN_POINT ( 'NONE',  ( -30.34300678515936411, 21.30506967145600328, 1.872481390734390683 ) ) ;
#2279 = B_SPLINE_CURVE_WITH_KNOTS ( 'NONE', 3,
 ( #2078, #153, #2510, #590 ),
 .UNSPECIFIED., .F., .F.,
 ( 4, 4 ),
 ( 0.2366902164092754279, 0.2510868470036761169 ),
 .UNSPECIFIED. ) ;
#2280 = CARTESIAN_POINT ( 'NONE',  ( -33.99393883019151730, 20.32584014091681723, 8.320224416094298192 ) ) ;
#2281 = CARTESIAN_POINT ( 'NONE',  ( -33.79275654834558651, 18.71266091044941149, -8.607201137486509168 ) ) ;
#2282 = CARTESIAN_POINT ( 'NONE',  ( -32.77098798089565435, 18.03369446219982919, 7.693800726372938215 ) ) ;
#2283 = CARTESIAN_POINT ( 'NONE',  ( -31.92810550077297549, 19.13225577876191252, -8.842674644015405150 ) ) ;
#2284 = CARTESIAN_POINT ( 'NONE',  ( -34.21621290828182538, 17.91005041002699372, 6.999920847044609928 ) ) ;
#2285 = CARTESIAN_POINT ( 'NONE',  ( -31.43909702734455536, 19.48339806108823069, 1.404254824961984838 ) ) ;
#2286 = CARTESIAN_POINT ( 'NONE',  ( -28.57168999251580033, 23.47063778671424572, 5.179226650283282218 ) ) ;
#2287 = CARTESIAN_POINT ( 'NONE',  ( -28.21019725694070246, 23.00720209177944753, -8.559050661673175853 ) ) ;
#2288 = ORIENTED_EDGE ( 'NONE', *, *, #2106, .F. ) ;
#2289 = CARTESIAN_POINT ( 'NONE',  ( 7.395509841682985197, 6.572996832456836636, -38.76572047551412936 ) ) ;
#2290 = CARTESIAN_POINT ( 'NONE',  ( -31.14171238968514288, 19.74793507241572854, 2.419012979600607238 ) ) ;
#2291 = CARTESIAN_POINT ( 'NONE',  ( -31.40496761389317726, 19.27137904350072262, 3.814946651412862710 ) ) ;
#2292 = VERTEX_POINT ( 'NONE', #387 ) ;
#2293 = CARTESIAN_POINT ( 'NONE',  ( -32.50164307837979294, 21.43514681277665801, -8.301383743642391622 ) ) ;
#2294 = CARTESIAN_POINT ( 'NONE',  ( 38.15568745788039706, -2.594674061833243002E-15, 3.901674256157392495 ) ) ;
#2295 = CARTESIAN_POINT ( 'NONE',  ( -31.13999432798631162, 19.75089984126703158, -2.419607784396053507 ) ) ;
#2296 = CARTESIAN_POINT ( 'NONE',  ( -19.35031927015647568, 27.00000000000000000, -23.29318155379216293 ) ) ;
#2297 = CARTESIAN_POINT ( 'NONE',  ( -12.93603525637460194, 27.00000000000000355, 27.20099467692826423 ) ) ;
#2298 = CARTESIAN_POINT ( 'NONE',  ( -28.38645693488197352, 23.47063778671423151, 6.205367013215005834 ) ) ;
#2299 = CARTESIAN_POINT ( 'NONE',  ( -29.49014501803939581, 22.26139232019093939, 9.836400308492903477 ) ) ;
#2300 = CARTESIAN_POINT ( 'NONE',  ( -30.44757698573018345, 21.78775307015971663, 7.703494915914039787 ) ) ;
#2301 = ORIENTED_EDGE ( 'NONE', *, *, #1189, .T. ) ;
#2302 = EDGE_CURVE ( 'NONE', #1703, #240, #734, .T. ) ;
#2303 = CARTESIAN_POINT ( 'NONE',  ( -20.49666712806056168, 6.572996832456838412, -36.17793791683183713 ) ) ;
#2304 = CARTESIAN_POINT ( 'NONE',  ( -31.46857265043803054, 19.32963586615321461, -1.494328482377623279 ) ) ;
#2305 = CARTESIAN_POINT ( 'NONE',  ( -31.64768028356454366, 17.39895173823261487, 9.584920649707198592 ) ) ;
#2306 = ORIENTED_EDGE ( 'NONE', *, *, #176, .T. ) ;
#2307 = CIRCLE ( 'NONE', #967, 0.7999999999999989342 ) ;
#2308 = FACE_OUTER_BOUND ( 'NONE', #69, .T. ) ;
#2309 = CARTESIAN_POINT ( 'NONE',  ( -20.48257625106905877, -5.260146243211672026E-15, 36.18235637467102350 ) ) ;
#2310 = CARTESIAN_POINT ( 'NONE',  ( -30.97840308652484964, 20.02746675026399004, -2.466384529895548461 ) ) ;
#2311 = CARTESIAN_POINT ( 'NONE',  ( -32.89340758566874001, 17.92464302285537769, -7.280276238254500321 ) ) ;
#2312 = CARTESIAN_POINT ( 'NONE',  ( 14.93819288132766410, 27.00000000000000000, 25.26770880352757231 ) ) ;
#2313 = CARTESIAN_POINT ( 'NONE',  ( -30.90160247252054759, 18.26159019752181578, -10.55503759545187492 ) ) ;
#2314 = CARTESIAN_POINT ( 'NONE',  ( -30.72373807247106114, 20.07826333678988817, 10.93896593438556231 ) ) ;
#2315 = VECTOR ( 'NONE', #1947, 1000.000000000000000 ) ;
#2316 = ORIENTED_EDGE ( 'NONE', *, *, #2420, .T. ) ;
#2317 = CARTESIAN_POINT ( 'NONE',  ( 38.15569304257446959, -6.676183045659120691E-15, -3.901614992551778016 ) ) ;
#2318 = CARTESIAN_POINT ( 'NONE',  ( -31.44314295393606074, 19.45409750157825712, -1.421227122912642971 ) ) ;
#2319 = CARTESIAN_POINT ( 'NONE',  ( -31.42522784539570324, 20.26494296426921693, -1.206079030622804193 ) ) ;
#2320 = VERTEX_POINT ( 'NONE', #2664 ) ;
#2321 = EDGE_CURVE ( 'NONE', #1915, #390, #2651, .T. ) ;
#2322 = CARTESIAN_POINT ( 'NONE',  ( -35.08187301100277722, 19.67063192239438507, 3.305446272561783351E-07 ) ) ;
#2323 = EDGE_CURVE ( 'NONE', #1158, #2366, #604, .T. ) ;
#2324 = CARTESIAN_POINT ( 'NONE',  ( -33.51238140463927095, 19.40301050791201831, -8.938948756806020413 ) ) ;
#2325 = CARTESIAN_POINT ( 'NONE',  ( -32.36958377463373182, 18.51939422171410143, 8.437312182343326583 ) ) ;
#2326 = CARTESIAN_POINT ( 'NONE',  ( -32.77013888242413486, 18.03459350873595213, -7.695765811264250189 ) ) ;
#2327 = CARTESIAN_POINT ( 'NONE',  ( -12.93604183570067434, 26.99999999999998579, -27.20101100534665761 ) ) ;
#2328 = CARTESIAN_POINT ( 'NONE',  ( -30.14579525212415234, 21.54828862054346317, -8.691128682101314631E-06 ) ) ;
#2329 = B_SPLINE_CURVE_WITH_KNOTS ( 'NONE', 3,
 ( #1897, #1666, #1820, #2328 ),
 .UNSPECIFIED., .F., .F.,
 ( 4, 4 ),
 ( 0.000000000000000000, 0.0006938422792476525236 ),
 .UNSPECIFIED. ) ;
#2330 = CARTESIAN_POINT ( 'NONE',  ( -31.18900504688928166, 19.25908969108855828, -5.694068938205734121 ) ) ;
#2331 = B_SPLINE_CURVE_WITH_KNOTS ( 'NONE', 3,
 ( #591, #1424, #2080, #1819 ),
 .UNSPECIFIED., .F., .F.,
 ( 4, 4 ),
 ( 0.01022289270064705158, 0.01193349112351843773 ),
 .UNSPECIFIED. ) ;
#2332 = CARTESIAN_POINT ( 'NONE',  ( -32.50383148754158213, 18.18923193297937146, 8.053885093297711961 ) ) ;
#2333 = ORIENTED_EDGE ( 'NONE', *, *, #626, .F. ) ;
#2334 = CARTESIAN_POINT ( 'NONE',  ( -30.80265778277764355, 6.572996832456834859, -29.97464097803622352 ) ) ;
#2335 = CARTESIAN_POINT ( 'NONE',  ( -28.21564621469378409, 22.96418470877428319, 8.662429089574279928 ) ) ;
#2336 = CARTESIAN_POINT ( 'NONE',  ( -32.34928083988474157, 17.44001071293748240, 3.869852970704360740 ) ) ;
#2337 = ORIENTED_EDGE ( 'NONE', *, *, #1027, .F. ) ;
#2338 = CARTESIAN_POINT ( 'NONE',  ( -31.87815054116927627, 19.02655786049240305, -8.798369283413130404 ) ) ;
#2339 = CARTESIAN_POINT ( 'NONE',  ( -34.03485283414116225, 18.17691366702712941, -8.033189435757757124 ) ) ;
#2340 = CARTESIAN_POINT ( 'NONE',  ( -31.96216260202531245, 19.08322099657139503, 8.821151617179102900 ) ) ;
#2341 = CARTESIAN_POINT ( 'NONE',  ( -32.40917687817216830, 18.46713519707391526, -8.385766819418620344 ) ) ;
#2342 = CARTESIAN_POINT ( 'NONE',  ( -31.61513391557577179, 17.49496115749450453, 9.243996036061778554 ) ) ;
#2343 = ORIENTED_EDGE ( 'NONE', *, *, #452, .T. ) ;
#2344 = CARTESIAN_POINT ( 'NONE',  ( -31.30776780157676953, 19.20270557907578279, 11.13138183870784381 ) ) ;
#2345 = CARTESIAN_POINT ( 'NONE',  ( -30.95615862768341842, 19.71943040162180694, 10.96895999584197412 ) ) ;
#2346 = FACE_OUTER_BOUND ( 'NONE', #625, .T. ) ;
#2347 = CARTESIAN_POINT ( 'NONE',  ( -30.87704249239230947, 20.79780801821169334, 8.809324902669498414 ) ) ;
#2348 = EDGE_LOOP ( 'NONE', ( #1980, #1505, #1758, #2541 ) ) ;
#2349 = CARTESIAN_POINT ( 'NONE',  ( 23.76894969407147329, 3.897518647776910808E-15, -34.08521515132503765 ) ) ;
#2350 = CARTESIAN_POINT ( 'NONE',  ( -30.47433556590277703, 21.91005041002699727, -7.141338620940073767 ) ) ;
#2351 = DIRECTION ( 'NONE',  ( 1.000000000000000000, 2.891205793294662056E-15, 1.445602896647331028E-15 ) ) ;
#2352 = VERTEX_POINT ( 'NONE', #1029 ) ;
#2353 = CARTESIAN_POINT ( 'NONE',  ( -32.49575335470066051, 18.20291404473961094, -8.050035887783945299 ) ) ;
#2354 = CARTESIAN_POINT ( 'NONE',  ( -30.96407857406462938, 19.71775160707127483, -10.97209375442638368 ) ) ;
#2355 = CARTESIAN_POINT ( 'NONE',  ( -30.75163537181420992, 21.03724147038602510, 8.653213473922273025 ) ) ;
#2356 = CARTESIAN_POINT ( 'NONE',  ( 17.74040242190821459, 27.00000000000000355, -23.30154909938394781 ) ) ;
#2357 = CARTESIAN_POINT ( 'NONE',  ( -34.15095140163227683, 17.96673618990386956, 7.544176070345788965 ) ) ;
#2358 = CARTESIAN_POINT ( 'NONE',  ( 42.87813405840697811, 17.91005041002700082, -7.000079152955387407 ) ) ;
#2359 = B_SPLINE_SURFACE_WITH_KNOTS ( 'NONE', 3, 3, ( 
 ( #676, #1316, #2175, #1272, #471, #897, #1754 ),
 ( #1339, #2191, #2, #1042, #2751, #2547, #2344 ),
 ( #414, #2133, #204, #2620, #2030, #2660, #755 ),
 ( #78, #1614, #727, #278, #2242, #1804, #2041 ) ),
 .UNSPECIFIED., .F., .F., .F.,
 ( 4, 4 ),
 ( 4, 3, 4 ),
 ( 0.000000000000000000, 0.1858538735056532443 ),
 ( 0.4999999999999999445, 0.5253860396110823228, 0.5507720792221646455 ),
 .UNSPECIFIED. ) ;
#2360 = CARTESIAN_POINT ( 'NONE',  ( -28.00099464772914715, 27.00000000000000000, -12.13603532741984381 ) ) ;
#2361 = CARTESIAN_POINT ( 'NONE',  ( -30.28697361102784313, 21.25389755755991672, 1.758666165849404051 ) ) ;
#2362 = FACE_OUTER_BOUND ( 'NONE', #2526, .T. ) ;
#2363 = EDGE_CURVE ( 'NONE', #2197, #222, #57, .T. ) ;
#2364 = DIRECTION ( 'NONE',  ( 0.000000000000000000, 9.912705577010330480E-16, -1.000000000000000000 ) ) ;
#2365 = CARTESIAN_POINT ( 'NONE',  ( -32.10075446174914049, 18.71498145525861645, 8.608305345187369895 ) ) ;
#2366 = VERTEX_POINT ( 'NONE', #190 ) ;
#2367 = CARTESIAN_POINT ( 'NONE',  ( -31.42878485687239376, 19.58207223882279280, -1.346016273323524581 ) ) ;
#2368 = DIRECTION ( 'NONE',  ( 1.000000000000000000, 3.491481338843026070E-15, 9.107482367924493495E-09 ) ) ;
#2369 = ORIENTED_EDGE ( 'NONE', *, *, #1275, .F. ) ;
#2370 = CARTESIAN_POINT ( 'NONE',  ( -31.42522784505427680, 19.68614995302015913, -1.282524249414149331 ) ) ;
#2371 = CARTESIAN_POINT ( 'NONE',  ( -34.53431810777098576, 17.91005041002699372, -4.699758522069904743 ) ) ;
#2372 = CARTESIAN_POINT ( 'NONE',  ( -30.65984246116584089, 21.22069676902183488, 8.510637172980951348 ) ) ;
#2373 = CARTESIAN_POINT ( 'NONE',  ( -30.14579525195670584, 21.54828862052204386, 1.868243569352144771E-05 ) ) ;
#2374 = CARTESIAN_POINT ( 'NONE',  ( -37.08993131860393788, 17.18450006625664628, -7.961790553342154908 ) ) ;
#2375 = CARTESIAN_POINT ( 'NONE',  ( -31.42522786787251832, 20.13288672494290665, 1.222915178355687083 ) ) ;
#2376 = CARTESIAN_POINT ( 'NONE',  ( -35.49803162956325053, 17.93748963414530806, 7.591390928117745851 ) ) ;
#2377 = CARTESIAN_POINT ( 'NONE',  ( -33.84372522230887625, 21.52233794191953464, 4.738890363427323393 ) ) ;
#2378 = ORIENTED_EDGE ( 'NONE', *, *, #1651, .F. ) ;
#2379 = EDGE_CURVE ( 'NONE', #444, #2260, #353, .T. ) ;
#2380 = CARTESIAN_POINT ( 'NONE',  ( -31.03754791794360912, 20.52047997879873975, -8.907384905139734244 ) ) ;
#2381 = FACE_OUTER_BOUND ( 'NONE', #538, .T. ) ;
#2382 = ORIENTED_EDGE ( 'NONE', *, *, #2323, .T. ) ;
#2383 = CARTESIAN_POINT ( 'NONE',  ( 6.526023497338094614, 26.99999999999999289, 29.05732671434856940 ) ) ;
#2384 = CARTESIAN_POINT ( 'NONE',  ( -32.67580847652183706, 18.13603593432310035, -7.933279680469553341 ) ) ;
#2385 = CARTESIAN_POINT ( 'NONE',  ( -29.26381469438701899, 20.68822346359320363, -10.81800629621085363 ) ) ;
#2386 = CARTESIAN_POINT ( 'NONE',  ( -32.30770144611651062, 18.60130308968237856, 8.515897286068058847 ) ) ;
#2387 = CARTESIAN_POINT ( 'NONE',  ( 18.89666641139918468, -5.522566358604252217E-16, 36.17793804999099905 ) ) ;
#2388 = CARTESIAN_POINT ( 'NONE',  ( -25.38155833458778332, 10.36793716495176376, -34.08139805129601996 ) ) ;
#2389 = FACE_OUTER_BOUND ( 'NONE', #2248, .T. ) ;
#2390 = CARTESIAN_POINT ( 'NONE',  ( -34.45646429828805424, 19.62016046967434235, 8.095925138884068062 ) ) ;
#2391 = CARTESIAN_POINT ( 'NONE',  ( -32.50171302265204076, 21.43514594339353607, 8.301121397983790118 ) ) ;
#2392 = ADVANCED_FACE ( 'NONE', ( #2389 ), #2021, .T. ) ;
#2393 = ORIENTED_EDGE ( 'NONE', *, *, #2026, .F. ) ;
#2394 = CARTESIAN_POINT ( 'NONE',  ( -31.24587446212943220, 20.17478411565204510, -8.983534794776117494 ) ) ;
#2395 = CARTESIAN_POINT ( 'NONE',  ( -29.32053364394090877, 22.82688313514631417, 8.976209231633735186 ) ) ;
#2396 = ORIENTED_EDGE ( 'NONE', *, *, #1389, .T. ) ;
#2397 = CARTESIAN_POINT ( 'NONE',  ( -36.09349904934948228, 17.18450006625664983, 13.83911614577494653 ) ) ;
#2398 = CARTESIAN_POINT ( 'NONE',  ( -31.42522784559858451, 19.83334506963567989, -1.222757444854289277 ) ) ;
#2399 = CARTESIAN_POINT ( 'NONE',  ( -34.80395798855666811, 19.17620115293566130, -7.521516713538784593 ) ) ;
#2400 = CARTESIAN_POINT ( 'NONE',  ( -34.53717581601052444, 17.91005041002699372, 4.679040197471449503 ) ) ;
#2401 = CARTESIAN_POINT ( 'NONE',  ( 36.92603145857229663, -2.252904122194837474E-15, 14.35889141196239649 ) ) ;
#2402 = CARTESIAN_POINT ( 'NONE',  ( -31.59972178232147400, 18.98454206046424986, 1.725748986759920056 ) ) ;
#2403 = CARTESIAN_POINT ( 'NONE',  ( -34.88139804978386849, 10.36793716495176909, 24.58155834860386335 ) ) ;
#2404 = CARTESIAN_POINT ( 'NONE',  ( -31.42522786761209375, 20.38201185869332832, 1.160940795728310215 ) ) ;
#2405 = CARTESIAN_POINT ( 'NONE',  ( -33.19192750837530781, 21.88949174005649212, -7.311508834394086165 ) ) ;
#2406 = CARTESIAN_POINT ( 'NONE',  ( -30.13930569205898991, 21.54928692239246857, 0.6939502168903115553 ) ) ;
#2407 = AXIS2_PLACEMENT_3D ( 'NONE', #1290, #2521, #388 ) ;
#2408 = EDGE_LOOP ( 'NONE', ( #971, #2154, #2124, #97, #759, #2164, #612, #582, #193, #666 ) ) ;
#2409 = CARTESIAN_POINT ( 'NONE',  ( -34.91543468797928540, 18.68053166669284693, -8.655627098252061558 ) ) ;
#2410 = CARTESIAN_POINT ( 'NONE',  ( -30.69445945249534802, 22.41836892871789644, -1.200308808053443488E-05 ) ) ;
#2411 = FACE_OUTER_BOUND ( 'NONE', #1169, .T. ) ;
#2412 = CARTESIAN_POINT ( 'NONE',  ( -30.61884060882578495, 20.74527228657689193, -1.119414398695652846 ) ) ;
#2413 = CARTESIAN_POINT ( 'NONE',  ( -30.37858763491608727, 21.91005041002699016, 6.999920847044612593 ) ) ;
#2414 = ORIENTED_EDGE ( 'NONE', *, *, #2302, .F. ) ;
#2415 =( BOUNDED_SURFACE ( )  B_SPLINE_SURFACE ( 3, 2, ( 
 ( #1149, #2012, #487 ),
 ( #1135, #75, #1174 ),
 ( #2214, #2239, #963 ),
 ( #724, #1771, #1789 ),
 ( #752, #1559, #2471 ),
 ( #910, #2617, #1814 ),
 ( #502, #2632, #2445 ),
 ( #1829, #516, #1366 ),
 ( #709, #316, #1380 ),
 ( #287, #2421, #1353 ),
 ( #2201, #544, #89 ),
 ( #2669, #762, #939 ),
 ( #58, #329, #2658 ),
 ( #1801, #1405, #2644 ),
 ( #738, #2227, #302 ),
 ( #2027, #102, #952 ) ),
 .UNSPECIFIED., .F., .F., .T. ) 
 B_SPLINE_SURFACE_WITH_KNOTS ( ( 4, 2, 2, 2, 2, 2, 2, 4 ),
 ( 3, 3 ),
 ( 0.000000000000000000, 0.0002508289897072113993, 0.0005016579794144227986, 0.0007524869691216341978, 0.0008779014639752398975, 0.001003315958828845597, 0.001504973938243268396, 0.002006631917657691194 ),
 ( 0.000000000000000000, 1.000000000000000000 ),
 .UNSPECIFIED. ) 
 GEOMETRIC_REPRESENTATION_ITEM ( )  RATIONAL_B_SPLINE_SURFACE ( (
 ( 1.000000000000000000, 0.8741536788870453156, 1.000000000000000000),
 ( 1.000000000000000000, 0.8770424672502634689, 1.000000000000000000),
 ( 1.000000000000000000, 0.8787818413540967599, 1.000000000000000000),
 ( 1.000000000000000000, 0.8802436295925309961, 1.000000000000000000),
 ( 1.000000000000000000, 0.8798162264886320028, 1.000000000000000000),
 ( 1.000000000000000000, 0.8768250817090850191, 1.000000000000000000),
 ( 1.000000000000000000, 0.8741276166713958240, 1.000000000000000000),
 ( 1.000000000000000000, 0.8687334755647042606, 1.000000000000000000),
 ( 1.000000000000000000, 0.8665816326847112228, 1.000000000000000000),
 ( 1.000000000000000000, 0.8620720771945894478, 1.000000000000000000),
 ( 1.000000000000000000, 0.8596262596103879661, 1.000000000000000000),
 ( 1.000000000000000000, 0.8453664016341365661, 1.000000000000000000),
 ( 1.000000000000000000, 0.8315557581718467928, 1.000000000000000000),
 ( 1.000000000000000000, 0.7969618036960887109, 1.000000000000000000),
 ( 1.000000000000000000, 0.7782487634522714526, 1.000000000000000000),
 ( 1.000000000000000000, 0.7574310159465675873, 1.000000000000000000) ) ) 
 REPRESENTATION_ITEM ( '' )  SURFACE ( )  );
#2416 = CARTESIAN_POINT ( 'NONE',  ( 35.71878032697709671, 17.18450006625664983, -0.9415779697192595554 ) ) ;
#2417 = CARTESIAN_POINT ( 'NONE',  ( -29.29861331658167245, 23.50425514259332260, -7.165734636468250152 ) ) ;
#2418 = CARTESIAN_POINT ( 'NONE',  ( -34.87722088107423701, 19.11117823718454645, -7.271577285362167409 ) ) ;
#2419 = CARTESIAN_POINT ( 'NONE',  ( -33.31913118202552937, 19.91572124393363552, 8.999906430306982230 ) ) ;
#2420 = EDGE_CURVE ( 'NONE', #2352, #899, #441, .T. ) ;
#2421 = CARTESIAN_POINT ( 'NONE',  ( -33.29705146833217100, 21.45359132214298015, 8.280208499494024821 ) ) ;
#2422 = DIRECTION ( 'NONE',  ( 0.01951007081445130589, 0.004223872104900642903, 0.9998007381679895333 ) ) ;
#2423 = CARTESIAN_POINT ( 'NONE',  ( 34.49372594629127065, 17.18450006625664273, 13.83765777520339668 ) ) ;
#2424 = CARTESIAN_POINT ( 'NONE',  ( -30.37855319559427159, 21.91005041002700082, -7.000079152955389183 ) ) ;
#2425 = CARTESIAN_POINT ( 'NONE',  ( -35.14689878370244713, 18.36070379764764127, 8.351408563205120927 ) ) ;
#2426 = B_SPLINE_CURVE_WITH_KNOTS ( 'NONE', 3,
 ( #873, #2579, #2138, #211, #1067, #859 ),
 .UNSPECIFIED., .F., .F.,
 ( 4, 2, 4 ),
 ( 0.000000000000000000, 0.001203758336218102055, 0.002407516672436204111 ),
 .UNSPECIFIED. ) ;
#2427 = CARTESIAN_POINT ( 'NONE',  ( -35.29597347808176977, 18.17054485359173910, -8.078388433470804486 ) ) ;
#2428 = CARTESIAN_POINT ( 'NONE',  ( -31.42522786787254319, 19.33031271635251613, 1.222915178353908949 ) ) ;
#2429 = CARTESIAN_POINT ( 'NONE',  ( -32.75875599124886151, 21.78960241706380074, -7.698076926374020523 ) ) ;
#2430 = VERTEX_POINT ( 'NONE', #1973 ) ;
#2431 = CARTESIAN_POINT ( 'NONE',  ( -26.06771134873115159, 27.00000000000000000, 15.73819086349167229 ) ) ;
#2432 = CARTESIAN_POINT ( 'NONE',  ( -30.33452911849854772, 21.89499082083263914, -7.283844450881841404 ) ) ;
#2433 = CARTESIAN_POINT ( 'NONE',  ( -31.42522786832946480, 19.70056349505446036, 1.273412960691501450 ) ) ;
#2434 = CARTESIAN_POINT ( 'NONE',  ( -31.42522784063651287, 19.66011356327625492, -1.767592074299178195 ) ) ;
#2435 = CARTESIAN_POINT ( 'NONE',  ( -19.62833234019134565, 17.18450006625664983, 33.84601410762250850 ) ) ;
#2436 = DIRECTION ( 'NONE',  ( 1.000000000000000000, 2.891205793294662056E-15, 1.445602896647331028E-15 ) ) ;
#2437 = CARTESIAN_POINT ( 'NONE',  ( -32.75843890327028873, 21.89542166242836529, -7.278588220396553510 ) ) ;
#2438 = CARTESIAN_POINT ( 'NONE',  ( -33.33989968990140085, 21.91005041002699016, 2.333252712216089986 ) ) ;
#2439 = LINE ( 'NONE', #2626, #562 ) ;
#2440 = ORIENTED_EDGE ( 'NONE', *, *, #1865, .F. ) ;
#2441 = CARTESIAN_POINT ( 'NONE',  ( -12.93603525637460194, 27.00000000000000355, 27.20099467692826423 ) ) ;
#2442 = CARTESIAN_POINT ( 'NONE',  ( -30.35105173485993646, 21.91005041002700793, -7.142602682936765923 ) ) ;
#2443 = CARTESIAN_POINT ( 'NONE',  ( -31.42522784559858451, 19.84192218942856201, -1.222757444854319475 ) ) ;
#2444 = CARTESIAN_POINT ( 'NONE',  ( -33.99397835590764316, 20.32566499770247148, -8.320388909801446076 ) ) ;
#2445 = CARTESIAN_POINT ( 'NONE',  ( -32.78567521702768062, 21.61039542114702883, 8.061710306685480276 ) ) ;
#2446 = CARTESIAN_POINT ( 'NONE',  ( -31.49183818209388264, 19.16115244708471721, -1.996219251740452671 ) ) ;
#2447 = CARTESIAN_POINT ( 'NONE',  ( 33.28139125995625136, 6.572996832456838412, -24.58154408882184683 ) ) ;
#2448 = CARTESIAN_POINT ( 'NONE',  ( -31.49230975556260859, 19.59734162428532045, -8.990034608587269105 ) ) ;
#2449 = CARTESIAN_POINT ( 'NONE',  ( -31.90651090013603408, 19.16350379702181428, -8.855562321963541095 ) ) ;
#2450 = CARTESIAN_POINT ( 'NONE',  ( -30.43257379574626853, 18.89440015674785300, -10.89155316067207302 ) ) ;
#2451 = CARTESIAN_POINT ( 'NONE',  ( -28.68379032833988163, 21.69493332367574112, 10.34837343449144598 ) ) ;
#2452 = ORIENTED_EDGE ( 'NONE', *, *, #330, .T. ) ;
#2453 = CARTESIAN_POINT ( 'NONE',  ( -31.42522786863470685, 19.64888526432608629, 1.306606800553978154 ) ) ;
#2454 = CARTESIAN_POINT ( 'NONE',  ( -30.80265778277764355, 10.36793716495175843, -29.97464097803622352 ) ) ;
#2455 = ADVANCED_FACE ( 'NONE', ( #881 ), #2359, .T. ) ;
#2456 = CARTESIAN_POINT ( 'NONE',  ( -30.50000960556495500, 21.91005041002700082, -7.000079152955385631 ) ) ;
#2457 = CARTESIAN_POINT ( 'NONE',  ( -32.44332246701851830, 17.44739085535692880, 1.306404533950909181E-06 ) ) ;
#2458 = CARTESIAN_POINT ( 'NONE',  ( -33.42167487647715518, 21.49113464812964480, -7.441552209966381781 ) ) ;
#2459 = CARTESIAN_POINT ( 'NONE',  ( -30.02182491288233024, 23.47063778671426704, -1.536111618756025188E-05 ) ) ;
#2460 = CARTESIAN_POINT ( 'NONE',  ( -31.32393868981654705, 19.78633591148716420, -1.440404595079524119 ) ) ;
#2461 = CARTESIAN_POINT ( 'NONE',  ( -8.995514340610919035, 6.572996832456834859, 38.76571729070615646 ) ) ;
#2462 = CARTESIAN_POINT ( 'NONE',  ( -32.17935817254647191, 18.61546124706926264, -8.529659511957332185 ) ) ;
#2463 = CARTESIAN_POINT ( 'NONE',  ( -32.36184058770382421, 18.52954696038497318, -8.447324444719257031 ) ) ;
#2464 = CARTESIAN_POINT ( 'NONE',  ( -29.27515641655021739, 23.27651565092219599, -7.797649654829869270 ) ) ;
#2465 = VERTEX_POINT ( 'NONE', #2672 ) ;
#2466 = EDGE_CURVE ( 'NONE', #1052, #236, #1334, .T. ) ;
#2467 = CARTESIAN_POINT ( 'NONE',  ( 37.80138171522819590, 10.36793716495175133, 9.174659621813704646 ) ) ;
#2468 = B_SPLINE_CURVE_WITH_KNOTS ( 'NONE', 3,
 ( #2565, #2152, #2756, #1687, #1672, #1253, #2113, #1066, #1903, #844, #2335, #2524 ),
 .UNSPECIFIED., .F., .F.,
 ( 4, 1, 1, 1, 1, 1, 1, 1, 1, 4 ),
 ( 0.4651539034994956467, 0.4826125518207453613, 0.5337070257205457358, 0.5845973860240318842, 0.6345359032002870769, 0.6828972361162619631, 0.7294512038193692316, 0.7804422714834720054, 0.8323609919778169886, 0.8591923853024776569 ),
 .UNSPECIFIED. ) ;
#2469 = CARTESIAN_POINT ( 'NONE',  ( -31.42522786787250411, 20.03589400436164425, 1.222915178355681531 ) ) ;
#2470 = CARTESIAN_POINT ( 'NONE',  ( -31.66746931201903337, 18.88126273605957905, -1.374123686953474088 ) ) ;
#2471 = CARTESIAN_POINT ( 'NONE',  ( -32.75550579145625818, 21.79357880604555220, 7.686581495483743254 ) ) ;
#2472 = FACE_OUTER_BOUND ( 'NONE', #685, .T. ) ;
#2473 = CARTESIAN_POINT ( 'NONE',  ( 18.89666641139919179, 6.572996832456838412, 36.17793804999100615 ) ) ;
#2474 = CARTESIAN_POINT ( 'NONE',  ( -32.50223054789356070, 18.20306032307924227, -8.050273263804868407 ) ) ;
#2475 = CARTESIAN_POINT ( 'NONE',  ( -33.26777786442153939, 21.52517502169369834, -8.191687340763152747 ) ) ;
#2476 = CARTESIAN_POINT ( 'NONE',  ( -31.98237728220975384, 18.26187311784412159, 10.55517238068819807 ) ) ;
#2477 = ADVANCED_FACE ( 'NONE', ( #1989 ), #966, .T. ) ;
#2478 = ORIENTED_EDGE ( 'NONE', *, *, #2674, .F. ) ;
#2479 = CARTESIAN_POINT ( 'NONE',  ( -0.8000554637952123072, 10.36793716495176376, -39.13099369988315601 ) ) ;
#2480 = CARTESIAN_POINT ( 'NONE',  ( -29.35860072461868242, 22.63324913058585253, -9.324437875053044777 ) ) ;
#2481 = PRESENTATION_STYLE_ASSIGNMENT (( #113 ) ) ;
#2482 = CARTESIAN_POINT ( 'NONE',  ( -33.31913118202552937, 19.91572124393363552, 8.999906430306982230 ) ) ;
#2483 = PLANE ( 'NONE',  #1834 ) ;
#2484 = CARTESIAN_POINT ( 'NONE',  ( 35.37796036060550620, 6.572996832456839300, -19.69673491304502733 ) ) ;
#2485 = CARTESIAN_POINT ( 'NONE',  ( -30.18151667678653283, 21.45428531166929886, -1.334022305492879035 ) ) ;
#2486 = CARTESIAN_POINT ( 'NONE',  ( -31.76413909802701241, 19.37218211615260799, -8.926691645668165975 ) ) ;
#2487 = VECTOR ( 'NONE', #174, 1000.000000000000000 ) ;
#2488 = CARTESIAN_POINT ( 'NONE',  ( -33.89540660480265188, 20.28980058962069322, -8.995665497136224431 ) ) ;
#2489 = ORIENTED_EDGE ( 'NONE', *, *, #44, .F. ) ;
#2490 = CARTESIAN_POINT ( 'NONE',  ( 36.92566839022032354, 6.572996832456838412, -14.36089281733750767 ) ) ;
#2491 = CARTESIAN_POINT ( 'NONE',  ( -32.42668572408410910, 17.47999999999989029, -1.498076001702520088 ) ) ;
#2492 = CARTESIAN_POINT ( 'NONE',  ( -31.95102207443328979, 17.41605129928903040, 7.693383785078559356 ) ) ;
#2493 = CARTESIAN_POINT ( 'NONE',  ( -29.65000814029830423, 23.47063778671423862, 5.179447793436274594 ) ) ;
#2494 = CARTESIAN_POINT ( 'NONE',  ( -32.38605964346877641, 21.78960241706380074, -7.698076926374020523 ) ) ;
#2495 = CARTESIAN_POINT ( 'NONE',  ( -39.56579527270746865, 6.572996832456839300, 8.196988204272777523 ) ) ;
#2496 = CARTESIAN_POINT ( 'NONE',  ( -31.59969294997477718, 18.98585479938618548, 1.705376750301773603 ) ) ;
#2497 = CARTESIAN_POINT ( 'NONE',  ( -31.69080263477448867, 19.48161065935007841, -8.954026834766290577 ) ) ;
#2498 = CARTESIAN_POINT ( 'NONE',  ( -33.70244385126952835, 19.89813504389600141, -9.000035220713755280 ) ) ;
#2499 = EDGE_LOOP ( 'NONE', ( #1766, #212, #2698, #461, #842 ) ) ;
#2500 = CARTESIAN_POINT ( 'NONE',  ( -39.56579527270744734, -4.783603680622287399E-16, 8.196988204272775747 ) ) ;
#2501 = CARTESIAN_POINT ( 'NONE',  ( 42.87813405840697811, 19.91005041002700082, -7.000079152955389183 ) ) ;
#2502 = CARTESIAN_POINT ( 'NONE',  ( -30.02182491288233024, 23.47063778671426704, -1.536111618756025188E-05 ) ) ;
#2503 = CARTESIAN_POINT ( 'NONE',  ( -34.21616393147007074, 18.71005041002700153, -7.000079152955388295 ) ) ;
#2504 = CARTESIAN_POINT ( 'NONE',  ( -8.995514340610906601, -6.588797663211385419E-15, 38.76571729070615646 ) ) ;
#2505 = CARTESIAN_POINT ( 'NONE',  ( -32.89495858006009144, 17.92386603357104491, 7.272522371246092909 ) ) ;
#2506 = CARTESIAN_POINT ( 'NONE',  ( 28.78125038593514873, 27.00000000000000355, -3.508444522209928529 ) ) ;
#2507 = CARTESIAN_POINT ( 'NONE',  ( -31.47256934126786732, 19.31377249491254133, 1.503854437571598979 ) ) ;
#2508 = CARTESIAN_POINT ( 'NONE',  ( -24.10365219240610202, 27.00000000000001066, -18.53788697698095334 ) ) ;
#2509 = CARTESIAN_POINT ( 'NONE',  ( -29.33660912210361360, 23.43128106852794090, -7.011428486879641042 ) ) ;
#2510 = CARTESIAN_POINT ( 'NONE',  ( -33.44160327825765222, 17.62219155634130985, 8.663121047698080423E-07 ) ) ;
#2511 = EDGE_CURVE ( 'NONE', #1158, #1915, #2716, .T. ) ;
#2512 = ORIENTED_EDGE ( 'NONE', *, *, #2754, .T. ) ;
#2513 = CARTESIAN_POINT ( 'NONE',  ( 35.37796036060549199, -8.954695024060886978E-16, -19.69673491304502733 ) ) ;
#2514 = CARTESIAN_POINT ( 'NONE',  ( -30.33792510787007402, 21.15969609044394062, 1.892691905591491253 ) ) ;
#2515 =( NAMED_UNIT ( * ) PLANE_ANGLE_UNIT ( ) SI_UNIT ( $, .RADIAN. ) );
#2516 = CARTESIAN_POINT ( 'NONE',  ( -34.88255401623617757, 19.10147929799633815, 7.274685451019225368 ) ) ;
#2517 = CARTESIAN_POINT ( 'NONE',  ( -25.36365792774720518, -5.561522837168020093E-15, 34.08800727911783923 ) ) ;
#2518 = CARTESIAN_POINT ( 'NONE',  ( -30.96125000813905714, 20.44379506421810433, 8.931403157450560570 ) ) ;
#2519 = CARTESIAN_POINT ( 'NONE',  ( 26.40098639100142108, 27.00000000000000355, -12.13670875702087315 ) ) ;
#2520 = CARTESIAN_POINT ( 'NONE',  ( -33.88613737827749617, 20.26108083515424241, -8.683022359621693553 ) ) ;
#2521 = DIRECTION ( 'NONE',  ( 0.000000000000000000, -1.000000000000000000, 2.423236642158953265E-16 ) ) ;
#2522 = ORIENTED_EDGE ( 'NONE', *, *, #2206, .F. ) ;
#2523 = CARTESIAN_POINT ( 'NONE',  ( 38.20000053929233985, -5.061111585812849796E-16, -0.9675849595350546339 ) ) ;
#2524 = CARTESIAN_POINT ( 'NONE',  ( -28.21050554541360356, 23.00841012366059246, 8.554378172843843942 ) ) ;
#2525 = CARTESIAN_POINT ( 'NONE',  ( -31.26802009212416422, 19.59501596841940696, -1.560560828373893871 ) ) ;
#2526 = EDGE_LOOP ( 'NONE', ( #1891, #1669, #1110, #1320, #1466, #1144, #1689, #1732, #2414, #656, #1037 ) ) ;
#2527 = CIRCLE ( 'NONE', #337, 2.000000000000000000 ) ;
#2528 = CARTESIAN_POINT ( 'NONE',  ( -34.75130769333966896, 20.27006748188483343, 3.292247242344084434E-07 ) ) ;
#2529 = LINE ( 'NONE', #150, #2487 ) ;
#2530 = CARTESIAN_POINT ( 'NONE',  ( 42.87813405840697811, 17.91005041002699372, 6.999920847044609928 ) ) ;
#2531 = CARTESIAN_POINT ( 'NONE',  ( -32.38092049341506851, 18.50433372430601864, -8.422847338041021814 ) ) ;
#2532 = CARTESIAN_POINT ( 'NONE',  ( 27.96368179571675583, 27.00000000000000000, 8.079415264747803249 ) ) ;
#2533 = CARTESIAN_POINT ( 'NONE',  ( -33.79009409380770279, 21.52337425100624912, -4.749183926911126008 ) ) ;
#2534 = CARTESIAN_POINT ( 'NONE',  ( -29.74607121276019228, 21.26949801578640020, -7.420116324467120883 ) ) ;
#2535 = VECTOR ( 'NONE', #1978, 1000.000000000000000 ) ;
#2536 = CARTESIAN_POINT ( 'NONE',  ( -31.17915599295363904, 20.08292622645387837, 8.996193579353738201 ) ) ;
#2537 = ORIENTED_EDGE ( 'NONE', *, *, #176, .F. ) ;
#2538 = CARTESIAN_POINT ( 'NONE',  ( 13.55904588468191463, 6.572996832456836636, -37.72607904215553276 ) ) ;
#2539 = B_SPLINE_CURVE_WITH_KNOTS ( 'NONE', 3,
 ( #785, #175, #573, #1849, #2295, #2310, #823, #2683, #1626, #371, #1459, #1025, #1870, #1432, #2485, #2063, #141, #2719 ),
 .UNSPECIFIED., .F., .F.,
 ( 4, 2, 2, 2, 2, 2, 2, 2, 4 ),
 ( 0.000000000000000000, 0.0004897904606920463989, 0.0009795809213840880273, 0.001469371382076129547, 0.001959161842768171284, 0.002448952303460213021, 0.002938742764152254324, 0.003428533224844296061, 0.003918323685536337364 ),
 .UNSPECIFIED. ) ;
#2540 = CARTESIAN_POINT ( 'NONE',  ( -30.50002964684139073, 21.91005041002699372, 6.999920847044613481 ) ) ;
#2541 = ORIENTED_EDGE ( 'NONE', *, *, #2611, .T. ) ;
#2542 = CARTESIAN_POINT ( 'NONE',  ( -33.29183223256437429, 17.91005041002698661, 1.960970407865516169E-07 ) ) ;
#2543 = CARTESIAN_POINT ( 'NONE',  ( -33.70220149362017992, 18.92864863944680565, -8.747486733219355770 ) ) ;
#2544 = CARTESIAN_POINT ( 'NONE',  ( -31.78319791114385495, 19.34406418462879174, 8.918475356461391002 ) ) ;
#2545 = CARTESIAN_POINT ( 'NONE',  ( -31.48495269639835215, 17.59327700453871657, 9.640916062075829629 ) ) ;
#2546 = CARTESIAN_POINT ( 'NONE',  ( 34.49345443709609071, 17.18450006625664983, -13.83920482500840166 ) ) ;
#2547 = CARTESIAN_POINT ( 'NONE',  ( -31.74425025469573214, 19.22400726331914100, 9.350544391401179212 ) ) ;
#2548 = CYLINDRICAL_SURFACE ( 'NONE', #1096, 6.200000000000001066 ) ;
#2549 = VERTEX_POINT ( 'NONE', #1817 ) ;
#2550 = CARTESIAN_POINT ( 'NONE',  ( -38.52608575978458560, -1.103892738492089398E-15, -14.35903646751471108 ) ) ;
#2551 = CARTESIAN_POINT ( 'NONE',  ( -33.51437792876451027, 17.47999999999987608, 1.190049306112215523E-06 ) ) ;
#2552 = CARTESIAN_POINT ( 'NONE',  ( -31.42522784658321910, 20.45809060843598459, -1.103880451927078177 ) ) ;
#2553 = VERTEX_POINT ( 'NONE', #712 ) ;
#2554 = EDGE_CURVE ( 'NONE', #1344, #779, #266, .T. ) ;
#2555 = CARTESIAN_POINT ( 'NONE',  ( -33.29183244402072006, 17.91005041002698661, -2.333360169330741307 ) ) ;
#2556 = CARTESIAN_POINT ( 'NONE',  ( 7.396988043970688764, -5.462972816694893280E-16, 38.76579530383208549 ) ) ;
#2557 = CARTESIAN_POINT ( 'NONE',  ( -31.02075775618156683, 20.55024412495277275, 8.894693189219996299 ) ) ;
#2558 = CARTESIAN_POINT ( 'NONE',  ( -31.64835846961175392, 17.47999999999989029, 9.106514658448796595 ) ) ;
#2559 = CARTESIAN_POINT ( 'NONE',  ( 26.40096827949771097, 26.99999999999999289, 12.13670360452762687 ) ) ;
#2560 = CARTESIAN_POINT ( 'NONE',  ( -30.33612849230478758, 21.16299351835081310, 1.888509634831409212 ) ) ;
#2561 = CARTESIAN_POINT ( 'NONE',  ( -29.38715417325173718, 21.24903194538399376, -9.222814958247196770 ) ) ;
#2562 = CARTESIAN_POINT ( 'NONE',  ( -34.02931414660710630, 21.51591762633668736, -2.369394479447007651 ) ) ;
#2563 = CARTESIAN_POINT ( 'NONE',  ( -31.87717640099056737, 19.02804627978337848, 8.798985853457063300 ) ) ;
#2564 = ORIENTED_EDGE ( 'NONE', *, *, #2206, .T. ) ;
#2565 = CARTESIAN_POINT ( 'NONE',  ( -30.11409456644820182, 19.36289836397006070, 10.96094221193214935 ) ) ;
#2566 = CARTESIAN_POINT ( 'NONE',  ( -33.32107356713942892, 19.91005041002700082, -9.000079152955386519 ) ) ;
#2567 = ORIENTED_EDGE ( 'NONE', *, *, #861, .F. ) ;
#2568 = DIRECTION ( 'NONE',  ( 1.000000000000000000, 2.891205793294662056E-15, 1.445602896647331028E-15 ) ) ;
#2569 = CARTESIAN_POINT ( 'NONE',  ( -30.04606833867486770, 21.19534580607648522, -10.62765997222722802 ) ) ;
#2570 = CARTESIAN_POINT ( 'NONE',  ( -30.77953502564264809, 20.98388272386005582, 8.688443386373073452 ) ) ;
#2571 = CARTESIAN_POINT ( 'NONE',  ( -32.56793051778352321, 17.59338628054342735, -9.641304701014972167 ) ) ;
#2572 = CARTESIAN_POINT ( 'NONE',  ( 7.161787090835614045, 17.18450006625664983, -36.28993389532614344 ) ) ;
#2573 = CARTESIAN_POINT ( 'NONE',  ( -30.60063355043800826, 20.77912122359194314, 1.045077410173270716 ) ) ;
#2574 = CARTESIAN_POINT ( 'NONE',  ( -34.08109285727229576, 20.18324969395593627, 8.321097323298177528 ) ) ;
#2575 = CARTESIAN_POINT ( 'NONE',  ( -33.45079537644342338, 21.53267847639376242, -7.109372740011859371 ) ) ;
#2576 = CARTESIAN_POINT ( 'NONE',  ( -32.17333025866129503, 18.61629326153907371, 8.530275646480344420 ) ) ;
#2577 = ORIENTED_EDGE ( 'NONE', *, *, #2554, .T. ) ;
#2578 = CARTESIAN_POINT ( 'NONE',  ( -31.35038560393411444, 19.45267373946530753, 1.470464786158413917 ) ) ;
#2579 = CARTESIAN_POINT ( 'NONE',  ( -28.31389018978409666, 23.47063778671423151, -6.607330298025884119 ) ) ;
#2580 = VERTEX_POINT ( 'NONE', #106 ) ;
#2581 = CARTESIAN_POINT ( 'NONE',  ( 18.03318181436675260, 17.18450006625665338, -33.84461388394795733 ) ) ;
#2582 = FACE_OUTER_BOUND ( 'NONE', #1224, .T. ) ;
#2583 = CARTESIAN_POINT ( 'NONE',  ( -30.59115401993987149, 20.81768604880081242, -0.2359532993290086311 ) ) ;
#2584 = CARTESIAN_POINT ( 'NONE',  ( -30.48249746718993691, 21.64989366652562452, 7.986902375921012265 ) ) ;
#2585 = CARTESIAN_POINT ( 'NONE',  ( -30.77464338731230242, -2.030688490204730847E-15, 30.00265458205153379 ) ) ;
#2586 = EDGE_CURVE ( 'NONE', #2292, #435, #904, .T. ) ;
#2587 = CARTESIAN_POINT ( 'NONE',  ( -38.52608575978459271, 10.36793716495176021, -14.35903646751469687 ) ) ;
#2588 = DIRECTION ( 'NONE',  ( 1.000000000000000000, -0.000000000000000000, -0.000000000000000000 ) ) ;
#2589 = CARTESIAN_POINT ( 'NONE',  ( -33.49836167411231003, 19.43690717911157151, 8.959155545328721715 ) ) ;
#2590 = B_SPLINE_CURVE_WITH_KNOTS ( 'NONE', 3,
 ( #1959, #664, #714, #206 ),
 .UNSPECIFIED., .F., .F.,
 ( 4, 4 ),
 ( 0.000000000000000000, 0.007113864657306101166 ),
 .UNSPECIFIED. ) ;
#2591 = EDGE_CURVE ( 'NONE', #1508, #1400, #979, .T. ) ;
#2592 = ORIENTED_EDGE ( 'NONE', *, *, #1960, .T. ) ;
#2593 = CARTESIAN_POINT ( 'NONE',  ( -30.95111712715699070, 20.67107232943058293, -8.849765886999355402 ) ) ;
#2594 = CARTESIAN_POINT ( 'NONE',  ( -29.30019146085096082, 22.96418471016166407, 8.662429086403641065 ) ) ;
#2595 = ORIENTED_EDGE ( 'NONE', *, *, #2270, .T. ) ;
#2596 = CARTESIAN_POINT ( 'NONE',  ( -37.08997135729020300, 17.18450006625665338, 7.963448058419126951 ) ) ;
#2597 = CARTESIAN_POINT ( 'NONE',  ( -31.42522784559858451, 19.84192218942856201, -1.222757444854319475 ) ) ;
#2598 = CARTESIAN_POINT ( 'NONE',  ( -34.21616393147008495, 17.91005041002699372, -7.000079152955385631 ) ) ;
#2599 = CARTESIAN_POINT ( 'NONE',  ( -31.74958156774388485, 19.39397744959391900, 8.932268293221367728 ) ) ;
#2600 = FACE_OUTER_BOUND ( 'NONE', #1554, .T. ) ;
#2601 = CARTESIAN_POINT ( 'NONE',  ( -31.59971872580059937, 18.98456882554578584, -1.725559756888431551 ) ) ;
#2602 = CARTESIAN_POINT ( 'NONE',  ( -8.996988473429878397, 10.36793716495175666, -38.76579547544031357 ) ) ;
#2603 = CARTESIAN_POINT ( 'NONE',  ( -31.42522786331876361, 20.63288672494288534, 0.7229151783556826416 ) ) ;
#2604 = CARTESIAN_POINT ( 'NONE',  ( -32.76674780254197827, 21.91005041002699016, -7.138526078724054535 ) ) ;
#2605 = CARTESIAN_POINT ( 'NONE',  ( -31.50776702554689024, 19.19617259185678648, 1.574352219875426062 ) ) ;
#2606 = VERTEX_POINT ( 'NONE', #1445 ) ;
#2607 = EDGE_CURVE ( 'NONE', #417, #182, #2274, .T. ) ;
#2608 = CARTESIAN_POINT ( 'NONE',  ( -32.98119949832121023, 20.89447369433676016, -8.759918499704816952 ) ) ;
#2609 = CARTESIAN_POINT ( 'NONE',  ( -30.67919107061520378, 20.63355517941670314, -1.342766597195761413 ) ) ;
#2610 = VERTEX_POINT ( 'NONE', #1894 ) ;
#2611 = EDGE_CURVE ( 'NONE', #2465, #2430, #2539, .T. ) ;
#2612 = CARTESIAN_POINT ( 'NONE',  ( -8.761790493781406397, 17.18450006625664983, 36.28993131774513614 ) ) ;
#2613 = CARTESIAN_POINT ( 'NONE',  ( -32.59489272446095498, 19.27963488975228401, -2.897805459962287051E-06 ) ) ;
#2614 = CARTESIAN_POINT ( 'NONE',  ( -31.42522785892940718, 20.63288672494366693, 0.2413592046780057288 ) ) ;
#2615 = CARTESIAN_POINT ( 'NONE',  ( -31.42522791697978946, 19.78835287502250040, 1.233212281792296805 ) ) ;
#2616 = CIRCLE ( 'NONE', #1777, 0.5000000000000002220 ) ;
#2617 = CARTESIAN_POINT ( 'NONE',  ( -33.20665887149644391, 21.70869956512585475, 7.884566045239377097 ) ) ;
#2618 = CARTESIAN_POINT ( 'NONE',  ( -32.76396769085702232, 21.89459723854757200, 7.285842817868473098 ) ) ;
#2619 = CARTESIAN_POINT ( 'NONE',  ( 18.04186303062177998, 17.18450006625665338, 33.84181389509787863 ) ) ;
#2620 = CARTESIAN_POINT ( 'NONE',  ( -31.07170200358594414, 21.28378213959626919, 5.536522589714977016 ) ) ;
#2621 = CARTESIAN_POINT ( 'NONE',  ( -33.42324616308008700, 21.49887067371277993, -7.403262948548691824 ) ) ;
#2622 = CARTESIAN_POINT ( 'NONE',  ( -31.48644500365544019, 19.26338079652772350, 1.533854120046852065 ) ) ;
#2623 = CARTESIAN_POINT ( 'NONE',  ( -34.58768804053588752, 19.43940673840936739, -7.940122948814562598 ) ) ;
#2624 = CARTESIAN_POINT ( 'NONE',  ( -31.82962840102776525, 18.46130258423159631, 10.68969386418917011 ) ) ;
#2625 = CARTESIAN_POINT ( 'NONE',  ( -31.67081266438517773, 18.88155526147119190, 1.228845180126050041 ) ) ;
#2626 = CARTESIAN_POINT ( 'NONE',  ( 42.87813405840697811, 21.91005041002699372, -7.000079152955389183 ) ) ;
#2627 = ORIENTED_EDGE ( 'NONE', *, *, #743, .T. ) ;
#2628 = CARTESIAN_POINT ( 'NONE',  ( 17.75029773891473539, 26.99999999999999645, 23.29320854910542593 ) ) ;
#2629 = CARTESIAN_POINT ( 'NONE',  ( -32.27883457707711301, 19.25690770738457402, -5.652601846477293357 ) ) ;
#2630 = CARTESIAN_POINT ( 'NONE',  ( -31.64798180184368093, 18.90964043496601832, -1.512492675503340545 ) ) ;
#2631 = CARTESIAN_POINT ( 'NONE',  ( -33.44753336568497559, 21.36497946431022754, 7.753402152394852642 ) ) ;
#2632 = CARTESIAN_POINT ( 'NONE',  ( -33.22313774758661253, 21.65233687509728355, 7.992274437271610132 ) ) ;
#2633 = FACE_OUTER_BOUND ( 'NONE', #1809, .T. ) ;
#2634 = CARTESIAN_POINT ( 'NONE',  ( -0.8000554637952123072, 10.36793716495176376, -39.13099369988315601 ) ) ;
#2635 = CARTESIAN_POINT ( 'NONE',  ( -31.02874340547043630, 20.31756698529234484, -9.016210197489728628 ) ) ;
#2636 = CARTESIAN_POINT ( 'NONE',  ( -34.83451655662357638, 19.14215200936784100, 7.448241008288612797 ) ) ;
#2637 = CARTESIAN_POINT ( 'NONE',  ( -34.21616393147009916, 17.91005041002700082, -7.000079152955387407 ) ) ;
#2638 = CARTESIAN_POINT ( 'NONE',  ( -33.22701347744278877, 20.16828064497869732, -8.999312926513466593 ) ) ;
#2639 = CARTESIAN_POINT ( 'NONE',  ( -33.41774141467257664, 20.36575159619144060, -9.002679639392384914 ) ) ;
#2640 = ORIENTED_EDGE ( 'NONE', *, *, #680, .F. ) ;
#2641 = CARTESIAN_POINT ( 'NONE',  ( -14.63911611071602259, 17.18450006625665694, -35.29349904211120759 ) ) ;
#2642 = CARTESIAN_POINT ( 'NONE',  ( -30.44756408175800644, 21.78810704745805182, -7.702307264146361021 ) ) ;
#2643 = CARTESIAN_POINT ( 'NONE',  ( -33.59445392034244549, 21.03102962589124303, -8.109267059402093025 ) ) ;
#2644 = CARTESIAN_POINT ( 'NONE',  ( -33.15267549766677746, 20.37628067290402001, 8.961022777903277614 ) ) ;
#2645 = EDGE_CURVE ( 'NONE', #1508, #2056, #1671, .T. ) ;
#2646 = CARTESIAN_POINT ( 'NONE',  ( -28.94090582864070171, 23.47063778671427414, -1.427246029598349314E-05 ) ) ;
#2647 = CARTESIAN_POINT ( 'NONE',  ( 38.19999999999999574, 6.572996832456838412, 5.421010862427522170E-17 ) ) ;
#2648 = DIRECTION ( 'NONE',  ( 1.000000000000000000, 3.491481338843026070E-15, 9.107482367924493495E-09 ) ) ;
#2649 = CARTESIAN_POINT ( 'NONE',  ( -34.01680618360292385, 18.21759276820111495, 8.073855876104616414 ) ) ;
#2650 = CARTESIAN_POINT ( 'NONE',  ( -34.83690626390055911, 18.79397894947729242, -8.734310401026830206 ) ) ;
#2651 = LINE ( 'NONE', #2722, #833 ) ;
#2652 = CARTESIAN_POINT ( 'NONE',  ( -31.49182914396698152, 19.16114350740249961, 1.996398623589674681 ) ) ;
#2653 = ORIENTED_EDGE ( 'NONE', *, *, #818, .F. ) ;
#2654 = CARTESIAN_POINT ( 'NONE',  ( 35.67559062398913738, 17.18450006625666049, 3.796794921070651530 ) ) ;
#2655 = CARTESIAN_POINT ( 'NONE',  ( -30.45758320509806438, 21.89499082083263914, -7.283844450881841404 ) ) ;
#2656 = CARTESIAN_POINT ( 'NONE',  ( -31.54141807804587572, 19.07973829591133352, -1.889883283275114900 ) ) ;
#2657 = CARTESIAN_POINT ( 'NONE',  ( -33.98150225097793253, 21.51757443399394631, 2.382168149630864207 ) ) ;
#2658 = CARTESIAN_POINT ( 'NONE',  ( -32.99784873131982010, 20.84613384089711019, 8.784934970354861150 ) ) ;
#2659 = CARTESIAN_POINT ( 'NONE',  ( 23.76894969407147329, 6.572996832456843741, -34.08521515132503055 ) ) ;
#2660 = CARTESIAN_POINT ( 'NONE',  ( -30.48248878252708494, 21.24701728308359705, 9.146619940923390146 ) ) ;
#2661 = CARTESIAN_POINT ( 'NONE',  ( -34.00032784407271436, 20.31531232762445072, -8.320301636607414508 ) ) ;
#2662 = EDGE_CURVE ( 'NONE', #481, #1400, #1913, .T. ) ;
#2663 = VECTOR ( 'NONE', #1499, 1000.000000000000000 ) ;
#2664 = CARTESIAN_POINT ( 'NONE',  ( -33.31913864384240753, 19.91557645038131596, -9.000064325035404877 ) ) ;
#2665 = ORIENTED_EDGE ( 'NONE', *, *, #1105, .T. ) ;
#2666 = CARTESIAN_POINT ( 'NONE',  ( -30.77464338731232019, 10.36793716495176021, 30.00265458205154445 ) ) ;
#2667 = CARTESIAN_POINT ( 'NONE',  ( -30.21065383101964130, 21.39768433135235881, 1.484676182879671735 ) ) ;
#2668 = CARTESIAN_POINT ( 'NONE',  ( -31.42522784559858451, 19.87160380349446598, -1.222757444854303488 ) ) ;
#2669 = CARTESIAN_POINT ( 'NONE',  ( -33.59733419915774277, 21.02532142633754120, 8.113358672512054781 ) ) ;
#2670 = CARTESIAN_POINT ( 'NONE',  ( -32.43818700717073966, 21.59938915748730892, 8.079353038517618657 ) ) ;
#2671 = CARTESIAN_POINT ( 'NONE',  ( 18.89666641139919179, 10.36793716495175843, 36.17793804999100615 ) ) ;
#2672 = CARTESIAN_POINT ( 'NONE',  ( -31.49183818209388264, 19.16115244708471721, -1.996219251740452671 ) ) ;
#2673 = CARTESIAN_POINT ( 'NONE',  ( -32.82284275735249679, 21.44989653519059303, -8.283848966108491751 ) ) ;
#2674 = EDGE_CURVE ( 'NONE', #222, #732, #639, .T. ) ;
#2675 = CARTESIAN_POINT ( 'NONE',  ( -33.98676998104679825, 20.33744157576887446, -8.320386649290155034 ) ) ;
#2676 = CARTESIAN_POINT ( 'NONE',  ( -32.69857525307205037, 17.49510224117690882, 9.245135005910292136 ) ) ;
#2677 = CARTESIAN_POINT ( 'NONE',  ( -31.53337268158802686, 19.09294947981748436, -1.907138564021609417 ) ) ;
#2678 = ORIENTED_EDGE ( 'NONE', *, *, #2379, .T. ) ;
#2679 = CARTESIAN_POINT ( 'NONE',  ( 35.37796036060550620, 10.36793716495176021, -19.69673491304502733 ) ) ;
#2680 = CARTESIAN_POINT ( 'NONE',  ( -33.51437792876451027, 17.47999999999987608, 1.190049306112215523E-06 ) ) ;
#2681 = CARTESIAN_POINT ( 'NONE',  ( -33.03823291377558036, 20.37782884185931565, -8.998605444166596357 ) ) ;
#2682 = CARTESIAN_POINT ( 'NONE',  ( 38.15569304257446959, -6.676183045659120691E-15, -3.901614992551778016 ) ) ;
#2683 = CARTESIAN_POINT ( 'NONE',  ( -30.73637119203165113, 20.44751438228782803, -2.408387330389264669 ) ) ;
#2684 = CARTESIAN_POINT ( 'NONE',  ( -33.66780167228918685, 20.88969527450999308, -8.193890944588723357 ) ) ;
#2685 =( BOUNDED_SURFACE ( )  B_SPLINE_SURFACE ( 3, 2, ( 
 ( #521, #2004, #2637 ),
 ( #267, #1565, #1778 ),
 ( #2017, #944, #508 ),
 ( #1385, #1167, #729 ),
 ( #31, #2427, #293 ),
 ( #1127, #1155, #458 ),
 ( #886, #1743, #681 ),
 ( #1991, #2409, #700 ),
 ( #2623, #2650, #493 ),
 ( #1322, #251, #1806 ),
 ( #916, #1358, #1111 ),
 ( #48, #80, #900 ),
 ( #1140, #1591, #1760 ),
 ( #476, #1345, #931 ),
 ( #1838, #351, #1451 ),
 ( #2675, #2488, #1616 ) ),
 .UNSPECIFIED., .F., .F., .T. ) 
 B_SPLINE_SURFACE_WITH_KNOTS ( ( 4, 2, 2, 2, 2, 2, 2, 4 ),
 ( 3, 3 ),
 ( 0.000000000000000000, 0.0002634369955207608010, 0.0005268739910415216020, 0.0007903109865622824030, 0.001053747982083043204, 0.001317184977603804005, 0.001580621973124564806, 0.002107495964166086408 ),
 ( 0.000000000000000000, 1.000000000000000000 ),
 .UNSPECIFIED. ) 
 GEOMETRIC_REPRESENTATION_ITEM ( )  RATIONAL_B_SPLINE_SURFACE ( (
 ( 1.000000000000000000, 0.5057516357213995839, 1.000000000000000000),
 ( 1.000000000000000000, 0.5099009728210989190, 1.000000000000000000),
 ( 1.000000000000000000, 0.5158802590474469429, 1.000000000000000000),
 ( 1.000000000000000000, 0.5308613095205427790, 1.000000000000000000),
 ( 1.000000000000000000, 0.5399622122562122151, 1.000000000000000000),
 ( 1.000000000000000000, 0.5598352377947479752, 1.000000000000000000),
 ( 1.000000000000000000, 0.5707205419835749138, 1.000000000000000000),
 ( 1.000000000000000000, 0.5937286235984181593, 1.000000000000000000),
 ( 1.000000000000000000, 0.6056053948673818521, 1.000000000000000000),
 ( 1.000000000000000000, 0.6298561323104141518, 1.000000000000000000),
 ( 1.000000000000000000, 0.6423192816541178907, 1.000000000000000000),
 ( 1.000000000000000000, 0.6668940156065075175, 1.000000000000000000),
 ( 1.000000000000000000, 0.6790790992100355083, 1.000000000000000000),
 ( 1.000000000000000000, 0.7153197647644387036, 1.000000000000000000),
 ( 1.000000000000000000, 0.7388503124260775712, 1.000000000000000000),
 ( 1.000000000000000000, 0.7604856668808724907, 1.000000000000000000) ) ) 
 REPRESENTATION_ITEM ( '' )  SURFACE ( )  );
#2686 = CARTESIAN_POINT ( 'NONE',  ( -30.62829659863578158, 21.02980066699620565, 8.678858639995052471 ) ) ;
#2687 = EDGE_LOOP ( 'NONE', ( #2369, #2301, #1714, #1518 ) ) ;
#2688 = EDGE_CURVE ( 'NONE', #1375, #2197, #869, .T. ) ;
#2689 = CARTESIAN_POINT ( 'NONE',  ( 29.19796490280462464, 10.36793716495175666, 29.97818308173410173 ) ) ;
#2690 = PLANE ( 'NONE',  #613 ) ;
#2691 = CARTESIAN_POINT ( 'NONE',  ( -30.59198196949985515, 21.91005041002700438, -5.833401307969574567 ) ) ;
#2692 = CARTESIAN_POINT ( 'NONE',  ( -34.70549983124415405, 19.28852965494674621, 7.746849363122566778 ) ) ;
#2693 = CARTESIAN_POINT ( 'NONE',  ( 23.78156542430928155, 6.572996832456843741, 34.08139671492535427 ) ) ;
#2694 = CARTESIAN_POINT ( 'NONE',  ( -31.41379126359721852, 19.71943985909867791, 8.994438843296560293 ) ) ;
#2695 = CARTESIAN_POINT ( 'NONE',  ( -31.49367418588321854, 19.78211262305634222, -8.996155331879510442 ) ) ;
#2696 = CARTESIAN_POINT ( 'NONE',  ( -31.19863936383882219, 19.36289792682456579, 10.96094457843783943 ) ) ;
#2697 = CIRCLE ( 'NONE', #1502, 0.8000000000000022649 ) ;
#2698 = ORIENTED_EDGE ( 'NONE', *, *, #1275, .T. ) ;
#2699 = CARTESIAN_POINT ( 'NONE',  ( 23.76894969407147329, 6.572996832456843741, -34.08521515132503055 ) ) ;
#2700 = CARTESIAN_POINT ( 'NONE',  ( -32.36829149554519347, 17.47999999999990095, -2.994292555377643605 ) ) ;
#2701 = CARTESIAN_POINT ( 'NONE',  ( -31.36824685012608427, 19.36566979090155982, -2.217617387486256586 ) ) ;
#2702 = CARTESIAN_POINT ( 'NONE',  ( -33.20225714695083497, 20.10941550536204758, 8.992783575919224504 ) ) ;
#2703 = CARTESIAN_POINT ( 'NONE',  ( -38.52571848717749248, 2.838929907793292155E-16, 14.36104515279771654 ) ) ;
#2704 = CARTESIAN_POINT ( 'NONE',  ( -32.82152732211314827, 17.98413025703147383, 7.543753736612557326 ) ) ;
#2705 = CARTESIAN_POINT ( 'NONE',  ( -34.19334492419410054, 17.91005041002699372, 7.275517914940478725 ) ) ;
#2706 = UNCERTAINTY_MEASURE_WITH_UNIT (LENGTH_MEASURE( 1.000000000000000082E-05 ), #1441, 'distance_accuracy_value', 'NONE');
#2707 = CARTESIAN_POINT ( 'NONE',  ( 28.89999999999999147, 26.99999999999999289, -1.084202172485504434E-16 ) ) ;
#2708 = CARTESIAN_POINT ( 'NONE',  ( -32.94050782187306936, 17.91005041002700082, -7.000079152955381190 ) ) ;
#2709 = CARTESIAN_POINT ( 'NONE',  ( -30.48283689365770144, 21.33322679112793097, 8.411564277915646315 ) ) ;
#2710 = ORIENTED_EDGE ( 'NONE', *, *, #412, .T. ) ;
#2711 = CARTESIAN_POINT ( 'NONE',  ( -20.49666712806055457, -1.356409104168379776E-16, -36.17793791683183002 ) ) ;
#2712 = DIRECTION ( 'NONE',  ( 0.000000000000000000, 0.000000000000000000, -1.000000000000000000 ) ) ;
#2713 = CARTESIAN_POINT ( 'NONE',  ( -30.20511498306211706, 19.20565556660111639, 11.22044356488767036 ) ) ;
#2714 = B_SPLINE_CURVE_WITH_KNOTS ( 'NONE', 3,
 ( #112, #2469, #541, #1878 ),
 .UNSPECIFIED., .F., .F.,
 ( 4, 4 ),
 ( 0.000000000000000000, 1.000000000000000000 ),
 .UNSPECIFIED. ) ;
#2715 = VERTEX_POINT ( 'NONE', #737 ) ;
#2716 = B_SPLINE_CURVE_WITH_KNOTS ( 'NONE', 3,
 ( #2424, #1383, #1178, #1832, #1589, #1369, #913, #929, #1792, #1603, #2635, #2448, #1152, #491, #765, #519, #2462, #2230, #532, #2474, #1138, #2015, #1576, #547 ),
 .UNSPECIFIED., .F., .F.,
 ( 4, 2, 2, 2, 2, 2, 2, 2, 2, 2, 2, 4 ),
 ( 1.734723475976807094E-18, 0.0004287548728320849235, 0.0008575097456641681123, 0.001286264618496256017, 0.001715019491328344031, 0.003430038982656695434, 0.004287548728320870160, 0.004716303601152953620, 0.005145058473985037080, 0.005573813346817120540, 0.006002568219649203132, 0.006860077965313360511 ),
 .UNSPECIFIED. ) ;
#2717 = CARTESIAN_POINT ( 'NONE',  ( -32.80359805276575713, 20.80910491252755179, 8.803850521365205850 ) ) ;
#2718 = CARTESIAN_POINT ( 'NONE',  ( -38.52608575978458560, -1.103892738492089398E-15, -14.35903646751471108 ) ) ;
#2719 = CARTESIAN_POINT ( 'NONE',  ( -30.13931675585482850, 21.54928763216230081, -0.6938200052004935836 ) ) ;
#2720 = CARTESIAN_POINT ( 'NONE',  ( -16.53819085313234538, 26.99999999999999289, -25.26771134632144111 ) ) ;
#2721 = CARTESIAN_POINT ( 'NONE',  ( -0.8002149410955894382, 27.00000000000000711, 30.05926614940694819 ) ) ;
#2722 = CARTESIAN_POINT ( 'NONE',  ( -31.74055323230490799, 17.91005041002700082, -7.000079152955386519 ) ) ;
#2723 = CARTESIAN_POINT ( 'NONE',  ( -27.28277108811814244, 23.46438241753917353, -10.61194838325009471 ) ) ;
#2724 = EDGE_CURVE ( 'NONE', #732, #2007, #398, .T. ) ;
#2725 = ORIENTED_EDGE ( 'NONE', *, *, #782, .T. ) ;
#2726 = CARTESIAN_POINT ( 'NONE',  ( -36.97793790795736868, 6.572996832456838412, 19.69666712415104115 ) ) ;
#2727 = CARTESIAN_POINT ( 'NONE',  ( -31.43496288113674453, 19.51632401235505299, -1.384826873833358896 ) ) ;
#2728 = CARTESIAN_POINT ( 'NONE',  ( -31.43597999517536223, 19.25287605064115937, -2.116020562451910614 ) ) ;
#2729 = VERTEX_POINT ( 'NONE', #486 ) ;
#2730 = CARTESIAN_POINT ( 'NONE',  ( -31.26800987388825348, 19.59500917276518805, 1.560725486863925093 ) ) ;
#2731 = CARTESIAN_POINT ( 'NONE',  ( -34.02930541552338894, 21.51591973846434769, 3.263426560632360344E-07 ) ) ;
#2732 = CARTESIAN_POINT ( 'NONE',  ( -30.80265778277763289, -4.379472024626454420E-15, -29.97464097803621996 ) ) ;
#2733 = CARTESIAN_POINT ( 'NONE',  ( -30.32547615605472302, 21.78763025393489627, 7.703839242167168422 ) ) ;
#2734 = CARTESIAN_POINT ( 'NONE',  ( -32.74478586735909857, 18.06108251778287865, -7.763385283285462179 ) ) ;
#2735 = CARTESIAN_POINT ( 'NONE',  ( -31.43662313594441926, 19.50245332661770448, 1.393103209723097757 ) ) ;
#2736 = CARTESIAN_POINT ( 'NONE',  ( 20.23844710515363587, 26.99999999999999645, -21.03909196694777961 ) ) ;
#2737 = CARTESIAN_POINT ( 'NONE',  ( -33.45079537644343759, 21.53267847639374466, -7.109372740011858482 ) ) ;
#2738 = CARTESIAN_POINT ( 'NONE',  ( -31.50887863272926737, 19.28063685660248083, -2.593191819536256641E-06 ) ) ;
#2739 = CARTESIAN_POINT ( 'NONE',  ( -31.72317394740952778, 19.25078882228962485, 8.891993874704658296 ) ) ;
#2740 = EDGE_CURVE ( 'NONE', #871, #448, #537, .T. ) ;
#2741 = VERTEX_POINT ( 'NONE', #751 ) ;
#2742 = CARTESIAN_POINT ( 'NONE',  ( -20.48257625106907298, 6.572996832456834859, 36.18235637467102350 ) ) ;
#2743 = CARTESIAN_POINT ( 'NONE',  ( 42.87813405840697811, 21.91005041002699016, 6.999920847044611705 ) ) ;
#2744 = CARTESIAN_POINT ( 'NONE',  ( -28.21130606934829288, 23.50402259190307319, 7.223700319676308546 ) ) ;
#2745 = AXIS2_PLACEMENT_3D ( 'NONE', #2503, #1830, #2254 ) ;
#2746 = CARTESIAN_POINT ( 'NONE',  ( -32.10160533797763094, 18.71371929357287556, -8.607532467319622071 ) ) ;
#2747 = CARTESIAN_POINT ( 'NONE',  ( 36.92603145857229663, -2.252904122194837474E-15, 14.35889141196239649 ) ) ;
#2748 = CARTESIAN_POINT ( 'NONE',  ( -31.86266246747403130, 19.22717263852743130, 8.880696689321602832 ) ) ;
#2749 = CARTESIAN_POINT ( 'NONE',  ( -29.28484903452883970, 23.00841825589751011, 8.554382825729970108 ) ) ;
#2750 = CARTESIAN_POINT ( 'NONE',  ( 28.89999851150363952, 26.99999999999999645, 0.8700893683582676674 ) ) ;
#2751 = CARTESIAN_POINT ( 'NONE',  ( -32.06617967156667959, 19.24397255726757905, 7.512877550106733082 ) ) ;
#2752 = CARTESIAN_POINT ( 'NONE',  ( -32.44333319596796628, 17.44736980669448201, 1.306449318149633098E-06 ) ) ;
#2753 = VERTEX_POINT ( 'NONE', #2238 ) ;
#2754 = EDGE_CURVE ( 'NONE', #2007, #1438, #35, .T. ) ;
#2755 = CARTESIAN_POINT ( 'NONE',  ( -34.88800916259511098, -4.473393298764795382E-15, -24.56365434225159916 ) ) ;
#2756 = CARTESIAN_POINT ( 'NONE',  ( -29.90742847424690964, 19.67529909256661114, 10.97276260768745360 ) ) ;
#2757 = CARTESIAN_POINT ( 'NONE',  ( -30.65600810088382033, 20.67611531100227040, -1.271957555555752073 ) ) ;
#2758 = ORIENTED_EDGE ( 'NONE', *, *, #2170, .F. ) ;
#2759 = CARTESIAN_POINT ( 'NONE',  ( -31.61192779695503319, 19.59764264516303456, -8.990094253153870341 ) ) ;
#2760 = CARTESIAN_POINT ( 'NONE',  ( -0.8000554637952119741, 9.633488720684001676E-16, -39.13099369988314891 ) ) ;
#2761 = CARTESIAN_POINT ( 'NONE',  ( -31.46712746745092915, 19.82341594149898611, 8.998054132049034592 ) ) ;
#2762 = CARTESIAN_POINT ( 'NONE',  ( -29.28452315945225237, 23.00720209177945108, -8.559050661673175853 ) ) ;
ENDSEC;
END-ISO-10303-21;
