ISO-10303-21;
HEADER;
FILE_DESCRIPTION (( 'STEP AP214' ),
    '1' );
FILE_NAME ('Orbi_Joystick.STEP',
    '2026-10-03T08:40:21',
    ( '' ),
    ( '' ),
    'SwSTEP 2.0',
    'SolidWorks 2026',
    '' );
FILE_SCHEMA (( 'AUTOMOTIVE_DESIGN' ));
ENDSEC;

DATA;
#1 = CARTESIAN_POINT ( 'NONE',  ( 24.27844008621261551, 13.75851190219442088, -0.01731246916111259943 ) ) ;
#2 = ORIENTED_EDGE ( 'NONE', *, *, #884, .F. ) ;
#3 = CARTESIAN_POINT ( 'NONE',  ( 0.001604373951038705337, 7.175047955877608352, -26.15592374870625747 ) ) ;
#4 = CYLINDRICAL_SURFACE ( 'NONE', #2002, 4.000000000000001776 ) ;
#5 = CARTESIAN_POINT ( 'NONE',  ( 0.03625415779788343507, 13.75839710671236205, -24.27758695811188261 ) ) ;
#6 = CARTESIAN_POINT ( 'NONE',  ( -0.004794673784319646720, 24.98912753697205957, -23.68376893704834529 ) ) ;
#7 = CARTESIAN_POINT ( 'NONE',  ( 0.03244218889934522704, 7.421982711993981852, 26.04740695533557826 ) ) ;
#8 = CARTESIAN_POINT ( 'NONE',  ( -23.56513835725766270, 21.70343762328743153, 0.06219973357423883714 ) ) ;
#9 = CARTESIAN_POINT ( 'NONE',  ( 0.5982577814045363374, 23.37465265044113849, 22.81416754297545069 ) ) ;
#10 = EDGE_CURVE ( 'NONE', #3011, #455, #6537, .T. ) ;
#11 = B_SPLINE_CURVE_WITH_KNOTS ( 'NONE', 3,
 ( #6358, #1381, #6948, #4177, #1414, #3630, #5854, #869, #3089, #3035, #4629, #309, #4162, #6932, #4667, #1332, #3074, #2524, #5764, #783, #5799, #3653, #6305, #6379, #275, #3547, #5325, #1399, #3614, #1941, #817, #5873 ),
 .UNSPECIFIED., .F., .F.,
 ( 4, 2, 2, 2, 2, 2, 2, 2, 2, 2, 2, 2, 2, 2, 2, 4 ),
 ( 0.000000000000000000, 0.0002907825543966237238, 0.0005815651087932474476, 0.0008723476631898710630, 0.001163130217586494895, 0.002326260435173008005, 0.004652520870346036827, 0.006978781305519065649, 0.009305041740692094471, 0.01163130217586511722, 0.01395756261103813997, 0.01628382304621116272, 0.01744695326379767583, 0.01802851837259093412, 0.01831930092698755980, 0.01861008348138418547 ),
 .UNSPECIFIED. ) ;
#12 = CARTESIAN_POINT ( 'NONE',  ( -26.22543006124307396, 7.000345051182321754, 0.08274577012450336222 ) ) ;
#13 = CARTESIAN_POINT ( 'NONE',  ( 23.68949342589647955, 25.21912157085624884, 0.05717511311728369627 ) ) ;
#14 = CARTESIAN_POINT ( 'NONE',  ( -14.28941916244323451, 23.71383033581603073, -8.250000000000007105 ) ) ;
#15 = CARTESIAN_POINT ( 'NONE',  ( 0.1437240720256427740, 23.33477723405465909, 23.54132578155144984 ) ) ;
#16 = CARTESIAN_POINT ( 'NONE',  ( 3.475686976582879506, 16.71383033581603073, 14.52020202020202078 ) ) ;
#17 = CARTESIAN_POINT ( 'NONE',  ( -23.45961243663815665, 13.64877506917440186, -0.7993243543243133686 ) ) ;
#18 = CARTESIAN_POINT ( 'NONE',  ( 0.3426400775268541032, 10.09260947756568960, -24.89287003597264558 ) ) ;
#19 = CIRCLE ( 'NONE', #2233, 16.50000000000000000 ) ;
#20 = CARTESIAN_POINT ( 'NONE',  ( 24.99408554905910052, 8.244807507274909852, 0.4696301046623233555 ) ) ;
#21 = CARTESIAN_POINT ( 'NONE',  ( 23.33803229349422637, 25.43551878647020459, 0.1995922554626934353 ) ) ;
#22 = CARTESIAN_POINT ( 'NONE',  ( -23.66284728177843277, 25.09552676248674530, 0.2162532529827811134 ) ) ;
#23 = CARTESIAN_POINT ( 'NONE',  ( 21.56143225901643135, 15.19481306604519766, 0.000000000000000000 ) ) ;
#24 = CARTESIAN_POINT ( 'NONE',  ( -24.93208693748847438, 8.627141326165089552, -0.4696830649043906014 ) ) ;
#25 = CARTESIAN_POINT ( 'NONE',  ( 0.1976581806484604409, 12.87050874024570746, 24.40297602770036178 ) ) ;
#26 = CIRCLE ( 'NONE', #3168, 2.000000000000000000 ) ;
#27 = CARTESIAN_POINT ( 'NONE',  ( -0.03221189969436453332, 7.663033439397174185, -25.96560273948003328 ) ) ;
#28 = CARTESIAN_POINT ( 'NONE',  ( 25.65311042931752539, 6.941304772147778301, -0.2826139044701814762 ) ) ;
#29 = ORIENTED_EDGE ( 'NONE', *, *, #4080, .T. ) ;
#30 = CARTESIAN_POINT ( 'NONE',  ( 23.32919724268692718, 22.55773933535131448, 0.3422571739108613564 ) ) ;
#31 = MECHANICAL_DESIGN_GEOMETRIC_PRESENTATION_REPRESENTATION (  '', ( #149 ), #4561 ) ;
#32 = CARTESIAN_POINT ( 'NONE',  ( 23.35640790983346804, 23.43952207325749981, -0.6090279730505621103 ) ) ;
#33 = APPLICATION_CONTEXT ( 'automotive_design' ) ;
#34 = CARTESIAN_POINT ( 'NONE',  ( -24.70918305594246078, 6.916828045882443377, 0.6646294306666894469 ) ) ;
#35 = CARTESIAN_POINT ( 'NONE',  ( 0.1192620750391410883, 22.58791042971521890, -23.55432618607513007 ) ) ;
#36 = CYLINDRICAL_SURFACE ( 'NONE', #5268, 1.925000000000005596 ) ;
#37 = EDGE_CURVE ( 'NONE', #955, #1740, #2692, .T. ) ;
#38 = CARTESIAN_POINT ( 'NONE',  ( -0.001123063372438709746, 8.716897284040454608, 25.60183553784818145 ) ) ;
#39 = CARTESIAN_POINT ( 'NONE',  ( -0.2826499451389569706, 6.741855499813374841, -25.68727798972584964 ) ) ;
#40 = TOROIDAL_SURFACE ( 'NONE', #4567, 21.74989981158545760, 2.000000000000000000 ) ;
#41 = CARTESIAN_POINT ( 'NONE',  ( 0.08274577012473346982, 7.000345051182192080, 26.22543006124315568 ) ) ;
#42 = CARTESIAN_POINT ( 'NONE',  ( 24.27833715080842580, 13.75849773190435421, 0.02561928932899583747 ) ) ;
#43 = VERTEX_POINT ( 'NONE', #3479 ) ;
#44 = CARTESIAN_POINT ( 'NONE',  ( 0.0006455624488200942864, 7.097796175136305230, -26.18489375013754383 ) ) ;
#45 = DIRECTION ( 'NONE',  ( -0.000000000000000000, -1.000000000000000000, -0.000000000000000000 ) ) ;
#46 = CIRCLE ( 'NONE', #631, 1.925000000000004929 ) ;
#47 = CARTESIAN_POINT ( 'NONE',  ( 0.6652781181269187272, 15.44242830990529391, -23.43799069669374546 ) ) ;
#48 = CARTESIAN_POINT ( 'NONE',  ( -0.2140156088242942123, 25.10013664676823453, -23.66381800518682255 ) ) ;
#49 = CARTESIAN_POINT ( 'NONE',  ( 0.5977512566128381222, 7.099200616832074928, 24.85439492244316284 ) ) ;
#50 = CARTESIAN_POINT ( 'NONE',  ( -23.35300644790091340, 23.74216158562559187, -0.2816216363156812119 ) ) ;
#51 = CARTESIAN_POINT ( 'NONE',  ( -0.2005469114813630271, 22.58169349598233566, 23.50793933603283747 ) ) ;
#52 = CARTESIAN_POINT ( 'NONE',  ( 23.70617843559350746, 25.29851411751397094, -0.07677127596727872927 ) ) ;
#53 = CARTESIAN_POINT ( 'NONE',  ( 1.119197608047156400, 14.30184023807356120, 23.41284774069369234 ) ) ;
#54 = CARTESIAN_POINT ( 'NONE',  ( -0.08274577012455330838, 7.000345051182263134, -26.22543006124312015 ) ) ;
#55 = CARTESIAN_POINT ( 'NONE',  ( 0.2140156088248769684, 25.10013664676853296, 23.66381800518676926 ) ) ;
#56 = CARTESIAN_POINT ( 'NONE',  ( 0.02113089820572218447, 25.48442552691738783, -23.70297377094140501 ) ) ;
#57 = CARTESIAN_POINT ( 'NONE',  ( -23.13115062838264180, 17.19787099495637150, 0.7312747239848836900 ) ) ;
#58 = CARTESIAN_POINT ( 'NONE',  ( 14.28941916244324162, 16.71383033581603073, -6.324999999999993072 ) ) ;
#59 = CARTESIAN_POINT ( 'NONE',  ( -0.2814470630559113284, 10.10456993027716699, -24.98208083835746507 ) ) ;
#60 = CARTESIAN_POINT ( 'NONE',  ( 24.40390610939625304, 8.165729103305611858, -0.7316413605341876014 ) ) ;
#61 = CARTESIAN_POINT ( 'NONE',  ( 22.41527803036351685, 25.31185801324562945, 0.6639823098741777230 ) ) ;
#62 = CARTESIAN_POINT ( 'NONE',  ( 25.32465079404894581, 8.726436657278467734, 0.3226041439524377497 ) ) ;
#63 = DIRECTION ( 'NONE',  ( -0.000000000000000000, -1.000000000000000000, -0.000000000000000000 ) ) ;
#64 = CARTESIAN_POINT ( 'NONE',  ( -25.54617475618757538, 8.709437250293211363, -0.1185319555773344108 ) ) ;
#65 = CARTESIAN_POINT ( 'NONE',  ( -0.2842005263018877459, 15.50195020392908596, 23.88213160253283718 ) ) ;
#66 = CARTESIAN_POINT ( 'NONE',  ( -0.09693797892128977467, 7.467256276909550294, -25.93079802565105396 ) ) ;
#67 = CARTESIAN_POINT ( 'NONE',  ( 25.49380768404708775, 7.021971420155070476, -0.3430639578825980252 ) ) ;
#68 = VERTEX_POINT ( 'NONE', #5698 ) ;
#69 = CARTESIAN_POINT ( 'NONE',  ( -23.67707291647143109, 25.48095450394703931, -0.03188375143156087915 ) ) ;
#70 = CARTESIAN_POINT ( 'NONE',  ( 23.51062040750829141, 21.69612946065699788, 0.2010738197784125436 ) ) ;
#71 = CARTESIAN_POINT ( 'NONE',  ( 23.66956966322542755, 24.76594645890849833, -0.01842951963095214654 ) ) ;
#72 = CARTESIAN_POINT ( 'NONE',  ( -24.55305970841864749, 6.793892807262150946, 0.7314935026216532465 ) ) ;
#73 = CARTESIAN_POINT ( 'NONE',  ( 0.06601226170497911938, 22.59056948887761962, -23.57416520514342295 ) ) ;
#74 = FACE_OUTER_BOUND ( 'NONE', #4738, .T. ) ;
#75 = CARTESIAN_POINT ( 'NONE',  ( 0.7985635121798174696, 8.144692403324299335, 24.24692112796182286 ) ) ;
#76 = CARTESIAN_POINT ( 'NONE',  ( 0.02179375170324239497, 25.48423663074794376, 23.70156137903226323 ) ) ;
#77 = CARTESIAN_POINT ( 'NONE',  ( 26.12478128002592470, 7.177219396911019622, -0.2266522081823098278 ) ) ;
#78 = CARTESIAN_POINT ( 'NONE',  ( 23.71872520189020861, 12.77881814364750923, -0.7312921627918060885 ) ) ;
#79 = ADVANCED_FACE ( 'NONE', ( #4066 ), #4420, .F. ) ;
#80 = EDGE_LOOP ( 'NONE', ( #3535, #6527, #2406, #4306 ) ) ;
#81 = CARTESIAN_POINT ( 'NONE',  ( 1.128430070364608406, 16.71676001516932430, -23.10204678856921134 ) ) ;
#82 = CARTESIAN_POINT ( 'NONE',  ( 26.18490495129218232, 7.097770024547155998, -7.602121303458686118E-05 ) ) ;
#83 = CARTESIAN_POINT ( 'NONE',  ( -0.7312921627918889111, 12.77881814364750923, -23.71872520189020506 ) ) ;
#84 = CARTESIAN_POINT ( 'NONE',  ( -0.1062059680618919477, 25.04706633332413190, -23.65384966200584671 ) ) ;
#85 = CARTESIAN_POINT ( 'NONE',  ( 0.06484628172116220501, 7.259081821583989402, 26.04749942057234691 ) ) ;
#86 = CARTESIAN_POINT ( 'NONE',  ( -23.46230022272888860, 24.27306586489400075, -0.1997273196333467504 ) ) ;
#87 = CARTESIAN_POINT ( 'NONE',  ( 0.5981252309287434787, 22.50035399176950790, 22.90091337371847047 ) ) ;
#88 = CARTESIAN_POINT ( 'NONE',  ( -0.1113577013869265914, 7.225075153150937624, 26.09902386166729116 ) ) ;
#89 = CARTESIAN_POINT ( 'NONE',  ( 0.000000000000000000, 23.71383033581603073, 0.000000000000000000 ) ) ;
#90 = DIRECTION ( 'NONE',  ( -0.3595538251637463434, 0.000000000000000000, 0.9331243469174503868 ) ) ;
#91 = CARTESIAN_POINT ( 'NONE',  ( 0.5483418637199858336, 23.81800114811968072, -23.41818581117010112 ) ) ;
#92 = CARTESIAN_POINT ( 'NONE',  ( -0.03232076044930861508, 25.25835287644686389, -23.66474031780311549 ) ) ;
#93 = CARTESIAN_POINT ( 'NONE',  ( -23.69590628000386445, 18.16540189150583728, -0.06814581281854073525 ) ) ;
#94 = CARTESIAN_POINT ( 'NONE',  ( 0.0003381764007718198470, 7.054803739117001982, 26.20179265738525842 ) ) ;
#95 = CARTESIAN_POINT ( 'NONE',  ( 24.24195801845602105, 9.400244128203619098, -0.7316466198708522217 ) ) ;
#96 = FACE_OUTER_BOUND ( 'NONE', #6050, .T. ) ;
#97 = CARTESIAN_POINT ( 'NONE',  ( 25.85376602214444119, 7.675286467901965004, 0.1953888825699326981 ) ) ;
#98 = CARTESIAN_POINT ( 'NONE',  ( 0.000000000000000000, 0.7991967808059080580, -21.00000000000000000 ) ) ;
#99 = CARTESIAN_POINT ( 'NONE',  ( -25.30902001745647922, 9.543231997090273921, -0.09785468379854835030 ) ) ;
#100 = CARTESIAN_POINT ( 'NONE',  ( -0.3442351534886751718, 15.49537668531973011, 23.83308244645277085 ) ) ;
#101 = CARTESIAN_POINT ( 'NONE',  ( -0.4703887834454097971, 7.547796932990851637, -25.10565325654603441 ) ) ;
#102 = CARTESIAN_POINT ( 'NONE',  ( 24.62857482982873236, 7.483854533920288432, 0.6646364992547183492 ) ) ;
#103 = EDGE_LOOP ( 'NONE', ( #5470, #6979, #4088, #3568 ) ) ;
#104 = CARTESIAN_POINT ( 'NONE',  ( -22.20652074267206189, 24.84199658919887099, 0.7993261275657181919 ) ) ;
#105 = CARTESIAN_POINT ( 'NONE',  ( 23.18660266110709856, 21.65271428202921555, -0.4701321211335061090 ) ) ;
#106 = CARTESIAN_POINT ( 'NONE',  ( 23.81700794968909562, 12.80482361268520997, -0.6906546660329226928 ) ) ;
#107 = CARTESIAN_POINT ( 'NONE',  ( -25.94523758809777192, 7.408291736821134066, 0.09696863167139793682 ) ) ;
#108 = DIRECTION ( 'NONE',  ( -0.000000000000000000, 1.000000000000000000, -0.000000000000000000 ) ) ;
#109 = CARTESIAN_POINT ( 'NONE',  ( 0.1999678101457811052, 8.697268846193038527, 25.45535055569951055 ) ) ;
#110 = CARTESIAN_POINT ( 'NONE',  ( 0.06473101276649122215, 25.47281350654261090, 23.61631663925311386 ) ) ;
#111 = FACE_OUTER_BOUND ( 'NONE', #103, .T. ) ;
#112 = CARTESIAN_POINT ( 'NONE',  ( 24.26682591944195977, 13.75695447926255177, 0.1000927344678349401 ) ) ;
#113 = VERTEX_POINT ( 'NONE', #565 ) ;
#114 = CARTESIAN_POINT ( 'NONE',  ( 14.28941916244324162, 21.71383033581603073, -8.249999999999998224 ) ) ;
#115 = CARTESIAN_POINT ( 'NONE',  ( -0.5970365292190628059, 12.80914132513436776, -23.94501240748903825 ) ) ;
#116 = CARTESIAN_POINT ( 'NONE',  ( -0.1368521354707706028, 24.91318479893934068, -23.62666754681430348 ) ) ;
#117 = CARTESIAN_POINT ( 'NONE',  ( -0.1994147536453637348, 7.383644459550672501, 25.76133341297215296 ) ) ;
#118 = CARTESIAN_POINT ( 'NONE',  ( -23.61028062035620678, 23.48133313654822629, -0.001312319751936445126 ) ) ;
#119 = CARTESIAN_POINT ( 'NONE',  ( 0.2817938534326620559, 22.56866816342322579, 23.41070983137122496 ) ) ;
#120 = EDGE_CURVE ( 'NONE', #2445, #3469, #6762, .T. ) ;
#121 = VERTEX_POINT ( 'NONE', #1548 ) ;
#122 = CARTESIAN_POINT ( 'NONE',  ( -0.01891692208650926077, 24.76759303201434648, 23.66979242309016485 ) ) ;
#123 = CARTESIAN_POINT ( 'NONE',  ( 9.110820912706838470, 21.71383033581603073, -11.28020134113676853 ) ) ;
#124 = DIRECTION ( 'NONE',  ( 0.000000000000000000, 0.000000000000000000, -1.000000000000000000 ) ) ;
#125 = DIRECTION ( 'NONE',  ( 0.000000000000000000, 0.000000000000000000, 1.000000000000000000 ) ) ;
#126 = CARTESIAN_POINT ( 'NONE',  ( -0.7992773452423113101, 25.27481500617495058, -22.13875909031309064 ) ) ;
#127 = CARTESIAN_POINT ( 'NONE',  ( -23.77364918505462299, 17.28396411214630035, -0.06832420979984121789 ) ) ;
#128 = CARTESIAN_POINT ( 'NONE',  ( 0.04137760642335912981, 7.046310596865536624, 26.19939777963010741 ) ) ;
#129 = ADVANCED_FACE ( 'NONE', ( #2780 ), #256, .F. ) ;
#130 = CARTESIAN_POINT ( 'NONE',  ( 25.07673355469196608, 10.11724995177589648, 0.2009057898799262165 ) ) ;
#131 = FACE_OUTER_BOUND ( 'NONE', #6418, .T. ) ;
#132 = CARTESIAN_POINT ( 'NONE',  ( -23.41284774069372787, 14.30184023807352212, 1.119197608046882619 ) ) ;
#133 = CARTESIAN_POINT ( 'NONE',  ( 6.703507711334422011E-12, 6.975356117337841333, -26.23961491300310556 ) ) ;
#134 = CARTESIAN_POINT ( 'NONE',  ( -25.15078501044670389, 10.12717463834284182, -0.06633442934225058929 ) ) ;
#135 = CARTESIAN_POINT ( 'NONE',  ( 0.3407140058553677631, 17.26483028007832132, 23.63084146913043426 ) ) ;
#136 = CARTESIAN_POINT ( 'NONE',  ( -0.5977700731066777351, 7.823184962610612914, -24.76283304147922237 ) ) ;
#137 = AXIS2_PLACEMENT_3D ( 'NONE', #2316, #1839, #1264 ) ;
#138 = CARTESIAN_POINT ( 'NONE',  ( 25.89282949181700388, 7.462168367529986135, -0.1184284411533192832 ) ) ;
#139 = ORIENTED_EDGE ( 'NONE', *, *, #5809, .T. ) ;
#140 = CARTESIAN_POINT ( 'NONE',  ( -23.67597591795440692, 25.48080806115873997, 0.03250801582921838961 ) ) ;
#141 = CARTESIAN_POINT ( 'NONE',  ( 23.58147520968435273, 23.47747213205381911, 0.09733253175438022486 ) ) ;
#142 = CARTESIAN_POINT ( 'NONE',  ( 26.09948754976344887, 7.224241882714482088, -0.1110852100097548395 ) ) ;
#143 = CARTESIAN_POINT ( 'NONE',  ( -26.02807157606858723, 7.480291171924965177, 0.03238856928772423927 ) ) ;
#144 = AXIS2_PLACEMENT_3D ( 'NONE', #982, #2648, #3669 ) ;
#145 = CARTESIAN_POINT ( 'NONE',  ( 0.4933766485447155792, 12.90498506903266396, 24.08308150135460224 ) ) ;
#146 = CARTESIAN_POINT ( 'NONE',  ( -0.7318856344863102770, 10.33051242334457598, 24.09580945367819282 ) ) ;
#147 = CARTESIAN_POINT ( 'NONE',  ( 0.06364886450872213330, 6.806815091553573005, -26.17204377340775068 ) ) ;
#148 = EDGE_CURVE ( 'NONE', #43, #6292, #6352, .T. ) ;
#149 = STYLED_ITEM ( 'NONE', ( #1487 ), #2835 ) ;
#150 = DIRECTION ( 'NONE',  ( 1.224646799147353454E-16, 0.000000000000000000, -1.000000000000000000 ) ) ;
#151 = CARTESIAN_POINT ( 'NONE',  ( 23.15113375338743040, 18.09239263764602512, 0.6649866860995142792 ) ) ;
#152 = EDGE_LOOP ( 'NONE', ( #3233, #1901, #5555, #6619 ) ) ;
#153 = CARTESIAN_POINT ( 'NONE',  ( -0.003815260238613830956, 7.280185759697745063, -26.11842674141991338 ) ) ;
#154 = CARTESIAN_POINT ( 'NONE',  ( -0.01733149793761452895, 18.16599220018468941, -23.70030570894395083 ) ) ;
#155 = CARTESIAN_POINT ( 'NONE',  ( -0.6064795947489499683, 8.686627342004321406, -25.33666765419415157 ) ) ;
#156 = CARTESIAN_POINT ( 'NONE',  ( 0.03257382893352159942, 7.265663601417931439, 26.09661625798290885 ) ) ;
#157 = CARTESIAN_POINT ( 'NONE',  ( -22.96233553670034411, 24.20606409952762306, -0.4692758335300937778 ) ) ;
#158 = AXIS2_PLACEMENT_3D ( 'NONE', #6826, #5076, #1769 ) ;
#159 = CARTESIAN_POINT ( 'NONE',  ( 0.06278468236870715646, 22.59065966570331696, 23.57482970539366463 ) ) ;
#160 = CIRCLE ( 'NONE', #6315, 4.000000000000000000 ) ;
#161 = CARTESIAN_POINT ( 'NONE',  ( -0.4247386158234192632, 24.40676053691525738, 23.52560403136262579 ) ) ;
#162 = DIRECTION ( 'NONE',  ( -0.000000000000000000, -1.000000000000000000, -0.000000000000000000 ) ) ;
#163 = CARTESIAN_POINT ( 'NONE',  ( 0.1217258242835875526, 7.028189981941932452, 26.20945821232924899 ) ) ;
#164 = CARTESIAN_POINT ( 'NONE',  ( -0.07681798113201619704, 25.29851411751397094, 23.70617828429515228 ) ) ;
#165 = CARTESIAN_POINT ( 'NONE',  ( -0.02146846651735030351, 25.25783843370685844, -23.66090213930594643 ) ) ;
#166 = CARTESIAN_POINT ( 'NONE',  ( -23.77756256590248185, 17.28448938125150391, 0.02798510942504633600 ) ) ;
#167 = CARTESIAN_POINT ( 'NONE',  ( -0.0001364772684367955254, 7.054966421496181361, 26.20172731030839941 ) ) ;
#168 = CARTESIAN_POINT ( 'NONE',  ( 24.32246082753905725, 8.805885005564817902, -0.7316557620710228971 ) ) ;
#169 = CARTESIAN_POINT ( 'NONE',  ( 0.000000000000000000, 21.71383033581603073, 0.000000000000000000 ) ) ;
#170 = EDGE_CURVE ( 'NONE', #3216, #3388, #4624, .T. ) ;
#171 = CARTESIAN_POINT ( 'NONE',  ( -23.41733338310186952, 23.81309841289344575, 0.5498994022592366138 ) ) ;
#172 = DIRECTION ( 'NONE',  ( 0.000000000000000000, -1.000000000000000000, 0.000000000000000000 ) ) ;
#173 = CARTESIAN_POINT ( 'NONE',  ( -25.50621855700735807, 8.964511351938641681, -0.06540406031947719467 ) ) ;
#174 = CARTESIAN_POINT ( 'NONE',  ( 0.1147598708144516866, 18.16370133545152754, 23.68320438986366838 ) ) ;
#175 = CARTESIAN_POINT ( 'NONE',  ( 0.02186269568512512473, 7.969943044172471680, -25.85801549978345548 ) ) ;
#176 = CARTESIAN_POINT ( 'NONE',  ( 25.12618509678401324, 7.359426525339395120, 0.4695603451283096863 ) ) ;
#177 = EDGE_LOOP ( 'NONE', ( #1169, #7106, #6595, #5083 ) ) ;
#178 = CARTESIAN_POINT ( 'NONE',  ( -23.52296187418514961, 25.23935414555382550, 0.1183299694727505125 ) ) ;
#179 = CARTESIAN_POINT ( 'NONE',  ( 22.64856650640185975, 22.46653859895923233, -0.7322586155175727640 ) ) ;
#180 = CARTESIAN_POINT ( 'NONE',  ( 26.12655737972452030, 7.174069600615307074, -0.2249412357937854989 ) ) ;
#181 = CARTESIAN_POINT ( 'NONE',  ( -24.48797601793900824, 7.212999368964143621, -0.7319763554013517526 ) ) ;
#182 = CARTESIAN_POINT ( 'NONE',  ( 0.1135024197621723047, 23.65844106992468809, 23.57026065176610174 ) ) ;
#183 = CARTESIAN_POINT ( 'NONE',  ( -0.09785468379828324292, 9.543231997090273921, 25.30902001745647922 ) ) ;
#184 = CARTESIAN_POINT ( 'NONE',  ( 0.02079391854457707939, 6.916468900838652623, -26.22905092303471619 ) ) ;
#185 = DIRECTION ( 'NONE',  ( 0.000000000000000000, -1.000000000000000000, 0.000000000000000000 ) ) ;
#186 = CARTESIAN_POINT ( 'NONE',  ( 23.98080404663674159, 15.51517576642971008, -0.01701023693184793711 ) ) ;
#187 = ORIENTED_EDGE ( 'NONE', *, *, #5680, .T. ) ;
#188 = CARTESIAN_POINT ( 'NONE',  ( 0.7780254907189000368, 22.27774512502143622, -23.18934680111673430 ) ) ;
#189 = CARTESIAN_POINT ( 'NONE',  ( 0.02560035261709691159, 18.16597539994165800, -23.70018314824199379 ) ) ;
#190 = CARTESIAN_POINT ( 'NONE',  ( -0.1501371728641303915, 7.062205948120253041, -26.19000694984699962 ) ) ;
#191 = CARTESIAN_POINT ( 'NONE',  ( -0.5973436700732723814, 7.505737051478666544, 24.79186271939945030 ) ) ;
#192 = CARTESIAN_POINT ( 'NONE',  ( -22.29875570773893401, 24.11713603042136356, -0.7983006022578696959 ) ) ;
#193 = CARTESIAN_POINT ( 'NONE',  ( -0.6639182799216052366, 24.15509249068230702, 22.58198660262925728 ) ) ;
#194 =( BOUNDED_SURFACE ( )  B_SPLINE_SURFACE ( 2, 3, ( 
 ( #1050, #3337, #647, #1153 ),
 ( #23, #4467, #3268, #5484 ),
 ( #5149, #1806, #1265, #5699 ) ),
 .UNSPECIFIED., .F., .F., .T. ) 
 B_SPLINE_SURFACE_WITH_KNOTS ( ( 3, 3 ),
 ( 4, 4 ),
 ( 0.08335879690891395688, 0.9031013887724317346 ),
 ( 0.000000000000000000, 1.000000000000000000 ),
 .UNSPECIFIED. ) 
 GEOMETRIC_REPRESENTATION_ITEM ( )  RATIONAL_B_SPLINE_SURFACE ( (
 ( 1.000000000000000000, 0.8032667205511362374, 0.8032667205511362374, 1.000000000000000000),
 ( 1.000000000000000000, 0.8032667205511362374, 0.8032667205511362374, 1.000000000000000000),
 ( 1.000000000000000000, 0.8032667205511362374, 0.8032667205511362374, 1.000000000000000000) ) ) 
 REPRESENTATION_ITEM ( '' )  SURFACE ( )  );
#195 = ORIENTED_EDGE ( 'NONE', *, *, #5234, .T. ) ;
#196 = CARTESIAN_POINT ( 'NONE',  ( -0.1970178241837079458, 24.55171736067422472, 23.55629453956208152 ) ) ;
#197 = CARTESIAN_POINT ( 'NONE',  ( 0.000000000000000000, 87.11079995548602994, -21.00000000000000000 ) ) ;
#198 = DIRECTION ( 'NONE',  ( -0.000000000000000000, -1.000000000000000000, -0.000000000000000000 ) ) ;
#199 = DIRECTION ( 'NONE',  ( 0.000000000000000000, 1.491862189340054101E-13, 1.000000000000000000 ) ) ;
#200 = CARTESIAN_POINT ( 'NONE',  ( 26.22543059861293813, 7.000345051182263134, 0.08257528058652605085 ) ) ;
#201 = CARTESIAN_POINT ( 'NONE',  ( -23.73164304820236126, 17.27833376473292049, -0.2027452419209553047 ) ) ;
#202 = APPLICATION_PROTOCOL_DEFINITION ( 'draft international standard', 'automotive_design', 1998, #33 ) ;
#203 = CARTESIAN_POINT ( 'NONE',  ( 24.47133263807257464, 8.825834473190534268, -0.6646955505723382007 ) ) ;
#204 = FACE_OUTER_BOUND ( 'NONE', #6355, .T. ) ;
#205 = CARTESIAN_POINT ( 'NONE',  ( 26.03559598803220254, 7.339639019068608938, 0.1401292986194048185 ) ) ;
#206 = CARTESIAN_POINT ( 'NONE',  ( -0.0003381764005643132006, 7.054803739111433991, -26.20179265738751795 ) ) ;
#207 = CARTESIAN_POINT ( 'NONE',  ( -0.09524634452450751743, 22.58948291319801882, -23.56604639035683491 ) ) ;
#208 = CARTESIAN_POINT ( 'NONE',  ( -25.02143132183196172, 9.504696589430967180, 0.3423983946735591477 ) ) ;
#209 = CARTESIAN_POINT ( 'NONE',  ( -0.7321505490397776095, 17.19785259631561658, 23.13110899915286467 ) ) ;
#210 = CARTESIAN_POINT ( 'NONE',  ( -0.03201725019920634990, 7.845262086106576938, -25.89930114992476362 ) ) ;
#211 = EDGE_CURVE ( 'NONE', #5265, #5920, #490, .T. ) ;
#212 = CARTESIAN_POINT ( 'NONE',  ( 26.02855995144393830, 7.480356054152268896, 0.03200605309686990751 ) ) ;
#213 = ORIENTED_EDGE ( 'NONE', *, *, #5061, .F. ) ;
#214 = CARTESIAN_POINT ( 'NONE',  ( -23.22250635572358490, 25.19909205887531911, 0.2825281308612075382 ) ) ;
#215 = CARTESIAN_POINT ( 'NONE',  ( 23.61028062035620678, 23.48133313654822629, 0.001312319751936445126 ) ) ;
#216 = CARTESIAN_POINT ( 'NONE',  ( 23.00993670375401834, 19.06846676540032703, -0.7153844166154192941 ) ) ;
#217 = CARTESIAN_POINT ( 'NONE',  ( 24.29455094253515668, 12.16720410852993162, 0.4443741276887840930 ) ) ;
#218 = CARTESIAN_POINT ( 'NONE',  ( -24.66677525960491835, 7.297871742612400681, 0.6646659889505595054 ) ) ;
#219 = CARTESIAN_POINT ( 'NONE',  ( 0.06970398778920018634, 24.14092065963830436, 23.61267886138728755 ) ) ;
#220 = CARTESIAN_POINT ( 'NONE',  ( -0.2821260870253116115, 9.518256390097215913, 25.12265844291206918 ) ) ;
#221 = CARTESIAN_POINT ( 'NONE',  ( 0.06372381790327165396, 6.904913356103839384, -26.14282364457663732 ) ) ;
#222 = DIRECTION ( 'NONE',  ( 0.000000000000000000, 0.000000000000000000, -1.000000000000000000 ) ) ;
#223 = CARTESIAN_POINT ( 'NONE',  ( 23.53502160389834685, 15.45544230996927659, -0.5967581431129197478 ) ) ;
#224 = ORIENTED_EDGE ( 'NONE', *, *, #37, .F. ) ;
#225 = CARTESIAN_POINT ( 'NONE',  ( 0.1085675247533477716, 23.72314563405011967, -23.57450913762053091 ) ) ;
#226 = CARTESIAN_POINT ( 'NONE',  ( -0.1147598708142863050, 18.16370133545152754, -23.68320438986366838 ) ) ;
#227 = CARTESIAN_POINT ( 'NONE',  ( -0.3108353294854374060, 7.378397657335584725, -26.01250865641191723 ) ) ;
#228 = CARTESIAN_POINT ( 'NONE',  ( -0.6646217959282522125, 7.672063633556446938, 24.60690071711531957 ) ) ;
#229 = CARTESIAN_POINT ( 'NONE',  ( -22.37075272097565914, 24.64304210617630275, -0.7311216531294251197 ) ) ;
#230 = CARTESIAN_POINT ( 'NONE',  ( -0.02161169127114550420, 24.81937308065710823, 23.68652789861424068 ) ) ;
#231 = ORIENTED_EDGE ( 'NONE', *, *, #6525, .F. ) ;
#232 = CARTESIAN_POINT ( 'NONE',  ( -0.7780254907174726231, 22.27774512502233151, 23.18934680111690483 ) ) ;
#233 = DIRECTION ( 'NONE',  ( 1.776356839400250465E-15, 0.000000000000000000, 1.000000000000000000 ) ) ;
#234 = CARTESIAN_POINT ( 'NONE',  ( -26.09540884400490413, 6.796545094475689552, -0.09590241578750638429 ) ) ;
#235 = PLANE ( 'NONE',  #4691 ) ;
#236 = CARTESIAN_POINT ( 'NONE',  ( 0.6645902754562867942, 6.614991287296281719, 24.74056361387324543 ) ) ;
#237 = CARTESIAN_POINT ( 'NONE',  ( -22.65424891571250754, 20.99074781764312547, -0.7985657740968918894 ) ) ;
#238 = ADVANCED_FACE ( 'NONE', ( #6058 ), #7189, .F. ) ;
#239 = CARTESIAN_POINT ( 'NONE',  ( 25.50815253437595942, 8.964771649252035957, -0.06339883902278545258 ) ) ;
#240 = DIRECTION ( 'NONE',  ( 0.9878863019021486558, -1.734723475976807292E-15, -0.1551794268390525033 ) ) ;
#241 = CARTESIAN_POINT ( 'NONE',  ( 23.61782049931690963, 24.87851753818988243, 0.3056023441424418063 ) ) ;
#242 = CARTESIAN_POINT ( 'NONE',  ( -25.88957437681456142, 3.760367054716749813, 3.170558439185328627E-15 ) ) ;
#243 = CARTESIAN_POINT ( 'NONE',  ( 0.2816216363155996660, 23.74216158562559187, -23.35300644790091340 ) ) ;
#244 = CARTESIAN_POINT ( 'NONE',  ( -24.78783433720364826, 9.473393779643709323, 0.4700963901561530101 ) ) ;
#245 = CARTESIAN_POINT ( 'NONE',  ( 0.02816108307870134400, 18.16585793489743494, 23.69930308310139111 ) ) ;
#246 = CARTESIAN_POINT ( 'NONE',  ( 0.02173135385940865028, 7.845746104613719574, -25.90291651894875358 ) ) ;
#247 = CARTESIAN_POINT ( 'NONE',  ( 26.03867378482769368, 7.481711861133659269, -0.02160401693622443844 ) ) ;
#248 = ORIENTED_EDGE ( 'NONE', *, *, #2213, .T. ) ;
#249 = DIRECTION ( 'NONE',  ( -0.000000000000000000, -1.000000000000000000, -0.000000000000000000 ) ) ;
#250 = CARTESIAN_POINT ( 'NONE',  ( 22.50660073979301146, 23.62873228090659339, 0.7311131265482369024 ) ) ;
#251 = CARTESIAN_POINT ( 'NONE',  ( 0.08257528058638811952, 7.000345051182263134, -26.22543059861294168 ) ) ;
#252 = CARTESIAN_POINT ( 'NONE',  ( 25.83218620142189792, 7.999950707293335128, 0.04893956164616590498 ) ) ;
#253 = CARTESIAN_POINT ( 'NONE',  ( -25.89493286352313817, 7.462448168337187049, -0.1176837075221126294 ) ) ;
#254 = CARTESIAN_POINT ( 'NONE',  ( 0.03608899258422154643, 7.820591540408190490, 25.90340305070055038 ) ) ;
#255 = CARTESIAN_POINT ( 'NONE',  ( -0.3426400775266802423, 10.09260947756568960, 24.89287003597264913 ) ) ;
#256 = TOROIDAL_SURFACE ( 'NONE', #5363, 6.000000000000001776, 2.000000000000000000 ) ;
#257 = CARTESIAN_POINT ( 'NONE',  ( 0.06385678538451866615, 7.101593779964280984, -26.08799431780154521 ) ) ;
#258 = CARTESIAN_POINT ( 'NONE',  ( 0.000000000000000000, 23.71383033581603073, 0.000000000000000000 ) ) ;
#259 = CARTESIAN_POINT ( 'NONE',  ( 23.33564753228909083, 17.22526362585847437, 0.5981373819672642922 ) ) ;
#260 = CIRCLE ( 'NONE', #5253, 4.000000000000000000 ) ;
#261 = ORIENTED_EDGE ( 'NONE', *, *, #4058, .F. ) ;
#262 = CARTESIAN_POINT ( 'NONE',  ( 0.1831938691395157415, 24.64649540173673614, -23.57438089610428733 ) ) ;
#263 = EDGE_CURVE ( 'NONE', #6006, #1845, #5162, .T. ) ;
#264 = CARTESIAN_POINT ( 'NONE',  ( 0.3439151270117137837, 18.14615785306246920, -23.55232094588168934 ) ) ;
#265 = CARTESIAN_POINT ( 'NONE',  ( -0.1246056897812689024, 8.846241594126842855, -25.49586041880401055 ) ) ;
#266 = CARTESIAN_POINT ( 'NONE',  ( -0.4695603451280464524, 7.359426525339395120, 25.12618509678401679 ) ) ;
#267 = CARTESIAN_POINT ( 'NONE',  ( -23.63676678347792759, 24.81270430498480195, -0.06437052350474158080 ) ) ;
#268 = CARTESIAN_POINT ( 'NONE',  ( 0.06407645877832594816, 24.29552063975128462, 23.62984557939344654 ) ) ;
#269 = CIRCLE ( 'NONE', #2243, 4.000000000000001776 ) ;
#270 = CARTESIAN_POINT ( 'NONE',  ( -0.6410707184562931538, 12.04237212266786905, 24.03397217373924732 ) ) ;
#271 = CARTESIAN_POINT ( 'NONE',  ( -25.32465079405445607, 8.726436657276465780, -0.3226041439533094968 ) ) ;
#272 = AXIS2_PLACEMENT_3D ( 'NONE', #2855, #3471, #4560 ) ;
#273 = CARTESIAN_POINT ( 'NONE',  ( -26.04452560889465929, 6.993756019826629533, 0.09717386855366376419 ) ) ;
#274 = CARTESIAN_POINT ( 'NONE',  ( -10.83702032928563241, 21.71383033581603073, -10.27013422742452065 ) ) ;
#275 = CARTESIAN_POINT ( 'NONE',  ( -25.61745402047800013, 8.538826657864447611, -0.09446585344761571079 ) ) ;
#276 = CARTESIAN_POINT ( 'NONE',  ( -23.22175640376525152, 21.06680962835038429, 0.4699373745213926701 ) ) ;
#277 = TOROIDAL_SURFACE ( 'NONE', #4684, 14.50000000000000000, 2.000000000000000000 ) ;
#278 = CARTESIAN_POINT ( 'NONE',  ( 24.67873657322180492, 11.65804677938674239, 0.2018020901845723469 ) ) ;
#279 = CARTESIAN_POINT ( 'NONE',  ( -23.61786103646756629, 24.19919223856646084, 0.06445335153035929021 ) ) ;
#280 = CARTESIAN_POINT ( 'NONE',  ( 23.64537326827232278, 24.49556262030634457, 0.03939183293612917580 ) ) ;
#281 = CARTESIAN_POINT ( 'NONE',  ( -22.05661753709545181, 0.03151920426976555223, 2.701156606682132004E-15 ) ) ;
#282 = CARTESIAN_POINT ( 'NONE',  ( -0.7323705396602375739, 24.13769546097459084, -22.45207476091956877 ) ) ;
#283 = CARTESIAN_POINT ( 'NONE',  ( -25.15800199673161330, 10.12814252312941043, 0.01915609891172485521 ) ) ;
#284 = CONICAL_SURFACE ( 'NONE', #3537, 21.00000000000000000, 0.9424777960769346041 ) ;
#285 = CARTESIAN_POINT ( 'NONE',  ( -0.1215416778556183686, 17.28222904059294507, 23.76070516811562428 ) ) ;
#286 = CARTESIAN_POINT ( 'NONE',  ( 0.1178931201463713635, 7.832044164625802551, -25.80067583413194399 ) ) ;
#287 = CARTESIAN_POINT ( 'NONE',  ( 25.85492623620588759, 7.969529528169169375, -0.03188837639685327546 ) ) ;
#288 = VERTEX_POINT ( 'NONE', #3293 ) ;
#289 = CARTESIAN_POINT ( 'NONE',  ( 5.932638115201810614, 21.71383033581603073, 15.39655172413793238 ) ) ;
#290 = CARTESIAN_POINT ( 'NONE',  ( 23.48520978674773829, 23.75988214637183660, -0.2000588386011458997 ) ) ;
#291 = DIRECTION ( 'NONE',  ( -1.000000000000000000, 0.000000000000000000, 0.000000000000000000 ) ) ;
#292 = CARTESIAN_POINT ( 'NONE',  ( 26.11842614239931493, 7.280131799693426053, 0.003922420703018772783 ) ) ;
#293 = CARTESIAN_POINT ( 'NONE',  ( -25.63399321377863416, 7.939924151012000664, 0.2003300788884019856 ) ) ;
#294 = CARTESIAN_POINT ( 'NONE',  ( 0.04987746912004526606, 8.000568059634428408, 25.83179900272512697 ) ) ;
#295 = CARTESIAN_POINT ( 'NONE',  ( -0.6646184096519389684, 9.418320753835198289, 24.37694115682380769 ) ) ;
#296 = CARTESIAN_POINT ( 'NONE',  ( 0.1174191376557989219, 6.889527789859283047, -26.02801658428299092 ) ) ;
#297 = CARTESIAN_POINT ( 'NONE',  ( 23.33197114815017059, 15.42823304615745172, -0.7311227830534569039 ) ) ;
#298 = CARTESIAN_POINT ( 'NONE',  ( 0.001755972118117194152, 7.188352224592180484, -26.15002701566856302 ) ) ;
#299 = CARTESIAN_POINT ( 'NONE',  ( 0.1215416778557842914, 17.28222904059294507, -23.76070516811562428 ) ) ;
#300 = CARTESIAN_POINT ( 'NONE',  ( -0.2188975523870652362, 7.850777274516573812, -25.76155748117541222 ) ) ;
#301 = CARTESIAN_POINT ( 'NONE',  ( 0.1183354922051960828, 7.647302231034047715, 25.84820727952780217 ) ) ;
#302 = CARTESIAN_POINT ( 'NONE',  ( -23.41846179902861991, 24.78345195029903181, 0.2003744685149297100 ) ) ;
#303 = CARTESIAN_POINT ( 'NONE',  ( -0.2814945416186606653, 24.25306892086746302, 23.31308385495254853 ) ) ;
#304 = EDGE_CURVE ( 'NONE', #3110, #6866, #5512, .T. ) ;
#305 = ORIENTED_EDGE ( 'NONE', *, *, #2387, .T. ) ;
#306 = CARTESIAN_POINT ( 'NONE',  ( -23.69048735675089645, 25.22572003858378409, -0.1429540498040582086 ) ) ;
#307 = CARTESIAN_POINT ( 'NONE',  ( -23.18934680111666324, 22.27774512502358917, -0.7780254907312620372 ) ) ;
#308 = DIRECTION ( 'NONE',  ( -0.000000000000000000, 1.000000000000000000, -0.000000000000000000 ) ) ;
#309 = CARTESIAN_POINT ( 'NONE',  ( -23.42342825397963324, 22.12791605836878617, -0.2739656530912982224 ) ) ;
#310 = CARTESIAN_POINT ( 'NONE',  ( -23.56006139678801148, 19.62967139840710828, 0.1978887646247370902 ) ) ;
#311 = CARTESIAN_POINT ( 'NONE',  ( 24.71310389499135596, 11.66265299640187791, 0.1205736387842048923 ) ) ;
#312 = CARTESIAN_POINT ( 'NONE',  ( -23.05946499839055974, 17.48127400508608886, 0.7750407690806069283 ) ) ;
#313 = CARTESIAN_POINT ( 'NONE',  ( 23.68388823323787307, 24.99107696304231041, 0.005025604722972480849 ) ) ;
#314 = CARTESIAN_POINT ( 'NONE',  ( -23.70368839745728096, 25.28453156259159229, 0.01431504015727868596 ) ) ;
#315 = CARTESIAN_POINT ( 'NONE',  ( 0.1184619002294218099, 23.77145142463624339, -23.57156317629707942 ) ) ;
#316 = CARTESIAN_POINT ( 'NONE',  ( -24.71242095620318224, 11.66256354541915741, 0.1155451733115684110 ) ) ;
#317 = CARTESIAN_POINT ( 'NONE',  ( 0.09358701334625942059, 19.63454513438111704, 23.59643713376732066 ) ) ;
#318 = CARTESIAN_POINT ( 'NONE',  ( -0.09602384438359784502, 8.712363220357827842, -25.56799497996091475 ) ) ;
#319 = CARTESIAN_POINT ( 'NONE',  ( 25.05276924892930879, 7.862029462656916046, 0.4695926950667628774 ) ) ;
#320 = VERTEX_POINT ( 'NONE', #457 ) ;
#321 = CARTESIAN_POINT ( 'NONE',  ( 23.27797331158855698, 19.02110933368269130, -0.5193595091355968085 ) ) ;
#322 = CARTESIAN_POINT ( 'NONE',  ( 23.67077533287646673, 24.81726257688235293, -0.03207997574853831135 ) ) ;
#323 = DIRECTION ( 'NONE',  ( 0.000000000000000000, 0.000000000000000000, 1.000000000000000000 ) ) ;
#324 = CARTESIAN_POINT ( 'NONE',  ( -7.602121311033204387E-05, 7.097770024547210177, -26.18490495129216100 ) ) ;
#325 = CARTESIAN_POINT ( 'NONE',  ( -25.49785946998319375, 7.791462833895016260, -0.2814481282425952968 ) ) ;
#326 = SPHERICAL_SURFACE ( 'NONE', #3068, 2.000000000000000000 ) ;
#327 = CARTESIAN_POINT ( 'NONE',  ( 0.5972869096258119903, 11.58861538342715747, 24.16057157704589287 ) ) ;
#328 = CARTESIAN_POINT ( 'NONE',  ( -0.0008278799041089217412, 7.021169445652489571, -26.24909708243051654 ) ) ;
#329 = CARTESIAN_POINT ( 'NONE',  ( 25.52314236901890254, 6.821868503280703600, 0.3417265549930426083 ) ) ;
#330 = CARTESIAN_POINT ( 'NONE',  ( 23.50754031008084510, 19.62262892191320773, 0.2834179113348261336 ) ) ;
#331 = CARTESIAN_POINT ( 'NONE',  ( -0.5910919127928447869, 16.69130124041712193, -23.39820358569988912 ) ) ;
#332 = CARTESIAN_POINT ( 'NONE',  ( 0.3434736337811605811, 19.61545278803415115, -23.45399430412308561 ) ) ;
#333 = CARTESIAN_POINT ( 'NONE',  ( -12.62102010324333357, 15.19481306604518700, -21.64050353324336129 ) ) ;
#334 = CARTESIAN_POINT ( 'NONE',  ( 0.06457413556338904848, 7.659016437469396976, 25.93562484823489811 ) ) ;
#335 = CARTESIAN_POINT ( 'NONE',  ( -22.48163053208772766, 24.87885075836718940, -0.6639401380444412970 ) ) ;
#336 = CARTESIAN_POINT ( 'NONE',  ( -0.1184619002292572193, 23.77145142463624339, 23.57156317629707942 ) ) ;
#337 = CARTESIAN_POINT ( 'NONE',  ( 0.06034619821170643383, 7.076572208489496418, 26.18224765167009949 ) ) ;
#338 = CARTESIAN_POINT ( 'NONE',  ( -0.07681798113158208596, 25.29851411751405266, 23.70617828429517715 ) ) ;
#339 = CARTESIAN_POINT ( 'NONE',  ( -23.42083314495235413, 23.83343781819988649, -0.5455141510322231158 ) ) ;
#340 = CARTESIAN_POINT ( 'NONE',  ( 0.2018020901844861936, 11.65804677938674239, -24.67873657322180492 ) ) ;
#341 = DIRECTION ( 'NONE',  ( 0.000000000000000000, 0.000000000000000000, -1.000000000000000000 ) ) ;
#342 = FACE_OUTER_BOUND ( 'NONE', #6776, .T. ) ;
#343 = CARTESIAN_POINT ( 'NONE',  ( -23.60264610636837546, 18.15290730647619810, 0.2799895963824760581 ) ) ;
#344 = ORIENTED_EDGE ( 'NONE', *, *, #6753, .F. ) ;
#345 = CARTESIAN_POINT ( 'NONE',  ( -23.69649673120685307, 25.25232317041169949, 0.03847484580389529119 ) ) ;
#346 = CARTESIAN_POINT ( 'NONE',  ( 24.79070205974498720, 10.65508634487612660, 0.3168560430973408337 ) ) ;
#347 = CARTESIAN_POINT ( 'NONE',  ( -23.70617843559595173, 25.29851411752564871, 0.07677127596726640579 ) ) ;
#348 = ADVANCED_FACE ( 'NONE', ( #4416 ), #1953, .T. ) ;
#349 = CARTESIAN_POINT ( 'NONE',  ( 0.09711754837720867894, 23.77378415325585337, -23.58896912884171471 ) ) ;
#350 = CARTESIAN_POINT ( 'NONE',  ( -24.89185616095691600, 10.09247960894329310, 0.3421590482129716615 ) ) ;
#351 = CARTESIAN_POINT ( 'NONE',  ( -0.2824743428695370429, 21.68660777777354554, 23.43957278043219716 ) ) ;
#352 = CARTESIAN_POINT ( 'NONE',  ( -0.03093437817985680155, 8.965868453390688941, -25.51633925682547854 ) ) ;
#353 = CARTESIAN_POINT ( 'NONE',  ( 24.27653294587950228, 7.627790439973450631, 0.7992252429786762535 ) ) ;
#354 = VERTEX_POINT ( 'NONE', #6569 ) ;
#355 = CARTESIAN_POINT ( 'NONE',  ( 25.47435321639050088, 8.899685846656504751, -0.1300909635883187032 ) ) ;
#356 = CARTESIAN_POINT ( 'NONE',  ( 23.11465492004821343, 24.96368408545327711, 0.3417810029962020102 ) ) ;
#357 = CARTESIAN_POINT ( 'NONE',  ( -23.69720220672815358, 25.20458595688069181, -2.227581968609439661E-05 ) ) ;
#358 = CARTESIAN_POINT ( 'NONE',  ( -23.69720220672815358, 25.20458595688069181, -2.227581968609439661E-05 ) ) ;
#359 = CARTESIAN_POINT ( 'NONE',  ( -25.10565325654603441, 7.547796932990851637, 0.4703887834453221450 ) ) ;
#360 = DIRECTION ( 'NONE',  ( 0.5050335568561283850, -3.113585633768581764E-13, -0.8630997082894004135 ) ) ;
#361 = CARTESIAN_POINT ( 'NONE',  ( 0.7314562217506360708, 11.55582631037418828, 23.91588333727812454 ) ) ;
#362 = CARTESIAN_POINT ( 'NONE',  ( 0.3418021388543525108, 7.340347350100864254, -25.43824991086426834 ) ) ;
#363 = B_SPLINE_CURVE_WITH_KNOTS ( 'NONE', 3,
 ( #6285, #6741, #4645, #3052 ),
 .UNSPECIFIED., .F., .F.,
 ( 4, 4 ),
 ( 0.000000000000000000, 1.000000000000000000 ),
 .UNSPECIFIED. ) ;
#364 = CARTESIAN_POINT ( 'NONE',  ( 25.99936527015319143, 6.987704348797229237, -0.1186305931704300654 ) ) ;
#365 = CARTESIAN_POINT ( 'NONE',  ( 23.45113447179054589, 21.09754653267484414, -0.2810843477077147323 ) ) ;
#366 = CARTESIAN_POINT ( 'NONE',  ( 0.02142153657565224259, 24.72136531537775284, -23.66670849320829362 ) ) ;
#367 = CARTESIAN_POINT ( 'NONE',  ( -0.7314086112384757810, 18.07803729237383550, -23.04391964080533484 ) ) ;
#368 = DIRECTION ( 'NONE',  ( -0.000000000000000000, -1.000000000000000000, -0.000000000000000000 ) ) ;
#369 = CARTESIAN_POINT ( 'NONE',  ( -0.0002453249911753868271, 7.846328791610667430, 25.90726325636667937 ) ) ;
#370 = CARTESIAN_POINT ( 'NONE',  ( -0.1177978868583539479, 25.23918523544271508, 23.52171686469536738 ) ) ;
#371 = CARTESIAN_POINT ( 'NONE',  ( 0.4925689247574595031, 12.89021491966750155, 24.08679644800284336 ) ) ;
#372 = CARTESIAN_POINT ( 'NONE',  ( -0.07058210693766035770, 25.17760779715615627, 23.68079833071233864 ) ) ;
#373 = CARTESIAN_POINT ( 'NONE',  ( -24.54736681190617986, 10.50125412032767258, -0.8527849398770770417 ) ) ;
#374 = CARTESIAN_POINT ( 'NONE',  ( -0.2812807095144683744, 10.43854029251606619, -24.90187158169618087 ) ) ;
#375 = CARTESIAN_POINT ( 'NONE',  ( -0.2162532529591453534, 25.09552676253307979, -23.66284728178824537 ) ) ;
#376 = CARTESIAN_POINT ( 'NONE',  ( -0.6647003840777526706, 6.914241138009465715, 24.68996586444359664 ) ) ;
#377 = CARTESIAN_POINT ( 'NONE',  ( -23.59643713376732066, 19.63454513438111704, 0.09358701334601227106 ) ) ;
#378 = CIRCLE ( 'NONE', #2586, 22.05661753709545181 ) ;
#379 = ORIENTED_EDGE ( 'NONE', *, *, #1553, .T. ) ;
#380 = CIRCLE ( 'NONE', #4908, 1.924999999999999600 ) ;
#381 = CARTESIAN_POINT ( 'NONE',  ( -23.62640126630301651, 24.29613208671403868, 0.05595524993549069737 ) ) ;
#382 = CARTESIAN_POINT ( 'NONE',  ( 23.31942941184428264, 15.13889166045227697, 0.7821337062218995939 ) ) ;
#383 = CARTESIAN_POINT ( 'NONE',  ( 0.08257528058638811952, 7.000345051182263134, -26.22543059861294168 ) ) ;
#384 = DIRECTION ( 'NONE',  ( 0.000000000000000000, 1.000000000000000000, 0.000000000000000000 ) ) ;
#385 = CARTESIAN_POINT ( 'NONE',  ( 0.09674943708454482316, 24.29157646094223111, -23.60042373960954620 ) ) ;
#386 = CARTESIAN_POINT ( 'NONE',  ( -24.61449833218574312, 11.64943761084549756, -0.2831706696330992257 ) ) ;
#387 = CARTESIAN_POINT ( 'NONE',  ( 0.6645606511407685657, 19.55787644667997327, 23.02428074409304415 ) ) ;
#388 = AXIS2_PLACEMENT_3D ( 'NONE', #1977, #308, #4092 ) ;
#389 = CARTESIAN_POINT ( 'NONE',  ( 0.001123063372617486445, 8.716897284040454608, -25.60183553784818145 ) ) ;
#390 = EDGE_CURVE ( 'NONE', #3766, #2064, #6526, .T. ) ;
#391 = CARTESIAN_POINT ( 'NONE',  ( 25.80059538719673284, 7.832035452556489474, -0.1182285183105574317 ) ) ;
#392 = CARTESIAN_POINT ( 'NONE',  ( -0.04910141172838176915, 25.31523811895216625, -23.70981832677219003 ) ) ;
#393 = CARTESIAN_POINT ( 'NONE',  ( 22.19348083613025935, 24.84023513786889126, 0.7983455350634737213 ) ) ;
#394 = AXIS2_PLACEMENT_3D ( 'NONE', #5316, #2044, #3714 ) ;
#395 = CARTESIAN_POINT ( 'NONE',  ( -16.30012398138545038, 16.71383033581603073, -2.560460542844374299 ) ) ;
#396 = DIRECTION ( 'NONE',  ( 0.000000000000000000, 0.000000000000000000, 1.000000000000000000 ) ) ;
#397 = CARTESIAN_POINT ( 'NONE',  ( -25.87803085562867622, 7.842411974564392985, 0.06442033444473010961 ) ) ;
#398 = CARTESIAN_POINT ( 'NONE',  ( 0.02088007840129119108, 24.71988064141282138, 23.66644216030787717 ) ) ;
#399 = CARTESIAN_POINT ( 'NONE',  ( -0.4707678675188403661, 12.83537009432394882, 24.14080721091469428 ) ) ;
#400 = CARTESIAN_POINT ( 'NONE',  ( -0.09712592062767869128, 7.092625732938900640, -26.02106220171261697 ) ) ;
#401 = CARTESIAN_POINT ( 'NONE',  ( 26.06545407122432678, 6.894546603028785192, -0.09720992475082550210 ) ) ;
#402 = CARTESIAN_POINT ( 'NONE',  ( 22.90310444842240400, 21.02409769357854685, 0.6643447106884683429 ) ) ;
#403 = CARTESIAN_POINT ( 'NONE',  ( -0.01458052472190615734, 24.81666787961754750, -23.67297767626825333 ) ) ;
#404 = CARTESIAN_POINT ( 'NONE',  ( -25.67413909883121903, 6.842103844355110986, -0.2812136795675858059 ) ) ;
#405 = CARTESIAN_POINT ( 'NONE',  ( 0.5976543796999005398, 19.57208594671171298, -23.13039775505585638 ) ) ;
#406 = DIRECTION ( 'NONE',  ( 1.000000000000000000, -4.423544863740861877E-14, 1.995143051763653935E-27 ) ) ;
#407 = CARTESIAN_POINT ( 'NONE',  ( 0.7985204854962727472, 7.759616585129375466, 24.28845832768413260 ) ) ;
#408 = CARTESIAN_POINT ( 'NONE',  ( -0.1995974380824279693, 25.00115878623504528, 23.39429030691530542 ) ) ;
#409 = CARTESIAN_POINT ( 'NONE',  ( 0.3229432640572473812, 8.731838975343794829, 25.32208726135438326 ) ) ;
#410 = CARTESIAN_POINT ( 'NONE',  ( -26.01033326184019145, 7.382339463760303921, -0.3123859726643652412 ) ) ;
#411 = CARTESIAN_POINT ( 'NONE',  ( -23.81651766316432983, 12.80569303824960770, -0.6913444985983601132 ) ) ;
#412 = CARTESIAN_POINT ( 'NONE',  ( -0.5975709969075306827, 10.03032984397896676, -24.42806388075593560 ) ) ;
#413 = CARTESIAN_POINT ( 'NONE',  ( -0.08274577012455330838, 7.000345051182263134, -26.22543006124312015 ) ) ;
#414 = CARTESIAN_POINT ( 'NONE',  ( 0.2006587820257821897, 6.865308770069307620, 25.84726799526633201 ) ) ;
#415 = CARTESIAN_POINT ( 'NONE',  ( -22.51676762850834379, 22.44887704625534752, 0.7992989181815910449 ) ) ;
#416 = EDGE_CURVE ( 'NONE', #4541, #5328, #3974, .T. ) ;
#417 = ORIENTED_EDGE ( 'NONE', *, *, #1279, .T. ) ;
#418 = CARTESIAN_POINT ( 'NONE',  ( -23.41692195426685075, 23.77584549519496449, 0.2983789205886958062 ) ) ;
#419 = CARTESIAN_POINT ( 'NONE',  ( -26.22505136324788566, 7.000345051182248923, -0.1634311923667725597 ) ) ;
#420 = CARTESIAN_POINT ( 'NONE',  ( -23.69954260084325526, 25.26781905910459614, -0.1137050485129465910 ) ) ;
#421 = CARTESIAN_POINT ( 'NONE',  ( -23.70900284389535173, 25.31149135257453153, -0.05531932266497893713 ) ) ;
#422 = CARTESIAN_POINT ( 'NONE',  ( -0.4707914068461574453, 24.71729615482997033, -22.92477463343348276 ) ) ;
#423 = CARTESIAN_POINT ( 'NONE',  ( -24.67730137698961101, 10.06372861236113891, 0.4699463729320937366 ) ) ;
#424 = CARTESIAN_POINT ( 'NONE',  ( 0.5973937212446007727, 19.57192071734067085, 23.12908665467365310 ) ) ;
#425 = CARTESIAN_POINT ( 'NONE',  ( -0.7316413605342727555, 8.165729103305611858, -24.40390610939624949 ) ) ;
#426 = CARTESIAN_POINT ( 'NONE',  ( 25.89930114992476362, 7.845262086106576938, -0.03201725019911592224 ) ) ;
#427 = ORIENTED_EDGE ( 'NONE', *, *, #1722, .F. ) ;
#428 = CARTESIAN_POINT ( 'NONE',  ( 0.000000000000000000, 16.71383033581603073, 16.50000000000000000 ) ) ;
#429 = CARTESIAN_POINT ( 'NONE',  ( 22.31096359537601970, 24.11878598430396892, -0.7993671572711458229 ) ) ;
#430 = EDGE_LOOP ( 'NONE', ( #3048, #4397, #2, #1433 ) ) ;
#431 = CARTESIAN_POINT ( 'NONE',  ( 0.08257528058638811952, 7.000345051182263134, -26.22543059861294168 ) ) ;
#432 = CARTESIAN_POINT ( 'NONE',  ( -24.80399192107302753, 7.507372934299196388, 0.5977674809325198568 ) ) ;
#433 = DIRECTION ( 'NONE',  ( 0.000000000000000000, 0.000000000000000000, -1.000000000000000000 ) ) ;
#434 = CARTESIAN_POINT ( 'NONE',  ( -0.6650666101109994344, 12.79421685993262159, 23.83372518220332026 ) ) ;
#435 = EDGE_CURVE ( 'NONE', #354, #320, #5713, .T. ) ;
#436 = CARTESIAN_POINT ( 'NONE',  ( 0.02111248254603328989, 7.267927093616806111, -26.11351045754665989 ) ) ;
#437 = CARTESIAN_POINT ( 'NONE',  ( 26.04870168238811701, 6.994313955994519105, 0.09599728122239982453 ) ) ;
#438 = CARTESIAN_POINT ( 'NONE',  ( 23.12908665467366021, 19.57192071734067085, -0.5973937212443586331 ) ) ;
#439 = DIRECTION ( 'NONE',  ( 0.000000000000000000, 1.000000000000000000, 0.000000000000000000 ) ) ;
#440 = CARTESIAN_POINT ( 'NONE',  ( -26.20388907329695627, 6.913097474779760887, 0.03285360840077581474 ) ) ;
#441 = CARTESIAN_POINT ( 'NONE',  ( -0.1152268985710003107, 19.63372569947900814, -23.59032091082017502 ) ) ;
#442 = CARTESIAN_POINT ( 'NONE',  ( -14.28941916244323451, 23.71383033581603073, -8.250000000000007105 ) ) ;
#443 = ADVANCED_FACE ( 'NONE', ( #2890 ), #2273, .F. ) ;
#444 = CARTESIAN_POINT ( 'NONE',  ( 0.2824084758487030999, 7.791253347708305910, 25.49625937688431776 ) ) ;
#445 = CARTESIAN_POINT ( 'NONE',  ( 0.2825129210567213778, 24.98155159400170433, 23.24794549383065956 ) ) ;
#446 = CARTESIAN_POINT ( 'NONE',  ( 0.009667054951553287132, 7.409607887834151363, 26.06902831569859558 ) ) ;
#447 = CARTESIAN_POINT ( 'NONE',  ( 25.12903774191525841, 10.12426192637805400, -0.1165288213407294771 ) ) ;
#448 = ORIENTED_EDGE ( 'NONE', *, *, #3063, .F. ) ;
#449 = CARTESIAN_POINT ( 'NONE',  ( -26.18902463074316245, 7.063926764030484584, -0.1515241026399449797 ) ) ;
#450 = CARTESIAN_POINT ( 'NONE',  ( -25.83179900272520513, 8.000568059634453277, 0.04987746911967966268 ) ) ;
#451 = CARTESIAN_POINT ( 'NONE',  ( 0.09851133894675674629, 10.45781649795546997, -25.04573980795824895 ) ) ;
#452 = CARTESIAN_POINT ( 'NONE',  ( -0.3081481945251853261, 24.86819982996588863, -23.61573200726504140 ) ) ;
#453 = CARTESIAN_POINT ( 'NONE',  ( -0.06385678538433649243, 7.101593779964280984, 26.08799431780154521 ) ) ;
#454 = CARTESIAN_POINT ( 'NONE',  ( -23.37214526260992642, 23.44941857218430314, -0.2817116823588751706 ) ) ;
#455 = VERTEX_POINT ( 'NONE', #5691 ) ;
#456 = CARTESIAN_POINT ( 'NONE',  ( 23.69974011243645151, 25.26779718664123919, -0.05130419048842874141 ) ) ;
#457 = CARTESIAN_POINT ( 'NONE',  ( 25.88957437681456142, 3.760367054716749813, 0.000000000000000000 ) ) ;
#458 = CARTESIAN_POINT ( 'NONE',  ( 1.128649202581356370, 16.69494989706853261, -23.10417845345402554 ) ) ;
#459 = CARTESIAN_POINT ( 'NONE',  ( -26.23963803140740225, 6.975314655867959068, 0.03031149914443760640 ) ) ;
#460 = CARTESIAN_POINT ( 'NONE',  ( 0.2814245773440723908, 25.19655619810600200, -23.20362005602302347 ) ) ;
#461 = CARTESIAN_POINT ( 'NONE',  ( -24.27392428904735766, 13.75790599920574309, -0.06816538749221623394 ) ) ;
#462 = ADVANCED_FACE ( 'NONE', ( #744 ), #6715, .F. ) ;
#463 = CARTESIAN_POINT ( 'NONE',  ( -0.5977431442589692390, 8.590109105753269247, -24.65567436583116034 ) ) ;
#464 = CARTESIAN_POINT ( 'NONE',  ( 25.31120585049724525, 8.677952982668074355, -0.2820954271723355999 ) ) ;
#465 = CARTESIAN_POINT ( 'NONE',  ( -0.2831599704030349773, 7.294417015260889592, 26.05901792098656244 ) ) ;
#466 = CARTESIAN_POINT ( 'NONE',  ( 23.57297983354384385, 24.28790063158485779, -0.1179811376680824225 ) ) ;
#467 = ORIENTED_EDGE ( 'NONE', *, *, #5820, .T. ) ;
#468 = DIRECTION ( 'NONE',  ( 0.000000000000000000, 0.000000000000000000, 1.000000000000000000 ) ) ;
#469 = CARTESIAN_POINT ( 'NONE',  ( -25.72809820416398452, 8.343175382773168280, -0.0007686327781681401641 ) ) ;
#470 = DIRECTION ( 'NONE',  ( 0.000000000000000000, -1.000000000000000000, 0.000000000000000000 ) ) ;
#471 = CARTESIAN_POINT ( 'NONE',  ( 0.2806872462473315455, 11.64926559774221992, 24.61317787154181858 ) ) ;
#472 =( BOUNDED_SURFACE ( )  B_SPLINE_SURFACE ( 2, 3, ( 
 ( #1833, #1331, #1866, #4060, #6271, #5213 ),
 ( #3546, #1905, #1398, #5763, #782, #6340 ),
 ( #6378, #3613, #2998, #4666, #1291, #852 ) ),
 .UNSPECIFIED., .F., .F., .T. ) 
 B_SPLINE_SURFACE_WITH_KNOTS ( ( 3, 3 ),
 ( 4, 2, 4 ),
 ( 0.000000000000000000, 1.000000000000000000 ),
 ( 0.000000000000000000, 9.355188861406022317E-05, 0.0001871037772281204463 ),
 .UNSPECIFIED. ) 
 GEOMETRIC_REPRESENTATION_ITEM ( )  RATIONAL_B_SPLINE_SURFACE ( (
 ( 1.000000000000000000, 1.000000000000000000, 1.000000000000000000, 1.000000000000000000, 1.000000000000000000, 1.000000000000000000),
 ( 0.9954377026008738305, 0.9968882530528021535, 0.9980233822460832238, 0.9980145982017144535, 0.9968796860327211462, 0.9954353892156494465),
 ( 1.000000000000000000, 1.000000000000000000, 1.000000000000000000, 1.000000000000000000, 1.000000000000000000, 1.000000000000000000) ) ) 
 REPRESENTATION_ITEM ( '' )  SURFACE ( )  );
#473 = CARTESIAN_POINT ( 'NONE',  ( 24.33169118431815647, 7.029141752872719806, 0.7993355390902255886 ) ) ;
#474 = CARTESIAN_POINT ( 'NONE',  ( 22.78172998809184335, 21.00783192400292876, 0.7314409189696194913 ) ) ;
#475 = CYLINDRICAL_SURFACE ( 'NONE', #1654, 2.000000000000000000 ) ;
#476 = CARTESIAN_POINT ( 'NONE',  ( -24.50375042370848178, 7.052199704230885047, -0.7320015624597966397 ) ) ;
#477 = CARTESIAN_POINT ( 'NONE',  ( 0.7988244353978631862, 19.52667572963225950, -22.79154960921760775 ) ) ;
#478 = CARTESIAN_POINT ( 'NONE',  ( -0.06437619913819016271, 7.842333523964738262, 25.87745385909241591 ) ) ;
#479 = CARTESIAN_POINT ( 'NONE',  ( -0.4692974219507854428, 25.14693604737652421, 22.83335556512797737 ) ) ;
#480 = CARTESIAN_POINT ( 'NONE',  ( 1.103267434610115671, 14.32464713975266868, 23.44882577916065358 ) ) ;
#481 = CARTESIAN_POINT ( 'NONE',  ( 24.72799884635621837, 11.66464950938769363, 0.06734701866185939523 ) ) ;
#482 = EDGE_CURVE ( 'NONE', #1752, #2977, #5839, .T. ) ;
#483 = EDGE_LOOP ( 'NONE', ( #687, #1663 ) ) ;
#484 = CARTESIAN_POINT ( 'NONE',  ( 0.5174786181322902356, 10.54059588274514248, -24.54438950007213549 ) ) ;
#485 = CARTESIAN_POINT ( 'NONE',  ( 16.30012398138545038, 21.71383033581603073, -2.560460542844364085 ) ) ;
#486 = CARTESIAN_POINT ( 'NONE',  ( -0.7985068872334500911, 11.53846078592891722, -23.78629348847976033 ) ) ;
#487 = CARTESIAN_POINT ( 'NONE',  ( -0.3612440693095783639, 24.67938909934233749, -23.57802381414693116 ) ) ;
#488 = CARTESIAN_POINT ( 'NONE',  ( -0.4695531283326472849, 6.879393912357849139, 25.19116677981247676 ) ) ;
#489 = CARTESIAN_POINT ( 'NONE',  ( -23.57416520514342295, 22.59056948887761962, -0.06601226170506141466 ) ) ;
#490 = CIRCLE ( 'NONE', #1652, 26.22556059953014440 ) ;
#491 = ORIENTED_EDGE ( 'NONE', *, *, #4131, .F. ) ;
#492 = CARTESIAN_POINT ( 'NONE',  ( -26.03500485941638942, 7.494501125511068729, 0.01441974098331282560 ) ) ;
#493 = CIRCLE ( 'NONE', #1886, 1.925000000000004929 ) ;
#494 = DIRECTION ( 'NONE',  ( 0.000000000000000000, 1.000000000000000000, 0.000000000000000000 ) ) ;
#495 = CARTESIAN_POINT ( 'NONE',  ( -23.67342599470697095, 25.14562790264264081, -0.1915593466074097251 ) ) ;
#496 = CARTESIAN_POINT ( 'NONE',  ( 0.5760668136502041792, 21.04541810619027586, 23.09122016064570460 ) ) ;
#497 = CARTESIAN_POINT ( 'NONE',  ( -0.2825129210565590077, 24.98155159400170433, -23.24794549383066311 ) ) ;
#498 = CARTESIAN_POINT ( 'NONE',  ( -24.12066381768102374, 13.73737141100557047, 0.3408237930392621351 ) ) ;
#499 = CARTESIAN_POINT ( 'NONE',  ( -0.6646955505724236879, 8.825834473190534268, -24.47133263807257109 ) ) ;
#500 = AXIS2_PLACEMENT_3D ( 'NONE', #258, #1245, #6328 ) ;
#501 = EDGE_CURVE ( 'NONE', #4391, #1740, #4095, .T. ) ;
#502 = CARTESIAN_POINT ( 'NONE',  ( 25.72372978188224124, 8.342590260824234605, -0.03151080081379108860 ) ) ;
#503 = CARTESIAN_POINT ( 'NONE',  ( -0.07457264525859996773, 7.113521166001443241, 26.16140522950339431 ) ) ;
#504 = CARTESIAN_POINT ( 'NONE',  ( 23.52171686469536738, 25.23918523544271508, 0.1177978868586003203 ) ) ;
#505 = VERTEX_POINT ( 'NONE', #2375 ) ;
#506 =( NAMED_UNIT ( * ) SI_UNIT ( $, .STERADIAN. ) SOLID_ANGLE_UNIT ( ) );
#507 = CARTESIAN_POINT ( 'NONE',  ( -25.68458463803339242, 8.337343363164865906, -0.09685784249369021326 ) ) ;
#508 = AXIS2_PLACEMENT_3D ( 'NONE', #6682, #3950, #640 ) ;
#509 = CARTESIAN_POINT ( 'NONE',  ( -0.7992110182935313611, 17.18260776149502433, 23.01735298223479020 ) ) ;
#510 = CARTESIAN_POINT ( 'NONE',  ( -0.03269897051730403376, 7.109158853622679963, -26.14444029419588134 ) ) ;
#511 = CIRCLE ( 'NONE', #6679, 1.999999999999999778 ) ;
#512 = CARTESIAN_POINT ( 'NONE',  ( 26.08799431780154521, 7.101593779964280984, 0.06385678538460975995 ) ) ;
#513 = CARTESIAN_POINT ( 'NONE',  ( 23.41765612890090864, 22.56959408544826573, 0.2820376709753115718 ) ) ;
#514 = CARTESIAN_POINT ( 'NONE',  ( 23.57526961855803904, 23.71733800608648224, -0.1080405059712175320 ) ) ;
#515 = CARTESIAN_POINT ( 'NONE',  ( -25.49380768404708775, 7.021971420155070476, 0.3430639578825980252 ) ) ;
#516 = CARTESIAN_POINT ( 'NONE',  ( 0.7311289199898124425, 23.33811039573613044, -22.54156788790022858 ) ) ;
#517 = CARTESIAN_POINT ( 'NONE',  ( -0.02523759537226745800, 6.975340592763833669, -26.23962354003245778 ) ) ;
#518 = CARTESIAN_POINT ( 'NONE',  ( 0.3429291450284657761, 7.773697820844326145, 25.36525211392447332 ) ) ;
#519 =( BOUNDED_SURFACE ( )  B_SPLINE_SURFACE ( 2, 3, ( 
 ( #6209, #5144, #605, #5660, #1226, #2823 ),
 ( #128, #2347, #2379, #4566, #7131, #5036 ),
 ( #5626, #1802, #94, #167, #4028, #1836 ) ),
 .UNSPECIFIED., .F., .F., .T. ) 
 B_SPLINE_SURFACE_WITH_KNOTS ( ( 3, 3 ),
 ( 4, 2, 4 ),
 ( 0.000000000000000000, 1.000000000000000000 ),
 ( 0.000000000000000000, 9.355188861452071094E-05, 0.0001871037772290414219 ),
 .UNSPECIFIED. ) 
 GEOMETRIC_REPRESENTATION_ITEM ( )  RATIONAL_B_SPLINE_SURFACE ( (
 ( 1.000000000000000000, 1.000000000000000000, 1.000000000000000000, 1.000000000000000000, 1.000000000000000000, 1.000000000000000000),
 ( 0.9954377026008555118, 0.9968882530527523045, 0.9980233822461633819, 0.9980145982016012107, 0.9968796860328248410, 0.9954353892156324601),
 ( 1.000000000000000000, 1.000000000000000000, 1.000000000000000000, 1.000000000000000000, 1.000000000000000000, 1.000000000000000000) ) ) 
 REPRESENTATION_ITEM ( '' )  SURFACE ( )  );
#520 = CARTESIAN_POINT ( 'NONE',  ( 0.7993421322546646612, 24.62534780950823432, 22.23861383497451172 ) ) ;
#521 = CARTESIAN_POINT ( 'NONE',  ( 23.63467680022146311, 24.96068686661688929, -0.2760198602101801568 ) ) ;
#522 = CARTESIAN_POINT ( 'NONE',  ( 24.29354375378402864, 10.01230362127266105, -0.6645985338670858944 ) ) ;
#523 = ORIENTED_EDGE ( 'NONE', *, *, #3518, .T. ) ;
#524 = CARTESIAN_POINT ( 'NONE',  ( 0.3226041439560013990, 8.726436657276398279, -25.32465079404697050 ) ) ;
#525 = CARTESIAN_POINT ( 'NONE',  ( -26.04872888629058991, 7.461234850773724503, 0.01240019922470858744 ) ) ;
#526 = CARTESIAN_POINT ( 'NONE',  ( 0.03655762309537107652, 15.51502574664781697, -23.97968806693698340 ) ) ;
#527 = CARTESIAN_POINT ( 'NONE',  ( -14.28941916244323451, 16.71383033581603073, -10.17500000000000782 ) ) ;
#528 = CARTESIAN_POINT ( 'NONE',  ( -0.7320481748309817238, 6.790549155179451901, 24.52820429417376147 ) ) ;
#529 = CARTESIAN_POINT ( 'NONE',  ( -23.50650319254738818, 22.58150454485840086, 0.1994394144787378920 ) ) ;
#530 = ADVANCED_FACE ( 'NONE', ( #6128 ), #1321, .F. ) ;
#531 = CARTESIAN_POINT ( 'NONE',  ( -25.78161810170094626, 7.805647636929271549, 0.4307169967050709647 ) ) ;
#532 = CARTESIAN_POINT ( 'NONE',  ( -14.28941916244323451, 21.71383033581603073, -8.250000000000007105 ) ) ;
#533 = CARTESIAN_POINT ( 'NONE',  ( 0.6053424969837452041, 8.685368828834777233, -25.33733797950939248 ) ) ;
#534 = CARTESIAN_POINT ( 'NONE',  ( 0.03847484580409733790, 25.25232317041170660, 23.69649673120686018 ) ) ;
#535 = CARTESIAN_POINT ( 'NONE',  ( 0.02154371476001703048, 25.03842089949329974, -23.67233697278733118 ) ) ;
#536 = CARTESIAN_POINT ( 'NONE',  ( -24.44985489748445673, 12.87678857033263213, -0.06789099173964022182 ) ) ;
#537 = CARTESIAN_POINT ( 'NONE',  ( 0.03396763369675898786, 9.546059335168482818, -25.33011407643686042 ) ) ;
#538 = CARTESIAN_POINT ( 'NONE',  ( 24.61046135668342671, 8.844467816531791371, 0.5973646184067621379 ) ) ;
#539 = CARTESIAN_POINT ( 'NONE',  ( 23.66764345771550637, 25.03779183631888472, 0.03219708182507590583 ) ) ;
#540 = ORIENTED_EDGE ( 'NONE', *, *, #5809, .F. ) ;
#541 = CARTESIAN_POINT ( 'NONE',  ( 0.08274577012498099404, 7.000345051182263134, 26.22543006124312015 ) ) ;
#542 = CARTESIAN_POINT ( 'NONE',  ( -25.72267830419466961, 8.342448789938773146, -0.03289104520534187615 ) ) ;
#543 = CARTESIAN_POINT ( 'NONE',  ( 0.1144370527501397672, 15.51284042216297898, 23.96337081132590896 ) ) ;
#544 = CARTESIAN_POINT ( 'NONE',  ( 0.3418458888835004816, 7.586726827084611102, -25.39621001577420145 ) ) ;
#545 = CARTESIAN_POINT ( 'NONE',  ( 26.15403686507685421, 7.110444402905994110, 0.02102157500947778382 ) ) ;
#546 = CARTESIAN_POINT ( 'NONE',  ( 22.60681244366038456, 21.57502047892229413, -0.7991818436355196953 ) ) ;
#547 = CARTESIAN_POINT ( 'NONE',  ( 23.56128532351955585, 24.59356507458421248, -0.3808134625778293314 ) ) ;
#548 = CARTESIAN_POINT ( 'NONE',  ( -24.37533511248214424, 6.872090831257574806, 0.7983804839775658913 ) ) ;
#549 = CARTESIAN_POINT ( 'NONE',  ( 0.02279252297947539918, 23.48091686702825953, -23.60717572735964609 ) ) ;
#550 = CARTESIAN_POINT ( 'NONE',  ( 6.703507711334422011E-12, 6.975356117337841333, -26.23961491300310556 ) ) ;
#551 = CARTESIAN_POINT ( 'NONE',  ( -0.3421119409076778251, 8.662558065192042633, 25.19636630413918965 ) ) ;
#552 = CARTESIAN_POINT ( 'NONE',  ( 0.09691175241224508907, 25.46361181394916429, 23.54764942707513242 ) ) ;
#553 = EDGE_CURVE ( 'NONE', #580, #2156, #19, .T. ) ;
#554 = FACE_OUTER_BOUND ( 'NONE', #4152, .T. ) ;
#555 = CARTESIAN_POINT ( 'NONE',  ( 23.79853001224962838, 13.69419459041779241, 0.5981539729228634306 ) ) ;
#556 = ORIENTED_EDGE ( 'NONE', *, *, #5456, .F. ) ;
#557 = CARTESIAN_POINT ( 'NONE',  ( 0.7619944654631292114, 14.35418120390931840, -23.45908771045641217 ) ) ;
#558 = CARTESIAN_POINT ( 'NONE',  ( -26.11842674141987430, 7.280185759697749504, 0.003815260238598926646 ) ) ;
#559 = CARTESIAN_POINT ( 'NONE',  ( -0.1976581806482900217, 12.87050874024570746, -24.40297602770036534 ) ) ;
#560 = CARTESIAN_POINT ( 'NONE',  ( -0.1437240720276822259, 23.33477723405126980, -23.54132578154922939 ) ) ;
#561 = CARTESIAN_POINT ( 'NONE',  ( 0.2825270056826518217, 7.359220980500884579, 25.57904839084172721 ) ) ;
#562 = CARTESIAN_POINT ( 'NONE',  ( -23.32919724268692718, 22.55773933535131448, -0.3422571739108613564 ) ) ;
#563 = CARTESIAN_POINT ( 'NONE',  ( 0.3413180938438710177, 19.61511158203591521, 23.45140338231266952 ) ) ;
#564 = CARTESIAN_POINT ( 'NONE',  ( -25.85482517193285545, 7.942739257403120590, 0.04529324159475161399 ) ) ;
#565 = CARTESIAN_POINT ( 'NONE',  ( 2.571758278209441661E-15, 0.7991967808059080580, 21.00000000000000000 ) ) ;
#566 = CYLINDRICAL_SURFACE ( 'NONE', #4335, 2.000000000000000000 ) ;
#567 = CARTESIAN_POINT ( 'NONE',  ( 0.2734725013377853897, 24.96723757409088407, 23.63603137294479595 ) ) ;
#568 = CARTESIAN_POINT ( 'NONE',  ( -0.2004394391135804754, 25.43662585260576137, -23.34626732058702814 ) ) ;
#569 = CARTESIAN_POINT ( 'NONE',  ( -24.45457240173828950, 12.87742150374782568, 0.01758781114572706070 ) ) ;
#570 = CARTESIAN_POINT ( 'NONE',  ( -0.09534358802493328455, 9.543448839722282528, -25.31062551658360960 ) ) ;
#571 = CARTESIAN_POINT ( 'NONE',  ( 25.72809820416398452, 8.343175382773168280, 0.0007686327781681401641 ) ) ;
#572 = EDGE_CURVE ( 'NONE', #574, #3502, #5580, .T. ) ;
#573 = CARTESIAN_POINT ( 'NONE',  ( 23.53877928878237924, 25.02052222124675041, 0.1178523928287707745 ) ) ;
#574 = VERTEX_POINT ( 'NONE', #3120 ) ;
#575 = DIRECTION ( 'NONE',  ( 0.000000000000000000, 0.000000000000000000, 1.000000000000000000 ) ) ;
#576 = CARTESIAN_POINT ( 'NONE',  ( -24.24692112796182997, 8.144692403324299335, 0.7985635121795635616 ) ) ;
#577 = CARTESIAN_POINT ( 'NONE',  ( 0.7983053069786523182, 13.64933669457077947, 23.46369897365991264 ) ) ;
#578 = CARTESIAN_POINT ( 'NONE',  ( -0.02140522874394924432, 7.663822280232503559, -25.97148995440927521 ) ) ;
#579 = CARTESIAN_POINT ( 'NONE',  ( 26.15173167059714743, 7.110135863769351694, -0.02189888665588575825 ) ) ;
#580 = VERTEX_POINT ( 'NONE', #289 ) ;
#581 = CARTESIAN_POINT ( 'NONE',  ( 23.56513835725766270, 21.70343762328743153, -0.06219973357423883714 ) ) ;
#582 = CARTESIAN_POINT ( 'NONE',  ( 23.68932403609344206, 25.21831735414838249, -0.05758471675859722777 ) ) ;
#583 = CARTESIAN_POINT ( 'NONE',  ( -25.82922714289246358, 7.066915651316557856, -0.1992946694116220219 ) ) ;
#584 = CARTESIAN_POINT ( 'NONE',  ( 0.06536073770977485209, 23.47969334399993713, -23.59804830489644445 ) ) ;
#585 = CARTESIAN_POINT ( 'NONE',  ( -0.8657638164422123417, 21.46466621256606899, 23.10427238838779829 ) ) ;
#586 = CARTESIAN_POINT ( 'NONE',  ( 0.6646955505725945512, 8.825834473190534268, 24.47133263807256753 ) ) ;
#587 = CARTESIAN_POINT ( 'NONE',  ( 0.1173728927076103934, 6.790609428828042304, -26.05111696981699509 ) ) ;
#588 = CARTESIAN_POINT ( 'NONE',  ( 23.69031063713379126, 25.22489290671243722, -0.1433896421634747176 ) ) ;
#589 = CARTESIAN_POINT ( 'NONE',  ( 23.93338126474662175, 15.50881879492249027, 0.2028928778274887712 ) ) ;
#590 = VERTEX_POINT ( 'NONE', #6428 ) ;
#591 = CARTESIAN_POINT ( 'NONE',  ( 5.213530464874319037, 21.71383033581603073, 13.53030303030302939 ) ) ;
#592 = ADVANCED_FACE ( 'NONE', ( #6463 ), #1451, .F. ) ;
#593 = CARTESIAN_POINT ( 'NONE',  ( 0.2839180785565583731, 13.74472116855136861, -24.17555020867768789 ) ) ;
#594 = CARTESIAN_POINT ( 'NONE',  ( -0.09544244410526440958, 25.09155723752184386, -23.66297438277310050 ) ) ;
#595 = CARTESIAN_POINT ( 'NONE',  ( 0.5977411249966066986, 6.938831602957817424, 24.87338294121087046 ) ) ;
#596 = CARTESIAN_POINT ( 'NONE',  ( -23.63584000926382700, 24.29632365845789366, 0.03160171362886590729 ) ) ;
#597 = CARTESIAN_POINT ( 'NONE',  ( -0.1186633268834038912, 23.47552666997725979, 23.56695912666879522 ) ) ;
#598 = CARTESIAN_POINT ( 'NONE',  ( -25.49586041880846210, 8.846241594122295382, 0.1246056897783563017 ) ) ;
#599 = CARTESIAN_POINT ( 'NONE',  ( 0.3832391132628294450, 24.58336256411042342, 23.55930735342832349 ) ) ;
#600 = CARTESIAN_POINT ( 'NONE',  ( 26.22543059861293813, 7.000345051182263134, 0.08257528058652605085 ) ) ;
#601 = CARTESIAN_POINT ( 'NONE',  ( 0.7680991092205361470, 22.26487400283077633, 23.19551696618166048 ) ) ;
#602 = CARTESIAN_POINT ( 'NONE',  ( 0.01416770204172270939, 25.28460175508640262, -23.70370387639029985 ) ) ;
#603 = CARTESIAN_POINT ( 'NONE',  ( -23.23579902860415913, 17.21189415792853339, 0.6641070551890747575 ) ) ;
#604 = AXIS2_PLACEMENT_3D ( 'NONE', #5070, #1142, #90 ) ;
#605 = CARTESIAN_POINT ( 'NONE',  ( 0.03031149913952570218, 6.975314655869000013, 26.23963803140683027 ) ) ;
#606 = CARTESIAN_POINT ( 'NONE',  ( -0.02998482296574669220, 10.12798365970094316, -25.15681581406119349 ) ) ;
#607 = CIRCLE ( 'NONE', #144, 16.50000000000000000 ) ;
#608 = CARTESIAN_POINT ( 'NONE',  ( 25.68458463803339242, 8.337343363164865906, 0.09685784249369021326 ) ) ;
#609 = CARTESIAN_POINT ( 'NONE',  ( 23.05050406096124149, 25.39698637874890252, 0.3418128466574773539 ) ) ;
#610 = CARTESIAN_POINT ( 'NONE',  ( 25.85581429268146891, 7.940679269520918737, 0.04436703468258245547 ) ) ;
#611 = CARTESIAN_POINT ( 'NONE',  ( -24.38626120462853919, 8.163351719434210452, -0.7318664915579504715 ) ) ;
#612 = CARTESIAN_POINT ( 'NONE',  ( 0.3408237930395148219, 13.73737141100557047, 24.12066381768102019 ) ) ;
#613 = CIRCLE ( 'NONE', #6536, 4.000000000000000000 ) ;
#614 = CARTESIAN_POINT ( 'NONE',  ( -0.0001812680633696828192, 7.482936854728404086, -26.04781636414378099 ) ) ;
#615 = EDGE_CURVE ( 'NONE', #580, #4971, #2582, .T. ) ;
#616 = CARTESIAN_POINT ( 'NONE',  ( 25.15675923921716262, 7.139710586857447971, 0.4695532098163018309 ) ) ;
#617 = CARTESIAN_POINT ( 'NONE',  ( -23.37509284363672535, 25.21953919146856649, 0.2004401152447940759 ) ) ;
#618 = CIRCLE ( 'NONE', #272, 2.000000000000000000 ) ;
#619 = CARTESIAN_POINT ( 'NONE',  ( 23.41692195426052336, 23.77584549519671953, -0.2983789205912316111 ) ) ;
#620 = CARTESIAN_POINT ( 'NONE',  ( -25.51007093875218246, 6.922136826749169636, 0.3430781290338726364 ) ) ;
#621 = CARTESIAN_POINT ( 'NONE',  ( 0.1198289981637650214, 21.70120331548387682, -23.54847734718411445 ) ) ;
#622 = CARTESIAN_POINT ( 'NONE',  ( -0.5483418637197713386, 23.81800114811951374, 23.41818581117007625 ) ) ;
#623 = CARTESIAN_POINT ( 'NONE',  ( 0.2822403039510327227, 8.298244886780153706, 25.39279819417152595 ) ) ;
#624 = CARTESIAN_POINT ( 'NONE',  ( -0.7311803056401042777, 25.29268454336483174, 22.27220566024768544 ) ) ;
#625 = AXIS2_PLACEMENT_3D ( 'NONE', #14, #6129, #5071 ) ;
#626 = CARTESIAN_POINT ( 'NONE',  ( 26.05692073325922919, 7.298184039302610948, -0.2844384912533634568 ) ) ;
#627 = CARTESIAN_POINT ( 'NONE',  ( 23.91588333727813165, 11.55582631037418828, -0.7314562217503854935 ) ) ;
#628 = ORIENTED_EDGE ( 'NONE', *, *, #4058, .T. ) ;
#629 = CARTESIAN_POINT ( 'NONE',  ( 0.5648208739736514383, 14.41548872624751887, -23.73548944997684629 ) ) ;
#630 = CARTESIAN_POINT ( 'NONE',  ( 26.04885650848128620, 7.461012785955174920, 0.01253079447213198069 ) ) ;
#631 = AXIS2_PLACEMENT_3D ( 'NONE', #1095, #6076, #4402 ) ;
#632 = CARTESIAN_POINT ( 'NONE',  ( 0.1003954373284000751, 15.51360489926032926, -23.96908955596330060 ) ) ;
#633 = CARTESIAN_POINT ( 'NONE',  ( -0.7153844166186583697, 19.06846676539608509, -23.00993670374863598 ) ) ;
#634 = CARTESIAN_POINT ( 'NONE',  ( 0.7315094138392435053, 6.894586745138489015, 24.54320907428097698 ) ) ;
#635 = CARTESIAN_POINT ( 'NONE',  ( -23.48520978674773829, 23.75988214637183660, 0.2000588386011458997 ) ) ;
#636 = CARTESIAN_POINT ( 'NONE',  ( -0.6639444664585258948, 23.64706773660506656, 22.64341966071605583 ) ) ;
#637 = FACE_OUTER_BOUND ( 'NONE', #6566, .T. ) ;
#638 = CARTESIAN_POINT ( 'NONE',  ( -26.20969886223683076, 7.027771657996455090, -0.1209976559439778915 ) ) ;
#639 = CARTESIAN_POINT ( 'NONE',  ( 0.3895905495144522113, 7.637535644029878945, 25.87100363999431707 ) ) ;
#640 = DIRECTION ( 'NONE',  ( 0.000000000000000000, -0.000000000000000000, 1.000000000000000000 ) ) ;
#641 = CARTESIAN_POINT ( 'NONE',  ( -0.09684916225504849874, 25.24471786377320726, -23.56298855524682878 ) ) ;
#642 = CARTESIAN_POINT ( 'NONE',  ( -23.65366421945572384, 18.15973992835600015, -0.2025679516858940876 ) ) ;
#643 = CARTESIAN_POINT ( 'NONE',  ( 26.14675714112759763, 7.138323107270426071, 0.2046379399428649992 ) ) ;
#644 = CARTESIAN_POINT ( 'NONE',  ( 24.98295036961916082, 10.10468151509921064, 0.2824129681879443687 ) ) ;
#645 = CARTESIAN_POINT ( 'NONE',  ( 23.69000752173475277, 25.04078908800868675, -4.817698394138369977E-06 ) ) ;
#646 = CARTESIAN_POINT ( 'NONE',  ( 26.01269915474957273, 7.378047589689345820, 0.3109662047778644633 ) ) ;
#647 = CARTESIAN_POINT ( 'NONE',  ( 15.27486343724324946, 7.000345051182241818, 26.32126085639518820 ) ) ;
#648 = CARTESIAN_POINT ( 'NONE',  ( -25.50815253437595942, 8.964771649252035957, 0.06339883902278545258 ) ) ;
#649 = CARTESIAN_POINT ( 'NONE',  ( 0.5968954882814861973, 13.69406821875828584, 23.79750887671247028 ) ) ;
#650 = CARTESIAN_POINT ( 'NONE',  ( -0.3429677008505762070, 7.587010142454218453, -25.39827941213582108 ) ) ;
#651 = CARTESIAN_POINT ( 'NONE',  ( 26.04740695533557826, 7.421982711993981852, -0.03244218889907239667 ) ) ;
#652 = ORIENTED_EDGE ( 'NONE', *, *, #7160, .F. ) ;
#653 = CARTESIAN_POINT ( 'NONE',  ( -23.66474031780311549, 25.25835287644686389, 0.03232076044922599367 ) ) ;
#654 = CARTESIAN_POINT ( 'NONE',  ( 23.43470086103313932, 21.68595983966641327, -0.2813669126933215914 ) ) ;
#655 = CARTESIAN_POINT ( 'NONE',  ( 26.22543006124311660, 7.000345051182278233, -0.08274577012448340596 ) ) ;
#656 = ADVANCED_FACE ( 'NONE', ( #4208 ), #1484, .F. ) ;
#657 = CARTESIAN_POINT ( 'NONE',  ( -25.43824991086426834, 7.340347350100864254, -0.3418021388544412731 ) ) ;
#658 = CARTESIAN_POINT ( 'NONE',  ( -0.6053424969835834446, 8.685368828834823418, 25.33733797950937117 ) ) ;
#659 = CARTESIAN_POINT ( 'NONE',  ( -0.7318453600011609606, 8.547802073037512827, 24.34005664829891913 ) ) ;
#660 = CARTESIAN_POINT ( 'NONE',  ( -0.02228954232016826589, 6.820577247355287476, -26.27473447053878886 ) ) ;
#661 = CARTESIAN_POINT ( 'NONE',  ( 23.77145048085674262, 12.76425415499682003, -1.051678325004197001 ) ) ;
#662 = CARTESIAN_POINT ( 'NONE',  ( 23.45961243663815665, 13.64877506917440186, 0.7993243543243133686 ) ) ;
#663 = ORIENTED_EDGE ( 'NONE', *, *, #3391, .T. ) ;
#664 = CARTESIAN_POINT ( 'NONE',  ( 0.5455141510316419140, 23.83343781820281748, -23.42083314495296875 ) ) ;
#665 = EDGE_CURVE ( 'NONE', #43, #1845, #2889, .T. ) ;
#666 = CARTESIAN_POINT ( 'NONE',  ( 0.2842005263020545014, 15.50195020392908596, -23.88213160253283363 ) ) ;
#667 = CARTESIAN_POINT ( 'NONE',  ( -0.7680991092196927106, 22.26487400283018658, -23.19551696618164982 ) ) ;
#668 = CARTESIAN_POINT ( 'NONE',  ( 0.7984108511763360339, 7.033037902530442587, 24.36066068726267630 ) ) ;
#669 = CARTESIAN_POINT ( 'NONE',  ( -23.31308385495254498, 24.25306892086746302, -0.2814945416189048588 ) ) ;
#670 = CARTESIAN_POINT ( 'NONE',  ( -0.02345739104326662050, 22.59141182012425020, 23.58044808930438307 ) ) ;
#671 = DIRECTION ( 'NONE',  ( 0.000000000000000000, -1.000000000000000000, 0.000000000000000000 ) ) ;
#672 = CARTESIAN_POINT ( 'NONE',  ( -14.32435137758115395, 21.71383033581603073, -2.250101689166266183 ) ) ;
#673 = CARTESIAN_POINT ( 'NONE',  ( 0.6117054878647987248, 23.42216679185348482, 23.35367446359127541 ) ) ;
#674 = CARTESIAN_POINT ( 'NONE',  ( 0.02345868655962059582, 25.32364953403436303, -23.71147034102988016 ) ) ;
#675 = CARTESIAN_POINT ( 'NONE',  ( 0.09634360953529934324, 25.24465813719472607, -23.56255549123032367 ) ) ;
#676 = CARTESIAN_POINT ( 'NONE',  ( -23.77796498726645780, 17.28454283805839964, -0.02577856695456324718 ) ) ;
#677 = CARTESIAN_POINT ( 'NONE',  ( 0.000000000000000000, 87.11079995548602994, 0.000000000000000000 ) ) ;
#678 = CARTESIAN_POINT ( 'NONE',  ( 25.02143132183196172, 9.504696589430967180, -0.3423983946735591477 ) ) ;
#679 = CARTESIAN_POINT ( 'NONE',  ( 23.19631743016031677, 25.41653204599610660, -0.2825398233234728829 ) ) ;
#680 = CARTESIAN_POINT ( 'NONE',  ( 26.11996780347667624, 7.187471910706043410, 0.1003462263048460340 ) ) ;
#681 = CARTESIAN_POINT ( 'NONE',  ( -0.0005534655296827645015, 7.075871399259109573, -26.19333665643150155 ) ) ;
#682 = EDGE_CURVE ( 'NONE', #6015, #5786, #2926, .T. ) ;
#683 = CARTESIAN_POINT ( 'NONE',  ( -24.89287003597264558, 10.09260947756568960, -0.3426400775269409782 ) ) ;
#684 = CARTESIAN_POINT ( 'NONE',  ( -0.5976543796997390023, 19.57208594671171298, 23.13039775505585993 ) ) ;
#685 = CARTESIAN_POINT ( 'NONE',  ( -0.2005255900972714722, 7.382141962772720056, -25.75009529815709897 ) ) ;
#686 = CARTESIAN_POINT ( 'NONE',  ( 24.82154387270112750, 7.257701400345486498, 0.5973578963774754946 ) ) ;
#687 = ORIENTED_EDGE ( 'NONE', *, *, #5303, .T. ) ;
#688 = CARTESIAN_POINT ( 'NONE',  ( -23.70297377094140501, 25.48442552691738783, -0.02113089820580494119 ) ) ;
#689 = CARTESIAN_POINT ( 'NONE',  ( 25.99072620819421076, 7.421610015385578407, -0.1543006341344717869 ) ) ;
#690 = CARTESIAN_POINT ( 'NONE',  ( -25.75009529815709897, 7.382141962772720056, 0.2005255900971815719 ) ) ;
#691 = CARTESIAN_POINT ( 'NONE',  ( 0.5193595091358940152, 19.02110933368141232, 23.27797331158854988 ) ) ;
#692 = CARTESIAN_POINT ( 'NONE',  ( 0.7316092141635354151, 9.993795864658293837, 24.15543031315021238 ) ) ;
#693 = CARTESIAN_POINT ( 'NONE',  ( 0.5974030541336653455, 6.735773402202804405, -24.88069799253018388 ) ) ;
#694 = CARTESIAN_POINT ( 'NONE',  ( 26.22543006124312015, 7.000345051182263134, -0.08274577012426895251 ) ) ;
#695 = CARTESIAN_POINT ( 'NONE',  ( 23.60225898016044965, 18.15285048874050844, 0.2838763299912436811 ) ) ;
#696 = ORIENTED_EDGE ( 'NONE', *, *, #1370, .T. ) ;
#697 = CARTESIAN_POINT ( 'NONE',  ( 0.9990776438725823549, 19.90477474039371231, -23.00916924264788221 ) ) ;
#698 = CARTESIAN_POINT ( 'NONE',  ( 0.2027452419208724266, 17.27833376473292049, -23.73164304820236126 ) ) ;
#699 = CYLINDRICAL_SURFACE ( 'NONE', #6548, 4.000000000000000000 ) ;
#700 = CARTESIAN_POINT ( 'NONE',  ( -0.02102157500920383629, 7.110444402905994110, 26.15403686507685421 ) ) ;
#701 = CARTESIAN_POINT ( 'NONE',  ( -22.50660073979301146, 23.62873228090659339, -0.7311131265482369024 ) ) ;
#702 = CARTESIAN_POINT ( 'NONE',  ( -0.001312319751689140562, 23.48133313654822629, 23.61028062035620678 ) ) ;
#703 = EDGE_CURVE ( 'NONE', #3603, #580, #3087, .T. ) ;
#704 = VERTEX_POINT ( 'NONE', #1592 ) ;
#705 = CARTESIAN_POINT ( 'NONE',  ( -0.9873170051935887814, 12.01145116980678118, 24.02904227115315550 ) ) ;
#706 = DIRECTION ( 'NONE',  ( 0.000000000000000000, -1.000000000000000000, 0.000000000000000000 ) ) ;
#707 = CARTESIAN_POINT ( 'NONE',  ( 1.051678324360434846, 12.76425414271837155, 23.77145048404883454 ) ) ;
#708 = CARTESIAN_POINT ( 'NONE',  ( 0.1429540498038567309, 25.22572003858375211, -23.69048735675090001 ) ) ;
#709 = CARTESIAN_POINT ( 'NONE',  ( 0.1177435377582802672, 25.45784376843202068, -23.50462100084270389 ) ) ;
#710 = CARTESIAN_POINT ( 'NONE',  ( -23.93373841520879353, 15.50887016010736374, 0.1971018606887678659 ) ) ;
#711 = FACE_OUTER_BOUND ( 'NONE', #5321, .T. ) ;
#712 = CARTESIAN_POINT ( 'NONE',  ( 25.51633925682547854, 8.965868453390688941, -0.03093437817976771309 ) ) ;
#713 = DIRECTION ( 'NONE',  ( 0.000000000000000000, -1.000000000000000000, 0.000000000000000000 ) ) ;
#714 = CARTESIAN_POINT ( 'NONE',  ( 26.22543059861294523, 7.000345051182263134, 0.08257528058650891178 ) ) ;
#715 = CARTESIAN_POINT ( 'NONE',  ( -26.22543059861294168, 7.000345051182263134, -0.08257528058629437506 ) ) ;
#716 = CARTESIAN_POINT ( 'NONE',  ( -25.23450482078878920, 9.533248948828450864, 0.1994588909571718416 ) ) ;
#717 = CARTESIAN_POINT ( 'NONE',  ( -0.2027452419207067258, 17.27833376473292049, 23.73164304820236481 ) ) ;
#718 = CARTESIAN_POINT ( 'NONE',  ( 0.6646135873384347859, 7.800247023771017751, -24.59174748402945099 ) ) ;
#719 = AXIS2_PLACEMENT_3D ( 'NONE', #6203, #4389, #2308 ) ;
#720 = EDGE_CURVE ( 'NONE', #6657, #2298, #6996, .T. ) ;
#721 = CARTESIAN_POINT ( 'NONE',  ( 24.51051224014078755, 7.216032230033230910, -0.7315544424447987248 ) ) ;
#722 = EDGE_LOOP ( 'NONE', ( #4227, #3804, #1389, #6496 ) ) ;
#723 = CARTESIAN_POINT ( 'NONE',  ( -23.24794549383066311, 24.98155159400170433, 0.2825129210564778504 ) ) ;
#724 = CARTESIAN_POINT ( 'NONE',  ( 23.03231597655863538, 23.69919299968157134, -0.4706671434322384218 ) ) ;
#725 = CARTESIAN_POINT ( 'NONE',  ( 24.99547612702686550, 9.453338234527235429, -0.4027327609761101601 ) ) ;
#726 = CARTESIAN_POINT ( 'NONE',  ( -26.07124940469346086, 7.425177515477001222, 0.0002541102928686009982 ) ) ;
#727 = AXIS2_PLACEMENT_3D ( 'NONE', #2704, #799, #4145 ) ;
#728 = CARTESIAN_POINT ( 'NONE',  ( -0.05272491535269446111, 6.983764121842166439, 26.23496216986401208 ) ) ;
#729 = CARTESIAN_POINT ( 'NONE',  ( -0.7318620646520255235, 9.992463247009235161, 24.14558168760841639 ) ) ;
#730 = CARTESIAN_POINT ( 'NONE',  ( 0.09604819753289030315, 7.093098873097386736, -26.02460550842529585 ) ) ;
#731 = VECTOR ( 'NONE', #6668, 1000.000000000000000 ) ;
#732 = CARTESIAN_POINT ( 'NONE',  ( 23.01735298223478310, 17.18260776149502433, 0.7992110182937725016 ) ) ;
#733 = ORIENTED_EDGE ( 'NONE', *, *, #1196, .T. ) ;
#734 = CARTESIAN_POINT ( 'NONE',  ( -0.01783775493319668740, 7.551045883031978434, -26.01223956440751195 ) ) ;
#735 = CARTESIAN_POINT ( 'NONE',  ( 0.2838763299911612470, 18.15285048874050844, -23.60225898016044965 ) ) ;
#736 = CARTESIAN_POINT ( 'NONE',  ( -0.001196299856268399778, 7.133463061963857932, -26.17116491636790343 ) ) ;
#737 = CARTESIAN_POINT ( 'NONE',  ( -0.06408457021967689515, 7.475086149843733097, 25.98923683220028025 ) ) ;
#738 = CARTESIAN_POINT ( 'NONE',  ( -23.36850617477367820, 23.44893584375228457, 0.2821353565643991979 ) ) ;
#739 = CARTESIAN_POINT ( 'NONE',  ( 0.3428390785274143537, 23.43660947284005047, 23.27652004264804830 ) ) ;
#740 = VECTOR ( 'NONE', #3220, 1000.000000000000000 ) ;
#741 = ORIENTED_EDGE ( 'NONE', *, *, #390, .T. ) ;
#742 = CARTESIAN_POINT ( 'NONE',  ( -0.1831938691402603403, 24.64649540173558151, 23.57438089610846532 ) ) ;
#743 = CARTESIAN_POINT ( 'NONE',  ( 0.000000000000000000, 27.71383033581603073, 0.000000000000000000 ) ) ;
#744 = FACE_OUTER_BOUND ( 'NONE', #1120, .T. ) ;
#745 = DIRECTION ( 'NONE',  ( 1.000000000000000000, 9.844555726168387834E-14, 1.263741062727219137E-26 ) ) ;
#746 = CARTESIAN_POINT ( 'NONE',  ( 0.5977153871758901227, 6.637378130674957077, 24.90762366723033239 ) ) ;
#747 = CARTESIAN_POINT ( 'NONE',  ( -23.96908955596330060, 15.51360489926032926, -0.1003954373284837581 ) ) ;
#748 = EDGE_CURVE ( 'NONE', #455, #5920, #5492, .T. ) ;
#749 = FACE_OUTER_BOUND ( 'NONE', #6118, .T. ) ;
#750 = AXIS2_PLACEMENT_3D ( 'NONE', #677, #2313, #1184 ) ;
#751 = CARTESIAN_POINT ( 'NONE',  ( 24.22989062594349718, 9.398614177338053821, 0.7318350674454474625 ) ) ;
#752 = DIRECTION ( 'NONE',  ( 0.000000000000000000, 0.000000000000000000, 1.000000000000000000 ) ) ;
#753 = CARTESIAN_POINT ( 'NONE',  ( 26.11277337039823010, 7.293791222417564057, 0.004820486983490581204 ) ) ;
#754 = CARTESIAN_POINT ( 'NONE',  ( -0.03031149913808671090, 6.975314655866274194, -26.23963803140837214 ) ) ;
#755 = CARTESIAN_POINT ( 'NONE',  ( 0.2010738197783304704, 21.69612946065699788, -23.51062040750829141 ) ) ;
#756 = CARTESIAN_POINT ( 'NONE',  ( -25.14492549768614893, 8.916092668313837066, -0.3421946674411877054 ) ) ;
#757 = CARTESIAN_POINT ( 'NONE',  ( -0.06767424324257166612, 19.63555599887666503, 23.60399097478694586 ) ) ;
#758 = CARTESIAN_POINT ( 'NONE',  ( -0.7316137829677826776, 7.781094610509199150, -24.44873657791216459 ) ) ;
#759 = CARTESIAN_POINT ( 'NONE',  ( 26.00573426165161095, 7.416397381042920678, 0.06404426376997100767 ) ) ;
#760 = ORIENTED_EDGE ( 'NONE', *, *, #5863, .T. ) ;
#761 = CARTESIAN_POINT ( 'NONE',  ( -22.46241651579940068, 25.09723708577436696, 0.6653439391559687888 ) ) ;
#762 = CARTESIAN_POINT ( 'NONE',  ( 24.55188083598718052, 10.51798605397048192, -0.8477062102207858496 ) ) ;
#763 = CARTESIAN_POINT ( 'NONE',  ( -0.08257528058623775369, 7.000345051182263134, 26.22543059861294168 ) ) ;
#764 = CARTESIAN_POINT ( 'NONE',  ( -24.82745721221758117, 7.319403867463846858, 0.5977611802381644912 ) ) ;
#765 = CARTESIAN_POINT ( 'NONE',  ( 0.01783775493335851628, 7.551045883031957118, 26.01223956440752261 ) ) ;
#766 = CARTESIAN_POINT ( 'NONE',  ( -0.5975008311744114398, 10.02981727485898666, 24.42431709716264265 ) ) ;
#767 = CARTESIAN_POINT ( 'NONE',  ( -0.0006661943233518760350, 7.116790085332270088, -26.20138836287098272 ) ) ;
#768 = LINE ( 'NONE', #5236, #5723 ) ;
#769 = CARTESIAN_POINT ( 'NONE',  ( 23.13110899915285756, 17.19785259631561658, 0.7321505490400199712 ) ) ;
#770 = EDGE_LOOP ( 'NONE', ( #4107, #1360, #2919, #2477 ) ) ;
#771 = ADVANCED_FACE ( 'NONE', ( #1519 ), #4661, .F. ) ;
#772 = CARTESIAN_POINT ( 'NONE',  ( 0.2132694272513702971, 25.10234545187902455, -23.66428029625112117 ) ) ;
#773 = CARTESIAN_POINT ( 'NONE',  ( -0.2798127715403636584, 17.27151443744542192, -23.68072414231846423 ) ) ;
#774 = CARTESIAN_POINT ( 'NONE',  ( -0.2409991893780355776, 9.936181128198747103, -25.06328000720622029 ) ) ;
#775 = CARTESIAN_POINT ( 'NONE',  ( 0.7984782855525581757, 7.442673106091036495, 24.32117406898834844 ) ) ;
#776 = CARTESIAN_POINT ( 'NONE',  ( -22.31096359537601970, 24.11878598430396892, 0.7993671572711458229 ) ) ;
#777 = CARTESIAN_POINT ( 'NONE',  ( 0.6653290516704216673, 23.64804645378043801, 22.65063617353600733 ) ) ;
#778 = VERTEX_POINT ( 'NONE', #5068 ) ;
#779 = CARTESIAN_POINT ( 'NONE',  ( -0.4441372902149598456, 9.811709668927695915, 24.83294182560398156 ) ) ;
#780 = FACE_OUTER_BOUND ( 'NONE', #2191, .T. ) ;
#781 = CARTESIAN_POINT ( 'NONE',  ( -26.11304866179586526, 7.002937265611848261, -0.06380137418402602456 ) ) ;
#782 = CARTESIAN_POINT ( 'NONE',  ( 26.20909920729380005, 7.029837282126782938, 0.02961894723146873964 ) ) ;
#783 = CARTESIAN_POINT ( 'NONE',  ( -24.08304215336357146, 12.91328289533902840, -0.4946284261061622001 ) ) ;
#784 = CARTESIAN_POINT ( 'NONE',  ( -23.57618642723625868, 21.11430204136612687, -0.002910887743746433821 ) ) ;
#785 =( NAMED_UNIT ( * ) PLANE_ANGLE_UNIT ( ) SI_UNIT ( $, .RADIAN. ) );
#786 = B_SPLINE_CURVE_WITH_KNOTS ( 'NONE', 3,
 ( #6952, #6985, #2070, #5964, #4180, #6397, #2544, #7022, #2036, #1417, #6545, #1563, #3203, #1997, #6002, #5890, #6434, #5925, #4250, #5857, #1523, #3742, #6468, #1489, #3782, #1017, #6503, #905, #1456, #3706, #4867, #4214 ),
 .UNSPECIFIED., .F., .F.,
 ( 4, 2, 2, 2, 2, 2, 2, 2, 2, 2, 2, 2, 2, 2, 2, 4 ),
 ( 0.000000000000000000, 0.0002907825543965825783, 0.0005815651087931651567, 0.0008723476631897476808, 0.001163130217586330313, 0.002326260435172650218, 0.004652520870345290029, 0.006978781305517930272, 0.009305041740690571384, 0.01163130217586320729, 0.01395756261103584146, 0.01628382304620847737, 0.01744695326379479272, 0.01802851837258794693, 0.01831930092698453097, 0.01861008348138110807 ),
 .UNSPECIFIED. ) ;
#787 = CARTESIAN_POINT ( 'NONE',  ( 25.23450482078878920, 9.533248948828450864, -0.1994588909571718416 ) ) ;
#788 = CARTESIAN_POINT ( 'NONE',  ( 23.80798759955900934, 1.406610341118329943, -5.831275161587963245E-15 ) ) ;
#789 = CARTESIAN_POINT ( 'NONE',  ( 24.54736681190555458, 10.50125412032971717, 0.8527849398754254739 ) ) ;
#790 = CARTESIAN_POINT ( 'NONE',  ( -14.31270730586851592, 16.71383033581603073, -4.250067792777512565 ) ) ;
#791 = CARTESIAN_POINT ( 'NONE',  ( 0.7983006022577918692, 24.11713603042136356, -22.29875570773893756 ) ) ;
#792 = CARTESIAN_POINT ( 'NONE',  ( -24.52047126226147356, 9.437555564054621371, -0.5974182665950252824 ) ) ;
#793 = CARTESIAN_POINT ( 'NONE',  ( -0.5981373819670199321, 17.22526362585847437, 23.33564753228909794 ) ) ;
#794 = CARTESIAN_POINT ( 'NONE',  ( 0.4695819725204521400, 7.734386866534418203, -25.07195800843991762 ) ) ;
#795 = CARTESIAN_POINT ( 'NONE',  ( 25.09954177043517376, 7.546969709034567764, 0.4695689529764834891 ) ) ;
#796 = ORIENTED_EDGE ( 'NONE', *, *, #6372, .T. ) ;
#797 = CARTESIAN_POINT ( 'NONE',  ( 23.68986692563667162, 25.10763612422067581, -0.002012979775078422261 ) ) ;
#798 = CARTESIAN_POINT ( 'NONE',  ( 23.10503940918933452, 16.68709231234619139, -1.126183907545119212 ) ) ;
#799 = DIRECTION ( 'NONE',  ( 0.000000000000000000, 1.000000000000000000, 0.000000000000000000 ) ) ;
#800 = CARTESIAN_POINT ( 'NONE',  ( -25.84922355992787146, 7.647436352568173668, -0.1177817561455949957 ) ) ;
#801 = CARTESIAN_POINT ( 'NONE',  ( -0.1429540498038291696, 25.22572003858363487, 23.69048735675087514 ) ) ;
#802 = CARTESIAN_POINT ( 'NONE',  ( 0.09534358802511001818, 9.543448839722282528, 25.31062551658360960 ) ) ;
#803 = CARTESIAN_POINT ( 'NONE',  ( -0.4704130880260613545, 6.880463377444004713, -25.19908592341052511 ) ) ;
#804 = CARTESIAN_POINT ( 'NONE',  ( 23.68084677802250937, 17.27152593204145603, 0.2840507634794702807 ) ) ;
#805 = ORIENTED_EDGE ( 'NONE', *, *, #6617, .T. ) ;
#806 = CARTESIAN_POINT ( 'NONE',  ( 0.003706674636899166299, 25.03621696025361132, -23.68635459380766051 ) ) ;
#807 = CARTESIAN_POINT ( 'NONE',  ( -0.1145828791268786451, 17.28230370025627138, -23.76124685963886307 ) ) ;
#808 = CARTESIAN_POINT ( 'NONE',  ( -0.6411008583626426338, 12.04996996081315608, -24.03177975971338753 ) ) ;
#809 = CARTESIAN_POINT ( 'NONE',  ( 0.2004470643200502999, 7.627528022404913344, 25.70064230068139111 ) ) ;
#810 = CARTESIAN_POINT ( 'NONE',  ( -22.33920008479089958, 24.85976331148095397, -0.7311351224740234578 ) ) ;
#811 = CARTESIAN_POINT ( 'NONE',  ( -0.7983006022576362160, 24.11713603042136356, 22.29875570773894111 ) ) ;
#812 = ORIENTED_EDGE ( 'NONE', *, *, #6173, .F. ) ;
#813 = CARTESIAN_POINT ( 'NONE',  ( -0.1545177226695911843, 24.82692756159315906, 23.60950330097935179 ) ) ;
#814 = CARTESIAN_POINT ( 'NONE',  ( -23.02278783815065921, 19.87710385735574192, -0.6679329640508567811 ) ) ;
#815 = CARTESIAN_POINT ( 'NONE',  ( -26.17429020198461842, 7.011144889777599865, 0.02194258970159074229 ) ) ;
#816 = DIRECTION ( 'NONE',  ( 0.000000000000000000, 0.000000000000000000, 1.000000000000000000 ) ) ;
#817 = CARTESIAN_POINT ( 'NONE',  ( -26.15002701566852750, 7.188352224592276407, -0.001755972118205029707 ) ) ;
#818 = CARTESIAN_POINT ( 'NONE',  ( -23.42133566046036819, 18.12861186314970396, 0.4690681141497090034 ) ) ;
#819 = CARTESIAN_POINT ( 'NONE',  ( 25.06268960980531091, 10.46008856425640055, 0.02401238082460903367 ) ) ;
#820 = CARTESIAN_POINT ( 'NONE',  ( -23.24422764174501665, 22.65771661923897184, 0.7193282901608849533 ) ) ;
#821 = CARTESIAN_POINT ( 'NONE',  ( 23.61837502333708372, 24.20410276270369110, 0.06427893883959369392 ) ) ;
#822 = CARTESIAN_POINT ( 'NONE',  ( -25.88957437682374874, 3.760367054727149494, 51.77914875364749747 ) ) ;
#823 = CARTESIAN_POINT ( 'NONE',  ( -0.5983403356111701710, 24.17445834863378096, -22.72641649379460205 ) ) ;
#824 = CARTESIAN_POINT ( 'NONE',  ( -24.67873657322180492, 11.65804677938674239, -0.2018020901845723469 ) ) ;
#825 = CARTESIAN_POINT ( 'NONE',  ( -0.4708527579909870808, 18.12883771833169888, 23.42308248650235569 ) ) ;
#826 = CARTESIAN_POINT ( 'NONE',  ( 0.3419112168024294740, 7.900598623988888569, -25.34057269563535542 ) ) ;
#827 = CARTESIAN_POINT ( 'NONE',  ( 24.62251452469250168, 7.674167658028722805, -0.6646911149120376949 ) ) ;
#828 = ORIENTED_EDGE ( 'NONE', *, *, #4524, .F. ) ;
#829 = CARTESIAN_POINT ( 'NONE',  ( 23.67297767626824978, 24.81666787961751552, -0.01458052472185613659 ) ) ;
#830 = DIRECTION ( 'NONE',  ( -1.000000000000000000, 0.000000000000000000, 0.000000000000000000 ) ) ;
#831 = DIRECTION ( 'NONE',  ( -0.000000000000000000, -1.000000000000000000, -0.000000000000000000 ) ) ;
#832 = CARTESIAN_POINT ( 'NONE',  ( -25.79837872874419702, 7.961952261503648209, 0.09662883675956793206 ) ) ;
#833 = DIRECTION ( 'NONE',  ( -0.000000000000000000, 1.000000000000000000, -0.000000000000000000 ) ) ;
#834 = CARTESIAN_POINT ( 'NONE',  ( 0.3423983946738212159, 9.504696589430967180, 25.02143132183195817 ) ) ;
#835 = TOROIDAL_SURFACE ( 'NONE', #4441, 14.50000000000000000, 2.000000000000000000 ) ;
#836 = CARTESIAN_POINT ( 'NONE',  ( 0.09599728122230888339, 6.994313955994519105, -26.04870168238811701 ) ) ;
#837 = CARTESIAN_POINT ( 'NONE',  ( 0.000000000000000000, 16.71383033581603073, 0.000000000000000000 ) ) ;
#838 = CARTESIAN_POINT ( 'NONE',  ( 23.69590628000386445, 18.16540189150583728, 0.06814581281854073525 ) ) ;
#839 = CIRCLE ( 'NONE', #1534, 2.000000000000000000 ) ;
#840 = ORIENTED_EDGE ( 'NONE', *, *, #416, .T. ) ;
#841 = CARTESIAN_POINT ( 'NONE',  ( 0.01792958940257240175, 7.550755267709739371, -26.01242958279334516 ) ) ;
#842 = CARTESIAN_POINT ( 'NONE',  ( -0.7984099058373175239, 17.18291979750780385, -23.01957702738765121 ) ) ;
#843 = CARTESIAN_POINT ( 'NONE',  ( -0.0007976048750722432258, 7.097743873958119565, -26.18491615244679949 ) ) ;
#844 = CARTESIAN_POINT ( 'NONE',  ( 0.09693797892147085205, 7.467256276909550294, 25.93079802565105396 ) ) ;
#845 = CARTESIAN_POINT ( 'NONE',  ( -22.72641649379460560, 24.17445834863378096, 0.5983403356110907900 ) ) ;
#846 = CARTESIAN_POINT ( 'NONE',  ( -0.3417841617675896893, 24.74648787500859370, 23.14266296167502190 ) ) ;
#847 = CIRCLE ( 'NONE', #5963, 4.000000000000001776 ) ;
#848 = EDGE_LOOP ( 'NONE', ( #4681, #5999, #2246 ) ) ;
#849 = CARTESIAN_POINT ( 'NONE',  ( -0.7148879621618109415, 19.08638113527213775, 23.01001193884233231 ) ) ;
#850 = CARTESIAN_POINT ( 'NONE',  ( -23.11532449194574923, 21.45128521619061956, -0.5448132774596315953 ) ) ;
#851 = AXIS2_PLACEMENT_3D ( 'NONE', #3512, #5732, #6310 ) ;
#852 = CARTESIAN_POINT ( 'NONE',  ( 26.18489375013755449, 7.097796175136331875, 0.0006455624489081586079 ) ) ;
#853 = CARTESIAN_POINT ( 'NONE',  ( -0.5974153998770852514, 6.635181317016114022, 24.89130867420702131 ) ) ;
#854 = CARTESIAN_POINT ( 'NONE',  ( -23.45399430412308561, 19.61545278803415115, -0.3434736337812425155 ) ) ;
#855 = CARTESIAN_POINT ( 'NONE',  ( 23.00830020826249722, 19.87852605418634511, 1.000917249118552732 ) ) ;
#856 = AXIS2_PLACEMENT_3D ( 'NONE', #5309, #470, #4762 ) ;
#857 = CARTESIAN_POINT ( 'NONE',  ( 24.67730137698961101, 10.06372861236113891, -0.4699463729320937366 ) ) ;
#858 = CARTESIAN_POINT ( 'NONE',  ( -23.57389868562769308, 24.64396486284809384, 0.1827988158343604452 ) ) ;
#859 = CARTESIAN_POINT ( 'NONE',  ( 23.67565379969270722, 24.85498577026515221, 0.01207681281822094686 ) ) ;
#860 = CARTESIAN_POINT ( 'NONE',  ( -26.21821422752776698, 7.013868656654975275, 0.01526239501335609552 ) ) ;
#861 = CARTESIAN_POINT ( 'NONE',  ( -0.2821353565644807992, 23.44893584375228457, -23.36850617477367820 ) ) ;
#862 = CARTESIAN_POINT ( 'NONE',  ( -24.03794472140499394, 11.57217131349069383, -0.6648694252643696512 ) ) ;
#863 = CARTESIAN_POINT ( 'NONE',  ( 0.01888140304125023039, 21.70397497097093620, 23.56915099880709263 ) ) ;
#864 = CARTESIAN_POINT ( 'NONE',  ( -0.4703610228105619129, 7.862741891330276012, -25.05802410696518123 ) ) ;
#865 = CARTESIAN_POINT ( 'NONE',  ( 25.83433921930461352, 7.836557216780821733, -0.09671823749830957273 ) ) ;
#866 = ORIENTED_EDGE ( 'NONE', *, *, #4926, .F. ) ;
#867 = CARTESIAN_POINT ( 'NONE',  ( 23.45900282126854819, 22.50251429878043297, -0.2312344295140233152 ) ) ;
#868 = CARTESIAN_POINT ( 'NONE',  ( 23.67133275195502407, 24.81733671153993015, 0.03231432274380118680 ) ) ;
#869 = CARTESIAN_POINT ( 'NONE',  ( -23.62172323808452745, 24.24045122725946300, -0.06086831885747409632 ) ) ;
#870 = DIRECTION ( 'NONE',  ( 0.000000000000000000, 0.000000000000000000, -1.000000000000000000 ) ) ;
#871 = CARTESIAN_POINT ( 'NONE',  ( -25.83433921930461352, 7.836557216780821733, 0.09671823749830957273 ) ) ;
#872 = CYLINDRICAL_SURFACE ( 'NONE', #3886, 16.50000000000000000 ) ;
#873 = CARTESIAN_POINT ( 'NONE',  ( -0.2831706696328413764, 11.64943761084549756, 24.61449833218574668 ) ) ;
#874 = CARTESIAN_POINT ( 'NONE',  ( 0.2812136795674960998, 6.842103844355110986, -25.67413909883121903 ) ) ;
#875 = CARTESIAN_POINT ( 'NONE',  ( 24.36178953236183276, 6.666233605996682243, 0.7994177942615433574 ) ) ;
#876 = CARTESIAN_POINT ( 'NONE',  ( 23.57091429477132039, 21.11359497120509943, 0.06692665465233268995 ) ) ;
#877 = CARTESIAN_POINT ( 'NONE',  ( 0.06971108913947854369, 24.14432414700533869, -23.61292361313886090 ) ) ;
#878 = CARTESIAN_POINT ( 'NONE',  ( -0.3413180938437072598, 19.61511158203591521, -23.45140338231267307 ) ) ;
#879 = DIRECTION ( 'NONE',  ( 0.000000000000000000, 4.510281037539698445E-14, 1.000000000000000000 ) ) ;
#880 = CARTESIAN_POINT ( 'NONE',  ( 0.5977611802384246165, 7.319403867463846858, 24.82745721221757407 ) ) ;
#881 = CARTESIAN_POINT ( 'NONE',  ( -23.67133275195502407, 24.81733671153993015, -0.03231432274380118680 ) ) ;
#882 = CARTESIAN_POINT ( 'NONE',  ( -0.7983284768328201553, 24.62361645405197308, 22.22579851057838596 ) ) ;
#883 = CARTESIAN_POINT ( 'NONE',  ( 0.2026676430430165710, 7.135210434213029806, 26.14852051369940966 ) ) ;
#884 = EDGE_CURVE ( 'NONE', #2771, #6462, #2415, .T. ) ;
#885 = ORIENTED_EDGE ( 'NONE', *, *, #1501, .T. ) ;
#886 = FACE_OUTER_BOUND ( 'NONE', #770, .T. ) ;
#887 = CARTESIAN_POINT ( 'NONE',  ( -23.53848343208800387, 23.34029366954400686, -0.1474683489827997573 ) ) ;
#888 = FACE_OUTER_BOUND ( 'NONE', #2520, .T. ) ;
#889 = CARTESIAN_POINT ( 'NONE',  ( -0.1992088392048640133, 6.768649274056373066, 25.88725068453113920 ) ) ;
#890 = CARTESIAN_POINT ( 'NONE',  ( -23.12908665467366021, 19.57192071734067085, 0.5973937212443586331 ) ) ;
#891 = VERTEX_POINT ( 'NONE', #4280 ) ;
#892 = CARTESIAN_POINT ( 'NONE',  ( -23.52492024328106268, 24.40306886185290125, 0.4249700576911019656 ) ) ;
#893 = CARTESIAN_POINT ( 'NONE',  ( 22.99458294516671231, 19.10681591408006952, 1.048733986999508039 ) ) ;
#894 = DIRECTION ( 'NONE',  ( 0.000000000000000000, -1.000000000000000000, 0.000000000000000000 ) ) ;
#895 = CARTESIAN_POINT ( 'NONE',  ( -0.7993535793057311434, 23.32095068785514869, -22.41341822290884167 ) ) ;
#896 = CARTESIAN_POINT ( 'NONE',  ( -24.72799884635621837, 11.66464950938769363, -0.06734701866185939523 ) ) ;
#897 = CARTESIAN_POINT ( 'NONE',  ( -0.5972765343040745689, 21.03956269324505257, 23.01850338466515211 ) ) ;
#898 = CARTESIAN_POINT ( 'NONE',  ( 0.001350538653919594340, 8.966296938952400097, -25.51953882336567503 ) ) ;
#899 = CARTESIAN_POINT ( 'NONE',  ( 25.49785946998319375, 7.791462833895016260, 0.2814481282425952968 ) ) ;
#900 = ORIENTED_EDGE ( 'NONE', *, *, #10, .F. ) ;
#901 = CARTESIAN_POINT ( 'NONE',  ( 26.01223956440759011, 7.551045883031908268, -0.01783775493303220092 ) ) ;
#902 = CARTESIAN_POINT ( 'NONE',  ( 22.51558327951182292, 23.62994883586250339, -0.7323540893561220066 ) ) ;
#903 = LINE ( 'NONE', #395, #4790 ) ;
#904 = CARTESIAN_POINT ( 'NONE',  ( -25.80067583413194399, 7.832044164625802551, -0.1178931201464614442 ) ) ;
#905 = CARTESIAN_POINT ( 'NONE',  ( -0.01792958940119190533, 7.550755267692630390, 26.01242958280034756 ) ) ;
#906 = CARTESIAN_POINT ( 'NONE',  ( 0.01813163764902019776, 11.66527825569160370, 24.73268510545405263 ) ) ;
#907 = CARTESIAN_POINT ( 'NONE',  ( -0.6646466877049675981, 7.077400607291192358, -24.69171395438543470 ) ) ;
#908 = CARTESIAN_POINT ( 'NONE',  ( 26.33904163618322158, 6.829194754152914548, -0.001125577106953906670 ) ) ;
#909 = CARTESIAN_POINT ( 'NONE',  ( 22.65424891571250754, 20.99074781764312547, 0.7985657740968918894 ) ) ;
#910 = CARTESIAN_POINT ( 'NONE',  ( 0.5849958012109918171, 15.18671062068486677, -23.59678966260409538 ) ) ;
#911 = CARTESIAN_POINT ( 'NONE',  ( 0.6646784124880669165, 19.55788196992824624, -23.02440885351823852 ) ) ;
#912 = FACE_OUTER_BOUND ( 'NONE', #2174, .T. ) ;
#913 = CARTESIAN_POINT ( 'NONE',  ( -0.02224795058653938548, 8.342784406471292158, 25.72518205481525300 ) ) ;
#914 = CARTESIAN_POINT ( 'NONE',  ( 0.06451822404267573696, 25.03252295078253908, 23.62831952140080460 ) ) ;
#915 = CARTESIAN_POINT ( 'NONE',  ( 0.6906546660341897903, 12.80482361268306235, 23.81700794968809731 ) ) ;
#916 = ORIENTED_EDGE ( 'NONE', *, *, #2928, .F. ) ;
#917 = DIRECTION ( 'NONE',  ( -0.000000000000000000, 1.000000000000000000, -0.000000000000000000 ) ) ;
#918 = CARTESIAN_POINT ( 'NONE',  ( -26.05901792098628533, 7.294417015261476678, -0.2831599704024433395 ) ) ;
#919 = CARTESIAN_POINT ( 'NONE',  ( 0.02401238082452152728, 10.46008856425640055, -25.06268960980531091 ) ) ;
#920 = CARTESIAN_POINT ( 'NONE',  ( -0.3895905535774425443, 7.637535660035820406, -25.87100363141182058 ) ) ;
#921 = CARTESIAN_POINT ( 'NONE',  ( -0.1174191376556171645, 6.889527789859283047, 26.02801658428299092 ) ) ;
#922 = CARTESIAN_POINT ( 'NONE',  ( -23.60823829724108336, 19.63612554793156662, -0.02512892164425549468 ) ) ;
#923 = EDGE_CURVE ( 'NONE', #5189, #2225, #6178, .T. ) ;
#924 = VERTEX_POINT ( 'NONE', #3435 ) ;
#925 = CARTESIAN_POINT ( 'NONE',  ( -23.66956966322587874, 24.76594645890993363, 0.01842951963021926751 ) ) ;
#926 = CARTESIAN_POINT ( 'NONE',  ( 23.28914065178451054, 19.85603349798358863, 0.4694752051613148014 ) ) ;
#927 = DIRECTION ( 'NONE',  ( 0.000000000000000000, 0.000000000000000000, -1.000000000000000000 ) ) ;
#928 = CARTESIAN_POINT ( 'NONE',  ( -23.69719771214554882, 25.20452372157344456, -0.0008292401009393898445 ) ) ;
#929 = CARTESIAN_POINT ( 'NONE',  ( 0.06471709538328544731, 24.29552730045480757, -23.62990370243103300 ) ) ;
#930 = CARTESIAN_POINT ( 'NONE',  ( -25.06385640671737391, 10.46024511278794300, -0.002541269437082949341 ) ) ;
#931 = CARTESIAN_POINT ( 'NONE',  ( -0.4697883189731960618, 21.65295247888080965, 23.18844158336079886 ) ) ;
#932 = CARTESIAN_POINT ( 'NONE',  ( 0.03346758823921630599, 8.965723543114240357, -25.51526211363424679 ) ) ;
#933 =( BOUNDED_SURFACE ( )  B_SPLINE_SURFACE ( 2, 3, ( 
 ( #4258, #2551, #5897, #5934 ),
 ( #4843, #7100, #333, #4912 ),
 ( #6442, #1026, #5973, #2005 ) ),
 .UNSPECIFIED., .F., .F., .T. ) 
 B_SPLINE_SURFACE_WITH_KNOTS ( ( 3, 3 ),
 ( 4, 4 ),
 ( 0.08335879690891299931, 0.9031013887724325118 ),
 ( 0.000000000000000000, 1.000000000000000000 ),
 .UNSPECIFIED. ) 
 GEOMETRIC_REPRESENTATION_ITEM ( )  RATIONAL_B_SPLINE_SURFACE ( (
 ( 1.000000000000000000, 0.8017894826838943834, 0.8017894826838943834, 1.000000000000000000),
 ( 1.000000000000000000, 0.8017894826838943834, 0.8017894826838943834, 1.000000000000000000),
 ( 1.000000000000000000, 0.8017894826838943834, 0.8017894826838943834, 1.000000000000000000) ) ) 
 REPRESENTATION_ITEM ( '' )  SURFACE ( )  );
#934 = CARTESIAN_POINT ( 'NONE',  ( 25.10565325654603441, 7.547796932990851637, -0.4703887834453221450 ) ) ;
#935 = ORIENTED_EDGE ( 'NONE', *, *, #120, .T. ) ;
#936 = CARTESIAN_POINT ( 'NONE',  ( 24.08308150135456316, 12.90498506903260534, -0.4933766485444742167 ) ) ;
#937 = CARTESIAN_POINT ( 'NONE',  ( 23.60007031905104213, 24.29153079204919052, -0.09643964521267556211 ) ) ;
#938 = CARTESIAN_POINT ( 'NONE',  ( 0.01431504016047503540, 25.28453156259392287, 23.70368839745764333 ) ) ;
#939 =( LENGTH_UNIT ( ) NAMED_UNIT ( * ) SI_UNIT ( .MILLI., .METRE. ) );
#940 = CARTESIAN_POINT ( 'NONE',  ( -25.89930114992476362, 7.845262086106576938, 0.03201725019911592224 ) ) ;
#941 = DIRECTION ( 'NONE',  ( -0.000000000000000000, 1.000000000000000000, -0.000000000000000000 ) ) ;
#942 = CARTESIAN_POINT ( 'NONE',  ( 0.01891912887487628633, 10.46009562748962374, 25.06273951076826023 ) ) ;
#943 = CARTESIAN_POINT ( 'NONE',  ( -0.03244218889916333781, 7.421982711993981852, -26.04740695533557826 ) ) ;
#944 = CARTESIAN_POINT ( 'NONE',  ( 26.08807604309959061, 6.795564130589776042, -0.09725392540343019698 ) ) ;
#945 = CARTESIAN_POINT ( 'NONE',  ( 23.13039775505585283, 19.57208594671171298, 0.5976543796999812530 ) ) ;
#946 = CARTESIAN_POINT ( 'NONE',  ( 0.2454236068985037600, 9.973623702293100024, -25.04626270577456282 ) ) ;
#947 = CARTESIAN_POINT ( 'NONE',  ( -24.71013494813267641, 6.712915953412453618, -0.6647300119347263614 ) ) ;
#948 = AXIS2_PLACEMENT_3D ( 'NONE', #428, #671, #2887 ) ;
#949 = CARTESIAN_POINT ( 'NONE',  ( 0.7985657740968128415, 20.99074781764312547, -22.65424891571251109 ) ) ;
#950 = LINE ( 'NONE', #5459, #1326 ) ;
#951 = CARTESIAN_POINT ( 'NONE',  ( -0.0003799817188959556157, 7.970431036408381686, 25.86165560372274541 ) ) ;
#952 = CARTESIAN_POINT ( 'NONE',  ( 0.03207997574878625191, 24.81726257688235293, 23.67077533287646673 ) ) ;
#953 = AXIS2_PLACEMENT_3D ( 'NONE', #1379, #6356, #2465 ) ;
#954 = CARTESIAN_POINT ( 'NONE',  ( 0.3143436167079990406, 10.66973912325915919, 24.79185351455469188 ) ) ;
#955 = VERTEX_POINT ( 'NONE', #4936 ) ;
#956 = CARTESIAN_POINT ( 'NONE',  ( -24.84368841239724901, 9.762923555594314351, -0.7685638417743606565 ) ) ;
#957 = CARTESIAN_POINT ( 'NONE',  ( -26.11996780347643821, 7.187471910705124145, -0.1003462263050423214 ) ) ;
#958 = CARTESIAN_POINT ( 'NONE',  ( -0.1981860440903342735, 11.65790948527042659, -24.67768590584567789 ) ) ;
#959 = CARTESIAN_POINT ( 'NONE',  ( 14.28941916244324162, 23.71383033581603073, -8.249999999999998224 ) ) ;
#960 = CARTESIAN_POINT ( 'NONE',  ( -0.1992946694113514883, 7.066915651316557856, 25.82922714289246713 ) ) ;
#961 = CARTESIAN_POINT ( 'NONE',  ( -22.50628785444253310, 22.44745867395108974, -0.7983607345600080007 ) ) ;
#962 = AXIS2_PLACEMENT_3D ( 'NONE', #1538, #5431, #3759 ) ;
#963 = VERTEX_POINT ( 'NONE', #7163 ) ;
#964 = CIRCLE ( 'NONE', #3874, 6.000000000000001776 ) ;
#965 = CARTESIAN_POINT ( 'NONE',  ( -23.66381800518687939, 25.10013664676864664, 0.2140156088246610577 ) ) ;
#966 = ADVANCED_FACE ( 'NONE', ( #637 ), #3917, .F. ) ;
#967 = DIRECTION ( 'NONE',  ( 0.005822035856319594804, 0.000000000000000000, -0.9999830518056231909 ) ) ;
#968 = CARTESIAN_POINT ( 'NONE',  ( -23.55629453955911146, 24.55171736067509514, -0.1970178241837296507 ) ) ;
#969 = CARTESIAN_POINT ( 'NONE',  ( -23.69877332468417919, 25.22535475268157157, 0.0005225304995206623551 ) ) ;
#970 = CARTESIAN_POINT ( 'NONE',  ( -0.09668404614400379071, 24.80578914213980823, -23.58515374812414223 ) ) ;
#971 = CARTESIAN_POINT ( 'NONE',  ( -24.61293102299649149, 10.39981328522302917, -0.4700747451369275409 ) ) ;
#972 = CARTESIAN_POINT ( 'NONE',  ( -0.7985657740966546347, 20.99074781764312547, 22.65424891571251464 ) ) ;
#973 = VECTOR ( 'NONE', #162, 1000.000000000000000 ) ;
#974 = CARTESIAN_POINT ( 'NONE',  ( -0.2001677424074503886, 8.319133486343865513, -25.54867900732425312 ) ) ;
#975 = CARTESIAN_POINT ( 'NONE',  ( 25.36339263225614360, 7.773442635788494037, 0.3418834599709880129 ) ) ;
#976 = ORIENTED_EDGE ( 'NONE', *, *, #4131, .T. ) ;
#977 = CARTESIAN_POINT ( 'NONE',  ( -0.2029343658306602682, 7.135632570701869959, 26.14828135313180724 ) ) ;
#978 = EDGE_CURVE ( 'NONE', #1100, #924, #6646, .T. ) ;
#979 = CARTESIAN_POINT ( 'NONE',  ( 22.64581612179543413, 24.67990405432716372, 0.5967776454831987820 ) ) ;
#980 = AXIS2_PLACEMENT_3D ( 'NONE', #4726, #1384, #3598 ) ;
#981 = DIRECTION ( 'NONE',  ( -0.7779449200783686846, 0.000000000000000000, -0.6283324767384386167 ) ) ;
#982 = CARTESIAN_POINT ( 'NONE',  ( 0.000000000000000000, 16.71383033581603073, 0.000000000000000000 ) ) ;
#983 = CARTESIAN_POINT ( 'NONE',  ( -25.97604820104866974, 7.664432935134713354, -3.902578093511587659E-05 ) ) ;
#984 = DIRECTION ( 'NONE',  ( 0.000000000000000000, 0.000000000000000000, -1.000000000000000000 ) ) ;
#985 = CARTESIAN_POINT ( 'NONE',  ( -0.7319923400096111088, 11.55514263682039378, 23.91087727775479621 ) ) ;
#986 = CARTESIAN_POINT ( 'NONE',  ( -0.4704127533987595422, 6.980693230296439289, -25.18577218306640475 ) ) ;
#987 = CARTESIAN_POINT ( 'NONE',  ( 26.00489390083248864, 6.988443162784323981, 0.1174654872062664973 ) ) ;
#988 = CARTESIAN_POINT ( 'NONE',  ( 22.79154960921760420, 19.52667572963225950, 0.7988244353979427892 ) ) ;
#989 = CARTESIAN_POINT ( 'NONE',  ( -26.13858364563610692, 6.904346289261342307, 0.06505011857901463190 ) ) ;
#990 = CARTESIAN_POINT ( 'NONE',  ( -0.09358701334609464961, 19.63454513438111704, -23.59643713376732066 ) ) ;
#991 = CARTESIAN_POINT ( 'NONE',  ( -26.18490495129216811, 7.097770024547180867, 7.602121305207428328E-05 ) ) ;
#992 = CARTESIAN_POINT ( 'NONE',  ( 0.3429009267422782892, 7.900840626954453327, 25.34233380959703297 ) ) ;
#993 = CARTESIAN_POINT ( 'NONE',  ( -0.09642771898857892265, 25.02514945855035222, 23.57330737813028421 ) ) ;
#994 = CARTESIAN_POINT ( 'NONE',  ( 0.2828522058035213282, 7.294053595563531722, 26.05922086546079086 ) ) ;
#995 = CARTESIAN_POINT ( 'NONE',  ( 25.06385640671737391, 10.46024511278794300, 0.002541269437082949341 ) ) ;
#996 = EDGE_LOOP ( 'NONE', ( #2323, #1633, #224 ) ) ;
#997 = CARTESIAN_POINT ( 'NONE',  ( -23.55989248799435387, 24.58646618236572934, -0.3834979915945763707 ) ) ;
#998 = CARTESIAN_POINT ( 'NONE',  ( -0.02777569101434657767, 25.26886925574828169, -23.70032979520719607 ) ) ;
#999 = EDGE_CURVE ( 'NONE', #1118, #2952, #3859, .T. ) ;
#1000 = CARTESIAN_POINT ( 'NONE',  ( 0.003329870674242451766, 11.66539603197888297, -24.73356538167448093 ) ) ;
#1001 = CARTESIAN_POINT ( 'NONE',  ( 0.5977339264540297847, 6.838386554687621022, 24.88509084523530035 ) ) ;
#1002 = CARTESIAN_POINT ( 'NONE',  ( -22.80742098655862193, 23.37373808682390219, -0.5968281189706212686 ) ) ;
#1003 = VERTEX_POINT ( 'NONE', #4299 ) ;
#1004 = CARTESIAN_POINT ( 'NONE',  ( -24.55188083598754289, 10.51798605396952979, 0.8477062102207880701 ) ) ;
#1005 = DIRECTION ( 'NONE',  ( -0.000000000000000000, 1.000000000000000000, -0.000000000000000000 ) ) ;
#1006 = CARTESIAN_POINT ( 'NONE',  ( -23.70617828429517004, 25.29851411751405266, -0.07681798113188993693 ) ) ;
#1007 = CARTESIAN_POINT ( 'NONE',  ( -9.110820912706831365, 16.71383033581603073, -11.28020134113677564 ) ) ;
#1008 = CARTESIAN_POINT ( 'NONE',  ( 0.7311216531293470711, 24.64304210617630275, -22.37075272097566270 ) ) ;
#1009 = CARTESIAN_POINT ( 'NONE',  ( -24.26048961923096670, 13.75610517608761363, -0.1213851572594743661 ) ) ;
#1010 = CARTESIAN_POINT ( 'NONE',  ( 0.7991149717694673305, 8.526582793002297933, -24.18171798540778283 ) ) ;
#1011 = CARTESIAN_POINT ( 'NONE',  ( 25.60013984314105073, 8.716670234896291447, -0.02033461972492211015 ) ) ;
#1012 = CARTESIAN_POINT ( 'NONE',  ( -0.1544308130869852802, 7.421315406820911953, 25.99088687531415331 ) ) ;
#1013 = CARTESIAN_POINT ( 'NONE',  ( 23.58552146685421036, 24.80583672710693577, 0.09650496907896373433 ) ) ;
#1014 = ORIENTED_EDGE ( 'NONE', *, *, #1899, .T. ) ;
#1015 = SURFACE_SIDE_STYLE ('',( #1561 ) ) ;
#1016 = CARTESIAN_POINT ( 'NONE',  ( -24.18171798540777928, 8.526582793002297933, -0.7991149717695518184 ) ) ;
#1017 = CARTESIAN_POINT ( 'NONE',  ( -0.04893956164465682740, 7.999950707276652473, 25.83218620142845623 ) ) ;
#1018 = CARTESIAN_POINT ( 'NONE',  ( 0.06090352234184576163, 12.87680933106934766, 24.45000139934202821 ) ) ;
#1019 = CARTESIAN_POINT ( 'NONE',  ( -0.0002541102929596282816, 7.425177515477001222, -26.07124940469346086 ) ) ;
#1020 = ADVANCED_FACE ( 'NONE', ( #886 ), #3650, .F. ) ;
#1021 = CARTESIAN_POINT ( 'NONE',  ( 24.53722090033751257, 6.689743450620962761, 0.7320679985733622441 ) ) ;
#1022 = CARTESIAN_POINT ( 'NONE',  ( 23.04391964080533839, 18.07803729237383550, -0.7314086112383952898 ) ) ;
#1023 = CARTESIAN_POINT ( 'NONE',  ( 23.57389868562993840, 24.64396486284782384, -0.1827988158355454140 ) ) ;
#1024 = CARTESIAN_POINT ( 'NONE',  ( -26.08807604309959061, 6.795564130589776042, 0.09725392540343019698 ) ) ;
#1025 = CARTESIAN_POINT ( 'NONE',  ( -0.7990831569281454660, 20.99185990929456835, -22.66244315502038376 ) ) ;
#1026 = CARTESIAN_POINT ( 'NONE',  ( -23.79333001660790003, 25.29851411752940393, -13.87636891837399844 ) ) ;
#1027 = CARTESIAN_POINT ( 'NONE',  ( 0.6646964783607844929, 7.802269772841495588, 24.60675479638265983 ) ) ;
#1028 = CARTESIAN_POINT ( 'NONE',  ( 0.02146846651751552551, 25.25783843370685844, 23.66090213930594643 ) ) ;
#1029 = CARTESIAN_POINT ( 'NONE',  ( 1.126183907553036878, 16.68709231234450030, 23.10503940918917110 ) ) ;
#1030 = CARTESIAN_POINT ( 'NONE',  ( 24.98871975058123596, 10.45017794381366372, -0.1988843075958010853 ) ) ;
#1031 = ORIENTED_EDGE ( 'NONE', *, *, #7160, .T. ) ;
#1032 = CARTESIAN_POINT ( 'NONE',  ( -23.66329450247237176, 25.09766596767567748, -0.2155585338591601008 ) ) ;
#1033 = CARTESIAN_POINT ( 'NONE',  ( -23.61267886138729466, 24.14092065963821909, 0.06970398778894361380 ) ) ;
#1034 = CARTESIAN_POINT ( 'NONE',  ( -0.02896202565351119196, 11.66516692531748767, -24.73185362506179175 ) ) ;
#1035 = CARTESIAN_POINT ( 'NONE',  ( -0.1159821275932675505, 25.26584466907499404, -23.69911616258032083 ) ) ;
#1036 = CARTESIAN_POINT ( 'NONE',  ( -0.02079391854439392381, 6.916468900838652623, 26.22905092303471619 ) ) ;
#1037 = CARTESIAN_POINT ( 'NONE',  ( -22.90091337371847757, 22.50035399176950790, 0.5981252309285036706 ) ) ;
#1038 = ORIENTED_EDGE ( 'NONE', *, *, #6045, .F. ) ;
#1039 = CARTESIAN_POINT ( 'NONE',  ( -23.80812031675077378, 12.78138066878312884, 1.034962089944909680 ) ) ;
#1040 = CARTESIAN_POINT ( 'NONE',  ( 23.67342599470705977, 25.14562790264267989, 0.1915593466079726359 ) ) ;
#1041 = CARTESIAN_POINT ( 'NONE',  ( 0.7807557213867953871, 22.25534417231449069, -23.18663015920849801 ) ) ;
#1042 = CARTESIAN_POINT ( 'NONE',  ( 0.1921268608676854617, 25.14409475808789196, 23.67310294152361294 ) ) ;
#1043 = CARTESIAN_POINT ( 'NONE',  ( 0.3417841617677512822, 24.74648787500859370, -23.14266296167501835 ) ) ;
#1044 = CARTESIAN_POINT ( 'NONE',  ( -24.45532735561892679, 12.87752248579948322, -0.003874285079418039734 ) ) ;
#1045 = CARTESIAN_POINT ( 'NONE',  ( 0.5975008311745819700, 10.02981727485898666, -24.42431709716263910 ) ) ;
#1046 = CARTESIAN_POINT ( 'NONE',  ( 25.19714600409786343, 8.662668550523484612, -0.3426955987063244891 ) ) ;
#1047 = CARTESIAN_POINT ( 'NONE',  ( -0.5446510710967915614, 8.326188858041268404, 25.51255564160666722 ) ) ;
#1048 = CARTESIAN_POINT ( 'NONE',  ( 23.67233697278733118, 25.03842089949329974, 0.02154371476009967964 ) ) ;
#1049 = CARTESIAN_POINT ( 'NONE',  ( -23.52274630829185398, 24.39150275542702673, 0.4275829897489828446 ) ) ;
#1050 = CARTESIAN_POINT ( 'NONE',  ( 26.22556059953015151, 7.000345051182242706, 0.000000000000000000 ) ) ;
#1051 = CARTESIAN_POINT ( 'NONE',  ( -25.05802410696518123, 7.862741891330276012, 0.4703610228104744273 ) ) ;
#1052 = CARTESIAN_POINT ( 'NONE',  ( 0.7311227830537012640, 15.42823304615745172, 23.33197114815016349 ) ) ;
#1053 = CARTESIAN_POINT ( 'NONE',  ( 25.63609539702203932, 7.041038621106310735, -0.2825962066404848483 ) ) ;
#1054 = CARTESIAN_POINT ( 'NONE',  ( 22.64188509283390971, 22.46563041403369709, 0.7311978055290792033 ) ) ;
#1055 = CARTESIAN_POINT ( 'NONE',  ( 23.61729062999326345, 24.87585944623481282, -0.3056348542715505157 ) ) ;
#1056 = EDGE_CURVE ( 'NONE', #5920, #6409, #2448, .T. ) ;
#1057 = CARTESIAN_POINT ( 'NONE',  ( -25.97798732127465016, 7.086853530660539136, 0.1185924283782102961 ) ) ;
#1058 = CARTESIAN_POINT ( 'NONE',  ( 0.001991036905515906463, 22.59143247124027809, -23.58060078931868020 ) ) ;
#1059 = CARTESIAN_POINT ( 'NONE',  ( -0.08257528058623775369, 7.000345051182263134, 26.22543059861294168 ) ) ;
#1060 = CARTESIAN_POINT ( 'NONE',  ( -0.5973345771117158920, 7.821734783775267097, 24.75208960447208995 ) ) ;
#1061 = CARTESIAN_POINT ( 'NONE',  ( -0.06418618536822201515, 25.25218213035765658, 23.61869912547163608 ) ) ;
#1062 = LINE ( 'NONE', #2331, #731 ) ;
#1063 = CARTESIAN_POINT ( 'NONE',  ( 25.05641766336072962, 10.45924882702253811, -0.06222662664751923284 ) ) ;
#1064 = ORIENTED_EDGE ( 'NONE', *, *, #2931, .F. ) ;
#1065 = CARTESIAN_POINT ( 'NONE',  ( 0.3882010835115837222, 7.631881252130088278, -25.87404100865209600 ) ) ;
#1066 = CARTESIAN_POINT ( 'NONE',  ( -23.63876711341742620, 24.43044968889828894, 0.04450156198031444965 ) ) ;
#1067 = CARTESIAN_POINT ( 'NONE',  ( -0.09467986506103730215, 10.45783143865956255, -25.04583866975146833 ) ) ;
#1068 = CARTESIAN_POINT ( 'NONE',  ( -0.2266522081768805597, 7.177219396900570203, -26.12478128003181155 ) ) ;
#1069 = CARTESIAN_POINT ( 'NONE',  ( 0.2006415042407118099, 6.965054618183614821, 25.83034250335447268 ) ) ;
#1070 = CARTESIAN_POINT ( 'NONE',  ( -23.50793933603283392, 22.58169349598233566, -0.2005469114816092469 ) ) ;
#1071 = VECTOR ( 'NONE', #1005, 1000.000000000000000 ) ;
#1072 = CARTESIAN_POINT ( 'NONE',  ( -23.73667255957781208, 14.39925194136566056, 0.5633243312859311791 ) ) ;
#1073 = AXIS2_PLACEMENT_3D ( 'NONE', #2541, #3739, #2467 ) ;
#1074 = CARTESIAN_POINT ( 'NONE',  ( 0.5455679214780454478, 8.331152745534224024, -25.51008666431052418 ) ) ;
#1075 = CARTESIAN_POINT ( 'NONE',  ( 0.3588983415547291056, 24.68889695691452957, 23.57989631577129686 ) ) ;
#1076 = CARTESIAN_POINT ( 'NONE',  ( 0.1179168894119552169, 24.80157381136822181, -23.55371202647781104 ) ) ;
#1077 = CARTESIAN_POINT ( 'NONE',  ( -24.34617910675682495, 12.86289326641290920, -0.2836685537602920415 ) ) ;
#1078 = CARTESIAN_POINT ( 'NONE',  ( 0.02332867423104144355, 9.546276825340974881, -25.33173634174812960 ) ) ;
#1079 = AXIS2_PLACEMENT_3D ( 'NONE', #6138, #3849, #4972 ) ;
#1080 = CARTESIAN_POINT ( 'NONE',  ( 24.15180321611011749, 8.783002064069046710, 0.7990967170927659735 ) ) ;
#1081 = CARTESIAN_POINT ( 'NONE',  ( 22.46241651579940068, 25.09723708577436696, -0.6653439391559687888 ) ) ;
#1082 = ORIENTED_EDGE ( 'NONE', *, *, #6218, .F. ) ;
#1083 = CARTESIAN_POINT ( 'NONE',  ( -23.70617843559350391, 25.29851411751397094, 0.07677127596783821228 ) ) ;
#1084 = CARTESIAN_POINT ( 'NONE',  ( -24.46062148737543751, 8.824387445494705773, -0.6645943613194975619 ) ) ;
#1085 = AXIS2_PLACEMENT_3D ( 'NONE', #3652, #4707, #3073 ) ;
#1086 = CARTESIAN_POINT ( 'NONE',  ( 0.01731246916136689948, 13.75851190219442088, 24.27844008621261551 ) ) ;
#1087 = CARTESIAN_POINT ( 'NONE',  ( 0.2813916348207967100, 7.605287567844771779, -25.53471050363677008 ) ) ;
#1088 = VECTOR ( 'NONE', #4647, 1000.000000000000000 ) ;
#1089 = CARTESIAN_POINT ( 'NONE',  ( 25.78137662523477047, 7.223420354418209399, -0.2005731278577797538 ) ) ;
#1090 = EDGE_LOOP ( 'NONE', ( #3267, #4425, #7016, #1014, #5647, #4587 ) ) ;
#1091 = CARTESIAN_POINT ( 'NONE',  ( 23.56604639035683491, 22.58948291319801882, -0.09524634452442523602 ) ) ;
#1092 = CARTESIAN_POINT ( 'NONE',  ( 23.69440915341197851, 25.16767210809030786, -0.001252827531289243262 ) ) ;
#1093 = CARTESIAN_POINT ( 'NONE',  ( -24.52715068564931755, 7.055348353807873174, 0.7315332886999195150 ) ) ;
#1094 = CARTESIAN_POINT ( 'NONE',  ( -0.1994394144788199652, 22.58150454485840086, -23.50650319254738818 ) ) ;
#1095 = CARTESIAN_POINT ( 'NONE',  ( 14.28941916244324162, 16.71383033581603073, -8.249999999999998224 ) ) ;
#1096 = CARTESIAN_POINT ( 'NONE',  ( -0.7318379641907749589, 8.803911145565210816, 24.30782710814910885 ) ) ;
#1097 = CARTESIAN_POINT ( 'NONE',  ( -0.3418128466572358803, 25.39698637874890252, 23.05050406096124505 ) ) ;
#1098 = DIRECTION ( 'NONE',  ( 1.734723475976806306E-15, 0.000000000000000000, 1.000000000000000000 ) ) ;
#1099 = CARTESIAN_POINT ( 'NONE',  ( 23.79750887671247739, 13.69406821875828584, -0.5968954882812369522 ) ) ;
#1100 = VERTEX_POINT ( 'NONE', #4191 ) ;
#1101 = CARTESIAN_POINT ( 'NONE',  ( 0.1209976559481168029, 7.027771657992161636, -26.20969886223923595 ) ) ;
#1102 = FACE_OUTER_BOUND ( 'NONE', #4466, .T. ) ;
#1103 = CARTESIAN_POINT ( 'NONE',  ( -0.6641768490190317342, 12.79433690026907655, -23.83453405632963751 ) ) ;
#1104 = CARTESIAN_POINT ( 'NONE',  ( -0.2734725013384756709, 24.96723757409136368, -23.63603137294503043 ) ) ;
#1105 = CARTESIAN_POINT ( 'NONE',  ( 0.09696863167166969166, 7.408291736821134066, 25.94523758809777192 ) ) ;
#1106 = CARTESIAN_POINT ( 'NONE',  ( -23.32538888713891723, 22.55723498310291930, 0.3425288425872460296 ) ) ;
#1107 = CARTESIAN_POINT ( 'NONE',  ( 0.1159648426952658573, 21.11148916428295053, 23.55518833206853913 ) ) ;
#1108 = ADVANCED_FACE ( 'NONE', ( #6446 ), #2082, .T. ) ;
#1109 = CARTESIAN_POINT ( 'NONE',  ( -26.15605098470965117, 7.174721770088031469, 0.001669255668044866085 ) ) ;
#1110 = CARTESIAN_POINT ( 'NONE',  ( 26.18490495129218232, 7.097770024547155998, -7.602121303458686118E-05 ) ) ;
#1111 = CARTESIAN_POINT ( 'NONE',  ( 23.70041021880197007, 25.24489519135844873, 0.0002590312133010467545 ) ) ;
#1112 = CARTESIAN_POINT ( 'NONE',  ( 0.05595524993495324534, 24.29613208671429803, 23.62640126630350323 ) ) ;
#1113 = CARTESIAN_POINT ( 'NONE',  ( -0.1182048586633564213, 24.80156823069677685, -23.55365494673465321 ) ) ;
#1114 = CARTESIAN_POINT ( 'NONE',  ( -24.45358145090202129, 12.87728823887356633, -0.03597946235626279382 ) ) ;
#1115 = CARTESIAN_POINT ( 'NONE',  ( 0.2009057898798386754, 10.11724995177589648, -25.07673355469196608 ) ) ;
#1116 = CARTESIAN_POINT ( 'NONE',  ( 25.66129250655643546, 8.334223906120071135, -0.1178922087292432752 ) ) ;
#1117 = CARTESIAN_POINT ( 'NONE',  ( 23.67707291647143109, 25.48095450394703931, 0.03188375143156087915 ) ) ;
#1118 = VERTEX_POINT ( 'NONE', #4987 ) ;
#1119 = DIRECTION ( 'NONE',  ( -0.000000000000000000, -1.000000000000000000, -0.000000000000000000 ) ) ;
#1120 = EDGE_LOOP ( 'NONE', ( #3831, #4197, #760, #1672 ) ) ;
#1121 = CARTESIAN_POINT ( 'NONE',  ( -24.40390610939625304, 8.165729103305611858, 0.7316413605341876014 ) ) ;
#1122 = CARTESIAN_POINT ( 'NONE',  ( 0.5970365292192300055, 12.80914132513436776, 23.94501240748903470 ) ) ;
#1123 = CARTESIAN_POINT ( 'NONE',  ( 0.1995118936097481088, 7.628498779188698897, -25.70791245277533577 ) ) ;
#1124 = CARTESIAN_POINT ( 'NONE',  ( 24.34537418925127739, 6.868061823039600000, 0.7993705571596597670 ) ) ;
#1125 = VERTEX_POINT ( 'NONE', #3389 ) ;
#1126 = CARTESIAN_POINT ( 'NONE',  ( 23.28518643061000759, 19.83758736807300593, -0.4707043143173254007 ) ) ;
#1127 = CARTESIAN_POINT ( 'NONE',  ( -25.99936527015319143, 6.987704348797229237, 0.1186305931704300654 ) ) ;
#1128 = CARTESIAN_POINT ( 'NONE',  ( -0.01947674890401050046, 22.59149402003624729, -23.58105867696414393 ) ) ;
#1129 = CARTESIAN_POINT ( 'NONE',  ( -1.124548714755865264, 15.11414648345875023, 23.30679842740518737 ) ) ;
#1130 = CARTESIAN_POINT ( 'NONE',  ( 0.02033461972519025676, 8.716670234896291447, 25.60013984314105073 ) ) ;
#1131 = CARTESIAN_POINT ( 'NONE',  ( 0.2004394391137435116, 25.43662585260576137, 23.34626732058702459 ) ) ;
#1132 = DIRECTION ( 'NONE',  ( 0.000000000000000000, 0.000000000000000000, 1.000000000000000000 ) ) ;
#1133 = CARTESIAN_POINT ( 'NONE',  ( 23.83308244645277085, 15.49537668531973011, 0.3442351534889248055 ) ) ;
#1134 = ORIENTED_EDGE ( 'NONE', *, *, #2656, .F. ) ;
#1135 = CARTESIAN_POINT ( 'NONE',  ( 0.2400354420148091417, 9.924948494174550717, -25.06500497777235736 ) ) ;
#1136 = CARTESIAN_POINT ( 'NONE',  ( -26.01223956440755458, 7.551045883031979322, 0.01783775493301108933 ) ) ;
#1137 = CARTESIAN_POINT ( 'NONE',  ( -0.7983053069784885603, 13.64933669457077947, -23.46369897365991619 ) ) ;
#1138 = CARTESIAN_POINT ( 'NONE',  ( -0.6692332301442215359, 19.85837384857011401, -23.02210086273874978 ) ) ;
#1139 = CARTESIAN_POINT ( 'NONE',  ( 0.6646294306669482399, 6.916828045882443377, 24.70918305594245368 ) ) ;
#1140 = CARTESIAN_POINT ( 'NONE',  ( 0.03029870809059668005, 22.59114190880990591, 23.57843043602013111 ) ) ;
#1141 = CARTESIAN_POINT ( 'NONE',  ( -9.110820912706847352, 23.71383033581603073, -11.28020134113680406 ) ) ;
#1142 = DIRECTION ( 'NONE',  ( -0.9331243469174502758, -4.720257550357604883E-14, -0.3595538251637463434 ) ) ;
#1143 = CARTESIAN_POINT ( 'NONE',  ( 0.1151844601378635424, 25.26658940815821808, -23.69927676833839314 ) ) ;
#1144 = CARTESIAN_POINT ( 'NONE',  ( 0.3382738142133217552, 23.39305573426333140, 23.35640644409147981 ) ) ;
#1145 = CARTESIAN_POINT ( 'NONE',  ( -0.07677127596672825294, 25.29851411752566293, -23.70617843559601567 ) ) ;
#1146 = CARTESIAN_POINT ( 'NONE',  ( -24.17493360710466632, 13.74464347842218359, 0.2799431392103871041 ) ) ;
#1147 = ADVANCED_FACE ( 'NONE', ( #3354 ), #6417, .F. ) ;
#1148 = CARTESIAN_POINT ( 'NONE',  ( -26.18490495129216811, 7.097770024547180867, 7.602121305207428328E-05 ) ) ;
#1149 = CARTESIAN_POINT ( 'NONE',  ( 0.1191776691747637590, 9.541509631409859082, -25.29616872962868612 ) ) ;
#1150 = CARTESIAN_POINT ( 'NONE',  ( 24.93208693748847438, 8.627141326165089552, 0.4696830649043906014 ) ) ;
#1151 = CARTESIAN_POINT ( 'NONE',  ( 23.57330737813028421, 25.02514945855035222, 0.09642771898882583625 ) ) ;
#1152 = ORIENTED_EDGE ( 'NONE', *, *, #6636, .T. ) ;
#1153 = CARTESIAN_POINT ( 'NONE',  ( -0.1634311923663374355, 7.000345051182242706, 26.22505136324789277 ) ) ;
#1154 = CARTESIAN_POINT ( 'NONE',  ( -24.99408554905910052, 8.244807507274909852, -0.4696301046623233555 ) ) ;
#1155 = CARTESIAN_POINT ( 'NONE',  ( 0.4691539046249676437, 12.83516994896271868, 24.13925223729405900 ) ) ;
#1156 = CARTESIAN_POINT ( 'NONE',  ( 0.09635304106257529255, 7.652179033567722222, -25.88461311594566538 ) ) ;
#1157 = CARTESIAN_POINT ( 'NONE',  ( 24.55305970841864749, 6.793892807262150946, -0.7314935026216532465 ) ) ;
#1158 = CARTESIAN_POINT ( 'NONE',  ( -23.61864828717514087, 25.25217644586987831, 0.06460740296657620230 ) ) ;
#1159 = CARTESIAN_POINT ( 'NONE',  ( 22.97296737287936352, 21.62407603654509458, 0.5971304921561449985 ) ) ;
#1160 = ADVANCED_FACE ( 'NONE', ( #4014 ), #6874, .F. ) ;
#1161 = CARTESIAN_POINT ( 'NONE',  ( 14.32435137758115573, 16.71383033581603073, -2.250101689166259522 ) ) ;
#1162 = CARTESIAN_POINT ( 'NONE',  ( -25.78137662523477047, 7.223420354418209399, 0.2005731278577797538 ) ) ;
#1163 = CARTESIAN_POINT ( 'NONE',  ( -0.02971708502573542146, 21.70401487045799627, -23.56944802945122319 ) ) ;
#1164 = CARTESIAN_POINT ( 'NONE',  ( -1.128649202581178068, 16.69494989706825550, 23.10417845345404686 ) ) ;
#1165 = CARTESIAN_POINT ( 'NONE',  ( -0.2000287126783696634, 8.697166509801872891, 25.45461304660854651 ) ) ;
#1166 = CARTESIAN_POINT ( 'NONE',  ( 0.0005796074575726686611, 25.49142070407114247, 23.75517194360516271 ) ) ;
#1167 = CARTESIAN_POINT ( 'NONE',  ( 23.18545945922273788, 22.24463498805923223, -0.7771325688623025307 ) ) ;
#1168 = CARTESIAN_POINT ( 'NONE',  ( 24.40297602770036534, 12.87050874024570746, -0.1976581806482048398 ) ) ;
#1169 = ORIENTED_EDGE ( 'NONE', *, *, #2433, .T. ) ;
#1170 = EDGE_CURVE ( 'NONE', #2846, #6462, #6710, .T. ) ;
#1171 = CARTESIAN_POINT ( 'NONE',  ( 0.4934271295086948284, 12.89169545522831939, -24.08851777884774137 ) ) ;
#1172 = CARTESIAN_POINT ( 'NONE',  ( 23.73444524384554910, 14.42208174885322158, 0.5649363272230650823 ) ) ;
#1173 = CARTESIAN_POINT ( 'NONE',  ( 0.2836685537602070539, 12.86289326641290920, -24.34617910675682495 ) ) ;
#1174 = CARTESIAN_POINT ( 'NONE',  ( -0.3420363585361755332, 21.39714921977946815, -23.36554985684141172 ) ) ;
#1175 = CARTESIAN_POINT ( 'NONE',  ( -0.6646793451060962754, 7.074921735578232784, 24.67330295287176156 ) ) ;
#1176 = CARTESIAN_POINT ( 'NONE',  ( -23.62314952894352160, 23.77836563906561196, 0.02039351614614587360 ) ) ;
#1177 = CARTESIAN_POINT ( 'NONE',  ( 0.7993535793058875738, 23.32095068785514869, 22.41341822290883812 ) ) ;
#1178 = CARTESIAN_POINT ( 'NONE',  ( -0.7682494139812768852, 9.760133762921576306, 24.84481198100622379 ) ) ;
#1179 = DIRECTION ( 'NONE',  ( -0.000000000000000000, 1.000000000000000000, -0.000000000000000000 ) ) ;
#1180 = CARTESIAN_POINT ( 'NONE',  ( 1.048696348656496191, 19.06314549689873772, 22.99460513269067974 ) ) ;
#1181 = CARTESIAN_POINT ( 'NONE',  ( 0.2155585338590918498, 25.09766596767572722, -23.66329450247238952 ) ) ;
#1182 = CARTESIAN_POINT ( 'NONE',  ( 0.7311803056402598200, 25.29268454336483174, -22.27220566024768189 ) ) ;
#1183 = CARTESIAN_POINT ( 'NONE',  ( -23.42308248650235214, 18.12883771833169888, -0.4708527579912324401 ) ) ;
#1184 = DIRECTION ( 'NONE',  ( 0.000000000000000000, 0.000000000000000000, -1.000000000000000000 ) ) ;
#1185 = CARTESIAN_POINT ( 'NONE',  ( 0.3424031316377790790, 9.504757882410084235, -25.02193347005049162 ) ) ;
#1186 = ADVANCED_FACE ( 'NONE', ( #2655 ), #835, .F. ) ;
#1187 = CIRCLE ( 'NONE', #6415, 16.50000000000000000 ) ;
#1188 = CARTESIAN_POINT ( 'NONE',  ( 24.00002564932004390, 9.972956944944815660, 0.7990717116024458333 ) ) ;
#1189 = CARTESIAN_POINT ( 'NONE',  ( 23.66090213930594643, 25.25783843370685844, -0.02146846651726768904 ) ) ;
#1190 = CARTESIAN_POINT ( 'NONE',  ( -25.87100363999439523, 7.637535644029728843, 0.3895905495141505637 ) ) ;
#1191 = CARTESIAN_POINT ( 'NONE',  ( 14.28941916244324162, 16.71383033581603073, -4.249999999999998224 ) ) ;
#1192 = CARTESIAN_POINT ( 'NONE',  ( -25.25652562119961431, 8.931048536603514165, -0.2818666061989416605 ) ) ;
#1193 = CARTESIAN_POINT ( 'NONE',  ( 0.09309869955859886859, 13.75697599076474908, 24.26697381397292119 ) ) ;
#1194 = AXIS2_PLACEMENT_3D ( 'NONE', #1664, #2209, #5004 ) ;
#1195 = CARTESIAN_POINT ( 'NONE',  ( 0.1177817561455047485, 7.647436352568173668, -25.84922355992787146 ) ) ;
#1196 = EDGE_CURVE ( 'NONE', #6462, #2846, #5050, .T. ) ;
#1197 = CARTESIAN_POINT ( 'NONE',  ( 24.51892877107432511, 6.891320162715942388, 0.7320295656993678346 ) ) ;
#1198 = EDGE_LOOP ( 'NONE', ( #4345, #4757 ) ) ;
#1199 = CARTESIAN_POINT ( 'NONE',  ( -23.12433266207322902, 25.18593650327541056, 0.3432028262342284308 ) ) ;
#1200 = CARTESIAN_POINT ( 'NONE',  ( 23.55603757501843631, 21.70221832753775715, -0.09465990645365719713 ) ) ;
#1201 = AXIS2_PLACEMENT_3D ( 'NONE', #2416, #2454, #2315 ) ;
#1202 = CARTESIAN_POINT ( 'NONE',  ( 26.03583473245126356, 7.339204114398562240, -0.1398962946821270259 ) ) ;
#1203 = CARTESIAN_POINT ( 'NONE',  ( -24.71982978594271074, 6.816240791470421279, 0.6646172540300843146 ) ) ;
#1204 = CARTESIAN_POINT ( 'NONE',  ( 0.02345739104343128045, 22.59141182012425020, -23.58044808930438307 ) ) ;
#1205 = DIRECTION ( 'NONE',  ( 0.000000000000000000, -1.000000000000000000, 0.000000000000000000 ) ) ;
#1206 = CARTESIAN_POINT ( 'NONE',  ( 0.09634253652269132717, 8.337620400670626708, 25.68663932477257461 ) ) ;
#1207 = CARTESIAN_POINT ( 'NONE',  ( 0.09590241578741527662, 6.796545094475689552, -26.09540884400490413 ) ) ;
#1208 = AXIS2_PLACEMENT_3D ( 'NONE', #6992, #2694, #1498 ) ;
#1209 = CARTESIAN_POINT ( 'NONE',  ( 22.99460513272073570, 19.06314550320384882, -1.048696348301383807 ) ) ;
#1210 = CARTESIAN_POINT ( 'NONE',  ( 23.57939605523888105, 13.66482765273153177, 0.7322356088714576661 ) ) ;
#1211 = ORIENTED_EDGE ( 'NONE', *, *, #2843, .T. ) ;
#1212 = CARTESIAN_POINT ( 'NONE',  ( 0.06427893883958457621, 24.20410276270463257, -23.61837502333704819 ) ) ;
#1213 = CARTESIAN_POINT ( 'NONE',  ( 0.7993648788259746230, 15.41291497664068011, -23.21776430312403861 ) ) ;
#1214 = CARTESIAN_POINT ( 'NONE',  ( -0.5836893844536434894, 15.16282004625660917, -23.59826535159302452 ) ) ;
#1215 = CARTESIAN_POINT ( 'NONE',  ( 0.3430397143716951702, 7.181358460966048796, 25.46749196273527005 ) ) ;
#1216 = CARTESIAN_POINT ( 'NONE',  ( -22.64341966071604872, 23.64706773660506656, -0.6639444664587630385 ) ) ;
#1217 = CARTESIAN_POINT ( 'NONE',  ( -0.6640589102464241611, 22.48311559684690764, 22.77235908738215997 ) ) ;
#1218 =( BOUNDED_SURFACE ( )  B_SPLINE_SURFACE ( 3, 2, ( 
 ( #2530, #345, #5946 ),
 ( #1475, #2565, #5841 ),
 ( #6454, #3692, #5401 ),
 ( #3039, #6937, #5329 ),
 ( #965, #4747, #5256 ),
 ( #1402, #1982, #2603 ),
 ( #5911, #1546, #925 ),
 ( #4198, #858, #3767 ),
 ( #3146, #1945, #3078 ),
 ( #892, #6970, #381 ),
 ( #5876, #4820, #279 ),
 ( #7041, #418, #2494 ),
 ( #2055, #4782, #4165 ),
 ( #820, #6382, #4854 ),
 ( #3188, #4270, #3111 ),
 ( #4236, #4712, #3618 ),
 ( #6487, #1510, #3727 ),
 ( #2637, #7078, #2089 ),
 ( #4307, #6528, #5292 ),
 ( #6419, #312, #1443 ),
 ( #3657, #7007, #2022 ),
 ( #1653, #1691, #2746 ),
 ( #6093, #3912, #1072 ),
 ( #1039, #3361, #5511 ),
 ( #6057, #4454, #4490 ),
 ( #7188, #6714, #3876 ),
 ( #1004, #1618, #2127 ),
 ( #3805, #6680, #6639 ),
 ( #6023, #6567, #3292 ),
 ( #1725, #5579, #598 ),
 ( #3258, #5030, #4927 ),
 ( #531, #4889, #564 ),
 ( #2199, #7154, #1583 ),
 ( #2779, #5471, #492 ),
 ( #2272, #5544, #4994 ),
 ( #3839, #5437, #4415 ),
 ( #2163, #4961, #2712 ),
 ( #4380, #5987, #1109 ),
 ( #6603, #3224, #3327 ),
 ( #12, #2234, #6127 ) ),
 .UNSPECIFIED., .F., .F., .T. ) 
 B_SPLINE_SURFACE_WITH_KNOTS ( ( 4, 2, 2, 2, 2, 2, 2, 2, 2, 2, 2, 2, 2, 2, 2, 2, 2, 2, 2, 4 ),
 ( 3, 3 ),
 ( 0.000000000000000000, 0.0001462215291045217873, 0.0002924430582090435746, 0.0005848861164180871493, 0.0008773291746271307239, 0.001169772232836174299, 0.002339544465672348597, 0.003509316698508522896, 0.004679088931344697194, 0.007018633397017045791, 0.009358177862689394388, 0.01169772232836174299, 0.01403726679403409158, 0.01520703902687026675, 0.01637681125970644191, 0.01754658349254261535, 0.01813146960896070206, 0.01842391266716974368, 0.01857013419627426623, 0.01871635572537878878 ),
 ( 0.000000000000000000, 1.000000000000000000 ),
 .UNSPECIFIED. ) 
 GEOMETRIC_REPRESENTATION_ITEM ( )  RATIONAL_B_SPLINE_SURFACE ( (
 ( 1.000000000000000000, 0.9962518364970193163, 1.000000000000000000),
 ( 1.000000000000000000, 0.9945631477955186872, 1.000000000000000000),
 ( 1.000000000000000000, 0.9924138894324118221, 1.000000000000000000),
 ( 1.000000000000000000, 0.9879279261912655707, 1.000000000000000000),
 ( 1.000000000000000000, 0.9855757691827340405, 1.000000000000000000),
 ( 1.000000000000000000, 0.9789350987843233876, 1.000000000000000000),
 ( 1.000000000000000000, 0.9750239592932303800, 1.000000000000000000),
 ( 1.000000000000000000, 0.9680196802625153918, 1.000000000000000000),
 ( 1.000000000000000000, 0.9653343024998559674, 1.000000000000000000),
 ( 1.000000000000000000, 0.9589519924587690536, 1.000000000000000000),
 ( 1.000000000000000000, 0.9557682933644214840, 1.000000000000000000),
 ( 1.000000000000000000, 0.9406991423159758448, 1.000000000000000000),
 ( 1.000000000000000000, 0.9310237241057554014, 1.000000000000000000),
 ( 1.000000000000000000, 0.9197612874397168570, 1.000000000000000000),
 ( 1.000000000000000000, 0.9165400778711352281, 1.000000000000000000),
 ( 1.000000000000000000, 0.9109969437063061282, 1.000000000000000000),
 ( 1.000000000000000000, 0.9091136768755254671, 1.000000000000000000),
 ( 1.000000000000000000, 0.9045711516198633451, 1.000000000000000000),
 ( 1.000000000000000000, 0.9031135336172975148, 1.000000000000000000),
 ( 1.000000000000000000, 0.9009957029844612997, 1.000000000000000000),
 ( 1.000000000000000000, 0.9002919068018582216, 1.000000000000000000),
 ( 1.000000000000000000, 0.8987813328973652816, 1.000000000000000000),
 ( 1.000000000000000000, 0.8979443053289585253, 1.000000000000000000),
 ( 1.000000000000000000, 0.8968824594376504367, 1.000000000000000000),
 ( 1.000000000000000000, 0.8965965932850402664, 1.000000000000000000),
 ( 1.000000000000000000, 0.9002169877762330463, 1.000000000000000000),
 ( 1.000000000000000000, 0.9021347068603124963, 1.000000000000000000),
 ( 1.000000000000000000, 0.9083432751150828377, 1.000000000000000000),
 ( 1.000000000000000000, 0.9122365844976469962, 1.000000000000000000),
 ( 1.000000000000000000, 0.9251949273758586223, 1.000000000000000000),
 ( 1.000000000000000000, 0.9353317036994953648, 1.000000000000000000),
 ( 1.000000000000000000, 0.9552023180353774734, 1.000000000000000000),
 ( 1.000000000000000000, 0.9624999758667992511, 1.000000000000000000),
 ( 1.000000000000000000, 0.9738186071345279471, 1.000000000000000000),
 ( 1.000000000000000000, 0.9776702838566406761, 1.000000000000000000),
 ( 1.000000000000000000, 0.9839509176999620133, 1.000000000000000000),
 ( 1.000000000000000000, 0.9862124296394870759, 1.000000000000000000),
 ( 1.000000000000000000, 0.9909928848990069428, 1.000000000000000000),
 ( 1.000000000000000000, 0.9934797001326386434, 1.000000000000000000),
 ( 1.000000000000000000, 0.9954377026008556228, 1.000000000000000000) ) ) 
 REPRESENTATION_ITEM ( '' )  SURFACE ( )  );
#1219 = ORIENTED_EDGE ( 'NONE', *, *, #553, .T. ) ;
#1220 = CARTESIAN_POINT ( 'NONE',  ( 2.227582001418953908E-05, 25.20458595692225146, -23.69720220673127997 ) ) ;
#1221 = CARTESIAN_POINT ( 'NONE',  ( -26.17086933788687375, 7.134220452688703418, -0.001092180968231989914 ) ) ;
#1222 = CARTESIAN_POINT ( 'NONE',  ( 0.8631570430232451407, 21.45202063531584358, 23.10321151522985517 ) ) ;
#1223 = DIRECTION ( 'NONE',  ( 0.000000000000000000, -1.000000000000000000, 0.000000000000000000 ) ) ;
#1224 = CARTESIAN_POINT ( 'NONE',  ( -0.06473101276632629852, 25.47281350654261090, -23.61631663925311386 ) ) ;
#1225 = CARTESIAN_POINT ( 'NONE',  ( -23.70030570894395083, 18.16599220018468941, 0.01733149793753177917 ) ) ;
#1226 = CARTESIAN_POINT ( 'NONE',  ( -0.05924213261158538246, 6.987384228933565034, 26.23288114605821875 ) ) ;
#1227 = CARTESIAN_POINT ( 'NONE',  ( 25.23352470279925441, 9.533114100826573178, 0.2005387699742717245 ) ) ;
#1228 = CARTESIAN_POINT ( 'NONE',  ( -22.05661753709545181, 0.03151920426976555223, 2.701156606682132004E-15 ) ) ;
#1229 = CARTESIAN_POINT ( 'NONE',  ( -23.18545945884968162, 22.24463498504242409, 0.7771325692320446565 ) ) ;
#1230 = CARTESIAN_POINT ( 'NONE',  ( 0.03044673344704642085, 6.975397712928361749, -26.23959171988879291 ) ) ;
#1231 = CARTESIAN_POINT ( 'NONE',  ( -24.28696034282408789, 10.01140974501168301, -0.6646720143048695517 ) ) ;
#1232 = B_SPLINE_CURVE_WITH_KNOTS ( 'NONE', 3,
 ( #5214, #7002, #3580, #4232 ),
 .UNSPECIFIED., .F., .F.,
 ( 4, 4 ),
 ( 0.000000000000000000, 1.000000000000000000 ),
 .UNSPECIFIED. ) ;
#1233 = CARTESIAN_POINT ( 'NONE',  ( -0.7988244353977040912, 19.52667572963225950, 22.79154960921761131 ) ) ;
#1234 = CARTESIAN_POINT ( 'NONE',  ( -0.6646804901313655423, 7.486075067684015316, -24.64505805579387143 ) ) ;
#1235 = CARTESIAN_POINT ( 'NONE',  ( 24.48199181283924375, 7.273096997234341110, 0.7319673430608555353 ) ) ;
#1236 = ORIENTED_EDGE ( 'NONE', *, *, #3911, .T. ) ;
#1237 = CARTESIAN_POINT ( 'NONE',  ( -22.89780287096162326, 24.93463123529639702, 0.4707994269269588083 ) ) ;
#1238 = CARTESIAN_POINT ( 'NONE',  ( 22.68347052707507316, 23.35713875640724169, -0.6653032530345418527 ) ) ;
#1239 = CARTESIAN_POINT ( 'NONE',  ( 25.87365432505885821, 7.632600178589783901, -0.3883184372179711574 ) ) ;
#1240 = CARTESIAN_POINT ( 'NONE',  ( -25.13278710749235145, 7.360319483669307772, 0.4703996924029442139 ) ) ;
#1241 = CARTESIAN_POINT ( 'NONE',  ( -0.6645943613192413224, 8.824387445494705773, 24.46062148737544462 ) ) ;
#1242 = ADVANCED_FACE ( 'NONE', ( #6073 ), #475, .F. ) ;
#1243 = CARTESIAN_POINT ( 'NONE',  ( -0.06512086230266869724, 6.806127769636349356, -26.16690640421305503 ) ) ;
#1244 = PRODUCT_RELATED_PRODUCT_CATEGORY ( 'part', '', ( #3523 ) ) ;
#1245 = DIRECTION ( 'NONE',  ( -0.000000000000000000, -1.000000000000000000, -0.000000000000000000 ) ) ;
#1246 = CARTESIAN_POINT ( 'NONE',  ( 23.83372518220331671, 12.79421685993262159, 0.6650666101112491235 ) ) ;
#1247 = ORIENTED_EDGE ( 'NONE', *, *, #3725, .T. ) ;
#1248 = CARTESIAN_POINT ( 'NONE',  ( -0.001809059323845175300, 7.188356083999599022, -26.15003209765741943 ) ) ;
#1249 = CARTESIAN_POINT ( 'NONE',  ( 0.1000927344677502162, 13.75695447926255177, -24.26682591944195977 ) ) ;
#1250 = CARTESIAN_POINT ( 'NONE',  ( -0.003491724418088723667, 25.03488751901659981, -23.68627303596104383 ) ) ;
#1251 = CARTESIAN_POINT ( 'NONE',  ( 0.1185924283784823979, 7.086853530660539136, 25.97798732127465016 ) ) ;
#1252 = CARTESIAN_POINT ( 'NONE',  ( -23.59032989890594223, 23.77396820015823309, 0.09607957539284379955 ) ) ;
#1253 = CARTESIAN_POINT ( 'NONE',  ( 0.4704063910715927110, 22.53106135316690839, 23.13006698932575489 ) ) ;
#1254 = ORIENTED_EDGE ( 'NONE', *, *, #572, .F. ) ;
#1255 = CARTESIAN_POINT ( 'NONE',  ( -0.09528876224508181503, 25.09297637720797525, 23.66326563167517705 ) ) ;
#1256 = CARTESIAN_POINT ( 'NONE',  ( 14.28941916244324162, 21.71383033581603073, -8.249999999999998224 ) ) ;
#1257 = CARTESIAN_POINT ( 'NONE',  ( 0.2043932872496397046, 7.137939027995355623, 26.14697471781971316 ) ) ;
#1258 = CARTESIAN_POINT ( 'NONE',  ( 0.3834979915944530249, 24.58646618236574355, -23.55989248799435387 ) ) ;
#1259 = CARTESIAN_POINT ( 'NONE',  ( -0.09691175241208066504, 25.46361181394916429, -23.54764942707513242 ) ) ;
#1260 = CARTESIAN_POINT ( 'NONE',  ( -23.22006825585728862, 15.41323772093251065, 0.7982564201608463028 ) ) ;
#1261 = CARTESIAN_POINT ( 'NONE',  ( 26.32173642259295576, 7.000345051182262246, -15.35117535650161713 ) ) ;
#1262 = CARTESIAN_POINT ( 'NONE',  ( 25.29616872962868612, 9.541509631409859082, 0.1191776691748520911 ) ) ;
#1263 = CARTESIAN_POINT ( 'NONE',  ( 23.50650461670884894, 25.45809825710686525, -0.1183873143517362170 ) ) ;
#1264 = DIRECTION ( 'NONE',  ( -0.8689217441458744196, 0.000000000000000000, -0.4949494949492238005 ) ) ;
#1265 = CARTESIAN_POINT ( 'NONE',  ( 13.80754228918315718, 25.29851411752938262, 23.79280992412516227 ) ) ;
#1266 = CARTESIAN_POINT ( 'NONE',  ( -24.37694115682380058, 9.418320753835198289, -0.6646184096521943196 ) ) ;
#1267 = CARTESIAN_POINT ( 'NONE',  ( -0.2020989148873125196, 19.62982168343879152, 23.56120900528502560 ) ) ;
#1268 = CARTESIAN_POINT ( 'NONE',  ( 0.06437619913837085150, 7.842333523964738262, -25.87745385909241591 ) ) ;
#1269 = CARTESIAN_POINT ( 'NONE',  ( 26.00479456224569574, 7.416272581776550687, -0.06474515481149938079 ) ) ;
#1270 = ORIENTED_EDGE ( 'NONE', *, *, #5143, .F. ) ;
#1271 = CARTESIAN_POINT ( 'NONE',  ( -22.60419767766853383, 25.11623634752108458, 0.5983504645776388520 ) ) ;
#1272 = CARTESIAN_POINT ( 'NONE',  ( 23.60660972740801355, 23.77614954779357603, -0.06365308027644764333 ) ) ;
#1273 = CARTESIAN_POINT ( 'NONE',  ( 24.84109556604163771, 9.817469510239698494, -0.4421951836465948804 ) ) ;
#1274 = CARTESIAN_POINT ( 'NONE',  ( -25.93572276353849304, 7.659028430667487619, -0.06421923192806529290 ) ) ;
#1275 = CARTESIAN_POINT ( 'NONE',  ( -0.08257528058623775369, 7.000345051182263134, 26.22543059861294168 ) ) ;
#1276 = CARTESIAN_POINT ( 'NONE',  ( 0.01960517385775477697, 9.546350687901604459, 25.33228471422860650 ) ) ;
#1277 = CARTESIAN_POINT ( 'NONE',  ( 0.3417265549929535129, 6.821868503280703600, -25.52314236901890254 ) ) ;
#1278 = CARTESIAN_POINT ( 'NONE',  ( 23.69930308310139111, 18.16585793489743494, -0.02816108307845310854 ) ) ;
#1279 = EDGE_CURVE ( 'NONE', #113, #2880, #2929, .T. ) ;
#1280 = ORIENTED_EDGE ( 'NONE', *, *, #1874, .F. ) ;
#1281 = CARTESIAN_POINT ( 'NONE',  ( 0.3454357935552025416, 21.40973629563996639, -23.36320237858614846 ) ) ;
#1282 = CARTESIAN_POINT ( 'NONE',  ( 0.5979899902881889995, 18.10581569587538198, -23.25129526609334718 ) ) ;
#1283 = CARTESIAN_POINT ( 'NONE',  ( -0.4422062062476938560, 12.14496470850842691, -24.29860559184370317 ) ) ;
#1284 = CARTESIAN_POINT ( 'NONE',  ( -0.7992917631064816453, 7.250312042932766765, 24.31196973852146925 ) ) ;
#1285 = CARTESIAN_POINT ( 'NONE',  ( -22.58198660262925017, 24.15509249068230702, -0.6639182799218418252 ) ) ;
#1286 = CARTESIAN_POINT ( 'NONE',  ( 0.1999139575550855641, 23.46557269521760958, 23.49265949301701184 ) ) ;
#1287 = ORIENTED_EDGE ( 'NONE', *, *, #1421, .F. ) ;
#1288 = CARTESIAN_POINT ( 'NONE',  ( -0.7753509604134125599, 17.50293682436423381, 23.05817896879300477 ) ) ;
#1289 = CARTESIAN_POINT ( 'NONE',  ( -5.213530464874319037, 16.71383033581603073, 13.53030303030303116 ) ) ;
#1290 = CARTESIAN_POINT ( 'NONE',  ( 0.3612440694312679113, 24.67938909885568677, 23.57802381405100789 ) ) ;
#1291 = CARTESIAN_POINT ( 'NONE',  ( 26.19327994679613525, 7.076015500998263263, 0.0003784970565776572099 ) ) ;
#1292 = CARTESIAN_POINT ( 'NONE',  ( -0.4708034430697286554, 25.15185193772995476, -22.86997759403604746 ) ) ;
#1293 = CARTESIAN_POINT ( 'NONE',  ( -23.73208349948201246, 17.27839629291823798, 0.1972498873693324939 ) ) ;
#1294 = CARTESIAN_POINT ( 'NONE',  ( 25.77961932559059122, 7.809475335534366458, 0.4310405137743690274 ) ) ;
#1295 = CARTESIAN_POINT ( 'NONE',  ( 25.33089079982122982, 9.546163986693281700, -0.03043292341704714396 ) ) ;
#1296 = SPHERICAL_SURFACE ( 'NONE', #158, 2.000000000000000000 ) ;
#1297 = CARTESIAN_POINT ( 'NONE',  ( 26.20969886223476308, 7.027771658000117938, 0.1209976559406576307 ) ) ;
#1298 = CARTESIAN_POINT ( 'NONE',  ( -0.02975699205985439175, 7.029758081963639604, -26.20914513492487075 ) ) ;
#1299 = CARTESIAN_POINT ( 'NONE',  ( -24.38541617802442119, 9.419468121590959697, 0.6646610122892167016 ) ) ;
#1300 = CARTESIAN_POINT ( 'NONE',  ( 0.3408838064627563447, 18.14602249212617124, 23.55126608590692072 ) ) ;
#1301 = CARTESIAN_POINT ( 'NONE',  ( -0.6646911149121236262, 7.674167658028722805, -24.62251452469249813 ) ) ;
#1302 = AXIS2_PLACEMENT_3D ( 'NONE', #5885, #249, #5302 ) ;
#1303 = CARTESIAN_POINT ( 'NONE',  ( 26.07124940469346086, 7.425177515477001222, -0.0002541102928686009982 ) ) ;
#1304 = ORIENTED_EDGE ( 'NONE', *, *, #2283, .F. ) ;
#1305 = CARTESIAN_POINT ( 'NONE',  ( -22.79951389652942240, 25.36335050330668039, -0.4693216294199222816 ) ) ;
#1306 = ADVANCED_FACE ( 'NONE', ( #5528 ), #5201, .F. ) ;
#1307 = CARTESIAN_POINT ( 'NONE',  ( 22.77658375969557270, 22.48369338252528493, -0.6652005728010809138 ) ) ;
#1308 = CARTESIAN_POINT ( 'NONE',  ( 25.85482517193265650, 7.942739257398845787, -0.04529324159679536804 ) ) ;
#1309 = CARTESIAN_POINT ( 'NONE',  ( 23.68530668510607740, 25.01101045059060723, 0.003264680567857011686 ) ) ;
#1310 = CARTESIAN_POINT ( 'NONE',  ( -24.67361858532973073, 7.237889243648395698, 0.6646610068474759769 ) ) ;
#1311 = CIRCLE ( 'NONE', #2348, 22.05661753709545181 ) ;
#1312 = CARTESIAN_POINT ( 'NONE',  ( 10.36748586618364598, 16.71383033581603073, -12.83609118129356297 ) ) ;
#1313 = CARTESIAN_POINT ( 'NONE',  ( -0.4700747451366696916, 10.39981328522302917, 24.61293102299649505 ) ) ;
#1314 = CARTESIAN_POINT ( 'NONE',  ( 0.03162185605295518565, 7.011092403419710628, -26.17390203848848884 ) ) ;
#1315 = CARTESIAN_POINT ( 'NONE',  ( 0.000000000000000000, 3.760367054716749813, 0.000000000000000000 ) ) ;
#1316 = CARTESIAN_POINT ( 'NONE',  ( 23.65366421945572384, 18.15973992835600015, 0.2025679516858940876 ) ) ;
#1317 = ORIENTED_EDGE ( 'NONE', *, *, #6910, .T. ) ;
#1318 = CARTESIAN_POINT ( 'NONE',  ( 0.03029884817682129694, 24.59091020607341704, -23.65581852193909640 ) ) ;
#1319 = CARTESIAN_POINT ( 'NONE',  ( 0.7320179803974086186, 18.07798122579207600, -23.04359692497313361 ) ) ;
#1320 = CARTESIAN_POINT ( 'NONE',  ( -0.1543006341356915612, 7.421610015389683568, -25.99072620819783452 ) ) ;
#1321 = B_SPLINE_SURFACE_WITH_KNOTS ( 'NONE', 5, 5, ( 
 ( #4455, #2310, #5581, #5031, #4596, #6681, #1692, #3913, #2997, #234, #2488, #3712, #1496, #3750, #4091, #1569, #4665, #1024, #3170, #2109, #1865, #5387, #1529, #1939, #3545, #4874, #2409 ),
 ( #7064, #4706, #947, #3242, #5971, #4330, #404, #6930, #5797, #4161, #6377, #3789, #1904, #5762, #1330, #440, #989, #5212, #2449, #6892, #2625, #4841, #5422, #5932, #2657, #2075, #7098 ),
 ( #4128, #6553, #4290, #3209, #6509, #6009, #5457, #4627, #6853, #6303, #781, #6339, #1363, #3578, #815, #3033, #5249, #273, #1127, #6733, #5494, #620, #1744, #3380, #1203, #72, #2291 ),
 ( #7173, #2218, #2691, #3346, #6146, #5564, #3421, #583, #2256, #7206, #2763, #4509, #3967, #5012, #1636, #2184, #4434, #5602, #1057, #2798, #6662, #515, #6184, #6111, #34, #3896, #548 ),
 ( #6622, #476, #5529, #2839, #4400, #4910, #4474, #3275, #1604, #2731, #1707, #1675, #7140, #6696, #6042, #3858, #4946, #2149, #3932, #1162, #3824, #6074, #4979, #4366, #5052, #1093, #3311 ),
 ( #6589, #181, #5193, #5708, #1923, #657, #5122, #4007, #4146, #6360, #4041, #2327, #3455, #726, #6837, #4614, #6871, #107, #4687, #690, #1383, #6286, #5231, #5087, #1310, #4646, #5159 ),
 ( #1816, #2362, #1885, #2981, #2946, #4075, #5639, #4113, #253, #3528, #2393, #6255, #1849, #5746, #6914, #143, #6768, #4545, #3563, #6324, #6224, #5673, #1240, #764, #218, #1348, #2430 ),
 ( #2907, #5781, #2469, #4582, #2873, #3489, #1784, #6805, #800, #3016, #1274, #5856, #1961, #983, #3202, #5415, #6950, #5924, #3091, #2035, #4798, #4761, #359, #432, #5308, #4320, #4249 ),
 ( #2649, #4866, #7055, #3632, #7091, #2543, #325, #2579, #904, #2508, #5378, #6467, #7021, #6984, #6396, #940, #397, #871, #1996, #3670, #2101, #3161, #2617, #4212, #1455, #3053, #1488 ),
 ( #2069, #3705, #4833, #6433, #6543, #5889, #1522, #3124, #3597, #5342, #5816, #4179, #4283, #6502, #3741, #5962, #1416, #832, #5271, #293, #4725, #3889, #1051, #7200, #2757, #2724, #5522 ),
 ( #1702, #611, #4468, #2284, #1154, #3373, #5005, #1596, #2830, #507, #3269, #542, #6067, #469, #3339, #2210, #4973, #4940, #4359, #6104, #5556, #3817, #6035, #1629, #5044, #1121, #576 ),
 ( #1016, #4427, #3925, #2791, #24, #6651, #1665, #7166, #64, #6614, #6691, #5485, #3781, #2248, #2141, #2683, #2177, #6139, #5593, #4502, #1562, #7129, #4393, #6581, #6001, #3235, #5449 ),
 ( #4901, #3851, #1084, #3304, #5700, #756, #1192, #5772, #1773, #5222, #173, #6314, #6175, #2384, #5735, #6247, #648, #1875, #6725, #2864, #3554, #1841, #6862, #2973, #1807, #2935, #5150 ),
 ( #2899, #4033, #1266, #792, #6215, #5079, #5631, #4637, #5184, #99, #4537, #2318, #6829, #4605, #2420, #3481, #4101, #4067, #1340, #716, #3006, #208, #244, #6278, #1299, #2459, #3515 ),
 ( #6759, #1736, #1231, #3960, #3412, #683, #3997, #3446, #5665, #5113, #134, #2353, #4573, #6796, #283, #6941, #4170, #6423, #6902, #5333, #3152, #350, #423, #2570, #6458, #4202, #6975 ),
 ( #1479, #4716, #1950, #4752, #971, #4240, #3697, #6386, #2534, #4137, #3115, #4824, #5916, #930, #1446, #4787, #3622, #3193, #1986, #2608, #1406, #1913, #7011, #5260, #5806, #5845, #5368 ),
 ( #2026, #3043, #862, #2498, #5406, #5880, #386, #824, #3082, #3661, #896, #5296, #7046, #3731, #2060, #4275, #6350, #6492, #316, #1514, #5952, #4677, #1374, #3587, #3881, #6132, #6028 ),
 ( #6685, #4966, #2784, #6098, #4933, #6061, #1077, #4312, #7083, #1696, #536, #1114, #2751, #1044, #569, #5992, #3918, #3811, #5585, #3297, #1658, #7159, #1588, #3332, #5516, #2204, #3229 ),
 ( #17, #4894, #2240, #2168, #5549, #2716, #3366, #7193, #1009, #3263, #461, #2642, #3844, #4421, #3773, #2676, #4385, #6608, #4351, #6644, #1146, #498, #4999, #2094, #4459, #5442, #4859 ),
 ( #6534, #1552, #1623, #7121, #2132, #6573, #5476, #4630, #2925, #747, #1835, #2893, #4027, #6241, #2276, #5035, #6856, #5694, #4061, #710, #3990, #5727, #3952, #1868, #1765, #3548, #1260 ),
 ( #3475, #3508, #4565, #2966, #5142, #5178, #5107, #201, #2859, #2412, #127, #6823, #676, #6273, #6306, #166, #1801, #1333, #2378, #1293, #2822, #4094, #6208, #2345, #603, #57, #4599 ),
 ( #4495, #6718, #1729, #6168, #1183, #3404, #5625, #642, #5073, #6752, #93, #6791, #2312, #4530, #1225, #3440, #5659, #4709, #1366, #3109, #343, #5800, #818, #5835, #2053, #5326, #2562 ),
 ( #3581, #5360, #4195, #1439, #1979, #854, #3689, #4780, #3075, #4163, #7003, #5289, #922, #6414, #3144, #6451, #4233, #377, #5215, #310, #5765, #1907, #2600, #890, #5908, #2018, #2525 ),
 ( #237, #3000, #4818, #3654, #1472, #5874, #1942, #7039, #4130, #4268, #6933, #1508, #6485, #784, #4743, #6380, #2452, #4668, #6895, #6342, #3036, #5252, #276, #2491, #3615, #1400, #6967 ),
 ( #2231, #6056, #4925, #4450, #6602, #7186, #5944, #2777, #4887, #5469, #2197, #4413, #4379, #4992, #1542, #3873, #8, #6635, #6677, #3324, #5542, #1650, #3764, #3724, #2669, #3222, #2708 ),
 ( #961, #1617, #5509, #3255, #6021, #562, #3185, #1070, #7112, #5435, #489, #6091, #4304, #3838, #7153, #5985, #5399, #2162, #3290, #529, #3803, #1106, #2744, #1037, #2122, #4959, #415 ),
 ( #2635, #6524, #4852, #1002, #7076, #2087, #454, #4344, #6565, #1581, #6709, #2404, #2885, #118, #2813, #1720, #3981, #1758, #3395, #6781, #738, #6745, #1794, #3359, #4018, #2270, #4053 ),
 ( #4557, #701, #1216, #5027, #6266, #4488, #50, #3945, #2917, #5098, #4622, #2338, #6160, #2852, #1176, #1689, #6234, #1252, #5616, #635, #6199, #3433, #5066, #3467, #2958, #5652, #5686 ),
 ( #192, #5133, #1285, #5577, #157, #2372, #669, #86, #3499, #3909, #2304, #5171, #4592, #1826, #6816, #596, #4522, #6371, #6297, #1860, #5318, #5828, #6961, #845, #3573, #1429, #776 ),
 ( #2992, #229, #5205, #3067, #3608, #6406, #6925, #3645, #5282, #5867, #267, #881, #4659, #3101, #4700, #4735, #5243, #1971, #6994, #302, #4157, #2007, #2518, #4189, #6848, #2553, #5792 ),
 ( #1394, #810, #335, #4772, #6335, #4086, #1323, #1896, #3541, #2482, #4124, #3028, #1934, #5757, #2443, #6884, #4611, #6802, #1881, #1813, #723, #5670, #1237, #5742, #5190, #3486, #104 ),
 ( #5705, #2941, #5636, #4004, #5599, #4579, #6283, #5156, #2390, #2904, #6252, #5084, #4642, #6221, #4072, #653, #1158, #4038, #178, #617, #214, #1199, #6867, #1271, #761, #2837, #6834 ),
 ( #1846, #2425, #2324, #2869, #1305, #3522, #3451, #2978, #6144, #3378, #5049, #69, #688, #4542, #5118, #140, #2289, #6765, #4507, #6730, #1741, #3965, #6181, #3419, #1779, #2358, #6980 ) ),
 .UNSPECIFIED., .F., .F., .F.,
 ( 6, 3, 3, 3, 3, 3, 3, 3, 3, 3, 6 ),
 ( 6, 3, 3, 3, 3, 3, 3, 3, 6 ),
 ( -9.492432588434672525, -8.986881764286426488, -8.685081794903421581, -8.039780003563544497, -6.749176420883792993, -5.040852057884327664, -0.5574618340295174335, 3.862309003216356729, 6.789222592304666293, 8.252679386848820187, 9.347638972562583248 ),
 ( -0.7955525503947592503, -0.4629220166368858691, -0.1639025916806938765, -0.05759024914075072665, -0.004434077870779096209, 0.04973677919067431841, 0.1580784933135809256, 0.4637513870615671552, 0.8020406633021305298 ),
 .UNSPECIFIED. ) ;
#1322 = CARTESIAN_POINT ( 'NONE',  ( 0.7315544424450554084, 7.216032230033230910, 24.51051224014078045 ) ) ;
#1323 = CARTESIAN_POINT ( 'NONE',  ( -23.23329269685880050, 24.97958305779478039, -0.2814199272821832354 ) ) ;
#1324 = CONICAL_SURFACE ( 'NONE', #4802, 21.00000000000000000, 0.9424777960769346041 ) ;
#1325 = CARTESIAN_POINT ( 'NONE',  ( 0.2000588386013919251, 23.75988214637183660, 23.48520978674773474 ) ) ;
#1326 = VECTOR ( 'NONE', #1606, 1000.000000000000000 ) ;
#1327 = ORIENTED_EDGE ( 'NONE', *, *, #1730, .T. ) ;
#1328 = CARTESIAN_POINT ( 'NONE',  ( -1.113475797769527320, 17.51210961875199601, 23.04112429403321727 ) ) ;
#1329 = CARTESIAN_POINT ( 'NONE',  ( -26.15592374870569969, 7.175047955879082728, -0.001604373951258686705 ) ) ;
#1330 = CARTESIAN_POINT ( 'NONE',  ( -26.22319372678777682, 6.915684363934081702, 0.02210988025637954449 ) ) ;
#1331 = CARTESIAN_POINT ( 'NONE',  ( 26.23289429105598813, 6.987360594448824180, -0.05938784320753866947 ) ) ;
#1332 = CARTESIAN_POINT ( 'NONE',  ( -23.33516866453719629, 17.49295969474613699, -0.5786592456130025264 ) ) ;
#1333 = CARTESIAN_POINT ( 'NONE',  ( -23.76722453529430368, 17.28310456866912403, 0.09294234395999782794 ) ) ;
#1334 = EDGE_CURVE ( 'NONE', #68, #3603, #1187, .T. ) ;
#1335 = CARTESIAN_POINT ( 'NONE',  ( 25.29781853966917637, 9.541732788161718659, -0.1169520861241765131 ) ) ;
#1336 = CARTESIAN_POINT ( 'NONE',  ( -23.80798759955900934, 1.406610341118329943, 2.915637580793982017E-15 ) ) ;
#1337 = CARTESIAN_POINT ( 'NONE',  ( 24.30307715779458633, 12.13803536235309188, 0.4423175763415613804 ) ) ;
#1338 = CARTESIAN_POINT ( 'NONE',  ( -26.19452434219683212, 7.063593661854434380, -0.02761027507606679185 ) ) ;
#1339 = CARTESIAN_POINT ( 'NONE',  ( 0.6639182799217629993, 24.15509249068230702, -22.58198660262925372 ) ) ;
#1340 = CARTESIAN_POINT ( 'NONE',  ( -25.29781853966917637, 9.541732788161718659, 0.1169520861241765131 ) ) ;
#1341 = CARTESIAN_POINT ( 'NONE',  ( -0.1213641654453292418, 18.16364155095825694, 23.68277370017940697 ) ) ;
#1342 = CARTESIAN_POINT ( 'NONE',  ( -0.06442033444482046789, 7.842411974564392985, -25.87803085562867622 ) ) ;
#1343 = CARTESIAN_POINT ( 'NONE',  ( 25.74848705493459988, 7.442822502275706853, 0.1994379324837565748 ) ) ;
#1344 = EDGE_LOOP ( 'NONE', ( #2263, #5117, #2357, #3796 ) ) ;
#1345 = CARTESIAN_POINT ( 'NONE',  ( 23.53524872004170732, 23.27268620760299811, -0.1500174731186688926 ) ) ;
#1346 = CARTESIAN_POINT ( 'NONE',  ( 24.02683712735183974, 12.01937351305652690, -0.9855172785943634439 ) ) ;
#1347 = CARTESIAN_POINT ( 'NONE',  ( -14.28941916244323451, 16.71383033581603073, -4.250000000000005329 ) ) ;
#1348 = CARTESIAN_POINT ( 'NONE',  ( -24.50420786322755617, 7.276086952618796566, 0.7315619528210960398 ) ) ;
#1349 = CARTESIAN_POINT ( 'NONE',  ( 0.5910919127930320816, 16.69130124041595309, 23.39820358569996728 ) ) ;
#1350 = CARTESIAN_POINT ( 'NONE',  ( -0.2011077090613231089, 10.45020433230525825, 24.98894281536914619 ) ) ;
#1351 = CARTESIAN_POINT ( 'NONE',  ( 0.02096648122007246928, 7.011778821261586359, -26.17902354691087652 ) ) ;
#1352 = CARTESIAN_POINT ( 'NONE',  ( 24.54600598151474955, 6.588906719789394018, 0.7320889084268363822 ) ) ;
#1353 = CARTESIAN_POINT ( 'NONE',  ( 23.96970157607484708, 15.51368860744981326, -0.09279817396617362490 ) ) ;
#1354 = EDGE_LOOP ( 'NONE', ( #3198, #5429, #7165, #4864 ) ) ;
#1355 = CARTESIAN_POINT ( 'NONE',  ( 0.05594717616201173166, 24.30073493625504710, -23.62696486804472329 ) ) ;
#1356 = CARTESIAN_POINT ( 'NONE',  ( 0.1002503631143049218, 17.28304669078251621, -23.76680526667268722 ) ) ;
#1357 = CARTESIAN_POINT ( 'NONE',  ( -0.04529324159898984181, 7.942739257397699149, -25.85482517193137753 ) ) ;
#1358 = CARTESIAN_POINT ( 'NONE',  ( -3.902578066303120788E-05, 7.664432935134713354, 25.97604820104866974 ) ) ;
#1359 = CARTESIAN_POINT ( 'NONE',  ( 0.4706671434324796732, 23.69919299968157134, 23.03231597655863183 ) ) ;
#1360 = ORIENTED_EDGE ( 'NONE', *, *, #4608, .T. ) ;
#1361 = CARTESIAN_POINT ( 'NONE',  ( -0.5171337643900261183, 19.07495178228292332, 23.28009495835586762 ) ) ;
#1362 = CARTESIAN_POINT ( 'NONE',  ( -26.11277337039798496, 7.293791222418285258, -0.004820486983445089815 ) ) ;
#1363 = CARTESIAN_POINT ( 'NONE',  ( -26.17902354691087652, 7.011778821261586359, -0.02096648122016387533 ) ) ;
#1364 = FACE_OUTER_BOUND ( 'NONE', #6319, .T. ) ;
#1365 = CARTESIAN_POINT ( 'NONE',  ( -0.6647300119344674574, 6.712915953412453618, 24.71013494813267997 ) ) ;
#1366 = CARTESIAN_POINT ( 'NONE',  ( -23.68320438986366838, 18.16370133545152754, 0.1147598708142036211 ) ) ;
#1367 = PRODUCT_CONTEXT ( 'NONE', #33, 'mechanical' ) ;
#1368 = CARTESIAN_POINT ( 'NONE',  ( 24.16057157704589997, 11.58861538342715747, -0.5972869096255589705 ) ) ;
#1369 = CARTESIAN_POINT ( 'NONE',  ( 23.54764942707513242, 25.46361181394916429, -0.09691175241199845303 ) ) ;
#1370 = EDGE_CURVE ( 'NONE', #4391, #1118, #5887, .T. ) ;
#1371 = CARTESIAN_POINT ( 'NONE',  ( 23.10649251317211395, 21.48908594712376185, 0.8632731172891802141 ) ) ;
#1372 = CARTESIAN_POINT ( 'NONE',  ( -0.01526239501022192378, 7.013868656652242350, -26.21821422752918807 ) ) ;
#1373 = CARTESIAN_POINT ( 'NONE',  ( -0.06407645877816094127, 24.29552063975128462, -23.62984557939344654 ) ) ;
#1374 = CARTESIAN_POINT ( 'NONE',  ( -24.37623902270715348, 11.61751548593137962, 0.4695048045354450195 ) ) ;
#1375 = CARTESIAN_POINT ( 'NONE',  ( 0.6642472134683639062, 18.09223959586417507, 23.14990482767464286 ) ) ;
#1376 = CARTESIAN_POINT ( 'NONE',  ( -0.4703735393155282773, 7.735150542120226014, -25.07759528239743574 ) ) ;
#1377 = CARTESIAN_POINT ( 'NONE',  ( 25.90675379060105499, 7.403134777826898549, -0.1184566767401659393 ) ) ;
#1378 = ORIENTED_EDGE ( 'NONE', *, *, #2786, .T. ) ;
#1379 = CARTESIAN_POINT ( 'NONE',  ( 5.213530464874319037, 16.71383033581603073, 13.53030303030303116 ) ) ;
#1380 = CARTESIAN_POINT ( 'NONE',  ( 23.62314952894352160, 23.77836563906561196, -0.02039351614614587360 ) ) ;
#1381 = CARTESIAN_POINT ( 'NONE',  ( -23.68988913174811017, 25.10787863070812165, -0.002177042760123771778 ) ) ;
#1382 = CARTESIAN_POINT ( 'NONE',  ( 23.53261441539576282, 23.27971944154811368, 0.1537557645593990163 ) ) ;
#1383 = CARTESIAN_POINT ( 'NONE',  ( -25.57904839084173076, 7.359220980500884579, 0.2825270056823839249 ) ) ;
#1384 = DIRECTION ( 'NONE',  ( 0.000000000000000000, 1.000000000000000000, 0.000000000000000000 ) ) ;
#1385 = CARTESIAN_POINT ( 'NONE',  ( 0.3421590482132324529, 10.09247960894329310, 24.89185616095691245 ) ) ;
#1386 = CARTESIAN_POINT ( 'NONE',  ( 0.1174654872061756949, 6.988443162784323981, -26.00489390083248864 ) ) ;
#1387 = CARTESIAN_POINT ( 'NONE',  ( 25.53843512508197833, 6.721903854988235061, 0.3417169365667539482 ) ) ;
#1388 = CARTESIAN_POINT ( 'NONE',  ( 23.33372472956277122, 17.22501642329921978, -0.5969078494082438180 ) ) ;
#1389 = ORIENTED_EDGE ( 'NONE', *, *, #615, .F. ) ;
#1390 = CARTESIAN_POINT ( 'NONE',  ( 0.2739656530908539667, 22.12791605837193387, -23.42342825397997075 ) ) ;
#1391 = CARTESIAN_POINT ( 'NONE',  ( -0.01701023693193166181, 15.51517576642971008, -23.98080404663674159 ) ) ;
#1392 = CARTESIAN_POINT ( 'NONE',  ( -0.004692443465609495538, 7.292809587673589000, -26.11314858698997554 ) ) ;
#1393 = CARTESIAN_POINT ( 'NONE',  ( -0.1995118936095685858, 7.628498779188698897, 25.70791245277533932 ) ) ;
#1394 = CARTESIAN_POINT ( 'NONE',  ( -22.19348083613025935, 24.84023513786889126, -0.7983455350634737213 ) ) ;
#1395 = CARTESIAN_POINT ( 'NONE',  ( -0.1999228180901424512, 23.76020448162192267, 23.48764127239124733 ) ) ;
#1396 = CARTESIAN_POINT ( 'NONE',  ( -1.037424112305390222, 12.78211472155739692, 23.80754844753110078 ) ) ;
#1397 = CARTESIAN_POINT ( 'NONE',  ( -23.73548944996919730, 14.41548872624170841, -0.5648208739796715117 ) ) ;
#1398 = CARTESIAN_POINT ( 'NONE',  ( 26.21821422752688235, 7.013868656657358258, -0.01526239500897232960 ) ) ;
#1399 = CARTESIAN_POINT ( 'NONE',  ( -26.01242958280032269, 7.550755267692611739, -0.01792958940146568286 ) ) ;
#1400 = CARTESIAN_POINT ( 'NONE',  ( -22.78624448544573511, 21.00844972414699541, 0.7320053368141584693 ) ) ;
#1401 = CARTESIAN_POINT ( 'NONE',  ( 25.03620974321722414, 10.45654127227219199, -0.1163032717740016958 ) ) ;
#1402 = CARTESIAN_POINT ( 'NONE',  ( -23.63603137294487055, 24.96723757409074906, 0.2734725013374558755 ) ) ;
#1403 = CARTESIAN_POINT ( 'NONE',  ( 23.66428029625115670, 25.10234545187915955, 0.2132694272517469680 ) ) ;
#1404 = CARTESIAN_POINT ( 'NONE',  ( -26.23959171988976280, 6.975397712926563187, -0.03044673345349182061 ) ) ;
#1405 = CARTESIAN_POINT ( 'NONE',  ( 0.06514792930880351773, 23.77594323400057164, -23.60507858713778973 ) ) ;
#1406 = CARTESIAN_POINT ( 'NONE',  ( -24.90187158169618087, 10.43854029251606619, 0.2812807095143813885 ) ) ;
#1407 = CARTESIAN_POINT ( 'NONE',  ( 0.06219973357448566748, 21.70343762328743153, 23.56513835725766270 ) ) ;
#1408 = CARTESIAN_POINT ( 'NONE',  ( 0.0003799817190765466179, 7.970431036408381686, -25.86165560372274541 ) ) ;
#1409 = EDGE_CURVE ( 'NONE', #6292, #1714, #3983, .T. ) ;
#1410 = CARTESIAN_POINT ( 'NONE',  ( 24.44306720110426312, 7.650107997519039138, 0.7319171847085298444 ) ) ;
#1411 = EDGE_LOOP ( 'NONE', ( #3592, #3428 ) ) ;
#1412 = CARTESIAN_POINT ( 'NONE',  ( 23.33712340293012133, 20.95809617874389019, -0.3813562059844549101 ) ) ;
#1413 = CARTESIAN_POINT ( 'NONE',  ( 22.66242094508845284, 24.68213970766165488, -0.5983545011987274620 ) ) ;
#1414 = CARTESIAN_POINT ( 'NONE',  ( -23.66670849320821546, 24.72136531537728033, -0.02142153657579794895 ) ) ;
#1415 = CARTESIAN_POINT ( 'NONE',  ( 0.000000000000000000, 0.03151920426976509426, 0.000000000000000000 ) ) ;
#1416 = CARTESIAN_POINT ( 'NONE',  ( -25.83681359102981645, 7.967102567861572560, 0.06430627355143861412 ) ) ;
#1417 = CARTESIAN_POINT ( 'NONE',  ( -0.1145011863356081572, 23.66372996600169287, 23.56908634835379601 ) ) ;
#1418 = CARTESIAN_POINT ( 'NONE',  ( -0.7990689392552631221, 9.378415858641799829, 24.07917060482842331 ) ) ;
#1419 = AXIS2_PLACEMENT_3D ( 'NONE', #4527, #5656, #3437 ) ;
#1420 = CARTESIAN_POINT ( 'NONE',  ( 0.7320295656992821254, 6.891320162715942388, -24.51892877107432867 ) ) ;
#1421 = EDGE_CURVE ( 'NONE', #4906, #4081, #903, .T. ) ;
#1422 = CARTESIAN_POINT ( 'NONE',  ( 26.24737067576340621, 6.816909802132319562, 0.03140144934114760811 ) ) ;
#1423 = CARTESIAN_POINT ( 'NONE',  ( 23.55232094588168934, 18.14615785306246920, 0.3439151270117959958 ) ) ;
#1424 = AXIS2_PLACEMENT_3D ( 'NONE', #1921, #291, #4144 ) ;
#1425 = CARTESIAN_POINT ( 'NONE',  ( -0.04450156198020241427, 24.43044968890051649, -23.63876711341763581 ) ) ;
#1426 = CARTESIAN_POINT ( 'NONE',  ( 0.4697883189733579878, 21.65295247888080965, -23.18844158336079531 ) ) ;
#1427 = CARTESIAN_POINT ( 'NONE',  ( -0.001669255668149742262, 7.174721770088200223, -26.15605098470958012 ) ) ;
#1428 = CARTESIAN_POINT ( 'NONE',  ( -0.02152624825294839964, 7.663816151181817915, 25.97144702452209231 ) ) ;
#1429 = CARTESIAN_POINT ( 'NONE',  ( -22.45207476091957233, 24.13769546097459084, 0.7323705396601591922 ) ) ;
#1430 = CARTESIAN_POINT ( 'NONE',  ( -0.06514792930863867737, 23.77594323400057164, 23.60507858713778973 ) ) ;
#1431 = CIRCLE ( 'NONE', #3517, 1.999999999999999112 ) ;
#1432 = CARTESIAN_POINT ( 'NONE',  ( 0.1398962946810784203, 7.339204114400805778, 26.03583473244962931 ) ) ;
#1433 = ORIENTED_EDGE ( 'NONE', *, *, #5100, .F. ) ;
#1434 = DIRECTION ( 'NONE',  ( -0.000000000000000000, 1.000000000000000000, -0.000000000000000000 ) ) ;
#1435 = CARTESIAN_POINT ( 'NONE',  ( -26.03559598803312625, 7.339639019068801673, -0.1401292986189587864 ) ) ;
#1436 = CIRCLE ( 'NONE', #851, 2.000000000000000000 ) ;
#1437 = CARTESIAN_POINT ( 'NONE',  ( 9.110820912706838470, 21.71383033581603073, -11.28020134113676853 ) ) ;
#1438 = CARTESIAN_POINT ( 'NONE',  ( 0.2826499451391363271, 6.741855499813374841, 25.68727798972584608 ) ) ;
#1439 = CARTESIAN_POINT ( 'NONE',  ( -23.13039775505585283, 19.57208594671171298, -0.5976543796999812530 ) ) ;
#1440 = EDGE_CURVE ( 'NONE', #3461, #704, #26, .T. ) ;
#1441 = CIRCLE ( 'NONE', #856, 1.925000000000004929 ) ;
#1442 = ORIENTED_EDGE ( 'NONE', *, *, #2306, .T. ) ;
#1443 = CARTESIAN_POINT ( 'NONE',  ( -23.33278389823769672, 17.49363238266036547, 0.5777857194974521660 ) ) ;
#1444 = CARTESIAN_POINT ( 'NONE',  ( 23.59638190720900397, 15.18776507104469964, 0.5851185683840262053 ) ) ;
#1445 = CARTESIAN_POINT ( 'NONE',  ( -0.3430722877616311228, 24.24071884028882451, -23.22088393566005138 ) ) ;
#1446 = CARTESIAN_POINT ( 'NONE',  ( -25.06273951076826023, 10.46009562748962374, 0.01891912887461376716 ) ) ;
#1447 = CARTESIAN_POINT ( 'NONE',  ( -0.2827609604231123841, 21.09807870356999615, 23.45514251037889508 ) ) ;
#1448 = CARTESIAN_POINT ( 'NONE',  ( -0.6647042679745890359, 8.570185696866120750, -24.50699701141456543 ) ) ;
#1449 = CARTESIAN_POINT ( 'NONE',  ( 25.63757194351691382, 7.940400226509627402, 0.1996461959441540868 ) ) ;
#1450 = ORIENTED_EDGE ( 'NONE', *, *, #4020, .F. ) ;
#1451 = CYLINDRICAL_SURFACE ( 'NONE', #953, 2.000000000000000000 ) ;
#1452 = CARTESIAN_POINT ( 'NONE',  ( 22.37075272097565914, 24.64304210617630275, 0.7311216531294251197 ) ) ;
#1453 = DIRECTION ( 'NONE',  ( -1.224646799147353454E-16, 0.000000000000000000, -1.000000000000000000 ) ) ;
#1454 = CARTESIAN_POINT ( 'NONE',  ( -0.02776854285249309717, 7.063559456178114537, -26.19454116609074745 ) ) ;
#1455 = CARTESIAN_POINT ( 'NONE',  ( -24.62251452469250168, 7.674167658028722805, 0.6646911149120376949 ) ) ;
#1456 = CARTESIAN_POINT ( 'NONE',  ( -0.01253079447093248880, 7.461012785937944258, 26.04885650848814294 ) ) ;
#1457 = CARTESIAN_POINT ( 'NONE',  ( -0.1205736387839460438, 11.66265299640187791, 24.71310389499135596 ) ) ;
#1458 = CARTESIAN_POINT ( 'NONE',  ( -0.3430397143715173125, 7.181358460966048796, -25.46749196273527005 ) ) ;
#1459 = CARTESIAN_POINT ( 'NONE',  ( 26.17320945403743337, 7.011000155478478213, -0.03277180836239648037 ) ) ;
#1460 = CARTESIAN_POINT ( 'NONE',  ( 23.57427181956365558, 21.11404575097608216, -0.02938005698545751582 ) ) ;
#1461 = CARTESIAN_POINT ( 'NONE',  ( -0.06970398778885621149, 24.14092065964039691, -23.61267886138744032 ) ) ;
#1462 = CARTESIAN_POINT ( 'NONE',  ( 0.003658265856074391018, 19.63626908163578833, -23.60930797460028074 ) ) ;
#1463 = CARTESIAN_POINT ( 'NONE',  ( 0.08274577012498099404, 7.000345051182263134, 26.22543006124312015 ) ) ;
#1464 = CARTESIAN_POINT ( 'NONE',  ( -0.1182381007555977914, 8.333984918277501208, 25.65952456137036819 ) ) ;
#1465 = CARTESIAN_POINT ( 'NONE',  ( 0.2822355350395027163, 23.74196830411835180, 23.35152727773681036 ) ) ;
#1466 = CARTESIAN_POINT ( 'NONE',  ( 0.3108353294845988546, 7.378397657335983517, 26.01250865641171117 ) ) ;
#1467 = DIRECTION ( 'NONE',  ( -0.000000000000000000, 1.000000000000000000, -0.000000000000000000 ) ) ;
#1468 = CARTESIAN_POINT ( 'NONE',  ( -24.79070205974695895, 10.65508634487642681, -0.3168560430959029284 ) ) ;
#1469 = CARTESIAN_POINT ( 'NONE',  ( 0.7318856344864785868, 10.33051242334457598, -24.09580945367818927 ) ) ;
#1470 = LINE ( 'NONE', #6563, #4340 ) ;
#1471 = CARTESIAN_POINT ( 'NONE',  ( 0.4704115492560351774, 6.679940596456324542, 25.22524272223600406 ) ) ;
#1472 = CARTESIAN_POINT ( 'NONE',  ( -23.22422218094118662, 21.06713182897214764, -0.4699801249341906129 ) ) ;
#1473 = CARTESIAN_POINT ( 'NONE',  ( 23.50555498070490046, 24.29920522643042347, 0.4484066497431198894 ) ) ;
#1474 = ORIENTED_EDGE ( 'NONE', *, *, #435, .F. ) ;
#1475 = CARTESIAN_POINT ( 'NONE',  ( -23.69937534036374061, 25.26704357560982928, 0.1145413684730679366 ) ) ;
#1476 = CARTESIAN_POINT ( 'NONE',  ( 24.08851777884290613, 12.89169545522726068, 0.4934271295122255596 ) ) ;
#1477 = CARTESIAN_POINT ( 'NONE',  ( -26.20909920729387110, 7.029837282109492769, -0.02961894724681433250 ) ) ;
#1478 = CARTESIAN_POINT ( 'NONE',  ( -0.6653032530346210116, 23.35713875640724169, -22.68347052707506961 ) ) ;
#1479 = CARTESIAN_POINT ( 'NONE',  ( -23.95314456448190654, 10.31139355929532719, -0.7990817187111967090 ) ) ;
#1480 = CARTESIAN_POINT ( 'NONE',  ( -0.2013877778427597409, 21.10681936693828575, 23.52036199521375437 ) ) ;
#1481 = CARTESIAN_POINT ( 'NONE',  ( -0.7985913576229348720, 8.529334548391940274, -24.20214776240270993 ) ) ;
#1482 = CARTESIAN_POINT ( 'NONE',  ( 25.93562484823489811, 7.659016437469396976, -0.06457413556311739078 ) ) ;
#1483 = ORIENTED_EDGE ( 'NONE', *, *, #2843, .F. ) ;
#1484 = CYLINDRICAL_SURFACE ( 'NONE', #1302, 21.00000000000000000 ) ;
#1485 = CARTESIAN_POINT ( 'NONE',  ( 23.41633690031084569, 24.78316369216441828, 0.1996285627196213996 ) ) ;
#1486 = CARTESIAN_POINT ( 'NONE',  ( -5.932638115201811502, 16.71383033581603073, 15.39655172413793238 ) ) ;
#1487 = PRESENTATION_STYLE_ASSIGNMENT (( #3740 ) ) ;
#1488 = CARTESIAN_POINT ( 'NONE',  ( -24.30193812048364777, 7.631208940002873753, 0.7985044265978755718 ) ) ;
#1489 = CARTESIAN_POINT ( 'NONE',  ( -0.1305334978726974959, 8.897311583983611882, 25.47372236828853787 ) ) ;
#1490 = CARTESIAN_POINT ( 'NONE',  ( -0.2018020901843138593, 11.65804677938674239, 24.67873657322180847 ) ) ;
#1491 = CARTESIAN_POINT ( 'NONE',  ( -0.4704095326247569320, 7.140680814674108312, -25.16393785211686307 ) ) ;
#1492 =( BOUNDED_SURFACE ( )  B_SPLINE_SURFACE ( 2, 3, ( 
 ( #1228, #6244, #6793, #5802 ),
 ( #1336, #5662, #1804, #788 ),
 ( #3478, #3002, #6345, #5218 ) ),
 .UNSPECIFIED., .F., .F., .T. ) 
 B_SPLINE_SURFACE_WITH_KNOTS ( ( 3, 3 ),
 ( 4, 4 ),
 ( 0.008659189252793514716, 0.7611155486637234402 ),
 ( 0.000000000000000000, 1.000000000000000000 ),
 .UNSPECIFIED. ) 
 GEOMETRIC_REPRESENTATION_ITEM ( )  RATIONAL_B_SPLINE_SURFACE ( (
 ( 1.000000000000000000, 0.3333333333333334259, 0.3333333333333334259, 1.000000000000000000),
 ( 1.000000000000000000, 0.3333333333333334259, 0.3333333333333334259, 1.000000000000000000),
 ( 1.000000000000000000, 0.3333333333333334259, 0.3333333333333334259, 1.000000000000000000) ) ) 
 REPRESENTATION_ITEM ( '' )  SURFACE ( )  );
#1493 = CARTESIAN_POINT ( 'NONE',  ( 26.02801658428299092, 6.889527789859283047, 0.1174191376558897937 ) ) ;
#1494 = CARTESIAN_POINT ( 'NONE',  ( 23.57618642723625868, 21.11430204136612687, 0.002910887743746433821 ) ) ;
#1495 = CARTESIAN_POINT ( 'NONE',  ( -0.1500174731187431110, 23.27268620760302298, -23.53524872004172153 ) ) ;
#1496 = CARTESIAN_POINT ( 'NONE',  ( -26.28168710575818068, 6.821508582189571790, -0.02060911764598249984 ) ) ;
#1497 = CARTESIAN_POINT ( 'NONE',  ( -0.02863498017639226623, 19.63607853115697210, -23.60788393284174802 ) ) ;
#1498 = DIRECTION ( 'NONE',  ( 0.000000000000000000, 0.000000000000000000, 1.000000000000000000 ) ) ;
#1499 = CARTESIAN_POINT ( 'NONE',  ( -0.7319031812862581976, 7.778456925126048915, 24.42914924505139140 ) ) ;
#1500 = CARTESIAN_POINT ( 'NONE',  ( -0.7311351224737895338, 24.85976331148095397, 22.33920008479090669 ) ) ;
#1501 = EDGE_CURVE ( 'NONE', #68, #3815, #7004, .T. ) ;
#1502 = CARTESIAN_POINT ( 'NONE',  ( 0.4707043143192993773, 19.83758736806923650, 23.28518643060801807 ) ) ;
#1503 = CARTESIAN_POINT ( 'NONE',  ( -25.33733797950934985, 8.685368828834807431, -0.6053424969838252512 ) ) ;
#1504 = CARTESIAN_POINT ( 'NONE',  ( -26.09902386166588428, 7.225075153150759988, -0.1113577013870074711 ) ) ;
#1505 = CARTESIAN_POINT ( 'NONE',  ( 0.7992547685121627055, 12.76180696105532775, -23.59188396843316582 ) ) ;
#1506 = DIRECTION ( 'NONE',  ( 0.000000000000000000, 1.000000000000000000, 0.000000000000000000 ) ) ;
#1507 = CARTESIAN_POINT ( 'NONE',  ( 0.7314935026219103742, 6.793892807262150946, 24.55305970841864038 ) ) ;
#1508 = CARTESIAN_POINT ( 'NONE',  ( -23.57437992895842527, 21.11405967439959852, -0.03501634927221413535 ) ) ;
#1509 = ORIENTED_EDGE ( 'NONE', *, *, #2265, .T. ) ;
#1510 = CARTESIAN_POINT ( 'NONE',  ( -23.09122016064575789, 21.04541810619085496, 0.5760668136485602719 ) ) ;
#1511 = CARTESIAN_POINT ( 'NONE',  ( -23.57450913761787348, 23.72314563405029375, -0.1085675247571514235 ) ) ;
#1512 = CARTESIAN_POINT ( 'NONE',  ( 0.000000000000000000, 23.71383033581603073, 16.50000000000000000 ) ) ;
#1513 = CARTESIAN_POINT ( 'NONE',  ( -0.6653540681677077018, 24.88042045924114376, -22.49325709743559898 ) ) ;
#1514 = CARTESIAN_POINT ( 'NONE',  ( -24.67768590584567789, 11.65790948527042659, 0.1981860440902480924 ) ) ;
#1515 = CARTESIAN_POINT ( 'NONE',  ( 0.01855190658552282462, 21.11422100161730597, 23.57558028727986610 ) ) ;
#1516 = CARTESIAN_POINT ( 'NONE',  ( -0.03115940260371354714, 8.716398786345656902, -25.59811352511789551 ) ) ;
#1517 = CARTESIAN_POINT ( 'NONE',  ( 24.32117406898835554, 7.442673106091036495, -0.7984782855523033795 ) ) ;
#1518 = ORIENTED_EDGE ( 'NONE', *, *, #6389, .F. ) ;
#1519 = FACE_OUTER_BOUND ( 'NONE', #80, .T. ) ;
#1520 = CARTESIAN_POINT ( 'NONE',  ( 23.55365494673465321, 24.80156823069677685, -0.1182048586632741816 ) ) ;
#1521 = CARTESIAN_POINT ( 'NONE',  ( 0.000000000000000000, 21.71383033581603073, 16.50000000000000000 ) ) ;
#1522 = CARTESIAN_POINT ( 'NONE',  ( -25.47224868937158604, 7.918244825797766673, -0.2814889772564486692 ) ) ;
#1523 = CARTESIAN_POINT ( 'NONE',  ( -0.4443741276875818325, 12.16720410851716139, 24.29455094253900427 ) ) ;
#1524 = CARTESIAN_POINT ( 'NONE',  ( 0.09467986506121220391, 10.45783143865956255, 25.04583866975146833 ) ) ;
#1525 = CARTESIAN_POINT ( 'NONE',  ( -0.2005731278578697652, 7.223420354418209399, -25.78137662523477047 ) ) ;
#1526 = CARTESIAN_POINT ( 'NONE',  ( 26.02150943782998382, 6.888657846623179815, -0.1186723523865011592 ) ) ;
#1527 = CARTESIAN_POINT ( 'NONE',  ( 23.55126608590692427, 18.14602249212617124, -0.3408838064625095976 ) ) ;
#1528 = CARTESIAN_POINT ( 'NONE',  ( -0.1135024197617999497, 23.65844106992670248, -23.57026065176627938 ) ) ;
#1529 = CARTESIAN_POINT ( 'NONE',  ( -25.22524272223600761, 6.679940596456324542, 0.4704115492557709444 ) ) ;
#1530 = CLOSED_SHELL ( 'NONE', ( #4481, #7103, #592, #3777, #5346, #5299, #129, #1020, #2124, #4881, #2038, #2476, #656, #6100, #2879, #4166, #7063, #348, #6037, #3174, #5187, #3196, #6598, #4256, #7025, #4836, #3103, #6971, #5927, #3009, #1108, #4755, #6479, #462, #6276, #443, #5643, #4702, #238, #5588, #771, #5327, #5994, #4744, #3799, #4217, #1186, #4969, #5550, #4295, #1242, #1160, #2504, #3993, #3820, #6818, #6262, #5208, #1810, #1856, #530, #4532, #3590, #3682, #5028, #1147, #1943, #3283, #5900, #3768, #7114, #1590, #966, #79, #5284, #5597, #1306 ) ) ;
#1531 = CARTESIAN_POINT ( 'NONE',  ( -0.4699373745214737719, 21.06680962835038429, -23.22175640376525152 ) ) ;
#1532 = CARTESIAN_POINT ( 'NONE',  ( -0.3418834599707223365, 7.773442635788494037, 25.36339263225614715 ) ) ;
#1533 = CARTESIAN_POINT ( 'NONE',  ( -0.7311541062139292890, 25.07632699044922475, 22.30647195186452336 ) ) ;
#1534 = AXIS2_PLACEMENT_3D ( 'NONE', #5376, #3595, #6500 ) ;
#1535 = CARTESIAN_POINT ( 'NONE',  ( 0.6064795947491699035, 8.686627342005275310, 25.33666765419371814 ) ) ;
#1536 = CARTESIAN_POINT ( 'NONE',  ( 24.73185362506179175, 11.66516692531748767, -0.02896202565342484089 ) ) ;
#1537 = CARTESIAN_POINT ( 'NONE',  ( -25.77961932559056990, 7.809475335534391327, -0.4310405137743475446 ) ) ;
#1538 = CARTESIAN_POINT ( 'NONE',  ( 14.28941916244324162, 16.71383033581603073, -8.249999999999998224 ) ) ;
#1539 = CARTESIAN_POINT ( 'NONE',  ( -0.4698536945296764578, 10.39980360685425431, -24.61279735675591596 ) ) ;
#1540 = CARTESIAN_POINT ( 'NONE',  ( -0.3832391131231621118, 24.58336256469658210, -23.55930735354204941 ) ) ;
#1541 = CARTESIAN_POINT ( 'NONE',  ( -0.2812136795673168543, 6.842103844355110986, 25.67413909883122258 ) ) ;
#1542 = CARTESIAN_POINT ( 'NONE',  ( -23.56915099880709263, 21.70397497097093620, 0.01888140304100335842 ) ) ;
#1543 = CIRCLE ( 'NONE', #1660, 25.88957437681456142 ) ;
#1544 = EDGE_LOOP ( 'NONE', ( #733, #3786 ) ) ;
#1545 = CIRCLE ( 'NONE', #1085, 21.00000000000000000 ) ;
#1546 = CARTESIAN_POINT ( 'NONE',  ( -23.60908864356031600, 24.82480737060270570, 0.1542633625220456717 ) ) ;
#1547 = UNCERTAINTY_MEASURE_WITH_UNIT (LENGTH_MEASURE( 1.000000000000000082E-05 ), #5909, 'distance_accuracy_value', 'NONE');
#1548 = CARTESIAN_POINT ( 'NONE',  ( 0.000000000000000000, 3.760367054716749813, 25.88957437681456142 ) ) ;
#1549 = CARTESIAN_POINT ( 'NONE',  ( -23.68635459380752195, 25.03621696025229326, -0.003706674637216138875 ) ) ;
#1550 = DIRECTION ( 'NONE',  ( 0.000000000000000000, -1.000000000000000000, 0.000000000000000000 ) ) ;
#1551 = CARTESIAN_POINT ( 'NONE',  ( 0.4692974219509448708, 25.14693604737652421, -22.83335556512797382 ) ) ;
#1552 = CARTESIAN_POINT ( 'NONE',  ( -23.33166882933274167, 15.42817971293575319, -0.7323037128976900290 ) ) ;
#1553 = EDGE_CURVE ( 'NONE', #3187, #5850, #839, .T. ) ;
#1554 = VECTOR ( 'NONE', #2947, 1000.000000000000000 ) ;
#1555 = CARTESIAN_POINT ( 'NONE',  ( -0.06396187914475971736, 8.341111166715036163, -25.71269032620111972 ) ) ;
#1556 = CARTESIAN_POINT ( 'NONE',  ( 25.59811352511789551, 8.716398786345656902, -0.03115940260362417766 ) ) ;
#1557 = CARTESIAN_POINT ( 'NONE',  ( -0.1953888825671837581, 7.675286467896753173, 25.85376602213583297 ) ) ;
#1558 = CARTESIAN_POINT ( 'NONE',  ( 23.68608092101314000, 24.81931355803132533, -0.02131748751117330809 ) ) ;
#1559 = AXIS2_PLACEMENT_3D ( 'NONE', #442, #3172, #2151 ) ;
#1560 = ORIENTED_EDGE ( 'NONE', *, *, #3020, .F. ) ;
#1561 = SURFACE_STYLE_FILL_AREA ( #6466 ) ;
#1562 = CARTESIAN_POINT ( 'NONE',  ( -25.31120585049724525, 8.677952982668074355, 0.2820954271723355999 ) ) ;
#1563 = CARTESIAN_POINT ( 'NONE',  ( -0.2739656530910195009, 22.12791605836896736, 23.42342825397967943 ) ) ;
#1564 = CARTESIAN_POINT ( 'NONE',  ( 0.3415108198446021315, 11.64036295455432146, 24.54674036115774527 ) ) ;
#1565 = CARTESIAN_POINT ( 'NONE',  ( 0.2813262733456400322, 7.359525451709994393, -25.58135728341061821 ) ) ;
#1566 = CARTESIAN_POINT ( 'NONE',  ( 26.20646134110628722, 6.913441615918571870, 0.03153123819564374042 ) ) ;
#1567 = CARTESIAN_POINT ( 'NONE',  ( 23.01850338466514501, 21.03956269324505257, 0.5972765343043157094 ) ) ;
#1568 = CARTESIAN_POINT ( 'NONE',  ( 23.24422764174507350, 22.65771661924019043, -0.7193282901649913352 ) ) ;
#1569 = CARTESIAN_POINT ( 'NONE',  ( -26.24270749816757942, 6.816285461698435633, 0.03297358854785829158 ) ) ;
#1570 = CARTESIAN_POINT ( 'NONE',  ( -0.5973937212444393463, 19.57192071734067085, -23.12908665467365665 ) ) ;
#1571 = CARTESIAN_POINT ( 'NONE',  ( -26.19939777963016780, 7.046310596865579257, 0.04137760642287806323 ) ) ;
#1572 = CARTESIAN_POINT ( 'NONE',  ( -0.3419112168022525600, 7.900598623988888569, 25.34057269563535897 ) ) ;
#1573 = CARTESIAN_POINT ( 'NONE',  ( -0.3417810029959599261, 24.96368408545327711, 23.11465492004821698 ) ) ;
#1574 = CARTESIAN_POINT ( 'NONE',  ( 0.3883184372204044887, 7.632600178589669326, 25.87365432505907137 ) ) ;
#1575 = CARTESIAN_POINT ( 'NONE',  ( 24.37097989837097600, 10.36739918523431392, -0.5975131267883005970 ) ) ;
#1576 = CARTESIAN_POINT ( 'NONE',  ( 5.213530464874319037, 16.71383033581603073, 13.53030303030303116 ) ) ;
#1577 = CARTESIAN_POINT ( 'NONE',  ( 0.0005380367296713056734, 25.22540550875647725, -23.69877685175032056 ) ) ;
#1578 = CARTESIAN_POINT ( 'NONE',  ( -0.6645556456327084138, 10.34980094078757595, -24.23965344085978657 ) ) ;
#1579 = CARTESIAN_POINT ( 'NONE',  ( -0.03847484580394287812, 25.25232317041173147, -23.69649673120686018 ) ) ;
#1580 = CARTESIAN_POINT ( 'NONE',  ( -0.4695540431454229280, 6.779128367521678022, 25.20421417859167335 ) ) ;
#1581 = CARTESIAN_POINT ( 'NONE',  ( -23.58147520968435273, 23.47747213205381911, -0.09733253175438022486 ) ) ;
#1582 = VERTEX_POINT ( 'NONE', #357 ) ;
#1583 = CARTESIAN_POINT ( 'NONE',  ( -25.92806344267136964, 7.759752503354579112, 0.03144478305335332569 ) ) ;
#1584 = CARTESIAN_POINT ( 'NONE',  ( -14.28941916244323451, 16.71383033581603073, -8.250000000000007105 ) ) ;
#1585 = CARTESIAN_POINT ( 'NONE',  ( 0.1222170190539510898, 7.028640972223643146, -26.20920022402781413 ) ) ;
#1586 = CARTESIAN_POINT ( 'NONE',  ( 0.8559750855304939510, 21.47558588133060908, 23.11401429865470192 ) ) ;
#1587 = CARTESIAN_POINT ( 'NONE',  ( -0.7323587614293216586, 24.64463569893875672, -22.38254880113739986 ) ) ;
#1588 = CARTESIAN_POINT ( 'NONE',  ( -24.13925223729406255, 12.83516994896271868, 0.4691539046247147904 ) ) ;
#1589 = CARTESIAN_POINT ( 'NONE',  ( 0.3421946674410999423, 8.916092668313837066, -25.14492549768614893 ) ) ;
#1590 = ADVANCED_FACE ( 'NONE', ( #4685 ), #1999, .T. ) ;
#1591 = CARTESIAN_POINT ( 'NONE',  ( 24.99826538869866255, 8.245375874546866157, -0.4703185701752753967 ) ) ;
#1592 = CARTESIAN_POINT ( 'NONE',  ( -14.28941916244323451, 21.71383033581603073, -4.250000000000005329 ) ) ;
#1593 = CARTESIAN_POINT ( 'NONE',  ( 23.61631663925311386, 25.47281350654261090, -0.06473101276624385059 ) ) ;
#1594 = CARTESIAN_POINT ( 'NONE',  ( -23.69031063713378060, 25.22489290671243012, 0.1433896421635120488 ) ) ;
#1595 = DIRECTION ( 'NONE',  ( -1.000000000000000000, -9.844555726168387834E-14, -1.255202271762847188E-26 ) ) ;
#1596 = CARTESIAN_POINT ( 'NONE',  ( -25.54907327994023447, 8.319182818111389821, -0.1998234710937003000 ) ) ;
#1597 = CARTESIAN_POINT ( 'NONE',  ( 23.30679842740518382, 15.11414648345869338, 1.124548714756101520 ) ) ;
#1598 = CARTESIAN_POINT ( 'NONE',  ( -0.03464917751407476515, 10.45993285677161033, 25.06152838072332045 ) ) ;
#1599 = CARTESIAN_POINT ( 'NONE',  ( -0.03257382893333936325, 7.265663601417931439, -26.09661625798290885 ) ) ;
#1600 = CARTESIAN_POINT ( 'NONE',  ( 26.02460550842529585, 7.093098873097386736, 0.09604819753298117491 ) ) ;
#1601 = ORIENTED_EDGE ( 'NONE', *, *, #482, .T. ) ;
#1602 = CARTESIAN_POINT ( 'NONE',  ( 23.59643713376732066, 19.63454513438111704, -0.09358701334601227106 ) ) ;
#1603 = CARTESIAN_POINT ( 'NONE',  ( 0.000000000000000000, 0.7991967808059080580, 0.000000000000000000 ) ) ;
#1604 = CARTESIAN_POINT ( 'NONE',  ( -25.94680723238431241, 7.245586637285126308, -0.1175766503051665912 ) ) ;
#1605 = CARTESIAN_POINT ( 'NONE',  ( 0.7311978055290001555, 22.46563041403369709, -22.64188509283391326 ) ) ;
#1606 = DIRECTION ( 'NONE',  ( -0.000000000000000000, 1.000000000000000000, -0.000000000000000000 ) ) ;
#1607 = CARTESIAN_POINT ( 'NONE',  ( -0.2814481282423282327, 7.791462833895016260, 25.49785946998319730 ) ) ;
#1608 = CARTESIAN_POINT ( 'NONE',  ( -0.4692789400407589850, 24.93035803293734887, 22.86597672356404587 ) ) ;
#1609 = CARTESIAN_POINT ( 'NONE',  ( 9.110820912706838470, 16.71383033581603073, -11.28020134113676853 ) ) ;
#1610 = CARTESIAN_POINT ( 'NONE',  ( 24.71242095620318224, 11.66256354541915741, -0.1155451733115684110 ) ) ;
#1611 = EDGE_LOOP ( 'NONE', ( #1627, #2146, #2106, #4482 ) ) ;
#1612 = CARTESIAN_POINT ( 'NONE',  ( 0.01455374702769398655, 7.494263832235453116, -26.03515066855103299 ) ) ;
#1613 = CARTESIAN_POINT ( 'NONE',  ( -23.36195975457143703, 21.34517425298339788, 0.3468057235418445239 ) ) ;
#1614 = CARTESIAN_POINT ( 'NONE',  ( -0.7985867285062531185, 10.31306315796806139, -23.96549904601541314 ) ) ;
#1615 = CARTESIAN_POINT ( 'NONE',  ( -0.6072212892040476095, 8.691246320567131534, -25.33447589032308755 ) ) ;
#1616 = CARTESIAN_POINT ( 'NONE',  ( -0.2812354664432229479, 6.941720884052399398, 25.65625240971314369 ) ) ;
#1617 = CARTESIAN_POINT ( 'NONE',  ( -22.64188509283390971, 22.46563041403369709, -0.7311978055290792033 ) ) ;
#1618 = CARTESIAN_POINT ( 'NONE',  ( -24.54904876779030687, 10.55597495849979417, 0.5150346097837856796 ) ) ;
#1619 = CARTESIAN_POINT ( 'NONE',  ( 26.22543006124312015, 7.000345051182263134, -0.08274577012426895251 ) ) ;
#1620 = CARTESIAN_POINT ( 'NONE',  ( -23.69648360726174374, 25.25226168190422982, -0.03851995879200426076 ) ) ;
#1621 = CARTESIAN_POINT ( 'NONE',  ( 0.4249700576921014994, 24.40306886185286928, 23.52492024328104137 ) ) ;
#1622 = CARTESIAN_POINT ( 'NONE',  ( -0.4707994269270387999, 24.93463123529639702, -22.89780287096162326 ) ) ;
#1623 = CARTESIAN_POINT ( 'NONE',  ( -23.43799069669374191, 15.44242830990529391, -0.6652781181270006616 ) ) ;
#1624 = CARTESIAN_POINT ( 'NONE',  ( 0.7318350674453628635, 9.398614177338053821, -24.22989062594349718 ) ) ;
#1625 = CARTESIAN_POINT ( 'NONE',  ( 24.76283304147922593, 7.823184962610612914, -0.5977700731065912487 ) ) ;
#1626 = CARTESIAN_POINT ( 'NONE',  ( 23.56298855524682878, 25.24471786377320726, -0.09684916225496624509 ) ) ;
#1627 = ORIENTED_EDGE ( 'NONE', *, *, #1501, .F. ) ;
#1628 =( NAMED_UNIT ( * ) PLANE_ANGLE_UNIT ( ) SI_UNIT ( $, .RADIAN. ) );
#1629 = CARTESIAN_POINT ( 'NONE',  ( -24.71096407540568407, 8.206876238216345598, 0.5977646322407947910 ) ) ;
#1630 = CARTESIAN_POINT ( 'NONE',  ( -0.7993648788258125304, 15.41291497664068011, 23.21776430312404216 ) ) ;
#1631 = CARTESIAN_POINT ( 'NONE',  ( -0.7315619528211816380, 7.276086952618796566, -24.50420786322755262 ) ) ;
#1632 = CARTESIAN_POINT ( 'NONE',  ( 25.17810325050104936, 6.979657295568593156, 0.4695522891903868845 ) ) ;
#1633 = ORIENTED_EDGE ( 'NONE', *, *, #2767, .T. ) ;
#1634 = CARTESIAN_POINT ( 'NONE',  ( 23.57843043602013111, 22.59114190880990591, -0.03029870809034970747 ) ) ;
#1635 = CARTESIAN_POINT ( 'NONE',  ( 23.19551696618155034, 22.26487400282935525, -0.7680991092199178638 ) ) ;
#1636 = CARTESIAN_POINT ( 'NONE',  ( -26.15173167059714743, 7.110135863769351694, 0.02189888665588575825 ) ) ;
#1637 = CARTESIAN_POINT ( 'NONE',  ( -0.09465990645373945078, 21.70221832753775715, -23.55603757501843631 ) ) ;
#1638 = CARTESIAN_POINT ( 'NONE',  ( -0.4310405137741015191, 7.809475335534408202, 25.77961932559056990 ) ) ;
#1639 = EDGE_CURVE ( 'NONE', #3850, #963, #5955, .T. ) ;
#1640 = CARTESIAN_POINT ( 'NONE',  ( -0.02282680967584245491, 8.965992998322413143, 25.51727215366018697 ) ) ;
#1641 = CARTESIAN_POINT ( 'NONE',  ( -0.6639401380442058187, 24.87885075836718940, 22.48163053208773476 ) ) ;
#1642 = CARTESIAN_POINT ( 'NONE',  ( 0.001196299856737320037, 7.133463061963092322, 26.17116491636814857 ) ) ;
#1643 = CARTESIAN_POINT ( 'NONE',  ( 24.12066381768102374, 13.73737141100557047, -0.3408237930392621351 ) ) ;
#1644 = ORIENTED_EDGE ( 'NONE', *, *, #4655, .F. ) ;
#1645 = CARTESIAN_POINT ( 'NONE',  ( 0.4298742075151728570, 7.804564978470202696, -25.78220520722151221 ) ) ;
#1646 = CARTESIAN_POINT ( 'NONE',  ( -23.28443829462600689, 19.79628655747491095, 0.4733744775124322790 ) ) ;
#1647 = CARTESIAN_POINT ( 'NONE',  ( -0.02841794982181736207, 12.87730305095578309, -24.45368777227042045 ) ) ;
#1648 = CARTESIAN_POINT ( 'NONE',  ( -0.2983789205925178600, 23.77584549519804114, -23.41692195426337975 ) ) ;
#1649 = CARTESIAN_POINT ( 'NONE',  ( 0.0002541102931416828483, 7.425177515477001222, 26.07124940469346086 ) ) ;
#1650 = CARTESIAN_POINT ( 'NONE',  ( -23.36156757488220492, 21.67615990685651184, 0.3421590756071435924 ) ) ;
#1651 = CARTESIAN_POINT ( 'NONE',  ( -0.5971304921559044132, 21.62407603654509458, 22.97296737287937063 ) ) ;
#1652 = AXIS2_PLACEMENT_3D ( 'NONE', #3840, #3769, #5988 ) ;
#1653 = CARTESIAN_POINT ( 'NONE',  ( -23.30824850341364396, 15.10591442950963170, 1.121898716736080548 ) ) ;
#1654 = AXIS2_PLACEMENT_3D ( 'NONE', #1161, #6660, #4473 ) ;
#1655 = CARTESIAN_POINT ( 'NONE',  ( -22.05661753709545181, 0.03151920426976509426, 2.935857522934292773E-15 ) ) ;
#1656 = CARTESIAN_POINT ( 'NONE',  ( -5.557380924328068759E-09, 25.32364316114457736, -23.71146907336101606 ) ) ;
#1657 = CARTESIAN_POINT ( 'NONE',  ( 0.2361263298695730206, 24.25975402033088457, 23.50244724736219482 ) ) ;
#1658 = CARTESIAN_POINT ( 'NONE',  ( -24.34523425528706753, 12.86277158806562504, 0.2801911241473004077 ) ) ;
#1659 = CARTESIAN_POINT ( 'NONE',  ( 0.4698388378082851702, 9.473209540895425107, -24.78652095052721904 ) ) ;
#1660 = AXIS2_PLACEMENT_3D ( 'NONE', #1315, #6774, #222 ) ;
#1661 = CARTESIAN_POINT ( 'NONE',  ( 25.27064706263974614, 8.281870156103428471, 0.3420013636484095509 ) ) ;
#1662 = CARTESIAN_POINT ( 'NONE',  ( 22.60419767766853383, 25.11623634752108458, -0.5983504645776388520 ) ) ;
#1663 = ORIENTED_EDGE ( 'NONE', *, *, #5061, .T. ) ;
#1664 = CARTESIAN_POINT ( 'NONE',  ( 0.000000000000000000, 5.615282649518614555, 0.000000000000000000 ) ) ;
#1665 = CARTESIAN_POINT ( 'NONE',  ( -25.31241743233010411, 8.678110405113805825, -0.2817629994714018760 ) ) ;
#1666 = AXIS2_PLACEMENT_3D ( 'NONE', #6059, #2091, #927 ) ;
#1667 = B_SPLINE_CURVE_WITH_KNOTS ( 'NONE', 3,
 ( #4319, #6034, #4832, #6983 ),
 .UNSPECIFIED., .F., .F.,
 ( 4, 4 ),
 ( 0.000000000000000000, 1.000000000000000000 ),
 .UNSPECIFIED. ) ;
#1668 = CARTESIAN_POINT ( 'NONE',  ( -0.1000927344675807684, 13.75695447926255177, 24.26682591944195977 ) ) ;
#1669 = CARTESIAN_POINT ( 'NONE',  ( 0.6646550972734560636, 7.295534177002236831, -24.64941871582999156 ) ) ;
#1670 = CIRCLE ( 'NONE', #5736, 26.22556059953014440 ) ;
#1671 = CARTESIAN_POINT ( 'NONE',  ( 25.82922714289246358, 7.066915651316557856, 0.1992946694116220219 ) ) ;
#1672 = ORIENTED_EDGE ( 'NONE', *, *, #682, .F. ) ;
#1673 = CARTESIAN_POINT ( 'NONE',  ( 23.41070983137122852, 22.56866816342322579, -0.2817938534324168631 ) ) ;
#1674 = CARTESIAN_POINT ( 'NONE',  ( 23.35640644408803368, 23.39305573426191032, -0.3382738142154534389 ) ) ;
#1675 = CARTESIAN_POINT ( 'NONE',  ( -26.09749800198490277, 7.265781198311656475, -0.03181894811215955909 ) ) ;
#1676 = CARTESIAN_POINT ( 'NONE',  ( 0.2820376709752298039, 22.56959408544826573, -23.41765612890090864 ) ) ;
#1677 = CARTESIAN_POINT ( 'NONE',  ( 26.22543059861293813, 7.000345051182263134, 0.08257528058652605085 ) ) ;
#1678 = CARTESIAN_POINT ( 'NONE',  ( 0.2819922561037144781, 8.930903559350452880, 25.25540690817322442 ) ) ;
#1679 = CARTESIAN_POINT ( 'NONE',  ( 0.4695560408071702829, 6.678831889611820394, -25.21703074785905940 ) ) ;
#1680 = CARTESIAN_POINT ( 'NONE',  ( 23.41284773864591884, 14.30184024897506490, -1.119197608343926342 ) ) ;
#1681 = CARTESIAN_POINT ( 'NONE',  ( 23.33166882933274167, 15.42817971293575319, 0.7323037128976900290 ) ) ;
#1682 = EDGE_CURVE ( 'NONE', #2940, #778, #6185, .T. ) ;
#1683 = VERTEX_POINT ( 'NONE', #2615 ) ;
#1684 = CARTESIAN_POINT ( 'NONE',  ( 0.001092180967918500445, 7.134220452689999270, -26.17086933788640124 ) ) ;
#1685 = CARTESIAN_POINT ( 'NONE',  ( -24.78000248764569591, 10.70312586617362705, 0.3174972052437685099 ) ) ;
#1686 = CARTESIAN_POINT ( 'NONE',  ( -0.3408237930393464010, 13.73737141100557047, -24.12066381768102374 ) ) ;
#1687 = CARTESIAN_POINT ( 'NONE',  ( -0.2233468326475585297, 24.35569388768497134, -23.51983974384667420 ) ) ;
#1688 = CARTESIAN_POINT ( 'NONE',  ( 0.3430639578828650338, 7.021971420155070476, 25.49380768404708419 ) ) ;
#1689 = CARTESIAN_POINT ( 'NONE',  ( -23.61587948483549226, 23.77739148762356081, 0.03119370007980404313 ) ) ;
#1690 = CARTESIAN_POINT ( 'NONE',  ( 0.7992989181818268563, 22.44887704625534752, 22.51676762850833668 ) ) ;
#1691 = CARTESIAN_POINT ( 'NONE',  ( -23.32352872241354547, 15.11393629049256582, 0.7808594938348216719 ) ) ;
#1692 = CARTESIAN_POINT ( 'NONE',  ( -25.69176930620825772, 6.742452433972144554, -0.2811930958781452272 ) ) ;
#1693 = CARTESIAN_POINT ( 'NONE',  ( 0.07681798113192944699, 25.29851411751397094, -23.70617828429515228 ) ) ;
#1694 = CARTESIAN_POINT ( 'NONE',  ( 0.2983789205934332944, 23.77584549519411539, 23.41692195427723888 ) ) ;
#1695 = CARTESIAN_POINT ( 'NONE',  ( -0.05540326937646704308, 25.31142919978334049, -23.70898933549674936 ) ) ;
#1696 = CARTESIAN_POINT ( 'NONE',  ( -24.44232590587295917, 12.87577934346058051, -0.09982035881449968784 ) ) ;
#1697 = CARTESIAN_POINT ( 'NONE',  ( -0.06290520530558917078, 9.545290601535972641, -25.32437127976160340 ) ) ;
#1698 = CARTESIAN_POINT ( 'NONE',  ( 25.39279819417152950, 8.298244886780153706, -0.2822403039507667688 ) ) ;
#1699 = CARTESIAN_POINT ( 'NONE',  ( 23.61869912547163608, 25.25218213035765658, 0.06418618536846940059 ) ) ;
#1700 = ORIENTED_EDGE ( 'NONE', *, *, #572, .T. ) ;
#1701 = FACE_OUTER_BOUND ( 'NONE', #6670, .T. ) ;
#1702 = CARTESIAN_POINT ( 'NONE',  ( -24.22443396817957506, 8.141664941538452993, -0.7991524686411048961 ) ) ;
#1703 = CARTESIAN_POINT ( 'NONE',  ( -0.2025950405825226452, 13.75202938187618784, 24.23008043101890863 ) ) ;
#1704 = CARTESIAN_POINT ( 'NONE',  ( 0.03200605309677903576, 7.480356054152268896, -26.02855995144393830 ) ) ;
#1705 = CARTESIAN_POINT ( 'NONE',  ( 24.37533511248214424, 6.872090831257574806, -0.7983804839775658913 ) ) ;
#1706 = CARTESIAN_POINT ( 'NONE',  ( 23.08119977845905879, 21.07869406830862147, -0.8949490229096964677 ) ) ;
#1707 = CARTESIAN_POINT ( 'NONE',  ( -26.04911175208951946, 7.259296759145509981, -0.06393998146305131247 ) ) ;
#1708 = CARTESIAN_POINT ( 'NONE',  ( -0.06344671255363504292, 23.48008364467150955, -23.60095239638902598 ) ) ;
#1709 = CARTESIAN_POINT ( 'NONE',  ( -0.1222170190538376805, 7.028640972223647587, 26.20920022402782834 ) ) ;
#1710 = CARTESIAN_POINT ( 'NONE',  ( 0.06361746873110875333, 8.715119308304686285, 25.58856364916751147 ) ) ;
#1711 = CARTESIAN_POINT ( 'NONE',  ( -0.6645902754561140435, 6.614991287296281719, -24.74056361387324898 ) ) ;
#1712 = FACE_OUTER_BOUND ( 'NONE', #3610, .T. ) ;
#1713 = CARTESIAN_POINT ( 'NONE',  ( 23.70592095676091660, 15.47833488179401229, 0.4711630411555478570 ) ) ;
#1714 = VERTEX_POINT ( 'NONE', #251 ) ;
#1715 = CARTESIAN_POINT ( 'NONE',  ( 0.08890389185594888000, 8.481216589634449576, -25.64039929144434637 ) ) ;
#1716 = CARTESIAN_POINT ( 'NONE',  ( 14.28941916244324162, 16.71383033581603073, -10.17500000000000426 ) ) ;
#1717 = CARTESIAN_POINT ( 'NONE',  ( 0.2028928778274051992, 15.50881879492249027, -23.93338126474662175 ) ) ;
#1718 = CARTESIAN_POINT ( 'NONE',  ( -0.9977827032035669896, 19.88604483321774552, -23.00859709409782639 ) ) ;
#1719 = CARTESIAN_POINT ( 'NONE',  ( 0.03269897051748659605, 7.109158853622679963, 26.14444029419588134 ) ) ;
#1720 = CARTESIAN_POINT ( 'NONE',  ( -23.60846631786816019, 23.48109028788651287, 0.03097909552087163218 ) ) ;
#1721 = CARTESIAN_POINT ( 'NONE',  ( 0.2821353565646439465, 23.44893584375228457, 23.36850617477367464 ) ) ;
#1722 = EDGE_CURVE ( 'NONE', #121, #6391, #2699, .T. ) ;
#1723 =( BOUNDED_SURFACE ( )  B_SPLINE_SURFACE ( 2, 3, ( 
 ( #3438, #3363, #5582, #4456, #6239, #3878 ),
 ( #2819, #5657, #5546, #6095, #2274, #4563 ),
 ( #4492, #1763, #1111, #2891, #6789, #6716 ) ),
 .UNSPECIFIED., .F., .F., .T. ) 
 B_SPLINE_SURFACE_WITH_KNOTS ( ( 3, 3 ),
 ( 4, 2, 4 ),
 ( 0.000000000000000000, 1.000000000000000000 ),
 ( 0.01840462460078591544, 0.01849303560139128194, 0.01858144660199665191 ),
 .UNSPECIFIED. ) 
 GEOMETRIC_REPRESENTATION_ITEM ( )  RATIONAL_B_SPLINE_SURFACE ( (
 ( 1.000000000000000000, 1.000000000000000000, 1.000000000000000000, 1.000000000000000000, 1.000000000000000000, 1.000000000000000000),
 ( 0.9962457246550829870, 0.9974570673916844932, 0.9983859993578099168, 0.9983822790128751290, 0.9974530858711175840, 0.9962518364972257068),
 ( 1.000000000000000000, 1.000000000000000000, 1.000000000000000000, 1.000000000000000000, 1.000000000000000000, 1.000000000000000000) ) ) 
 REPRESENTATION_ITEM ( '' )  SURFACE ( )  );
#1724 = CARTESIAN_POINT ( 'NONE',  ( -0.3882010835154378059, 7.631881252129054438, 25.87404100865238732 ) ) ;
#1725 = CARTESIAN_POINT ( 'NONE',  ( -25.33666765419441091, 8.686627342003863106, 0.6064795947469091564 ) ) ;
#1726 = CARTESIAN_POINT ( 'NONE',  ( 0.1433896421637432250, 25.22489290671248696, 23.69031063713380547 ) ) ;
#1727 = CARTESIAN_POINT ( 'NONE',  ( 0.6115876548257450640, 23.42872133742150709, -23.35469555608045056 ) ) ;
#1728 = CARTESIAN_POINT ( 'NONE',  ( 0.6639823098740993412, 25.31185801324562945, -22.41527803036352040 ) ) ;
#1729 = CARTESIAN_POINT ( 'NONE',  ( -23.15113375338743040, 18.09239263764602512, -0.6649866860995142792 ) ) ;
#1730 = EDGE_CURVE ( 'NONE', #1582, #7095, #11, .T. ) ;
#1731 = CARTESIAN_POINT ( 'NONE',  ( 0.7990689392554312098, 9.378415858641799829, -24.07917060482841975 ) ) ;
#1732 = CARTESIAN_POINT ( 'NONE',  ( 25.38986266396118907, 8.948921023100387728, -0.1998191870582857466 ) ) ;
#1733 = CARTESIAN_POINT ( 'NONE',  ( 23.61664080684735723, 25.47285581942871246, 0.06406129334843385648 ) ) ;
#1734 = CARTESIAN_POINT ( 'NONE',  ( -25.50823578891475307, 8.334747961704122687, 0.5479182745303911029 ) ) ;
#1735 = CYLINDRICAL_SURFACE ( 'NONE', #2470, 16.50000000000000000 ) ;
#1736 = CARTESIAN_POINT ( 'NONE',  ( -24.14558168760840928, 9.992463247009235161, -0.7318620646522784323 ) ) ;
#1737 = CARTESIAN_POINT ( 'NONE',  ( 0.3410577336454323483, 12.85509832490702919, 24.28797065353560214 ) ) ;
#1738 = CARTESIAN_POINT ( 'NONE',  ( -0.09683680566125038580, 7.652155201575252974, -25.88442264722279518 ) ) ;
#1739 = CARTESIAN_POINT ( 'NONE',  ( 24.54320907428098408, 6.894586745138489015, -0.7315094138389863776 ) ) ;
#1740 = VERTEX_POINT ( 'NONE', #4129 ) ;
#1741 = CARTESIAN_POINT ( 'NONE',  ( -23.19631743016031677, 25.41653204599610660, 0.2825398233234728829 ) ) ;
#1742 = CARTESIAN_POINT ( 'NONE',  ( 23.54847734718411445, 21.70120331548387682, 0.1198289981638472473 ) ) ;
#1743 = CARTESIAN_POINT ( 'NONE',  ( 26.19000694984674027, 7.062205948120512389, -0.1501371728634226244 ) ) ;
#1744 = CARTESIAN_POINT ( 'NONE',  ( -25.19908592341052511, 6.880463377444004713, 0.4704130880259733694 ) ) ;
#1745 = CARTESIAN_POINT ( 'NONE',  ( 0.2005469114815271736, 22.58169349598233566, -23.50793933603283392 ) ) ;
#1746 = CARTESIAN_POINT ( 'NONE',  ( -0.4484066497429120002, 24.29920522643035596, 23.50555498070490401 ) ) ;
#1747 = CARTESIAN_POINT ( 'NONE',  ( 0.1176006364696539769, 8.709741442665862365, 25.54842927215356596 ) ) ;
#1748 = CARTESIAN_POINT ( 'NONE',  ( 0.3432035132357703633, 25.40306210418039967, 23.09579771627772615 ) ) ;
#1749 = EDGE_CURVE ( 'NONE', #43, #5246, #4932, .T. ) ;
#1750 = CARTESIAN_POINT ( 'NONE',  ( -10.36748586618363532, 16.71383033581603073, -12.83609118129357363 ) ) ;
#1751 = CARTESIAN_POINT ( 'NONE',  ( 24.40348331703820151, 12.87057321718419622, 0.2023325026778366731 ) ) ;
#1752 = VERTEX_POINT ( 'NONE', #2999 ) ;
#1753 = CARTESIAN_POINT ( 'NONE',  ( 0.1003462263054161474, 7.187471910705714784, -26.11996780347647018 ) ) ;
#1754 = CARTESIAN_POINT ( 'NONE',  ( 24.77576750090302937, 10.69741946818363765, 0.3208292287799415221 ) ) ;
#1755 = CARTESIAN_POINT ( 'NONE',  ( 0.06816538749213148229, 13.75790599920574309, -24.27392428904735766 ) ) ;
#1756 = CARTESIAN_POINT ( 'NONE',  ( -0.03940732633663526774, 24.49189214036617557, -23.64458441672934441 ) ) ;
#1757 = CARTESIAN_POINT ( 'NONE',  ( 0.2005731278580498156, 7.223420354418209399, 25.78137662523476692 ) ) ;
#1758 = CARTESIAN_POINT ( 'NONE',  ( -23.58379438474771916, 23.47778461319441234, 0.09586908800800650332 ) ) ;
#1759 = CARTESIAN_POINT ( 'NONE',  ( 0.02014355390148847222, 23.48105439812053064, 23.60819920865862898 ) ) ;
#1760 = CARTESIAN_POINT ( 'NONE',  ( 5.932638115201811502, 16.71383033581603073, 15.39655172413793238 ) ) ;
#1761 = FACE_OUTER_BOUND ( 'NONE', #1344, .T. ) ;
#1762 = CARTESIAN_POINT ( 'NONE',  ( 0.07677127596799404596, 25.29851411751397094, 23.70617843559350391 ) ) ;
#1763 = CARTESIAN_POINT ( 'NONE',  ( 23.69877685175035964, 25.22540550875741161, 0.0005380367300733963605 ) ) ;
#1764 = CARTESIAN_POINT ( 'NONE',  ( -0.3432028262343091440, 25.18593650327541056, -23.12433266207322902 ) ) ;
#1765 = CARTESIAN_POINT ( 'NONE',  ( -23.43693575439844423, 15.44229858335834749, 0.6639565976176452500 ) ) ;
#1766 = DIRECTION ( 'NONE',  ( 0.000000000000000000, 0.000000000000000000, 1.000000000000000000 ) ) ;
#1767 = AXIS2_PLACEMENT_3D ( 'NONE', #4865, #7090, #5341 ) ;
#1768 = CARTESIAN_POINT ( 'NONE',  ( 25.38882819708038596, 8.948778891896175480, 0.2001787288303012169 ) ) ;
#1769 = DIRECTION ( 'NONE',  ( 0.000000000000000000, -1.283695372222837250E-13, 1.000000000000000000 ) ) ;
#1770 = EDGE_CURVE ( 'NONE', #2574, #5128, #1232, .T. ) ;
#1771 = CARTESIAN_POINT ( 'NONE',  ( 26.09902386166626442, 7.225075153150918084, 0.1113577013868218557 ) ) ;
#1772 = CARTESIAN_POINT ( 'NONE',  ( -14.28941916244323451, 23.71383033581603073, -8.250000000000007105 ) ) ;
#1773 = CARTESIAN_POINT ( 'NONE',  ( -25.47038861403910204, 8.959709376026342653, -0.1187288889866048580 ) ) ;
#1774 = CARTESIAN_POINT ( 'NONE',  ( 0.5970546939577077161, 18.10555286379158701, 23.24925583237744675 ) ) ;
#1775 = CIRCLE ( 'NONE', #5838, 6.000000000000000000 ) ;
#1776 = CARTESIAN_POINT ( 'NONE',  ( -0.7315842735002300312, 7.464513652476401084, -24.48415753201081557 ) ) ;
#1777 = CARTESIAN_POINT ( 'NONE',  ( 25.94523758809777192, 7.408291736821134066, -0.09696863167139793682 ) ) ;
#1778 = ORIENTED_EDGE ( 'NONE', *, *, #1056, .T. ) ;
#1779 = CARTESIAN_POINT ( 'NONE',  ( -22.43065281674102707, 25.31393000689831396, 0.6653294796902837760 ) ) ;
#1780 = B_SPLINE_SURFACE_WITH_KNOTS ( 'NONE', 5, 5, ( 
 ( #6115, #6078, #2295, #4513, #1679, #3350, #2844, #6190, #587, #1207, #147, #3936, #3425, #3315, #660, #2802, #1243, #2876, #5017, #2330, #39, #4548, #2260, #6700, #1711, #6772, #1786 ),
 ( #4010, #6226, #3458, #693, #2910, #1277, #874, #1926, #296, #4149, #221, #1964, #184, #3094, #5196, #6987, #4690, #3057, #6327, #2984, #2511, #6917, #3600, #4617, #4182, #5311, #4078 ),
 ( #3566, #5274, #4116, #5819, #2473, #5235, #2434, #6841, #1386, #836, #6289, #1314, #1351, #328, #4728, #6954, #3531, #1889, #3492, #6363, #6399, #4650, #803, #5749, #5163, #6875, #2546 ),
 ( #5784, #1420, #3637, #5859, #4764, #4045, #6258, #5711, #3019, #730, #257, #2949, #2396, #767, #1852, #510, #2726, #400, #5892, #7024, #2072, #3205, #986, #5452, #3673, #5488, #4252 ),
 ( #4362, #2104, #5345, #5418, #4942, #2686, #4216, #5382, #5928, #7133, #6547, #4286, #436, #6437, #2144, #1599, #4869, #6505, #2620, #1525, #3745, #1458, #1491, #3127, #907, #6584, #3819 ),
 ( #2583, #4324, #7093, #6038, #5966, #362, #1565, #4801, #2652, #2039, #6470, #3708, #3784, #1019, #6004, #943, #3165, #4837, #7058, #685, #2832, #3415, #2179, #2793, #3306, #2901, #4975 ),
 ( #3928, #6217, #1669, #7168, #6177, #2866, #2212, #6106, #2759, #4429, #6654, #1704, #4395, #614, #5633, #5046, #6616, #66, #6141, #7202, #6761, #5595, #2286, #4539, #4470, #1631, #6069 ),
 ( #5007, #5081, #3891, #3853, #4504, #544, #1087, #1123, #1195, #1156, #5524, #6727, #3341, #5558, #578, #27, #3375, #1738, #2251, #6693, #3962, #650, #101, #2321, #1234, #1776, #3448 ),
 ( #5667, #5774, #4718, #4576, #794, #4139, #4639, #6249, #286, #5115, #1268, #1952, #246, #5263, #6353, #210, #1342, #3556, #6798, #2355, #4172, #3008, #1376, #5224, #1301, #3045, #3483 ),
 ( #5702, #2938, #718, #2461, #4679, #826, #1877, #2500, #6905, #6943, #2422, #6388, #175, #1408, #6864, #3589, #5186, #5808, #3624, #1916, #6317, #5848, #864, #136, #1809, #758, #5153 ),
 ( #5738, #6280, #4104, #4035, #6831, #2386, #4607, #1843, #4069, #3519, #2975, #5335, #2572, #4826, #5298, #3733, #1555, #5954, #6029, #974, #4860, #2610, #5370, #2677, #2134, #425, #4242 ),
 ( #1010, #3663, #3195, #2095, #7048, #4204, #5443, #3084, #6426, #7122, #5408, #3230, #4313, #389, #6494, #1516, #4754, #318, #4353, #2643, #6535, #7084, #6460, #463, #1448, #6574, #1481 ),
 ( #3774, #2062, #2028, #5993, #4895, #1589, #5882, #3812, #2536, #3117, #6977, #932, #1988, #898, #4277, #352, #4789, #7014, #3699, #5918, #3154, #4497, #2169, #6686, #499, #6720, #7194 ),
 ( #1731, #1624, #4386, #6645, #1659, #1185, #2278, #3955, #1149, #3845, #6170, #537, #1078, #3333, #3883, #4934, #1697, #570, #5551, #2753, #6609, #4462, #3920, #6063, #3299, #4422, #3406 ),
 ( #5000, #6099, #5517, #1045, #2785, #18, #3264, #1115, #5478, #4967, #2242, #6134, #3368, #5587, #2718, #606, #7161, #2205, #2824, #5039, #59, #2084, #7109, #412, #3834, #2559, #7036 ),
 ( #5982, #1469, #5357, #2633, #4849, #2050, #5432, #6599, #5396, #451, #4777, #2666, #919, #2705, #4884, #5905, #6053, #1067, #5941, #4230, #374, #7073, #1539, #6520, #1578, #2015, #1614 ),
 ( #3141, #4922, #2119, #3686, #3761, #3287, #3800, #340, #3721, #4265, #6018, #4341, #4301, #1000, #7000, #1034, #7150, #3219, #6562, #958, #3252, #5466, #6448, #6482, #2597, #4815, #486 ),
 ( #1505, #2159, #4376, #3182, #4447, #3978, #1173, #5063, #6087, #5649, #2335, #5539, #6778, #3356, #4015, #1647, #2810, #2849, #2774, #559, #3870, #2882, #5095, #115, #1103, #83, #7183 ),
 ( #6196, #6157, #4554, #3321, #4989, #5574, #593, #6231, #1791, #1249, #1755, #5, #5506, #6674, #2228, #4485, #5024, #4410, #2301, #3942, #6706, #1686, #3906, #4519, #6742, #6121, #1137 ),
 ( #1213, #3430, #47, #2267, #4956, #3392, #666, #1717, #5613, #632, #6632, #526, #2741, #2194, #1391, #5168, #5683, #4121, #4050, #4589, #5716, #4697, #4656, #4186, #6332, #1823, #4620 ),
 ( #5788, #3605, #6922, #5754, #6881, #1893, #5130, #698, #299, #1356, #1931, #3570, #6845, #5825, #6813, #2515, #1857, #6403, #807, #2479, #773, #2401, #4154, #3025, #5240, #6263, #842 ),
 ( #4732, #1319, #1968, #1282, #2989, #264, #735, #2955, #3496, #3064, #5279, #6958, #189, #6368, #154, #3464, #4083, #6294, #226, #2914, #3538, #2369, #5202, #2440, #3677, #367, #4222 ),
 ( #477, #2588, #911, #405, #5933, #332, #3210, #7065, #2626, #4806, #6441, #5972, #5423, #1462, #5896, #1497, #4911, #990, #441, #3132, #6474, #878, #2076, #1570, #7029, #5388, #5350 ),
 ( #949, #2043, #2658, #3713, #3790, #4291, #6010, #2110, #7099, #3243, #3098, #3171, #4875, #4842, #7141, #3642, #4257, #6991, #2150, #4367, #6510, #5315, #1531, #3751, #4331, #6554, #1025 ),
 ( #5864, #5458, #2004, #2693, #1426, #4769, #2550, #755, #621, #2972, #2764, #3312, #2840, #3933, #6147, #1163, #6623, #1637, #6663, #5183, #3381, #5603, #6075, #4436, #6043, #5014, #6734 ),
 ( #3897, #1605, #5495, #6112, #4980, #5053, #1676, #1745, #35, #3968, #73, #2292, #1204, #1058, #1128, #4510, #3347, #207, #3825, #1094, #4947, #2419, #6590, #7207, #3276, #4401, #5565 ),
 ( #6186, #516, #5640, #3860, #2732, #2257, #3422, #7174, #4475, #2185, #584, #5530, #549, #2219, #2799, #6697, #1708, #4786, #5879, #6940, #861, #3081, #6313, #1873, #1478, #2533, #895 ),
 ( #5771, #3553, #2569, #3114, #5221, #2458, #243, #4751, #315, #349, #1405, #7010, #6973, #2025, #1949, #4239, #6901, #6457, #4169, #3660, #4715, #5332, #3151, #1985, #5844, #5367, #4201 ),
 ( #791, #6422, #1339, #3696, #5259, #5805, #3621, #5915, #6349, #385, #929, #4636, #1912, #3586, #4676, #4136, #1373, #6385, #6861, #5295, #4100, #1445, #3005, #823, #3042, #282, #2497 ),
 ( #7120, #1008, #2167, #4893, #4965, #1043, #7192, #3296, #1076, #4419, #2059, #4350, #4384, #2675, #6097, #4823, #2093, #970, #1113, #3331, #3228, #6491, #422, #2131, #3810, #1587, #3843 ),
 ( #7045, #4931, #3192, #2203, #7158, #5951, #6027, #3880, #5515, #5548, #5991, #6533, #535, #6607, #6572, #3262, #2607, #2750, #6643, #5475, #497, #5441, #1622, #4274, #1513, #4311, #3730 ),
 ( #5405, #2641, #4858, #7082, #1551, #3772, #460, #4529, #5693, #675, #3474, #2858, #5141, #2821, #165, #92, #6790, #641, #6240, #6272, #2892, #1764, #1292, #3439, #4026, #2783, #3403 ),
 ( #4598, #1182, #1728, #6751, #6822, #2275, #3507, #1800, #709, #5034, #6717, #3365, #56, #4494, #2311, #4998, #1224, #1259, #5658, #568, #5106, #2344, #3989, #5072, #2377, #1834, #126 ) ),
 .UNSPECIFIED., .F., .F., .F.,
 ( 6, 3, 3, 3, 3, 3, 3, 3, 3, 3, 6 ),
 ( 6, 3, 3, 3, 3, 3, 3, 3, 6 ),
 ( -9.492432588434672525, -8.986881764286426488, -8.685081794903421581, -8.039780003563544497, -6.749176420883792993, -5.040852057884327664, -0.5574618340295174335, 3.862309003216356729, 6.789222592304666293, 8.252679386848820187, 9.347638972562583248 ),
 ( -0.7955525503947592503, -0.4629220166368858691, -0.1639025916806938765, -0.05759024914075072665, -0.004434077870779096209, 0.04973677919067431841, 0.1580784933135809256, 0.4637513870615671552, 0.8020406633021305298 ),
 .UNSPECIFIED. ) ;
#1781 = CARTESIAN_POINT ( 'NONE',  ( 23.35300644790091340, 23.74216158562559187, 0.2816216363156812119 ) ) ;
#1782 = VECTOR ( 'NONE', #4673, 1000.000000000000000 ) ;
#1783 = CARTESIAN_POINT ( 'NONE',  ( 24.84836487785567627, 9.776241907841249912, -0.7618553460660364429 ) ) ;
#1784 = CARTESIAN_POINT ( 'NONE',  ( -25.53471050363677008, 7.605287567844771779, -0.2813916348208858609 ) ) ;
#1785 = CARTESIAN_POINT ( 'NONE',  ( 0.7316413605344431748, 8.165729103305611858, 24.40390610939624594 ) ) ;
#1786 = CARTESIAN_POINT ( 'NONE',  ( -0.7983168649141556550, 6.569555228875842090, -24.40150074176546724 ) ) ;
#1787 = CIRCLE ( 'NONE', #5853, 23.70630274524081571 ) ;
#1788 = CARTESIAN_POINT ( 'NONE',  ( 23.78629348847976388, 11.53846078592891722, -0.7985068872333670464 ) ) ;
#1789 = EDGE_LOOP ( 'NONE', ( #248, #7147, #6194, #5704 ) ) ;
#1790 = CARTESIAN_POINT ( 'NONE',  ( 0.03851995879199592021, 25.25226168190411613, -23.69648360726171177 ) ) ;
#1791 = CARTESIAN_POINT ( 'NONE',  ( 0.1213851572593896699, 13.75610517608761363, -24.26048961923096670 ) ) ;
#1792 = CARTESIAN_POINT ( 'NONE',  ( -0.8949490229102803340, 21.07869406830948833, -23.08119977845907655 ) ) ;
#1793 = CARTESIAN_POINT ( 'NONE',  ( 0.2825643066563139350, 7.200206944167595324, 25.60814755496167194 ) ) ;
#1794 = CARTESIAN_POINT ( 'NONE',  ( -23.05840772190289201, 23.40738173675255496, 0.4706097144166461743 ) ) ;
#1795 = CARTESIAN_POINT ( 'NONE',  ( 0.1174654417079613045, 23.47572164005999795, 23.56839860148550159 ) ) ;
#1796 = CARTESIAN_POINT ( 'NONE',  ( -0.2132694272512745959, 25.10234545187906718, 23.66428029625118157 ) ) ;
#1797 = FACE_OUTER_BOUND ( 'NONE', #4653, .T. ) ;
#1798 = CARTESIAN_POINT ( 'NONE',  ( 0.1159821295868135732, 25.26584467047452165, 23.69911616287096123 ) ) ;
#1799 = DIRECTION ( 'NONE',  ( -0.000000000000000000, 1.000000000000000000, -0.000000000000000000 ) ) ;
#1800 = CARTESIAN_POINT ( 'NONE',  ( 0.1995922554626119449, 25.43551878647020459, -23.33803229349422637 ) ) ;
#1801 = CARTESIAN_POINT ( 'NONE',  ( -23.77416279954461231, 17.28403406902849682, 0.06047202645053066650 ) ) ;
#1802 = CARTESIAN_POINT ( 'NONE',  ( 0.0005534655292090350474, 7.075871399255139416, 26.19333665643310738 ) ) ;
#1803 = CARTESIAN_POINT ( 'NONE',  ( 25.14492549768614893, 8.916092668313837066, 0.3421946674411877054 ) ) ;
#1804 = CARTESIAN_POINT ( 'NONE',  ( 23.80798759955899513, 1.406610341118329943, -47.61597519911801157 ) ) ;
#1805 = CARTESIAN_POINT ( 'NONE',  ( -23.00776124981661042, 19.86020105170448957, 0.9996010099382697245 ) ) ;
#1806 = CARTESIAN_POINT ( 'NONE',  ( 23.70630274524408065, 25.29851411752938262, 13.95554507369608466 ) ) ;
#1807 = CARTESIAN_POINT ( 'NONE',  ( -24.47133263807257464, 8.825834473190534268, 0.6646955505723382007 ) ) ;
#1808 = CARTESIAN_POINT ( 'NONE',  ( -0.3434736337809968232, 19.61545278803415115, 23.45399430412308917 ) ) ;
#1809 = CARTESIAN_POINT ( 'NONE',  ( -0.6646964783606126304, 7.802269772841495588, -24.60675479638266339 ) ) ;
#1810 = ADVANCED_FACE ( 'NONE', ( #342 ), #1957, .F. ) ;
#1811 = CARTESIAN_POINT ( 'NONE',  ( 24.50420786322755617, 7.276086952618796566, -0.7315619528210960398 ) ) ;
#1812 = ORIENTED_EDGE ( 'NONE', *, *, #5729, .F. ) ;
#1813 = CARTESIAN_POINT ( 'NONE',  ( -23.39833645794269756, 25.00170450815211964, 0.2004146059758240561 ) ) ;
#1814 = CARTESIAN_POINT ( 'NONE',  ( 23.60095239638902598, 23.48008364467150955, -0.06344671255355265049 ) ) ;
#1815 = CARTESIAN_POINT ( 'NONE',  ( 24.41332133017862560, 10.89144621156397719, -0.8854355369168166456 ) ) ;
#1816 = CARTESIAN_POINT ( 'NONE',  ( -24.31196973852146215, 7.250312042932766765, -0.7992917631067363304 ) ) ;
#1817 = CARTESIAN_POINT ( 'NONE',  ( -3.230653438475654016E-12, 6.975356115071411622, 26.23961491426254256 ) ) ;
#1818 = CARTESIAN_POINT ( 'NONE',  ( -0.06589484196253540815, 9.545111777660013175, 25.32304527540100381 ) ) ;
#1819 = CARTESIAN_POINT ( 'NONE',  ( 0.2825398233237158552, 25.41653204599610660, 23.19631743016031322 ) ) ;
#1820 = CARTESIAN_POINT ( 'NONE',  ( 23.70084076682063312, 18.16606371434358280, 0.004131629846010822539 ) ) ;
#1821 = EDGE_LOOP ( 'NONE', ( #7180, #4918, #1247, #696 ) ) ;
#1822 = DIRECTION ( 'NONE',  ( 0.000000000000000000, 1.000000000000000000, 0.000000000000000000 ) ) ;
#1823 = CARTESIAN_POINT ( 'NONE',  ( -0.7311227830535382832, 15.42823304615745172, -23.33197114815016704 ) ) ;
#1824 = CARTESIAN_POINT ( 'NONE',  ( -14.28941916244323451, 16.71383033581603073, -8.250000000000007105 ) ) ;
#1825 = CARTESIAN_POINT ( 'NONE',  ( 0.3429677008507535096, 7.587010142454218453, 25.39827941213581752 ) ) ;
#1826 = CARTESIAN_POINT ( 'NONE',  ( -23.63447073230860340, 24.29613988100626187, -0.0007046361951589131395 ) ) ;
#1827 = CARTESIAN_POINT ( 'NONE',  ( 0.1994394144789841117, 22.58150454485840086, 23.50650319254738463 ) ) ;
#1828 = B_SPLINE_CURVE_WITH_KNOTS ( 'NONE', 3,
 ( #133, #1911, #4675, #4572 ),
 .UNSPECIFIED., .F., .F.,
 ( 4, 4 ),
 ( 0.4995538240016926257, 1.000000000000000000 ),
 .UNSPECIFIED. ) ;
#1829 = ORIENTED_EDGE ( 'NONE', *, *, #6568, .T. ) ;
#1830 = CARTESIAN_POINT ( 'NONE',  ( -1.048733986996716494, 19.10681591408125612, 22.99458294516681889 ) ) ;
#1831 = DIRECTION ( 'NONE',  ( 3.460655368820817293E-27, -2.168404344971010446E-14, 1.000000000000000000 ) ) ;
#1832 = CARTESIAN_POINT ( 'NONE',  ( 0.000000000000000000, 16.71383033581603073, 16.50000000000000000 ) ) ;
#1833 = CARTESIAN_POINT ( 'NONE',  ( 26.22543006124310594, 7.000345051182341294, -0.08274577012426895251 ) ) ;
#1834 = CARTESIAN_POINT ( 'NONE',  ( -0.7323099508831912852, 25.29455928545811361, -22.28609973959540724 ) ) ;
#1835 = CARTESIAN_POINT ( 'NONE',  ( -23.97619778661232814, 15.51455774066545068, -0.06846804409353926535 ) ) ;
#1836 = CARTESIAN_POINT ( 'NONE',  ( -0.0006455624486346008472, 7.097796175136349639, 26.18489375013751541 ) ) ;
#1837 = CARTESIAN_POINT ( 'NONE',  ( 25.51802454473206438, 8.966094201070390568, -0.02010799548807786982 ) ) ;
#1838 = CARTESIAN_POINT ( 'NONE',  ( 22.57250447550705985, 25.33293871581534518, -0.5983363358213115157 ) ) ;
#1839 = DIRECTION ( 'NONE',  ( -0.4949494949492238560, -0.000000000000000000, 0.8689217441458743085 ) ) ;
#1840 = DIRECTION ( 'NONE',  ( 0.000000000000000000, 0.000000000000000000, -1.000000000000000000 ) ) ;
#1841 = CARTESIAN_POINT ( 'NONE',  ( -25.14527623069547957, 8.916145668508292488, 0.3426108598379016268 ) ) ;
#1842 = CARTESIAN_POINT ( 'NONE',  ( -0.7320179803972477472, 18.07798122579207600, 23.04359692497313716 ) ) ;
#1843 = CARTESIAN_POINT ( 'NONE',  ( 0.1998234710936110936, 8.319182818111389821, -25.54907327994023447 ) ) ;
#1844 = CARTESIAN_POINT ( 'NONE',  ( 25.73825954419640283, 7.441455434846184325, -0.2005071521234249310 ) ) ;
#1845 = VERTEX_POINT ( 'NONE', #3384 ) ;
#1846 = CARTESIAN_POINT ( 'NONE',  ( -22.12495437257087616, 25.27295106378740641, -0.7983979052077047056 ) ) ;
#1847 = CARTESIAN_POINT ( 'NONE',  ( 23.56839860148550159, 23.47572164005999795, -0.1174654417077144464 ) ) ;
#1848 = CARTESIAN_POINT ( 'NONE',  ( 26.12026480919429616, 7.186941161974007564, -0.1001974618255221938 ) ) ;
#1849 = CARTESIAN_POINT ( 'NONE',  ( -26.03897344790741641, 7.481751642388847046, -0.02132585291634944702 ) ) ;
#1850 = CARTESIAN_POINT ( 'NONE',  ( -14.28941916244323451, 16.71383033581603073, -4.250000000000005329 ) ) ;
#1851 = CARTESIAN_POINT ( 'NONE',  ( -0.5975553476348609561, 10.36698241801164855, 24.36794800997197896 ) ) ;
#1852 = CARTESIAN_POINT ( 'NONE',  ( -0.02189888665597706716, 7.110135863769351694, -26.15173167059714743 ) ) ;
#1853 = CARTESIAN_POINT ( 'NONE',  ( 23.25129526609334363, 18.10581569587538198, 0.5979899902882701568 ) ) ;
#1854 = ORIENTED_EDGE ( 'NONE', *, *, #4387, .T. ) ;
#1855 = CARTESIAN_POINT ( 'NONE',  ( 0.1474683489855612428, 23.34029366953511442, -23.53848343208522209 ) ) ;
#1856 = ADVANCED_FACE ( 'NONE', ( #2222 ), #1780, .F. ) ;
#1857 = CARTESIAN_POINT ( 'NONE',  ( -0.06047202645061367648, 17.28403406902849682, -23.77416279954461231 ) ) ;
#1858 = SPHERICAL_SURFACE ( 'NONE', #7134, 2.000000000000000000 ) ;
#1859 = CARTESIAN_POINT ( 'NONE',  ( -0.6646550972732840901, 7.295534177002236831, 24.64941871582999511 ) ) ;
#1860 = CARTESIAN_POINT ( 'NONE',  ( -23.46113338263807790, 24.27291300266146123, 0.2002602696614662614 ) ) ;
#1861 = CARTESIAN_POINT ( 'NONE',  ( -0.4692706496251815573, 24.71348888436193647, 22.89642537398414035 ) ) ;
#1862 = ORIENTED_EDGE ( 'NONE', *, *, #4105, .T. ) ;
#1863 = CARTESIAN_POINT ( 'NONE',  ( -0.8632731172924703600, 21.48908594712325382, 23.10649251317196118 ) ) ;
#1864 = PLANE ( 'NONE',  #3407 ) ;
#1865 = CARTESIAN_POINT ( 'NONE',  ( -25.68727798972584964, 6.741855499813374841, 0.2826499451388672646 ) ) ;
#1866 = CARTESIAN_POINT ( 'NONE',  ( 26.23963803140674500, 6.975314655868899649, -0.03031149913570048426 ) ) ;
#1867 = CARTESIAN_POINT ( 'NONE',  ( 26.18490495129218232, 7.097770024547155998, -7.602121303458686118E-05 ) ) ;
#1868 = CARTESIAN_POINT ( 'NONE',  ( -23.53502160389834685, 15.45544230996927659, 0.5967581431129197478 ) ) ;
#1869 = CARTESIAN_POINT ( 'NONE',  ( 24.28696034282408789, 10.01140974501168301, 0.6646720143048695517 ) ) ;
#1870 = DIRECTION ( 'NONE',  ( -0.000000000000000000, -1.000000000000000000, -0.000000000000000000 ) ) ;
#1871 = CARTESIAN_POINT ( 'NONE',  ( 25.76241907951669674, 7.849150531119647667, 0.2180137038694194562 ) ) ;
#1872 = CARTESIAN_POINT ( 'NONE',  ( 14.32435137758119126, 23.71383033581603073, -2.250101689166259966 ) ) ;
#1873 = CARTESIAN_POINT ( 'NONE',  ( -0.5982577814043771314, 23.37465265044113849, -22.81416754297545424 ) ) ;
#1874 = EDGE_CURVE ( 'NONE', #590, #1100, #4564, .T. ) ;
#1875 = CARTESIAN_POINT ( 'NONE',  ( -25.48988476680116833, 8.962323901253419933, 0.09581600847968189949 ) ) ;
#1876 = CARTESIAN_POINT ( 'NONE',  ( -0.2840507634792222014, 17.27152593204145603, 23.68084677802251292 ) ) ;
#1877 = CARTESIAN_POINT ( 'NONE',  ( 0.2814889772563596848, 7.918244825797766673, -25.47224868937158604 ) ) ;
#1878 = CIRCLE ( 'NONE', #5720, 1.999999999999999556 ) ;
#1879 = CARTESIAN_POINT ( 'NONE',  ( 26.05963025552312828, 7.423620640931740233, -0.02166524128098367211 ) ) ;
#1880 = ORIENTED_EDGE ( 'NONE', *, *, #6525, .T. ) ;
#1881 = CARTESIAN_POINT ( 'NONE',  ( -23.53937242056545642, 25.02060377432554716, 0.1182724054664359287 ) ) ;
#1882 = CARTESIAN_POINT ( 'NONE',  ( 23.56695912666879522, 23.47552666997725979, 0.1186633268836507354 ) ) ;
#1883 = CARTESIAN_POINT ( 'NONE',  ( 24.66279074709822083, 11.03731770637819487, -0.3485656227487776149 ) ) ;
#1884 = CARTESIAN_POINT ( 'NONE',  ( 23.66670849320824743, 24.72136531537774218, 0.02142153657578172235 ) ) ;
#1885 = CARTESIAN_POINT ( 'NONE',  ( -24.64941871582998800, 7.295534177002236831, -0.6646550972735422169 ) ) ;
#1886 = AXIS2_PLACEMENT_3D ( 'NONE', #2507, #2300, #4724 ) ;
#1887 = DIRECTION ( 'NONE',  ( -0.000000000000000000, 1.000000000000000000, -0.000000000000000000 ) ) ;
#1888 = CARTESIAN_POINT ( 'NONE',  ( 0.02998482296592236418, 10.12798365970094316, 25.15681581406119349 ) ) ;
#1889 = CARTESIAN_POINT ( 'NONE',  ( -0.09717386855375470534, 6.993756019826629533, -26.04452560889465929 ) ) ;
#1890 = DIRECTION ( 'NONE',  ( 0.000000000000000000, 0.000000000000000000, -1.000000000000000000 ) ) ;
#1891 = CARTESIAN_POINT ( 'NONE',  ( 23.73208349948201246, 17.27839629291823798, -0.1972498873693324939 ) ) ;
#1892 = EDGE_LOOP ( 'NONE', ( #1450, #3903, #5301, #2728, #5155, #6888, #3138, #6126, #1880 ) ) ;
#1893 = CARTESIAN_POINT ( 'NONE',  ( 0.3440873706084396355, 17.26489585364259938, -23.63137556014587304 ) ) ;
#1894 = CARTESIAN_POINT ( 'NONE',  ( -0.3485656227535824381, 11.03731770637395648, -24.66279074709255781 ) ) ;
#1895 = CARTESIAN_POINT ( 'NONE',  ( 0.5977587612465852240, 7.259494587317935732, 24.83484691313295656 ) ) ;
#1896 = CARTESIAN_POINT ( 'NONE',  ( -23.39429030691530187, 25.00115878623504528, -0.1995974380826729955 ) ) ;
#1897 = CIRCLE ( 'NONE', #6782, 14.50000000000000000 ) ;
#1898 = CARTESIAN_POINT ( 'NONE',  ( -0.1179168894117907512, 24.80157381136822181, 23.55371202647781104 ) ) ;
#1899 = EDGE_CURVE ( 'NONE', #3398, #320, #3926, .T. ) ;
#1900 = CIRCLE ( 'NONE', #4809, 22.05661753709545181 ) ;
#1901 = ORIENTED_EDGE ( 'NONE', *, *, #5303, .F. ) ;
#1902 = CARTESIAN_POINT ( 'NONE',  ( -0.5455141510362043755, 23.83343781820314433, 23.42083314495289059 ) ) ;
#1903 = CARTESIAN_POINT ( 'NONE',  ( -26.01269915474999550, 7.378047589688464747, -0.3109662047812253860 ) ) ;
#1904 = CARTESIAN_POINT ( 'NONE',  ( -26.22905092303471619, 6.916468900838652623, -0.02079391854466865544 ) ) ;
#1905 = CARTESIAN_POINT ( 'NONE',  ( 26.20914513492716580, 7.029758081964874172, -0.02975699205410151787 ) ) ;
#1906 = CARTESIAN_POINT ( 'NONE',  ( -0.2811930958778761092, 6.742452433972144554, 25.69176930620826127 ) ) ;
#1907 = CARTESIAN_POINT ( 'NONE',  ( -23.45140338231267307, 19.61511158203591521, 0.3413180938436253808 ) ) ;
#1908 = CARTESIAN_POINT ( 'NONE',  ( 24.98894281536914264, 10.45020433230525825, 0.2011077090615848439 ) ) ;
#1909 = CARTESIAN_POINT ( 'NONE',  ( 22.13875909031309419, 25.27481500617495058, -0.7992773452422340386 ) ) ;
#1910 = CARTESIAN_POINT ( 'NONE',  ( 23.41782581860182688, 23.78137618531884456, 0.2982821866034460201 ) ) ;
#1911 = CARTESIAN_POINT ( 'NONE',  ( 0.02528267724074017078, 6.975371680491500470, -26.23960626453021305 ) ) ;
#1912 = CARTESIAN_POINT ( 'NONE',  ( 0.02220291040435808452, 24.29520738889879539, -23.62751367094768540 ) ) ;
#1913 = CARTESIAN_POINT ( 'NONE',  ( -24.81707404971306730, 10.42717725378936500, 0.3420181540585691682 ) ) ;
#1914 = CARTESIAN_POINT ( 'NONE',  ( -0.6651261498251765936, 17.21206704058112891, 23.23717601138861966 ) ) ;
#1915 = ADVANCED_BREP_SHAPE_REPRESENTATION ( 'Orbi_Joystick', ( #2835, #6906 ), #4696 ) ;
#1916 = CARTESIAN_POINT ( 'NONE',  ( -0.2003300788884914974, 7.939924151012000664, -25.63399321377863416 ) ) ;
#1917 = CARTESIAN_POINT ( 'NONE',  ( 25.84922355992787146, 7.647436352568173668, 0.1177817561455949957 ) ) ;
#1918 = EDGE_LOOP ( 'NONE', ( #3086, #3779, #1981, #2987 ) ) ;
#1919 = CARTESIAN_POINT ( 'NONE',  ( 0.000000000000000000, 21.71383033581603073, 0.000000000000000000 ) ) ;
#1920 = CARTESIAN_POINT ( 'NONE',  ( 23.60507858713778973, 23.77594323400057164, 0.06514792930888592404 ) ) ;
#1921 = CARTESIAN_POINT ( 'NONE',  ( 0.000000000000000000, 5.615282649518614555, 23.79212637122280682 ) ) ;
#1922 = CARTESIAN_POINT ( 'NONE',  ( -0.02761027507581377896, 7.063593661854449479, 26.19452434219682502 ) ) ;
#1923 = CARTESIAN_POINT ( 'NONE',  ( -25.13457519521731243, 7.299651306778384807, -0.4695580711359670367 ) ) ;
#1924 = CARTESIAN_POINT ( 'NONE',  ( 0.5782821415568329959, 17.46943243036459492, 23.33455418227029199 ) ) ;
#1925 = CARTESIAN_POINT ( 'NONE',  ( 0.09491000373675104185, 10.12568318700645698, 25.13964492298563869 ) ) ;
#1926 = CARTESIAN_POINT ( 'NONE',  ( 0.1992332498905929339, 6.868191361001946049, -25.86880468122166477 ) ) ;
#1927 = CARTESIAN_POINT ( 'NONE',  ( 25.69176930620825772, 6.742452433972144554, 0.2811930958781452272 ) ) ;
#1928 = CARTESIAN_POINT ( 'NONE',  ( 23.76124685963886307, 17.28230370025627138, -0.1145828791267956698 ) ) ;
#1929 = ORIENTED_EDGE ( 'NONE', *, *, #1989, .T. ) ;
#1930 = CARTESIAN_POINT ( 'NONE',  ( 0.3412375775100857656, 23.39868173518494388, -23.35719612787229593 ) ) ;
#1931 = CARTESIAN_POINT ( 'NONE',  ( 0.06832420979975820097, 17.28396411214630035, -23.77364918505462299 ) ) ;
#1932 = CARTESIAN_POINT ( 'NONE',  ( -0.8477062102212277184, 10.51798605396918340, -24.55188083598766369 ) ) ;
#1933 = CARTESIAN_POINT ( 'NONE',  ( 0.03238856928799686841, 7.480291171924965177, 26.02807157606858723 ) ) ;
#1934 = CARTESIAN_POINT ( 'NONE',  ( -23.67233697278733118, 25.03842089949329974, -0.02154371476009967964 ) ) ;
#1935 = CARTESIAN_POINT ( 'NONE',  ( 0.7323705396603943374, 24.13769546097459084, 22.45207476091956522 ) ) ;
#1936 = ORIENTED_EDGE ( 'NONE', *, *, #6389, .T. ) ;
#1937 = CARTESIAN_POINT ( 'NONE',  ( -0.1474683489892636146, 23.34029366953110340, 23.53848343208137806 ) ) ;
#1938 = CARTESIAN_POINT ( 'NONE',  ( -24.30307715779267141, 12.13803536235271885, -0.4423175763429741392 ) ) ;
#1939 = CARTESIAN_POINT ( 'NONE',  ( -24.90762366723033949, 6.637378130674957077, 0.5977153871756293313 ) ) ;
#1940 = CARTESIAN_POINT ( 'NONE',  ( 0.000000000000000000, 23.71383033581603073, 16.50000000000000000 ) ) ;
#1941 = CARTESIAN_POINT ( 'NONE',  ( -26.11842614240583771, 7.280131799675817916, -0.003922420702309568387 ) ) ;
#1942 = CARTESIAN_POINT ( 'NONE',  ( -23.45514251037889153, 21.09807870356999615, -0.2827609604233580209 ) ) ;
#1943 = ADVANCED_FACE ( 'NONE', ( #6131 ), #4001, .T. ) ;
#1944 = CARTESIAN_POINT ( 'NONE',  ( 24.72780041341782109, 11.66462404599302616, -0.06144587728907593277 ) ) ;
#1945 = CARTESIAN_POINT ( 'NONE',  ( -23.55564165812854327, 24.54826570044111378, 0.1969220282258790089 ) ) ;
#1946 = CARTESIAN_POINT ( 'NONE',  ( 23.63660448047554397, 24.97003991869716089, 0.2729597358183553646 ) ) ;
#1947 = FACE_OUTER_BOUND ( 'NONE', #3964, .T. ) ;
#1948 = EDGE_CURVE ( 'NONE', #6066, #4906, #7117, .T. ) ;
#1949 = CARTESIAN_POINT ( 'NONE',  ( -0.02039351614622835276, 23.77836563906561196, -23.62314952894352160 ) ) ;
#1950 = CARTESIAN_POINT ( 'NONE',  ( -24.23402187908167349, 10.34903462022827014, -0.6647104373011734069 ) ) ;
#1951 = CARTESIAN_POINT ( 'NONE',  ( -0.1201554689252045532, 21.11153577926741676, 23.55555161905353501 ) ) ;
#1952 = CARTESIAN_POINT ( 'NONE',  ( 0.03238139177033400040, 7.845212143329791665, -25.89893267544739075 ) ) ;
#1953 =( BOUNDED_SURFACE ( )  B_SPLINE_SURFACE ( 2, 3, ( 
 ( #3225, #3189, #5402, #419 ),
 ( #2090, #5438, #2672, #4890 ),
 ( #7118, #2128, #3807, #4347 ) ),
 .UNSPECIFIED., .F., .F., .T. ) 
 B_SPLINE_SURFACE_WITH_KNOTS ( ( 3, 3 ),
 ( 4, 4 ),
 ( 0.08335879690891435934, 0.9031013887724311795 ),
 ( 0.000000000000000000, 1.000000000000000000 ),
 .UNSPECIFIED. ) 
 GEOMETRIC_REPRESENTATION_ITEM ( )  RATIONAL_B_SPLINE_SURFACE ( (
 ( 1.000000000000000000, 0.8017894826838917188, 0.8017894826838917188, 1.000000000000000000),
 ( 1.000000000000000000, 0.8017894826838917188, 0.8017894826838917188, 1.000000000000000000),
 ( 1.000000000000000000, 0.8017894826838917188, 0.8017894826838917188, 1.000000000000000000) ) ) 
 REPRESENTATION_ITEM ( '' )  SURFACE ( )  );
#1954 = CARTESIAN_POINT ( 'NONE',  ( 24.30193812048364777, 7.631208940002873753, -0.7985044265978755718 ) ) ;
#1955 = ORIENTED_EDGE ( 'NONE', *, *, #3463, .T. ) ;
#1956 = DIRECTION ( 'NONE',  ( 0.000000000000000000, 0.000000000000000000, -1.000000000000000000 ) ) ;
#1957 = B_SPLINE_SURFACE_WITH_KNOTS ( 'NONE', 5, 5, ( 
 ( #2411, #2965, #2561, #853, #1978, #4742, #1906, #889, #4093, #4779, #6894, #5251, #3108, #6966, #2017, #6413, #4194, #6450, #5177, #2490, #1438, #4708, #1471, #746, #236, #2451, #5726 ),
 ( #6341, #6855, #1365, #5398, #1580, #2743, #1541, #3802, #921, #6020, #4267, #6055, #1036, #7038, #4886, #4958, #4924, #7185, #7075, #414, #7152, #3254, #3763, #2121, #4412, #2161, #3289 ),
 ( #3143, #528, #5468, #4378, #488, #2086, #1616, #2052, #2196, #4851, #6634, #4343, #2707, #5984, #4303, #6601, #6564, #3837, #6484, #1069, #3688, #3723, #5907, #1001, #5359, #1507, #3221 ),
 ( #5508, #7111, #376, #2599, #4817, #5943, #6523, #960, #3184, #5434, #453, #2668, #700, #6676, #2230, #1719, #3944, #2371, #1251, #3466, #5097, #1688, #2916, #595, #1139, #634, #6159 ),
 ( #4521, #3432, #1175, #3394, #5685, #5132, #6198, #2812, #3358, #5615, #6780, #4449, #2303, #2851, #3908, #156, #85, #6744, #5065, #1757, #1793, #1215, #3980, #49, #5651, #4017, #668 ),
 ( #2884, #5026, #4591, #6708, #6233, #5576, #3872, #117, #6123, #2776, #2269, #2337, #4556, #1649, #6090, #7, #4487, #1105, #3323, #5541, #561, #4991, #4621, #1895, #6883, #1322, #4699 ),
 ( #1284, #5866, #1859, #5317, #266, #6405, #6265, #2481, #5827, #6334, #737, #1970, #6815, #2957, #3644, #1933, #6960, #844, #4123, #3027, #5242, #3498, #4052, #880, #6924, #3066, #4156 ),
 ( #5718, #4734, #5281, #191, #6847, #2403, #6370, #1393, #2517, #3572, #4188, #3607, #1428, #1358, #3100, #4085, #334, #5791, #301, #809, #2552, #1825, #5170, #6296, #3540, #5756, #775 ),
 ( #2991, #5204, #228, #2442, #4658, #1532, #1607, #6476, #5497, #3792, #478, #7031, #3715, #369, #2045, #4259, #6512, #6993, #5425, #3246, #444, #518, #2660, #6556, #4293, #7067, #4369 ),
 ( #4808, #1499, #4844, #1060, #4333, #1572, #5935, #2628, #4223, #3212, #2695, #2078, #2152, #951, #6591, #3753, #6011, #5974, #5460, #3278, #7101, #992, #4771, #4877, #1027, #2006, #407 ),
 ( #3827, #5390, #3173, #2112, #6046, #4913, #6443, #7143, #1464, #3679, #5898, #2590, #913, #3134, #5352, #4949, #3383, #1206, #5605, #5675, #623, #4512, #2259, #5016, #2329, #1785, #75 ),
 ( #4477, #659, #3314, #2842, #6699, #551, #4547, #1165, #5055, #6149, #2801, #2875, #2294, #38, #1130, #6736, #1710, #5089, #1747, #109, #3424, #5642, #6771, #2187, #3935, #3970, #6188 ),
 ( #2221, #1096, #1241, #3457, #3349, #6625, #2766, #4009, #6225, #2734, #7176, #4403, #1640, #4982, #3862, #6077, #5532, #7209, #4439, #6665, #1678, #3899, #6114, #5567, #586, #4727, #3018 ),
 ( #1418, #4148, #295, #3565, #5195, #4077, #220, #2432, #6953, #183, #1818, #6807, #5818, #6362, #1276, #5710, #3491, #802, #5783, #3599, #4648, #834, #5233, #4181, #2909, #2395, #6257 ),
 ( #4043, #729, #2983, #766, #4616, #255, #1963, #5748, #2472, #5124, #4689, #2948, #3056, #6916, #5161, #1888, #6398, #1925, #3635, #6288, #6839, #1385, #5273, #6873, #6326, #692, #2510 ),
 ( #2364, #146, #4584, #1851, #1313, #3530, #4115, #1350, #1998, #4903, #7023, #1598, #6504, #4868, #942, #4800, #4322, #1524, #5417, #6435, #6003, #2685, #5891, #7132, #3707, #4361, #4215 ),
 ( #6583, #985, #7057, #5858, #3743, #2103, #873, #1490, #1457, #3093, #3672, #6546, #5965, #2143, #906, #3126, #5926, #3163, #5310, #5451, #471, #1564, #5344, #327, #2037, #361, #4835 ),
 ( #2545, #3204, #434, #5381, #399, #4763, #6986, #2651, #4251, #2581, #2619, #3783, #6469, #7092, #2071, #4285, #1018, #3237, #6692, #25, #3890, #1737, #1155, #1122, #2211, #3374, #6105 ),
 ( #4469, #4394, #4941, #6068, #5045, #5006, #4538, #1703, #5080, #1668, #2319, #7167, #3340, #5594, #1086, #3305, #2178, #1193, #3414, #5632, #6615, #612, #5486, #649, #4428, #4974, #577 ),
 ( #1630, #5557, #2792, #6760, #2865, #100, #65, #3852, #3818, #2758, #5523, #2250, #3927, #2725, #2831, #6140, #2285, #7201, #543, #4503, #6726, #6652, #3961, #6176, #6036, #1052, #3270 ),
 ( #509, #209, #1914, #793, #5223, #5737, #1876, #717, #285, #6830, #6904, #3482, #3999, #2421, #2354, #2900, #4034, #3007, #2974, #2499, #4638, #135, #2936, #6797, #4717, #5185, #6863 ),
 ( #4068, #1842, #5701, #4102, #825, #6279, #6316, #6216, #1341, #4575, #4138, #3555, #5114, #5773, #3044, #245, #5261, #5152, #174, #2460, #4678, #1300, #6351, #1774, #1375, #3588, #5807 ),
 ( #1233, #3447, #5666, #684, #2385, #1808, #6248, #1267, #4606, #3516, #757, #5953, #2027, #5881, #5407, #2609, #6493, #317, #7187, #3875, #6976, #563, #4753, #424, #387, #6092, #1987 ),
 ( #972, #2745, #4203, #897, #2535, #6424, #1447, #1480, #1951, #4825, #4960, #7047, #2778, #2061, #1515, #6459, #4241, #6637, #1107, #4276, #3116, #3662, #3698, #2198, #5334, #3732, #5917 ),
 ( #5369, #4414, #3194, #1651, #931, #3325, #351, #5543, #4788, #6942, #2571, #4171, #6387, #7012, #863, #3153, #1407, #3623, #5846, #3083, #5297, #6161, #2814, #5719, #6201, #3434, #6124 ),
 ( #5029, #5067, #1217, #3982, #6235, #6678, #4054, #51, #3500, #5653, #4593, #4452, #670, #4019, #4523, #1140, #159, #4993, #3360, #1827, #119, #5134, #1253, #87, #2886, #5099, #1690 ),
 ( #2305, #6746, #6267, #4489, #5578, #3910, #2918, #3468, #597, #2271, #6711, #2339, #4558, #702, #1759, #2373, #6783, #6817, #1795, #1286, #1721, #739, #5687, #9, #2232, #3946, #1177 ),
 ( #3396, #5618, #636, #2853, #5793, #6298, #5319, #1395, #336, #3647, #1430, #4773, #2405, #4701, #2519, #3029, #6444, #5172, #2444, #1325, #1465, #3680, #1359, #6849, #777, #5244, #4158 ),
 ( #811, #3069, #193, #5283, #3542, #2554, #303, #5758, #6373, #4225, #4190, #5899, #6336, #6885, #6407, #4736, #268, #3609, #2959, #5868, #6995, #5829, #2484, #3574, #6926, #1935, #2008 ),
 ( #882, #2993, #4623, #4125, #1861, #846, #1973, #6962, #1898, #3102, #4087, #5206, #230, #4660, #4950, #952, #2188, #5976, #6626, #4260, #5426, #5461, #5391, #3175, #6477, #5498, #520 ),
 ( #3754, #1500, #1641, #5936, #1608, #1573, #7177, #408, #3716, #993, #3213, #3863, #2735, #4404, #4370, #2629, #914, #7068, #4845, #7102, #445, #7032, #2697, #6557, #2113, #2079, #4294 ),
 ( #6513, #1533, #2661, #3136, #479, #4914, #4878, #4334, #370, #3793, #1061, #7144, #6592, #6012, #1028, #3247, #5353, #2153, #6047, #3828, #3279, #2591, #4810, #2046, #6737, #6666, #7210 ),
 ( #5533, #624, #5644, #6150, #2365, #1097, #5568, #4440, #4585, #6808, #4478, #2768, #3900, #1166, #76, #5056, #110, #552, #5125, #1131, #1819, #1748, #5677, #4983, #3971, #5090, #5606 ) ),
 .UNSPECIFIED., .F., .F., .F.,
 ( 6, 3, 3, 3, 3, 3, 3, 3, 3, 3, 6 ),
 ( 6, 3, 3, 3, 3, 3, 3, 3, 6 ),
 ( -9.492432588434672525, -8.986881764286426488, -8.685081794903421581, -8.039780003563544497, -6.749176420883792993, -5.040852057884327664, -0.5574618340295174335, 3.862309003216356729, 6.789222592304666293, 8.252679386848820187, 9.347638972562583248 ),
 ( -0.7955525503947592503, -0.4629220166368858691, -0.1639025916806938765, -0.05759024914075072665, -0.004434077870779096209, 0.04973677919067431841, 0.1580784933135809256, 0.4637513870615671552, 0.8020406633021305298 ),
 .UNSPECIFIED. ) ;
#1958 = CARTESIAN_POINT ( 'NONE',  ( 23.22088393566005138, 24.24071884028882451, -0.3430722877615500210 ) ) ;
#1959 = DIRECTION ( 'NONE',  ( 8.881784197001252323E-16, 0.000000000000000000, -1.000000000000000000 ) ) ;
#1960 = CARTESIAN_POINT ( 'NONE',  ( 7.602121329738624630E-05, 7.097770024547200407, 26.18490495129217166 ) ) ;
#1961 = CARTESIAN_POINT ( 'NONE',  ( -25.97144702452209231, 7.663816151181817915, -0.02152624825322043550 ) ) ;
#1962 = CARTESIAN_POINT ( 'NONE',  ( 0.03480323969637783704, 24.52670492662053903, 23.64932105186584721 ) ) ;
#1963 = CARTESIAN_POINT ( 'NONE',  ( -0.2824129681876826892, 10.10468151509921064, 24.98295036961916438 ) ) ;
#1964 = CARTESIAN_POINT ( 'NONE',  ( 0.03153123819555223722, 6.913441615918571870, -26.20646134110628722 ) ) ;
#1965 = CARTESIAN_POINT ( 'NONE',  ( 26.13858364563610692, 6.904346289261342307, -0.06505011857901463190 ) ) ;
#1966 = CARTESIAN_POINT ( 'NONE',  ( 23.69914995341294528, 18.16583685011106297, 0.03623654868293713777 ) ) ;
#1967 = CARTESIAN_POINT ( 'NONE',  ( 0.5189051242701946398, 19.03988957813751526, -23.28045872322021026 ) ) ;
#1968 = CARTESIAN_POINT ( 'NONE',  ( 0.6649866860994333440, 18.09239263764602512, -23.15113375338743396 ) ) ;
#1969 = CARTESIAN_POINT ( 'NONE',  ( -26.22543059861294168, 7.000345051182263134, -0.08257528058629437506 ) ) ;
#1970 = CARTESIAN_POINT ( 'NONE',  ( -0.03200605309659727143, 7.480356054152268896, 26.02855995144393830 ) ) ;
#1971 = CARTESIAN_POINT ( 'NONE',  ( -23.58515374812414223, 24.80578914213980823, 0.09668404614392143992 ) ) ;
#1972 = EDGE_CURVE ( 'NONE', #590, #6366, #3046, .T. ) ;
#1973 = CARTESIAN_POINT ( 'NONE',  ( -0.2814301693333834953, 24.76218450366447499, 23.25979080466316873 ) ) ;
#1974 = ORIENTED_EDGE ( 'NONE', *, *, #4570, .F. ) ;
#1975 = CARTESIAN_POINT ( 'NONE',  ( -24.54722262625879381, 10.50188975061214158, -0.8528086932339447035 ) ) ;
#1976 = CARTESIAN_POINT ( 'NONE',  ( -23.36320237859124305, 21.40973629565355552, -0.3454357935507461064 ) ) ;
#1977 = CARTESIAN_POINT ( 'NONE',  ( -14.32435137758115573, 16.71383033581603073, -2.250101689166268404 ) ) ;
#1978 = CARTESIAN_POINT ( 'NONE',  ( -0.4695560408069942016, 6.678831889611820394, 25.21703074785906296 ) ) ;
#1979 = CARTESIAN_POINT ( 'NONE',  ( -23.31455173111038448, 19.59676521723960718, -0.4704591334759883337 ) ) ;
#1980 = CARTESIAN_POINT ( 'NONE',  ( 23.63522291397730513, 24.96336266408549420, 0.2755822876913938679 ) ) ;
#1981 = ORIENTED_EDGE ( 'NONE', *, *, #6062, .T. ) ;
#1982 = CARTESIAN_POINT ( 'NONE',  ( -23.62666754681685077, 24.91318479893751814, 0.1368521354703746973 ) ) ;
#1983 = CARTESIAN_POINT ( 'NONE',  ( 25.06500497776970704, 9.924948494168869928, 0.2400354420186937288 ) ) ;
#1984 = CARTESIAN_POINT ( 'NONE',  ( -26.21814725880965824, 7.013986296019028899, -0.01522861479654363109 ) ) ;
#1985 = CARTESIAN_POINT ( 'NONE',  ( -0.5982938528540037160, 23.66585380495579471, -22.78352303223586262 ) ) ;
#1986 = CARTESIAN_POINT ( 'NONE',  ( -25.03620974321722414, 10.45654127227219199, 0.1163032717740016958 ) ) ;
#1987 = CARTESIAN_POINT ( 'NONE',  ( 0.7988108208243890340, 19.52739718163693183, 22.79682880809600931 ) ) ;
#1988 = CARTESIAN_POINT ( 'NONE',  ( 0.02282680967602063876, 8.965992998322413143, -25.51727215366018697 ) ) ;
#1989 = EDGE_CURVE ( 'NONE', #7095, #1582, #3835, .T. ) ;
#1990 = CARTESIAN_POINT ( 'NONE',  ( 25.87745385909241591, 7.842333523964738262, 0.06437619913846120978 ) ) ;
#1991 = ORIENTED_EDGE ( 'NONE', *, *, #3326, .F. ) ;
#1992 = DIRECTION ( 'NONE',  ( 0.000000000000000000, 0.000000000000000000, -1.000000000000000000 ) ) ;
#1993 = CARTESIAN_POINT ( 'NONE',  ( 23.60042373960954620, 24.29157646094223111, 0.09674943708462721559 ) ) ;
#1994 = CARTESIAN_POINT ( 'NONE',  ( -0.03851995879195004718, 25.25226168190418008, 23.69648360726165848 ) ) ;
#1995 = CARTESIAN_POINT ( 'NONE',  ( 0.07681798113192944699, 25.29851411751397094, -23.70617828429515228 ) ) ;
#1996 = CARTESIAN_POINT ( 'NONE',  ( -25.80059538719673284, 7.832035452556489474, 0.1182285183105574317 ) ) ;
#1997 = CARTESIAN_POINT ( 'NONE',  ( -0.4721675144157991277, 19.81500735453301942, 23.28830505115820770 ) ) ;
#1998 = CARTESIAN_POINT ( 'NONE',  ( -0.1198193064574602090, 10.45652313837408620, 25.03608985955855815 ) ) ;
#1999 =( BOUNDED_SURFACE ( )  B_SPLINE_SURFACE ( 2, 3, ( 
 ( #6465, #3159, #2506, #6394, #3051, #4723 ),
 ( #1994, #6912, #3122, #938, #5340, #3201 ),
 ( #2033, #6982, #4760, #2067, #5960, #4796 ) ),
 .UNSPECIFIED., .F., .F., .T. ) 
 B_SPLINE_SURFACE_WITH_KNOTS ( ( 3, 3 ),
 ( 4, 2, 4 ),
 ( 0.000000000000000000, 1.000000000000000000 ),
 ( 0.01840462460067423395, 0.01849303560127933677, 0.01858144660188443958 ),
 .UNSPECIFIED. ) 
 GEOMETRIC_REPRESENTATION_ITEM ( )  RATIONAL_B_SPLINE_SURFACE ( (
 ( 1.000000000000000000, 1.000000000000000000, 1.000000000000000000, 1.000000000000000000, 1.000000000000000000, 1.000000000000000000),
 ( 0.9962457246550732171, 0.9974570673916982599, 0.9983859993578015901, 0.9983822790128830116, 0.9974530858710954906, 0.9962518364972350327),
 ( 1.000000000000000000, 1.000000000000000000, 1.000000000000000000, 1.000000000000000000, 1.000000000000000000, 1.000000000000000000) ) ) 
 REPRESENTATION_ITEM ( '' )  SURFACE ( )  );
#2000 = CARTESIAN_POINT ( 'NONE',  ( 26.17902354691087652, 7.011778821261586359, 0.02096648122016387533 ) ) ;
#2001 = CARTESIAN_POINT ( 'NONE',  ( 23.60825094841334604, 19.63612761938355789, -0.01780241331173098435 ) ) ;
#2002 = AXIS2_PLACEMENT_3D ( 'NONE', #3218, #2227, #4446 ) ;
#2003 = CARTESIAN_POINT ( 'NONE',  ( 0.5918215595636422410, 16.72222576411606099, -23.39730336433018110 ) ) ;
#2004 = CARTESIAN_POINT ( 'NONE',  ( 0.6642180460903313044, 21.60805749035728951, -22.85343774873897971 ) ) ;
#2005 = CARTESIAN_POINT ( 'NONE',  ( 0.1477318019400703231, 25.29851411752940038, -23.70584242679140274 ) ) ;
#2006 = CARTESIAN_POINT ( 'NONE',  ( 0.7316137829679534299, 7.781094610509199150, 24.44873657791216104 ) ) ;
#2007 = CARTESIAN_POINT ( 'NONE',  ( -23.17219410585254735, 24.75045129290026580, 0.3431582543036728605 ) ) ;
#2008 = CARTESIAN_POINT ( 'NONE',  ( 0.7993671572713794138, 24.11878598430396892, 22.31096359537601259 ) ) ;
#2009 = VECTOR ( 'NONE', #1550, 1000.000000000000000 ) ;
#2010 = CARTESIAN_POINT ( 'NONE',  ( 0.6692332301425170105, 19.85837384856506915, 23.02210086273861123 ) ) ;
#2011 = ORIENTED_EDGE ( 'NONE', *, *, #3953, .T. ) ;
#2012 = DIRECTION ( 'NONE',  ( 0.000000000000000000, 0.000000000000000000, -1.000000000000000000 ) ) ;
#2013 = CARTESIAN_POINT ( 'NONE',  ( -25.64039929144421848, 8.481216589626212610, -0.08890389185963948337 ) ) ;
#2014 = CIRCLE ( 'NONE', #625, 6.000000000000001776 ) ;
#2015 = CARTESIAN_POINT ( 'NONE',  ( -0.7315803498334709776, 10.33169379640550112, -24.10452945826783022 ) ) ;
#2016 = DIRECTION ( 'NONE',  ( 0.000000000000000000, 0.000000000000000000, -1.000000000000000000 ) ) ;
#2017 = CARTESIAN_POINT ( 'NONE',  ( 0.02228954232035174066, 6.820577247355287476, 26.27473447053878886 ) ) ;
#2018 = CARTESIAN_POINT ( 'NONE',  ( -22.91367819689804719, 19.54305537851365315, 0.7317003883221810945 ) ) ;
#2019 = CARTESIAN_POINT ( 'NONE',  ( 23.35469555608044345, 23.42872133742146801, 0.6115876548258418755 ) ) ;
#2020 = AXIS2_PLACEMENT_3D ( 'NONE', #6624, #1205, #5641 ) ;
#2021 = ORIENTED_EDGE ( 'NONE', *, *, #553, .F. ) ;
#2022 = CARTESIAN_POINT ( 'NONE',  ( -23.39631372076655325, 16.70839331232107483, 0.5910238486375565259 ) ) ;
#2023 = CARTESIAN_POINT ( 'NONE',  ( 23.52060407301944167, 24.35987815337945861, 0.2232780578297877128 ) ) ;
#2024 = CARTESIAN_POINT ( 'NONE',  ( -23.70032979521085537, 25.26886925573326792, 0.02777569099727744337 ) ) ;
#2025 = CARTESIAN_POINT ( 'NONE',  ( 0.001076299088740991297, 23.77824611692486911, -23.62225903123726312 ) ) ;
#2026 = CARTESIAN_POINT ( 'NONE',  ( -23.77829864354171718, 11.53737541479542905, -0.7991411084083201999 ) ) ;
#2027 = CARTESIAN_POINT ( 'NONE',  ( -0.02512892164400821332, 19.63612554793156662, 23.60823829724108336 ) ) ;
#2028 = CARTESIAN_POINT ( 'NONE',  ( 0.6645943613194120747, 8.824387445494705773, -24.46062148737544106 ) ) ;
#2029 = CARTESIAN_POINT ( 'NONE',  ( 24.76844900908355740, 7.693713030573178457, 0.5973371274073467907 ) ) ;
#2030 = EDGE_LOOP ( 'NONE', ( #3336, #4953, #4071, #7070 ) ) ;
#2031 = CARTESIAN_POINT ( 'NONE',  ( 23.63876711341760384, 24.43044968890047386, -0.04450156198016101683 ) ) ;
#2032 = CARTESIAN_POINT ( 'NONE',  ( 23.46230022272888860, 24.27306586489400075, 0.1997273196333467504 ) ) ;
#2033 = CARTESIAN_POINT ( 'NONE',  ( -0.0008292401006911888622, 25.20452372157346943, 23.69719771214551329 ) ) ;
#2034 = CYLINDRICAL_SURFACE ( 'NONE', #2815, 4.000000000000000000 ) ;
#2035 = CARTESIAN_POINT ( 'NONE',  ( -25.70064230068139466, 7.627528022404913344, 0.2004470643197810709 ) ) ;
#2036 = CARTESIAN_POINT ( 'NONE',  ( -0.06971108913940742002, 24.14432414700443985, 23.61292361313875787 ) ) ;
#2037 = CARTESIAN_POINT ( 'NONE',  ( 0.6643823291744447301, 11.57252832077276317, 24.04052189591787325 ) ) ;
#2038 = ADVANCED_FACE ( 'NONE', ( #1102 ), #4, .T. ) ;
#2039 = CARTESIAN_POINT ( 'NONE',  ( 0.09621489151288264985, 7.408496209465190496, -25.94677603774982799 ) ) ;
#2040 = CARTESIAN_POINT ( 'NONE',  ( 26.28168710575818068, 6.821508582189571790, 0.02060911764598249984 ) ) ;
#2041 = CARTESIAN_POINT ( 'NONE',  ( 23.60823829724108336, 19.63612554793156662, 0.02512892164425549468 ) ) ;
#2042 = CARTESIAN_POINT ( 'NONE',  ( -0.3813562059845519991, 20.95809617874390085, -23.33712340293008580 ) ) ;
#2043 = CARTESIAN_POINT ( 'NONE',  ( 0.7314409189695398883, 21.00783192400292876, -22.78172998809184691 ) ) ;
#2044 = DIRECTION ( 'NONE',  ( 0.000000000000000000, -1.000000000000000000, 0.000000000000000000 ) ) ;
#2045 = CARTESIAN_POINT ( 'NONE',  ( 0.02120107604114040284, 7.845779454664970842, 25.90316257802812672 ) ) ;
#2046 = CARTESIAN_POINT ( 'NONE',  ( 0.5983504645778756625, 25.11623634752108458, 22.60419767766852672 ) ) ;
#2047 = CARTESIAN_POINT ( 'NONE',  ( 0.7808594938377246830, 15.11393629049735132, 23.32352872241478536 ) ) ;
#2048 = CARTESIAN_POINT ( 'NONE',  ( -23.57854575964674737, 24.68212938118078981, -0.3616885988865282675 ) ) ;
#2049 = CARTESIAN_POINT ( 'NONE',  ( -25.87404100865164125, 7.631881252130844118, -0.3882010835097354229 ) ) ;
#2050 = CARTESIAN_POINT ( 'NONE',  ( 0.3427798356421425940, 10.42733957493909891, -24.81833009275296220 ) ) ;
#2051 = CARTESIAN_POINT ( 'NONE',  ( -0.8520821663644979616, 10.51593166263071844, -24.54206819477015600 ) ) ;
#2052 = CARTESIAN_POINT ( 'NONE',  ( -0.1992600535090875424, 6.967665090502747738, 25.84984857937613612 ) ) ;
#2053 = CARTESIAN_POINT ( 'NONE',  ( -23.14990482767464997, 18.09223959586417507, 0.6642472134681214335 ) ) ;
#2054 = ORIENTED_EDGE ( 'NONE', *, *, #5207, .T. ) ;
#2055 = CARTESIAN_POINT ( 'NONE',  ( -23.35640790983363502, 23.43952207325951065, 0.6090279730545626879 ) ) ;
#2056 = CARTESIAN_POINT ( 'NONE',  ( 23.11532449194836403, 21.45128521618411810, 0.5448132774677267864 ) ) ;
#2057 = CARTESIAN_POINT ( 'NONE',  ( 1.050148573343671288, 19.08073214542644536, -22.99457170073651824 ) ) ;
#2058 = CARTESIAN_POINT ( 'NONE',  ( -26.18489375013755804, 7.097796175136302566, -0.0006455624489057598106 ) ) ;
#2059 = CARTESIAN_POINT ( 'NONE',  ( 0.06437052350465906347, 24.81270430498480195, -23.63676678347792759 ) ) ;
#2060 = CARTESIAN_POINT ( 'NONE',  ( -24.73268510545405263, 11.66527825569160370, 0.01813163764876113762 ) ) ;
#2061 = CARTESIAN_POINT ( 'NONE',  ( -0.002910887743499486393, 21.11430204136612687, 23.57618642723625868 ) ) ;
#2062 = CARTESIAN_POINT ( 'NONE',  ( 0.7318379641909447120, 8.803911145565210816, -24.30782710814910530 ) ) ;
#2063 = CARTESIAN_POINT ( 'NONE',  ( 25.97604820104866974, 7.664432935134713354, 3.902578093511587659E-05 ) ) ;
#2064 = VERTEX_POINT ( 'NONE', #5465 ) ;
#2065 = CARTESIAN_POINT ( 'NONE',  ( -0.04121626037769044598, 7.046335592041645945, 26.19938379298420372 ) ) ;
#2066 = CARTESIAN_POINT ( 'NONE',  ( 23.20290802841371303, 24.23830392021428892, 0.3418159213140274377 ) ) ;
#2067 = CARTESIAN_POINT ( 'NONE',  ( 0.0002696295274298916617, 25.24482606289748787, 23.70040438582917020 ) ) ;
#2068 = DIRECTION ( 'NONE',  ( -0.000000000000000000, 1.000000000000000000, -0.000000000000000000 ) ) ;
#2069 = CARTESIAN_POINT ( 'NONE',  ( -24.26379220751943322, 7.756297124538613197, -0.7992057170879295347 ) ) ;
#2070 = CARTESIAN_POINT ( 'NONE',  ( -0.003264680567617752986, 25.01101045059055394, 23.68530668510607029 ) ) ;
#2071 = CARTESIAN_POINT ( 'NONE',  ( 0.01758781114598320997, 12.87742150374782568, 24.45457240173828950 ) ) ;
#2072 = CARTESIAN_POINT ( 'NONE',  ( -0.2825962066405743878, 7.041038621106310735, -25.63609539702203932 ) ) ;
#2073 = CARTESIAN_POINT ( 'NONE',  ( 26.27473447053878886, 6.820577247355287476, -0.02228954232007652678 ) ) ;
#2074 = CARTESIAN_POINT ( 'NONE',  ( -0.3468057235417560391, 21.34517425298523463, -23.36195975457156138 ) ) ;
#2075 = CARTESIAN_POINT ( 'NONE',  ( -24.56264182084950676, 6.693162885244642979, 0.7314763317369387119 ) ) ;
#2076 = CARTESIAN_POINT ( 'NONE',  ( -0.4694548740273127851, 19.59634326417820560, -23.31134157887494140 ) ) ;
#2077 = DIRECTION ( 'NONE',  ( -0.000000000000000000, 1.000000000000000000, -0.000000000000000000 ) ) ;
#2078 = CARTESIAN_POINT ( 'NONE',  ( -0.03251119830310029296, 7.969452940650181283, 25.85435893270511443 ) ) ;
#2079 = CARTESIAN_POINT ( 'NONE',  ( 0.7323480568559900261, 24.86143588375219338, 22.35158552771228813 ) ) ;
#2080 = CARTESIAN_POINT ( 'NONE',  ( 0.8854355369165328726, 10.89144621156316894, 24.41332133017887784 ) ) ;
#2081 = CARTESIAN_POINT ( 'NONE',  ( 23.96549904601541670, 10.31306315796806139, -0.7985867285061694076 ) ) ;
#2082 = CYLINDRICAL_SURFACE ( 'NONE', #2455, 4.000000000000001776 ) ;
#2083 = CARTESIAN_POINT ( 'NONE',  ( -23.69720220672815358, 25.20458595688069181, -2.227581968609439661E-05 ) ) ;
#2084 = CARTESIAN_POINT ( 'NONE',  ( -0.3421590482130585920, 10.09247960894329310, -24.89185616095691600 ) ) ;
#2085 = DIRECTION ( 'NONE',  ( 0.000000000000000000, -1.000000000000000000, 0.000000000000000000 ) ) ;
#2086 = CARTESIAN_POINT ( 'NONE',  ( -0.3417376381873392099, 6.921791308441264334, 25.50753737015035227 ) ) ;
#2087 = CARTESIAN_POINT ( 'NONE',  ( -23.27150906946479125, 23.43593196171751813, -0.3419883104949240638 ) ) ;
#2088 = ORIENTED_EDGE ( 'NONE', *, *, #1770, .T. ) ;
#2089 = CARTESIAN_POINT ( 'NONE',  ( -23.28518643060298032, 19.83758736807083167, 0.4707043143229607263 ) ) ;
#2090 = CARTESIAN_POINT ( 'NONE',  ( 0.1345056672962716970, 15.19481306604519943, 21.56101271475020198 ) ) ;
#2091 = DIRECTION ( 'NONE',  ( 0.000000000000000000, -1.000000000000000000, 0.000000000000000000 ) ) ;
#2092 = CARTESIAN_POINT ( 'NONE',  ( 5.932638115201810614, 16.71383033581603073, 15.39655172413793238 ) ) ;
#2093 = CARTESIAN_POINT ( 'NONE',  ( -0.06442046794356781625, 24.81262443683301555, -23.63616237009465593 ) ) ;
#2094 = CARTESIAN_POINT ( 'NONE',  ( -23.79750887671247739, 13.69406821875828584, 0.5968954882812369522 ) ) ;
#2095 = CARTESIAN_POINT ( 'NONE',  ( 0.5973476245491632364, 8.589055468604222199, -24.64789001157193127 ) ) ;
#2096 = CARTESIAN_POINT ( 'NONE',  ( 25.83583929435548754, 7.966970875740257974, 0.06449212381412822159 ) ) ;
#2097 = CARTESIAN_POINT ( 'NONE',  ( -26.22543006124312015, 7.000345051182263134, 0.08274577012431875989 ) ) ;
#2098 = CARTESIAN_POINT ( 'NONE',  ( 23.68331112769830682, 24.81894219465469931, 0.0001611437238431441814 ) ) ;
#2099 = ORIENTED_EDGE ( 'NONE', *, *, #5362, .T. ) ;
#2100 = CARTESIAN_POINT ( 'NONE',  ( -0.08274577012455330838, 7.000345051182263134, -26.22543006124312015 ) ) ;
#2101 = CARTESIAN_POINT ( 'NONE',  ( -25.49625937688432131, 7.791253347708305910, 0.2824084758484360913 ) ) ;
#2102 = CARTESIAN_POINT ( 'NONE',  ( 5.213530464874319037, 21.71383033581603073, 13.53030303030303116 ) ) ;
#2103 = CARTESIAN_POINT ( 'NONE',  ( -0.3432854465633417007, 11.64057450394222393, 24.54836375635147405 ) ) ;
#2104 = CARTESIAN_POINT ( 'NONE',  ( 0.7320015624597111525, 7.052199704230885047, -24.50375042370848533 ) ) ;
#2105 = CARTESIAN_POINT ( 'NONE',  ( 26.20388907329695627, 6.913097474779760887, -0.03285360840077581474 ) ) ;
#2106 = ORIENTED_EDGE ( 'NONE', *, *, #5362, .F. ) ;
#2107 = CARTESIAN_POINT ( 'NONE',  ( 23.60399097478694586, 19.63555599887666503, 0.06767424324281889891 ) ) ;
#2108 = CARTESIAN_POINT ( 'NONE',  ( -0.5782821415566574696, 17.46943243036582416, -23.33455418227016054 ) ) ;
#2109 = CARTESIAN_POINT ( 'NONE',  ( -25.86386124126670083, 6.765518398240584652, 0.2006745012053481603 ) ) ;
#2110 = CARTESIAN_POINT ( 'NONE',  ( 0.2013877778429239707, 21.10681936693828575, -23.52036199521375082 ) ) ;
#2111 = CARTESIAN_POINT ( 'NONE',  ( -14.31270730586851592, 16.71383033581603073, -4.250067792777512565 ) ) ;
#2112 = CARTESIAN_POINT ( 'NONE',  ( -0.5973327016275417067, 8.205635061036257838, 24.70178025549085987 ) ) ;
#2113 = CARTESIAN_POINT ( 'NONE',  ( 0.6653540681678647983, 24.88042045924114376, 22.49325709743559543 ) ) ;
#2114 = CIRCLE ( 'NONE', #1767, 2.000000000000000000 ) ;
#2115 = CARTESIAN_POINT ( 'NONE',  ( 0.07458206887665236318, 7.113279477039616161, 26.16154146988298379 ) ) ;
#2116 = CARTESIAN_POINT ( 'NONE',  ( 25.03608985955855815, 10.45652313837408620, 0.1198193064577224576 ) ) ;
#2117 = CARTESIAN_POINT ( 'NONE',  ( -26.05678570638733760, 7.298425637444959868, -0.2847007406015343300 ) ) ;
#2118 = CARTESIAN_POINT ( 'NONE',  ( -25.90340305070060367, 7.820591540408205589, 0.03608899258388462150 ) ) ;
#2119 = CARTESIAN_POINT ( 'NONE',  ( 0.6648694252642857183, 11.57217131349069383, -24.03794472140499749 ) ) ;
#2120 = CARTESIAN_POINT ( 'NONE',  ( -0.3122745901289851744, 7.382753673979747688, -26.01010752451652408 ) ) ;
#2121 = CARTESIAN_POINT ( 'NONE',  ( 0.5977251723707410758, 6.737897070245309372, 24.89646715660834886 ) ) ;
#2122 = CARTESIAN_POINT ( 'NONE',  ( -22.77658375969557270, 22.48369338252528493, 0.6652005728010809138 ) ) ;
#2123 = CIRCLE ( 'NONE', #6191, 23.70630274524081571 ) ;
#2124 = ADVANCED_FACE ( 'NONE', ( #4300 ), #6519, .F. ) ;
#2125 = ORIENTED_EDGE ( 'NONE', *, *, #4105, .F. ) ;
#2126 = AXIS2_PLACEMENT_3D ( 'NONE', #169, #4569, #752 ) ;
#2127 = CARTESIAN_POINT ( 'NONE',  ( -24.79185351455303277, 10.66973912325746099, 0.3143436167093388578 ) ) ;
#2128 = CARTESIAN_POINT ( 'NONE',  ( -13.87636891837408015, 25.29851411752938617, 23.79333001660791780 ) ) ;
#2129 = CARTESIAN_POINT ( 'NONE',  ( -23.69095790871188001, 25.22791142343937665, -0.1413806469544671984 ) ) ;
#2130 = CARTESIAN_POINT ( 'NONE',  ( 0.2248177950758292465, 22.56128296794769739, 23.46488273314086115 ) ) ;
#2131 = CARTESIAN_POINT ( 'NONE',  ( -0.5983545011988066209, 24.68213970766165488, -22.66242094508844929 ) ) ;
#2132 = CARTESIAN_POINT ( 'NONE',  ( -23.70592095676091660, 15.47833488179401229, -0.4711630411555478570 ) ) ;
#2133 = CIRCLE ( 'NONE', #6903, 2.000000000000000000 ) ;
#2134 = CARTESIAN_POINT ( 'NONE',  ( -0.6647077756579399255, 8.186439197229763209, -24.55845388342691038 ) ) ;
#2135 = CARTESIAN_POINT ( 'NONE',  ( 25.54867900732425312, 8.319133486343865513, -0.2001677424073611822 ) ) ;
#2136 = ORIENTED_EDGE ( 'NONE', *, *, #2172, .F. ) ;
#2137 = CARTESIAN_POINT ( 'NONE',  ( -26.24449375295276354, 6.967183171909313799, -0.02287451307512414558 ) ) ;
#2138 = CARTESIAN_POINT ( 'NONE',  ( 23.75517194360516271, 25.49142070407114247, -0.0005796074573238465394 ) ) ;
#2139 = CARTESIAN_POINT ( 'NONE',  ( -23.61573200720687282, 24.86819982968093967, 0.3081481946205748002 ) ) ;
#2140 = CARTESIAN_POINT ( 'NONE',  ( 0.04121626037786437630, 7.046335592041640616, -26.19938379298421793 ) ) ;
#2141 = CARTESIAN_POINT ( 'NONE',  ( -25.60013984314105073, 8.716670234896291447, 0.02033461972492211015 ) ) ;
#2142 = CARTESIAN_POINT ( 'NONE',  ( 26.22543059861293813, 7.000345051182263134, 0.08257528058652605085 ) ) ;
#2143 = CARTESIAN_POINT ( 'NONE',  ( -0.003329870674069737926, 11.66539603197888297, 24.73356538167448093 ) ) ;
#2144 = CARTESIAN_POINT ( 'NONE',  ( -0.02181422933146442630, 7.267797100435309687, -26.11253761290343789 ) ) ;
#2145 = CARTESIAN_POINT ( 'NONE',  ( 25.98545889210207704, 7.250766467301382079, 0.09613263230436139284 ) ) ;
#2146 = ORIENTED_EDGE ( 'NONE', *, *, #3463, .F. ) ;
#2147 = CARTESIAN_POINT ( 'NONE',  ( 23.52036199521375082, 21.10681936693828575, 0.2013877778430060994 ) ) ;
#2148 = CARTESIAN_POINT ( 'NONE',  ( 23.65530898040593755, 24.58861619597569614, -0.02991134302442750512 ) ) ;
#2149 = CARTESIAN_POINT ( 'NONE',  ( -25.98298445037772098, 7.250436563937832979, 0.09704650002946413334 ) ) ;
#2150 = CARTESIAN_POINT ( 'NONE',  ( -0.1159648426951013639, 21.11148916428295053, -23.55518833206853913 ) ) ;
#2151 = DIRECTION ( 'NONE',  ( 0.000000000000000000, 0.000000000000000000, -1.000000000000000000 ) ) ;
#2152 = CARTESIAN_POINT ( 'NONE',  ( -0.02186269568494456084, 7.969943044172471680, 25.85801549978345548 ) ) ;
#2153 = CARTESIAN_POINT ( 'NONE',  ( 0.09684916225521304767, 25.24471786377320726, 23.56298855524682878 ) ) ;
#2154 = CARTESIAN_POINT ( 'NONE',  ( 1.047313679751028515, 19.08876384653069280, 22.99459875241451456 ) ) ;
#2155 = CARTESIAN_POINT ( 'NONE',  ( 24.10452945826783377, 10.33169379640550112, -0.7315803498333869337 ) ) ;
#2156 = VERTEX_POINT ( 'NONE', #485 ) ;
#2157 = CARTESIAN_POINT ( 'NONE',  ( 1.113475797766807274, 17.51210961875328564, -23.04112429403328477 ) ) ;
#2158 = CARTESIAN_POINT ( 'NONE',  ( -25.61764026505172609, 8.540399505037481021, 0.09526019275079013193 ) ) ;
#2159 = CARTESIAN_POINT ( 'NONE',  ( 0.7321455638237873709, 12.77844399097735639, -23.71602885648926318 ) ) ;
#2160 = CARTESIAN_POINT ( 'NONE',  ( -0.5498994020005605332, 23.81309841427832907, -23.41733338334101333 ) ) ;
#2161 = CARTESIAN_POINT ( 'NONE',  ( 0.7314763317371959506, 6.693162885244642979, 24.56264182084949965 ) ) ;
#2162 = CARTESIAN_POINT ( 'NONE',  ( -23.56604639035683491, 22.58948291319801882, 0.09524634452442523602 ) ) ;
#2163 = CARTESIAN_POINT ( 'NONE',  ( -26.14852051369937769, 7.135210434213155928, 0.2026676430431256226 ) ) ;
#2164 = CARTESIAN_POINT ( 'NONE',  ( 23.68079833071280405, 25.17760779715608521, 0.07058210693726008067 ) ) ;
#2165 = CARTESIAN_POINT ( 'NONE',  ( -23.65581852194129553, 24.59091020607658962, -0.03029884817288161156 ) ) ;
#2166 = CARTESIAN_POINT ( 'NONE',  ( 0.3420363585330603029, 21.39714921977950723, 23.36554985684524510 ) ) ;
#2167 = CARTESIAN_POINT ( 'NONE',  ( 0.6639288098388800297, 24.66206838846207461, -22.51272674434845911 ) ) ;
#2168 = CARTESIAN_POINT ( 'NONE',  ( -23.79853001224962838, 13.69419459041779241, -0.5981539729228634306 ) ) ;
#2169 = CARTESIAN_POINT ( 'NONE',  ( -0.4702162751752018699, 8.882198178807502842, -24.89194405326373527 ) ) ;
#2170 = CARTESIAN_POINT ( 'NONE',  ( 24.65567436583116390, 8.590109105753269247, -0.5977431442588830857 ) ) ;
#2171 = CARTESIAN_POINT ( 'NONE',  ( -0.1003462263042207842, 7.187471910707153633, 26.11996780347742231 ) ) ;
#2172 = EDGE_CURVE ( 'NONE', #3216, #2564, #2235, .T. ) ;
#2173 = CARTESIAN_POINT ( 'NONE',  ( 23.66442441172602429, 25.25830997827281621, 0.03207763491567427322 ) ) ;
#2174 = EDGE_LOOP ( 'NONE', ( #6541, #2021, #6612, #491 ) ) ;
#2175 = CARTESIAN_POINT ( 'NONE',  ( -23.71344962850107763, 25.33192265493063644, 0.02149684295677340568 ) ) ;
#2176 = B_SPLINE_CURVE_WITH_KNOTS ( 'NONE', 3,
 ( #7175, #2765, #2328, #1677 ),
 .UNSPECIFIED., .F., .F.,
 ( 4, 4 ),
 ( 0.000000000000000000, 1.000000000000000000 ),
 .UNSPECIFIED. ) ;
#2177 = CARTESIAN_POINT ( 'NONE',  ( -25.58856364916751147, 8.715119308304686285, 0.06361746873084071774 ) ) ;
#2178 = CARTESIAN_POINT ( 'NONE',  ( 0.06062956533892098487, 13.75793929343396726, 24.27416431861681900 ) ) ;
#2179 = CARTESIAN_POINT ( 'NONE',  ( -0.4704027393320082684, 7.300566345112169842, -25.14134197185263631 ) ) ;
#2180 = CARTESIAN_POINT ( 'NONE',  ( 26.20138836287098272, 7.116790085332270088, -0.0006661943232603943083 ) ) ;
#2181 = ORIENTED_EDGE ( 'NONE', *, *, #6498, .T. ) ;
#2182 = CARTESIAN_POINT ( 'NONE',  ( 23.58105867696414393, 22.59149402003624729, -0.01947674890392816702 ) ) ;
#2183 = CARTESIAN_POINT ( 'NONE',  ( 23.70617843559686122, 25.29851411752999724, -0.07677127596705181356 ) ) ;
#2184 = CARTESIAN_POINT ( 'NONE',  ( -26.14444029419588134, 7.109158853622679963, 0.03269897051721274567 ) ) ;
#2185 = CARTESIAN_POINT ( 'NONE',  ( 0.09733253175429790183, 23.47747213205381911, -23.58147520968435273 ) ) ;
#2186 = CARTESIAN_POINT ( 'NONE',  ( 5.213530464874337689, 23.71383033581603073, 13.53030303030306314 ) ) ;
#2187 = CARTESIAN_POINT ( 'NONE',  ( 0.5977431442591414346, 8.590109105753269247, 24.65567436583115679 ) ) ;
#2188 = CARTESIAN_POINT ( 'NONE',  ( 0.06442046794373287866, 24.81262443683301555, 23.63616237009465593 ) ) ;
#2189 = CARTESIAN_POINT ( 'NONE',  ( -14.28941916244323451, 21.71383033581603073, -8.250000000000007105 ) ) ;
#2190 = CARTESIAN_POINT ( 'NONE',  ( 24.28927052359642147, 12.85526651923222197, 0.3437400504577746152 ) ) ;
#2191 = EDGE_LOOP ( 'NONE', ( #1854, #935, #2806 ) ) ;
#2192 = CARTESIAN_POINT ( 'NONE',  ( 0.2029343658335614753, 7.135632570699657506, -26.14828135313302937 ) ) ;
#2193 = CARTESIAN_POINT ( 'NONE',  ( -23.67297767626811122, 24.81666787961527021, 0.01458052472199654163 ) ) ;
#2194 = CARTESIAN_POINT ( 'NONE',  ( 0.004452513533565505971, 15.51525805920044832, -23.98141953692598705 ) ) ;
#2195 = CARTESIAN_POINT ( 'NONE',  ( -1.103267434610136322, 14.32464713975442017, -23.44882577916023791 ) ) ;
#2196 = CARTESIAN_POINT ( 'NONE',  ( -0.1174654872059941041, 6.988443162784323981, 26.00489390083248864 ) ) ;
#2197 = CARTESIAN_POINT ( 'NONE',  ( -23.56407815619405710, 21.70329441926241643, -0.06659906677902041605 ) ) ;
#2198 = CARTESIAN_POINT ( 'NONE',  ( 0.5977788072839490541, 21.03960430286505101, 23.01873576310479663 ) ) ;
#2199 = CARTESIAN_POINT ( 'NONE',  ( -25.87365432505829332, 7.632600178591298246, 0.3883184372145328522 ) ) ;
#2200 = CARTESIAN_POINT ( 'NONE',  ( 23.69954260084441344, 25.26781905911014192, 0.1137050485179215420 ) ) ;
#2201 = CARTESIAN_POINT ( 'NONE',  ( -23.61837502333770900, 24.20410276270475691, -0.06427893883873410374 ) ) ;
#2202 = CARTESIAN_POINT ( 'NONE',  ( 0.02991134302525515903, 24.58861619597466230, 23.65530898040560714 ) ) ;
#2203 = CARTESIAN_POINT ( 'NONE',  ( 0.5967868781765426345, 24.89674628543276569, -22.61516660719676608 ) ) ;
#2204 = CARTESIAN_POINT ( 'NONE',  ( -23.71872520189020861, 12.77881814364750923, 0.7312921627918060885 ) ) ;
#2205 = CARTESIAN_POINT ( 'NONE',  ( -0.09491000373657550171, 10.12568318700645698, -25.13964492298563869 ) ) ;
#2206 = CARTESIAN_POINT ( 'NONE',  ( 25.72518205481525300, 8.342784406471292158, 0.02224795058680884355 ) ) ;
#2207 = CARTESIAN_POINT ( 'NONE',  ( 22.44890342367204994, 25.09541457462836789, 0.6639591169784767599 ) ) ;
#2208 = ORIENTED_EDGE ( 'NONE', *, *, #2710, .F. ) ;
#2209 = DIRECTION ( 'NONE',  ( 0.000000000000000000, 1.000000000000000000, 0.000000000000000000 ) ) ;
#2210 = CARTESIAN_POINT ( 'NONE',  ( -25.72372978188224124, 8.342590260824234605, 0.03151080081379108860 ) ) ;
#2211 = CARTESIAN_POINT ( 'NONE',  ( 0.6641768490191981567, 12.79433690026907655, 23.83453405632963396 ) ) ;
#2212 = CARTESIAN_POINT ( 'NONE',  ( 0.2813415315285393015, 7.418929758907623295, -25.57019936145555050 ) ) ;
#2213 = EDGE_CURVE ( 'NONE', #3502, #6462, #363, .T. ) ;
#2214 = CARTESIAN_POINT ( 'NONE',  ( 24.85439492244316995, 7.099200616832074928, -0.5977512566125778859 ) ) ;
#2215 = EDGE_LOOP ( 'NONE', ( #840, #3726, #6586 ) ) ;
#2216 = CARTESIAN_POINT ( 'NONE',  ( 23.57416520514342295, 22.59056948887761962, 0.06601226170506141466 ) ) ;
#2217 = CARTESIAN_POINT ( 'NONE',  ( 23.61786103646781854, 24.19919223856551582, -0.06445335152995788908 ) ) ;
#2218 = CARTESIAN_POINT ( 'NONE',  ( -24.51892877107432511, 6.891320162715942388, -0.7320295656993678346 ) ) ;
#2219 = CARTESIAN_POINT ( 'NONE',  ( 0.001312319751854010199, 23.48133313654822629, -23.61028062035620678 ) ) ;
#2220 = CARTESIAN_POINT ( 'NONE',  ( -1.036935471241193785, 12.77446596992883343, 23.80971278096226840 ) ) ;
#2221 = CARTESIAN_POINT ( 'NONE',  ( -0.7990967170925129537, 8.783002064069046710, 24.15180321611012459 ) ) ;
#2222 = FACE_OUTER_BOUND ( 'NONE', #1544, .T. ) ;
#2223 = CARTESIAN_POINT ( 'NONE',  ( 26.01010752451045605, 7.382753673990729126, -0.3122745901324839868 ) ) ;
#2224 = CARTESIAN_POINT ( 'NONE',  ( 23.58112784267965623, 13.66507254661889270, -0.7311975928874516750 ) ) ;
#2225 = VERTEX_POINT ( 'NONE', #4484 ) ;
#2226 = CARTESIAN_POINT ( 'NONE',  ( 0.2840014197612759084, 8.375182001899849737, -25.49376109765579912 ) ) ;
#2227 = DIRECTION ( 'NONE',  ( -0.000000000000000000, 1.000000000000000000, -0.000000000000000000 ) ) ;
#2228 = CARTESIAN_POINT ( 'NONE',  ( -0.01731246916119736495, 13.75851190219442088, -24.27844008621261551 ) ) ;
#2229 = CARTESIAN_POINT ( 'NONE',  ( -0.4462519295377066486, 24.30757126057403639, -23.50710892674904429 ) ) ;
#2230 = CARTESIAN_POINT ( 'NONE',  ( 0.02189888665615968150, 7.110135863769351694, 26.15173167059714743 ) ) ;
#2231 = CARTESIAN_POINT ( 'NONE',  ( -22.59760858966880548, 21.57377309051188519, -0.7984718236125394331 ) ) ;
#2232 = CARTESIAN_POINT ( 'NONE',  ( 0.6653032530347794404, 23.35713875640724169, 22.68347052707506606 ) ) ;
#2233 = AXIS2_PLACEMENT_3D ( 'NONE', #1919, #4245, #3157 ) ;
#2234 = CARTESIAN_POINT ( 'NONE',  ( -26.19939777963007188, 7.046310596865659193, 0.04137760642297726860 ) ) ;
#2235 = CIRCLE ( 'NONE', #727, 22.05661753709545181 ) ;
#2236 = DIRECTION ( 'NONE',  ( 0.000000000000000000, 0.000000000000000000, 1.000000000000000000 ) ) ;
#2237 = FACE_OUTER_BOUND ( 'NONE', #3223, .T. ) ;
#2238 = CARTESIAN_POINT ( 'NONE',  ( 0.3056348542721926131, 24.87585944623545942, 23.61729062999341977 ) ) ;
#2239 = CARTESIAN_POINT ( 'NONE',  ( 0.05531932264406742850, 25.31149135255060401, -23.70900284389027490 ) ) ;
#2240 = CARTESIAN_POINT ( 'NONE',  ( -23.69224859034769892, 13.67995141347569721, -0.6651793779589442179 ) ) ;
#2241 = EDGE_CURVE ( 'NONE', #1845, #43, #5477, .T. ) ;
#2242 = CARTESIAN_POINT ( 'NONE',  ( 0.06633442934216278453, 10.12717463834284182, -25.15078501044670389 ) ) ;
#2243 = AXIS2_PLACEMENT_3D ( 'NONE', #3601, #185, #4549 ) ;
#2244 = CARTESIAN_POINT ( 'NONE',  ( 25.71269032620111972, 8.341111166715036163, -0.06396187914466995583 ) ) ;
#2245 = CARTESIAN_POINT ( 'NONE',  ( 23.56255549123032367, 25.24465813719472607, 0.09634360953538161076 ) ) ;
#2246 = ORIENTED_EDGE ( 'NONE', *, *, #148, .F. ) ;
#2247 = CARTESIAN_POINT ( 'NONE',  ( -23.70617828429515583, 25.29851411751397094, -0.07681798113157257968 ) ) ;
#2248 = CARTESIAN_POINT ( 'NONE',  ( -25.60183553784818145, 8.716897284040454608, -0.001123063372706874577 ) ) ;
#2249 = CIRCLE ( 'NONE', #3755, 6.000000000000000000 ) ;
#2250 = CARTESIAN_POINT ( 'NONE',  ( -0.03655762309520362713, 15.51502574664781697, 23.97968806693698340 ) ) ;
#2251 = CARTESIAN_POINT ( 'NONE',  ( -0.1183354922050155883, 7.647302231034047715, -25.84820727952780217 ) ) ;
#2252 = VECTOR ( 'NONE', #2077, 1000.000000000000000 ) ;
#2253 = CARTESIAN_POINT ( 'NONE',  ( 25.18577218306640475, 6.980693230296439289, -0.4704127533986716125 ) ) ;
#2254 = CARTESIAN_POINT ( 'NONE',  ( 23.57768716554384270, 22.59104174025279121, 0.03410169209194402473 ) ) ;
#2255 = EDGE_CURVE ( 'NONE', #7137, #2399, #493, .T. ) ;
#2256 = CARTESIAN_POINT ( 'NONE',  ( -25.98262308777554352, 7.087472693424493819, -0.1175078405309335633 ) ) ;
#2257 = CARTESIAN_POINT ( 'NONE',  ( 0.3419883104948428509, 23.43593196171751813, -23.27150906946479125 ) ) ;
#2258 = CARTESIAN_POINT ( 'NONE',  ( -0.7807557213866589407, 22.25534417231441964, 23.18663015920850512 ) ) ;
#2259 = CARTESIAN_POINT ( 'NONE',  ( 0.4703185701755372428, 8.245375874546866157, 24.99826538869865900 ) ) ;
#2260 = CARTESIAN_POINT ( 'NONE',  ( -0.4704115492558590406, 6.679940596456324542, -25.22524272223600761 ) ) ;
#2261 = CARTESIAN_POINT ( 'NONE',  ( 14.32435137758115573, 21.71383033581603073, -2.250101689166259522 ) ) ;
#2262 = CARTESIAN_POINT ( 'NONE',  ( 24.43561583374589574, 12.87487995174144828, 0.1211145350148198213 ) ) ;
#2263 = ORIENTED_EDGE ( 'NONE', *, *, #6638, .F. ) ;
#2264 = CARTESIAN_POINT ( 'NONE',  ( 0.1501895119481992669, 7.062379824703678644, -26.18990815697839736 ) ) ;
#2265 = EDGE_CURVE ( 'NONE', #4541, #6282, #1878, .T. ) ;
#2266 = CARTESIAN_POINT ( 'NONE',  ( 25.90375285541915318, 7.820135334445772024, 0.03571912036558515247 ) ) ;
#2267 = CARTESIAN_POINT ( 'NONE',  ( 0.5982878403835059089, 15.45566802715143240, -23.53678407798190264 ) ) ;
#2268 = CARTESIAN_POINT ( 'NONE',  ( -0.5470769471610977819, 23.82847848601235086, -23.41996913884061016 ) ) ;
#2269 = CARTESIAN_POINT ( 'NONE',  ( -0.06404426376969861445, 7.416397381042920678, 26.00573426165161095 ) ) ;
#2270 = CARTESIAN_POINT ( 'NONE',  ( -22.55009371250978489, 23.33926574707155055, 0.7323361534093070224 ) ) ;
#2271 = CARTESIAN_POINT ( 'NONE',  ( -0.09733253175413322800, 23.47747213205381911, 23.58147520968435273 ) ) ;
#2272 = CARTESIAN_POINT ( 'NONE',  ( -26.05922086546116390, 7.294053595562995262, 0.2828522058055982225 ) ) ;
#2273 = PLANE ( 'NONE',  #1419 ) ;
#2274 = CARTESIAN_POINT ( 'NONE',  ( 23.70032979521118222, 25.26886925573538889, -0.02777569099721113877 ) ) ;
#2275 = CARTESIAN_POINT ( 'NONE',  ( 0.3418128466573968627, 25.39698637874890252, -23.05050406096124149 ) ) ;
#2276 = CARTESIAN_POINT ( 'NONE',  ( -23.98080404663674159, 15.51517576642971008, 0.01701023693184793711 ) ) ;
#2277 = CARTESIAN_POINT ( 'NONE',  ( 26.18902463074321219, 7.063926764030398431, 0.1515241026400508950 ) ) ;
#2278 = CARTESIAN_POINT ( 'NONE',  ( 0.2821260870254870268, 9.518256390097215913, -25.12265844291206562 ) ) ;
#2279 = CARTESIAN_POINT ( 'NONE',  ( 24.44873657791216814, 7.781094610509199150, -0.7316137829676974125 ) ) ;
#2280 = CARTESIAN_POINT ( 'NONE',  ( 22.79951389652942240, 25.36335050330668039, 0.4693216294199222816 ) ) ;
#2281 = CARTESIAN_POINT ( 'NONE',  ( 25.49662403993645299, 8.840476322015000221, 0.1245735578927820719 ) ) ;
#2282 = DIRECTION ( 'NONE',  ( 0.000000000000000000, 0.000000000000000000, 1.000000000000000000 ) ) ;
#2283 = EDGE_CURVE ( 'NONE', #3302, #2333, #6785, .T. ) ;
#2284 = CARTESIAN_POINT ( 'NONE',  ( -24.70178025549085277, 8.205635061036257838, -0.5973327016278003887 ) ) ;
#2285 = CARTESIAN_POINT ( 'NONE',  ( 0.06032762011223483101, 15.51461135629530297, 23.97658945902020733 ) ) ;
#2286 = CARTESIAN_POINT ( 'NONE',  ( -0.4703996924030319771, 7.360319483669307772, -25.13278710749235145 ) ) ;
#2287 = CARTESIAN_POINT ( 'NONE',  ( 26.11253761290343789, 7.267797100435309687, -0.02181422933137325618 ) ) ;
#2288 = ORIENTED_EDGE ( 'NONE', *, *, #4325, .F. ) ;
#2289 = CARTESIAN_POINT ( 'NONE',  ( -23.61631663925311386, 25.47281350654261090, 0.06473101276624385059 ) ) ;
#2290 = CARTESIAN_POINT ( 'NONE',  ( 24.41294492788196280, 10.92674450038752454, -0.5486574096755008068 ) ) ;
#2291 = CARTESIAN_POINT ( 'NONE',  ( -24.38428718697385378, 6.771276478918072605, 0.7983603575096653859 ) ) ;
#2292 = CARTESIAN_POINT ( 'NONE',  ( 0.03410169209186170863, 22.59104174025279121, -23.57768716554384270 ) ) ;
#2293 = DIRECTION ( 'NONE',  ( 0.000000000000000000, 0.000000000000000000, 1.000000000000000000 ) ) ;
#2294 = CARTESIAN_POINT ( 'NONE',  ( -0.02260043525296199368, 8.716561895866906440, 25.59933419954154132 ) ) ;
#2295 = CARTESIAN_POINT ( 'NONE',  ( 0.6647463861249434114, 6.612208790073230702, -24.71988689090627389 ) ) ;
#2296 = DIRECTION ( 'NONE',  ( 1.000000000000000000, -1.734723475976808357E-14, -1.053242938336770325E-27 ) ) ;
#2297 = CARTESIAN_POINT ( 'NONE',  ( 24.12180956079028249, 13.73751895103514542, 0.3439747140915442314 ) ) ;
#2298 = VERTEX_POINT ( 'NONE', #1347 ) ;
#2299 = CARTESIAN_POINT ( 'NONE',  ( 0.6045928000596548779, 8.680779457202183025, -25.33951835331521352 ) ) ;
#2300 = DIRECTION ( 'NONE',  ( 0.000000000000000000, -1.000000000000000000, 0.000000000000000000 ) ) ;
#2301 = CARTESIAN_POINT ( 'NONE',  ( -0.1147376738224923365, 13.75613053300601862, -24.26066340264916121 ) ) ;
#2302 = CARTESIAN_POINT ( 'NONE',  ( -0.1542633625217403603, 24.82480737060302545, -23.60908864355953085 ) ) ;
#2303 = CARTESIAN_POINT ( 'NONE',  ( -0.02111248254585093923, 7.267927093616806111, 26.11351045754665989 ) ) ;
#2304 = CARTESIAN_POINT ( 'NONE',  ( -23.62990370243103300, 24.29552730045480757, -0.06471709538336795076 ) ) ;
#2305 = CARTESIAN_POINT ( 'NONE',  ( -0.7983105345106659145, 23.31940487878325285, 22.40198748716097299 ) ) ;
#2306 = EDGE_CURVE ( 'NONE', #3398, #505, #378, .T. ) ;
#2307 = EDGE_LOOP ( 'NONE', ( #1134, #5875, #3450, #5957 ) ) ;
#2308 = DIRECTION ( 'NONE',  ( 0.000000000000000000, 0.000000000000000000, 1.000000000000000000 ) ) ;
#2309 = CARTESIAN_POINT ( 'NONE',  ( -3.475686976582879506, 16.71383033581603073, 14.52020202020202078 ) ) ;
#2310 = CARTESIAN_POINT ( 'NONE',  ( -24.54600598151474955, 6.588906719789394018, -0.7320889084268363822 ) ) ;
#2311 = CARTESIAN_POINT ( 'NONE',  ( -0.02179375170307688847, 25.48423663074794376, -23.70156137903226323 ) ) ;
#2312 = CARTESIAN_POINT ( 'NONE',  ( -23.70018314824199379, 18.16597539994165800, -0.02560035261717965790 ) ) ;
#2313 = DIRECTION ( 'NONE',  ( -0.000000000000000000, -1.000000000000000000, -0.000000000000000000 ) ) ;
#2314 = CARTESIAN_POINT ( 'NONE',  ( 25.02193347005049162, 9.504757882410084235, 0.3424031316378665091 ) ) ;
#2315 = DIRECTION ( 'NONE',  ( 0.000000000000000000, 0.000000000000000000, -1.000000000000000000 ) ) ;
#2316 = CARTESIAN_POINT ( 'NONE',  ( -5.213530464874627235, 21.71383033581603073, 13.53030303030357295 ) ) ;
#2317 = CARTESIAN_POINT ( 'NONE',  ( 0.000000000000000000, 25.29851411751397094, 0.000000000000000000 ) ) ;
#2318 = CARTESIAN_POINT ( 'NONE',  ( -25.33011407643686042, 9.546059335168482818, -0.03396763369684742406 ) ) ;
#2319 = CARTESIAN_POINT ( 'NONE',  ( -0.06816538749196197899, 13.75790599920574309, 24.27392428904735766 ) ) ;
#2320 = EDGE_CURVE ( 'NONE', #121, #3388, #5487, .T. ) ;
#2321 = CARTESIAN_POINT ( 'NONE',  ( -0.5977674809326064542, 7.507372934299196388, -24.80399192107302397 ) ) ;
#2322 = CARTESIAN_POINT ( 'NONE',  ( 25.88461311594566538, 7.652179033567722222, 0.09635304106266566471 ) ) ;
#2323 = ORIENTED_EDGE ( 'NONE', *, *, #6299, .T. ) ;
#2324 = CARTESIAN_POINT ( 'NONE',  ( -22.41527803036351685, 25.31185801324562945, -0.6639823098741777230 ) ) ;
#2325 = CARTESIAN_POINT ( 'NONE',  ( 22.85596583769793710, 21.60840791976530895, -0.6650334780821576253 ) ) ;
#2326 = CARTESIAN_POINT ( 'NONE',  ( 24.03177975971226488, 12.04996996080316585, -0.6411008583719285392 ) ) ;
#2327 = CARTESIAN_POINT ( 'NONE',  ( -26.04804540878208385, 7.422067705930564863, -0.03195172945137420006 ) ) ;
#2328 = CARTESIAN_POINT ( 'NONE',  ( 26.24449375295684561, 6.967183171902921579, 0.02287451293446882486 ) ) ;
#2329 = CARTESIAN_POINT ( 'NONE',  ( 0.6647077756581114549, 8.186439197229763209, 24.55845388342690683 ) ) ;
#2330 = CARTESIAN_POINT ( 'NONE',  ( -0.2006745012054384769, 6.765518398240584652, -25.86386124126670083 ) ) ;
#2331 = CARTESIAN_POINT ( 'NONE',  ( 2.571758278209441661E-15, 0.7991967808059080580, 21.00000000000000000 ) ) ;
#2332 = CARTESIAN_POINT ( 'NONE',  ( 24.14080721091469073, 12.83537009432394882, 0.4707678675190932194 ) ) ;
#2333 = VERTEX_POINT ( 'NONE', #1960 ) ;
#2334 = CARTESIAN_POINT ( 'NONE',  ( 0.4457516831984430494, 24.31149504037475140, -23.50782855328538901 ) ) ;
#2335 = CARTESIAN_POINT ( 'NONE',  ( 0.06789099173955485955, 12.87678857033263213, -24.44985489748445673 ) ) ;
#2336 = CARTESIAN_POINT ( 'NONE',  ( -0.01175736521485045739, 24.85281979411998066, -23.67547292985495844 ) ) ;
#2337 = CARTESIAN_POINT ( 'NONE',  ( -0.03195172945110136276, 7.422067705930564863, 26.04804540878208385 ) ) ;
#2338 = CARTESIAN_POINT ( 'NONE',  ( -23.61479695135507484, 23.77724585500357790, -0.03320829162575328342 ) ) ;
#2339 = CARTESIAN_POINT ( 'NONE',  ( -0.03342517315097293107, 23.48087961056770467, 23.60689840630316993 ) ) ;
#2340 = CARTESIAN_POINT ( 'NONE',  ( -0.5448132774735757744, 21.45128521617903061, 23.11532449193891381 ) ) ;
#2341 = DIRECTION ( 'NONE',  ( -0.000000000000000000, -1.000000000000000000, -0.000000000000000000 ) ) ;
#2342 = CARTESIAN_POINT ( 'NONE',  ( 0.5498994022594562159, 23.81309841289354168, 23.41733338310188373 ) ) ;
#2343 = CARTESIAN_POINT ( 'NONE',  ( -5.213530464874319037, 16.71383033581603073, 13.53030303030303116 ) ) ;
#2344 = CARTESIAN_POINT ( 'NONE',  ( -0.3432035132356091034, 25.40306210418039967, -23.09579771627772971 ) ) ;
#2345 = CARTESIAN_POINT ( 'NONE',  ( -23.33372472956277122, 17.22501642329921978, 0.5969078494082438180 ) ) ;
#2346 = EDGE_CURVE ( 'NONE', #505, #3216, #1311, .T. ) ;
#2347 = CARTESIAN_POINT ( 'NONE',  ( 0.02975699203829542880, 7.029758081976174466, 26.20914513492689935 ) ) ;
#2348 = AXIS2_PLACEMENT_3D ( 'NONE', #1415, #3631, #870 ) ;
#2349 = CARTESIAN_POINT ( 'NONE',  ( 25.25540690817322798, 8.930903559350452880, -0.2819922561034499120 ) ) ;
#2350 = CARTESIAN_POINT ( 'NONE',  ( 0.000000000000000000, 0.7991967808059080580, 0.000000000000000000 ) ) ;
#2351 = CARTESIAN_POINT ( 'NONE',  ( 25.64039929144482599, 8.481216589632914804, 0.08890389185603274347 ) ) ;
#2352 = CARTESIAN_POINT ( 'NONE',  ( 23.80798759955900579, 1.406610341118329943, 47.61597519911800447 ) ) ;
#2353 = CARTESIAN_POINT ( 'NONE',  ( -25.15653215034265600, 10.12794508227044332, -0.03441342114648178463 ) ) ;
#2354 = CARTESIAN_POINT ( 'NONE',  ( 0.01715360442762844939, 17.28456880317517275, 23.77815593830445806 ) ) ;
#2355 = CARTESIAN_POINT ( 'NONE',  ( -0.2003796066973221046, 7.813390080892396838, -25.66145404216688775 ) ) ;
#2356 = CARTESIAN_POINT ( 'NONE',  ( 25.43040210109819199, 7.400201238903898471, -0.3430020130427994252 ) ) ;
#2357 = ORIENTED_EDGE ( 'NONE', *, *, #1370, .F. ) ;
#2358 = CARTESIAN_POINT ( 'NONE',  ( -22.28609973959541080, 25.29455928545811361, 0.7323099508831134585 ) ) ;
#2359 = CARTESIAN_POINT ( 'NONE',  ( 22.67725751682358748, 23.35629451691783132, 0.6639655575440051027 ) ) ;
#2360 = AXIS2_PLACEMENT_3D ( 'NONE', #2862, #5697, #240 ) ;
#2361 = CARTESIAN_POINT ( 'NONE',  ( 26.11314858699033437, 7.292809587672405058, -0.004692443465704279962 ) ) ;
#2362 = CARTESIAN_POINT ( 'NONE',  ( -24.48199181283924375, 7.273096997234341110, -0.7319673430608555353 ) ) ;
#2363 = LINE ( 'NONE', #3017, #1088 ) ;
#2364 = CARTESIAN_POINT ( 'NONE',  ( -0.7990817187109457986, 10.31139355929532719, 23.95314456448191009 ) ) ;
#2365 = CARTESIAN_POINT ( 'NONE',  ( -0.4693216294196835281, 25.36335050330668039, 22.79951389652942595 ) ) ;
#2366 = FACE_OUTER_BOUND ( 'NONE', #1198, .T. ) ;
#2367 = CARTESIAN_POINT ( 'NONE',  ( 23.70018314824199379, 18.16597539994165800, 0.02560035261717965790 ) ) ;
#2368 = EDGE_LOOP ( 'NONE', ( #2868, #5093, #3701 ) ) ;
#2369 = CARTESIAN_POINT ( 'NONE',  ( -0.3408838064625918651, 18.14602249212617124, -23.55126608590692427 ) ) ;
#2370 = CARTESIAN_POINT ( 'NONE',  ( 14.28941916244324162, 16.71383033581603073, -8.249999999999998224 ) ) ;
#2371 = CARTESIAN_POINT ( 'NONE',  ( 0.09712592062786039315, 7.092625732938900640, 26.02106220171261697 ) ) ;
#2372 = CARTESIAN_POINT ( 'NONE',  ( -23.20290802841371303, 24.23830392021428892, -0.3418159213140274377 ) ) ;
#2373 = CARTESIAN_POINT ( 'NONE',  ( 0.03097909552111891701, 23.48109028788651287, 23.60846631786816019 ) ) ;
#2374 = CARTESIAN_POINT ( 'NONE',  ( -0.9990776438681765459, 19.90477474039263583, 23.00916924264800301 ) ) ;
#2375 = CARTESIAN_POINT ( 'NONE',  ( 0.000000000000000000, 0.03151920426976509426, -22.05661753709546602 ) ) ;
#2376 = CARTESIAN_POINT ( 'NONE',  ( 0.4484066497430297948, 24.29920522643048741, -23.50555498070492177 ) ) ;
#2377 = CARTESIAN_POINT ( 'NONE',  ( -0.6653294796903620467, 25.31393000689831396, -22.43065281674102351 ) ) ;
#2378 = CARTESIAN_POINT ( 'NONE',  ( -23.76124685963886307, 17.28230370025627138, 0.1145828791267956698 ) ) ;
#2379 = CARTESIAN_POINT ( 'NONE',  ( 0.01526239501104578733, 7.013868656656538469, 26.21821422752735486 ) ) ;
#2380 = CARTESIAN_POINT ( 'NONE',  ( 25.48988476680116833, 8.962323901253419933, -0.09581600847968189949 ) ) ;
#2381 = CARTESIAN_POINT ( 'NONE',  ( 0.000000000000000000, 25.71383033581602362, 0.000000000000000000 ) ) ;
#2382 = CARTESIAN_POINT ( 'NONE',  ( -23.04400466019340854, 17.46692828406099807, 1.112160896875103111 ) ) ;
#2383 = CARTESIAN_POINT ( 'NONE',  ( -0.04911442655433675281, 25.31523681395054481, 23.70981806214778231 ) ) ;
#2384 = CARTESIAN_POINT ( 'NONE',  ( -25.51953882336567503, 8.966296938952400097, -0.001350538654008695593 ) ) ;
#2385 = CARTESIAN_POINT ( 'NONE',  ( -0.4704591334757441401, 19.59676521723960718, 23.31455173111038803 ) ) ;
#2386 = CARTESIAN_POINT ( 'NONE',  ( 0.3420013636483212882, 8.281870156103428471, -25.27064706263974614 ) ) ;
#2387 = EDGE_CURVE ( 'NONE', #704, #2445, #5371, .T. ) ;
#2388 = CARTESIAN_POINT ( 'NONE',  ( 26.03897344790741641, 7.481751642388847046, 0.02132585291634944702 ) ) ;
#2389 = ORIENTED_EDGE ( 'NONE', *, *, #4438, .T. ) ;
#2390 = CARTESIAN_POINT ( 'NONE',  ( -23.52171686469536738, 25.23918523544271508, -0.1177978868586003203 ) ) ;
#2391 = CARTESIAN_POINT ( 'NONE',  ( 23.25823117169280962, 23.72946638581008116, -0.3429331117579961230 ) ) ;
#2392 = CARTESIAN_POINT ( 'NONE',  ( 23.27757479438527000, 19.05734663138933271, -0.5175442618243155657 ) ) ;
#2393 = CARTESIAN_POINT ( 'NONE',  ( -25.98923683220028025, 7.475086149843733097, -0.06408457021994912184 ) ) ;
#2394 = CARTESIAN_POINT ( 'NONE',  ( -0.3834979915943650952, 24.58646618236561920, 23.55989248799433611 ) ) ;
#2395 = CARTESIAN_POINT ( 'NONE',  ( 0.7316466198711061297, 9.400244128203619098, 24.24195801845601395 ) ) ;
#2396 = CARTESIAN_POINT ( 'NONE',  ( 0.02102157500938646797, 7.110444402905994110, -26.15403686507685421 ) ) ;
#2397 = CARTESIAN_POINT ( 'NONE',  ( 14.28941916244324162, 23.71383033581603428, -2.249999999999998668 ) ) ;
#2398 = CARTESIAN_POINT ( 'NONE',  ( 23.63137556014587304, 17.26489585364259938, 0.3440873706085221251 ) ) ;
#2399 = VERTEX_POINT ( 'NONE', #1716 ) ;
#2400 = CARTESIAN_POINT ( 'NONE',  ( -0.1300909635884392457, 8.899685846656643307, -25.47435321639041561 ) ) ;
#2401 = CARTESIAN_POINT ( 'NONE',  ( -0.3407140058552027839, 17.26483028007832132, -23.63084146913043782 ) ) ;
#2402 = FACE_OUTER_BOUND ( 'NONE', #2215, .T. ) ;
#2403 = CARTESIAN_POINT ( 'NONE',  ( -0.3418458888833231235, 7.586726827084611102, 25.39621001577420500 ) ) ;
#2404 = CARTESIAN_POINT ( 'NONE',  ( -23.60689840630316993, 23.48087961056770467, -0.03342517315122019161 ) ) ;
#2405 = CARTESIAN_POINT ( 'NONE',  ( -0.02254233294766989221, 23.77823461501660418, 23.62217460465598151 ) ) ;
#2406 = ORIENTED_EDGE ( 'NONE', *, *, #120, .F. ) ;
#2407 = CARTESIAN_POINT ( 'NONE',  ( -0.3412375775131039068, 23.39868173518328831, 23.35719612787091037 ) ) ;
#2408 = DIRECTION ( 'NONE',  ( 0.000000000000000000, 0.000000000000000000, 1.000000000000000000 ) ) ;
#2409 = CARTESIAN_POINT ( 'NONE',  ( -24.40150074176547079, 6.569555228875842090, 0.7983168649140705009 ) ) ;
#2410 = FACE_OUTER_BOUND ( 'NONE', #848, .T. ) ;
#2411 = CARTESIAN_POINT ( 'NONE',  ( -0.7994430908831328120, 6.565271561058697358, 24.36963949165945564 ) ) ;
#2412 = CARTESIAN_POINT ( 'NONE',  ( -23.76680526667268722, 17.28304669078251621, -0.1002503631143879109 ) ) ;
#2413 = CARTESIAN_POINT ( 'NONE',  ( 23.57854575964672605, 24.68212938118071875, 0.3616885988864646517 ) ) ;
#2414 = CARTESIAN_POINT ( 'NONE',  ( 24.37694115682380058, 9.418320753835198289, 0.6646184096521943196 ) ) ;
#2415 =( BOUNDED_CURVE ( )  B_SPLINE_CURVE ( 2, ( #3737, #6497, #1220 ),
 .UNSPECIFIED., .F., .T. ) 
 B_SPLINE_CURVE_WITH_KNOTS ( ( 3, 3 ),
 ( 0.000000000000000000, 1.000000000000000000 ),
 .UNSPECIFIED. ) 
 CURVE ( )  GEOMETRIC_REPRESENTATION_ITEM ( )  RATIONAL_B_SPLINE_CURVE ( ( 1.000000000000000000, 0.9962457246550832091, 1.000000000000000000 ) ) 
 REPRESENTATION_ITEM ( '' )  );
#2416 = CARTESIAN_POINT ( 'NONE',  ( -14.32435137758115395, 21.71383033581603073, -2.250101689166268404 ) ) ;
#2417 = CARTESIAN_POINT ( 'NONE',  ( 25.99088687530998953, 7.421315406818338900, 0.1544308130860288786 ) ) ;
#2418 = CARTESIAN_POINT ( 'NONE',  ( -0.08257528058623775369, 7.000345051182263134, 26.22543059861294168 ) ) ;
#2419 = CARTESIAN_POINT ( 'NONE',  ( -0.3425288425873274645, 22.55723498310291930, -23.32538888713891723 ) ) ;
#2420 = CARTESIAN_POINT ( 'NONE',  ( -25.33228471422860650, 9.546350687901604459, 0.01960517385748943714 ) ) ;
#2421 = CARTESIAN_POINT ( 'NONE',  ( -0.004308539679607978519, 17.28466841740837268, 23.77890068521867661 ) ) ;
#2422 = CARTESIAN_POINT ( 'NONE',  ( 0.06449212381403801597, 7.966970875740257974, -25.83583929435548754 ) ) ;
#2423 = CARTESIAN_POINT ( 'NONE',  ( 25.70791245277533577, 7.628498779188698897, 0.1995118936098378704 ) ) ;
#2424 = VERTEX_POINT ( 'NONE', #6501 ) ;
#2425 = CARTESIAN_POINT ( 'NONE',  ( -22.27220566024767834, 25.29268454336483174, -0.7311803056403375356 ) ) ;
#2426 = B_SPLINE_CURVE_WITH_KNOTS ( 'NONE', 3,
 ( #1817, #3055, #728, #1275 ),
 .UNSPECIFIED., .F., .F.,
 ( 4, 4 ),
 ( 0.5000000000000000000, 1.000000000000000000 ),
 .UNSPECIFIED. ) ;
#2427 = CARTESIAN_POINT ( 'NONE',  ( 22.54156788790022503, 23.33811039573613044, 0.7311289199898911573 ) ) ;
#2428 = CARTESIAN_POINT ( 'NONE',  ( 26.14852051369939900, 7.135210434212913455, -0.2026676430431450238 ) ) ;
#2429 = CARTESIAN_POINT ( 'NONE',  ( 23.68988913174810662, 25.10787863070821047, 0.002177042760115933430 ) ) ;
#2430 = CARTESIAN_POINT ( 'NONE',  ( -24.33960277100829117, 7.254029094438867453, 0.7984483576171053087 ) ) ;
#2431 = LINE ( 'NONE', #1312, #1554 ) ;
#2432 = CARTESIAN_POINT ( 'NONE',  ( -0.2005387699740074359, 9.533114100826573178, 25.23352470279925797 ) ) ;
#2433 = EDGE_CURVE ( 'NONE', #2574, #1752, #6189, .T. ) ;
#2434 = CARTESIAN_POINT ( 'NONE',  ( 0.2812354664434020823, 6.941720884052399398, -25.65625240971314014 ) ) ;
#2435 = B_SPLINE_CURVE_WITH_KNOTS ( 'NONE', 3,
 ( #383, #1585, #7156, #3226, #4309, #4382, #3808, #3260, #4272, #1074, #533, #6531, #4963, #5439, #2605, #6025, #5513, #458, #7043, #2057, #2673, #4891, #1041, #1727, #91, #2376, #5105, #1258, #4528, #6166, #5032, #1181, #3402, #708, #1143, #2781 ),
 .UNSPECIFIED., .F., .F.,
 ( 4, 2, 2, 2, 2, 2, 2, 2, 2, 2, 2, 2, 2, 2, 2, 2, 2, 4 ),
 ( 1.001879220768074450E-18, 0.0001502355170192889815, 0.0003004710340385769330, 0.0006009420680771482282, 0.001201884136154291035, 0.002403768272308575999, 0.004807536544617147661, 0.007211304816925718890, 0.009615073089234291853, 0.01201884136154286915, 0.01442260963385144645, 0.01682637790616002202, 0.01802826204231430807, 0.01832873307635287871, 0.01862920411039145283, 0.01892967514443002347, 0.01907991066144931400, 0.01923014617846860452 ),
 .UNSPECIFIED. ) ;
#2436 = CARTESIAN_POINT ( 'NONE',  ( 14.28941916244324162, 23.71383033581603073, -8.249999999999998224 ) ) ;
#2437 = CARTESIAN_POINT ( 'NONE',  ( 23.97994836036048127, 15.51506119226606728, -0.02784051138381811105 ) ) ;
#2438 = ORIENTED_EDGE ( 'NONE', *, *, #6436, .T. ) ;
#2439 = CARTESIAN_POINT ( 'NONE',  ( 0.4700449676520142561, 22.22709421509327399, -23.19362580534894391 ) ) ;
#2440 = CARTESIAN_POINT ( 'NONE',  ( -0.5970546939575454015, 18.10555286379158701, -23.24925583237745030 ) ) ;
#2441 = CARTESIAN_POINT ( 'NONE',  ( -0.1001974618249387577, 7.186941161973190439, -26.12026480919334048 ) ) ;
#2442 = CARTESIAN_POINT ( 'NONE',  ( -0.5973371274070873316, 7.693713030573178457, 24.76844900908356450 ) ) ;
#2443 = CARTESIAN_POINT ( 'NONE',  ( -23.67309557013028609, 25.03852293393296335, 0.02139111951845001219 ) ) ;
#2444 = CARTESIAN_POINT ( 'NONE',  ( 0.1176632651815970598, 23.77154346488309145, 23.57223456566751807 ) ) ;
#2445 = VERTEX_POINT ( 'NONE', #5414 ) ;
#2446 = CARTESIAN_POINT ( 'NONE',  ( -0.7887373119910691122, 16.71350675397845009, 23.11915282957011186 ) ) ;
#2447 = DIRECTION ( 'NONE',  ( 0.000000000000000000, 0.000000000000000000, 1.000000000000000000 ) ) ;
#2448 = B_SPLINE_CURVE_WITH_KNOTS ( 'NONE', 3,
 ( #4813, #6410, #449, #5285, #5870, #2117, #410, #5430, #1537, #7034, #1503, #956, #1975, #2521, #4338, #3179, #3758, #5394, #3684, #3217, #5322, #5980, #2557, #4775, #6998, #2631, #4847, #997, #2048, #6560, #7071, #1032, #6480, #306, #4228, #4739 ),
 .UNSPECIFIED., .F., .F.,
 ( 4, 2, 2, 2, 2, 2, 2, 2, 2, 2, 2, 2, 2, 2, 2, 2, 2, 4 ),
 ( 3.413327124021328510E-18, 0.0001502355170193540065, 0.0003004710340387045978, 0.0006009420680773988957, 0.001201884136154785431, 0.002403768272309558286, 0.004807536544619107899, 0.007211304816928657511, 0.009615073089238205389, 0.01201884136154775067, 0.01442260963385729594, 0.01682637790616684295, 0.01802826204232161472, 0.01832873307636030680, 0.01862920411039899540, 0.01892967514443768401, 0.01907991066145702658, 0.01923014617847636568 ),
 .UNSPECIFIED. ) ;
#2449 = CARTESIAN_POINT ( 'NONE',  ( -26.02150943782998382, 6.888657846623179815, 0.1186723523865011592 ) ) ;
#2450 = CARTESIAN_POINT ( 'NONE',  ( 14.32435137758115573, 21.71383033581603073, -2.250101689166259078 ) ) ;
#2451 = CARTESIAN_POINT ( 'NONE',  ( 0.7314581319491554323, 6.592403571180405208, 24.57200460325617186 ) ) ;
#2452 = CARTESIAN_POINT ( 'NONE',  ( -23.57050698636556163, 21.11354151676076540, 0.06186526143880995143 ) ) ;
#2453 = CARTESIAN_POINT ( 'NONE',  ( 24.89194405326373527, 8.882198178807502842, -0.4702162751751149949 ) ) ;
#2454 = DIRECTION ( 'NONE',  ( 0.000000000000000000, -1.000000000000000000, -0.000000000000000000 ) ) ;
#2455 = AXIS2_PLACEMENT_3D ( 'NONE', #5903, #917, #3139 ) ;
#2456 = CARTESIAN_POINT ( 'NONE',  ( 24.02904227115317326, 12.01145116980680427, 0.9873170051927417923 ) ) ;
#2457 = CARTESIAN_POINT ( 'NONE',  ( -0.07681798113201619704, 25.29851411751397094, 23.70617828429515228 ) ) ;
#2458 = CARTESIAN_POINT ( 'NONE',  ( 0.3419125180500133809, 23.72826780140581349, -23.24933183317505581 ) ) ;
#2459 = CARTESIAN_POINT ( 'NONE',  ( -24.24195801845602105, 9.400244128203619098, 0.7316466198708522217 ) ) ;
#2460 = CARTESIAN_POINT ( 'NONE',  ( 0.1974260868824933013, 18.15977129855335903, 23.65387216287188821 ) ) ;
#2461 = CARTESIAN_POINT ( 'NONE',  ( 0.5973345771118886427, 7.821734783775267097, -24.75208960447208639 ) ) ;
#2462 = TOROIDAL_SURFACE ( 'NONE', #3744, 6.000000000000000000, 2.000000000000000000 ) ;
#2463 = CARTESIAN_POINT ( 'NONE',  ( 24.29466854816677568, 7.439107150521222067, 0.7992565458797142863 ) ) ;
#2464 = EDGE_LOOP ( 'NONE', ( #213, #195, #417, #2711 ) ) ;
#2465 = DIRECTION ( 'NONE',  ( 0.000000000000000000, 0.000000000000000000, 1.000000000000000000 ) ) ;
#2466 = CARTESIAN_POINT ( 'NONE',  ( 22.64341966071604872, 23.64706773660506656, 0.6639444664587630385 ) ) ;
#2467 = DIRECTION ( 'NONE',  ( 0.000000000000000000, 0.000000000000000000, -1.000000000000000000 ) ) ;
#2468 = CARTESIAN_POINT ( 'NONE',  ( 26.01242958279332740, 7.550755267709673646, 0.01792958940267906989 ) ) ;
#2469 = CARTESIAN_POINT ( 'NONE',  ( -24.62857482982873236, 7.483854533920288432, -0.6646364992547183492 ) ) ;
#2470 = AXIS2_PLACEMENT_3D ( 'NONE', #3959, #5078, #2723 ) ;
#2471 = CARTESIAN_POINT ( 'NONE',  ( 0.3174972052440559467, 10.70312586617372475, 24.78000248764566038 ) ) ;
#2472 = CARTESIAN_POINT ( 'NONE',  ( -0.1195958372379664625, 10.12418436448411541, 25.12847439326168342 ) ) ;
#2473 = CARTESIAN_POINT ( 'NONE',  ( 0.4695531283328231997, 6.879393912357849139, -25.19116677981247321 ) ) ;
#2474 = CARTESIAN_POINT ( 'NONE',  ( 24.36963949165944854, 6.565271561058697358, 0.7994430908833880522 ) ) ;
#2475 = CARTESIAN_POINT ( 'NONE',  ( 23.70436160877267184, 15.47813415023831851, -0.4687587104673905380 ) ) ;
#2476 = ADVANCED_FACE ( 'NONE', ( #6000 ), #2034, .T. ) ;
#2477 = ORIENTED_EDGE ( 'NONE', *, *, #5863, .F. ) ;
#2478 = CARTESIAN_POINT ( 'NONE',  ( 0.2729597358190076761, 24.97003991869733852, -23.63660448047556528 ) ) ;
#2479 = CARTESIAN_POINT ( 'NONE',  ( -0.1972498873694153443, 17.27839629291823798, -23.73208349948201246 ) ) ;
#2480 = CARTESIAN_POINT ( 'NONE',  ( -0.5469862638835218949, 8.329689908033680368, -25.51075031734648846 ) ) ;
#2481 = CARTESIAN_POINT ( 'NONE',  ( -0.1994379324834869016, 7.442822502275706853, 25.74848705493460344 ) ) ;
#2482 = CARTESIAN_POINT ( 'NONE',  ( -23.57330737813028421, 25.02514945855035222, -0.09642771898882583625 ) ) ;
#2483 = VECTOR ( 'NONE', #833, 1000.000000000000000 ) ;
#2484 = CARTESIAN_POINT ( 'NONE',  ( 0.4707476128595263765, 24.20876841959674053, 22.98245433366438917 ) ) ;
#2485 = EDGE_CURVE ( 'NONE', #5850, #6866, #4323, .T. ) ;
#2486 = CARTESIAN_POINT ( 'NONE',  ( -0.03939183293670071168, 24.49556262030658971, 23.64537326827183250 ) ) ;
#2487 = CARTESIAN_POINT ( 'NONE',  ( -24.83294182559460594, 9.811709668931348105, -0.4441372902205225071 ) ) ;
#2488 = CARTESIAN_POINT ( 'NONE',  ( -26.17204377340775068, 6.806815091553573005, -0.06364886450881351854 ) ) ;
#2489 = CARTESIAN_POINT ( 'NONE',  ( 10.83702032928564130, 16.71383033581603073, -10.27013422742451176 ) ) ;
#2490 = CARTESIAN_POINT ( 'NONE',  ( 0.2006745012056190824, 6.765518398240584652, 25.86386124126669728 ) ) ;
#2491 = CARTESIAN_POINT ( 'NONE',  ( -23.01873576310480374, 21.03960430286505101, 0.5977788072837079136 ) ) ;
#2492 = SHAPE_DEFINITION_REPRESENTATION ( #5790, #1915 ) ;
#2493 = CARTESIAN_POINT ( 'NONE',  ( 24.42806388075593915, 10.03032984397896676, -0.5975709969074453065 ) ) ;
#2494 = CARTESIAN_POINT ( 'NONE',  ( -23.57526961855928604, 23.71733800608484444, 0.1080405059694167502 ) ) ;
#2495 = CARTESIAN_POINT ( 'NONE',  ( 23.05817896879694473, 17.50293682436448606, 0.7753509604181878512 ) ) ;
#2496 = DIRECTION ( 'NONE',  ( -0.000000000000000000, 1.000000000000000000, -0.000000000000000000 ) ) ;
#2497 = CARTESIAN_POINT ( 'NONE',  ( -0.7993671572712236495, 24.11878598430396892, -22.31096359537601614 ) ) ;
#2498 = CARTESIAN_POINT ( 'NONE',  ( -24.15975815249011305, 11.58849590879567337, -0.5977711577190850667 ) ) ;
#2499 = CARTESIAN_POINT ( 'NONE',  ( 0.1972498873695810728, 17.27839629291823798, 23.73208349948200890 ) ) ;
#2500 = CARTESIAN_POINT ( 'NONE',  ( 0.1996461959440646028, 7.940400226509627402, -25.63757194351691382 ) ) ;
#2501 = CARTESIAN_POINT ( 'NONE',  ( 25.80067583413194399, 7.832044164625802551, 0.1178931201464614442 ) ) ;
#2502 = EDGE_LOOP ( 'NONE', ( #6729, #6103 ) ) ;
#2503 = CARTESIAN_POINT ( 'NONE',  ( 23.36195975457150098, 21.34517425298523108, -0.3468057235417123518 ) ) ;
#2504 = ADVANCED_FACE ( 'NONE', ( #3780 ), #2462, .F. ) ;
#2505 = CARTESIAN_POINT ( 'NONE',  ( 23.49489204778087981, 23.46586837207557963, 0.2000686323451790483 ) ) ;
#2506 = CARTESIAN_POINT ( 'NONE',  ( -0.02817215871462222868, 25.32367952792929344, 23.71147647697075200 ) ) ;
#2507 = CARTESIAN_POINT ( 'NONE',  ( 14.28941916244324162, 16.71383033581603073, -8.249999999999998224 ) ) ;
#2508 = CARTESIAN_POINT ( 'NONE',  ( -25.83379594966923776, 7.836482721732975776, -0.09647505127974465022 ) ) ;
#2509 = CARTESIAN_POINT ( 'NONE',  ( -0.1937043604735428082, 25.14169222144376903, 23.67259134564439904 ) ) ;
#2510 = CARTESIAN_POINT ( 'NONE',  ( 0.7986029535209075991, 9.974804166693090224, 24.01370559397595272 ) ) ;
#2511 = CARTESIAN_POINT ( 'NONE',  ( -0.2826331843351592155, 6.841616116212834164, -25.67046270205920777 ) ) ;
#2512 = CARTESIAN_POINT ( 'NONE',  ( 25.21232465406049172, 6.780223472668934548, -0.4704130707738456985 ) ) ;
#2513 = CARTESIAN_POINT ( 'NONE',  ( 23.76680526667268722, 17.28304669078251621, 0.1002503631143879109 ) ) ;
#2514 = CARTESIAN_POINT ( 'NONE',  ( -0.5633217678471394985, 14.40168225536658753, -23.73640001650456810 ) ) ;
#2515 = CARTESIAN_POINT ( 'NONE',  ( -0.02798510942512935640, 17.28448938125150391, -23.77756256590248185 ) ) ;
#2516 = CARTESIAN_POINT ( 'NONE',  ( -0.009667054951276610880, 7.409607887827895034, -26.06902831570089418 ) ) ;
#2517 = CARTESIAN_POINT ( 'NONE',  ( -0.1177817561453242401, 7.647436352568173668, 25.84922355992787146 ) ) ;
#2518 = CARTESIAN_POINT ( 'NONE',  ( -22.92477463343348276, 24.71729615482997033, 0.4707914068460773427 ) ) ;
#2519 = CARTESIAN_POINT ( 'NONE',  ( 0.02039351614639331109, 23.77836563906561196, 23.62314952894352160 ) ) ;
#2520 = EDGE_LOOP ( 'NONE', ( #5681, #5166, #3975 ) ) ;
#2521 = CARTESIAN_POINT ( 'NONE',  ( -24.03053489062740056, 12.00688728720009912, -0.9869432277831071687 ) ) ;
#2522 = CARTESIAN_POINT ( 'NONE',  ( -23.19362580533910645, 22.22709421508321981, -0.4700449676612000749 ) ) ;
#2523 = FACE_OUTER_BOUND ( 'NONE', #4853, .T. ) ;
#2524 = CARTESIAN_POINT ( 'NONE',  ( -23.59678966260573674, 15.18671062067469180, -0.5849958012108857908 ) ) ;
#2525 = CARTESIAN_POINT ( 'NONE',  ( -22.79682880809601642, 19.52739718163693183, 0.7988108208241502251 ) ) ;
#2526 = CARTESIAN_POINT ( 'NONE',  ( 0.000000000000000000, 0.000000000000000000, 0.000000000000000000 ) ) ;
#2527 = EDGE_CURVE ( 'NONE', #1118, #4906, #607, .T. ) ;
#2528 = PRODUCT_DEFINITION ( 'æœ', '', #5739, #3806 ) ;
#2529 = CARTESIAN_POINT ( 'NONE',  ( 24.81833009275296220, 10.42733957493909891, 0.3427798356422292470 ) ) ;
#2530 = CARTESIAN_POINT ( 'NONE',  ( -23.70617843559690741, 25.29851411753000434, 0.07677127596708066548 ) ) ;
#2531 = CARTESIAN_POINT ( 'NONE',  ( 23.50324899236534648, 24.26421460259405904, 0.2358630026904910137 ) ) ;
#2532 = CARTESIAN_POINT ( 'NONE',  ( -26.22543059861299142, 7.000345051182185863, -0.08257528058631224965 ) ) ;
#2533 = CARTESIAN_POINT ( 'NONE',  ( -0.7323361534093857372, 23.33926574707155055, -22.55009371250978134 ) ) ;
#2534 = CARTESIAN_POINT ( 'NONE',  ( -25.03608985955855815, 10.45652313837408620, -0.1198193064577224576 ) ) ;
#2535 = CARTESIAN_POINT ( 'NONE',  ( -0.4699801249339473630, 21.06713182897214764, 23.22422218094119017 ) ) ;
#2536 = CARTESIAN_POINT ( 'NONE',  ( 0.1187288889865159291, 8.959709376026342653, -25.47038861403910204 ) ) ;
#2537 = CARTESIAN_POINT ( 'NONE',  ( 25.76661859261725596, 7.957696329033094429, -0.1181484233264692013 ) ) ;
#2538 = ORIENTED_EDGE ( 'NONE', *, *, #1730, .F. ) ;
#2539 = CARTESIAN_POINT ( 'NONE',  ( 23.28443829462595005, 19.79628655747637467, -0.4733744775124082427 ) ) ;
#2540 = CARTESIAN_POINT ( 'NONE',  ( 23.58515374812414223, 24.80578914213980823, -0.09668404614392143992 ) ) ;
#2541 = CARTESIAN_POINT ( 'NONE',  ( 14.32435137758115573, 16.71383033581603073, -2.250101689166259522 ) ) ;
#2542 = CARTESIAN_POINT ( 'NONE',  ( 0.03847484580410483190, 25.25232317040953234, 23.69649673120672162 ) ) ;
#2543 = CARTESIAN_POINT ( 'NONE',  ( -25.36339263225614360, 7.773442635788494037, -0.3418834599709880129 ) ) ;
#2544 = CARTESIAN_POINT ( 'NONE',  ( -0.04472768338049885190, 24.43284545877971325, 23.63927704353786297 ) ) ;
#2545 = CARTESIAN_POINT ( 'NONE',  ( -0.7992547685119979484, 12.76180696105532775, 23.59188396843316937 ) ) ;
#2546 = CARTESIAN_POINT ( 'NONE',  ( -0.7983603575097504290, 6.771276478918072605, -24.38428718697385023 ) ) ;
#2547 = CARTESIAN_POINT ( 'NONE',  ( 26.11304866179586526, 7.002937265611848261, 0.06380137418402602456 ) ) ;
#2548 = CARTESIAN_POINT ( 'NONE',  ( 23.57437992895842527, 21.11405967439959852, 0.03501634927221413535 ) ) ;
#2549 = CARTESIAN_POINT ( 'NONE',  ( -0.4436322668050673435, 12.16549387264579352, -24.29266151183971090 ) ) ;
#2550 = CARTESIAN_POINT ( 'NONE',  ( 0.2824743428697006897, 21.68660777777354554, -23.43957278043219361 ) ) ;
#2551 = CARTESIAN_POINT ( 'NONE',  ( -26.32183621886608194, 7.000345051182221390, -15.35100424056054003 ) ) ;
#2552 = CARTESIAN_POINT ( 'NONE',  ( 0.2824637281019334867, 7.605042625963259084, 25.53284583221775605 ) ) ;
#2553 = CARTESIAN_POINT ( 'NONE',  ( -22.38254880113739986, 24.64463569893875672, 0.7323587614292434989 ) ) ;
#2554 = CARTESIAN_POINT ( 'NONE',  ( -0.3418159213137844099, 24.23830392021428892, 23.20290802841371658 ) ) ;
#2555 = CARTESIAN_POINT ( 'NONE',  ( 0.4307169967033793734, 7.805647636929668565, 25.78161810170081836 ) ) ;
#2556 = EDGE_LOOP ( 'NONE', ( #1929, #1327 ) ) ;
#2557 = CARTESIAN_POINT ( 'NONE',  ( -23.18663015920848736, 22.25534417231448003, -0.7807557213868627777 ) ) ;
#2558 = CARTESIAN_POINT ( 'NONE',  ( -26.12614059053220217, 7.174808640710653052, -0.2253960003172820470 ) ) ;
#2559 = CARTESIAN_POINT ( 'NONE',  ( -0.7316092141633667723, 9.993795864658293837, -24.15543031315021594 ) ) ;
#2560 = DIRECTION ( 'NONE',  ( 0.000000000000000000, 0.000000000000000000, 1.000000000000000000 ) ) ;
#2561 = CARTESIAN_POINT ( 'NONE',  ( -0.6647463861247708827, 6.612208790073230702, 24.71988689090627744 ) ) ;
#2562 = CARTESIAN_POINT ( 'NONE',  ( -22.93123792768121305, 18.06293759868529492, 0.7985385948044539939 ) ) ;
#2563 = CARTESIAN_POINT ( 'NONE',  ( 23.55989248799434677, 24.58646618236568671, 0.3834979915945587736 ) ) ;
#2564 = VERTEX_POINT ( 'NONE', #4248 ) ;
#2565 = CARTESIAN_POINT ( 'NONE',  ( -23.68932403609265336, 25.21831735414954778, 0.05758471676012739959 ) ) ;
#2566 = EDGE_CURVE ( 'NONE', #2846, #1714, #6655, .T. ) ;
#2567 = CARTESIAN_POINT ( 'NONE',  ( 23.42850989036054088, 22.18389564588159146, 0.2680600013531930781 ) ) ;
#2568 = CARTESIAN_POINT ( 'NONE',  ( -26.20914513492705211, 7.029758081969100125, 0.02975699204764061315 ) ) ;
#2569 = CARTESIAN_POINT ( 'NONE',  ( 0.6639444664586839906, 23.64706773660506656, -22.64341966071605228 ) ) ;
#2570 = CARTESIAN_POINT ( 'NONE',  ( -24.42806388075593915, 10.03032984397896676, 0.5975709969074453065 ) ) ;
#2571 = CARTESIAN_POINT ( 'NONE',  ( -0.06659906677877359960, 21.70329441926241643, 23.56407815619405710 ) ) ;
#2572 = CARTESIAN_POINT ( 'NONE',  ( 0.02224795058671902651, 8.342784406471292158, -25.72518205481525300 ) ) ;
#2573 = CARTESIAN_POINT ( 'NONE',  ( 25.83379594966923776, 7.836482721732975776, 0.09647505127974465022 ) ) ;
#2574 = VERTEX_POINT ( 'NONE', #3816 ) ;
#2575 = CARTESIAN_POINT ( 'NONE',  ( 23.73640001650468889, 14.40168225536581659, -0.5633217678470430201 ) ) ;
#2576 = CARTESIAN_POINT ( 'NONE',  ( 22.98245433366439272, 24.20876841959674053, -0.4707476128592856801 ) ) ;
#2577 = CARTESIAN_POINT ( 'NONE',  ( 2.663594518603375344E-15, 25.71383033581602362, 21.74989981158545760 ) ) ;
#2578 = CARTESIAN_POINT ( 'NONE',  ( 14.28941916244324162, 16.71383033581603073, -8.249999999999998224 ) ) ;
#2579 = CARTESIAN_POINT ( 'NONE',  ( -25.66639677309622769, 7.814048943889948973, -0.1995902694429075863 ) ) ;
#2580 = CARTESIAN_POINT ( 'NONE',  ( 0.000000000000000000, 16.71383033581603073, 0.000000000000000000 ) ) ;
#2581 = CARTESIAN_POINT ( 'NONE',  ( -0.09982035881424365653, 12.87577934346058051, 24.44232590587295917 ) ) ;
#2582 = CIRCLE ( 'NONE', #6408, 2.000000000000000000 ) ;
#2583 = CARTESIAN_POINT ( 'NONE',  ( 0.7993033842985181048, 7.190139889214526292, -24.31739781806563983 ) ) ;
#2584 = CARTESIAN_POINT ( 'NONE',  ( 24.57200460325617897, 6.592403571180405208, -0.7314581319488980826 ) ) ;
#2585 = CARTESIAN_POINT ( 'NONE',  ( 23.38465839035347571, 21.08863872064490508, -0.3419077403635637502 ) ) ;
#2586 = AXIS2_PLACEMENT_3D ( 'NONE', #5780, #6359, #3596 ) ;
#2587 = CARTESIAN_POINT ( 'NONE',  ( 0.09446585344900149117, 8.538826657880637327, -25.61745402047161591 ) ) ;
#2588 = CARTESIAN_POINT ( 'NONE',  ( 0.7317349393698182602, 19.54274975441220974, -22.91149322700970359 ) ) ;
#2589 = DIRECTION ( 'NONE',  ( 0.000000000000000000, 0.000000000000000000, -1.000000000000000000 ) ) ;
#2590 = CARTESIAN_POINT ( 'NONE',  ( -0.03289104520507244583, 8.342448789938773146, 25.72267830419466961 ) ) ;
#2591 = CARTESIAN_POINT ( 'NONE',  ( 0.3432028262344706260, 25.18593650327541056, 23.12433266207322546 ) ) ;
#2592 = CIRCLE ( 'NONE', #2825, 16.50000000000000000 ) ;
#2593 = CARTESIAN_POINT ( 'NONE',  ( 0.5836893844554785771, 15.16282004625939450, 23.59826535159029959 ) ) ;
#2594 = DIRECTION ( 'NONE',  ( 0.000000000000000000, 0.000000000000000000, -1.000000000000000000 ) ) ;
#2595 = CARTESIAN_POINT ( 'NONE',  ( -23.05817896880244433, 17.50293682436537424, -0.7753509604110905284 ) ) ;
#2596 = CIRCLE ( 'NONE', #6079, 21.00000000000000000 ) ;
#2597 = CARTESIAN_POINT ( 'NONE',  ( -0.6643823291742767534, 11.57252832077276317, -24.04052189591787680 ) ) ;
#2598 = CARTESIAN_POINT ( 'NONE',  ( -0.1942480080606257542, 25.14017930092221675, -23.67227280575633941 ) ) ;
#2599 = CARTESIAN_POINT ( 'NONE',  ( -0.5973824551608922784, 6.936840664236035181, 24.85860423300416500 ) ) ;
#2600 = CARTESIAN_POINT ( 'NONE',  ( -23.31134157887494140, 19.59634326417820560, 0.4694548740272314058 ) ) ;
#2601 = AXIS2_PLACEMENT_3D ( 'NONE', #4778, #1506, #2016 ) ;
#2602 = VERTEX_POINT ( 'NONE', #5306 ) ;
#2603 = CARTESIAN_POINT ( 'NONE',  ( -23.67547292985526042, 24.85281979411860576, 0.01175736521378245407 ) ) ;
#2604 = CARTESIAN_POINT ( 'NONE',  ( 23.04112429403328477, 17.51210961875321104, 1.113475797767232267 ) ) ;
#2605 = CARTESIAN_POINT ( 'NONE',  ( 1.036935471241368534, 12.77446596992876948, -23.80971278096227195 ) ) ;
#2606 = DIRECTION ( 'NONE',  ( 0.000000000000000000, 0.000000000000000000, 1.000000000000000000 ) ) ;
#2607 = CARTESIAN_POINT ( 'NONE',  ( -0.06451822404251073007, 25.03252295078253908, -23.62831952140080460 ) ) ;
#2608 = CARTESIAN_POINT ( 'NONE',  ( -24.98871975058123596, 10.45017794381366372, 0.1988843075958010853 ) ) ;
#2609 = CARTESIAN_POINT ( 'NONE',  ( 0.02863498017655711700, 19.63607853115697210, 23.60788393284174802 ) ) ;
#2610 = CARTESIAN_POINT ( 'NONE',  ( -0.3428088856593669576, 8.282058047574446746, -25.27200438452504727 ) ) ;
#2611 = CARTESIAN_POINT ( 'NONE',  ( 25.36525211392447687, 7.773697820844326145, -0.3429291450282000442 ) ) ;
#2612 = ORIENTED_EDGE ( 'NONE', *, *, #1972, .T. ) ;
#2613 = CARTESIAN_POINT ( 'NONE',  ( 26.04872888629067873, 7.461234850773682759, -0.01240019922456197729 ) ) ;
#2614 = CARTESIAN_POINT ( 'NONE',  ( 22.44128804307341341, 24.13623713115205405, 0.7311051398592796069 ) ) ;
#2615 = CARTESIAN_POINT ( 'NONE',  ( 2.571758278209441661E-15, 16.71383033581603073, 21.00000000000000000 ) ) ;
#2616 = CARTESIAN_POINT ( 'NONE',  ( 14.28941916244324162, 21.71383033581603073, -2.249999999999998668 ) ) ;
#2617 = CARTESIAN_POINT ( 'NONE',  ( -25.07759528239743574, 7.735150542120226014, 0.4703735393154407363 ) ) ;
#2618 = CARTESIAN_POINT ( 'NONE',  ( 0.003002548967455791109, 25.01036906941561710, 23.68527774943836306 ) ) ;
#2619 = CARTESIAN_POINT ( 'NONE',  ( -0.06789099173938412113, 12.87678857033263213, 24.44985489748445673 ) ) ;
#2620 = CARTESIAN_POINT ( 'NONE',  ( -0.1185289463322447140, 7.245119668446132088, -25.94330717097858852 ) ) ;
#2621 = EDGE_CURVE ( 'NONE', #4003, #6866, #4669, .T. ) ;
#2622 = CARTESIAN_POINT ( 'NONE',  ( 24.70013385295892760, 6.813589728258618194, 0.6647148065480749102 ) ) ;
#2623 = CARTESIAN_POINT ( 'NONE',  ( 23.22175640376525152, 21.06680962835038429, -0.4699373745213926701 ) ) ;
#2624 = CARTESIAN_POINT ( 'NONE',  ( -0.3174972052439176129, 10.70312586617412798, -24.78000248764551827 ) ) ;
#2625 = CARTESIAN_POINT ( 'NONE',  ( -25.67046270205920777, 6.841616116212834164, 0.2826331843350696205 ) ) ;
#2626 = CARTESIAN_POINT ( 'NONE',  ( 0.1208917210213261290, 19.63382064958560136, -23.59104488530453736 ) ) ;
#2627 = FACE_OUTER_BOUND ( 'NONE', #483, .T. ) ;
#2628 = CARTESIAN_POINT ( 'NONE',  ( -0.1996461959438855793, 7.940400226509627402, 25.63757194351691737 ) ) ;
#2629 = CARTESIAN_POINT ( 'NONE',  ( 0.03220252430445242481, 25.03786932165219525, 23.66821746090791478 ) ) ;
#2630 = CARTESIAN_POINT ( 'NONE',  ( 0.1110852100106508450, 7.224241882713369201, 26.09948754976435836 ) ) ;
#2631 = CARTESIAN_POINT ( 'NONE',  ( -23.50555498070490401, 24.29920522643045544, -0.4484066497431205556 ) ) ;
#2632 = CARTESIAN_POINT ( 'NONE',  ( -23.11915282957514250, 16.71350675398792873, -0.7887373119797636001 ) ) ;
#2633 = CARTESIAN_POINT ( 'NONE',  ( 0.5975553476350310422, 10.36698241801164855, -24.36794800997197541 ) ) ;
#2634 = CARTESIAN_POINT ( 'NONE',  ( 14.28941916244324162, 23.71383033581603073, -6.324999999999993072 ) ) ;
#2635 = CARTESIAN_POINT ( 'NONE',  ( -22.40198748716096588, 23.31940487878325285, -0.7983105345109005047 ) ) ;
#2636 = ORIENTED_EDGE ( 'NONE', *, *, #6343, .F. ) ;
#2637 = CARTESIAN_POINT ( 'NONE',  ( -23.00859709409767717, 19.88604483321549665, 0.9977827032046002742 ) ) ;
#2638 = CARTESIAN_POINT ( 'NONE',  ( 26.20812806454506116, 7.030895416742250603, -0.05525099104953943435 ) ) ;
#2639 = CARTESIAN_POINT ( 'NONE',  ( -23.69447328227039762, 25.16849716147604710, -0.001331641012211114226 ) ) ;
#2640 = DIRECTION ( 'NONE',  ( 0.000000000000000000, 1.000000000000000000, 0.000000000000000000 ) ) ;
#2641 = CARTESIAN_POINT ( 'NONE',  ( 0.7311541062140850533, 25.07632699044922475, -22.30647195186451981 ) ) ;
#2642 = CARTESIAN_POINT ( 'NONE',  ( -24.27758695811188261, 13.75839710671236205, -0.03625415779796819365 ) ) ;
#2643 = CARTESIAN_POINT ( 'NONE',  ( -0.1999678101456033585, 8.697268846193038527, -25.45535055569951410 ) ) ;
#2644 = CARTESIAN_POINT ( 'NONE',  ( 25.39827941213582108, 7.587010142454218453, -0.3429677008504875002 ) ) ;
#2645 = CARTESIAN_POINT ( 'NONE',  ( -0.0006455624486348447927, 7.097796175136460661, 26.18489375013748699 ) ) ;
#2646 = CARTESIAN_POINT ( 'NONE',  ( 22.58198660262925017, 24.15509249068230702, 0.6639182799218418252 ) ) ;
#2647 = EDGE_LOOP ( 'NONE', ( #5226, #4552, #4578, #4262, #4244, #5021, #6579, #885, #1829, #3521, #1152, #2125, #523, #4888, #3308, #5393 ) ) ;
#2648 = DIRECTION ( 'NONE',  ( 0.000000000000000000, -1.000000000000000000, 0.000000000000000000 ) ) ;
#2649 = CARTESIAN_POINT ( 'NONE',  ( -24.27653294587950228, 7.627790439973450631, -0.7992252429786762535 ) ) ;
#2650 = DIRECTION ( 'NONE',  ( 0.8630997082894003025, 1.734723475976807292E-15, 0.5050335568561283850 ) ) ;
#2651 = CARTESIAN_POINT ( 'NONE',  ( -0.2023325026775810720, 12.87057321718419622, 24.40348331703820506 ) ) ;
#2652 = CARTESIAN_POINT ( 'NONE',  ( 0.1176537889524868485, 7.403462655362599065, -25.90921592160406206 ) ) ;
#2653 = CARTESIAN_POINT ( 'NONE',  ( 24.39301195369875686, 6.670431665448007585, -0.7983391647138957659 ) ) ;
#2654 = CARTESIAN_POINT ( 'NONE',  ( 23.02428074409305125, 19.55787644667997327, -0.6645606511405274253 ) ) ;
#2655 = FACE_OUTER_BOUND ( 'NONE', #5526, .T. ) ;
#2656 = EDGE_CURVE ( 'NONE', #3110, #5447, #260, .T. ) ;
#2657 = CARTESIAN_POINT ( 'NONE',  ( -24.73032431556837807, 6.715633140942830259, 0.6646043634033529379 ) ) ;
#2658 = CARTESIAN_POINT ( 'NONE',  ( 0.6643447106883882958, 21.02409769357854685, -22.90310444842240756 ) ) ;
#2659 = CARTESIAN_POINT ( 'NONE',  ( 0.000000000000000000, 21.71383033581603073, 0.000000000000000000 ) ) ;
#2660 = CARTESIAN_POINT ( 'NONE',  ( 0.4703735393157033595, 7.735150542120226014, 25.07759528239743219 ) ) ;
#2661 = CARTESIAN_POINT ( 'NONE',  ( -0.6639591169782416147, 25.09541457462836789, 22.44890342367205704 ) ) ;
#2662 = CARTESIAN_POINT ( 'NONE',  ( 0.1001974618254612148, 7.186941161973424030, 26.12026480919539040 ) ) ;
#2663 = CARTESIAN_POINT ( 'NONE',  ( 24.98208083835746507, 10.10456993027716699, -0.2814470630558241204 ) ) ;
#2664 = CARTESIAN_POINT ( 'NONE',  ( 0.000000000000000000, 16.71383033581603073, 16.50000000000000000 ) ) ;
#2665 = CARTESIAN_POINT ( 'NONE',  ( -23.66644216030779546, 24.71988064141276098, 0.02088007840116488933 ) ) ;
#2666 = CARTESIAN_POINT ( 'NONE',  ( 0.03464917751424976405, 10.45993285677161033, -25.06152838072332045 ) ) ;
#2667 = CARTESIAN_POINT ( 'NONE',  ( 14.31270730586851947, 21.71383033581603073, -4.250067792777505460 ) ) ;
#2668 = CARTESIAN_POINT ( 'NONE',  ( -0.03169431411342565202, 7.109261950634377492, 26.14521383683624478 ) ) ;
#2669 = CARTESIAN_POINT ( 'NONE',  ( -22.85596583769793710, 21.60840791976530895, 0.6650334780821576253 ) ) ;
#2670 = ORIENTED_EDGE ( 'NONE', *, *, #1874, .T. ) ;
#2671 = CARTESIAN_POINT ( 'NONE',  ( 23.69673457194607025, 25.23635200221713148, -0.02584860315638487852 ) ) ;
#2672 = CARTESIAN_POINT ( 'NONE',  ( -21.64050353324348919, 15.19481306604519766, 12.62102010324324830 ) ) ;
#2673 = CARTESIAN_POINT ( 'NONE',  ( 1.000917249118480123, 19.87852605418641261, -23.00830020826250433 ) ) ;
#2674 = CARTESIAN_POINT ( 'NONE',  ( -26.19939777963016780, 7.046310596865580145, 0.04137760642287807017 ) ) ;
#2675 = CARTESIAN_POINT ( 'NONE',  ( 0.0001611437237604543314, 24.81894219465469931, -23.68331112769830682 ) ) ;
#2676 = CARTESIAN_POINT ( 'NONE',  ( -24.27773234722540607, 13.75841715419749178, 0.02814343765147840626 ) ) ;
#2677 = CARTESIAN_POINT ( 'NONE',  ( -0.5977646322408810553, 8.206876238216345598, -24.71096407540568052 ) ) ;
#2678 = CARTESIAN_POINT ( 'NONE',  ( 24.93529362279342720, 8.627579282666888005, -0.4702610447500432667 ) ) ;
#2679 = CARTESIAN_POINT ( 'NONE',  ( -0.2840014197551339881, 8.375182001895762340, 25.49376109764144616 ) ) ;
#2680 = CARTESIAN_POINT ( 'NONE',  ( 22.37730411425765098, 23.61141887077569379, -0.7993639922185385993 ) ) ;
#2681 = ORIENTED_EDGE ( 'NONE', *, *, #3857, .T. ) ;
#2682 = CARTESIAN_POINT ( 'NONE',  ( -2.227581944645035117E-05, 25.20458595688074865, 23.69720220672815714 ) ) ;
#2683 = CARTESIAN_POINT ( 'NONE',  ( -25.59811352511789551, 8.716398786345656902, 0.03115940260362417766 ) ) ;
#2684 = CARTESIAN_POINT ( 'NONE',  ( 0.002012979775322505660, 25.10763612422075397, 23.68986692563666452 ) ) ;
#2685 = CARTESIAN_POINT ( 'NONE',  ( 0.3420181540588290714, 10.42717725378936500, 24.81707404971306374 ) ) ;
#2686 = CARTESIAN_POINT ( 'NONE',  ( 0.3417757565391299490, 7.181021407186446659, -25.46502155833874426 ) ) ;
#2687 = CARTESIAN_POINT ( 'NONE',  ( 25.94330717097858852, 7.245119668446132088, -0.1185289463321541337 ) ) ;
#2688 = ORIENTED_EDGE ( 'NONE', *, *, #3416, .T. ) ;
#2689 = CARTESIAN_POINT ( 'NONE',  ( 23.59104488530453736, 19.63382064958560136, 0.1208917210214085075 ) ) ;
#2690 = DIRECTION ( 'NONE',  ( 0.000000000000000000, 0.000000000000000000, -1.000000000000000000 ) ) ;
#2691 = CARTESIAN_POINT ( 'NONE',  ( -24.68996586444358954, 6.914241138009465715, -0.6647003840780112416 ) ) ;
#2692 = CIRCLE ( 'NONE', #137, 1.999999999999999556 ) ;
#2693 = CARTESIAN_POINT ( 'NONE',  ( 0.5971304921560648404, 21.62407603654509458, -22.97296737287936708 ) ) ;
#2694 = DIRECTION ( 'NONE',  ( -1.000000000000000000, 0.000000000000000000, 0.000000000000000000 ) ) ;
#2695 = CARTESIAN_POINT ( 'NONE',  ( -0.06449212381385760473, 7.966970875740257974, 25.83583929435548754 ) ) ;
#2696 = B_SPLINE_CURVE_WITH_KNOTS ( 'NONE', 3,
 ( #2769, #5569, #588, #5645, #5534, #521, #7178, #4514, #5057, #4405, #6627, #4984, #6152, #1167, #3972, #2803, #1209, #3385, #3426, #1680, #661, #2877, #4442, #6593, #7211, #5019, #5608, #2223, #626, #77, #3829, #3281, #6364, #694 ),
 .UNSPECIFIED., .F., .F.,
 ( 4, 2, 2, 2, 2, 2, 2, 2, 2, 2, 2, 2, 2, 2, 2, 2, 4 ),
 ( 2.439454888092384977E-19, 0.0001500357223834707457, 0.0003000714447669412203, 0.0006001428895338822237, 0.0009002143343008232271, 0.001200285779067764231, 0.002400571558135518486, 0.004801143116271036106, 0.007201714674406554592, 0.009602286232542072211, 0.01440342934881310918, 0.01680400090694862680, 0.01800428668601639082, 0.01860442957555026935, 0.01890450102031720689, 0.01905453674270067566, 0.01920457246508414442 ),
 .UNSPECIFIED. ) ;
#2697 = CARTESIAN_POINT ( 'NONE',  ( 0.4707994269271986720, 24.93463123529639702, 22.89780287096161970 ) ) ;
#2698 = EDGE_CURVE ( 'NONE', #1125, #4391, #2114, .T. ) ;
#2699 = CIRCLE ( 'NONE', #1424, 2.800000000000000266 ) ;
#2700 = CARTESIAN_POINT ( 'NONE',  ( 0.7618553460659847065, 9.776241907842932122, 24.84836487785500125 ) ) ;
#2701 = CARTESIAN_POINT ( 'NONE',  ( 24.15975815249011305, 11.58849590879567337, 0.5977711577190850667 ) ) ;
#2702 = ORIENTED_EDGE ( 'NONE', *, *, #6878, .T. ) ;
#2703 = CARTESIAN_POINT ( 'NONE',  ( 0.06057261048194827191, 7.077174889305979377, -26.18190632890055269 ) ) ;
#2704 = CARTESIAN_POINT ( 'NONE',  ( 0.000000000000000000, 0.03151920426976509426, 0.000000000000000000 ) ) ;
#2705 = CARTESIAN_POINT ( 'NONE',  ( 0.002541269436995439480, 10.46024511278794300, -25.06385640671737391 ) ) ;
#2706 = CARTESIAN_POINT ( 'NONE',  ( 3.292073591955094631E-11, 25.32364315258742593, 23.71146907165887185 ) ) ;
#2707 = CARTESIAN_POINT ( 'NONE',  ( -0.02096648121988966412, 7.011778821261586359, 26.17902354691087652 ) ) ;
#2708 = CARTESIAN_POINT ( 'NONE',  ( -22.60681244366038456, 21.57502047892229413, 0.7991818436355196953 ) ) ;
#2709 = AXIS2_PLACEMENT_3D ( 'NONE', #837, #6876, #1890 ) ;
#2710 = EDGE_CURVE ( 'NONE', #2846, #5265, #6521, .T. ) ;
#2711 = ORIENTED_EDGE ( 'NONE', *, *, #4750, .F. ) ;
#2712 = CARTESIAN_POINT ( 'NONE',  ( -26.12708898306449967, 7.254445776567816750, 0.003406433327448552158 ) ) ;
#2713 = CARTESIAN_POINT ( 'NONE',  ( 23.68635459380752906, 25.03621696025217602, 0.003706674637210630695 ) ) ;
#2714 = CARTESIAN_POINT ( 'NONE',  ( -23.50782855328550625, 24.31149504037568931, -0.4457516831983638350 ) ) ;
#2715 = CARTESIAN_POINT ( 'NONE',  ( 0.3771248544460742980, 21.00737575958052616, 23.33997251580277066 ) ) ;
#2716 = CARTESIAN_POINT ( 'NONE',  ( -24.12180956079028249, 13.73751895103514542, -0.3439747140915442314 ) ) ;
#2717 = CIRCLE ( 'NONE', #3646, 23.70630274524081571 ) ;
#2718 = CARTESIAN_POINT ( 'NONE',  ( -0.01915609891181269120, 10.12814252312941043, -25.15800199673161330 ) ) ;
#2719 = CARTESIAN_POINT ( 'NONE',  ( 25.71083933975504365, 8.340861990875474419, 0.06484063087727065522 ) ) ;
#2720 = CARTESIAN_POINT ( 'NONE',  ( -0.009853603598123060470, 7.410146188235879450, 26.06883101140818582 ) ) ;
#2721 = CARTESIAN_POINT ( 'NONE',  ( 23.67309557013028609, 25.03852293393296335, -0.02139111951845001219 ) ) ;
#2722 = CARTESIAN_POINT ( 'NONE',  ( -23.55930735342830218, 24.58336256411031684, 0.3832391132625421193 ) ) ;
#2723 = DIRECTION ( 'NONE',  ( 0.000000000000000000, 0.000000000000000000, 1.000000000000000000 ) ) ;
#2724 = CARTESIAN_POINT ( 'NONE',  ( -24.44873657791216814, 7.781094610509199150, 0.7316137829676974125 ) ) ;
#2725 = CARTESIAN_POINT ( 'NONE',  ( -0.004452513533398045308, 15.51525805920044832, 23.98141953692598705 ) ) ;
#2726 = CARTESIAN_POINT ( 'NONE',  ( -0.06492359790486071369, 7.101210875081300777, -26.08512857657765238 ) ) ;
#2727 = CARTESIAN_POINT ( 'NONE',  ( 25.98298445037772098, 7.250436563937832979, -0.09704650002946413334 ) ) ;
#2728 = ORIENTED_EDGE ( 'NONE', *, *, #1722, .T. ) ;
#2729 = CARTESIAN_POINT ( 'NONE',  ( 23.50793933603283392, 22.58169349598233566, 0.2005469114816092469 ) ) ;
#2730 = CARTESIAN_POINT ( 'NONE',  ( 23.57989631577123291, 24.68889695691441588, -0.3588983415550484612 ) ) ;
#2731 = CARTESIAN_POINT ( 'NONE',  ( -25.98545889210207704, 7.250766467301382079, -0.09613263230436139284 ) ) ;
#2732 = CARTESIAN_POINT ( 'NONE',  ( 0.4693667883696156506, 23.40601842563232537, -23.04829583355656553 ) ) ;
#2733 = CARTESIAN_POINT ( 'NONE',  ( -0.8528086932337042292, 10.50188975061217178, 24.54722262625878315 ) ) ;
#2734 = CARTESIAN_POINT ( 'NONE',  ( -0.09738559518121218950, 8.962011880067395353, 25.48756902402082503 ) ) ;
#2735 = CARTESIAN_POINT ( 'NONE',  ( -0.02154371475985172521, 25.03842089949329974, 23.67233697278733118 ) ) ;
#2736 = DIRECTION ( 'NONE',  ( 0.000000000000000000, 1.000000000000000000, 0.000000000000000000 ) ) ;
#2737 = CARTESIAN_POINT ( 'NONE',  ( 24.45358145090202129, 12.87728823887356633, 0.03597946235626279382 ) ) ;
#2738 = ORIENTED_EDGE ( 'NONE', *, *, #2283, .T. ) ;
#2739 = CARTESIAN_POINT ( 'NONE',  ( 1.037424112296239542, 12.78211472155624584, -23.80754844753180421 ) ) ;
#2740 = DIRECTION ( 'NONE',  ( -0.000000000000000000, 1.000000000000000000, -0.000000000000000000 ) ) ;
#2741 = CARTESIAN_POINT ( 'NONE',  ( 0.02592194641854926249, 15.51514945941506518, -23.98061054428164240 ) ) ;
#2742 = CARTESIAN_POINT ( 'NONE',  ( -1.121898716737728563, 15.10591442951235663, -23.30824850341322829 ) ) ;
#2743 = CARTESIAN_POINT ( 'NONE',  ( -0.3417265549927752666, 6.821868503280703600, 25.52314236901890609 ) ) ;
#2744 = CARTESIAN_POINT ( 'NONE',  ( -23.13006698932575844, 22.53106135316690839, 0.4704063910713504604 ) ) ;
#2745 = CARTESIAN_POINT ( 'NONE',  ( -0.7314409189693807933, 21.00783192400292876, 22.78172998809185046 ) ) ;
#2746 = CARTESIAN_POINT ( 'NONE',  ( -23.59826535159231753, 15.16282004625290547, 0.5836893844543767917 ) ) ;
#2747 = CARTESIAN_POINT ( 'NONE',  ( 23.70617828429514873, 25.29851411751395673, 0.07681798113198064215 ) ) ;
#2748 = CARTESIAN_POINT ( 'NONE',  ( -23.67565379969319039, 24.85498577026832834, -0.01207681281725091552 ) ) ;
#2749 = CARTESIAN_POINT ( 'NONE',  ( 0.07677127596725226433, 25.29851411753004342, 23.70617843559690385 ) ) ;
#2750 = CARTESIAN_POINT ( 'NONE',  ( -0.09676347421228265189, 25.02516409054138080, -23.57340393625268860 ) ) ;
#2751 = CARTESIAN_POINT ( 'NONE',  ( -24.45447273125522614, 12.87740777098450451, -0.02534393202824946484 ) ) ;
#2752 = EDGE_CURVE ( 'NONE', #6006, #288, #1667, .T. ) ;
#2753 = CARTESIAN_POINT ( 'NONE',  ( -0.1994588909572599655, 9.533248948828450864, -25.23450482078878920 ) ) ;
#2754 = CARTESIAN_POINT ( 'NONE',  ( 24.88932525466842449, 8.881839004011396810, 0.4697250766325792304 ) ) ;
#2755 = CARTESIAN_POINT ( 'NONE',  ( 23.52296187418514961, 25.23935414555382550, -0.1183299694727505125 ) ) ;
#2756 = CARTESIAN_POINT ( 'NONE',  ( -23.70617843559350391, 25.29851411751397094, 0.07677127596783821228 ) ) ;
#2757 = CARTESIAN_POINT ( 'NONE',  ( -24.60675479638266694, 7.802269772841495588, 0.6646964783605266991 ) ) ;
#2758 = CARTESIAN_POINT ( 'NONE',  ( -0.1003954373282326951, 15.51360489926032926, 23.96908955596330060 ) ) ;
#2759 = CARTESIAN_POINT ( 'NONE',  ( 0.1176837075220222156, 7.462448168337187049, -25.89493286352313817 ) ) ;
#2760 = CARTESIAN_POINT ( 'NONE',  ( 25.51007093875218246, 6.922136826749169636, -0.3430781290338726364 ) ) ;
#2761 = CARTESIAN_POINT ( 'NONE',  ( 22.73375096124739869, 21.59203070293632365, -0.7321187404410883781 ) ) ;
#2762 = CARTESIAN_POINT ( 'NONE',  ( 23.69720670131703955, 25.20464819227111164, -0.0007846884605287369639 ) ) ;
#2763 = CARTESIAN_POINT ( 'NONE',  ( -26.08799431780154521, 7.101593779964280984, -0.06385678538460975995 ) ) ;
#2764 = CARTESIAN_POINT ( 'NONE',  ( 0.06659906677893813465, 21.70329441926241643, -23.56407815619405710 ) ) ;
#2765 = CARTESIAN_POINT ( 'NONE',  ( 26.24456304448559507, 6.967062127247332981, -0.02287263713119192313 ) ) ;
#2766 = CARTESIAN_POINT ( 'NONE',  ( -0.2818666061986770943, 8.931048536603514165, 25.25652562119961786 ) ) ;
#2767 = EDGE_CURVE ( 'NONE', #1125, #1740, #5836, .T. ) ;
#2768 = CARTESIAN_POINT ( 'NONE',  ( -0.03188375143131287615, 25.48095450394703931, 23.67707291647143109 ) ) ;
#2769 = CARTESIAN_POINT ( 'NONE',  ( 23.70617843559350746, 25.29851411751397094, -0.07677127596727872927 ) ) ;
#2770 = CARTESIAN_POINT ( 'NONE',  ( 23.69228994455357196, 13.67996859976888580, -0.6640604806437890861 ) ) ;
#2771 = VERTEX_POINT ( 'NONE', #1995 ) ;
#2772 = CARTESIAN_POINT ( 'NONE',  ( 1.124861462335058349, 15.13098588494804808, -23.30399216472170565 ) ) ;
#2773 = DIRECTION ( 'NONE',  ( -0.8689217441457197655, 0.000000000000000000, 0.4949494949494951945 ) ) ;
#2774 = CARTESIAN_POINT ( 'NONE',  ( -0.1150077529565975837, 12.87488979395431343, -24.43567384297005063 ) ) ;
#2775 = CARTESIAN_POINT ( 'NONE',  ( -0.4235647793820939699, 22.61440812146650003, -23.24787228867187494 ) ) ;
#2776 = CARTESIAN_POINT ( 'NONE',  ( -0.09621489151270147533, 7.408496209465190496, 25.94677603774982799 ) ) ;
#2777 = CARTESIAN_POINT ( 'NONE',  ( -23.51062040750829141, 21.69612946065699788, -0.2010738197784125436 ) ) ;
#2778 = CARTESIAN_POINT ( 'NONE',  ( -0.02437916582235978916, 21.11422643021546719, 23.57562360315677097 ) ) ;
#2779 = CARTESIAN_POINT ( 'NONE',  ( -26.01250865641216592, 7.378397657335096227, 0.3108353294871044614 ) ) ;
#2780 = FACE_OUTER_BOUND ( 'NONE', #1354, .T. ) ;
#2781 = CARTESIAN_POINT ( 'NONE',  ( 0.07681798113192944699, 25.29851411751397094, -23.70617828429515228 ) ) ;
#2782 = CARTESIAN_POINT ( 'NONE',  ( 0.5470769471565087860, 23.82847848601161900, 23.41996913884057463 ) ) ;
#2783 = CARTESIAN_POINT ( 'NONE',  ( -0.7323319860266161996, 25.07808277404786779, -22.31947833632199618 ) ) ;
#2784 = CARTESIAN_POINT ( 'NONE',  ( -23.83372518220331671, 12.79421685993262159, -0.6650666101112491235 ) ) ;
#2785 = CARTESIAN_POINT ( 'NONE',  ( 0.4699840214852901155, 10.06368245056724575, -24.67701835143932954 ) ) ;
#2786 = EDGE_CURVE ( 'NONE', #1582, #3011, #4649, .T. ) ;
#2787 = CARTESIAN_POINT ( 'NONE',  ( 25.56564089808903617, 8.712046061414943310, 0.09717793913090956581 ) ) ;
#2788 = CARTESIAN_POINT ( 'NONE',  ( 23.22250635572358490, 25.19909205887531911, -0.2825281308612075382 ) ) ;
#2789 = ORIENTED_EDGE ( 'NONE', *, *, #2346, .T. ) ;
#2790 = DIRECTION ( 'NONE',  ( -0.000000000000000000, 1.000000000000000000, -0.000000000000000000 ) ) ;
#2791 = CARTESIAN_POINT ( 'NONE',  ( -24.64789001157192772, 8.589055468604222199, -0.5973476245492493897 ) ) ;
#2792 = CARTESIAN_POINT ( 'NONE',  ( -0.6652781181267551913, 15.44242830990529391, 23.43799069669374902 ) ) ;
#2793 = CARTESIAN_POINT ( 'NONE',  ( -0.5977587612464118072, 7.259494587317935732, -24.83484691313296011 ) ) ;
#2794 = CARTESIAN_POINT ( 'NONE',  ( 26.02106220171261697, 7.092625732938900640, -0.09712592062758783340 ) ) ;
#2795 = ORIENTED_EDGE ( 'NONE', *, *, #1409, .F. ) ;
#2796 = CARTESIAN_POINT ( 'NONE',  ( 23.12837455972183776, 22.53082631951395953, 0.4695306150288208191 ) ) ;
#2797 = CARTESIAN_POINT ( 'NONE',  ( 23.64458441673157907, 24.49189214036909235, -0.03940732633311992000 ) ) ;
#2798 = CARTESIAN_POINT ( 'NONE',  ( -25.81178068827549055, 7.064581185389246620, 0.2006165502680560819 ) ) ;
#2799 = CARTESIAN_POINT ( 'NONE',  ( -0.02014355390132361451, 23.48105439812053064, -23.60819920865862898 ) ) ;
#2800 = CARTESIAN_POINT ( 'NONE',  ( -0.08274577012455330838, 7.000345051182263134, -26.22543006124312015 ) ) ;
#2801 = CARTESIAN_POINT ( 'NONE',  ( -0.06518585363781632946, 8.714846926649666869, 25.58653949573916009 ) ) ;
#2802 = CARTESIAN_POINT ( 'NONE',  ( -0.03297358854794991967, 6.816285461698435633, -26.24270749816757942 ) ) ;
#2803 = CARTESIAN_POINT ( 'NONE',  ( 23.00776125001009476, 19.86020105719100570, -0.9996010095432419362 ) ) ;
#2804 = CARTESIAN_POINT ( 'NONE',  ( 24.26066340264916121, 13.75613053300601862, -0.1147376738224076265 ) ) ;
#2805 = VECTOR ( 'NONE', #5411, 1000.000000000000000 ) ;
#2806 = ORIENTED_EDGE ( 'NONE', *, *, #7195, .F. ) ;
#2807 = CARTESIAN_POINT ( 'NONE',  ( 0.04121626037784083263, 7.046335592041596207, -26.19938379298423214 ) ) ;
#2808 = UNCERTAINTY_MEASURE_WITH_UNIT (LENGTH_MEASURE( 1.000000000000000082E-05 ), #939, 'distance_accuracy_value', 'NONE');
#2809 = CARTESIAN_POINT ( 'NONE',  ( -26.18490495129216811, 7.097770024547180867, 7.602121305207428328E-05 ) ) ;
#2810 = CARTESIAN_POINT ( 'NONE',  ( -0.06090352234167503015, 12.87680933106934766, -24.45000139934202821 ) ) ;
#2811 = CARTESIAN_POINT ( 'NONE',  ( -0.7881165289062319612, 16.68408097381909627, -23.12200889135213799 ) ) ;
#2812 = CARTESIAN_POINT ( 'NONE',  ( -0.1993540522198499199, 7.225298889493123156, 25.79542082189525232 ) ) ;
#2813 = CARTESIAN_POINT ( 'NONE',  ( -23.60819920865862898, 23.48105439812053064, 0.02014355390124118739 ) ) ;
#2814 = CARTESIAN_POINT ( 'NONE',  ( 0.4701321211337489703, 21.65271428202921555, 23.18660266110709500 ) ) ;
#2815 = AXIS2_PLACEMENT_3D ( 'NONE', #2578, #2068, #396 ) ;
#2816 = LINE ( 'NONE', #7116, #6200 ) ;
#2817 = AXIS2_PLACEMENT_3D ( 'NONE', #6809, #6290, #150 ) ;
#2818 = CARTESIAN_POINT ( 'NONE',  ( 0.2162532529830607786, 25.09552676248684122, 23.66284728177847185 ) ) ;
#2819 = CARTESIAN_POINT ( 'NONE',  ( 23.69648360726171532, 25.25226168190417653, 0.03851995879208296863 ) ) ;
#2820 = CARTESIAN_POINT ( 'NONE',  ( 0.1145413684720600900, 25.26704357560758751, 23.69937534036325033 ) ) ;
#2821 = CARTESIAN_POINT ( 'NONE',  ( -0.0003083983702444536234, 25.26656726558583799, -23.72604003759828473 ) ) ;
#2822 = CARTESIAN_POINT ( 'NONE',  ( -23.68072414231846423, 17.27151443744542192, 0.2798127715402810023 ) ) ;
#2823 = CARTESIAN_POINT ( 'NONE',  ( -0.08257528058624451217, 7.000345051182176981, 26.22543059861294523 ) ) ;
#2824 = CARTESIAN_POINT ( 'NONE',  ( -0.1165288213408172124, 10.12426192637805400, -25.12903774191525841 ) ) ;
#2825 = AXIS2_PLACEMENT_3D ( 'NONE', #6456, #384, #2606 ) ;
#2826 = CARTESIAN_POINT ( 'NONE',  ( 25.27200438452504727, 8.282058047574446746, -0.3428088856592786948 ) ) ;
#2827 = CARTESIAN_POINT ( 'NONE',  ( 23.50462100084270389, 25.45784376843202068, 0.1177435377583623266 ) ) ;
#2828 = CARTESIAN_POINT ( 'NONE',  ( -23.10321151522986227, 21.45202063531571923, 0.8631570430230274260 ) ) ;
#2829 = CARTESIAN_POINT ( 'NONE',  ( -23.69973136073440045, 25.26775642276591682, -0.05134994112380391468 ) ) ;
#2830 = CARTESIAN_POINT ( 'NONE',  ( -25.65952456137036819, 8.333984918277501208, -0.1182381007558665764 ) ) ;
#2831 = CARTESIAN_POINT ( 'NONE',  ( 0.01701023693209912160, 15.51517576642971008, 23.98080404663674159 ) ) ;
#2832 = CARTESIAN_POINT ( 'NONE',  ( -0.2825270056824731868, 7.359220980500884579, -25.57904839084173076 ) ) ;
#2833 = CIRCLE ( 'NONE', #6202, 2.000000000000000000 ) ;
#2834 = CARTESIAN_POINT ( 'NONE',  ( 25.19908592341052511, 6.880463377444004713, -0.4704130880259733694 ) ) ;
#2835 = MANIFOLD_SOLID_BREP ( '\X2\570689d2\X0\5', #1530 ) ;
#2836 = ORIENTED_EDGE ( 'NONE', *, *, #3549, .T. ) ;
#2837 = CARTESIAN_POINT ( 'NONE',  ( -22.31947833632199973, 25.07808277404786779, 0.7323319860265382619 ) ) ;
#2838 = CARTESIAN_POINT ( 'NONE',  ( 23.68063260543878812, 25.17681228560162054, -0.07073905610769613828 ) ) ;
#2839 = CARTESIAN_POINT ( 'NONE',  ( -24.84033614737827378, 7.097306155136233308, -0.5973689462526067251 ) ) ;
#2840 = CARTESIAN_POINT ( 'NONE',  ( 0.02405086185789862344, 21.70394633441149779, -23.56894011286081536 ) ) ;
#2841 = LINE ( 'NONE', #6148, #4574 ) ;
#2842 = CARTESIAN_POINT ( 'NONE',  ( -0.5973476245489912628, 8.589055468604222199, 24.64789001157193482 ) ) ;
#2843 = EDGE_CURVE ( 'NONE', #955, #590, #613, .T. ) ;
#2844 = CARTESIAN_POINT ( 'NONE',  ( 0.2811930958780555212, 6.742452433972144554, -25.69176930620825772 ) ) ;
#2845 = CARTESIAN_POINT ( 'NONE',  ( 23.94501240748904181, 12.80914132513436776, -0.5970365292189792061 ) ) ;
#2846 = VERTEX_POINT ( 'NONE', #4501 ) ;
#2847 = CARTESIAN_POINT ( 'NONE',  ( 0.6913444985998432601, 12.80569303824998428, -23.81651766316364416 ) ) ;
#2848 = CARTESIAN_POINT ( 'NONE',  ( 23.28045872322022447, 19.03988957813753657, 0.5189051242702762412 ) ) ;
#2849 = CARTESIAN_POINT ( 'NONE',  ( -0.09337111069350531589, 12.87580186854659381, -24.44248136399897575 ) ) ;
#2850 = CARTESIAN_POINT ( 'NONE',  ( -0.7750407690860978693, 17.48127400509421037, -23.05946499839051356 ) ) ;
#2851 = CARTESIAN_POINT ( 'NONE',  ( 0.0004491899102930479830, 7.270670644340834876, 26.13398204321931217 ) ) ;
#2852 = CARTESIAN_POINT ( 'NONE',  ( -23.62225903123726312, 23.77824611692486911, -0.001076299088823467857 ) ) ;
#2853 = CARTESIAN_POINT ( 'NONE',  ( -0.5967986671559989409, 23.66475014230399054, 22.77536537653613991 ) ) ;
#2854 = CARTESIAN_POINT ( 'NONE',  ( -0.003458335422273057548, 7.255120093083697874, 26.12683197922954292 ) ) ;
#2855 = CARTESIAN_POINT ( 'NONE',  ( -5.213530464874319037, 16.71383033581603073, 13.53030303030303116 ) ) ;
#2856 = CARTESIAN_POINT ( 'NONE',  ( 0.08274577012498099404, 7.000345051182263134, 26.22543006124312015 ) ) ;
#2857 = DIRECTION ( 'NONE',  ( 0.000000000000000000, 0.000000000000000000, -1.000000000000000000 ) ) ;
#2858 = CARTESIAN_POINT ( 'NONE',  ( 0.03207763491559165181, 25.25830997827281621, -23.66442441172602429 ) ) ;
#2859 = CARTESIAN_POINT ( 'NONE',  ( -23.76070516811562428, 17.28222904059294507, -0.1215416778558672389 ) ) ;
#2860 = CARTESIAN_POINT ( 'NONE',  ( 25.33733797950937117, 8.685368828834782562, 0.6053424969838085978 ) ) ;
#2861 = CARTESIAN_POINT ( 'NONE',  ( 25.14527623069547957, 8.916145668508292488, -0.3426108598379016268 ) ) ;
#2862 = CARTESIAN_POINT ( 'NONE',  ( 14.32435137758115395, 21.71383033581603073, -2.250101689166259078 ) ) ;
#2863 = CARTESIAN_POINT ( 'NONE',  ( -23.35367446359126831, 23.42216679185340311, 0.6117054878645798999 ) ) ;
#2864 = CARTESIAN_POINT ( 'NONE',  ( -25.38986266396118907, 8.948921023100387728, 0.1998191870582857466 ) ) ;
#2865 = CARTESIAN_POINT ( 'NONE',  ( -0.4711630411552995557, 15.47833488179401229, 23.70592095676092015 ) ) ;
#2866 = CARTESIAN_POINT ( 'NONE',  ( 0.3418124121482510880, 7.399894057548072723, -25.42815461140922295 ) ) ;
#2867 = CARTESIAN_POINT ( 'NONE',  ( 25.42815461140922295, 7.399894057548072723, 0.3418124121483398503 ) ) ;
#2868 = ORIENTED_EDGE ( 'NONE', *, *, #6045, .T. ) ;
#2869 = CARTESIAN_POINT ( 'NONE',  ( -22.54917995052770152, 25.32980256659012497, -0.5968273337835272585 ) ) ;
#2870 = CARTESIAN_POINT ( 'NONE',  ( 23.56894011286081536, 21.70394633441149779, 0.02405086185798091178 ) ) ;
#2871 = CARTESIAN_POINT ( 'NONE',  ( 24.29860559183289581, 12.14496470849855214, -0.4422062062568700158 ) ) ;
#2872 = APPLICATION_CONTEXT ( 'automotive_design' ) ;
#2873 = CARTESIAN_POINT ( 'NONE',  ( -25.09954177043517376, 7.546969709034567764, -0.4695689529764834891 ) ) ;
#2874 = DIRECTION ( 'NONE',  ( 0.000000000000000000, 0.000000000000000000, -1.000000000000000000 ) ) ;
#2875 = CARTESIAN_POINT ( 'NONE',  ( -0.03324287230356006567, 8.716245063672010573, 25.59697062184812211 ) ) ;
#2876 = CARTESIAN_POINT ( 'NONE',  ( -0.09725392540352127690, 6.795564130589776042, -26.08807604309959061 ) ) ;
#2877 = CARTESIAN_POINT ( 'NONE',  ( 24.54206819476652868, 10.51593166264031787, -0.8520821663654337685 ) ) ;
#2878 = CARTESIAN_POINT ( 'NONE',  ( 24.45368777227042045, 12.87730305095578309, -0.02841794982173197898 ) ) ;
#2879 = ADVANCED_FACE ( 'NONE', ( #4392 ), #4103, .T. ) ;
#2880 = VERTEX_POINT ( 'NONE', #98 ) ;
#2881 = CARTESIAN_POINT ( 'NONE',  ( 0.2680600013468004694, 22.18389564588159857, -23.42850989036691800 ) ) ;
#2882 = CARTESIAN_POINT ( 'NONE',  ( -0.3410577336452627062, 12.85509832490702919, -24.28797065353560569 ) ) ;
#2883 = CARTESIAN_POINT ( 'NONE',  ( -0.07073905610751456130, 25.17681228560130435, -23.68063260543793191 ) ) ;
#2884 = CARTESIAN_POINT ( 'NONE',  ( -0.7993033842983483517, 7.190139889214526292, 24.31739781806564338 ) ) ;
#2885 = CARTESIAN_POINT ( 'NONE',  ( -23.60717572735964609, 23.48091686702825953, -0.02279252297955781936 ) ) ;
#2886 = CARTESIAN_POINT ( 'NONE',  ( 0.6652005728013193897, 22.48369338252528493, 22.77658375969556559 ) ) ;
#2887 = DIRECTION ( 'NONE',  ( 0.000000000000000000, 0.000000000000000000, -1.000000000000000000 ) ) ;
#2888 = DIRECTION ( 'NONE',  ( 0.000000000000000000, 0.000000000000000000, -1.000000000000000000 ) ) ;
#2889 = B_SPLINE_CURVE_WITH_KNOTS ( 'NONE', 3,
 ( #5777, #5374, #3593, #2613, #901, #3702, #3559, #5338, #355, #3628, #5227, #5921, #4108, #4682, #936, #2575, #4829, #4794, #6392, #321, #2539, #1412, #2503, #5851, #867, #1345, #5812, #6909, #3012, #2031, #7017, #4142, #829, #3049, #797, #5266 ),
 .UNSPECIFIED., .F., .F.,
 ( 4, 2, 2, 2, 2, 2, 2, 2, 2, 2, 2, 2, 2, 2, 2, 2, 2, 4 ),
 ( 0.000000000000000000, 0.0002912894099616834928, 0.0005825788199233669857, 0.001165157639846733971, 0.002330315279693468810, 0.003495472919540203866, 0.004660630559386938487, 0.006990945839080399925, 0.009321261118773861362, 0.01165157639846732193, 0.01398189167816078424, 0.01514704931800751539, 0.01631220695785424654, 0.01747736459770097422, 0.01776865400766265701, 0.01805994341762433980, 0.01835123282758602606, 0.01864252223754770885 ),
 .UNSPECIFIED. ) ;
#2890 = FACE_OUTER_BOUND ( 'NONE', #5520, .T. ) ;
#2891 = CARTESIAN_POINT ( 'NONE',  ( 23.70040438582910980, 25.24482606289721076, -0.0002696295272223142711 ) ) ;
#2892 = CARTESIAN_POINT ( 'NONE',  ( -0.2825281308612886400, 25.19909205887531911, -23.22250635572358490 ) ) ;
#2893 = CARTESIAN_POINT ( 'NONE',  ( -23.97968806693698340, 15.51502574664781697, -0.03655762309545480815 ) ) ;
#2894 = CARTESIAN_POINT ( 'NONE',  ( 0.000000000000000000, 0.7991967808059080580, 0.000000000000000000 ) ) ;
#2895 = CARTESIAN_POINT ( 'NONE',  ( 24.42431709716263555, 10.02981727485898666, 0.5975008311746673462 ) ) ;
#2896 = LINE ( 'NONE', #2969, #6667 ) ;
#2897 = CARTESIAN_POINT ( 'NONE',  ( 26.12614059053175097, 7.174808640711423102, 0.2253960003161612768 ) ) ;
#2898 = CARTESIAN_POINT ( 'NONE',  ( 0.0006455624488189016640, 7.097796175136449115, -26.18489375013751186 ) ) ;
#2899 = CARTESIAN_POINT ( 'NONE',  ( -24.07917060482841620, 9.378415858641799829, -0.7990689392555152537 ) ) ;
#2900 = CARTESIAN_POINT ( 'NONE',  ( 0.02798510942529539372, 17.28448938125150391, 23.77756256590248185 ) ) ;
#2901 = CARTESIAN_POINT ( 'NONE',  ( -0.7315544424448842120, 7.216032230033230910, -24.51051224014078400 ) ) ;
#2902 = CARTESIAN_POINT ( 'NONE',  ( 24.64941871582998800, 7.295534177002236831, 0.6646550972735422169 ) ) ;
#2903 = ORIENTED_EDGE ( 'NONE', *, *, #170, .T. ) ;
#2904 = CARTESIAN_POINT ( 'NONE',  ( -23.56255549123032367, 25.24465813719472607, -0.09634360953538161076 ) ) ;
#2905 = CARTESIAN_POINT ( 'NONE',  ( 22.90091337371847757, 22.50035399176950790, -0.5981252309285036706 ) ) ;
#2906 = CARTESIAN_POINT ( 'NONE',  ( 26.03500485941967924, 7.494501125501204619, -0.01441974098389309754 ) ) ;
#2907 = CARTESIAN_POINT ( 'NONE',  ( -24.29466854816677568, 7.439107150521222067, -0.7992565458797142863 ) ) ;
#2908 = CARTESIAN_POINT ( 'NONE',  ( 0.4733744775126919602, 19.79628655747501043, 23.28443829462598202 ) ) ;
#2909 = CARTESIAN_POINT ( 'NONE',  ( 0.6646610122894721639, 9.419468121590959697, 24.38541617802441408 ) ) ;
#2910 = CARTESIAN_POINT ( 'NONE',  ( 0.4695540431455989538, 6.779128367521678022, -25.20421417859166979 ) ) ;
#2911 = CARTESIAN_POINT ( 'NONE',  ( 23.97658945902020733, 15.51461135629530297, -0.06032762011198368468 ) ) ;
#2912 = EDGE_LOOP ( 'NONE', ( #5902, #7040, #4431, #6879 ) ) ;
#2913 = CARTESIAN_POINT ( 'NONE',  ( 0.07681798113192903066, 25.29851411751391410, -23.70617828429513096 ) ) ;
#2914 = CARTESIAN_POINT ( 'NONE',  ( -0.1974260868823281279, 18.15977129855335903, -23.65387216287189176 ) ) ;
#2915 = CARTESIAN_POINT ( 'NONE',  ( -0.03144478305279063690, 7.759752503365870524, -25.92806344266760021 ) ) ;
#2916 = CARTESIAN_POINT ( 'NONE',  ( 0.4704127533989354015, 6.980693230296439289, 25.18577218306640120 ) ) ;
#2917 = CARTESIAN_POINT ( 'NONE',  ( -23.57156317629707942, 23.77145142463624339, -0.1184619002295041190 ) ) ;
#2918 = CARTESIAN_POINT ( 'NONE',  ( -0.2817116823586303664, 23.44941857218430314, 23.37214526260992997 ) ) ;
#2919 = ORIENTED_EDGE ( 'NONE', *, *, #3636, .F. ) ;
#2920 = CARTESIAN_POINT ( 'NONE',  ( -0.4694752051533683246, 19.85603349799428585, 23.28914065179382931 ) ) ;
#2921 = FACE_OUTER_BOUND ( 'NONE', #1821, .T. ) ;
#2922 = CARTESIAN_POINT ( 'NONE',  ( 0.7682935736860820874, 9.773940090848306284, 24.83898407697378730 ) ) ;
#2923 = CARTESIAN_POINT ( 'NONE',  ( 0.000000000000000000, 16.71383033581603073, 18.42500000000000071 ) ) ;
#2924 = CARTESIAN_POINT ( 'NONE',  ( 22.05661753709545181, 0.03151920426976509426, 0.000000000000000000 ) ) ;
#2925 = CARTESIAN_POINT ( 'NONE',  ( -23.96285177239751363, 15.51276879813485010, -0.1216873979667743993 ) ) ;
#2926 = CIRCLE ( 'NONE', #3387, 1.924999999999999600 ) ;
#2927 = CARTESIAN_POINT ( 'NONE',  ( 23.70584242679139209, 25.29851411752937196, 0.1477318019403214833 ) ) ;
#2928 = EDGE_CURVE ( 'NONE', #5128, #3011, #2123, .T. ) ;
#2929 = CIRCLE ( 'NONE', #5018, 21.00000000000000000 ) ;
#2930 = CARTESIAN_POINT ( 'NONE',  ( 24.67701835143932954, 10.06368245056724575, 0.4699840214853762688 ) ) ;
#2931 = EDGE_CURVE ( 'NONE', #6409, #3011, #4870, .T. ) ;
#2932 = CARTESIAN_POINT ( 'NONE',  ( 23.09579771627772971, 25.40306210418039967, -0.3432035132355284457 ) ) ;
#2933 = CARTESIAN_POINT ( 'NONE',  ( 26.17086933788661796, 7.134220452689121750, 0.001092180969132569655 ) ) ;
#2934 = CARTESIAN_POINT ( 'NONE',  ( -14.28941916244323451, 23.71383033581603073, -8.250000000000007105 ) ) ;
#2935 = CARTESIAN_POINT ( 'NONE',  ( -24.32246082753905725, 8.805885005564817902, 0.7316557620710228971 ) ) ;
#2936 = CARTESIAN_POINT ( 'NONE',  ( 0.4689062630459454040, 17.24764673966277684, 23.50260562927583052 ) ) ;
#2937 = AXIS2_PLACEMENT_3D ( 'NONE', #5630, #2790, #2282 ) ;
#2938 = CARTESIAN_POINT ( 'NONE',  ( 0.7319031812864288389, 7.778456925126048915, -24.42914924505138785 ) ) ;
#2939 = CARTESIAN_POINT ( 'NONE',  ( 24.34539293726741249, 7.193905463350514395, -0.7984384350172440969 ) ) ;
#2940 = VERTEX_POINT ( 'NONE', #4426 ) ;
#2941 = CARTESIAN_POINT ( 'NONE',  ( -22.30647195186451626, 25.07632699044922475, -0.7311541062141628800 ) ) ;
#2942 = B_SPLINE_SURFACE_WITH_KNOTS ( 'NONE', 5, 5, ( 
 ( #2474, #1352, #3021, #4692, #6918, #1387, #1927, #3059, #3459, #7026, #4729, #1422, #2040, #908, #2073, #4803, #4871, #944, #7094, #3206, #6988, #5384, #5419, #4183, #4287, #2584, #6005 ),
 ( #875, #1021, #3239, #3129, #6400, #329, #4253, #3709, #1493, #3746, #3639, #1566, #4765, #5453, #3166, #2105, #1965, #401, #1526, #6471, #5860, #4326, #2512, #3095, #6549, #4838, #2653 ),
 ( #5968, #3785, #2622, #5929, #5893, #7059, #6506, #6955, #987, #437, #2547, #5312, #2000, #4219, #6438, #1459, #3674, #5347, #364, #6070, #28, #2760, #2834, #6107, #5047, #1157, #4943 ),
 ( #1124, #1197, #3342, #6039, #1632, #5489, #3417, #1671, #5559, #1600, #512, #4976, #545, #2180, #579, #6728, #5525, #2794, #4905, #5009, #1053, #67, #2253, #3821, #3892, #1739, #1705 ),
 ( #473, #3271, #4505, #4471, #616, #3930, #7203, #6694, #6142, #2145, #7136, #3963, #3376, #5598, #2287, #3854, #6179, #2727, #2687, #1089, #4363, #6585, #7170, #2214, #6618, #4396, #3307 ),
 ( #4430, #6656, #3010, #686, #5225, #5154, #4640, #5703, #4106, #4140, #759, #6832, #6354, #1303, #1879, #651, #1269, #1777, #1377, #3449, #6318, #6281, #4680, #5668, #6219, #721, #2939 ),
 ( #4577, #1235, #2902, #5116, #176, #2867, #3520, #1343, #5740, #5634, #2976, #212, #2388, #4609, #247, #6907, #5188, #6800, #138, #1844, #3557, #2356, #3484, #4002, #5082, #1811, #5775 ),
 ( #2463, #4036, #102, #6865, #795, #6250, #4070, #2423, #1917, #2322, #4540, #6763, #4243, #2063, #6461, #6538, #1482, #5372, #3118, #5883, #3197, #2644, #934, #4756, #5300, #5336, #1517 ),
 ( #353, #1410, #5409, #2029, #3700, #975, #899, #5810, #2501, #2573, #1990, #3155, #4792, #5956, #5919, #426, #4278, #865, #391, #6495, #5264, #2611, #3664, #7085, #827, #3085, #1954 ),
 ( #4719, #3626, #7015, #4827, #319, #7049, #4861, #1449, #3735, #3047, #2096, #4173, #4315, #3591, #6944, #287, #6390, #5849, #2537, #6978, #4206, #6427, #6101, #1625, #7196, #2279, #5001 ),
 ( #3231, #5995, #5589, #6647, #20, #1661, #4935, #6687, #4896, #608, #2719, #4498, #2206, #571, #3846, #502, #2244, #4423, #1116, #2135, #1698, #2826, #1591, #5040, #6610, #60, #7124 ),
 ( #6030, #3813, #4354, #6135, #1150, #3369, #6575, #3884, #3921, #2787, #6064, #4968, #3334, #5444, #1011, #1556, #5552, #4463, #3775, #7162, #464, #1046, #2678, #2170, #3265, #5479, #4388 ),
 ( #1080, #5518, #3300, #538, #2754, #1803, #4096, #1768, #6309, #6243, #5731, #6792, #5179, #5217, #1837, #712, #239, #2380, #2968, #1732, #2349, #2861, #2453, #4533, #203, #168, #5767 ),
 ( #6721, #751, #2414, #3994, #5661, #2314, #6211, #1227, #1262, #3956, #4601, #4632, #6825, #6171, #4064, #1295, #3477, #4029, #1335, #787, #6275, #678, #3442, #5696, #6858, #95, #3511 ),
 ( #1188, #5146, #1869, #2895, #2930, #5109, #644, #130, #3408, #4568, #3550, #3001, #5627, #5075, #6755, #5840, #6559, #5428, #447, #5501, #2663, #3038, #857, #2493, #522, #5978, #3215 ),
 ( #6969, #4746, #6381, #4880, #3830, #2529, #7105, #1908, #2116, #5255, #7146, #4337, #819, #995, #6049, #6014, #1063, #3077, #1401, #1030, #6516, #4711, #4372, #1575, #3795, #2155, #2081 ),
 ( #3617, #3282, #4297, #2701, #5291, #6897, #3249, #278, #311, #5463, #481, #4917, #4672, #6594, #6936, #1536, #1944, #4132, #1610, #6344, #5801, #4164, #3757, #1368, #3582, #627, #1788 ),
 ( #4012, #4985, #1246, #3386, #2332, #2190, #5609, #1751, #2262, #3866, #5092, #2737, #6081, #6775, #5058, #2878, #3973, #5020, #6153, #1168, #4406, #7179, #6227, #2845, #6193, #78, #6117 ),
 ( #662, #1210, #3317, #555, #5535, #2297, #4515, #5646, #6702, #112, #6738, #4550, #42, #3460, #1, #5679, #4480, #3427, #2804, #4952, #6628, #1643, #3938, #1099, #2770, #2224, #4443 ),
 ( #6669, #1681, #3352, #3902, #1713, #1133, #5570, #589, #6919, #3602, #2951, #6842, #3493, #5165, #186, #2437, #2911, #1353, #6365, #3567, #3640, #5785, #2475, #223, #2986, #297, #6956 ),
 ( #732, #769, #4184, #259, #4693, #2398, #804, #4652, #5712, #2513, #6329, #3022, #5276, #5198, #5127, #6810, #6877, #6291, #1928, #1891, #3060, #5237, #4730, #1388, #4618, #4151, #5822 ),
 ( #4118, #6401, #151, #1853, #6259, #1423, #695, #1316, #4586, #4079, #838, #1966, #2367, #1820, #4047, #1278, #3534, #5751, #6507, #5454, #5313, #1527, #4872, #5385, #6989, #1022, #5861 ),
 ( #988, #6007, #7096, #945, #4288, #3747, #330, #3096, #2689, #5969, #2107, #3207, #2041, #3787, #2001, #4907, #7027, #1602, #5420, #4327, #3167, #4804, #6551, #438, #2654, #6439, #3240 ),
 ( #909, #474, #402, #1567, #5930, #7138, #4364, #2147, #7060, #6587, #876, #2548, #4766, #1494, #4220, #1460, #3675, #5894, #3130, #5348, #365, #2585, #2623, #4839, #4254, #6472, #3710 ),
 ( #3309, #5562, #6040, #1159, #6731, #5600, #6766, #70, #1742, #3344, #6109, #5637, #2870, #6182, #4977, #5527, #581, #1200, #4398, #4543, #654, #5085, #105, #3855, #2325, #2761, #546 ),
 ( #3822, #1054, #3273, #5490, #2796, #30, #513, #2729, #4944, #7204, #2216, #2254, #7171, #6620, #2182, #1634, #6071, #1091, #4432, #6658, #1673, #3894, #4005, #2905, #1307, #179, #3560 ),
 ( #6222, #2427, #2359, #2943, #5778, #4643, #6868, #2505, #1882, #141, #5157, #6803, #4722, #215, #4109, #5120, #1814, #4073, #1847, #3487, #6321, #3050, #6835, #3013, #1238, #5228, #4580 ),
 ( #3452, #250, #2466, #3524, #4039, #4143, #1781, #6253, #5813, #4683, #1920, #6911, #5743, #6357, #1380, #5671, #1272, #5267, #3594, #290, #5706, #2391, #724, #4612, #5997, #902, #2680 ),
 ( #7052, #2614, #2646, #3703, #4863, #2066, #7088, #2032, #4317, #1993, #6540, #6464, #5959, #7018, #5412, #5446, #4281, #937, #466, #4830, #3200, #1958, #2576, #3088, #6947, #4759, #429 ),
 ( #3778, #1452, #4176, #979, #6499, #4246, #3121, #1485, #5922, #1013, #6429, #868, #5852, #2098, #1558, #322, #6981, #2540, #1520, #3738, #3232, #3158, #6393, #1413, #3629, #5375, #5304 ),
 ( #393, #4209, #3667, #5886, #5339, #356, #4795, #5628, #573, #1151, #7126, #539, #1048, #645, #2721, #5590, #5553, #3957, #4937, #5482, #4970, #7197, #4898, #4499, #6722, #3370, #7164 ),
 ( #4390, #3885, #2207, #3814, #6688, #3335, #6102, #3847, #504, #2245, #1699, #2173, #6611, #4424, #1189, #4465, #3922, #1626, #2755, #4356, #2788, #5041, #6065, #1662, #1081, #6032, #3301 ),
 ( #6136, #6648, #61, #5002, #2280, #609, #5519, #21, #2827, #6578, #1733, #1117, #3409, #2138, #6172, #3266, #1593, #1369, #1263, #6756, #679, #2932, #4065, #1838, #4097, #4534, #1909 ) ),
 .UNSPECIFIED., .F., .F., .F.,
 ( 6, 3, 3, 3, 3, 3, 3, 3, 3, 3, 6 ),
 ( 6, 3, 3, 3, 3, 3, 3, 3, 6 ),
 ( -9.492432588434672525, -8.986881764286426488, -8.685081794903421581, -8.039780003563544497, -6.749176420883792993, -5.040852057884327664, -0.5574618340295174335, 3.862309003216356729, 6.789222592304666293, 8.252679386848820187, 9.347638972562583248 ),
 ( -0.7955525503947592503, -0.4629220166368858691, -0.1639025916806938765, -0.05759024914075072665, -0.004434077870779096209, 0.04973677919067431841, 0.1580784933135809256, 0.4637513870615671552, 0.8020406633021305298 ),
 .UNSPECIFIED. ) ;
#2943 = CARTESIAN_POINT ( 'NONE',  ( 22.80742098655862193, 23.37373808682390219, 0.5968281189706212686 ) ) ;
#2944 = AXIS2_PLACEMENT_3D ( 'NONE', #6898, #4133, #6212 ) ;
#2945 = CARTESIAN_POINT ( 'NONE',  ( 25.63936261852891718, 8.485308167534292068, -0.09018190639847926959 ) ) ;
#2946 = CARTESIAN_POINT ( 'NONE',  ( -25.12618509678401324, 7.359426525339395120, -0.4695603451283096863 ) ) ;
#2947 = DIRECTION ( 'NONE',  ( -0.000000000000000000, 1.000000000000000000, -0.000000000000000000 ) ) ;
#2948 = CARTESIAN_POINT ( 'NONE',  ( -0.03441342114621828707, 10.12794508227044332, 25.15653215034265600 ) ) ;
#2949 = CARTESIAN_POINT ( 'NONE',  ( 0.03169431411360822126, 7.109261950634377492, -26.14521383683624478 ) ) ;
#2950 = CIRCLE ( 'NONE', #6673, 2.000000000000000000 ) ;
#2951 = CARTESIAN_POINT ( 'NONE',  ( 23.97619778661232814, 15.51455774066545068, 0.06846804409353926535 ) ) ;
#2952 = VERTEX_POINT ( 'NONE', #3372 ) ;
#2953 = CARTESIAN_POINT ( 'NONE',  ( -0.04987746911978165748, 8.000568059634534990, -25.83179900272516250 ) ) ;
#2954 = CIRCLE ( 'NONE', #6210, 2.000000000000000888 ) ;
#2955 = CARTESIAN_POINT ( 'NONE',  ( 0.2025679516858114870, 18.15973992835600015, -23.65366421945572384 ) ) ;
#2956 = DIRECTION ( 'NONE',  ( 0.000000000000000000, 0.000000000000000000, -1.000000000000000000 ) ) ;
#2957 = CARTESIAN_POINT ( 'NONE',  ( 0.0001812680635515737527, 7.482936854728404086, 26.04781636414378099 ) ) ;
#2958 = CARTESIAN_POINT ( 'NONE',  ( -22.65063617353601444, 23.64804645378043801, 0.6653290516701844126 ) ) ;
#2959 = CARTESIAN_POINT ( 'NONE',  ( 0.1179811376683293361, 24.28790063158485779, 23.57297983354384385 ) ) ;
#2960 = VERTEX_POINT ( 'NONE', #6724 ) ;
#2961 = CARTESIAN_POINT ( 'NONE',  ( -0.1059855199420427496, 25.04912648538939735, 23.65426932299772034 ) ) ;
#2962 = DIRECTION ( 'NONE',  ( 0.000000000000000000, 0.000000000000000000, 1.000000000000000000 ) ) ;
#2963 = CARTESIAN_POINT ( 'NONE',  ( 0.5479182745307014102, 8.334747961704275454, 25.50823578891467491 ) ) ;
#2964 = DIRECTION ( 'NONE',  ( 0.000000000000000000, -1.000000000000000000, -0.000000000000000000 ) ) ;
#2965 = CARTESIAN_POINT ( 'NONE',  ( -0.7320889084265792546, 6.588906719789394018, 24.54600598151475666 ) ) ;
#2966 = CARTESIAN_POINT ( 'NONE',  ( -23.33564753228909083, 17.22526362585847437, -0.5981373819672642922 ) ) ;
#2967 =( NAMED_UNIT ( * ) SI_UNIT ( $, .STERADIAN. ) SOLID_ANGLE_UNIT ( ) );
#2968 = CARTESIAN_POINT ( 'NONE',  ( 25.47258348128004357, 8.960005574974109877, -0.1174034232408241174 ) ) ;
#2969 = CARTESIAN_POINT ( 'NONE',  ( 0.000000000000000000, 0.7991967808059080580, -21.00000000000000000 ) ) ;
#2970 = EDGE_CURVE ( 'NONE', #580, #6366, #1431, .T. ) ;
#2971 = CARTESIAN_POINT ( 'NONE',  ( 26.16140522950419012, 7.113521166002502838, 0.07457264525849278958 ) ) ;
#2972 = CARTESIAN_POINT ( 'NONE',  ( 0.09853044982651674999, 21.70222760334163326, -23.55611942222292399 ) ) ;
#2973 = CARTESIAN_POINT ( 'NONE',  ( -24.61738289062352791, 8.845405828585933605, 0.5977221028082447818 ) ) ;
#2974 = CARTESIAN_POINT ( 'NONE',  ( 0.1145828791270445679, 17.28230370025627138, 23.76124685963886307 ) ) ;
#2975 = CARTESIAN_POINT ( 'NONE',  ( 0.06484063087718087981, 8.340861990875474419, -25.71083933975504365 ) ) ;
#2976 = CARTESIAN_POINT ( 'NONE',  ( 25.98923683220028025, 7.475086149843733097, 0.06408457021994912184 ) ) ;
#2977 = VERTEX_POINT ( 'NONE', #541 ) ;
#2978 = CARTESIAN_POINT ( 'NONE',  ( -23.33803229349422637, 25.43551878647020459, -0.1995922554626934353 ) ) ;
#2979 = CARTESIAN_POINT ( 'NONE',  ( 24.08679644800023212, 12.89021491966755484, -0.4925689247590364639 ) ) ;
#2980 = CARTESIAN_POINT ( 'NONE',  ( 25.61745402047165854, 8.538826657880580484, 0.09446585344906233139 ) ) ;
#2981 = CARTESIAN_POINT ( 'NONE',  ( -24.81443405581525141, 7.317648187278075866, -0.5973541644162412290 ) ) ;
#2982 = CARTESIAN_POINT ( 'NONE',  ( 0.1300909635885915683, 8.899685846656481658, 25.47435321639049732 ) ) ;
#2983 = CARTESIAN_POINT ( 'NONE',  ( -0.6646720143046151996, 10.01140974501168301, 24.28696034282409499 ) ) ;
#2984 = CARTESIAN_POINT ( 'NONE',  ( -0.2006587820256016952, 6.865308770069307620, -25.84726799526633556 ) ) ;
#2985 = DIRECTION ( 'NONE',  ( 0.000000000000000000, -1.000000000000000000, 0.000000000000000000 ) ) ;
#2986 = CARTESIAN_POINT ( 'NONE',  ( 23.43693575439844423, 15.44229858335834749, -0.6639565976176452500 ) ) ;
#2987 = ORIENTED_EDGE ( 'NONE', *, *, #6577, .T. ) ;
#2988 = CARTESIAN_POINT ( 'NONE',  ( 0.1059855199425375621, 25.04912648538915576, -23.65426932299919827 ) ) ;
#2989 = CARTESIAN_POINT ( 'NONE',  ( 0.4708527579911506722, 18.12883771833169888, -23.42308248650235214 ) ) ;
#2990 = CARTESIAN_POINT ( 'NONE',  ( -0.7141628720828704369, 9.409722450743732480, -25.00559022379340846 ) ) ;
#2991 = CARTESIAN_POINT ( 'NONE',  ( -0.7992252429784220125, 7.627790439973450631, 24.27653294587950938 ) ) ;
#2992 = CARTESIAN_POINT ( 'NONE',  ( -22.22579851057837885, 24.62361645405197308, -0.7983284768330529690 ) ) ;
#2993 = CARTESIAN_POINT ( 'NONE',  ( -0.7311216531291908627, 24.64304210617630275, 22.37075272097566625 ) ) ;
#2994 = EDGE_LOOP ( 'NONE', ( #29, #6764, #976, #6801, #3156, #6022, #5209, #6739 ) ) ;
#2995 = CARTESIAN_POINT ( 'NONE',  ( -0.3168560430992305443, 10.65508634487517448, 24.79070205974218766 ) ) ;
#2996 = DIRECTION ( 'NONE',  ( 0.000000000000000000, 1.000000000000000000, 0.000000000000000000 ) ) ;
#2997 = CARTESIAN_POINT ( 'NONE',  ( -26.05111696981699509, 6.790609428828042304, -0.1173728927077013345 ) ) ;
#2998 = CARTESIAN_POINT ( 'NONE',  ( 26.20179265738465801, 7.054803739118422179, -0.0003381764004315509641 ) ) ;
#2999 = CARTESIAN_POINT ( 'NONE',  ( 0.07677127596799404596, 25.29851411751397094, 23.70617843559350391 ) ) ;
#3000 = CARTESIAN_POINT ( 'NONE',  ( -22.78172998809184335, 21.00783192400292876, -0.7314409189696194913 ) ) ;
#3001 = CARTESIAN_POINT ( 'NONE',  ( 25.15653215034265600, 10.12794508227044332, 0.03441342114648178463 ) ) ;
#3002 = CARTESIAN_POINT ( 'NONE',  ( -25.88957437682375939, 3.760367054727149494, -51.77914875364749747 ) ) ;
#3003 = CARTESIAN_POINT ( 'NONE',  ( 23.62696486804326668, 24.30073493625322811, 0.05594717616434136814 ) ) ;
#3004 = CARTESIAN_POINT ( 'NONE',  ( -0.04137760642305073761, 7.046310596865553499, -26.19939777963012872 ) ) ;
#3005 = CARTESIAN_POINT ( 'NONE',  ( -0.4707476128593658937, 24.20876841959674053, -22.98245433366439272 ) ) ;
#3006 = CARTESIAN_POINT ( 'NONE',  ( -25.12178023679577521, 9.518143642770894530, 0.2817339035234248668 ) ) ;
#3007 = CARTESIAN_POINT ( 'NONE',  ( 0.09294234396024678158, 17.28310456866912403, 23.76722453529430368 ) ) ;
#3008 = CARTESIAN_POINT ( 'NONE',  ( -0.3429291450282886400, 7.773697820844326145, -25.36525211392447687 ) ) ;
#3009 = ADVANCED_FACE ( 'NONE', ( #1701 ), #1735, .F. ) ;
#3010 = CARTESIAN_POINT ( 'NONE',  ( 24.65597674509464809, 7.235513445940877197, 0.6646614177363788789 ) ) ;
#3011 = VERTEX_POINT ( 'NONE', #3924 ) ;
#3012 = CARTESIAN_POINT ( 'NONE',  ( 23.62128949667855338, 24.23740169532108979, -0.06090714838616722443 ) ) ;
#3013 = CARTESIAN_POINT ( 'NONE',  ( 22.81416754297545779, 23.37465265044113849, -0.5982577814042974174 ) ) ;
#3014 = CARTESIAN_POINT ( 'NONE',  ( 23.59826535159725225, 15.16282004625731084, -0.5836893844505083306 ) ) ;
#3015 = CARTESIAN_POINT ( 'NONE',  ( 23.69720220673127997, 25.20458595692221948, 2.227582009688335317E-05 ) ) ;
#3016 = CARTESIAN_POINT ( 'NONE',  ( -25.88461311594566538, 7.652179033567722222, -0.09635304106266566471 ) ) ;
#3017 = CARTESIAN_POINT ( 'NONE',  ( -5.213530464874319037, 16.71383033581603073, 15.53030303030303116 ) ) ;
#3018 = CARTESIAN_POINT ( 'NONE',  ( 0.7986034557198988804, 8.785577948236962698, 24.17092060271564335 ) ) ;
#3019 = CARTESIAN_POINT ( 'NONE',  ( 0.1175078405308428442, 7.087472693424493819, -25.98262308777554352 ) ) ;
#3020 = EDGE_CURVE ( 'NONE', #1582, #6409, #7135, .T. ) ;
#3021 = CARTESIAN_POINT ( 'NONE',  ( 24.71988689090627034, 6.612208790073230702, 0.6647463861250297867 ) ) ;
#3022 = CARTESIAN_POINT ( 'NONE',  ( 23.77729147691507094, 17.28445248893818231, 0.03641307569749781953 ) ) ;
#3023 = ORIENTED_EDGE ( 'NONE', *, *, #1682, .F. ) ;
#3024 = CARTESIAN_POINT ( 'NONE',  ( 0.1413806469542440436, 25.22791142343893611, -23.69095790871179119 ) ) ;
#3025 = CARTESIAN_POINT ( 'NONE',  ( -0.5969078494083253084, 17.22501642329921978, -23.33372472956276766 ) ) ;
#3026 = CARTESIAN_POINT ( 'NONE',  ( -0.8854355369164116363, 10.89144621156309256, -24.41332133017892048 ) ) ;
#3027 = CARTESIAN_POINT ( 'NONE',  ( 0.2005071521236945209, 7.441455434846184325, 25.73825954419639928 ) ) ;
#3028 = CARTESIAN_POINT ( 'NONE',  ( -23.66764345771550637, 25.03779183631888472, -0.03219708182507590583 ) ) ;
#3029 = CARTESIAN_POINT ( 'NONE',  ( 0.03119370008005140082, 23.77739148762356081, 23.61587948483549226 ) ) ;
#3030 = ORIENTED_EDGE ( 'NONE', *, *, #7195, .T. ) ;
#3031 = CARTESIAN_POINT ( 'NONE',  ( -0.2729597358186600098, 24.97003991869711825, 23.63660448047559370 ) ) ;
#3032 = CARTESIAN_POINT ( 'NONE',  ( -26.06883101140920189, 7.410146188233365905, -0.009853603598111639050 ) ) ;
#3033 = CARTESIAN_POINT ( 'NONE',  ( -26.17320945403743337, 7.011000155478478213, 0.03277180836239648037 ) ) ;
#3034 = DIRECTION ( 'NONE',  ( 0.000000000000000000, -0.000000000000000000, 1.000000000000000000 ) ) ;
#3035 = CARTESIAN_POINT ( 'NONE',  ( -23.56908634835379246, 23.66372996600151524, -0.1145011863358556536 ) ) ;
#3036 = CARTESIAN_POINT ( 'NONE',  ( -23.45113447179054589, 21.09754653267484414, 0.2810843477077147323 ) ) ;
#3037 = CARTESIAN_POINT ( 'NONE',  ( 23.04261492117889176, 17.48834503507695004, 1.114073641700625616 ) ) ;
#3038 = CARTESIAN_POINT ( 'NONE',  ( 24.89185616095691600, 10.09247960894329310, -0.3421590482129716615 ) ) ;
#3039 = CARTESIAN_POINT ( 'NONE',  ( -23.67310294152349215, 25.14409475808708905, 0.1921268608660292310 ) ) ;
#3040 = CARTESIAN_POINT ( 'NONE',  ( 23.57438089610536025, 24.64649540173765985, 0.1831938691387234586 ) ) ;
#3041 = CARTESIAN_POINT ( 'NONE',  ( 22.05661753709545181, 0.03151920426976555223, 44.11323507419089651 ) ) ;
#3042 = CARTESIAN_POINT ( 'NONE',  ( -0.6653579335524177907, 24.15614820411744645, -22.58977767876991294 ) ) ;
#3043 = CARTESIAN_POINT ( 'NONE',  ( -23.91087727775478911, 11.55514263682039378, -0.7319923400098614641 ) ) ;
#3044 = CARTESIAN_POINT ( 'NONE',  ( 0.01733149793778002851, 18.16599220018468941, 23.70030570894395083 ) ) ;
#3045 = CARTESIAN_POINT ( 'NONE',  ( -0.7316028320071801261, 7.652832880684028005, -24.46330522331339452 ) ) ;
#3046 = CIRCLE ( 'NONE', #6529, 2.000000000000000000 ) ;
#3047 = CARTESIAN_POINT ( 'NONE',  ( 25.79739039557750857, 7.961818124242337369, 0.09656653986464099060 ) ) ;
#3048 = ORIENTED_EDGE ( 'NONE', *, *, #2566, .F. ) ;
#3049 = CARTESIAN_POINT ( 'NONE',  ( 23.68527774943849096, 25.01036906941783755, -0.003002548967109976586 ) ) ;
#3050 = CARTESIAN_POINT ( 'NONE',  ( 23.27652004264805186, 23.43660947284005047, -0.3428390785271705488 ) ) ;
#3051 = CARTESIAN_POINT ( 'NONE',  ( 0.05540326937832013021, 25.31142919978220718, 23.70898933549647580 ) ) ;
#3052 = CARTESIAN_POINT ( 'NONE',  ( 2.227582001418953908E-05, 25.20458595692225146, -23.69720220673127997 ) ) ;
#3053 = CARTESIAN_POINT ( 'NONE',  ( -24.46330522331339807, 7.652832880684028005, 0.7316028320070946389 ) ) ;
#3054 = VECTOR ( 'NONE', #172, 1000.000000000000000 ) ;
#3055 = CARTESIAN_POINT ( 'NONE',  ( -0.02518353777478293809, 6.975386537684695298, 26.23959800836318479 ) ) ;
#3056 = CARTESIAN_POINT ( 'NONE',  ( -0.02377613827401355712, 10.12811467823015654, 25.15779701832981274 ) ) ;
#3057 = CARTESIAN_POINT ( 'NONE',  ( -0.09720992475091649876, 6.894546603028785192, -26.06545407122432678 ) ) ;
#3058 = B_SPLINE_CURVE_WITH_KNOTS ( 'NONE', 3,
 ( #2457, #2383, #4135, #4604 ),
 .UNSPECIFIED., .F., .F.,
 ( 4, 4 ),
 ( 0.000000000000000000, 0.4989916075176926702 ),
 .UNSPECIFIED. ) ;
#3059 = CARTESIAN_POINT ( 'NONE',  ( 25.88725068453113565, 6.768649274056373066, 0.1992088392051351575 ) ) ;
#3060 = CARTESIAN_POINT ( 'NONE',  ( 23.68072414231846423, 17.27151443744542192, -0.2798127715402810023 ) ) ;
#3061 = ORIENTED_EDGE ( 'NONE', *, *, #3454, .T. ) ;
#3062 = CARTESIAN_POINT ( 'NONE',  ( 0.01253079447211974569, 7.461012785955209559, -26.04885650848122225 ) ) ;
#3063 = EDGE_CURVE ( 'NONE', #3850, #1003, #6886, .T. ) ;
#3064 = CARTESIAN_POINT ( 'NONE',  ( 0.1000727049929885093, 18.16446336358474412, -23.68890485977179239 ) ) ;
#3065 = CARTESIAN_POINT ( 'NONE',  ( -0.2828522058047078791, 7.294053595563072534, -26.05922086546092586 ) ) ;
#3066 = CARTESIAN_POINT ( 'NONE',  ( 0.7315619528213527234, 7.276086952618796566, 24.50420786322754907 ) ) ;
#3067 = CARTESIAN_POINT ( 'NONE',  ( -22.64581612179543413, 24.67990405432716372, -0.5967776454831987820 ) ) ;
#3068 = AXIS2_PLACEMENT_3D ( 'NONE', #2102, #7056, #3092 ) ;
#3069 = CARTESIAN_POINT ( 'NONE',  ( -0.7311051398590444617, 24.13623713115205405, 22.44128804307342051 ) ) ;
#3070 = ORIENTED_EDGE ( 'NONE', *, *, #6799, .T. ) ;
#3071 = CARTESIAN_POINT ( 'NONE',  ( -0.4700449676456083248, 22.22709421509453875, 23.19362580535147345 ) ) ;
#3072 = CARTESIAN_POINT ( 'NONE',  ( -23.39558231755757234, 16.73757962581336400, -0.5917704747545128319 ) ) ;
#3073 = DIRECTION ( 'NONE',  ( 0.000000000000000000, 0.000000000000000000, -1.000000000000000000 ) ) ;
#3074 = CARTESIAN_POINT ( 'NONE',  ( -23.39730336433100888, 16.72222576410724315, -0.5918215595638204318 ) ) ;
#3075 = CARTESIAN_POINT ( 'NONE',  ( -23.59104488530453736, 19.63382064958560136, -0.1208917210214085075 ) ) ;
#3076 = CARTESIAN_POINT ( 'NONE',  ( 23.69048735675090001, 25.22572003858372724, 0.1429540498039994778 ) ) ;
#3077 = CARTESIAN_POINT ( 'NONE',  ( 25.04583866975146833, 10.45783143865956255, -0.09467986506094987209 ) ) ;
#3078 = CARTESIAN_POINT ( 'NONE',  ( -23.64458441673095379, 24.49189214036840312, 0.03940732633409917141 ) ) ;
#3079 = CARTESIAN_POINT ( 'NONE',  ( 23.65581852193968615, 24.59091020607617395, 0.03029884817599536734 ) ) ;
#3080 = CARTESIAN_POINT ( 'NONE',  ( -23.70034385048622028, 25.26892428421362169, -0.02772834829836337556 ) ) ;
#3081 = CARTESIAN_POINT ( 'NONE',  ( -0.3428390785272518171, 23.43660947284005047, -23.27652004264805186 ) ) ;
#3082 = CARTESIAN_POINT ( 'NONE',  ( -24.71310389499135596, 11.66265299640187791, -0.1205736387842048923 ) ) ;
#3083 = CARTESIAN_POINT ( 'NONE',  ( 0.1989131072165059300, 21.69595767891274818, 23.50931238576199434 ) ) ;
#3084 = CARTESIAN_POINT ( 'NONE',  ( 0.2000287126785474101, 8.697166509801872891, -25.45461304660854296 ) ) ;
#3085 = CARTESIAN_POINT ( 'NONE',  ( 24.46330522331339807, 7.652832880684028005, -0.7316028320070946389 ) ) ;
#3086 = ORIENTED_EDGE ( 'NONE', *, *, #2928, .T. ) ;
#3087 = LINE ( 'NONE', #1760, #2805 ) ;
#3088 = CARTESIAN_POINT ( 'NONE',  ( 22.72641649379460560, 24.17445834863378096, -0.5983403356110907900 ) ) ;
#3089 = CARTESIAN_POINT ( 'NONE',  ( -23.61292361313876143, 24.14432414700426222, -0.06971108913966074516 ) ) ;
#3090 = DIRECTION ( 'NONE',  ( 0.000000000000000000, 1.000000000000000000, 0.000000000000000000 ) ) ;
#3091 = CARTESIAN_POINT ( 'NONE',  ( -25.84820727952780217, 7.647302231034047715, 0.1183354922049253410 ) ) ;
#3092 = DIRECTION ( 'NONE',  ( -1.000000000000000000, 6.245004513516505540E-14, 0.000000000000000000 ) ) ;
#3093 = CARTESIAN_POINT ( 'NONE',  ( -0.09927786080677346303, 11.66359814509215198, 24.72015541586822707 ) ) ;
#3094 = CARTESIAN_POINT ( 'NONE',  ( -0.0009536817828259378134, 6.924523738388137062, -26.28915651848933521 ) ) ;
#3095 = CARTESIAN_POINT ( 'NONE',  ( 24.89646715660835596, 6.737897070245309372, -0.5977251723704802844 ) ) ;
#3096 = CARTESIAN_POINT ( 'NONE',  ( 23.56120900528502204, 19.62982168343879152, 0.2020989148875593222 ) ) ;
#3097 = CARTESIAN_POINT ( 'NONE',  ( 0.3500922840513007728, 21.35828790264247345, -23.35969497856868315 ) ) ;
#3098 = CARTESIAN_POINT ( 'NONE',  ( 0.06692665465225039467, 21.11359497120509943, -23.57091429477132039 ) ) ;
#3099 = CARTESIAN_POINT ( 'NONE',  ( 0.000000000000000000, 25.71383033581602362, 0.000000000000000000 ) ) ;
#3100 = CARTESIAN_POINT ( 'NONE',  ( 0.02140522874413059926, 7.663822280232503559, 25.97148995440927521 ) ) ;
#3101 = CARTESIAN_POINT ( 'NONE',  ( -23.68331112769830682, 24.81894219465469931, -0.0001611437238431441814 ) ) ;
#3102 = CARTESIAN_POINT ( 'NONE',  ( -0.09650496907871668195, 24.80583672710693577, 23.58552146685421036 ) ) ;
#3103 = ADVANCED_FACE ( 'NONE', ( #7199 ), #5043, .T. ) ;
#3104 = CARTESIAN_POINT ( 'NONE',  ( 0.1204802660441542522, 7.027301198490235379, 26.20996802267645265 ) ) ;
#3105 = CARTESIAN_POINT ( 'NONE',  ( -0.1413806469551532330, 25.22791142343975324, 23.69095790871201146 ) ) ;
#3106 = CARTESIAN_POINT ( 'NONE',  ( -23.42850989036138998, 22.18389564586420803, -0.2680600013525596403 ) ) ;
#3107 = DIRECTION ( 'NONE',  ( 1.000000000000000000, -6.071532165918829879E-14, 9.057889269696225796E-27 ) ) ;
#3108 = CARTESIAN_POINT ( 'NONE',  ( -0.02060911764570721311, 6.821508582189571790, 26.28168710575818068 ) ) ;
#3109 = CARTESIAN_POINT ( 'NONE',  ( -23.65387216287189176, 18.15977129855335903, 0.1974260868822455550 ) ) ;
#3110 = VERTEX_POINT ( 'NONE', #1191 ) ;
#3111 = CARTESIAN_POINT ( 'NONE',  ( -23.42738634833852274, 22.17377061502906699, 0.2664649105003935037 ) ) ;
#3112 = CARTESIAN_POINT ( 'NONE',  ( 23.01001193883818274, 19.08638113527781854, 0.7148879621573207555 ) ) ;
#3113 = DIRECTION ( 'NONE',  ( 0.000000000000000000, 0.000000000000000000, -1.000000000000000000 ) ) ;
#3114 = CARTESIAN_POINT ( 'NONE',  ( 0.5967986671561579248, 23.66475014230399054, -22.77536537653613635 ) ) ;
#3115 = CARTESIAN_POINT ( 'NONE',  ( -25.05634095479575407, 10.45923741916914729, -0.06656756002506250547 ) ) ;
#3116 = CARTESIAN_POINT ( 'NONE',  ( 0.2810843477079603692, 21.09754653267484414, 23.45113447179054234 ) ) ;
#3117 = CARTESIAN_POINT ( 'NONE',  ( 0.09738559518139017213, 8.962011880067395353, -25.48756902402082503 ) ) ;
#3118 = CARTESIAN_POINT ( 'NONE',  ( 25.84820727952780217, 7.647302231034047715, -0.1183354922049253410 ) ) ;
#3119 = ORIENTED_EDGE ( 'NONE', *, *, #6935, .T. ) ;
#3120 = CARTESIAN_POINT ( 'NONE',  ( -5.557380924328068759E-09, 25.32364316114457736, -23.71146907336101606 ) ) ;
#3121 = CARTESIAN_POINT ( 'NONE',  ( 23.25979080466316518, 24.76218450366447499, 0.2814301693336271337 ) ) ;
#3122 = CARTESIAN_POINT ( 'NONE',  ( -0.01416770204033161208, 25.28460175508452323, 23.70370387638991616 ) ) ;
#3123 = CARTESIAN_POINT ( 'NONE',  ( 14.28941916244324162, 21.71383033581603073, -8.249999999999998224 ) ) ;
#3124 = CARTESIAN_POINT ( 'NONE',  ( -25.63757194351691382, 7.940400226509627402, -0.1996461959441540868 ) ) ;
#3125 = CARTESIAN_POINT ( 'NONE',  ( 0.000000000000000000, 25.29851411751397094, 0.000000000000000000 ) ) ;
#3126 = CARTESIAN_POINT ( 'NONE',  ( 0.02896202565368389409, 11.66516692531748767, 24.73185362506179175 ) ) ;
#3127 = CARTESIAN_POINT ( 'NONE',  ( -0.5977512566126645943, 7.099200616832074928, -24.85439492244316639 ) ) ;
#3128 = B_SPLINE_CURVE_WITH_KNOTS ( 'NONE', 3,
 ( #6256, #6361, #5747, #5232, #765, #254, #294, #6325, #2982, #4008, #6872, #2471, #3456, #5194, #145, #5674, #6806, #1349, #1924, #691, #2908, #4583, #5272, #3490, #5709, #5160, #182, #219, #3564, #5782, #1962, #398, #5416, #2618, #2684, #4834 ),
 .UNSPECIFIED., .F., .F.,
 ( 4, 2, 2, 2, 2, 2, 2, 2, 2, 2, 2, 2, 2, 2, 2, 2, 2, 4 ),
 ( 0.000000000000000000, 0.0002912894099616682056, 0.0005825788199233364112, 0.001165157639846677593, 0.002330315279693360390, 0.003495472919540042103, 0.004660630559386724249, 0.006990945839080092879, 0.009321261118773462376, 0.01165157639846682407, 0.01398189167816018576, 0.01514704931800686660, 0.01631220695785354918, 0.01747736459770022829, 0.01776865400766190067, 0.01805994341762356958, 0.01835123282758524196, 0.01864252223754691087 ),
 .UNSPECIFIED. ) ;
#3129 = CARTESIAN_POINT ( 'NONE',  ( 24.88069799253018033, 6.735773402202804405, 0.5974030541337521649 ) ) ;
#3130 = CARTESIAN_POINT ( 'NONE',  ( 23.55518833206853913, 21.11148916428295053, -0.1159648426950191241 ) ) ;
#3131 = CARTESIAN_POINT ( 'NONE',  ( -0.2722070405102534063, 22.11733459307137295, -23.42241631357959974 ) ) ;
#3132 = CARTESIAN_POINT ( 'NONE',  ( -0.1978887646248193577, 19.62967139840710828, -23.56006139678801148 ) ) ;
#3133 = DIRECTION ( 'NONE',  ( 0.000000000000000000, 0.000000000000000000, -1.000000000000000000 ) ) ;
#3134 = CARTESIAN_POINT ( 'NONE',  ( -0.0007686327778986526069, 8.343175382773168280, 25.72809820416398452 ) ) ;
#3135 = B_SPLINE_CURVE_WITH_KNOTS ( 'NONE', 3,
 ( #2706, #6483, #7001, #5433 ),
 .UNSPECIFIED., .F., .F.,
 ( 4, 4 ),
 ( 0.4989916075176926702, 1.000000000000000000 ),
 .UNSPECIFIED. ) ;
#3136 = CARTESIAN_POINT ( 'NONE',  ( -0.5968024313823998561, 25.11340796235337081, 22.58316975690156525 ) ) ;
#3137 = CARTESIAN_POINT ( 'NONE',  ( 0.7606640714497786560, 14.33815891483151894, 23.46248762350925077 ) ) ;
#3138 = ORIENTED_EDGE ( 'NONE', *, *, #748, .T. ) ;
#3139 = DIRECTION ( 'NONE',  ( 0.000000000000000000, 0.000000000000000000, 1.000000000000000000 ) ) ;
#3140 = CARTESIAN_POINT ( 'NONE',  ( -25.85376602213332475, 7.675286467896644815, -0.1953888825651758920 ) ) ;
#3141 = CARTESIAN_POINT ( 'NONE',  ( 0.7991411084082370442, 11.53737541479542905, -23.77829864354172074 ) ) ;
#3142 = CARTESIAN_POINT ( 'NONE',  ( -0.7682935754714153020, 9.773940105646197196, -24.83898407079664494 ) ) ;
#3143 = CARTESIAN_POINT ( 'NONE',  ( -0.7993936164319799254, 6.767163691078310173, 24.35370108147055745 ) ) ;
#3144 = CARTESIAN_POINT ( 'NONE',  ( -23.60825094841334604, 19.63612761938355789, 0.01780241331173098435 ) ) ;
#3145 = ORIENTED_EDGE ( 'NONE', *, *, #2698, .T. ) ;
#3146 = CARTESIAN_POINT ( 'NONE',  ( -23.56128532351967309, 24.59356507458487684, 0.3808134625792612415 ) ) ;
#3147 = CARTESIAN_POINT ( 'NONE',  ( 23.53848343208841598, 23.34029366953521389, 0.1474683489824806237 ) ) ;
#3148 = DIRECTION ( 'NONE',  ( 0.000000000000000000, 0.000000000000000000, -1.000000000000000000 ) ) ;
#3149 = CARTESIAN_POINT ( 'NONE',  ( -23.69877685175019266, 25.22540550875579157, -0.0005380367305670714483 ) ) ;
#3150 = EDGE_CURVE ( 'NONE', #3461, #4541, #964, .T. ) ;
#3151 = CARTESIAN_POINT ( 'NONE',  ( -0.4706671434323188574, 23.69919299968157134, -23.03231597655863538 ) ) ;
#3152 = CARTESIAN_POINT ( 'NONE',  ( -24.98208083835746507, 10.10456993027716699, 0.2814470630558241204 ) ) ;
#3153 = CARTESIAN_POINT ( 'NONE',  ( 0.02971708502590000855, 21.70401487045799627, 23.56944802945122319 ) ) ;
#3154 = CARTESIAN_POINT ( 'NONE',  ( -0.2819922561035381192, 8.930903559350452880, -25.25540690817322798 ) ) ;
#3155 = CARTESIAN_POINT ( 'NONE',  ( 25.89893267544739075, 7.845212143329791665, 0.03238139177042442807 ) ) ;
#3156 = ORIENTED_EDGE ( 'NONE', *, *, #5143, .T. ) ;
#3157 = DIRECTION ( 'NONE',  ( 0.000000000000000000, 0.000000000000000000, 1.000000000000000000 ) ) ;
#3158 = CARTESIAN_POINT ( 'NONE',  ( 23.17219410585254735, 24.75045129290026580, -0.3431582543036728605 ) ) ;
#3159 = CARTESIAN_POINT ( 'NONE',  ( -0.05531932265530017934, 25.31149135256487881, 23.70900284389321655 ) ) ;
#3160 = DIRECTION ( 'NONE',  ( -0.000000000000000000, -1.000000000000000000, -0.000000000000000000 ) ) ;
#3161 = CARTESIAN_POINT ( 'NONE',  ( -25.36525211392447687, 7.773697820844326145, 0.3429291450282000442 ) ) ;
#3162 = DIRECTION ( 'NONE',  ( -0.000000000000000000, -1.000000000000000000, -0.000000000000000000 ) ) ;
#3163 = CARTESIAN_POINT ( 'NONE',  ( 0.09391049624954865560, 11.66353175869114800, 24.71964739661007471 ) ) ;
#3164 = AXIS2_PLACEMENT_3D ( 'NONE', #1832, #3987, #3472 ) ;
#3165 = CARTESIAN_POINT ( 'NONE',  ( -0.06474515481159018315, 7.416272581776550687, -26.00479456224569574 ) ) ;
#3166 = CARTESIAN_POINT ( 'NONE',  ( 26.22319372678777682, 6.915684363934081702, -0.02210988025637954449 ) ) ;
#3167 = CARTESIAN_POINT ( 'NONE',  ( 23.50517230187743323, 19.62231652872868892, -0.2804350903744917689 ) ) ;
#3168 = AXIS2_PLACEMENT_3D ( 'NONE', #5269, #830, #323 ) ;
#3169 = CARTESIAN_POINT ( 'NONE',  ( 0.1305334978744939201, 8.897311583999357509, -25.47372236828223180 ) ) ;
#3170 = CARTESIAN_POINT ( 'NONE',  ( -26.04330178254714667, 6.789564197247507593, 0.1187124611590690965 ) ) ;
#3171 = CARTESIAN_POINT ( 'NONE',  ( 0.03501634927213182619, 21.11405967439959852, -23.57437992895842527 ) ) ;
#3172 = DIRECTION ( 'NONE',  ( 0.000000000000000000, -1.000000000000000000, 0.000000000000000000 ) ) ;
#3173 = CARTESIAN_POINT ( 'NONE',  ( -0.6645941800712773517, 8.184648120658570392, 24.54517536307386294 ) ) ;
#3174 = ADVANCED_FACE ( 'NONE', ( #3888 ), #194, .T. ) ;
#3175 = CARTESIAN_POINT ( 'NONE',  ( 0.5983545011989647167, 24.68213970766165488, 22.66242094508844929 ) ) ;
#3176 = COLOUR_RGB ( '',0.7921568627450980005, 0.8196078431372548767, 0.9333333333333333481 ) ;
#3177 = CARTESIAN_POINT ( 'NONE',  ( 0.4422062062639662283, 12.14496470849916498, 24.29860559182325730 ) ) ;
#3178 = ORIENTED_EDGE ( 'NONE', *, *, #3245, .F. ) ;
#3179 = CARTESIAN_POINT ( 'NONE',  ( -23.44809364413772812, 14.32694161037684388, -1.105849089789007644 ) ) ;
#3180 = CARTESIAN_POINT ( 'NONE',  ( -25.49662403994050663, 8.840476322011262766, -0.1245735578900731139 ) ) ;
#3181 = CIRCLE ( 'NONE', #7013, 2.000000000000000000 ) ;
#3182 = CARTESIAN_POINT ( 'NONE',  ( 0.5980155778775849695, 12.80919211322375340, -23.94546952149079289 ) ) ;
#3183 = DIRECTION ( 'NONE',  ( -0.000000000000000000, 1.000000000000000000, -0.000000000000000000 ) ) ;
#3184 = CARTESIAN_POINT ( 'NONE',  ( -0.1175078405306614199, 7.087472693424493819, 25.98262308777554352 ) ) ;
#3185 = CARTESIAN_POINT ( 'NONE',  ( -23.41765612890090864, 22.56959408544826573, -0.2820376709753115718 ) ) ;
#3186 = VECTOR ( 'NONE', #3969, 1000.000000000000000 ) ;
#3187 = VERTEX_POINT ( 'NONE', #1872 ) ;
#3188 = CARTESIAN_POINT ( 'NONE',  ( -23.19551696618173509, 22.26487400283040330, 0.7680991092178643953 ) ) ;
#3189 = CARTESIAN_POINT ( 'NONE',  ( -15.35100424056062884, 7.000345051182249811, 26.32183621886609970 ) ) ;
#3190 = CARTESIAN_POINT ( 'NONE',  ( -23.64537326827131736, 24.49556262030663945, -0.03939183293778811962 ) ) ;
#3191 = CARTESIAN_POINT ( 'NONE',  ( 0.000000000000000000, 21.71383033581603073, 0.000000000000000000 ) ) ;
#3192 = CARTESIAN_POINT ( 'NONE',  ( 0.6639401380443628042, 24.87885075836718940, -22.48163053208773121 ) ) ;
#3193 = CARTESIAN_POINT ( 'NONE',  ( -25.04583866975146833, 10.45783143865956255, 0.09467986506094987209 ) ) ;
#3194 = CARTESIAN_POINT ( 'NONE',  ( -0.6642180460901716543, 21.60805749035728951, 22.85343774873898326 ) ) ;
#3195 = CARTESIAN_POINT ( 'NONE',  ( 0.6645902971460090347, 8.568605743255783835, -24.49529393781288533 ) ) ;
#3196 = ADVANCED_FACE ( 'NONE', ( #3585 ), #3718, .T. ) ;
#3197 = CARTESIAN_POINT ( 'NONE',  ( 25.53284583221775961, 7.605042625963259084, -0.2824637281016660895 ) ) ;
#3198 = ORIENTED_EDGE ( 'NONE', *, *, #3150, .F. ) ;
#3199 = CARTESIAN_POINT ( 'NONE',  ( -0.1401292986183693412, 7.339639019068482817, 26.03559598803020236 ) ) ;
#3200 = CARTESIAN_POINT ( 'NONE',  ( 23.31679907441799671, 24.25357173075546413, -0.2823869972379243753 ) ) ;
#3201 = CARTESIAN_POINT ( 'NONE',  ( 0.03847484580416158512, 25.25232317040943997, 23.69649673120669675 ) ) ;
#3202 = CARTESIAN_POINT ( 'NONE',  ( -25.97148995440927521, 7.663822280232503559, 0.02140522874385856339 ) ) ;
#3203 = CARTESIAN_POINT ( 'NONE',  ( -0.3500922840514958945, 21.35828790263864008, 23.35969497856842381 ) ) ;
#3204 = CARTESIAN_POINT ( 'NONE',  ( -0.7321455638236218366, 12.77844399097735639, 23.71602885648926673 ) ) ;
#3205 = CARTESIAN_POINT ( 'NONE',  ( -0.3430639578826870095, 7.021971420155070476, -25.49380768404708775 ) ) ;
#3206 = CARTESIAN_POINT ( 'NONE',  ( 25.86386124126670083, 6.765518398240584652, -0.2006745012053481603 ) ) ;
#3207 = CARTESIAN_POINT ( 'NONE',  ( 23.60786535017262366, 19.63607547679021081, 0.03576202040895018475 ) ) ;
#3208 = CARTESIAN_POINT ( 'NONE',  ( -0.2061696659752983718, 9.617680436710259073, -25.18804908428288059 ) ) ;
#3209 = CARTESIAN_POINT ( 'NONE',  ( -24.86983230291273017, 6.836331314205327025, -0.5973919046628501928 ) ) ;
#3210 = CARTESIAN_POINT ( 'NONE',  ( 0.2834179113347440326, 19.62262892191320773, -23.50754031008084510 ) ) ;
#3211 = CARTESIAN_POINT ( 'NONE',  ( 0.04137760642335912981, 7.046310596865536624, 26.19939777963010741 ) ) ;
#3212 = CARTESIAN_POINT ( 'NONE',  ( -0.09656653986437077619, 7.961818124242337369, 25.79739039557750857 ) ) ;
#3213 = CARTESIAN_POINT ( 'NONE',  ( -0.06427458950718703545, 25.03255076808081725, 23.62853551967731747 ) ) ;
#3214 = CARTESIAN_POINT ( 'NONE',  ( 0.5150346097829335834, 10.55597495850092926, 24.54904876779148637 ) ) ;
#3215 = CARTESIAN_POINT ( 'NONE',  ( 24.01370559397595983, 9.974804166693090224, -0.7986029535206560226 ) ) ;
#3216 = VERTEX_POINT ( 'NONE', #6939 ) ;
#3217 = CARTESIAN_POINT ( 'NONE',  ( -22.99457170073652179, 19.08073214542654483, -1.050148573343757441 ) ) ;
#3218 = CARTESIAN_POINT ( 'NONE',  ( -14.28941916244323451, 16.71383033581603073, -8.250000000000007105 ) ) ;
#3219 = CARTESIAN_POINT ( 'NONE',  ( -0.09391049624937604368, 11.66353175869114800, -24.71964739661007471 ) ) ;
#3220 = DIRECTION ( 'NONE',  ( -0.000000000000000000, 1.000000000000000000, -0.000000000000000000 ) ) ;
#3221 = CARTESIAN_POINT ( 'NONE',  ( 0.7983603575099207372, 6.771276478918072605, 24.38428718697384667 ) ) ;
#3222 = CARTESIAN_POINT ( 'NONE',  ( -22.73375096124739869, 21.59203070293632365, 0.7321187404410883781 ) ) ;
#3223 = EDGE_LOOP ( 'NONE', ( #4207, #1974, #4444 ) ) ;
#3224 = CARTESIAN_POINT ( 'NONE',  ( -26.18224765167235191, 7.076572208487376336, 0.06034619821793851119 ) ) ;
#3225 = CARTESIAN_POINT ( 'NONE',  ( 0.1636016794377613548, 7.000345051182249811, 26.22505030023991068 ) ) ;
#3226 = CARTESIAN_POINT ( 'NONE',  ( 0.2046379399428271961, 7.138323107270369228, -26.14675714112763316 ) ) ;
#3227 = CARTESIAN_POINT ( 'NONE',  ( -26.20179265738610397, 7.054803739114904104, 0.0003381764005119998495 ) ) ;
#3228 = CARTESIAN_POINT ( 'NONE',  ( -0.2824867642096877129, 24.76369841172694564, -23.27105106477326757 ) ) ;
#3229 = CARTESIAN_POINT ( 'NONE',  ( -23.59703122069326398, 12.76251073110568157, 0.7983798687322636312 ) ) ;
#3230 = CARTESIAN_POINT ( 'NONE',  ( 0.03324287230373881158, 8.716245063672010573, -25.59697062184812211 ) ) ;
#3231 = CARTESIAN_POINT ( 'NONE',  ( 24.22443396817957506, 8.141664941538452993, 0.7991524686411048961 ) ) ;
#3232 = CARTESIAN_POINT ( 'NONE',  ( 23.27105106477326757, 24.76369841172694564, -0.2824867642096064446 ) ) ;
#3233 = ORIENTED_EDGE ( 'NONE', *, *, #5234, .F. ) ;
#3234 = DIRECTION ( 'NONE',  ( 0.000000000000000000, -1.000000000000000000, 0.000000000000000000 ) ) ;
#3235 = CARTESIAN_POINT ( 'NONE',  ( -24.35585598235714855, 8.549932135092021213, 0.7316538342981983023 ) ) ;
#3236 = CARTESIAN_POINT ( 'NONE',  ( 5.213530464874319037, 16.71383033581603073, 13.53030303030303116 ) ) ;
#3237 = CARTESIAN_POINT ( 'NONE',  ( 0.09337111069367599880, 12.87580186854659381, 24.44248136399897575 ) ) ;
#3238 = EDGE_CURVE ( 'NONE', #2445, #6066, #5258, .T. ) ;
#3239 = CARTESIAN_POINT ( 'NONE',  ( 24.71013494813267641, 6.712915953412453618, 0.6647300119347263614 ) ) ;
#3240 = CARTESIAN_POINT ( 'NONE',  ( 22.79682880809601642, 19.52739718163693183, -0.7988108208241502251 ) ) ;
#3241 = CARTESIAN_POINT ( 'NONE',  ( 23.09122016064705818, 21.04541810618776765, -0.5760668136526074790 ) ) ;
#3242 = CARTESIAN_POINT ( 'NONE',  ( -24.88069799253018033, 6.735773402202804405, -0.5974030541337521649 ) ) ;
#3243 = CARTESIAN_POINT ( 'NONE',  ( 0.09885879733189675833, 21.11250645534334325, -23.56279363098968815 ) ) ;
#3244 = CARTESIAN_POINT ( 'NONE',  ( 0.000000000000000000, 7.000345051182263134, 0.000000000000000000 ) ) ;
#3245 = EDGE_CURVE ( 'NONE', #2399, #3923, #5770, .T. ) ;
#3246 = CARTESIAN_POINT ( 'NONE',  ( 0.2003796066975012946, 7.813390080892396838, 25.66145404216688419 ) ) ;
#3247 = CARTESIAN_POINT ( 'NONE',  ( 0.03232076044947386484, 25.25835287644686389, 23.66474031780311549 ) ) ;
#3248 = CARTESIAN_POINT ( 'NONE',  ( 0.7881165289045177769, 16.68408097381855981, 23.12200889135202075 ) ) ;
#3249 = CARTESIAN_POINT ( 'NONE',  ( 24.61449833218574312, 11.64943761084549756, 0.2831706696330992257 ) ) ;
#3250 = CARTESIAN_POINT ( 'NONE',  ( 0.1245735578945911526, 8.840476322012142063, -25.49662403993512072 ) ) ;
#3251 = CARTESIAN_POINT ( 'NONE',  ( -23.68986692563665741, 25.10763612422067581, 0.002012979775075630223 ) ) ;
#3252 = CARTESIAN_POINT ( 'NONE',  ( -0.2806872462471596830, 11.64926559774221992, -24.61317787154182213 ) ) ;
#3253 = CARTESIAN_POINT ( 'NONE',  ( -1.119197608343811545, 14.30184024896847106, -23.41284773864716939 ) ) ;
#3254 = CARTESIAN_POINT ( 'NONE',  ( 0.3430896639196616138, 6.822226924765447009, 25.52577222401210832 ) ) ;
#3255 = CARTESIAN_POINT ( 'NONE',  ( -22.89798546582244754, 22.49995115879839958, -0.5969427557101933957 ) ) ;
#3256 =( BOUNDED_SURFACE ( )  B_SPLINE_SURFACE ( 3, 2, ( 
 ( #5906, #1579, #5467 ),
 ( #5942, #4266, #5614 ),
 ( #3322, #2883, #6779 ),
 ( #4016, #594, #1250 ),
 ( #48, #84, #6 ),
 ( #1104, #116, #2336 ),
 ( #6089, #2302, #4411 ),
 ( #3357, #5650, #5064 ),
 ( #5025, #3465, #1756 ),
 ( #4990, #1687, #5540 ),
 ( #2229, #4486, #4957 ),
 ( #2268, #1648, #4520 ),
 ( #3943, #3907, #560 ),
 ( #6743, #2775, #4448 ),
 ( #667, #6675, #3393 ),
 ( #6122, #4555, #1174 ),
 ( #1792, #6707, #7184 ),
 ( #1718, #1138, #3979 ),
 ( #5096, #633, #6232 ),
 ( #5575, #2850, #3431 ),
 ( #6197, #2811, #5684 ),
 ( #2742, #6158, #1214 ),
 ( #2195, #6633, #3871 ),
 ( #5789, #6959, #5755 ),
 ( #5131, #808, #1283 ),
 ( #3026, #4051, #1894 ),
 ( #1932, #4187, #4084 ),
 ( #4155, #5241, #774 ),
 ( #2990, #4122, #6333 ),
 ( #155, #4733, #265 ),
 ( #2480, #6295, #5826 ),
 ( #5717, #300, #1357 ),
 ( #5280, #5203, #2915 ),
 ( #227, #1320, #4698 ),
 ( #3065, #3571, #2516 ),
 ( #5169, #6923, #1392 ),
 ( #6369, #2441, #6404 ),
 ( #190, #6264, #1427 ),
 ( #3539, #4590, #736 ),
 ( #3606, #6882, #843 ) ),
 .UNSPECIFIED., .F., .F., .T. ) 
 B_SPLINE_SURFACE_WITH_KNOTS ( ( 4, 2, 2, 2, 2, 2, 2, 2, 2, 2, 2, 2, 2, 2, 2, 2, 2, 2, 2, 4 ),
 ( 3, 3 ),
 ( -8.311832927861190888E-27, 0.0001462215291045436611, 0.0002924430582090873222, 0.0005848861164181746444, 0.0008773291746272619124, 0.001169772232836349289, 0.002339544465672698578, 0.003509316698509047650, 0.004679088931345397155, 0.007018633397018095299, 0.009358177862690794310, 0.01169772232836349332, 0.01403726679403619060, 0.01520703902687254097, 0.01637681125970889134, 0.01754658349254523825, 0.01813146960896341170, 0.01842391266717249843, 0.01857013419627704526, 0.01871635572538158862 ),
 ( 0.000000000000000000, 1.000000000000000000 ),
 .UNSPECIFIED. ) 
 GEOMETRIC_REPRESENTATION_ITEM ( )  RATIONAL_B_SPLINE_SURFACE ( (
 ( 1.000000000000000000, 0.9962518364970192053, 1.000000000000000000),
 ( 1.000000000000000000, 0.9945631477955758637, 1.000000000000000000),
 ( 1.000000000000000000, 0.9924138894323326632, 1.000000000000000000),
 ( 1.000000000000000000, 0.9879279261913436194, 1.000000000000000000),
 ( 1.000000000000000000, 0.9855757691827710110, 1.000000000000000000),
 ( 1.000000000000000000, 0.9789350987842544427, 1.000000000000000000),
 ( 1.000000000000000000, 0.9750239592929192955, 1.000000000000000000),
 ( 1.000000000000000000, 0.9680196802628195929, 1.000000000000000000),
 ( 1.000000000000000000, 0.9653343025000801214, 1.000000000000000000),
 ( 1.000000000000000000, 0.9589519924585486743, 1.000000000000000000),
 ( 1.000000000000000000, 0.9557682933646229895, 1.000000000000000000),
 ( 1.000000000000000000, 0.9406991423151769283, 1.000000000000000000),
 ( 1.000000000000000000, 0.9310237241056679158, 1.000000000000000000),
 ( 1.000000000000000000, 0.9197612874398010119, 1.000000000000000000),
 ( 1.000000000000000000, 0.9165400778693344463, 1.000000000000000000),
 ( 1.000000000000000000, 0.9109969437081000265, 1.000000000000000000),
 ( 1.000000000000000000, 0.9091136768755758713, 1.000000000000000000),
 ( 1.000000000000000000, 0.9045711516197831870, 1.000000000000000000),
 ( 1.000000000000000000, 0.9031135336156143056, 1.000000000000000000),
 ( 1.000000000000000000, 0.9009957029861493938, 1.000000000000000000),
 ( 1.000000000000000000, 0.9002919068018536697, 1.000000000000000000),
 ( 1.000000000000000000, 0.8987813328973605076, 1.000000000000000000),
 ( 1.000000000000000000, 0.8979443053269905439, 1.000000000000000000),
 ( 1.000000000000000000, 0.8968824594396135330, 1.000000000000000000),
 ( 1.000000000000000000, 0.8965965932788991788, 1.000000000000000000),
 ( 1.000000000000000000, 0.9002169877793096964, 1.000000000000000000),
 ( 1.000000000000000000, 0.9021347068594470775, 1.000000000000000000),
 ( 1.000000000000000000, 0.9083432751159518093, 1.000000000000000000),
 ( 1.000000000000000000, 0.9122365844980745431, 1.000000000000000000),
 ( 1.000000000000000000, 0.9251949273754215275, 1.000000000000000000),
 ( 1.000000000000000000, 0.9353317036957718988, 1.000000000000000000),
 ( 1.000000000000000000, 0.9552023180372178901, 1.000000000000000000),
 ( 1.000000000000000000, 0.9624999758651142656, 1.000000000000000000),
 ( 1.000000000000000000, 0.9738186071353632789, 1.000000000000000000),
 ( 1.000000000000000000, 0.9776702838564216291, 1.000000000000000000),
 ( 1.000000000000000000, 0.9839509177000609341, 1.000000000000000000),
 ( 1.000000000000000000, 0.9862124296395354817, 1.000000000000000000),
 ( 1.000000000000000000, 0.9909928848989579819, 1.000000000000000000),
 ( 1.000000000000000000, 0.9934797001326942656, 1.000000000000000000),
 ( 1.000000000000000000, 0.9954377026008506268, 1.000000000000000000) ) ) 
 REPRESENTATION_ITEM ( '' )  SURFACE ( )  );
#3257 = ORIENTED_EDGE ( 'NONE', *, *, #6082, .T. ) ;
#3258 = CARTESIAN_POINT ( 'NONE',  ( -25.51075031734588450, 8.329689908034911383, 0.5469862638780710329 ) ) ;
#3259 = DIRECTION ( 'NONE',  ( 0.000000000000000000, -0.000000000000000000, 1.000000000000000000 ) ) ;
#3260 = CARTESIAN_POINT ( 'NONE',  ( 0.3894423029771266198, 7.636739547261767846, -25.87143174339511731 ) ) ;
#3261 = CARTESIAN_POINT ( 'NONE',  ( 0.03940732633512831345, 24.49189214036797324, 23.64458441673044931 ) ) ;
#3262 = CARTESIAN_POINT ( 'NONE',  ( -0.03220252430428715423, 25.03786932165219525, -23.66821746090791478 ) ) ;
#3263 = CARTESIAN_POINT ( 'NONE',  ( -24.26682591944195977, 13.75695447926255177, -0.1000927344678349401 ) ) ;
#3264 = CARTESIAN_POINT ( 'NONE',  ( 0.2824129681878571607, 10.10468151509921064, -24.98295036961916082 ) ) ;
#3265 = CARTESIAN_POINT ( 'NONE',  ( 24.50699701141456899, 8.570185696866120750, -0.6647042679745034377 ) ) ;
#3266 = CARTESIAN_POINT ( 'NONE',  ( 23.67597591795440692, 25.48080806115873997, -0.03250801582921838961 ) ) ;
#3267 = ORIENTED_EDGE ( 'NONE', *, *, #170, .F. ) ;
#3268 = CARTESIAN_POINT ( 'NONE',  ( 12.55828000388855870, 15.19481306604519588, 21.64011254490526426 ) ) ;
#3269 = CARTESIAN_POINT ( 'NONE',  ( -25.71083933975504365, 8.340861990875474419, -0.06484063087727065522 ) ) ;
#3270 = CARTESIAN_POINT ( 'NONE',  ( 0.7982564201610895527, 15.41323772093251065, 23.22006825585728151 ) ) ;
#3271 = CARTESIAN_POINT ( 'NONE',  ( 24.50375042370848178, 7.052199704230885047, 0.7320015624597966397 ) ) ;
#3272 = ORIENTED_EDGE ( 'NONE', *, *, #3238, .T. ) ;
#3273 = CARTESIAN_POINT ( 'NONE',  ( 22.77235908738215286, 22.48311559684690764, 0.6640589102466626370 ) ) ;
#3274 = CARTESIAN_POINT ( 'NONE',  ( 23.69077400549805645, 25.22705103996209886, -0.1418471166331223832 ) ) ;
#3275 = CARTESIAN_POINT ( 'NONE',  ( -25.79542082189524876, 7.225298889493123156, -0.1993540522201200926 ) ) ;
#3276 = CARTESIAN_POINT ( 'NONE',  ( -0.6652005728011604058, 22.48369338252528493, -22.77658375969556914 ) ) ;
#3277 = LINE ( 'NONE', #3423, #3186 ) ;
#3278 = CARTESIAN_POINT ( 'NONE',  ( 0.2003300788886704931, 7.939924151012000664, 25.63399321377863060 ) ) ;
#3279 = CARTESIAN_POINT ( 'NONE',  ( 0.2825281308614507880, 25.19909205887531911, 23.22250635572358135 ) ) ;
#3280 = AXIS2_PLACEMENT_3D ( 'NONE', #7019, #981, #5305 ) ;
#3281 = CARTESIAN_POINT ( 'NONE',  ( 26.18910705791689608, 7.063781553699108429, -0.1514951706890804162 ) ) ;
#3282 = CARTESIAN_POINT ( 'NONE',  ( 23.91087727775478911, 11.55514263682039378, 0.7319923400098614641 ) ) ;
#3283 = ADVANCED_FACE ( 'NONE', ( #1947 ), #4464, .T. ) ;
#3284 = ORIENTED_EDGE ( 'NONE', *, *, #2621, .F. ) ;
#3285 = CARTESIAN_POINT ( 'NONE',  ( 0.04436703468245655618, 7.940679269520223293, -25.85581429268173537 ) ) ;
#3286 = CARTESIAN_POINT ( 'NONE',  ( -23.68527774943837372, 25.01036906941554250, 0.003002548967160918476 ) ) ;
#3287 = CARTESIAN_POINT ( 'NONE',  ( 0.3432854465635130636, 11.64057450394222393, -24.54836375635147050 ) ) ;
#3288 = CARTESIAN_POINT ( 'NONE',  ( -1.051678325003859493, 12.76425415498924210, -23.77145048085865753 ) ) ;
#3289 = CARTESIAN_POINT ( 'NONE',  ( 0.7983391647141513392, 6.670431665448007585, 24.39301195369874975 ) ) ;
#3290 = CARTESIAN_POINT ( 'NONE',  ( -23.55620212231984212, 22.58816388925880148, 0.1168687410447733083 ) ) ;
#3291 = AXIS2_PLACEMENT_3D ( 'NONE', #743, #4090, #3985 ) ;
#3292 = CARTESIAN_POINT ( 'NONE',  ( -25.20612417330488597, 9.571924499819814969, 0.2011659210063472536 ) ) ;
#3293 = CARTESIAN_POINT ( 'NONE',  ( 23.70617843559350746, 25.29851411751397094, -0.07677127596727872927 ) ) ;
#3294 = CARTESIAN_POINT ( 'NONE',  ( -23.62715784344871395, 24.91564474236960436, -0.1368006790721451038 ) ) ;
#3295 = CARTESIAN_POINT ( 'NONE',  ( 0.3808134625787796823, 24.59356507458477736, 23.56128532351966598 ) ) ;
#3296 = CARTESIAN_POINT ( 'NONE',  ( 0.1996285627195396595, 24.78316369216441828, -23.41633690031084569 ) ) ;
#3297 = CARTESIAN_POINT ( 'NONE',  ( -24.40297602770036534, 12.87050874024570746, 0.1976581806482048398 ) ) ;
#3298 = CIRCLE ( 'NONE', #5620, 1.925000000000004929 ) ;
#3299 = CARTESIAN_POINT ( 'NONE',  ( -0.6646610122893018557, 9.419468121590959697, -24.38541617802441763 ) ) ;
#3300 = CARTESIAN_POINT ( 'NONE',  ( 24.46062148737543751, 8.824387445494705773, 0.6645943613194975619 ) ) ;
#3301 = CARTESIAN_POINT ( 'NONE',  ( 22.17322479700912297, 25.05848417653877647, -0.7993044801482993567 ) ) ;
#3302 = VERTEX_POINT ( 'NONE', #2418 ) ;
#3303 = DIRECTION ( 'NONE',  ( -0.3595538251636310467, 0.000000000000000000, -0.9331243469174947958 ) ) ;
#3304 = CARTESIAN_POINT ( 'NONE',  ( -24.61046135668342671, 8.844467816531791371, -0.5973646184067621379 ) ) ;
#3305 = CARTESIAN_POINT ( 'NONE',  ( 0.02814343765173270284, 13.75841715419749178, 24.27773234722540607 ) ) ;
#3306 = CARTESIAN_POINT ( 'NONE',  ( -0.6646610068475622413, 7.237889243648395698, -24.67361858532972718 ) ) ;
#3307 = CARTESIAN_POINT ( 'NONE',  ( 24.36066068726268341, 7.033037902530442587, -0.7984108511760809046 ) ) ;
#3308 = ORIENTED_EDGE ( 'NONE', *, *, #4000, .T. ) ;
#3309 = CARTESIAN_POINT ( 'NONE',  ( 22.59760858966880548, 21.57377309051188519, 0.7984718236125394331 ) ) ;
#3310 = CARTESIAN_POINT ( 'NONE',  ( 23.55564165812811339, 24.54826570044115641, -0.1969220282245266740 ) ) ;
#3311 = CARTESIAN_POINT ( 'NONE',  ( -24.36066068726268341, 7.033037902530442587, 0.7984108511760809046 ) ) ;
#3312 = CARTESIAN_POINT ( 'NONE',  ( 0.03468156128192403931, 21.70396480375539028, -23.56907863021678295 ) ) ;
#3313 = DIRECTION ( 'NONE',  ( 0.000000000000000000, -1.000000000000000000, 0.000000000000000000 ) ) ;
#3314 = CARTESIAN_POINT ( 'NONE',  ( -0.6645902971458380604, 8.568605743255783835, 24.49529393781288888 ) ) ;
#3315 = CARTESIAN_POINT ( 'NONE',  ( -0.001125577107045869132, 6.829194754152914548, -26.33904163618322158 ) ) ;
#3316 = LINE ( 'NONE', #1750, #4799 ) ;
#3317 = CARTESIAN_POINT ( 'NONE',  ( 23.69224859034769892, 13.67995141347569721, 0.6651793779589442179 ) ) ;
#3318 = ORIENTED_EDGE ( 'NONE', *, *, #3454, .F. ) ;
#3319 = CARTESIAN_POINT ( 'NONE',  ( 0.003458335422627669721, 7.255120093084384436, -26.12683197922924450 ) ) ;
#3320 = CARTESIAN_POINT ( 'NONE',  ( -24.65253690620566474, 11.06734502849767310, 0.3512505154529561024 ) ) ;
#3321 = CARTESIAN_POINT ( 'NONE',  ( 0.5981539729227803859, 13.69419459041779241, -23.79853001224962838 ) ) ;
#3322 = CARTESIAN_POINT ( 'NONE',  ( -0.1418471166330305122, 25.22705103996213438, -23.69077400549809553 ) ) ;
#3323 = CARTESIAN_POINT ( 'NONE',  ( 0.1184566767404373056, 7.403134777826898549, 25.90675379060105499 ) ) ;
#3324 = CARTESIAN_POINT ( 'NONE',  ( -23.50931238576199789, 21.69595767891274818, 0.1989131072162596825 ) ) ;
#3325 = CARTESIAN_POINT ( 'NONE',  ( -0.3426209774059751911, 21.67683461429123071, 23.36664715893366662 ) ) ;
#3326 = EDGE_CURVE ( 'NONE', #6517, #1714, #1828, .T. ) ;
#3327 = CARTESIAN_POINT ( 'NONE',  ( -26.17116491636778619, 7.133463061964190999, 0.001196299855751720414 ) ) ;
#3328 = CARTESIAN_POINT ( 'NONE',  ( 26.19454116609072969, 7.063559456178150064, -0.02776854285236349598 ) ) ;
#3329 = CARTESIAN_POINT ( 'NONE',  ( 0.000000000000000000, 0.7991967808059080580, 0.000000000000000000 ) ) ;
#3330 = CARTESIAN_POINT ( 'NONE',  ( 0.001252827531746732344, 25.16767210809100064, 23.69440915341199982 ) ) ;
#3331 = CARTESIAN_POINT ( 'NONE',  ( -0.2003744685150115057, 24.78345195029903181, -23.41846179902861991 ) ) ;
#3332 = CARTESIAN_POINT ( 'NONE',  ( -23.94501240748904181, 12.80914132513436776, 0.5970365292189792061 ) ) ;
#3333 = CARTESIAN_POINT ( 'NONE',  ( 0.001854854366504993853, 9.546510745264654929, -25.33348050128766360 ) ) ;
#3334 = CARTESIAN_POINT ( 'NONE',  ( 25.59933419954154132, 8.716561895866906440, 0.02260043525323013336 ) ) ;
#3335 = CARTESIAN_POINT ( 'NONE',  ( 23.08425339872049520, 25.18055954971877597, 0.3417890723235744166 ) ) ;
#3336 = ORIENTED_EDGE ( 'NONE', *, *, #4570, .T. ) ;
#3337 = CARTESIAN_POINT ( 'NONE',  ( 26.22556059953014795, 7.000345051182241818, 15.43859440937561267 ) ) ;
#3338 = ORIENTED_EDGE ( 'NONE', *, *, #5207, .F. ) ;
#3339 = CARTESIAN_POINT ( 'NONE',  ( -25.72592133544715765, 8.342883852311235415, 0.02068679307474063575 ) ) ;
#3340 = CARTESIAN_POINT ( 'NONE',  ( -0.02561928932874153395, 13.75849773190435421, 24.27833715080842580 ) ) ;
#3341 = CARTESIAN_POINT ( 'NONE',  ( 0.02152624825312975804, 7.663816151181817915, -25.97144702452209231 ) ) ;
#3342 = CARTESIAN_POINT ( 'NONE',  ( 24.68996586444358954, 6.914241138009465715, 0.6647003840780112416 ) ) ;
#3343 = ORIENTED_EDGE ( 'NONE', *, *, #2213, .F. ) ;
#3344 = CARTESIAN_POINT ( 'NONE',  ( 23.55611942222292399, 21.70222760334163326, 0.09853044982659900364 ) ) ;
#3345 = CARTESIAN_POINT ( 'NONE',  ( 23.69937534036320415, 25.26704357560761594, -0.1145413684723310677 ) ) ;
#3346 = CARTESIAN_POINT ( 'NONE',  ( -24.85860423300415789, 6.936840664236035181, -0.5973824551611527367 ) ) ;
#3347 = CARTESIAN_POINT ( 'NONE',  ( -0.06278468236854252427, 22.59065966570331696, -23.57482970539366463 ) ) ;
#3348 = CARTESIAN_POINT ( 'NONE',  ( -1.050148573343507419, 19.08073214542660523, 22.99457170073652179 ) ) ;
#3349 = CARTESIAN_POINT ( 'NONE',  ( -0.4697250766323185500, 8.881839004011396810, 24.88932525466842804 ) ) ;
#3350 = CARTESIAN_POINT ( 'NONE',  ( 0.3417169365666647418, 6.721903854988235061, -25.53843512508197833 ) ) ;
#3351 = DIRECTION ( 'NONE',  ( 0.000000000000000000, -6.071532165918824830E-14, 1.000000000000000000 ) ) ;
#3352 = CARTESIAN_POINT ( 'NONE',  ( 23.43799069669374191, 15.44242830990529391, 0.6652781181270006616 ) ) ;
#3353 = ORIENTED_EDGE ( 'NONE', *, *, #3518, .F. ) ;
#3354 = FACE_OUTER_BOUND ( 'NONE', #430, .T. ) ;
#3355 = CARTESIAN_POINT ( 'NONE',  ( -24.08308150135460224, 12.90498506903261244, 0.4933766485444629479 ) ) ;
#3356 = CARTESIAN_POINT ( 'NONE',  ( 0.003874285079332654477, 12.87752248579948322, -24.45532735561892679 ) ) ;
#3357 = CARTESIAN_POINT ( 'NONE',  ( -0.3588983415530230814, 24.68889695691435904, -23.57989631577108725 ) ) ;
#3358 = CARTESIAN_POINT ( 'NONE',  ( -0.1175766503048948086, 7.245586637285126308, 25.94680723238431241 ) ) ;
#3359 = CARTESIAN_POINT ( 'NONE',  ( -22.81416754297545779, 23.37465265044113849, 0.5982577814042974174 ) ) ;
#3360 = CARTESIAN_POINT ( 'NONE',  ( 0.1168687410450200415, 22.58816388925880148, 23.55620212231984212 ) ) ;
#3361 = CARTESIAN_POINT ( 'NONE',  ( -23.81700794968944734, 12.80482361268430225, 0.6906546660308653385 ) ) ;
#3362 = CARTESIAN_POINT ( 'NONE',  ( 0.2266522000848124052, 7.177219381784463614, 26.12478128855067183 ) ) ;
#3363 = CARTESIAN_POINT ( 'NONE',  ( 23.70900284389118440, 25.31149135255490279, 0.05531932264480645539 ) ) ;
#3364 = CARTESIAN_POINT ( 'NONE',  ( 0.1542633625210633741, 24.82480737060366494, 23.60908864355692671 ) ) ;
#3365 = CARTESIAN_POINT ( 'NONE',  ( 0.03188375143147820917, 25.48095450394703931, -23.67707291647143109 ) ) ;
#3366 = CARTESIAN_POINT ( 'NONE',  ( -24.17555020867768789, 13.74472116855136861, -0.2839180785566427501 ) ) ;
#3367 = FACE_OUTER_BOUND ( 'NONE', #152, .T. ) ;
#3368 = CARTESIAN_POINT ( 'NONE',  ( 0.02377613827418923603, 10.12811467823015654, -25.15779701832981274 ) ) ;
#3369 = CARTESIAN_POINT ( 'NONE',  ( 25.19636630413918610, 8.662558065192042633, 0.3421119409079417251 ) ) ;
#3370 = CARTESIAN_POINT ( 'NONE',  ( 22.35158552771229523, 24.86143588375219338, -0.7323480568557559911 ) ) ;
#3371 = CARTESIAN_POINT ( 'NONE',  ( 25.78220520722136655, 7.804564978470428294, 0.4298742075150348008 ) ) ;
#3372 = CARTESIAN_POINT ( 'NONE',  ( -5.213530464874319037, 16.71383033581603073, 15.53030303030303116 ) ) ;
#3373 = CARTESIAN_POINT ( 'NONE',  ( -25.27064706263974614, 8.281870156103428471, -0.3420013636484095509 ) ) ;
#3374 = CARTESIAN_POINT ( 'NONE',  ( 0.7312921627920544454, 12.77881814364750923, 23.71872520189020150 ) ) ;
#3375 = CARTESIAN_POINT ( 'NONE',  ( -0.06457413556320795722, 7.659016437469396976, -25.93562484823489811 ) ) ;
#3376 = CARTESIAN_POINT ( 'NONE',  ( 26.11351045754665989, 7.267927093616806111, 0.02111248254612446348 ) ) ;
#3377 = ORIENTED_EDGE ( 'NONE', *, *, #435, .T. ) ;
#3378 = CARTESIAN_POINT ( 'NONE',  ( -23.54718016895767363, 25.46354723706023648, -0.09628118916919821413 ) ) ;
#3379 = CARTESIAN_POINT ( 'NONE',  ( 23.52492024328097386, 24.40306886185267388, -0.4249700576927244455 ) ) ;
#3380 = CARTESIAN_POINT ( 'NONE',  ( -24.88509084523530746, 6.838386554687621022, 0.5977339264537691044 ) ) ;
#3381 = CARTESIAN_POINT ( 'NONE',  ( -0.2813669126934034148, 21.68595983966641327, -23.43470086103313932 ) ) ;
#3382 = CARTESIAN_POINT ( 'NONE',  ( -0.3894423029771001410, 7.636739547261810479, 25.87143174339509599 ) ) ;
#3383 = CARTESIAN_POINT ( 'NONE',  ( 0.06396187914493928206, 8.341111166715036163, 25.71269032620111972 ) ) ;
#3384 = CARTESIAN_POINT ( 'NONE',  ( 23.69720220673127997, 25.20458595692221948, 2.227582009688335317E-05 ) ) ;
#3385 = CARTESIAN_POINT ( 'NONE',  ( 23.04400465972229739, 17.46692829200769381, -1.112160896663342058 ) ) ;
#3386 = CARTESIAN_POINT ( 'NONE',  ( 23.94546952149078933, 12.80919211322375340, 0.5980155778776685693 ) ) ;
#3387 = AXIS2_PLACEMENT_3D ( 'NONE', #4721, #6946, #1956 ) ;
#3388 = VERTEX_POINT ( 'NONE', #242 ) ;
#3389 = CARTESIAN_POINT ( 'NONE',  ( -5.213530464874319037, 21.71383033581603073, 15.53030303030302939 ) ) ;
#3390 = CARTESIAN_POINT ( 'NONE',  ( 23.35969497856866539, 21.35828790264237753, 0.3500922840514011924 ) ) ;
#3391 = EDGE_CURVE ( 'NONE', #5920, #7095, #4705, .T. ) ;
#3392 = CARTESIAN_POINT ( 'NONE',  ( 0.3442351534888415943, 15.49537668531973011, -23.83308244645277085 ) ) ;
#3393 = CARTESIAN_POINT ( 'NONE',  ( -0.2664649104975078675, 22.17377061502551783, -23.42738634834211808 ) ) ;
#3394 = CARTESIAN_POINT ( 'NONE',  ( -0.5973689462523464888, 7.097306155136233308, 24.84033614737828088 ) ) ;
#3395 = CARTESIAN_POINT ( 'NONE',  ( -23.56839860148550159, 23.47572164005999795, 0.1174654417077144464 ) ) ;
#3396 = CARTESIAN_POINT ( 'NONE',  ( -0.7983019560963452443, 23.60982065671785790, 22.36548232077818454 ) ) ;
#3397 = AXIS2_PLACEMENT_3D ( 'NONE', #2616, #4211, #468 ) ;
#3398 = VERTEX_POINT ( 'NONE', #6795 ) ;
#3399 = CARTESIAN_POINT ( 'NONE',  ( -0.001092180968045676059, 7.134220452689311820, 26.17086933788663927 ) ) ;
#3400 = VECTOR ( 'NONE', #2496, 1000.000000000000000 ) ;
#3401 = CARTESIAN_POINT ( 'NONE',  ( 0.4319266864455176824, 7.810680426260333320, 25.77896787583918581 ) ) ;
#3402 = CARTESIAN_POINT ( 'NONE',  ( 0.1937043604736587155, 25.14169222144385074, -23.67259134564440970 ) ) ;
#3403 = CARTESIAN_POINT ( 'NONE',  ( -0.7993044801483768502, 25.05848417653877647, -22.17322479700911941 ) ) ;
#3404 = CARTESIAN_POINT ( 'NONE',  ( -23.55232094588168934, 18.14615785306246920, -0.3439151270117959958 ) ) ;
#3405 = CARTESIAN_POINT ( 'NONE',  ( 12.62087941970071903, 15.19481306604520299, -21.64058558108277808 ) ) ;
#3406 = CARTESIAN_POINT ( 'NONE',  ( -0.7986176297184018891, 9.380603130347523688, -24.09538807832684881 ) ) ;
#3407 = AXIS2_PLACEMENT_3D ( 'NONE', #89, #2996, #5103 ) ;
#3408 = CARTESIAN_POINT ( 'NONE',  ( 25.12847439326168342, 10.12418436448411541, 0.1195958372382296686 ) ) ;
#3409 = CARTESIAN_POINT ( 'NONE',  ( 23.70297377094140501, 25.48442552691738783, 0.02113089820580494119 ) ) ;
#3410 = CARTESIAN_POINT ( 'NONE',  ( -26.18910706572271963, 7.063781540014332450, 0.1514951594108024380 ) ) ;
#3411 = DIRECTION ( 'NONE',  ( 0.000000000000000000, 1.000000000000000000, 0.000000000000000000 ) ) ;
#3412 = CARTESIAN_POINT ( 'NONE',  ( -24.67701835143932954, 10.06368245056724575, -0.4699840214853762688 ) ) ;
#3413 = CIRCLE ( 'NONE', #1559, 1.924999999999999600 ) ;
#3414 = CARTESIAN_POINT ( 'NONE',  ( 0.1147376738226617565, 13.75613053300601862, 24.26066340264916121 ) ) ;
#3415 = CARTESIAN_POINT ( 'NONE',  ( -0.3430125216112676068, 7.340661252397555181, -25.44054755371731602 ) ) ;
#3416 = EDGE_CURVE ( 'NONE', #5128, #963, #3058, .T. ) ;
#3417 = CARTESIAN_POINT ( 'NONE',  ( 25.63892773967090477, 7.041413238978438294, 0.2812546168208203690 ) ) ;
#3418 = ORIENTED_EDGE ( 'NONE', *, *, #6218, .T. ) ;
#3419 = CARTESIAN_POINT ( 'NONE',  ( -22.57250447550705985, 25.33293871581534518, 0.5983363358213115157 ) ) ;
#3420 = CARTESIAN_POINT ( 'NONE',  ( 26.17116491636756237, 7.133463061964625318, -0.001196299856415350372 ) ) ;
#3421 = CARTESIAN_POINT ( 'NONE',  ( -25.63892773967090477, 7.041413238978438294, -0.2812546168208203690 ) ) ;
#3422 = CARTESIAN_POINT ( 'NONE',  ( 0.2817116823587935692, 23.44941857218430314, -23.37214526260992642 ) ) ;
#3423 = CARTESIAN_POINT ( 'NONE',  ( -14.28941916244323451, 16.71383033581603073, -6.325000000000007283 ) ) ;
#3424 = CARTESIAN_POINT ( 'NONE',  ( 0.2820954271726007212, 8.677952982668074355, 25.31120585049724170 ) ) ;
#3425 = CARTESIAN_POINT ( 'NONE',  ( 0.02060911764589073991, 6.821508582189571790, -26.28168710575818068 ) ) ;
#3426 = CARTESIAN_POINT ( 'NONE',  ( 23.10713428314437934, 16.66597000380080118, -1.126383059419561627 ) ) ;
#3427 = CARTESIAN_POINT ( 'NONE',  ( 24.26697381397292119, 13.75697599076474908, -0.09309869955834469690 ) ) ;
#3428 = ORIENTED_EDGE ( 'NONE', *, *, #390, .F. ) ;
#3429 = CARTESIAN_POINT ( 'NONE',  ( 0.0008292401008523013050, 25.20452372157342680, -23.69719771214553816 ) ) ;
#3430 = CARTESIAN_POINT ( 'NONE',  ( 0.7323037128976085386, 15.42817971293575319, -23.33166882933274522 ) ) ;
#3431 = CARTESIAN_POINT ( 'NONE',  ( -0.5777857195008603286, 17.49363238266945686, -23.33278389823235699 ) ) ;
#3432 = CARTESIAN_POINT ( 'NONE',  ( -0.7320015624595400672, 7.052199704230885047, 24.50375042370848888 ) ) ;
#3433 = CARTESIAN_POINT ( 'NONE',  ( -23.25823117169280962, 23.72946638581008116, 0.3429331117579961230 ) ) ;
#3434 = CARTESIAN_POINT ( 'NONE',  ( 0.7321187404413264099, 21.59203070293632365, 22.73375096124739159 ) ) ;
#3435 = CARTESIAN_POINT ( 'NONE',  ( 5.213530464874319037, 16.71383033581603073, 15.53030303030303116 ) ) ;
#3436 = CARTESIAN_POINT ( 'NONE',  ( -26.19938379298421438, 7.046335592041629070, -0.04121626037794541564 ) ) ;
#3437 = DIRECTION ( 'NONE',  ( 0.000000000000000000, -0.000000000000000000, 1.000000000000000000 ) ) ;
#3438 = CARTESIAN_POINT ( 'NONE',  ( 23.70617828429513452, 25.29851411751399581, 0.07681798113203287814 ) ) ;
#3439 = CARTESIAN_POINT ( 'NONE',  ( -0.5983504645777177888, 25.11623634752108458, -22.60419767766853028 ) ) ;
#3440 = CARTESIAN_POINT ( 'NONE',  ( -23.69930308310139111, 18.16585793489743494, 0.02816108307845310854 ) ) ;
#3441 = CARTESIAN_POINT ( 'NONE',  ( -0.1636016794376014549, 7.000345051182263134, -26.22505030023990358 ) ) ;
#3442 = CARTESIAN_POINT ( 'NONE',  ( 24.78783433720364826, 9.473393779643709323, -0.4700963901561530101 ) ) ;
#3443 = FACE_OUTER_BOUND ( 'NONE', #3494, .T. ) ;
#3444 = CARTESIAN_POINT ( 'NONE',  ( -26.22543006124312015, 7.000345051182263134, 0.08274577012431875989 ) ) ;
#3445 = CARTESIAN_POINT ( 'NONE',  ( 0.02961894725134234588, 7.029837282104666407, -26.20909920729253884 ) ) ;
#3446 = CARTESIAN_POINT ( 'NONE',  ( -25.07673355469196608, 10.11724995177589648, -0.2009057898799262165 ) ) ;
#3447 = CARTESIAN_POINT ( 'NONE',  ( -0.7317349393696583881, 19.54274975441220974, 22.91149322700970714 ) ) ;
#3448 = CARTESIAN_POINT ( 'NONE',  ( -0.7984782855523883116, 7.442673106091036495, -24.32117406898835199 ) ) ;
#3449 = CARTESIAN_POINT ( 'NONE',  ( 25.75009529815709897, 7.382141962772720056, -0.2005255900971815719 ) ) ;
#3450 = ORIENTED_EDGE ( 'NONE', *, *, #4655, .T. ) ;
#3451 = CARTESIAN_POINT ( 'NONE',  ( -23.17279446947352994, 25.41337483410604747, -0.2814346360121008916 ) ) ;
#3452 = CARTESIAN_POINT ( 'NONE',  ( 22.36548232077817744, 23.60982065671785790, 0.7983019560965796124 ) ) ;
#3453 = CARTESIAN_POINT ( 'NONE',  ( 25.85320597252101749, 7.676329269885102669, -0.1955766538793205500 ) ) ;
#3454 = EDGE_CURVE ( 'NONE', #4472, #5811, #380, .T. ) ;
#3455 = CARTESIAN_POINT ( 'NONE',  ( -26.06006572416153944, 7.423678621260872745, -0.02126399149150247359 ) ) ;
#3456 = CARTESIAN_POINT ( 'NONE',  ( 0.3512505154532248874, 11.06734502849775836, 24.65253690620561855 ) ) ;
#3457 = CARTESIAN_POINT ( 'NONE',  ( -0.5973646184065043441, 8.844467816531791371, 24.61046135668343382 ) ) ;
#3458 = CARTESIAN_POINT ( 'NONE',  ( 0.6647300119346399860, 6.712915953412453618, -24.71013494813267641 ) ) ;
#3459 = CARTESIAN_POINT ( 'NONE',  ( 26.05111696981699509, 6.790609428828042304, 0.1173728927077013345 ) ) ;
#3460 = CARTESIAN_POINT ( 'NONE',  ( 24.27922106975305283, 13.75861637243681024, 0.004149504955790035698 ) ) ;
#3461 = VERTEX_POINT ( 'NONE', #4200 ) ;
#3462 = CARTESIAN_POINT ( 'NONE',  ( 0.6088156714620258647, 23.44615210722447429, -23.35744730500025312 ) ) ;
#3463 = EDGE_CURVE ( 'NONE', #2156, #68, #6532, .T. ) ;
#3464 = CARTESIAN_POINT ( 'NONE',  ( -0.02816108307853585138, 18.16585793489743494, -23.69930308310139111 ) ) ;
#3465 = CARTESIAN_POINT ( 'NONE',  ( -0.1969220282261784916, 24.54826570044020784, -23.55564165812540622 ) ) ;
#3466 = CARTESIAN_POINT ( 'NONE',  ( 0.2006165502683264490, 7.064581185389246620, 25.81178068827548699 ) ) ;
#3467 = CARTESIAN_POINT ( 'NONE',  ( -22.78352303223586617, 23.66585380495579471, 0.5982938528539241130 ) ) ;
#3468 = CARTESIAN_POINT ( 'NONE',  ( -0.2000686323449329396, 23.46586837207557963, 23.49489204778088336 ) ) ;
#3469 = VERTEX_POINT ( 'NONE', #5366 ) ;
#3470 = CARTESIAN_POINT ( 'NONE',  ( -1.128430070375278538, 16.71676001517006682, 23.10204678856860028 ) ) ;
#3471 = DIRECTION ( 'NONE',  ( -0.000000000000000000, 1.000000000000000000, -0.000000000000000000 ) ) ;
#3472 = DIRECTION ( 'NONE',  ( 0.000000000000000000, 0.000000000000000000, 1.000000000000000000 ) ) ;
#3473 = CARTESIAN_POINT ( 'NONE',  ( 0.000000000000000000, 23.71383033581603073, 0.000000000000000000 ) ) ;
#3474 = CARTESIAN_POINT ( 'NONE',  ( 0.06418618536838693878, 25.25218213035765658, -23.61869912547163608 ) ) ;
#3475 = CARTESIAN_POINT ( 'NONE',  ( -23.01735298223478310, 17.18260776149502433, -0.7992110182937725016 ) ) ;
#3476 = CARTESIAN_POINT ( 'NONE',  ( 26.12441072919860474, 7.177876623616288754, 0.2270629802968487099 ) ) ;
#3477 = CARTESIAN_POINT ( 'NONE',  ( 25.32437127976160340, 9.545290601535972641, -0.06290520530550075540 ) ) ;
#3478 = CARTESIAN_POINT ( 'NONE',  ( -25.88957437682375584, 3.760367054727149494, 3.170558439186454331E-15 ) ) ;
#3479 = CARTESIAN_POINT ( 'NONE',  ( 26.18490495129218232, 7.097770024547155998, -7.602121303458686118E-05 ) ) ;
#3480 = CARTESIAN_POINT ( 'NONE',  ( 25.88957437682375584, 3.760367054727149494, 51.77914875364749747 ) ) ;
#3481 = CARTESIAN_POINT ( 'NONE',  ( -25.33089079982122982, 9.546163986693281700, 0.03043292341704714396 ) ) ;
#3482 = CARTESIAN_POINT ( 'NONE',  ( -0.03641307569724876875, 17.28445248893818231, 23.77729147691507094 ) ) ;
#3483 = CARTESIAN_POINT ( 'NONE',  ( -0.7985044265979603928, 7.631208940002873753, -24.30193812048364777 ) ) ;
#3484 = CARTESIAN_POINT ( 'NONE',  ( 25.13278710749235145, 7.360319483669307772, -0.4703996924029442139 ) ) ;
#3485 = ORIENTED_EDGE ( 'NONE', *, *, #1749, .F. ) ;
#3486 = CARTESIAN_POINT ( 'NONE',  ( -22.35158552771229523, 24.86143588375219338, 0.7323480568557559911 ) ) ;
#3487 = CARTESIAN_POINT ( 'NONE',  ( 23.49265949301701539, 23.46557269521760958, -0.1999139575548395109 ) ) ;
#3488 = CARTESIAN_POINT ( 'NONE',  ( 23.32352872241140673, 15.11393629048843401, -0.7808594938350861270 ) ) ;
#3489 = CARTESIAN_POINT ( 'NONE',  ( -25.39621001577420145, 7.586726827084611102, -0.3418458888835891329 ) ) ;
#3490 = CARTESIAN_POINT ( 'NONE',  ( 0.2722070405106240543, 22.11733459306952554, 23.42241631357938658 ) ) ;
#3491 = CARTESIAN_POINT ( 'NONE',  ( 0.06290520530576601543, 9.545290601535972641, 25.32437127976160340 ) ) ;
#3492 = CARTESIAN_POINT ( 'NONE',  ( -0.1186305931705208400, 6.987704348797229237, -25.99936527015319143 ) ) ;
#3493 = CARTESIAN_POINT ( 'NONE',  ( 23.98061054428164240, 15.51514945941506518, 0.02592194641863299065 ) ) ;
#3494 = EDGE_LOOP ( 'NONE', ( #5938, #3145, #5688 ) ) ;
#3495 = CARTESIAN_POINT ( 'NONE',  ( 0.3810769408554850468, 24.59672512525797572, -23.56188215592913338 ) ) ;
#3496 = CARTESIAN_POINT ( 'NONE',  ( 0.1213641654454946234, 18.16364155095825694, -23.68277370017940697 ) ) ;
#3497 = DIRECTION ( 'NONE',  ( 0.000000000000000000, 0.000000000000000000, 1.000000000000000000 ) ) ;
#3498 = CARTESIAN_POINT ( 'NONE',  ( 0.3430020130430658232, 7.400201238903898471, 25.43040210109818844 ) ) ;
#3499 = CARTESIAN_POINT ( 'NONE',  ( -23.57357478042483123, 24.28797829092429339, -0.1181380872082665734 ) ) ;
#3500 = CARTESIAN_POINT ( 'NONE',  ( -0.1192620750389766088, 22.58791042971521890, 23.55432618607513007 ) ) ;
#3501 = EDGE_CURVE ( 'NONE', #778, #6282, #2592, .T. ) ;
#3502 = VERTEX_POINT ( 'NONE', #4749 ) ;
#3503 = CARTESIAN_POINT ( 'NONE',  ( -0.6679329640364671805, 19.87710385736554741, 23.02278783815745555 ) ) ;
#3504 = DIRECTION ( 'NONE',  ( 0.000000000000000000, 0.000000000000000000, 1.000000000000000000 ) ) ;
#3505 = CARTESIAN_POINT ( 'NONE',  ( 0.9996010099384705638, 19.86020105170457484, 23.00776124981658910 ) ) ;
#3506 = CARTESIAN_POINT ( 'NONE',  ( 0.000000000000000000, 0.03151920426976509426, 0.000000000000000000 ) ) ;
#3507 = CARTESIAN_POINT ( 'NONE',  ( 0.2814346360120200119, 25.41337483410604747, -23.17279446947352994 ) ) ;
#3508 = CARTESIAN_POINT ( 'NONE',  ( -23.13110899915285756, 17.19785259631561658, -0.7321505490400199712 ) ) ;
#3509 = CARTESIAN_POINT ( 'NONE',  ( 24.03053489062740766, 12.00688728720007425, 0.9869432277831138300 ) ) ;
#3510 = AXIS2_PLACEMENT_3D ( 'NONE', #5538, #2740, #6631 ) ;
#3511 = CARTESIAN_POINT ( 'NONE',  ( 24.09538807832685237, 9.380603130347523688, -0.7986176297183178452 ) ) ;
#3512 = CARTESIAN_POINT ( 'NONE',  ( -9.110820912706833141, 21.71383033581603073, -11.28020134113677742 ) ) ;
#3513 = CARTESIAN_POINT ( 'NONE',  ( -22.99460513269069040, 19.06314549689863469, 1.048696348656234401 ) ) ;
#3514 = CARTESIAN_POINT ( 'NONE',  ( -23.80798759955900223, 1.406610341118329943, 47.61597519911800447 ) ) ;
#3515 = CARTESIAN_POINT ( 'NONE',  ( -24.09538807832685237, 9.380603130347523688, 0.7986176297183178452 ) ) ;
#3516 = CARTESIAN_POINT ( 'NONE',  ( -0.09960006363711862432, 19.63464808783362159, 23.59721802454306427 ) ) ;
#3517 = AXIS2_PLACEMENT_3D ( 'NONE', #5592, #5521, #3303 ) ;
#3518 = EDGE_CURVE ( 'NONE', #891, #6657, #4671, .T. ) ;
#3519 = CARTESIAN_POINT ( 'NONE',  ( 0.09685784249360053499, 8.337343363164865906, -25.68458463803339242 ) ) ;
#3520 = CARTESIAN_POINT ( 'NONE',  ( 25.57019936145555050, 7.418929758907623295, 0.2813415315286285634 ) ) ;
#3521 = ORIENTED_EDGE ( 'NONE', *, *, #2656, .T. ) ;
#3522 = CARTESIAN_POINT ( 'NONE',  ( -23.05050406096124149, 25.39698637874890252, -0.3418128466574773539 ) ) ;
#3523 = PRODUCT ( 'Orbi_Joystick', 'Orbi_Joystick', '', ( #1367 ) ) ;
#3524 = CARTESIAN_POINT ( 'NONE',  ( 22.77536537653613280, 23.66475014230399054, 0.5967986671562374168 ) ) ;
#3525 = AXIS2_PLACEMENT_3D ( 'NONE', #1289, #1179, #2447 ) ;
#3526 = CARTESIAN_POINT ( 'NONE',  ( 26.06902831570015877, 7.409607887830274464, -0.009667054950861590432 ) ) ;
#3527 = CARTESIAN_POINT ( 'NONE',  ( 23.28830505115831784, 19.81500735453834849, 0.4721675144156881609 ) ) ;
#3528 = CARTESIAN_POINT ( 'NONE',  ( -25.93198617338654088, 7.467413806184387326, -0.09624718757128000735 ) ) ;
#3529 = LINE ( 'NONE', #1850, #2483 ) ;
#3530 = CARTESIAN_POINT ( 'NONE',  ( -0.3427798356419692882, 10.42733957493909891, 24.81833009275296575 ) ) ;
#3531 = CARTESIAN_POINT ( 'NONE',  ( -0.06497342522026325340, 7.002394849324788062, -26.10899261081145539 ) ) ;
#3532 = CIRCLE ( 'NONE', #1208, 1.999999999999998224 ) ;
#3533 = DIRECTION ( 'NONE',  ( -0.000000000000000000, -1.000000000000000000, -0.000000000000000000 ) ) ;
#3534 = CARTESIAN_POINT ( 'NONE',  ( 23.69606416988473896, 18.16542417833255385, -0.06064875468522248902 ) ) ;
#3535 = ORIENTED_EDGE ( 'NONE', *, *, #1440, .F. ) ;
#3536 = CARTESIAN_POINT ( 'NONE',  ( 0.2232780578305622321, 24.35987815337923834, -23.52060407302481693 ) ) ;
#3537 = AXIS2_PLACEMENT_3D ( 'NONE', #2894, #6274, #5586 ) ;
#3538 = CARTESIAN_POINT ( 'NONE',  ( -0.2799895963825584921, 18.15290730647619810, -23.60264610636837546 ) ) ;
#3539 = CARTESIAN_POINT ( 'NONE',  ( -0.1204802660442217677, 7.027301198489899647, -26.20996802267665160 ) ) ;
#3540 = CARTESIAN_POINT ( 'NONE',  ( 0.6646804901315376268, 7.486075067684015316, 24.64505805579386788 ) ) ;
#3541 = CARTESIAN_POINT ( 'NONE',  ( -23.53877928878237924, 25.02052222124675041, -0.1178523928287707745 ) ) ;
#3542 = CARTESIAN_POINT ( 'NONE',  ( -0.4692758335298532479, 24.20606409952762306, 22.96233553670034766 ) ) ;
#3543 = CARTESIAN_POINT ( 'NONE',  ( -0.3810769408558474791, 24.59672512525777677, 23.56188215592914403 ) ) ;
#3544 = CARTESIAN_POINT ( 'NONE',  ( -14.28941916244323451, 16.71383033581603073, -8.250000000000007105 ) ) ;
#3545 = CARTESIAN_POINT ( 'NONE',  ( -24.74056361387325254, 6.614991287296281719, 0.6645902754560276682 ) ) ;
#3546 = CARTESIAN_POINT ( 'NONE',  ( 26.19939777963013583, 7.046310596865610343, -0.04137760642286342216 ) ) ;
#3547 = CARTESIAN_POINT ( 'NONE',  ( -25.83218620142852018, 7.999950707276664907, -0.04893956164485298993 ) ) ;
#3548 = CARTESIAN_POINT ( 'NONE',  ( -23.33197114815017059, 15.42823304615745172, 0.7311227830534569039 ) ) ;
#3549 = EDGE_CURVE ( 'NONE', #2977, #6391, #5998, .T. ) ;
#3550 = CARTESIAN_POINT ( 'NONE',  ( 25.15078501044670389, 10.12717463834284182, 0.06633442934225058929 ) ) ;
#3551 = CARTESIAN_POINT ( 'NONE',  ( 23.42083314495279467, 23.83343781820180141, 0.5455141510306580344 ) ) ;
#3552 = CARTESIAN_POINT ( 'NONE',  ( -23.80798759955900934, 1.406610341118329943, 2.915637580793981622E-15 ) ) ;
#3553 = CARTESIAN_POINT ( 'NONE',  ( 0.7311131265481582986, 23.62873228090659339, -22.50660073979301501 ) ) ;
#3554 = CARTESIAN_POINT ( 'NONE',  ( -25.25540690817322798, 8.930903559350452880, 0.2819922561034499120 ) ) ;
#3555 = CARTESIAN_POINT ( 'NONE',  ( -0.03623654868268889884, 18.16583685011106297, 23.69914995341294528 ) ) ;
#3556 = CARTESIAN_POINT ( 'NONE',  ( -0.09671823749839977835, 7.836557216780821733, -25.83433921930461352 ) ) ;
#3557 = CARTESIAN_POINT ( 'NONE',  ( 25.56799920981655561, 7.418639859887252719, -0.2825122576161670507 ) ) ;
#3558 = ORIENTED_EDGE ( 'NONE', *, *, #5008, .F. ) ;
#3559 = CARTESIAN_POINT ( 'NONE',  ( 25.83179900272516250, 8.000568059634407092, -0.04987746911972917863 ) ) ;
#3560 = CARTESIAN_POINT ( 'NONE',  ( 22.51676762850834379, 22.44887704625534752, -0.7992989181815910449 ) ) ;
#3561 = CARTESIAN_POINT ( 'NONE',  ( 24.79185351455572928, 10.66973912325182461, -0.3143436167083005772 ) ) ;
#3562 = CARTESIAN_POINT ( 'NONE',  ( 23.59678966260411315, 15.18671062068482946, 0.5849958012110559880 ) ) ;
#3563 = CARTESIAN_POINT ( 'NONE',  ( -25.89282949181700388, 7.462168367529986135, 0.1184284411533192832 ) ) ;
#3564 = CARTESIAN_POINT ( 'NONE',  ( 0.06090714838658006086, 24.23740169531899014, 23.62128949667838640 ) ) ;
#3565 = CARTESIAN_POINT ( 'NONE',  ( -0.5974182665947684878, 9.437555564054621371, 24.52047126226148066 ) ) ;
#3566 = CARTESIAN_POINT ( 'NONE',  ( 0.7993936164321500115, 6.767163691078310173, -24.35370108147055390 ) ) ;
#3567 = CARTESIAN_POINT ( 'NONE',  ( 23.93373841520879353, 15.50887016010736374, -0.1971018606887678659 ) ) ;
#3568 = ORIENTED_EDGE ( 'NONE', *, *, #6661, .F. ) ;
#3569 = CARTESIAN_POINT ( 'NONE',  ( 0.2358630026902877597, 24.26421460259432905, -23.50324899236450804 ) ) ;
#3570 = CARTESIAN_POINT ( 'NONE',  ( 0.03641307569741480954, 17.28445248893818231, -23.77729147691507094 ) ) ;
#3571 = CARTESIAN_POINT ( 'NONE',  ( -0.1398962946811360408, 7.339204114396909340, -26.03583473244975366 ) ) ;
#3572 = CARTESIAN_POINT ( 'NONE',  ( -0.09635304106239453437, 7.652179033567722222, 25.88461311594566538 ) ) ;
#3573 = CARTESIAN_POINT ( 'NONE',  ( -22.58977767876991649, 24.15614820411744645, 0.6653579335523389648 ) ) ;
#3574 = CARTESIAN_POINT ( 'NONE',  ( 0.5983403356113289329, 24.17445834863378096, 22.72641649379459849 ) ) ;
#3575 = ORIENTED_EDGE ( 'NONE', *, *, #37, .T. ) ;
#3576 = CARTESIAN_POINT ( 'NONE',  ( -0.03029884817594028987, 24.59091020607356981, 23.65581852193946233 ) ) ;
#3577 = CARTESIAN_POINT ( 'NONE',  ( -26.14828135313255331, 7.135632570700562560, -0.2029343658324912203 ) ) ;
#3578 = CARTESIAN_POINT ( 'NONE',  ( -26.24909708243051654, 7.021169445652489571, 0.0008278799040172735895 ) ) ;
#3579 = CARTESIAN_POINT ( 'NONE',  ( 0.000000000000000000, 23.71383033581603073, 0.000000000000000000 ) ) ;
#3580 = CARTESIAN_POINT ( 'NONE',  ( -0.05134994112350181605, 25.26775642276592038, 23.69973136073440756 ) ) ;
#3581 = CARTESIAN_POINT ( 'NONE',  ( -22.79154960921760420, 19.52667572963225950, -0.7988244353979427892 ) ) ;
#3582 = CARTESIAN_POINT ( 'NONE',  ( 24.04052189591788036, 11.57252832077276317, -0.6643823291741928205 ) ) ;
#3583 = LINE ( 'NONE', #5110, #1782 ) ;
#3584 = CARTESIAN_POINT ( 'NONE',  ( 23.35744730500047694, 23.44615210722520615, 0.6088156714579997519 ) ) ;
#3585 = FACE_OUTER_BOUND ( 'NONE', #1090, .T. ) ;
#3586 = CARTESIAN_POINT ( 'NONE',  ( 0.0007046361950763937532, 24.29613988100626187, -23.63447073230860340 ) ) ;
#3587 = CARTESIAN_POINT ( 'NONE',  ( -24.16057157704589997, 11.58861538342715747, 0.5972869096255589705 ) ) ;
#3588 = CARTESIAN_POINT ( 'NONE',  ( 0.7314086112386366523, 18.07803729237383550, 23.04391964080533128 ) ) ;
#3589 = CARTESIAN_POINT ( 'NONE',  ( -0.03188837639694355047, 7.969529528169169375, -25.85492623620588759 ) ) ;
#3590 = ADVANCED_FACE ( 'NONE', ( #3620 ), #5676, .T. ) ;
#3591 = CARTESIAN_POINT ( 'NONE',  ( 25.86165560372274541, 7.970431036408381686, 0.0003799817191668421190 ) ) ;
#3592 = ORIENTED_EDGE ( 'NONE', *, *, #5950, .F. ) ;
#3593 = CARTESIAN_POINT ( 'NONE',  ( 26.11842674141995602, 7.280185759697686443, -0.003815260238447160893 ) ) ;
#3594 = CARTESIAN_POINT ( 'NONE',  ( 23.57223456566751807, 23.77154346488309145, -0.1176632651813501601 ) ) ;
#3595 = DIRECTION ( 'NONE',  ( -0.9999830518056231909, 0.000000000000000000, 0.005822035856336077279 ) ) ;
#3596 = DIRECTION ( 'NONE',  ( 0.000000000000000000, 0.000000000000000000, -1.000000000000000000 ) ) ;
#3597 = CARTESIAN_POINT ( 'NONE',  ( -25.76617240619494353, 7.957634467854052041, -0.1179756856304963325 ) ) ;
#3598 = DIRECTION ( 'NONE',  ( 0.000000000000000000, 0.000000000000000000, 1.000000000000000000 ) ) ;
#3599 = CARTESIAN_POINT ( 'NONE',  ( 0.1994588909574361857, 9.533248948828450864, 25.23450482078878565 ) ) ;
#3600 = CARTESIAN_POINT ( 'NONE',  ( -0.4704130707739337391, 6.780223472668934548, -25.21232465406049172 ) ) ;
#3601 = CARTESIAN_POINT ( 'NONE',  ( -14.28941916244323451, 16.71383033581603073, -8.250000000000007105 ) ) ;
#3602 = CARTESIAN_POINT ( 'NONE',  ( 23.96908955596330060, 15.51360489926032926, 0.1003954373284837581 ) ) ;
#3603 = VERTEX_POINT ( 'NONE', #2092 ) ;
#3604 = CARTESIAN_POINT ( 'NONE',  ( 0.5649363272230114585, 14.42208174885330862, -23.73444524384546028 ) ) ;
#3605 = CARTESIAN_POINT ( 'NONE',  ( 0.7321505490399391469, 17.19785259631561658, -23.13110899915286112 ) ) ;
#3606 = CARTESIAN_POINT ( 'NONE',  ( -0.08274577012460163083, 7.000345051182232936, -26.22543006124314502 ) ) ;
#3607 = CARTESIAN_POINT ( 'NONE',  ( -0.03218487663633750467, 7.663036791169279383, 25.96563196084188618 ) ) ;
#3608 = CARTESIAN_POINT ( 'NONE',  ( -22.89642537398413680, 24.71348888436193647, -0.4692706496254213655 ) ) ;
#3609 = CARTESIAN_POINT ( 'NONE',  ( 0.09643964521292276715, 24.29153079204919052, 23.60007031905104213 ) ) ;
#3610 = EDGE_LOOP ( 'NONE', ( #556, #5831, #4793, #4516 ) ) ;
#3611 = CARTESIAN_POINT ( 'NONE',  ( -0.3056023441407102470, 24.87851753818948453, 23.61782049931667160 ) ) ;
#3612 = CARTESIAN_POINT ( 'NONE',  ( -23.10204678856884897, 16.71676001517058197, -1.128430070369054183 ) ) ;
#3613 = CARTESIAN_POINT ( 'NONE',  ( 26.19333665643360121, 7.075871399253836458, -0.0005534655290925226704 ) ) ;
#3614 = CARTESIAN_POINT ( 'NONE',  ( -26.04885650848817136, 7.461012785937936265, -0.01253079447115617272 ) ) ;
#3615 = CARTESIAN_POINT ( 'NONE',  ( -22.90496006811103413, 21.02435800651475617, 0.6649036588503294265 ) ) ;
#3616 = CARTESIAN_POINT ( 'NONE',  ( 23.52341761379410556, 24.39513270861639427, 0.4273403504259260521 ) ) ;
#3617 = CARTESIAN_POINT ( 'NONE',  ( 23.77829864354171718, 11.53737541479542905, 0.7991411084083201999 ) ) ;
#3618 = CARTESIAN_POINT ( 'NONE',  ( -23.36554985684499286, 21.39714921977600426, 0.3420363585331412937 ) ) ;
#3619 = CARTESIAN_POINT ( 'NONE',  ( 23.44528057046137448, 14.34068418982133331, 1.106307938355695075 ) ) ;
#3620 = FACE_OUTER_BOUND ( 'NONE', #2368, .T. ) ;
#3621 = CARTESIAN_POINT ( 'NONE',  ( 0.2814945416188234240, 24.25306892086746302, -23.31308385495254498 ) ) ;
#3622 = CARTESIAN_POINT ( 'NONE',  ( -25.05641766336072962, 10.45924882702253811, 0.06222662664751923284 ) ) ;
#3623 = CARTESIAN_POINT ( 'NONE',  ( 0.09465990645390394420, 21.70221832753775715, 23.55603757501843631 ) ) ;
#3624 = CARTESIAN_POINT ( 'NONE',  ( -0.1181484233265591571, 7.957696329033094429, -25.76661859261725596 ) ) ;
#3625 = VECTOR ( 'NONE', #5923, 1000.000000000000000 ) ;
#3626 = CARTESIAN_POINT ( 'NONE',  ( 24.42914924505138785, 7.778456925126048915, 0.7319031812865141040 ) ) ;
#3627 = ORIENTED_EDGE ( 'NONE', *, *, #6125, .T. ) ;
#3628 = CARTESIAN_POINT ( 'NONE',  ( 25.18804908428292677, 9.617680436710058345, -0.2061696659752011163 ) ) ;
#3629 = CARTESIAN_POINT ( 'NONE',  ( 22.52306477486970238, 24.66346541495734002, -0.6653593517023737025 ) ) ;
#3630 = CARTESIAN_POINT ( 'NONE',  ( -23.64989897351173198, 24.52874500199810726, -0.03508604145654042883 ) ) ;
#3631 = DIRECTION ( 'NONE',  ( 0.000000000000000000, 1.000000000000000000, 0.000000000000000000 ) ) ;
#3632 = CARTESIAN_POINT ( 'NONE',  ( -24.76844900908355740, 7.693713030573178457, -0.5973371274073467907 ) ) ;
#3633 = TOROIDAL_SURFACE ( 'NONE', #6072, 6.000000000000000000, 2.000000000000000000 ) ;
#3634 = DIRECTION ( 'NONE',  ( 0.000000000000000000, 0.000000000000000000, -1.000000000000000000 ) ) ;
#3635 = CARTESIAN_POINT ( 'NONE',  ( 0.1165288213409926832, 10.12426192637805400, 25.12903774191525841 ) ) ;
#3636 = EDGE_CURVE ( 'NONE', #5786, #6015, #4213, .T. ) ;
#3637 = CARTESIAN_POINT ( 'NONE',  ( 0.6647003840779249773, 6.914241138009465715, -24.68996586444359309 ) ) ;
#3638 = CIRCLE ( 'NONE', #3291, 21.74989981158545760 ) ;
#3639 = CARTESIAN_POINT ( 'NONE',  ( 26.14282364457663732, 6.904913356103839384, 0.06372381790336292817 ) ) ;
#3640 = CARTESIAN_POINT ( 'NONE',  ( 23.88189274388275507, 15.50192313449378112, -0.2796624635019518967 ) ) ;
#3641 = DIRECTION ( 'NONE',  ( 0.000000000000000000, 0.000000000000000000, 1.000000000000000000 ) ) ;
#3642 = CARTESIAN_POINT ( 'NONE',  ( -0.02938005698553982498, 21.11404575097608216, -23.57427181956365558 ) ) ;
#3643 = FACE_OUTER_BOUND ( 'NONE', #5502, .T. ) ;
#3644 = CARTESIAN_POINT ( 'NONE',  ( 0.02160401693649717861, 7.481711861133659269, 26.03867378482769368 ) ) ;
#3645 = CARTESIAN_POINT ( 'NONE',  ( -23.41633690031084569, 24.78316369216441828, -0.1996285627196213996 ) ) ;
#3646 = AXIS2_PLACEMENT_3D ( 'NONE', #3125, #5380, #433 ) ;
#3647 = CARTESIAN_POINT ( 'NONE',  ( -0.09711754837704396348, 23.77378415325585337, 23.58896912884171471 ) ) ;
#3648 = CARTESIAN_POINT ( 'NONE',  ( 0.03144478305043526406, 7.759752503367079335, 25.92806344266854168 ) ) ;
#3649 = EDGE_LOOP ( 'NONE', ( #3257, #1304, #344, #6843 ) ) ;
#3650 = CYLINDRICAL_SURFACE ( 'NONE', #3734, 1.924999999999999600 ) ;
#3651 = CARTESIAN_POINT ( 'NONE',  ( -23.10649251317246922, 21.48908594712461451, -0.8632731172816238141 ) ) ;
#3652 = CARTESIAN_POINT ( 'NONE',  ( 0.000000000000000000, 16.71383033581603073, 0.000000000000000000 ) ) ;
#3653 = CARTESIAN_POINT ( 'NONE',  ( -24.77576750090809554, 10.69741946816955824, -0.3208292287785683428 ) ) ;
#3654 = CARTESIAN_POINT ( 'NONE',  ( -23.01850338466514501, 21.03956269324505257, -0.5972765343043157094 ) ) ;
#3655 = ORIENTED_EDGE ( 'NONE', *, *, #1989, .F. ) ;
#3656 = B_SPLINE_CURVE_WITH_KNOTS ( 'NONE', 3,
 ( #1693, #6750, #674, #1656 ),
 .UNSPECIFIED., .F., .F.,
 ( 4, 4 ),
 ( 0.000000000000000000, 0.4995117581989823030 ),
 .UNSPECIFIED. ) ;
#3657 = CARTESIAN_POINT ( 'NONE',  ( -23.10503940918906096, 16.68709231234542045, 1.126183907553068186 ) ) ;
#3658 = CARTESIAN_POINT ( 'NONE',  ( 23.81651766315577490, 12.80569303824615801, 0.6913444986078630672 ) ) ;
#3659 = CARTESIAN_POINT ( 'NONE',  ( -26.23288114606190646, 6.987384228927171925, -0.05924213261139733844 ) ) ;
#3660 = CARTESIAN_POINT ( 'NONE',  ( -0.2000588386012278896, 23.75988214637183660, -23.48520978674773829 ) ) ;
#3661 = CARTESIAN_POINT ( 'NONE',  ( -24.72015541586822707, 11.66359814509215198, -0.09927786080703240867 ) ) ;
#3662 = CARTESIAN_POINT ( 'NONE',  ( 0.3419077403638086654, 21.08863872064490508, 23.38465839035347216 ) ) ;
#3663 = CARTESIAN_POINT ( 'NONE',  ( 0.7318453600013309357, 8.547802073037512827, -24.34005664829891558 ) ) ;
#3664 = CARTESIAN_POINT ( 'NONE',  ( 25.07759528239743574, 7.735150542120226014, -0.4703735393154407363 ) ) ;
#3665 = ORIENTED_EDGE ( 'NONE', *, *, #6617, .F. ) ;
#3666 = CARTESIAN_POINT ( 'NONE',  ( -5.557380924328068759E-09, 25.32364316114457736, -23.71146907336101606 ) ) ;
#3667 = CARTESIAN_POINT ( 'NONE',  ( 22.48163053208772766, 24.87885075836718940, 0.6639401380444412970 ) ) ;
#3668 = DIRECTION ( 'NONE',  ( -0.000000000000000000, 1.000000000000000000, -0.000000000000000000 ) ) ;
#3669 = DIRECTION ( 'NONE',  ( 0.000000000000000000, 0.000000000000000000, -1.000000000000000000 ) ) ;
#3670 = CARTESIAN_POINT ( 'NONE',  ( -25.66145404216688775, 7.813390080892396838, 0.2003796066972325096 ) ) ;
#3671 = CARTESIAN_POINT ( 'NONE',  ( 0.000000000000000000, 25.29851411751397094, 0.000000000000000000 ) ) ;
#3672 = CARTESIAN_POINT ( 'NONE',  ( -0.06734701866160036632, 11.66464950938769363, 24.72799884635621837 ) ) ;
#3673 = CARTESIAN_POINT ( 'NONE',  ( -0.6646294306667757112, 6.916828045882443377, -24.70918305594245723 ) ) ;
#3674 = CARTESIAN_POINT ( 'NONE',  ( 26.10899261081145539, 7.002394849324788062, -0.06497342522017210409 ) ) ;
#3675 = CARTESIAN_POINT ( 'NONE',  ( 23.57050698636556163, 21.11354151676076540, -0.06186526143880995143 ) ) ;
#3676 = CARTESIAN_POINT ( 'NONE',  ( 0.000000000000000000, 21.71383033581603073, 0.000000000000000000 ) ) ;
#3677 = CARTESIAN_POINT ( 'NONE',  ( -0.6642472134682022578, 18.09223959586417507, -23.14990482767464641 ) ) ;
#3678 = FACE_OUTER_BOUND ( 'NONE', #5560, .T. ) ;
#3679 = CARTESIAN_POINT ( 'NONE',  ( -0.09685784249342117846, 8.337343363164865906, 25.68458463803339242 ) ) ;
#3680 = CARTESIAN_POINT ( 'NONE',  ( 0.3429331117582397059, 23.72946638581008116, 23.25823117169280607 ) ) ;
#3681 = CARTESIAN_POINT ( 'NONE',  ( 0.7750407690832208374, 17.48127400509068252, 23.05946499839463826 ) ) ;
#3682 = ADVANCED_FACE ( 'NONE', ( #5440 ), #6934, .T. ) ;
#3683 = EDGE_LOOP ( 'NONE', ( #1211, #2670, #2636, #796 ) ) ;
#3684 = CARTESIAN_POINT ( 'NONE',  ( -23.04261492117888110, 17.48834503507700688, -1.114073641700608963 ) ) ;
#3685 = CARTESIAN_POINT ( 'NONE',  ( -23.04112429403335582, 17.51210961875054650, -1.113475797767627062 ) ) ;
#3686 = CARTESIAN_POINT ( 'NONE',  ( 0.5977711577190006897, 11.58849590879567337, -24.15975815249011660 ) ) ;
#3687 = LINE ( 'NONE', #527, #740 ) ;
#3688 = CARTESIAN_POINT ( 'NONE',  ( 0.2826139044704501502, 6.941304772147778301, 25.65311042931752183 ) ) ;
#3689 = CARTESIAN_POINT ( 'NONE',  ( -23.50754031008084510, 19.62262892191320773, -0.2834179113348261336 ) ) ;
#3690 = CARTESIAN_POINT ( 'NONE',  ( -14.32435137758116817, 21.71383033581603073, -2.250101689166175145 ) ) ;
#3691 = EDGE_LOOP ( 'NONE', ( #5752, #6260, #4619, #6143 ) ) ;
#3692 = CARTESIAN_POINT ( 'NONE',  ( -23.68063260543988591, 25.17681228560241991, 0.07073905610776295982 ) ) ;
#3693 = CARTESIAN_POINT ( 'NONE',  ( 24.03397217374110895, 12.04237212266635915, 0.6410707184581132534 ) ) ;
#3694 = CARTESIAN_POINT ( 'NONE',  ( -23.50324899236568044, 24.26421460259481577, -0.2358630026893326903 ) ) ;
#3695 = CARTESIAN_POINT ( 'NONE',  ( -23.70898933549163701, 25.31142919975938455, 0.05540326936764273374 ) ) ;
#3696 = CARTESIAN_POINT ( 'NONE',  ( 0.5967700866813516747, 24.17284328252794978, -22.71444263116628548 ) ) ;
#3697 = CARTESIAN_POINT ( 'NONE',  ( -24.90268484230024626, 10.43864433660115232, -0.2825795857017474044 ) ) ;
#3698 = CARTESIAN_POINT ( 'NONE',  ( 0.4699373745216359199, 21.06680962835038429, 23.22175640376524797 ) ) ;
#3699 = CARTESIAN_POINT ( 'NONE',  ( -0.1174034232409130463, 8.960005574974109877, -25.47258348128004357 ) ) ;
#3700 = CARTESIAN_POINT ( 'NONE',  ( 25.07195800843991762, 7.734386866534418203, 0.4695819725205396811 ) ) ;
#3701 = ORIENTED_EDGE ( 'NONE', *, *, #748, .F. ) ;
#3702 = CARTESIAN_POINT ( 'NONE',  ( 25.90340305070055038, 7.820591540408130093, -0.03608899258398810123 ) ) ;
#3703 = CARTESIAN_POINT ( 'NONE',  ( 22.71444263116628193, 24.17284328252794978, 0.5967700866814309446 ) ) ;
#3704 = CARTESIAN_POINT ( 'NONE',  ( 26.19939777963010030, 7.046310596865636100, -0.04137760642296658964 ) ) ;
#3705 = CARTESIAN_POINT ( 'NONE',  ( -24.42914924505138785, 7.778456925126048915, -0.7319031812865141040 ) ) ;
#3706 = CARTESIAN_POINT ( 'NONE',  ( -0.003922420702036710262, 7.280131799675833015, 26.11842614240581995 ) ) ;
#3707 = CARTESIAN_POINT ( 'NONE',  ( 0.6645556456328776118, 10.34980094078757595, 24.23965344085978302 ) ) ;
#3708 = CARTESIAN_POINT ( 'NONE',  ( 0.03195172945128325892, 7.422067705930564863, -26.04804540878208385 ) ) ;
#3709 = CARTESIAN_POINT ( 'NONE',  ( 25.86880468122166477, 6.868191361001946049, 0.1992332498906832505 ) ) ;
#3710 = CARTESIAN_POINT ( 'NONE',  ( 22.66244315502038731, 20.99185990929456835, -0.7990831569280663071 ) ) ;
#3711 = CARTESIAN_POINT ( 'NONE',  ( 0.002177042760029642646, 25.10787863070819981, -23.68988913174810662 ) ) ;
#3712 = CARTESIAN_POINT ( 'NONE',  ( -26.24737067576340621, 6.816909802132319562, -0.03140144934114760811 ) ) ;
#3713 = CARTESIAN_POINT ( 'NONE',  ( 0.5972765343042354402, 21.03956269324505257, -23.01850338466514856 ) ) ;
#3714 = DIRECTION ( 'NONE',  ( 0.000000000000000000, -0.000000000000000000, -1.000000000000000000 ) ) ;
#3715 = CARTESIAN_POINT ( 'NONE',  ( -0.02173135385922777066, 7.845746104613719574, 25.90291651894875358 ) ) ;
#3716 = CARTESIAN_POINT ( 'NONE',  ( -0.1178523928285242078, 25.02052222124675041, 23.53877928878237924 ) ) ;
#3717 = CARTESIAN_POINT ( 'NONE',  ( 0.1543006341346386256, 7.421610015386914228, 25.99072620819278256 ) ) ;
#3718 =( BOUNDED_SURFACE ( )  B_SPLINE_SURFACE ( 2, 3, ( 
 ( #6347, #3041, #6246, #281 ),
 ( #4714, #2352, #3514, #3552 ),
 ( #5804, #3480, #822, #5734 ) ),
 .UNSPECIFIED., .F., .F., .T. ) 
 B_SPLINE_SURFACE_WITH_KNOTS ( ( 3, 3 ),
 ( 4, 4 ),
 ( 0.008659189252793514716, 0.7611155486637234402 ),
 ( 0.000000000000000000, 1.000000000000000000 ),
 .UNSPECIFIED. ) 
 GEOMETRIC_REPRESENTATION_ITEM ( )  RATIONAL_B_SPLINE_SURFACE ( (
 ( 1.000000000000000000, 0.3333333333333334259, 0.3333333333333334259, 1.000000000000000000),
 ( 1.000000000000000000, 0.3333333333333334259, 0.3333333333333334259, 1.000000000000000000),
 ( 1.000000000000000000, 0.3333333333333334259, 0.3333333333333334259, 1.000000000000000000) ) ) 
 REPRESENTATION_ITEM ( '' )  SURFACE ( )  );
#3719 = CARTESIAN_POINT ( 'NONE',  ( -0.003706674636677683311, 25.03621696025285459, 23.68635459380762853 ) ) ;
#3720 = CARTESIAN_POINT ( 'NONE',  ( -23.31942941184685836, 15.13889166045595758, -0.7821337062190075740 ) ) ;
#3721 = CARTESIAN_POINT ( 'NONE',  ( 0.1205736387841186003, 11.66265299640187791, -24.71310389499135596 ) ) ;
#3722 = DIRECTION ( 'NONE',  ( 0.000000000000000000, -1.000000000000000000, 0.000000000000000000 ) ) ;
#3723 = CARTESIAN_POINT ( 'NONE',  ( 0.3430781290341398670, 6.922136826749169636, 25.51007093875217890 ) ) ;
#3724 = CARTESIAN_POINT ( 'NONE',  ( -22.97412011599939419, 21.62424098268073536, 0.5979291669725197433 ) ) ;
#3725 = EDGE_CURVE ( 'NONE', #4081, #4391, #3748, .T. ) ;
#3726 = ORIENTED_EDGE ( 'NONE', *, *, #4305, .T. ) ;
#3727 = CARTESIAN_POINT ( 'NONE',  ( -23.33997251580531795, 21.00737575957979786, 0.3771248544438549066 ) ) ;
#3728 = CARTESIAN_POINT ( 'NONE',  ( -23.66428029625119223, 25.10234545187953970, -0.2132694272523454337 ) ) ;
#3729 = CARTESIAN_POINT ( 'NONE',  ( -26.22543006124315212, 7.000345051182259581, 0.08274577012430368861 ) ) ;
#3730 = CARTESIAN_POINT ( 'NONE',  ( -0.7993261275657957965, 24.84199658919887099, -22.20652074267205833 ) ) ;
#3731 = CARTESIAN_POINT ( 'NONE',  ( -24.73356538167448093, 11.66539603197888297, -0.003329870674328808469 ) ) ;
#3732 = CARTESIAN_POINT ( 'NONE',  ( 0.7320053368143970562, 21.00844972414699541, 22.78624448544572800 ) ) ;
#3733 = CARTESIAN_POINT ( 'NONE',  ( -0.03151080081388089871, 8.342590260824234605, -25.72372978188224124 ) ) ;
#3734 = AXIS2_PLACEMENT_3D ( 'NONE', #2664, #4882, #7107 ) ;
#3735 = CARTESIAN_POINT ( 'NONE',  ( 25.76617240619494353, 7.957634467854052041, 0.1179756856304963325 ) ) ;
#3736 = ORIENTED_EDGE ( 'NONE', *, *, #2752, .T. ) ;
#3737 = CARTESIAN_POINT ( 'NONE',  ( 0.07681798113192944699, 25.29851411751397094, -23.70617828429515228 ) ) ;
#3738 = CARTESIAN_POINT ( 'NONE',  ( 23.41846179902861991, 24.78345195029903181, -0.2003744685149297100 ) ) ;
#3739 = DIRECTION ( 'NONE',  ( -0.000000000000000000, 1.000000000000000000, -0.000000000000000000 ) ) ;
#3740 = SURFACE_STYLE_USAGE ( .BOTH. , #1015 ) ;
#3741 = CARTESIAN_POINT ( 'NONE',  ( -25.85842067619742934, 7.969997717269460047, 0.02107048065356409081 ) ) ;
#3742 = CARTESIAN_POINT ( 'NONE',  ( -0.3208292287783353069, 10.69741946816959910, 24.77576750090807067 ) ) ;
#3743 = CARTESIAN_POINT ( 'NONE',  ( -0.4704178319877107550, 11.61769093910325523, 24.37760973764227401 ) ) ;
#3744 = AXIS2_PLACEMENT_3D ( 'NONE', #5448, #3090, #6432 ) ;
#3745 = CARTESIAN_POINT ( 'NONE',  ( -0.2825643066561351335, 7.200206944167595324, -25.60814755496167550 ) ) ;
#3746 = CARTESIAN_POINT ( 'NONE',  ( 26.07122944555069211, 6.895318858804778017, 0.09595372251411246611 ) ) ;
#3747 = CARTESIAN_POINT ( 'NONE',  ( 23.45399430412308561, 19.61545278803415115, 0.3434736337812425155 ) ) ;
#3748 = CIRCLE ( 'NONE', #7123, 16.50000000000000000 ) ;
#3749 = CARTESIAN_POINT ( 'NONE',  ( -0.06090714838623071531, 24.23740169532112887, -23.62128949667858180 ) ) ;
#3750 = CARTESIAN_POINT ( 'NONE',  ( -26.33904163618322158, 6.829194754152914548, 0.001125577106953906670 ) ) ;
#3751 = CARTESIAN_POINT ( 'NONE',  ( -0.5977788072837882938, 21.03960430286505101, -23.01873576310480018 ) ) ;
#3752 = CARTESIAN_POINT ( 'NONE',  ( -5.213530464874319037, 21.71383033581603073, 13.53030303030302939 ) ) ;
#3753 = CARTESIAN_POINT ( 'NONE',  ( 0.03188837639712409355, 7.969529528169169375, 25.85492623620588759 ) ) ;
#3754 = CARTESIAN_POINT ( 'NONE',  ( -0.7983455350632412406, 24.84023513786889126, 22.19348083613026645 ) ) ;
#3755 = AXIS2_PLACEMENT_3D ( 'NONE', #4628, #6412, #6931 ) ;
#3756 = CARTESIAN_POINT ( 'NONE',  ( 0.2855753081152515027, 8.378942259233291168, 25.49187800467244003 ) ) ;
#3757 = CARTESIAN_POINT ( 'NONE',  ( 24.37623902270715348, 11.61751548593137962, -0.4695048045354450195 ) ) ;
#3758 = CARTESIAN_POINT ( 'NONE',  ( -23.30679842740517316, 15.11414648345870937, -1.124548714756107293 ) ) ;
#3759 = DIRECTION ( 'NONE',  ( 0.000000000000000000, 0.000000000000000000, 1.000000000000000000 ) ) ;
#3760 = CIRCLE ( 'NONE', #3992, 14.50000000000000000 ) ;
#3761 = CARTESIAN_POINT ( 'NONE',  ( 0.4704178319878809522, 11.61769093910325523, -24.37760973764227046 ) ) ;
#3762 = CARTESIAN_POINT ( 'NONE',  ( 0.000000000000000000, 23.71383033581603073, 18.42500000000000071 ) ) ;
#3763 = CARTESIAN_POINT ( 'NONE',  ( 0.4704130707741098205, 6.780223472668934548, 25.21232465406048817 ) ) ;
#3764 = CARTESIAN_POINT ( 'NONE',  ( -23.18660266110709856, 21.65271428202921555, 0.4701321211335061090 ) ) ;
#3765 = TOROIDAL_SURFACE ( 'NONE', #6784, 21.74989981158545760, 2.000000000000000000 ) ;
#3766 = VERTEX_POINT ( 'NONE', #5990 ) ;
#3767 = CARTESIAN_POINT ( 'NONE',  ( -23.65530898040558938, 24.58861619597508508, 0.02991134302509002030 ) ) ;
#3768 = ADVANCED_FACE ( 'NONE', ( #6060 ), #6230, .F. ) ;
#3769 = DIRECTION ( 'NONE',  ( 0.000000000000000000, 1.000000000000000000, 0.000000000000000000 ) ) ;
#3770 = CARTESIAN_POINT ( 'NONE',  ( -23.65426932299847351, 25.04912648538906339, -0.1059855199431507938 ) ) ;
#3771 = CARTESIAN_POINT ( 'NONE',  ( -23.71147647697112859, 25.32367952793134691, -0.02817215870936002481 ) ) ;
#3772 = CARTESIAN_POINT ( 'NONE',  ( 0.3417890723234938144, 25.18055954971877597, -23.08425339872049520 ) ) ;
#3773 = CARTESIAN_POINT ( 'NONE',  ( -24.27844008621261551, 13.75851190219442088, 0.01731246916111259943 ) ) ;
#3774 = CARTESIAN_POINT ( 'NONE',  ( 0.7990967170926815966, 8.783002064069046710, -24.15180321611012104 ) ) ;
#3775 = CARTESIAN_POINT ( 'NONE',  ( 25.54842927215356596, 8.709741442665862365, -0.1176006364693863576 ) ) ;
#3776 = CARTESIAN_POINT ( 'NONE',  ( -0.4298742075132881424, 7.804564978470474479, 25.78220520722145892 ) ) ;
#3777 = ADVANCED_FACE ( 'NONE', ( #1712 ), #3633, .F. ) ;
#3778 = CARTESIAN_POINT ( 'NONE',  ( 22.22579851057837885, 24.62361645405197308, 0.7983284768330529690 ) ) ;
#3779 = ORIENTED_EDGE ( 'NONE', *, *, #10, .T. ) ;
#3780 = FACE_OUTER_BOUND ( 'NONE', #5776, .T. ) ;
#3781 = CARTESIAN_POINT ( 'NONE',  ( -25.59933419954154132, 8.716561895866906440, -0.02260043525323013336 ) ) ;
#3782 = CARTESIAN_POINT ( 'NONE',  ( -0.09446585344733814116, 8.538826657864467151, 25.61745402047797526 ) ) ;
#3783 = CARTESIAN_POINT ( 'NONE',  ( -0.03597946235600665843, 12.87728823887356633, 24.45358145090202129 ) ) ;
#3784 = CARTESIAN_POINT ( 'NONE',  ( 0.02126399149141148387, 7.423678621260872745, -26.06006572416153944 ) ) ;
#3785 = CARTESIAN_POINT ( 'NONE',  ( 24.52820429417375792, 6.790549155179451901, 0.7320481748312387404 ) ) ;
#3786 = ORIENTED_EDGE ( 'NONE', *, *, #1170, .T. ) ;
#3787 = CARTESIAN_POINT ( 'NONE',  ( 23.60930797460028074, 19.63626908163578833, 0.003658265856156822475 ) ) ;
#3788 = CARTESIAN_POINT ( 'NONE',  ( 23.69649673120683175, 25.25232317041166041, -0.03847484580387592473 ) ) ;
#3789 = CARTESIAN_POINT ( 'NONE',  ( -26.20646134110628722, 6.913441615918571870, -0.03153123819564374042 ) ) ;
#3790 = CARTESIAN_POINT ( 'NONE',  ( 0.4699801249341095111, 21.06713182897214764, -23.22422218094118662 ) ) ;
#3791 = CARTESIAN_POINT ( 'NONE',  ( 2.357445088358652785E-16, 23.71383033581603073, 14.57500000000000107 ) ) ;
#3792 = CARTESIAN_POINT ( 'NONE',  ( -0.09647505127947406112, 7.836482721732975776, 25.83379594966923776 ) ) ;
#3793 = CARTESIAN_POINT ( 'NONE',  ( -0.09634360953513480819, 25.24465813719472607, 23.56255549123032367 ) ) ;
#3794 = CARTESIAN_POINT ( 'NONE',  ( 0.001669255668649482485, 7.174721770089393935, 26.15605098470906853 ) ) ;
#3795 = CARTESIAN_POINT ( 'NONE',  ( 24.23965344085979012, 10.34980094078757595, -0.6645556456326237038 ) ) ;
#3796 = ORIENTED_EDGE ( 'NONE', *, *, #2698, .F. ) ;
#3797 = CARTESIAN_POINT ( 'NONE',  ( -0.03851995879172837034, 25.25226168190424403, 23.69648360726175440 ) ) ;
#3798 = CARTESIAN_POINT ( 'NONE',  ( -23.62128949667831179, 24.23740169531894750, 0.06090714838643945112 ) ) ;
#3799 = ADVANCED_FACE ( 'NONE', ( #111 ), #6116, .F. ) ;
#3800 = CARTESIAN_POINT ( 'NONE',  ( 0.2831706696330132944, 11.64943761084549756, -24.61449833218574312 ) ) ;
#3801 = CARTESIAN_POINT ( 'NONE',  ( -1.112160896663559218, 17.46692829200232211, -23.04400465972261358 ) ) ;
#3802 = CARTESIAN_POINT ( 'NONE',  ( -0.1992332498904122728, 6.868191361001946049, 25.86880468122166832 ) ) ;
#3803 = CARTESIAN_POINT ( 'NONE',  ( -23.41070983137122852, 22.56866816342322579, 0.2817938534324168631 ) ) ;
#3804 = ORIENTED_EDGE ( 'NONE', *, *, #4352, .T. ) ;
#3805 = CARTESIAN_POINT ( 'NONE',  ( -24.84836487785532810, 9.776241907842114998, 0.7618553460660282273 ) ) ;
#3806 = PRODUCT_DEFINITION_CONTEXT ( 'detailed design', #2872, 'design' ) ;
#3807 = CARTESIAN_POINT ( 'NONE',  ( -23.79323980688083395, 25.29851411752937906, 13.87652359671883140 ) ) ;
#3808 = CARTESIAN_POINT ( 'NONE',  ( 0.3123859726643494761, 7.382339463760247078, -26.01033326184022343 ) ) ;
#3809 = CARTESIAN_POINT ( 'NONE',  ( 0.5412099016243965277, 21.43942321986800437, 23.12257587876628051 ) ) ;
#3810 = CARTESIAN_POINT ( 'NONE',  ( -0.6653593517024523063, 24.66346541495734002, -22.52306477486969882 ) ) ;
#3811 = CARTESIAN_POINT ( 'NONE',  ( -24.44248136399897575, 12.87580186854659381, 0.09337111069341998137 ) ) ;
#3812 = CARTESIAN_POINT ( 'NONE',  ( 0.2001787288302125933, 8.948778891896175480, -25.38882819708038596 ) ) ;
#3813 = CARTESIAN_POINT ( 'NONE',  ( 24.34005664829891202, 8.547802073037512827, 0.7318453600014158678 ) ) ;
#3814 = CARTESIAN_POINT ( 'NONE',  ( 22.58316975690155815, 25.11340796235337081, 0.5968024313826364446 ) ) ;
#3815 = VERTEX_POINT ( 'NONE', #4951 ) ;
#3816 = CARTESIAN_POINT ( 'NONE',  ( -2.227581944645035117E-05, 25.20458595688074865, 23.69720220672815714 ) ) ;
#3817 = CARTESIAN_POINT ( 'NONE',  ( -25.27200438452504727, 8.282058047574446746, 0.3428088856592786948 ) ) ;
#3818 = CARTESIAN_POINT ( 'NONE',  ( -0.1216873979665234057, 15.51276879813485010, 23.96285177239751363 ) ) ;
#3819 = CARTESIAN_POINT ( 'NONE',  ( -0.7984108511761659477, 7.033037902530442587, -24.36066068726267986 ) ) ;
#3820 = ADVANCED_FACE ( 'NONE', ( #554 ), #6701, .F. ) ;
#3821 = CARTESIAN_POINT ( 'NONE',  ( 24.87338294121087756, 6.938831602957817424, -0.5977411249963461293 ) ) ;
#3822 = CARTESIAN_POINT ( 'NONE',  ( 22.50628785444253310, 22.44745867395108974, 0.7983607345600080007 ) ) ;
#3823 = CARTESIAN_POINT ( 'NONE',  ( 23.65384966200543460, 25.04706633332542864, -0.1062059680619067137 ) ) ;
#3824 = CARTESIAN_POINT ( 'NONE',  ( -25.60814755496167550, 7.200206944167595324, 0.2825643066560457051 ) ) ;
#3825 = CARTESIAN_POINT ( 'NONE',  ( -0.1168687410448555619, 22.58816388925880148, -23.55620212231984212 ) ) ;
#3826 = CARTESIAN_POINT ( 'NONE',  ( 14.28941916244324162, 16.71383033581603073, -8.249999999999998224 ) ) ;
#3827 = CARTESIAN_POINT ( 'NONE',  ( -0.7991524686408512101, 8.141664941538452993, 24.22443396817958217 ) ) ;
#3828 = CARTESIAN_POINT ( 'NONE',  ( 0.2004401152450389079, 25.21953919146856649, 23.37509284363672180 ) ) ;
#3829 = CARTESIAN_POINT ( 'NONE',  ( 26.14697470941784019, 7.137939042837915693, -0.2043932963204624365 ) ) ;
#3830 = CARTESIAN_POINT ( 'NONE',  ( 24.61293102299649149, 10.39981328522302917, 0.4700747451369275409 ) ) ;
#3831 = ORIENTED_EDGE ( 'NONE', *, *, #4608, .F. ) ;
#3832 = CARTESIAN_POINT ( 'NONE',  ( 0.7753509604093863361, 17.50293682436541687, -23.05817896879838003 ) ) ;
#3833 = CARTESIAN_POINT ( 'NONE',  ( -23.42241631357938303, 22.11733459306942606, 0.2722070405103992341 ) ) ;
#3834 = CARTESIAN_POINT ( 'NONE',  ( -0.6645985338671707154, 10.01230362127266105, -24.29354375378402509 ) ) ;
#3835 = B_SPLINE_CURVE_WITH_KNOTS ( 'NONE', 3,
 ( #2809, #7108, #558, #525, #1136, #2118, #450, #2158, #4375, #7072, #6672, #1685, #3320, #4339, #3355, #6017, #6561, #6052, #6597, #5981, #1646, #3869, #1613, #3833, #3905, #5573, #4409, #1033, #3798, #1066, #4988, #2665, #2193, #3286, #3251, #2083 ),
 .UNSPECIFIED., .F., .F.,
 ( 4, 2, 2, 2, 2, 2, 2, 2, 2, 2, 2, 2, 2, 2, 2, 2, 2, 4 ),
 ( 0.000000000000000000, 0.0002912894099616536231, 0.0005825788199233072461, 0.001165157639846614492, 0.002330315279693224648, 0.003495472919539835670, 0.004660630559386446693, 0.006990945839079663535, 0.009321261118772882978, 0.01165157639846609375, 0.01398189167815930625, 0.01514704931800591250, 0.01631220695785251876, 0.01747736459769912501, 0.01776865400766077657, 0.01805994341762242814, 0.01835123282758407970, 0.01864252223754573126 ),
 .UNSPECIFIED. ) ;
#3836 = CARTESIAN_POINT ( 'NONE',  ( -0.5479182774137120182, 8.334747977408857977, -25.50823578111359069 ) ) ;
#3837 = CARTESIAN_POINT ( 'NONE',  ( 0.09717386855393655987, 6.993756019826629533, 26.04452560889465929 ) ) ;
#3838 = CARTESIAN_POINT ( 'NONE',  ( -23.58060078931868020, 22.59143247124027809, -0.001991036905598237740 ) ) ;
#3839 = CARTESIAN_POINT ( 'NONE',  ( -26.12655737972484715, 7.174069600615004205, 0.2249412357937649598 ) ) ;
#3840 = CARTESIAN_POINT ( 'NONE',  ( 0.000000000000000000, 7.000345051182263134, 0.000000000000000000 ) ) ;
#3841 = CARTESIAN_POINT ( 'NONE',  ( -23.68079833071269746, 25.17760779715631969, -0.07058210693757259457 ) ) ;
#3842 = CARTESIAN_POINT ( 'NONE',  ( 0.1062059680622898933, 25.04706633332547128, 23.65384966200469563 ) ) ;
#3843 = CARTESIAN_POINT ( 'NONE',  ( -0.7993421322545094521, 24.62534780950823432, -22.23861383497451527 ) ) ;
#3844 = CARTESIAN_POINT ( 'NONE',  ( -24.27833715080842580, 13.75849773190435421, -0.02561928932899583747 ) ) ;
#3845 = CARTESIAN_POINT ( 'NONE',  ( 0.09785468379845997655, 9.543231997090273921, -25.30902001745647922 ) ) ;
#3846 = CARTESIAN_POINT ( 'NONE',  ( 25.72592133544715765, 8.342883852311235415, -0.02068679307474063575 ) ) ;
#3847 = CARTESIAN_POINT ( 'NONE',  ( 23.36907838266629156, 25.21872969965490796, 0.1995811623906255661 ) ) ;
#3848 = EDGE_LOOP ( 'NONE', ( #1219, #1955, #6228, #4269 ) ) ;
#3849 = DIRECTION ( 'NONE',  ( 0.000000000000000000, 1.000000000000000000, 0.000000000000000000 ) ) ;
#3850 = VERTEX_POINT ( 'NONE', #3865 ) ;
#3851 = CARTESIAN_POINT ( 'NONE',  ( -24.30782710814910175, 8.803911145565210816, -0.7318379641910295330 ) ) ;
#3852 = CARTESIAN_POINT ( 'NONE',  ( -0.2028928778272380828, 15.50881879492249027, 23.93338126474662531 ) ) ;
#3853 = CARTESIAN_POINT ( 'NONE',  ( 0.5973436700734454652, 7.505737051478666544, -24.79186271939944675 ) ) ;
#3854 = CARTESIAN_POINT ( 'NONE',  ( 26.09661625798290885, 7.265663601417931439, -0.03257382893324824863 ) ) ;
#3855 = CARTESIAN_POINT ( 'NONE',  ( 22.97412011599939419, 21.62424098268073536, -0.5979291669725197433 ) ) ;
#3856 = CARTESIAN_POINT ( 'NONE',  ( 23.42738634834085687, 22.17377061502181945, -0.2664649104986068773 ) ) ;
#3857 = EDGE_CURVE ( 'NONE', #5328, #704, #847, .T. ) ;
#3858 = CARTESIAN_POINT ( 'NONE',  ( -26.09661625798290885, 7.265663601417931439, 0.03257382893324824863 ) ) ;
#3859 = CIRCLE ( 'NONE', #4435, 2.000000000000000000 ) ;
#3860 = CARTESIAN_POINT ( 'NONE',  ( 0.5968281189705417766, 23.37373808682390219, -22.80742098655862549 ) ) ;
#3861 = DIRECTION ( 'NONE',  ( 0.000000000000000000, -1.000000000000000000, 0.000000000000000000 ) ) ;
#3862 = CARTESIAN_POINT ( 'NONE',  ( 0.02010799548834515602, 8.966094201070390568, 25.51802454473206438 ) ) ;
#3863 = CARTESIAN_POINT ( 'NONE',  ( -0.03219708182482800690, 25.03779183631888472, 23.66764345771550637 ) ) ;
#3864 = AXIS2_PLACEMENT_3D ( 'NONE', #2577, #4247, #1453 ) ;
#3865 = CARTESIAN_POINT ( 'NONE',  ( 2.783389648130551231E-15, 27.71383033581603073, 21.74989981158545760 ) ) ;
#3866 = CARTESIAN_POINT ( 'NONE',  ( 24.44232590587295917, 12.87577934346058051, 0.09982035881449968784 ) ) ;
#3867 = ORIENTED_EDGE ( 'NONE', *, *, #978, .F. ) ;
#3868 = CARTESIAN_POINT ( 'NONE',  ( 0.7821337062207358581, 15.13889166045387391, -23.31942941184426132 ) ) ;
#3869 = CARTESIAN_POINT ( 'NONE',  ( -23.33712340292997212, 20.95809617874213160, 0.3813562059846416497 ) ) ;
#3870 = CARTESIAN_POINT ( 'NONE',  ( -0.2801911241473853953, 12.86277158806562504, -24.34523425528706753 ) ) ;
#3871 = CARTESIAN_POINT ( 'NONE',  ( -0.5633243312813723813, 14.39925194136650077, -23.73667255958434907 ) ) ;
#3872 = CARTESIAN_POINT ( 'NONE',  ( -0.2813262733454614528, 7.359525451709994393, 25.58135728341062176 ) ) ;
#3873 = CARTESIAN_POINT ( 'NONE',  ( -23.56944802945122319, 21.70401487045799627, 0.02971708502565312965 ) ) ;
#3874 = AXIS2_PLACEMENT_3D ( 'NONE', #1772, #3411, #6650 ) ;
#3875 = CARTESIAN_POINT ( 'NONE',  ( 0.1978887646249838927, 19.62967139840710828, 23.56006139678800793 ) ) ;
#3876 = CARTESIAN_POINT ( 'NONE',  ( -24.66279074710522679, 11.03731770637910792, 0.3485656227436054189 ) ) ;
#3877 = CARTESIAN_POINT ( 'NONE',  ( 23.69720220673127997, 25.20458595692221948, 2.227582009688335317E-05 ) ) ;
#3878 = CARTESIAN_POINT ( 'NONE',  ( 23.70617843559593751, 25.29851411752563806, -0.07677127596728518244 ) ) ;
#3879 = CARTESIAN_POINT ( 'NONE',  ( 0.01175736521413103114, 24.85281979411650966, 23.67547292985512186 ) ) ;
#3880 = CARTESIAN_POINT ( 'NONE',  ( 0.1995974380825913386, 25.00115878623504528, -23.39429030691530187 ) ) ;
#3881 = CARTESIAN_POINT ( 'NONE',  ( -24.04052189591788036, 11.57252832077276317, 0.6643823291741928205 ) ) ;
#3882 = AXIS2_PLACEMENT_3D ( 'NONE', #1437, #3107, #199 ) ;
#3883 = CARTESIAN_POINT ( 'NONE',  ( -0.01960517385757788375, 9.546350687901604459, -25.33228471422860650 ) ) ;
#3884 = CARTESIAN_POINT ( 'NONE',  ( 25.45461304660854296, 8.697166509801872891, 0.2000287126786362835 ) ) ;
#3885 = CARTESIAN_POINT ( 'NONE',  ( 22.30647195186451626, 25.07632699044922475, 0.7311541062141628800 ) ) ;
#3886 = AXIS2_PLACEMENT_3D ( 'NONE', #2580, #6169, #1766 ) ;
#3887 = EDGE_LOOP ( 'NONE', ( #3485, #6486, #5101, #652 ) ) ;
#3888 = FACE_OUTER_BOUND ( 'NONE', #6083, .T. ) ;
#3889 = CARTESIAN_POINT ( 'NONE',  ( -25.34233380959703652, 7.900840626954453327, 0.3429009267420128348 ) ) ;
#3890 = CARTESIAN_POINT ( 'NONE',  ( 0.2801911241475554259, 12.86277158806562504, 24.34523425528706397 ) ) ;
#3891 = CARTESIAN_POINT ( 'NONE',  ( 0.6646364992546323069, 7.483854533920288432, -24.62857482982873591 ) ) ;
#3892 = CARTESIAN_POINT ( 'NONE',  ( 24.70918305594246078, 6.916828045882443377, -0.6646294306666894469 ) ) ;
#3893 = ORIENTED_EDGE ( 'NONE', *, *, #1948, .F. ) ;
#3894 = CARTESIAN_POINT ( 'NONE',  ( 23.32538888713891723, 22.55723498310291930, -0.3425288425872460296 ) ) ;
#3895 = CARTESIAN_POINT ( 'NONE',  ( 23.00859709409785836, 19.88604483321860528, -0.9977827032045499811 ) ) ;
#3896 = CARTESIAN_POINT ( 'NONE',  ( -24.54320907428098408, 6.894586745138489015, 0.7315094138389863776 ) ) ;
#3897 = CARTESIAN_POINT ( 'NONE',  ( 0.7983607345599293970, 22.44745867395108974, -22.50628785444253666 ) ) ;
#3898 = CARTESIAN_POINT ( 'NONE',  ( -0.9869432277828723565, 12.00688728720013465, 24.03053489062740411 ) ) ;
#3899 = CARTESIAN_POINT ( 'NONE',  ( 0.3426108598381650272, 8.916145668508292488, 25.14527623069547602 ) ) ;
#3900 = CARTESIAN_POINT ( 'NONE',  ( -0.02113089820555666756, 25.48442552691738783, 23.70297377094140501 ) ) ;
#3901 = DIRECTION ( 'NONE',  ( 0.000000000000000000, 0.000000000000000000, 1.000000000000000000 ) ) ;
#3902 = CARTESIAN_POINT ( 'NONE',  ( 23.53678407798189909, 15.45566802715143240, 0.5982878403835880654 ) ) ;
#3903 = ORIENTED_EDGE ( 'NONE', *, *, #4438, .F. ) ;
#3904 = CARTESIAN_POINT ( 'NONE',  ( 0.004820486983410593972, 7.293791222417061348, -26.11277337039841129 ) ) ;
#3905 = CARTESIAN_POINT ( 'NONE',  ( -23.45900282126835279, 22.50251429877851095, 0.2312344295142311212 ) ) ;
#3906 = CARTESIAN_POINT ( 'NONE',  ( -0.4689620732072560805, 13.71864594227311684, -23.98092176398385789 ) ) ;
#3907 = CARTESIAN_POINT ( 'NONE',  ( -0.3382738142177562080, 23.39305573426011620, -23.35640644409018307 ) ) ;
#3908 = CARTESIAN_POINT ( 'NONE',  ( 0.02181422933164677003, 7.267797100435309687, 26.11253761290343789 ) ) ;
#3909 = CARTESIAN_POINT ( 'NONE',  ( -23.60042373960954620, 24.29157646094223111, -0.09674943708462721559 ) ) ;
#3910 = CARTESIAN_POINT ( 'NONE',  ( -0.3419883104946803143, 23.43593196171751813, 23.27150906946479481 ) ) ;
#3911 = EDGE_CURVE ( 'NONE', #113, #2564, #1062, .T. ) ;
#3912 = CARTESIAN_POINT ( 'NONE',  ( -23.46248762350797179, 14.33815891482988292, 0.7606640714526209379 ) ) ;
#3913 = CARTESIAN_POINT ( 'NONE',  ( -25.88725068453113565, 6.768649274056373066, -0.1992088392051351575 ) ) ;
#3914 = DIRECTION ( 'NONE',  ( -0.000000000000000000, -1.000000000000000000, -0.000000000000000000 ) ) ;
#3915 = CARTESIAN_POINT ( 'NONE',  ( 0.1969220282247662879, 24.54826570044140155, 23.55564165812465660 ) ) ;
#3916 = CARTESIAN_POINT ( 'NONE',  ( 0.02772834827527322077, 25.26892428419892767, -23.70034385049379821 ) ) ;
#3917 =( BOUNDED_SURFACE ( )  B_SPLINE_SURFACE ( 3, 2, ( 
 ( #4525, #2065, #2645 ),
 ( #6713, #5102, #3399 ),
 ( #5480, #503, #5958 ),
 ( #977, #2171, #2854 ),
 ( #5445, #88, #4862 ),
 ( #465, #3199, #2720 ),
 ( #4355, #1012, #7087 ),
 ( #1724, #1557, #6576 ),
 ( #3776, #5996, #6031 ),
 ( #1047, #2679, #4897 ),
 ( #3947, #7125, #6163 ),
 ( #1178, #779, #6337 ),
 ( #6268, #5795, #2995 ),
 ( #705, #270, #4159 ),
 ( #1396, #5173, #5832 ),
 ( #4625, #4663, #4594 ),
 ( #5689, #4703, #6928 ),
 ( #3470, #2446, #6819 ),
 ( #1328, #1288, #4089 ),
 ( #1830, #849, #1361 ),
 ( #2374, #3503, #2920 ),
 ( #1863, #2340, #5210 ),
 ( #232, #3071, #6889 ),
 ( #6851, #2407, #1937 ),
 ( #1902, #5721, #4056 ),
 ( #5247, #5136, #4126 ),
 ( #161, #6375, #5760 ),
 ( #3543, #196, #2486 ),
 ( #6300, #742, #3576 ),
 ( #3611, #813, #122 ),
 ( #3031, #4559, #6786 ),
 ( #1796, #2961, #4022 ),
 ( #6236, #1255, #3719 ),
 ( #3105, #372, #5355 ),
 ( #4263, #6518, #6963 ),
 ( #338, #3797, #5939 ) ),
 .UNSPECIFIED., .F., .F., .F. ) 
 B_SPLINE_SURFACE_WITH_KNOTS ( ( 4, 2, 2, 2, 2, 2, 2, 2, 2, 2, 2, 2, 2, 2, 2, 2, 2, 4 ),
 ( 3, 3 ),
 ( -5.319366908757006129E-19, 0.0001464657007984144176, 0.0002929314015968293773, 0.0005858628031936592966, 0.001171725606387319027, 0.002343451212774638488, 0.004686902425549277842, 0.007030353638323916764, 0.009373804851098555685, 0.01171725606387319374, 0.01406070727664783353, 0.01640415848942247332, 0.01757588409580979061, 0.01786881549740661906, 0.01816174689900345099, 0.01845467830060028291, 0.01860114400139869714, 0.01874760970219711137 ),
 ( 0.000000000000000000, 1.000000000000000000 ),
 .UNSPECIFIED. ) 
 GEOMETRIC_REPRESENTATION_ITEM ( )  RATIONAL_B_SPLINE_SURFACE ( (
 ( 1.000000000000000000, 0.9954353892156304617, 1.000000000000000000),
 ( 1.000000000000000000, 0.9934371520648248577, 1.000000000000000000),
 ( 1.000000000000000000, 0.9909753617708084716, 1.000000000000000000),
 ( 1.000000000000000000, 0.9861752719051614102, 1.000000000000000000),
 ( 1.000000000000000000, 0.9838982356152207176, 1.000000000000000000),
 ( 1.000000000000000000, 0.9776396921364503001, 1.000000000000000000),
 ( 1.000000000000000000, 0.9738134121739940863, 1.000000000000000000),
 ( 1.000000000000000000, 0.9625092384525342215, 1.000000000000000000),
 ( 1.000000000000000000, 0.9552318266149626425, 1.000000000000000000),
 ( 1.000000000000000000, 0.9356623566968746974, 1.000000000000000000),
 ( 1.000000000000000000, 0.9258714245889179129, 1.000000000000000000),
 ( 1.000000000000000000, 0.9059050285210971110, 1.000000000000000000),
 ( 1.000000000000000000, 0.9007815464510775527, 1.000000000000000000),
 ( 1.000000000000000000, 0.8956560751995752412, 1.000000000000000000),
 ( 1.000000000000000000, 0.8959778133930496047, 1.000000000000000000),
 ( 1.000000000000000000, 0.8970759474479097495, 1.000000000000000000),
 ( 1.000000000000000000, 0.8979253628617985816, 1.000000000000000000),
 ( 1.000000000000000000, 0.8994689647989776438, 1.000000000000000000),
 ( 1.000000000000000000, 0.9001960215585844693, 1.000000000000000000),
 ( 1.000000000000000000, 0.9021482068355080042, 1.000000000000000000),
 ( 1.000000000000000000, 0.9032770824753442174, 1.000000000000000000),
 ( 1.000000000000000000, 0.9091567131474413976, 1.000000000000000000),
 ( 1.000000000000000000, 0.9138514584450886380, 1.000000000000000000),
 ( 1.000000000000000000, 0.9323843240128595333, 1.000000000000000000),
 ( 1.000000000000000000, 0.9413215191133024184, 1.000000000000000000),
 ( 1.000000000000000000, 0.9558998911710608892, 1.000000000000000000),
 ( 1.000000000000000000, 0.9590508680710048139, 1.000000000000000000),
 ( 1.000000000000000000, 0.9652997938372898101, 1.000000000000000000),
 ( 1.000000000000000000, 0.9679931732230161456, 1.000000000000000000),
 ( 1.000000000000000000, 0.9750566445696159379, 1.000000000000000000),
 ( 1.000000000000000000, 0.9790202834148216127, 1.000000000000000000),
 ( 1.000000000000000000, 0.9856704034794445679, 1.000000000000000000),
 ( 1.000000000000000000, 0.9879928470062165902, 1.000000000000000000),
 ( 1.000000000000000000, 0.9924495716120212974, 1.000000000000000000),
 ( 1.000000000000000000, 0.9946010704230928701, 1.000000000000000000),
 ( 1.000000000000000000, 0.9962457246550926460, 1.000000000000000000) ) ) 
 REPRESENTATION_ITEM ( '' )  SURFACE ( )  );
#3918 = CARTESIAN_POINT ( 'NONE',  ( -24.45000139934202821, 12.87680933106934766, 0.06090352234158966094 ) ) ;
#3919 = CARTESIAN_POINT ( 'NONE',  ( 23.79323980688085527, 25.29851411752937196, -13.87652359671874969 ) ) ;
#3920 = CARTESIAN_POINT ( 'NONE',  ( -0.4700963901562395519, 9.473393779643709323, -24.78783433720364826 ) ) ;
#3921 = CARTESIAN_POINT ( 'NONE',  ( 25.54617475618757538, 8.709437250293211363, 0.1185319555773344108 ) ) ;
#3922 = CARTESIAN_POINT ( 'NONE',  ( 23.61864828717514087, 25.25217644586987831, -0.06460740296657620230 ) ) ;
#3923 = VERTEX_POINT ( 'NONE', #4479 ) ;
#3924 = CARTESIAN_POINT ( 'NONE',  ( -23.70617843559350391, 25.29851411751397094, 0.07677127596783821228 ) ) ;
#3925 = CARTESIAN_POINT ( 'NONE',  ( -24.49529393781288178, 8.568605743255783835, -0.6645902971460945219 ) ) ;
#3926 = B_SPLINE_CURVE_WITH_KNOTS ( 'NONE', 2,
 ( #2924, #3951, #6167 ),
 .UNSPECIFIED., .F., .F.,
 ( 3, 3 ),
 ( 0.008659189252793592778, 0.7611155486637234402 ),
 .UNSPECIFIED. ) ;
#3927 = CARTESIAN_POINT ( 'NONE',  ( -0.02592194641838180616, 15.51514945941506518, 23.98061054428164240 ) ) ;
#3928 = CARTESIAN_POINT ( 'NONE',  ( 0.7992917631066515094, 7.250312042932766765, -24.31196973852146570 ) ) ;
#3929 = EDGE_CURVE ( 'NONE', #6282, #891, #3316, .T. ) ;
#3930 = CARTESIAN_POINT ( 'NONE',  ( 25.46502155833874426, 7.181021407186446659, 0.3417757565392188779 ) ) ;
#3931 = CARTESIAN_POINT ( 'NONE',  ( 23.50710892674892349, 24.30757126057335427, -0.4462519295377510020 ) ) ;
#3932 = CARTESIAN_POINT ( 'NONE',  ( -25.94330717097858852, 7.245119668446132088, 0.1185289463321541337 ) ) ;
#3933 = CARTESIAN_POINT ( 'NONE',  ( 0.002577275292147421671, 21.70417358983301170, -23.57063454039415262 ) ) ;
#3934 = CARTESIAN_POINT ( 'NONE',  ( -0.3123859726641259327, 7.382339463760333231, 26.01033326184017724 ) ) ;
#3935 = CARTESIAN_POINT ( 'NONE',  ( 0.6647042679747602323, 8.570185696866120750, 24.50699701141456188 ) ) ;
#3936 = CARTESIAN_POINT ( 'NONE',  ( 0.03140144934105596614, 6.816909802132319562, -26.24737067576340621 ) ) ;
#3937 = DIRECTION ( 'NONE',  ( 0.000000000000000000, -1.000000000000000000, 0.000000000000000000 ) ) ;
#3938 = CARTESIAN_POINT ( 'NONE',  ( 23.98092176398385789, 13.71864594227311684, -0.4689620732071723141 ) ) ;
#3939 = ORIENTED_EDGE ( 'NONE', *, *, #6125, .F. ) ;
#3940 = CARTESIAN_POINT ( 'NONE',  ( 0.8527849398771125689, 10.50125412033114713, -24.54736681190499681 ) ) ;
#3941 = CARTESIAN_POINT ( 'NONE',  ( 23.61292361313882182, 24.14432414700530671, 0.06971108913958475040 ) ) ;
#3942 = CARTESIAN_POINT ( 'NONE',  ( -0.1973978791992689330, 13.75202879239702014, -24.23004988417485706 ) ) ;
#3943 = CARTESIAN_POINT ( 'NONE',  ( -0.6090279730558878502, 23.43952207325802917, -23.35640790983339343 ) ) ;
#3944 = CARTESIAN_POINT ( 'NONE',  ( 0.06492359790504287353, 7.101210875081300777, 26.08512857657765238 ) ) ;
#3945 = CARTESIAN_POINT ( 'NONE',  ( -23.48764127239124377, 23.76020448162192267, -0.1999228180903884766 ) ) ;
#3946 = CARTESIAN_POINT ( 'NONE',  ( 0.7323361534095432779, 23.33926574707155055, 22.55009371250977779 ) ) ;
#3947 = CARTESIAN_POINT ( 'NONE',  ( -0.6045928000601171748, 8.680779457201529326, 25.33951835331550484 ) ) ;
#3948 = CARTESIAN_POINT ( 'NONE',  ( 0.000000000000000000, 23.71383033581603073, 0.000000000000000000 ) ) ;
#3949 = CARTESIAN_POINT ( 'NONE',  ( 0.1942480080607523196, 25.14017930092212083, 23.67227280575633230 ) ) ;
#3950 = DIRECTION ( 'NONE',  ( 0.000000000000000000, 1.000000000000000000, 0.000000000000000000 ) ) ;
#3951 = CARTESIAN_POINT ( 'NONE',  ( 23.80798759955900934, 1.406610341118329943, 0.000000000000000000 ) ) ;
#3952 = CARTESIAN_POINT ( 'NONE',  ( -23.70436160877267184, 15.47813415023831851, 0.4687587104673905380 ) ) ;
#3953 = EDGE_CURVE ( 'NONE', #288, #6292, #2696, .T. ) ;
#3954 = CARTESIAN_POINT ( 'NONE',  ( 24.84368841239725256, 9.762923555594285929, 0.7685638417744085071 ) ) ;
#3955 = CARTESIAN_POINT ( 'NONE',  ( 0.2005387699741836283, 9.533114100826573178, -25.23352470279925441 ) ) ;
#3956 = CARTESIAN_POINT ( 'NONE',  ( 25.30902001745647922, 9.543231997090273921, 0.09785468379854835030 ) ) ;
#3957 = CARTESIAN_POINT ( 'NONE',  ( 23.57340393625268860, 25.02516409054138080, -0.09676347421220034273 ) ) ;
#3958 = CARTESIAN_POINT ( 'NONE',  ( 26.18190632889778513, 7.077174889305039684, 0.06057261048071160142 ) ) ;
#3959 = CARTESIAN_POINT ( 'NONE',  ( 0.000000000000000000, 16.71383033581603073, 0.000000000000000000 ) ) ;
#3960 = CARTESIAN_POINT ( 'NONE',  ( -24.42431709716263555, 10.02981727485898666, -0.5975008311746673462 ) ) ;
#3961 = CARTESIAN_POINT ( 'NONE',  ( 0.4687587104676388394, 15.47813415023831851, 23.70436160877266829 ) ) ;
#3962 = CARTESIAN_POINT ( 'NONE',  ( -0.2824637281017551849, 7.605042625963259084, -25.53284583221775961 ) ) ;
#3963 = CARTESIAN_POINT ( 'NONE',  ( 26.09749800198490277, 7.265781198311656475, 0.03181894811215955909 ) ) ;
#3964 = EDGE_LOOP ( 'NONE', ( #4318, #1991, #231, #2208 ) ) ;
#3965 = CARTESIAN_POINT ( 'NONE',  ( -23.09579771627772971, 25.40306210418039967, 0.3432035132355284457 ) ) ;
#3966 = CARTESIAN_POINT ( 'NONE',  ( 26.20996802268058445, 7.027301198482952316, -0.1204802660508631218 ) ) ;
#3967 = CARTESIAN_POINT ( 'NONE',  ( -26.15403686507685421, 7.110444402905994110, -0.02102157500947778382 ) ) ;
#3968 = CARTESIAN_POINT ( 'NONE',  ( 0.09795553197833289927, 22.58916309790991050, -23.56367248624988520 ) ) ;
#3969 = DIRECTION ( 'NONE',  ( -0.000000000000000000, 1.000000000000000000, -0.000000000000000000 ) ) ;
#3970 = CARTESIAN_POINT ( 'NONE',  ( 0.7316538342984534316, 8.549932135092021213, 24.35585598235714144 ) ) ;
#3971 = CARTESIAN_POINT ( 'NONE',  ( 0.6653294796905186992, 25.31393000689831396, 22.43065281674101996 ) ) ;
#3972 = CARTESIAN_POINT ( 'NONE',  ( 23.10321151559641706, 21.45202063916929802, -0.8631570426174567379 ) ) ;
#3973 = CARTESIAN_POINT ( 'NONE',  ( 24.45000139934202821, 12.87680933106934766, -0.06090352234158966094 ) ) ;
#3974 = CIRCLE ( 'NONE', #5830, 2.000000000000000444 ) ;
#3975 = ORIENTED_EDGE ( 'NONE', *, *, #6951, .F. ) ;
#3976 = CARTESIAN_POINT ( 'NONE',  ( 0.3109662047801775575, 7.378047589689002983, -26.01269915474977878 ) ) ;
#3977 = DIRECTION ( 'NONE',  ( -0.6283324767384019793, 1.734723475976807489E-15, -0.7779449200783983276 ) ) ;
#3978 = CARTESIAN_POINT ( 'NONE',  ( 0.3437400504576898497, 12.85526651923222197, -24.28927052359642147 ) ) ;
#3979 = CARTESIAN_POINT ( 'NONE',  ( -0.4707043143230295046, 19.83758736807467571, -23.28518643060279913 ) ) ;
#3980 = CARTESIAN_POINT ( 'NONE',  ( 0.4704095326249326248, 7.140680814674108312, 25.16393785211685952 ) ) ;
#3981 = CARTESIAN_POINT ( 'NONE',  ( -23.60095239638902598, 23.48008364467150955, 0.06344671255355265049 ) ) ;
#3982 = CARTESIAN_POINT ( 'NONE',  ( -0.5969427557099535875, 22.49995115879839958, 22.89798546582245464 ) ) ;
#3983 = CIRCLE ( 'NONE', #4205, 26.22556059953014440 ) ;
#3984 = DIRECTION ( 'NONE',  ( 0.000000000000000000, 0.000000000000000000, -1.000000000000000000 ) ) ;
#3985 = DIRECTION ( 'NONE',  ( 0.000000000000000000, 0.000000000000000000, 1.000000000000000000 ) ) ;
#3986 = AXIS2_PLACEMENT_3D ( 'NONE', #1609, #5500, #1132 ) ;
#3987 = DIRECTION ( 'NONE',  ( -0.000000000000000000, 1.000000000000000000, -0.000000000000000000 ) ) ;
#3988 = FACE_OUTER_BOUND ( 'NONE', #2912, .T. ) ;
#3989 = CARTESIAN_POINT ( 'NONE',  ( -0.4708034217828518941, 25.36895730540319605, -22.84129166334248495 ) ) ;
#3990 = CARTESIAN_POINT ( 'NONE',  ( -23.88189274388275507, 15.50192313449378112, 0.2796624635019518967 ) ) ;
#3991 = CARTESIAN_POINT ( 'NONE',  ( 21.56101358870575879, 15.19481306604520121, 0.1343655007813356617 ) ) ;
#3992 = AXIS2_PLACEMENT_3D ( 'NONE', #3473, #5692, #125 ) ;
#3993 = ADVANCED_FACE ( 'NONE', ( #4046 ), #5126, .F. ) ;
#3994 = CARTESIAN_POINT ( 'NONE',  ( 24.52047126226147356, 9.437555564054621371, 0.5974182665950252824 ) ) ;
#3995 = DIRECTION ( 'NONE',  ( 0.000000000000000000, 0.000000000000000000, -1.000000000000000000 ) ) ;
#3996 = CARTESIAN_POINT ( 'NONE',  ( 25.92874537092236409, 7.758428812497799143, 0.03119255941085854675 ) ) ;
#3997 = CARTESIAN_POINT ( 'NONE',  ( -24.98295036961916082, 10.10468151509921064, -0.2824129681879443687 ) ) ;
#3998 = CIRCLE ( 'NONE', #2020, 4.000000000000000000 ) ;
#3999 = CARTESIAN_POINT ( 'NONE',  ( -0.02577856695431418252, 17.28454283805839964, 23.77796498726645780 ) ) ;
#4000 = EDGE_CURVE ( 'NONE', #2298, #6066, #269, .T. ) ;
#4001 =( BOUNDED_SURFACE ( )  B_SPLINE_SURFACE ( 2, 3, ( 
 ( #5624, #2239, #4458, #6684, #1695, #1145 ),
 ( #5584, #3916, #602, #5504, #998, #4883 ),
 ( #7149, #1577, #4955, #6120, #4920, #7182 ) ),
 .UNSPECIFIED., .F., .F., .T. ) 
 B_SPLINE_SURFACE_WITH_KNOTS ( ( 3, 3 ),
 ( 4, 2, 4 ),
 ( 0.000000000000000000, 1.000000000000000000 ),
 ( 0.01840462460069114750, 0.01849303560129613236, 0.01858144660190111722 ),
 .UNSPECIFIED. ) 
 GEOMETRIC_REPRESENTATION_ITEM ( )  RATIONAL_B_SPLINE_SURFACE ( (
 ( 1.000000000000000000, 1.000000000000000000, 1.000000000000000000, 1.000000000000000000, 1.000000000000000000, 1.000000000000000000),
 ( 0.9962457246550832091, 0.9974570673917071417, 0.9983859993578332315, 0.9983822790128500380, 0.9974530858711306847, 0.9962518364972522411),
 ( 1.000000000000000000, 1.000000000000000000, 1.000000000000000000, 1.000000000000000000, 1.000000000000000000, 1.000000000000000000) ) ) 
 REPRESENTATION_ITEM ( '' )  SURFACE ( )  );
#4002 = CARTESIAN_POINT ( 'NONE',  ( 24.82745721221758117, 7.319403867463846858, -0.5977611802381644912 ) ) ;
#4003 = VERTEX_POINT ( 'NONE', #2397 ) ;
#4004 = CARTESIAN_POINT ( 'NONE',  ( -22.58316975690155815, 25.11340796235337081, -0.5968024313826364446 ) ) ;
#4005 = CARTESIAN_POINT ( 'NONE',  ( 23.13006698932575844, 22.53106135316690839, -0.4704063910713504604 ) ) ;
#4006 = CARTESIAN_POINT ( 'NONE',  ( 25.51075031734643517, 8.329689908033595103, -0.5469862638823344003 ) ) ;
#4007 = CARTESIAN_POINT ( 'NONE',  ( -25.76133341297214940, 7.383644459550672501, -0.1994147536456335468 ) ) ;
#4008 = CARTESIAN_POINT ( 'NONE',  ( 0.2061696659754393701, 9.617680436710010383, 25.18804908428297651 ) ) ;
#4009 = CARTESIAN_POINT ( 'NONE',  ( -0.2001787288300352907, 8.948778891896175480, 25.38882819708038951 ) ) ;
#4010 = CARTESIAN_POINT ( 'NONE',  ( 0.7994177942614582033, 6.666233605996682243, -24.36178953236183631 ) ) ;
#4011 = DIRECTION ( 'NONE',  ( 0.000000000000000000, 0.000000000000000000, -1.000000000000000000 ) ) ;
#4012 = CARTESIAN_POINT ( 'NONE',  ( 23.59188396843316227, 12.76180696105532775, 0.7992547685122450840 ) ) ;
#4013 = EDGE_LOOP ( 'NONE', ( #663, #2538, #5436, #4141 ) ) ;
#4014 = FACE_OUTER_BOUND ( 'NONE', #6162, .T. ) ;
#4015 = CARTESIAN_POINT ( 'NONE',  ( -0.01758781114581244379, 12.87742150374782568, -24.45457240173828950 ) ) ;
#4016 = CARTESIAN_POINT ( 'NONE',  ( -0.1921268608669342570, 25.14409475808750472, -23.67310294152357386 ) ) ;
#4017 = CARTESIAN_POINT ( 'NONE',  ( 0.7315332887001764206, 7.055348353807873174, 24.52715068564931045 ) ) ;
#4018 = CARTESIAN_POINT ( 'NONE',  ( -22.68347052707507316, 23.35713875640724169, 0.6653032530345418527 ) ) ;
#4019 = CARTESIAN_POINT ( 'NONE',  ( -0.001991036905351244342, 22.59143247124027809, 23.58060078931868020 ) ) ;
#4020 = EDGE_CURVE ( 'NONE', #354, #6517, #6302, .T. ) ;
#4021 = ORIENTED_EDGE ( 'NONE', *, *, #1899, .F. ) ;
#4022 = CARTESIAN_POINT ( 'NONE',  ( -0.005025604723080961782, 24.99107696304160697, 23.68388823323772385 ) ) ;
#4023 = SPHERICAL_SURFACE ( 'NONE', #6425, 2.000000000000000000 ) ;
#4024 = CARTESIAN_POINT ( 'NONE',  ( -9.110820912706847352, 21.71383033581603073, -11.28020134113680406 ) ) ;
#4025 = DIRECTION ( 'NONE',  ( 0.000000000000000000, 0.000000000000000000, 1.000000000000000000 ) ) ;
#4026 = CARTESIAN_POINT ( 'NONE',  ( -0.6653439391560471705, 25.09723708577436696, -22.46241651579939713 ) ) ;
#4027 = CARTESIAN_POINT ( 'NONE',  ( -23.98061054428164240, 15.51514945941506518, -0.02592194641863299065 ) ) ;
#4028 = CARTESIAN_POINT ( 'NONE',  ( -0.0003784970559239963280, 7.076015500995683105, 26.19327994679713711 ) ) ;
#4029 = CARTESIAN_POINT ( 'NONE',  ( 25.31062551658360960, 9.543448839722282528, -0.09534358802484491080 ) ) ;
#4030 = CARTESIAN_POINT ( 'NONE',  ( -14.28941916244323451, 23.71383033581603073, -6.325000000000007283 ) ) ;
#4031 = CARTESIAN_POINT ( 'NONE',  ( -25.33447589771843766, 8.691246305057783061, 0.6072212866886493865 ) ) ;
#4032 = CARTESIAN_POINT ( 'NONE',  ( -26.18490495129216811, 7.097770024547180867, 7.602121305207428328E-05 ) ) ;
#4033 = CARTESIAN_POINT ( 'NONE',  ( -24.22989062594349718, 9.398614177338053821, -0.7318350674454474625 ) ) ;
#4034 = CARTESIAN_POINT ( 'NONE',  ( 0.06047202645077968952, 17.28403406902849682, 23.77416279954461231 ) ) ;
#4035 = CARTESIAN_POINT ( 'NONE',  ( 0.5973327016277141244, 8.205635061036257838, -24.70178025549085632 ) ) ;
#4036 = CARTESIAN_POINT ( 'NONE',  ( 24.46294325631428279, 7.461657943228481749, 0.7319403229371354014 ) ) ;
#4037 = EDGE_LOOP ( 'NONE', ( #3665, #6251, #7115, #2681 ) ) ;
#4038 = CARTESIAN_POINT ( 'NONE',  ( -23.56298855524682878, 25.24471786377320726, 0.09684916225496624509 ) ) ;
#4039 = CARTESIAN_POINT ( 'NONE',  ( 23.01866130329231908, 23.69735492592861448, 0.4693259789811302096 ) ) ;
#4040 = CARTESIAN_POINT ( 'NONE',  ( 25.06328000720623095, 9.936181128203788404, -0.2409991893769948268 ) ) ;
#4041 = CARTESIAN_POINT ( 'NONE',  ( -26.00573426165161095, 7.416397381042920678, -0.06404426376997100767 ) ) ;
#4042 = CARTESIAN_POINT ( 'NONE',  ( -0.07681798113201619704, 25.29851411751397094, 23.70617828429515228 ) ) ;
#4043 = CARTESIAN_POINT ( 'NONE',  ( -0.7990717116021944788, 9.972956944944815660, 24.00002564932005100 ) ) ;
#4044 = EDGE_CURVE ( 'NONE', #320, #121, #1543, .T. ) ;
#4045 = CARTESIAN_POINT ( 'NONE',  ( 0.3417515767168967100, 7.021632547013194170, -25.49132370316086593 ) ) ;
#4046 = FACE_OUTER_BOUND ( 'NONE', #5238, .T. ) ;
#4047 = CARTESIAN_POINT ( 'NONE',  ( 23.70030570894395083, 18.16599220018468941, -0.01733149793753177917 ) ) ;
#4048 = ORIENTED_EDGE ( 'NONE', *, *, #2786, .F. ) ;
#4049 = CARTESIAN_POINT ( 'NONE',  ( -0.01240019922473945858, 7.461234850773743155, -26.04872888629061478 ) ) ;
#4050 = CARTESIAN_POINT ( 'NONE',  ( -0.1144370527499724288, 15.51284042216297898, -23.96337081132590896 ) ) ;
#4051 = CARTESIAN_POINT ( 'NONE',  ( -0.5486574096805949541, 10.92674450038636991, -24.41294492788009052 ) ) ;
#4052 = CARTESIAN_POINT ( 'NONE',  ( 0.4703996924032074478, 7.360319483669307772, 25.13278710749234790 ) ) ;
#4053 = CARTESIAN_POINT ( 'NONE',  ( -22.41341822290884522, 23.32095068785514869, 0.7993535793056528727 ) ) ;
#4054 = CARTESIAN_POINT ( 'NONE',  ( -0.2820376709750662680, 22.56959408544826573, 23.41765612890091219 ) ) ;
#4055 = EDGE_LOOP ( 'NONE', ( #1378, #1064, #1560 ) ) ;
#4056 = CARTESIAN_POINT ( 'NONE',  ( -0.1085675247519506670, 23.72314563405413779, 23.57450913762150435 ) ) ;
#4057 = FACE_OUTER_BOUND ( 'NONE', #5945, .T. ) ;
#4058 = EDGE_CURVE ( 'NONE', #6409, #3502, #4328, .T. ) ;
#4059 = CARTESIAN_POINT ( 'NONE',  ( 0.2760198602866242856, 24.96068686643061341, 23.63467680018281669 ) ) ;
#4060 = CARTESIAN_POINT ( 'NONE',  ( 26.23959171989073980, 6.975397712924562121, 0.03044673344400741083 ) ) ;
#4061 = CARTESIAN_POINT ( 'NONE',  ( -23.96337081132590896, 15.51284042216297898, 0.1144370527498887596 ) ) ;
#4062 = CARTESIAN_POINT ( 'NONE',  ( 26.01033326184020567, 7.382339463760252407, 0.3123859726643959944 ) ) ;
#4063 = EDGE_CURVE ( 'NONE', #2424, #5447, #768, .T. ) ;
#4064 = CARTESIAN_POINT ( 'NONE',  ( 25.33228471422860650, 9.546350687901604459, -0.01960517385748943714 ) ) ;
#4065 = CARTESIAN_POINT ( 'NONE',  ( 22.84129166334248495, 25.36895730540319605, -0.4708034217827721801 ) ) ;
#4066 = FACE_OUTER_BOUND ( 'NONE', #3887, .T. ) ;
#4067 = CARTESIAN_POINT ( 'NONE',  ( -25.31062551658360960, 9.543448839722282528, 0.09534358802484491080 ) ) ;
#4068 = CARTESIAN_POINT ( 'NONE',  ( -0.7990848424552223772, 18.06255377167455833, 22.92847816201394551 ) ) ;
#4069 = CARTESIAN_POINT ( 'NONE',  ( 0.1182381007557769675, 8.333984918277501208, -25.65952456137036819 ) ) ;
#4070 = CARTESIAN_POINT ( 'NONE',  ( 25.53471050363677008, 7.605287567844771779, 0.2813916348208858609 ) ) ;
#4071 = ORIENTED_EDGE ( 'NONE', *, *, #148, .T. ) ;
#4072 = CARTESIAN_POINT ( 'NONE',  ( -23.66090213930594643, 25.25783843370685844, 0.02146846651726768904 ) ) ;
#4073 = CARTESIAN_POINT ( 'NONE',  ( 23.58379438474771916, 23.47778461319441234, -0.09586908800800650332 ) ) ;
#4074 = CARTESIAN_POINT ( 'NONE',  ( 25.00559022379361807, 9.409722450743030819, -0.7141628720869664937 ) ) ;
#4075 = CARTESIAN_POINT ( 'NONE',  ( -25.42815461140922295, 7.399894057548072723, -0.3418124121483398503 ) ) ;
#4076 = CARTESIAN_POINT ( 'NONE',  ( -0.2155585338589578182, 25.09766596767556024, 23.66329450247234334 ) ) ;
#4077 = CARTESIAN_POINT ( 'NONE',  ( -0.3424031316376043854, 9.504757882410084235, 25.02193347005049517 ) ) ;
#4078 = CARTESIAN_POINT ( 'NONE',  ( -0.7983391647139809200, 6.670431665448007585, -24.39301195369875330 ) ) ;
#4079 = CARTESIAN_POINT ( 'NONE',  ( 23.68890485977179239, 18.16446336358474412, 0.1000727049930712209 ) ) ;
#4080 = EDGE_CURVE ( 'NONE', #2940, #4003, #1775, .T. ) ;
#4081 = VERTEX_POINT ( 'NONE', #5275 ) ;
#4082 = CARTESIAN_POINT ( 'NONE',  ( 0.2982821866039161440, 23.78137618531744835, -23.41782581860524814 ) ) ;
#4083 = CARTESIAN_POINT ( 'NONE',  ( -0.06064875468530522146, 18.16542417833255385, -23.69606416988473896 ) ) ;
#4084 = CARTESIAN_POINT ( 'NONE',  ( -0.3143436167074693532, 10.66973912325688723, -24.79185351455569730 ) ) ;
#4085 = CARTESIAN_POINT ( 'NONE',  ( 0.03221189969454584662, 7.663033439397174185, 25.96560273948003328 ) ) ;
#4086 = CARTESIAN_POINT ( 'NONE',  ( -23.11465492004821343, 24.96368408545327711, -0.3417810029962020102 ) ) ;
#4087 = CARTESIAN_POINT ( 'NONE',  ( -0.06437052350449401494, 24.81270430498480195, 23.63676678347792759 ) ) ;
#4088 = ORIENTED_EDGE ( 'NONE', *, *, #4791, .F. ) ;
#4089 = CARTESIAN_POINT ( 'NONE',  ( -0.5782098345471151646, 17.51500126233281307, 23.33354436155519451 ) ) ;
#4090 = DIRECTION ( 'NONE',  ( 0.000000000000000000, 1.000000000000000000, 0.000000000000000000 ) ) ;
#4091 = CARTESIAN_POINT ( 'NONE',  ( -26.27473447053878886, 6.820577247355287476, 0.02228954232007652678 ) ) ;
#4092 = DIRECTION ( 'NONE',  ( 0.000000000000000000, 0.000000000000000000, 1.000000000000000000 ) ) ;
#4093 = CARTESIAN_POINT ( 'NONE',  ( -0.1173728927074284695, 6.790609428828042304, 26.05111696981699509 ) ) ;
#4094 = CARTESIAN_POINT ( 'NONE',  ( -23.63084146913043782, 17.26483028007832132, 0.3407140058551202388 ) ) ;
#4095 = CIRCLE ( 'NONE', #604, 1.999999999999999334 ) ;
#4096 = CARTESIAN_POINT ( 'NONE',  ( 25.25652562119961431, 8.931048536603514165, 0.2818666061989416605 ) ) ;
#4097 = CARTESIAN_POINT ( 'NONE',  ( 22.43065281674102707, 25.31393000689831396, -0.6653294796902837760 ) ) ;
#4098 = CARTESIAN_POINT ( 'NONE',  ( -24.83898407697385480, 9.773940090848153517, 0.7682935736857762210 ) ) ;
#4099 = CARTESIAN_POINT ( 'NONE',  ( -0.08274577012455577862, 7.000345051182264022, -26.22543006124309528 ) ) ;
#4100 = CARTESIAN_POINT ( 'NONE',  ( -0.2823869972380058102, 24.25357173075546413, -23.31679907441799671 ) ) ;
#4101 = CARTESIAN_POINT ( 'NONE',  ( -25.32437127976160340, 9.545290601535972641, 0.06290520530550075540 ) ) ;
#4102 = CARTESIAN_POINT ( 'NONE',  ( -0.5979899902880266849, 18.10581569587538198, 23.25129526609335073 ) ) ;
#4103 = TOROIDAL_SURFACE ( 'NONE', #1194, 23.79212637122280682, 2.799999999999999822 ) ;
#4104 = CARTESIAN_POINT ( 'NONE',  ( 0.6645941800714487702, 8.184648120658570392, -24.54517536307385939 ) ) ;
#4105 = EDGE_CURVE ( 'NONE', #891, #2602, #6659, .T. ) ;
#4106 = CARTESIAN_POINT ( 'NONE',  ( 25.90921592160406206, 7.403462655362599065, 0.1176537889525773040 ) ) ;
#4107 = ORIENTED_EDGE ( 'NONE', *, *, #923, .T. ) ;
#4108 = CARTESIAN_POINT ( 'NONE',  ( 24.65253690620559723, 11.06734502849774415, -0.3512505154529688700 ) ) ;
#4109 = CARTESIAN_POINT ( 'NONE',  ( 23.60819920865862898, 23.48105439812053064, -0.02014355390124118739 ) ) ;
#4110 = CIRCLE ( 'NONE', #2944, 25.88957437681456142 ) ;
#4111 = CARTESIAN_POINT ( 'NONE',  ( 26.16154146988392526, 7.113279477039178289, -0.07458206887607655988 ) ) ;
#4112 = CARTESIAN_POINT ( 'NONE',  ( -0.05508662124853362652, 7.030911982025061846, 26.20811897558237291 ) ) ;
#4113 = CARTESIAN_POINT ( 'NONE',  ( -25.74848705493459988, 7.442822502275706853, -0.1994379324837565748 ) ) ;
#4114 = CARTESIAN_POINT ( 'NONE',  ( -0.3081820948387435366, 24.87074703152412880, 23.61623839162028560 ) ) ;
#4115 = CARTESIAN_POINT ( 'NONE',  ( -0.2825795857014865575, 10.43864433660115232, 24.90268484230024981 ) ) ;
#4116 = CARTESIAN_POINT ( 'NONE',  ( 0.6647148065479887569, 6.813589728258618194, -24.70013385295893116 ) ) ;
#4117 = CIRCLE ( 'NONE', #5038, 5.999999999999998224 ) ;
#4118 = CARTESIAN_POINT ( 'NONE',  ( 22.92847816201393840, 18.06255377167455833, 0.7990848424554625185 ) ) ;
#4119 = ORIENTED_EDGE ( 'NONE', *, *, #6840, .F. ) ;
#4120 = CARTESIAN_POINT ( 'NONE',  ( 0.005025604722963734373, 24.99107696304176329, -23.68388823323782688 ) ) ;
#4121 = CARTESIAN_POINT ( 'NONE',  ( -0.09279817396625730797, 15.51368860744981326, -23.96970157607484708 ) ) ;
#4122 = CARTESIAN_POINT ( 'NONE',  ( -0.4027327609758146187, 9.453338234526576400, -24.99547612703123889 ) ) ;
#4123 = CARTESIAN_POINT ( 'NONE',  ( 0.1184284411535904968, 7.462168367529986135, 25.89282949181700388 ) ) ;
#4124 = CARTESIAN_POINT ( 'NONE',  ( -23.62853551967731747, 25.03255076808081725, -0.06427458950743453192 ) ) ;
#4125 = CARTESIAN_POINT ( 'NONE',  ( -0.5967776454829615274, 24.67990405432716372, 22.64581612179544123 ) ) ;
#4126 = CARTESIAN_POINT ( 'NONE',  ( -0.06427893883975890899, 24.20410276270359873, 23.61837502333677108 ) ) ;
#4127 = CARTESIAN_POINT ( 'NONE',  ( -23.00916924264746655, 19.90477474039149186, -0.9990776438794994885 ) ) ;
#4128 = CARTESIAN_POINT ( 'NONE',  ( -24.35370108147055035, 6.767163691078310173, -0.7993936164322350546 ) ) ;
#4129 = CARTESIAN_POINT ( 'NONE',  ( -5.213530464874406078, 23.71383033581603073, 13.53030303030299919 ) ) ;
#4130 = CARTESIAN_POINT ( 'NONE',  ( -23.55555161905353501, 21.11153577926741676, -0.1201554689254512864 ) ) ;
#4131 = EDGE_CURVE ( 'NONE', #3187, #6366, #6773, .T. ) ;
#4132 = CARTESIAN_POINT ( 'NONE',  ( 24.71964739661007471, 11.66353175869114800, -0.09391049624928973771 ) ) ;
#4133 = DIRECTION ( 'NONE',  ( -0.000000000000000000, -1.000000000000000000, -0.000000000000000000 ) ) ;
#4134 = CARTESIAN_POINT ( 'NONE',  ( 23.52560403136266487, 24.40676053691537817, 0.4247386158233882325 ) ) ;
#4135 = CARTESIAN_POINT ( 'NONE',  ( -0.02350199423718407621, 25.32363545456120235, 23.71146754039424920 ) ) ;
#4136 = CARTESIAN_POINT ( 'NONE',  ( -0.03160171362894842462, 24.29632365845789366, -23.63584000926382700 ) ) ;
#4137 = CARTESIAN_POINT ( 'NONE',  ( -25.04573980795824895, 10.45781649795546997, -0.09851133894684419023 ) ) ;
#4138 = CARTESIAN_POINT ( 'NONE',  ( -0.06814581281829253101, 18.16540189150583728, 23.69590628000386445 ) ) ;
#4139 = CARTESIAN_POINT ( 'NONE',  ( 0.3418834599708994171, 7.773442635788494037, -25.36339263225614360 ) ) ;
#4140 = CARTESIAN_POINT ( 'NONE',  ( 25.94677603774982799, 7.408496209465190496, 0.09621489151297324405 ) ) ;
#4141 = ORIENTED_EDGE ( 'NONE', *, *, #1056, .F. ) ;
#4142 = CARTESIAN_POINT ( 'NONE',  ( 23.66644216030799086, 24.71988064141500985, -0.02088007840098091497 ) ) ;
#4143 = CARTESIAN_POINT ( 'NONE',  ( 23.24933183317505581, 23.72826780140581349, 0.3419125180500944827 ) ) ;
#4144 = DIRECTION ( 'NONE',  ( 0.000000000000000000, 0.000000000000000000, 1.000000000000000000 ) ) ;
#4145 = DIRECTION ( 'NONE',  ( 0.000000000000000000, 0.000000000000000000, -1.000000000000000000 ) ) ;
#4146 = CARTESIAN_POINT ( 'NONE',  ( -25.90921592160406206, 7.403462655362599065, -0.1176537889525773040 ) ) ;
#4147 = CARTESIAN_POINT ( 'NONE',  ( 9.110820912706838470, 16.71383033581603073, -11.28020134113676853 ) ) ;
#4148 = CARTESIAN_POINT ( 'NONE',  ( -0.7318350674451936655, 9.398614177338053821, 24.22989062594350074 ) ) ;
#4149 = CARTESIAN_POINT ( 'NONE',  ( 0.09595372251402144170, 6.895318858804778017, -26.07122944555069211 ) ) ;
#4150 = DIRECTION ( 'NONE',  ( 0.000000000000000000, 0.000000000000000000, 1.000000000000000000 ) ) ;
#4151 = CARTESIAN_POINT ( 'NONE',  ( 23.13115062838264180, 17.19787099495637150, -0.7312747239848836900 ) ) ;
#4152 = EDGE_LOOP ( 'NONE', ( #379, #2099, #828 ) ) ;
#4153 = CARTESIAN_POINT ( 'NONE',  ( 0.01207681281800669290, 24.85498577026612566, -23.67565379969280315 ) ) ;
#4154 = CARTESIAN_POINT ( 'NONE',  ( -0.4689062630457812575, 17.24764673966277684, -23.50260562927583408 ) ) ;
#4155 = CARTESIAN_POINT ( 'NONE',  ( -0.7618553460657701004, 9.776241907842587509, -24.84836487785514336 ) ) ;
#4156 = CARTESIAN_POINT ( 'NONE',  ( 0.7984483576173602160, 7.254029094438867453, 24.33960277100828407 ) ) ;
#4157 = CARTESIAN_POINT ( 'NONE',  ( -23.27105106477326757, 24.76369841172694564, 0.2824867642096064446 ) ) ;
#4158 = CARTESIAN_POINT ( 'NONE',  ( 0.7993639922187730784, 23.61141887077569379, 22.37730411425764743 ) ) ;
#4159 = CARTESIAN_POINT ( 'NONE',  ( -0.4423175763391578030, 12.13803536235405467, 24.30307715779740008 ) ) ;
#4160 = CARTESIAN_POINT ( 'NONE',  ( -26.12683197922989464, 7.255120093082691568, -0.003458335422577962087 ) ) ;
#4161 = CARTESIAN_POINT ( 'NONE',  ( -26.07122944555069211, 6.895318858804778017, -0.09595372251411246611 ) ) ;
#4162 = CARTESIAN_POINT ( 'NONE',  ( -23.35969497856841670, 21.35828790263851573, -0.3500922840517581847 ) ) ;
#4163 = CARTESIAN_POINT ( 'NONE',  ( -23.59721802454306427, 19.63464808783362159, -0.09960006363736580159 ) ) ;
#4164 = CARTESIAN_POINT ( 'NONE',  ( 24.54674036115774882, 11.64036295455432146, -0.3415108198443450038 ) ) ;
#4165 = CARTESIAN_POINT ( 'NONE',  ( -23.54132578155036271, 23.33477723405259141, 0.1437240720264907068 ) ) ;
#4166 = ADVANCED_FACE ( 'NONE', ( #2366 ), #2942, .F. ) ;
#4167 = CARTESIAN_POINT ( 'NONE',  ( 23.62715784344633008, 24.91564474236860249, 0.1368006790731406963 ) ) ;
#4168 = CARTESIAN_POINT ( 'NONE',  ( -23.70617828429519491, 25.29851411751397094, -0.07681798113157344010 ) ) ;
#4169 = CARTESIAN_POINT ( 'NONE',  ( -0.1176632651814324693, 23.77154346488309145, -23.57223456566751807 ) ) ;
#4170 = CARTESIAN_POINT ( 'NONE',  ( -25.15129123717085236, 10.12724360520031652, 0.06246177225129260352 ) ) ;
#4171 = CARTESIAN_POINT ( 'NONE',  ( -0.03468156128175945568, 21.70396480375539028, 23.56907863021678295 ) ) ;
#4172 = CARTESIAN_POINT ( 'NONE',  ( -0.2824084758485250757, 7.791253347708305910, -25.49625937688432131 ) ) ;
#4173 = CARTESIAN_POINT ( 'NONE',  ( 25.85435893270511443, 7.969452940650181283, 0.03251119830337110411 ) ) ;
#4174 = ORIENTED_EDGE ( 'NONE', *, *, #2306, .F. ) ;
#4175 = CARTESIAN_POINT ( 'NONE',  ( -0.02350455651229150719, 25.32363676870951252, -23.71146780179368108 ) ) ;
#4176 = CARTESIAN_POINT ( 'NONE',  ( 22.51272674434845555, 24.66206838846207461, 0.6639288098389586334 ) ) ;
#4177 = CARTESIAN_POINT ( 'NONE',  ( -23.67311588333168615, 24.81789373551621836, -0.01501741418499886321 ) ) ;
#4178 = CARTESIAN_POINT ( 'NONE',  ( 23.64989897351178882, 24.52874500199875030, 0.03508604145651668393 ) ) ;
#4179 = CARTESIAN_POINT ( 'NONE',  ( -25.85435893270511443, 7.969452940650181283, -0.03251119830337110411 ) ) ;
#4180 = CARTESIAN_POINT ( 'NONE',  ( -0.02142153657547688286, 24.72136531537742954, 23.66670849320826520 ) ) ;
#4181 = CARTESIAN_POINT ( 'NONE',  ( 0.5976601160943275648, 9.438255374585546420, 24.52561528315356298 ) ) ;
#4182 = CARTESIAN_POINT ( 'NONE',  ( -0.6646043634034392023, 6.715633140942830259, -24.73032431556837452 ) ) ;
#4183 = CARTESIAN_POINT ( 'NONE',  ( 24.90762366723033949, 6.637378130674957077, -0.5977153871756293313 ) ) ;
#4184 = CARTESIAN_POINT ( 'NONE',  ( 23.23717601138861255, 17.21206704058112891, 0.6651261498254200655 ) ) ;
#4185 = CARTESIAN_POINT ( 'NONE',  ( 0.03571912036552341019, 7.820135334445822650, -25.90375285541912120 ) ) ;
#4186 = CARTESIAN_POINT ( 'NONE',  ( -0.5967581431130019043, 15.45544230996927659, -23.53502160389834330 ) ) ;
#4187 = CARTESIAN_POINT ( 'NONE',  ( -0.5150346097822776636, 10.55597495849992029, -24.54904876779147926 ) ) ;
#4188 = CARTESIAN_POINT ( 'NONE',  ( -0.06421923192779363521, 7.659028430667487619, 25.93572276353849304 ) ) ;
#4189 = CARTESIAN_POINT ( 'NONE',  ( -22.66242094508845284, 24.68213970766165488, 0.5983545011987274620 ) ) ;
#4190 = CARTESIAN_POINT ( 'NONE',  ( -0.06471709538312044041, 24.29552730045480757, 23.62990370243103300 ) ) ;
#4191 = CARTESIAN_POINT ( 'NONE',  ( 3.475686976582879506, 16.71383033581603073, 14.52020202020202078 ) ) ;
#4192 = CARTESIAN_POINT ( 'NONE',  ( -25.92874537092026088, 7.758428812497045968, -0.03119255941517530550 ) ) ;
#4193 = SPHERICAL_SURFACE ( 'NONE', #3882, 2.000000000000000000 ) ;
#4194 = CARTESIAN_POINT ( 'NONE',  ( 0.06512086230285142607, 6.806127769636349356, 26.16690640421305503 ) ) ;
#4195 = CARTESIAN_POINT ( 'NONE',  ( -23.02440885351823496, 19.55788196992824624, -0.6646784124881472966 ) ) ;
#4196 = CARTESIAN_POINT ( 'NONE',  ( 23.10427238838779473, 21.46466621256609386, 0.8657638164424596994 ) ) ;
#4197 = ORIENTED_EDGE ( 'NONE', *, *, #5037, .T. ) ;
#4198 = CARTESIAN_POINT ( 'NONE',  ( -23.57989631577137501, 24.68889695691465036, 0.3588983415534248711 ) ) ;
#4199 = CARTESIAN_POINT ( 'NONE',  ( 24.54438950007251563, 10.54059588274535564, 0.5174786181287486242 ) ) ;
#4200 = CARTESIAN_POINT ( 'NONE',  ( -14.28941916244323451, 23.71383033581603428, -2.250000000000005329 ) ) ;
#4201 = CARTESIAN_POINT ( 'NONE',  ( -0.7993639922186168700, 23.61141887077569379, -22.37730411425764743 ) ) ;
#4202 = CARTESIAN_POINT ( 'NONE',  ( -24.15543031315021949, 9.993795864658293837, 0.7316092141632823953 ) ) ;
#4203 = CARTESIAN_POINT ( 'NONE',  ( -0.6643447106882284237, 21.02409769357854685, 22.90310444842241111 ) ) ;
#4204 = CARTESIAN_POINT ( 'NONE',  ( 0.3421119409078537399, 8.662558065192042633, -25.19636630413918610 ) ) ;
#4205 = AXIS2_PLACEMENT_3D ( 'NONE', #6431, #4282, #1959 ) ;
#4206 = CARTESIAN_POINT ( 'NONE',  ( 25.47070140321337561, 7.918042416180288257, -0.2823678745582415273 ) ) ;
#4207 = ORIENTED_EDGE ( 'NONE', *, *, #263, .T. ) ;
#4208 = FACE_OUTER_BOUND ( 'NONE', #2464, .T. ) ;
#4209 = CARTESIAN_POINT ( 'NONE',  ( 22.33920008479089958, 24.85976331148095397, 0.7311351224740234578 ) ) ;
#4210 = CARTESIAN_POINT ( 'NONE',  ( 26.18491615244678172, 7.097743873958135552, -0.0007976048749793542047 ) ) ;
#4211 = DIRECTION ( 'NONE',  ( -1.000000000000000000, 0.000000000000000000, 0.000000000000000000 ) ) ;
#4212 = CARTESIAN_POINT ( 'NONE',  ( -24.77971920073524359, 7.695233798909764111, 0.5977699938801422919 ) ) ;
#4213 = CIRCLE ( 'NONE', #4451, 1.924999999999999600 ) ;
#4214 = CARTESIAN_POINT ( 'NONE',  ( 7.602121329738624630E-05, 7.097770024547200407, 26.18490495129217166 ) ) ;
#4215 = CARTESIAN_POINT ( 'NONE',  ( 0.7985867285064204291, 10.31306315796806139, 23.96549904601540959 ) ) ;
#4216 = CARTESIAN_POINT ( 'NONE',  ( 0.2812872344973217364, 7.200561060170431738, -25.61082690807942086 ) ) ;
#4217 = ADVANCED_FACE ( 'NONE', ( #5147 ), #5499, .F. ) ;
#4218 = CIRCLE ( 'NONE', #1666, 1.924999999999999600 ) ;
#4219 = CARTESIAN_POINT ( 'NONE',  ( 26.24909708243051654, 7.021169445652489571, -0.0008278799040172735895 ) ) ;
#4220 = CARTESIAN_POINT ( 'NONE',  ( 23.57558028727986610, 21.11422100161730597, -0.01855190658527588327 ) ) ;
#4221 = CARTESIAN_POINT ( 'NONE',  ( 0.04893956164609805648, 7.999950707293382202, -25.83218620142184818 ) ) ;
#4222 = CARTESIAN_POINT ( 'NONE',  ( -0.7985385948045339299, 18.06293759868529492, -22.93123792768120950 ) ) ;
#4223 = CARTESIAN_POINT ( 'NONE',  ( -0.1179756856302264373, 7.957634467854052041, 25.76617240619494353 ) ) ;
#4224 = TOROIDAL_SURFACE ( 'NONE', #980, 23.79212637122280682, 2.799999999999999822 ) ;
#4225 = CARTESIAN_POINT ( 'NONE',  ( -0.09674943708438002443, 24.29157646094223111, 23.60042373960954620 ) ) ;
#4226 = CARTESIAN_POINT ( 'NONE',  ( 0.5910238486369662203, 16.70839331231450586, 23.39631372076854987 ) ) ;
#4227 = ORIENTED_EDGE ( 'NONE', *, *, #6887, .F. ) ;
#4228 = CARTESIAN_POINT ( 'NONE',  ( -23.69927676833837893, 25.26658940815809729, -0.1151844601377854382 ) ) ;
#4229 = CARTESIAN_POINT ( 'NONE',  ( -25.06500497776163527, 9.924948494176199176, -0.2400354420240881914 ) ) ;
#4230 = CARTESIAN_POINT ( 'NONE',  ( -0.1988843075958883211, 10.45017794381366372, -24.98871975058123596 ) ) ;
#4231 = CARTESIAN_POINT ( 'NONE',  ( -14.28941916244323451, 23.71383033581603073, -10.17500000000000782 ) ) ;
#4232 = CARTESIAN_POINT ( 'NONE',  ( -0.07681798113201619704, 25.29851411751397094, 23.70617828429515228 ) ) ;
#4233 = CARTESIAN_POINT ( 'NONE',  ( -23.60406882646835314, 19.63556755991841385, 0.06111994879219485866 ) ) ;
#4234 = CARTESIAN_POINT ( 'NONE',  ( 23.69927676833839314, 25.26658940815812215, 0.1151844601379342220 ) ) ;
#4235 = ORIENTED_EDGE ( 'NONE', *, *, #3929, .F. ) ;
#4236 = CARTESIAN_POINT ( 'NONE',  ( -23.11401429865469836, 21.47558588133108515, 0.8559750855326764274 ) ) ;
#4237 = CARTESIAN_POINT ( 'NONE',  ( 23.28009495836257514, 19.07495178228835897, 0.5171337643850786314 ) ) ;
#4238 = CARTESIAN_POINT ( 'NONE',  ( -26.23289429105361137, 6.987360594453051021, 0.05938784319852796062 ) ) ;
#4239 = CARTESIAN_POINT ( 'NONE',  ( -0.03119370007988649454, 23.77739148762356081, -23.61587948483549226 ) ) ;
#4240 = CARTESIAN_POINT ( 'NONE',  ( -24.81833009275296220, 10.42733957493909891, -0.3427798356422292470 ) ) ;
#4241 = CARTESIAN_POINT ( 'NONE',  ( 0.06186526143905683728, 21.11354151676076540, 23.57050698636556163 ) ) ;
#4242 = CARTESIAN_POINT ( 'NONE',  ( -0.7985635121796482716, 8.144692403324299335, -24.24692112796182641 ) ) ;
#4243 = CARTESIAN_POINT ( 'NONE',  ( 25.97144702452209231, 7.663816151181817915, 0.02152624825322043550 ) ) ;
#4244 = ORIENTED_EDGE ( 'NONE', *, *, #978, .T. ) ;
#4245 = DIRECTION ( 'NONE',  ( 0.000000000000000000, 1.000000000000000000, 0.000000000000000000 ) ) ;
#4246 = CARTESIAN_POINT ( 'NONE',  ( 23.14266296167501835, 24.74648787500859370, 0.3417841617678321064 ) ) ;
#4247 = DIRECTION ( 'NONE',  ( 1.000000000000000000, 0.000000000000000000, -1.224646799147353207E-16 ) ) ;
#4248 = CARTESIAN_POINT ( 'NONE',  ( 2.701156606682133976E-15, 0.03151920426976509426, 22.05661753709546602 ) ) ;
#4249 = CARTESIAN_POINT ( 'NONE',  ( -24.32117406898835554, 7.442673106091036495, 0.7984782855523033795 ) ) ;
#4250 = CARTESIAN_POINT ( 'NONE',  ( -0.5649363272224842136, 14.42208174884243377, 23.73444524384760612 ) ) ;
#4251 = CARTESIAN_POINT ( 'NONE',  ( -0.1211145350145638733, 12.87487995174144828, 24.43561583374589574 ) ) ;
#4252 = CARTESIAN_POINT ( 'NONE',  ( -0.7983804839776510454, 6.872090831257574806, -24.37533511248214069 ) ) ;
#4253 = CARTESIAN_POINT ( 'NONE',  ( 25.67413909883121903, 6.842103844355110986, 0.2812136795675858059 ) ) ;
#4254 = CARTESIAN_POINT ( 'NONE',  ( 22.90496006811103413, 21.02435800651475617, -0.6649036588503294265 ) ) ;
#4255 = CARTESIAN_POINT ( 'NONE',  ( -0.2453197566158588083, 9.977728723170736558, -25.04745365196261275 ) ) ;
#4256 = ADVANCED_FACE ( 'NONE', ( #204 ), #40, .T. ) ;
#4257 = CARTESIAN_POINT ( 'NONE',  ( -0.06186526143889223978, 21.11354151676076540, -23.57050698636556163 ) ) ;
#4258 = CARTESIAN_POINT ( 'NONE',  ( -26.22505030023992134, 7.000345051182221390, 0.1636016794377165018 ) ) ;
#4259 = CARTESIAN_POINT ( 'NONE',  ( 0.03201725019938720523, 7.845262086106576938, 25.89930114992476362 ) ) ;
#4260 = CARTESIAN_POINT ( 'NONE',  ( 0.2003744685151750138, 24.78345195029903181, 23.41846179902861635 ) ) ;
#4261 = CARTESIAN_POINT ( 'NONE',  ( 0.2188975523858729400, 7.850777274519902704, 25.76155748117986022 ) ) ;
#4262 = ORIENTED_EDGE ( 'NONE', *, *, #6343, .T. ) ;
#4263 = CARTESIAN_POINT ( 'NONE',  ( -0.1137050485166495456, 25.26781905911001047, 23.69954260084439568 ) ) ;
#4264 = CARTESIAN_POINT ( 'NONE',  ( -24.02904227115256219, 12.01145116980878846, -0.9873170051910883371 ) ) ;
#4265 = CARTESIAN_POINT ( 'NONE',  ( 0.09927786080694608883, 11.66359814509215198, -24.72015541586822707 ) ) ;
#4266 = CARTESIAN_POINT ( 'NONE',  ( -0.05758471675645648880, 25.21831735414830433, -23.68932403609187531 ) ) ;
#4267 = CARTESIAN_POINT ( 'NONE',  ( -0.06372381790308910554, 6.904913356103839384, 26.14282364457663732 ) ) ;
#4268 = CARTESIAN_POINT ( 'NONE',  ( -23.56279363098968815, 21.11250645534334325, -0.09885879733197902586 ) ) ;
#4269 = ORIENTED_EDGE ( 'NONE', *, *, #703, .T. ) ;
#4270 = CARTESIAN_POINT ( 'NONE',  ( -23.20101301188990206, 22.22447193262398812, 0.4652968195884568114 ) ) ;
#4271 = CARTESIAN_POINT ( 'NONE',  ( 23.33354436154845857, 17.51500126232742716, 0.5782098345525723548 ) ) ;
#4272 = CARTESIAN_POINT ( 'NONE',  ( 0.4310405137742903126, 7.809475335534346030, -25.77961932559059477 ) ) ;
#4273 = CARTESIAN_POINT ( 'NONE',  ( -23.71146163836263199, 25.32360664091705971, 0.02845707261177889483 ) ) ;
#4274 = CARTESIAN_POINT ( 'NONE',  ( -0.5983565823906469294, 24.89930513554759273, -22.63418319713072435 ) ) ;
#4275 = CARTESIAN_POINT ( 'NONE',  ( -24.73185362506179175, 11.66516692531748767, 0.02896202565342484089 ) ) ;
#4276 = CARTESIAN_POINT ( 'NONE',  ( 0.1985966490575322985, 21.10657616654167157, 23.51852103150789475 ) ) ;
#4277 = CARTESIAN_POINT ( 'NONE',  ( -0.02010799548816696522, 8.966094201070390568, -25.51802454473206438 ) ) ;
#4278 = CARTESIAN_POINT ( 'NONE',  ( 25.87803085562867622, 7.842411974564392985, -0.06442033444473010961 ) ) ;
#4279 = ORIENTED_EDGE ( 'NONE', *, *, #5820, .F. ) ;
#4280 = CARTESIAN_POINT ( 'NONE',  ( -10.36748586618363532, 16.71383033581603073, -12.83609118129357363 ) ) ;
#4281 = CARTESIAN_POINT ( 'NONE',  ( 23.62984557939344654, 24.29552063975128462, -0.06407645877807843782 ) ) ;
#4282 = DIRECTION ( 'NONE',  ( 0.000000000000000000, 1.000000000000000000, 0.000000000000000000 ) ) ;
#4283 = CARTESIAN_POINT ( 'NONE',  ( -25.85801549978345548, 7.969943044172471680, -0.02186269568521540668 ) ) ;
#4284 = CARTESIAN_POINT ( 'NONE',  ( 14.28941916244324162, 21.71383033581603073, -4.249999999999998224 ) ) ;
#4285 = CARTESIAN_POINT ( 'NONE',  ( 0.02841794982198811784, 12.87730305095578309, 24.45368777227042045 ) ) ;
#4286 = CARTESIAN_POINT ( 'NONE',  ( 0.03181894811206844448, 7.265781198311656475, -26.09749800198490277 ) ) ;
#4287 = CARTESIAN_POINT ( 'NONE',  ( 24.74056361387325254, 6.614991287296281719, -0.6645902754560276682 ) ) ;
#4288 = CARTESIAN_POINT ( 'NONE',  ( 23.31455173111038448, 19.59676521723960718, 0.4704591334759883337 ) ) ;
#4289 = CARTESIAN_POINT ( 'NONE',  ( -0.4933766485445952310, 12.90498506903339582, -24.08308150135439618 ) ) ;
#4290 = CARTESIAN_POINT ( 'NONE',  ( -24.70013385295892760, 6.813589728258618194, -0.6647148065480749102 ) ) ;
#4291 = CARTESIAN_POINT ( 'NONE',  ( 0.3428746161916596535, 21.08924762421442622, -23.38924693126656251 ) ) ;
#4292 = CARTESIAN_POINT ( 'NONE',  ( -10.36748586618363532, 21.71383033581603073, -12.83609118129357007 ) ) ;
#4293 = CARTESIAN_POINT ( 'NONE',  ( 0.6646911149122955997, 7.674167658028722805, 24.62251452469249458 ) ) ;
#4294 = CARTESIAN_POINT ( 'NONE',  ( 0.7993261275659507836, 24.84199658919887099, 22.20652074267205478 ) ) ;
#4295 = ADVANCED_FACE ( 'NONE', ( #3443 ), #1296, .F. ) ;
#4296 = CARTESIAN_POINT ( 'NONE',  ( 0.3485656227456976897, 11.03731770637849152, 24.66279074710279318 ) ) ;
#4297 = CARTESIAN_POINT ( 'NONE',  ( 24.03794472140499394, 11.57217131349069383, 0.6648694252643696512 ) ) ;
#4298 = EDGE_LOOP ( 'NONE', ( #1474, #5610, #4720, #2795, #7077, #540, #2836, #427, #5823 ) ) ;
#4299 = CARTESIAN_POINT ( 'NONE',  ( 0.000000000000000000, 27.71383033581603073, -21.74989981158545760 ) ) ;
#4300 = FACE_OUTER_BOUND ( 'NONE', #5536, .T. ) ;
#4301 = CARTESIAN_POINT ( 'NONE',  ( 0.02479958165631629061, 11.66527948796598224, -24.73269710742572869 ) ) ;
#4302 = DIRECTION ( 'NONE',  ( 0.000000000000000000, 0.000000000000000000, -1.000000000000000000 ) ) ;
#4303 = CARTESIAN_POINT ( 'NONE',  ( 0.02194258970186490146, 7.011144889777599865, 26.17429020198461842 ) ) ;
#4304 = CARTESIAN_POINT ( 'NONE',  ( -23.58044808930438307, 22.59141182012425020, -0.02345739104351361390 ) ) ;
#4305 = EDGE_CURVE ( 'NONE', #5328, #6282, #1436, .T. ) ;
#4306 = ORIENTED_EDGE ( 'NONE', *, *, #2387, .F. ) ;
#4307 = CARTESIAN_POINT ( 'NONE',  ( -22.99459875241428364, 19.08876384653313352, 1.047313679754315885 ) ) ;
#4308 = CARTESIAN_POINT ( 'NONE',  ( 23.69648360726171532, 25.25226168190417653, 0.03851995879208296863 ) ) ;
#4309 = CARTESIAN_POINT ( 'NONE',  ( 0.2270629802967680522, 7.177876623616296747, -26.12441072919860119 ) ) ;
#4310 = CARTESIAN_POINT ( 'NONE',  ( -23.69649673120666833, 25.25232317040949326, 0.03847484580399863213 ) ) ;
#4311 = CARTESIAN_POINT ( 'NONE',  ( -0.7323480568558340398, 24.86143588375219338, -22.35158552771229168 ) ) ;
#4312 = CARTESIAN_POINT ( 'NONE',  ( -24.40348331703820151, 12.87057321718419622, -0.2023325026778366731 ) ) ;
#4313 = CARTESIAN_POINT ( 'NONE',  ( 0.02260043525314075347, 8.716561895866906440, -25.59933419954154132 ) ) ;
#4314 = AXIS2_PLACEMENT_3D ( 'NONE', #4995, #5947, #3259 ) ;
#4315 = CARTESIAN_POINT ( 'NONE',  ( 25.85801549978345548, 7.969943044172471680, 0.02186269568521540668 ) ) ;
#4316 = DIRECTION ( 'NONE',  ( 0.000000000000000000, -1.000000000000000000, 0.000000000000000000 ) ) ;
#4317 = CARTESIAN_POINT ( 'NONE',  ( 23.57357478042483123, 24.28797829092429339, 0.1181380872082665734 ) ) ;
#4318 = ORIENTED_EDGE ( 'NONE', *, *, #2566, .T. ) ;
#4319 = CARTESIAN_POINT ( 'NONE',  ( 23.70617828429515228, 25.29851411751397094, 0.07681798113203343326 ) ) ;
#4320 = CARTESIAN_POINT ( 'NONE',  ( -24.48415753201081912, 7.464513652476401084, 0.7315842735001445440 ) ) ;
#4321 = FACE_OUTER_BOUND ( 'NONE', #3848, .T. ) ;
#4322 = CARTESIAN_POINT ( 'NONE',  ( 0.06222662664778168956, 10.45924882702253811, 25.05641766336072962 ) ) ;
#4323 = CIRCLE ( 'NONE', #4904, 4.000000000000000000 ) ;
#4324 = CARTESIAN_POINT ( 'NONE',  ( 0.7319763554012661544, 7.212999368964143621, -24.48797601793901180 ) ) ;
#4325 = EDGE_CURVE ( 'NONE', #2880, #505, #2896, .T. ) ;
#4326 = CARTESIAN_POINT ( 'NONE',  ( 25.52577222401211188, 6.822226924765447009, -0.3430896639193942721 ) ) ;
#4327 = CARTESIAN_POINT ( 'NONE',  ( 23.56006139678801148, 19.62967139840710828, -0.1978887646247370902 ) ) ;
#4328 = CIRCLE ( 'NONE', #5607, 23.70630274524081571 ) ;
#4329 = CARTESIAN_POINT ( 'NONE',  ( 23.62640126630230952, 24.29613208671239377, -0.05595524993652968571 ) ) ;
#4330 = CARTESIAN_POINT ( 'NONE',  ( -25.52314236901890254, 6.821868503280703600, -0.3417265549930426083 ) ) ;
#4331 = CARTESIAN_POINT ( 'NONE',  ( -0.6649036588504094736, 21.02435800651475617, -22.90496006811103058 ) ) ;
#4332 = LINE ( 'NONE', #5865, #2252 ) ;
#4333 = CARTESIAN_POINT ( 'NONE',  ( -0.4695926950665004762, 7.862029462656916046, 25.05276924892931234 ) ) ;
#4334 = CARTESIAN_POINT ( 'NONE',  ( -0.1995811623903807897, 25.21872969965490796, 23.36907838266629511 ) ) ;
#4335 = AXIS2_PLACEMENT_3D ( 'NONE', #2343, #1799, #4025 ) ;
#4336 = CARTESIAN_POINT ( 'NONE',  ( 1.034962089947558672, 12.78138066878391044, 23.80812031675048956 ) ) ;
#4337 = CARTESIAN_POINT ( 'NONE',  ( 25.06152838072332045, 10.45993285677161033, 0.03464917751433727044 ) ) ;
#4338 = CARTESIAN_POINT ( 'NONE',  ( -23.80971278096226129, 12.77446596992881389, -1.036935471241440476 ) ) ;
#4339 = CARTESIAN_POINT ( 'NONE',  ( -24.29266151183999511, 12.16549387264512383, 0.4436322668048945372 ) ) ;
#4340 = VECTOR ( 'NONE', #3183, 1000.000000000000000 ) ;
#4341 = CARTESIAN_POINT ( 'NONE',  ( 0.03543477127217153910, 11.66516968876923777, -24.73187845625376724 ) ) ;
#4342 = CARTESIAN_POINT ( 'NONE',  ( -0.1217258242435604182, 7.028189981913597784, -26.20945821234550266 ) ) ;
#4343 = CARTESIAN_POINT ( 'NONE',  ( -0.03162185605277241518, 7.011092403419710628, 26.17390203848848884 ) ) ;
#4344 = CARTESIAN_POINT ( 'NONE',  ( -23.49489204778087981, 23.46586837207557963, -0.2000686323451790483 ) ) ;
#4345 = ORIENTED_EDGE ( 'NONE', *, *, #2241, .T. ) ;
#4346 = CARTESIAN_POINT ( 'NONE',  ( 23.69720220673127997, 25.20458595692221948, 2.227582009688335317E-05 ) ) ;
#4347 = CARTESIAN_POINT ( 'NONE',  ( -23.70584242679138853, 25.29851411752937906, -0.1477318019402928395 ) ) ;
#4348 = CARTESIAN_POINT ( 'NONE',  ( -23.57438089611097709, 24.64649540173675746, -0.1831938691378588169 ) ) ;
#4349 = CARTESIAN_POINT ( 'NONE',  ( 0.4652968195906417304, 22.22447193262339127, 23.20101301188854492 ) ) ;
#4350 = CARTESIAN_POINT ( 'NONE',  ( 0.03231432274371853763, 24.81733671153993015, -23.67133275195502407 ) ) ;
#4351 = CARTESIAN_POINT ( 'NONE',  ( -24.26066340264916121, 13.75613053300601862, 0.1147376738224076265 ) ) ;
#4352 = EDGE_CURVE ( 'NONE', #924, #4971, #3583, .T. ) ;
#4353 = CARTESIAN_POINT ( 'NONE',  ( -0.1176006364694755640, 8.709741442665862365, -25.54842927215356596 ) ) ;
#4354 = CARTESIAN_POINT ( 'NONE',  ( 24.49529393781288178, 8.568605743255783835, 0.6645902971460945219 ) ) ;
#4355 = CARTESIAN_POINT ( 'NONE',  ( -0.3109662047779562788, 7.378047589689378682, 26.01269915474943062 ) ) ;
#4356 = CARTESIAN_POINT ( 'NONE',  ( 23.37509284363672535, 25.21953919146856649, -0.2004401152447940759 ) ) ;
#4357 = ORIENTED_EDGE ( 'NONE', *, *, #6878, .F. ) ;
#4358 = CARTESIAN_POINT ( 'NONE',  ( -0.05525099104966235686, 7.030895416742210635, -26.20812806454508248 ) ) ;
#4359 = CARTESIAN_POINT ( 'NONE',  ( -25.66129250655643546, 8.334223906120071135, 0.1178922087292432752 ) ) ;
#4360 = CARTESIAN_POINT ( 'NONE',  ( 24.54722262625880091, 10.50188975061211849, 0.8528086932339351556 ) ) ;
#4361 = CARTESIAN_POINT ( 'NONE',  ( 0.7315803498336393984, 10.33169379640550112, 24.10452945826782667 ) ) ;
#4362 = CARTESIAN_POINT ( 'NONE',  ( 0.7993355390901405455, 7.029141752872719806, -24.33169118431816003 ) ) ;
#4363 = CARTESIAN_POINT ( 'NONE',  ( 25.60814755496167550, 7.200206944167595324, -0.2825643066560457051 ) ) ;
#4364 = CARTESIAN_POINT ( 'NONE',  ( 23.45514251037889153, 21.09807870356999615, 0.2827609604233580209 ) ) ;
#4365 = CARTESIAN_POINT ( 'NONE',  ( 23.36554985684260899, 21.39714921978252349, -0.3420363585349852076 ) ) ;
#4366 = CARTESIAN_POINT ( 'NONE',  ( -24.85439492244316995, 7.099200616832074928, 0.5977512566125778859 ) ) ;
#4367 = CARTESIAN_POINT ( 'NONE',  ( -0.1985966490573680687, 21.10657616654167157, -23.51852103150789830 ) ) ;
#4368 = DIRECTION ( 'NONE',  ( 0.000000000000000000, 0.000000000000000000, 1.000000000000000000 ) ) ;
#4369 = CARTESIAN_POINT ( 'NONE',  ( 0.7985044265981301459, 7.631208940002873753, 24.30193812048364421 ) ) ;
#4370 = CARTESIAN_POINT ( 'NONE',  ( 0.02139111951869797704, 25.03852293393296335, 23.67309557013028609 ) ) ;
#4371 = CARTESIAN_POINT ( 'NONE',  ( 0.5633243312843226880, 14.39925194136830378, 23.73667255958004318 ) ) ;
#4372 = CARTESIAN_POINT ( 'NONE',  ( 24.61279735675591596, 10.39980360685425431, -0.4698536945295905265 ) ) ;
#4373 = ORIENTED_EDGE ( 'NONE', *, *, #3501, .T. ) ;
#4374 = CARTESIAN_POINT ( 'NONE',  ( 0.2831599704023403108, 7.294417015261160486, -26.05901792098642744 ) ) ;
#4375 = CARTESIAN_POINT ( 'NONE',  ( -25.47435321639052930, 8.899685846656437249, 0.1300909635883205073 ) ) ;
#4376 = CARTESIAN_POINT ( 'NONE',  ( 0.6650666101111658568, 12.79421685993262159, -23.83372518220331671 ) ) ;
#4377 = CARTESIAN_POINT ( 'NONE',  ( -0.7771325688626158357, 22.24463498805729600, -23.18545945922249274 ) ) ;
#4378 = CARTESIAN_POINT ( 'NONE',  ( -0.5973919046625897344, 6.836331314205327025, 24.86983230291273728 ) ) ;
#4379 = CARTESIAN_POINT ( 'NONE',  ( -23.56894011286081536, 21.70394633441149779, -0.02405086185798091178 ) ) ;
#4380 = CARTESIAN_POINT ( 'NONE',  ( -26.19000694984696764, 7.062205948120255705, 0.1501371728634143254 ) ) ;
#4381 = CARTESIAN_POINT ( 'NONE',  ( 23.69095790871188711, 25.22791142343911019, 0.1413806469541309119 ) ) ;
#4382 = CARTESIAN_POINT ( 'NONE',  ( 0.2847007406015032438, 7.298425637444914571, -26.05678570638736602 ) ) ;
#4383 = CARTESIAN_POINT ( 'NONE',  ( 0.0007846884607745798065, 25.20464819227114717, 23.69720670131703955 ) ) ;
#4384 = CARTESIAN_POINT ( 'NONE',  ( 0.02161169127131090315, 24.81937308065710823, -23.68652789861424068 ) ) ;
#4385 = CARTESIAN_POINT ( 'NONE',  ( -24.27416431861681900, 13.75793929343396726, 0.06062956533866672992 ) ) ;
#4386 = CARTESIAN_POINT ( 'NONE',  ( 0.6646184096521091655, 9.418320753835198289, -24.37694115682380414 ) ) ;
#4387 = EDGE_CURVE ( 'NONE', #4081, #2445, #6896, .T. ) ;
#4388 = CARTESIAN_POINT ( 'NONE',  ( 24.20214776240271348, 8.529334548391940274, -0.7985913576228503841 ) ) ;
#4389 = DIRECTION ( 'NONE',  ( 0.000000000000000000, 1.000000000000000000, 0.000000000000000000 ) ) ;
#4390 = CARTESIAN_POINT ( 'NONE',  ( 22.15984418806033673, 25.05667706825462915, 0.7983687807566079986 ) ) ;
#4391 = VERTEX_POINT ( 'NONE', #4633 ) ;
#4392 = FACE_OUTER_BOUND ( 'NONE', #4298, .T. ) ;
#4393 = CARTESIAN_POINT ( 'NONE',  ( -24.93529362279342720, 8.627579282666888005, 0.4702610447500432667 ) ) ;
#4394 = CARTESIAN_POINT ( 'NONE',  ( -0.7322356088712106414, 13.66482765273153177, 23.57939605523888815 ) ) ;
#4395 = CARTESIAN_POINT ( 'NONE',  ( 0.02132585291625853363, 7.481751642388847046, -26.03897344790741641 ) ) ;
#4396 = CARTESIAN_POINT ( 'NONE',  ( 24.52715068564931755, 7.055348353807873174, -0.7315332886999195150 ) ) ;
#4397 = ORIENTED_EDGE ( 'NONE', *, *, #1196, .F. ) ;
#4398 = CARTESIAN_POINT ( 'NONE',  ( 23.54847256990571225, 21.70120474378013498, -0.1162929952684722823 ) ) ;
#4399 = CARTESIAN_POINT ( 'NONE',  ( 23.69155090061180502, 25.12391351186130706, -0.001730194244321141880 ) ) ;
#4400 = CARTESIAN_POINT ( 'NONE',  ( -25.15675923921716262, 7.139710586857447971, -0.4695532098163018309 ) ) ;
#4401 = CARTESIAN_POINT ( 'NONE',  ( -0.7322586155176518119, 22.46653859895923233, -22.64856650640185620 ) ) ;
#4402 = DIRECTION ( 'NONE',  ( 0.000000000000000000, 0.000000000000000000, -1.000000000000000000 ) ) ;
#4403 = CARTESIAN_POINT ( 'NONE',  ( -0.03346758823903813601, 8.965723543114240357, 25.51526211363424679 ) ) ;
#4404 = CARTESIAN_POINT ( 'NONE',  ( 4.817698642278027975E-06, 25.04078908800868675, 23.69000752173475277 ) ) ;
#4405 = CARTESIAN_POINT ( 'NONE',  ( 23.52274630843930936, 24.39150275621142328, -0.4275829895717304097 ) ) ;
#4406 = CARTESIAN_POINT ( 'NONE',  ( 24.34523425528706753, 12.86277158806562504, -0.2801911241473004077 ) ) ;
#4407 = ORIENTED_EDGE ( 'NONE', *, *, #5100, .T. ) ;
#4408 = CARTESIAN_POINT ( 'NONE',  ( 0.7148879621662104222, 19.08638113527054259, -23.01001193883692508 ) ) ;
#4409 = CARTESIAN_POINT ( 'NONE',  ( -23.57026065176606267, 23.65844106992459572, 0.1135024197619487751 ) ) ;
#4410 = CARTESIAN_POINT ( 'NONE',  ( -0.09309869955842942080, 13.75697599076474908, -24.26697381397292119 ) ) ;
#4411 = CARTESIAN_POINT ( 'NONE',  ( -0.01842951962957683001, 24.76594645890936164, -23.66956966322621270 ) ) ;
#4412 = CARTESIAN_POINT ( 'NONE',  ( 0.6646043634036119530, 6.715633140942830259, 24.73032431556837096 ) ) ;
#4413 = CARTESIAN_POINT ( 'NONE',  ( -23.56907863021678295, 21.70396480375539028, -0.03468156128200632765 ) ) ;
#4414 = CARTESIAN_POINT ( 'NONE',  ( -0.7313320071510203135, 21.59128458807226281, 22.72827895074112092 ) ) ;
#4415 = CARTESIAN_POINT ( 'NONE',  ( -26.11314858698910513, 7.292809587675587402, 0.004692443465935647838 ) ) ;
#4416 = FACE_OUTER_BOUND ( 'NONE', #1918, .T. ) ;
#4417 = CARTESIAN_POINT ( 'NONE',  ( -23.41782581860050527, 23.78137618531653175, -0.2982821866080467843 ) ) ;
#4418 = CARTESIAN_POINT ( 'NONE',  ( 0.4462519295390621199, 24.30757126057419271, 23.50710892674904429 ) ) ;
#4419 = CARTESIAN_POINT ( 'NONE',  ( 0.09650496907888138354, 24.80583672710693577, -23.58552146685421036 ) ) ;
#4420 =( BOUNDED_SURFACE ( )  B_SPLINE_SURFACE ( 3, 2, ( 
 ( #714, #6757, #5077 ),
 ( #1297, #3958, #2933 ),
 ( #5629, #2971, #5148 ),
 ( #4603, #680, #5733 ),
 ( #2897, #1771, #753 ),
 ( #5591, #205, #6174 ),
 ( #646, #2417, #4634 ),
 ( #6859, #97, #3996 ),
 ( #3371, #1871, #610 ),
 ( #6213, #5111, #2351 ),
 ( #5042, #62, #2281 ),
 ( #6723, #7042, #1983 ),
 ( #789, #4199, #346 ),
 ( #2456, #3693, #1337 ),
 ( #5364, #3658, #1476 ),
 ( #3619, #4748, #6420 ),
 ( #5769, #382, #1444 ),
 ( #5877, #4713, #6455 ),
 ( #2604, #2495, #4271 ),
 ( #893, #3112, #4237 ),
 ( #5912, #5330, #926 ),
 ( #1371, #2056, #6383 ),
 ( #4674, #5842, #2567 ),
 ( #3584, #6899, #3147 ),
 ( #3551, #1910, #4784 ),
 ( #7008, #2531, #821 ),
 ( #4134, #2023, #3003 ),
 ( #6346, #5219, #280 ),
 ( #5803, #3040, #3079 ),
 ( #241, #5257, #6938 ),
 ( #1946, #4167, #859 ),
 ( #1403, #5293, #313 ),
 ( #1040, #4962, #2713 ),
 ( #4381, #2164, #6640 ),
 ( #2200, #13, #6094 ),
 ( #2747, #6530, #5545 ) ),
 .UNSPECIFIED., .F., .F., .T. ) 
 B_SPLINE_SURFACE_WITH_KNOTS ( ( 4, 2, 2, 2, 2, 2, 2, 2, 2, 2, 2, 2, 2, 2, 2, 2, 2, 4 ),
 ( 3, 3 ),
 ( -6.877907531704918753E-19, 0.0001464657007984185647, 0.0002929314015968378340, 0.0005858628031936763186, 0.001171725606387353288, 0.002343451212774707443, 0.004686902425549415753, 0.007030353638324124063, 0.009373804851098831506, 0.01171725606387354068, 0.01406070727664824813, 0.01640415848942295557, 0.01757588409581031103, 0.01786881549740714989, 0.01816174689900398875, 0.01845467830060082415, 0.01860114400139924185, 0.01874760970219766301 ),
 ( 0.000000000000000000, 1.000000000000000000 ),
 .UNSPECIFIED. ) 
 GEOMETRIC_REPRESENTATION_ITEM ( )  RATIONAL_B_SPLINE_SURFACE ( (
 ( 1.000000000000000000, 0.9954353892156293515, 1.000000000000000000),
 ( 1.000000000000000000, 0.9934371520646817499, 1.000000000000000000),
 ( 1.000000000000000000, 0.9909753617710016504, 1.000000000000000000),
 ( 1.000000000000000000, 0.9861752719049893257, 1.000000000000000000),
 ( 1.000000000000000000, 0.9838982356152831121, 1.000000000000000000),
 ( 1.000000000000000000, 0.9776396921363176284, 1.000000000000000000),
 ( 1.000000000000000000, 0.9738134121736818916, 1.000000000000000000),
 ( 1.000000000000000000, 0.9625092384531477308, 1.000000000000000000),
 ( 1.000000000000000000, 0.9552318266133408287, 1.000000000000000000),
 ( 1.000000000000000000, 0.9356623567001386421, 1.000000000000000000),
 ( 1.000000000000000000, 0.9258714245895840467, 1.000000000000000000),
 ( 1.000000000000000000, 0.9059050285197565167, 1.000000000000000000),
 ( 1.000000000000000000, 0.9007815464492664459, 1.000000000000000000),
 ( 1.000000000000000000, 0.8956560752013918991, 1.000000000000000000),
 ( 1.000000000000000000, 0.8959778133929234833, 1.000000000000000000),
 ( 1.000000000000000000, 0.8970759474480425322, 1.000000000000000000),
 ( 1.000000000000000000, 0.8979253628639970453, 1.000000000000000000),
 ( 1.000000000000000000, 0.8994689647967798463, 1.000000000000000000),
 ( 1.000000000000000000, 0.9001960215619491112, 1.000000000000000000),
 ( 1.000000000000000000, 0.9021482068321455827, 1.000000000000000000),
 ( 1.000000000000000000, 0.9032770824765099515, 1.000000000000000000),
 ( 1.000000000000000000, 0.9091567131462781060, 1.000000000000000000),
 ( 1.000000000000000000, 0.9138514584458722334, 1.000000000000000000),
 ( 1.000000000000000000, 0.9323843240124778387, 1.000000000000000000),
 ( 1.000000000000000000, 0.9413215191151260708, 1.000000000000000000),
 ( 1.000000000000000000, 0.9558998911705899326, 1.000000000000000000),
 ( 1.000000000000000000, 0.9590508680712059864, 1.000000000000000000),
 ( 1.000000000000000000, 0.9652997938370806441, 1.000000000000000000),
 ( 1.000000000000000000, 0.9679931732230768748, 1.000000000000000000),
 ( 1.000000000000000000, 0.9750566445695687534, 1.000000000000000000),
 ( 1.000000000000000000, 0.9790202834147319066, 1.000000000000000000),
 ( 1.000000000000000000, 0.9856704034794926406, 1.000000000000000000),
 ( 1.000000000000000000, 0.9879928470060531653, 1.000000000000000000),
 ( 1.000000000000000000, 0.9924495716121866096, 1.000000000000000000),
 ( 1.000000000000000000, 0.9946010704229556465, 1.000000000000000000),
 ( 1.000000000000000000, 0.9962457246550850964, 1.000000000000000000) ) ) 
 REPRESENTATION_ITEM ( '' )  SURFACE ( )  );
#4421 = CARTESIAN_POINT ( 'NONE',  ( -24.27922106975305283, 13.75861637243681024, -0.004149504955790035698 ) ) ;
#4422 = CARTESIAN_POINT ( 'NONE',  ( -0.7316466198709369317, 9.400244128203619098, -24.24195801845601750 ) ) ;
#4423 = CARTESIAN_POINT ( 'NONE',  ( 25.68663932477257461, 8.337620400670626708, -0.09634253652242226462 ) ) ;
#4424 = CARTESIAN_POINT ( 'NONE',  ( 23.72604003759828473, 25.26656726558583799, -0.0003083983701616145601 ) ) ;
#4425 = ORIENTED_EDGE ( 'NONE', *, *, #2172, .T. ) ;
#4426 = CARTESIAN_POINT ( 'NONE',  ( 9.110820912706765640, 23.71383033581603073, -11.28020134113682538 ) ) ;
#4427 = CARTESIAN_POINT ( 'NONE',  ( -24.34005664829891202, 8.547802073037512827, -0.7318453600014158678 ) ) ;
#4428 = CARTESIAN_POINT ( 'NONE',  ( 0.6640604806440372210, 13.67996859976888580, 23.69228994455356485 ) ) ;
#4429 = CARTESIAN_POINT ( 'NONE',  ( 0.09624718757118945478, 7.467413806184387326, -25.93198617338654088 ) ) ;
#4430 = CARTESIAN_POINT ( 'NONE',  ( 24.31739781806563627, 7.190139889214526292, 0.7993033842986030368 ) ) ;
#4431 = ORIENTED_EDGE ( 'NONE', *, *, #6299, .F. ) ;
#4432 = CARTESIAN_POINT ( 'NONE',  ( 23.55620212231984212, 22.58816388925880148, -0.1168687410447733083 ) ) ;
#4433 = CARTESIAN_POINT ( 'NONE',  ( 23.33997251580179366, 21.00737575957824177, -0.3771248544467042940 ) ) ;
#4434 = CARTESIAN_POINT ( 'NONE',  ( -26.08512857657765238, 7.101210875081300777, 0.06492359790476964765 ) ) ;
#4435 = AXIS2_PLACEMENT_3D ( 'NONE', #6016, #1434, #2594 ) ;
#4436 = CARTESIAN_POINT ( 'NONE',  ( -0.5979291669726000125, 21.62424098268073536, -22.97412011599939063 ) ) ;
#4437 = CARTESIAN_POINT ( 'NONE',  ( -1.105849089788765394, 14.32694161037681191, 23.44809364413775654 ) ) ;
#4438 = EDGE_CURVE ( 'NONE', #3388, #354, #4110, .T. ) ;
#4439 = CARTESIAN_POINT ( 'NONE',  ( 0.1174034232410909179, 8.960005574974109877, 25.47258348128004357 ) ) ;
#4440 = CARTESIAN_POINT ( 'NONE',  ( -0.1995922554624489642, 25.43551878647020459, 23.33803229349422992 ) ) ;
#4441 = AXIS2_PLACEMENT_3D ( 'NONE', #3676, #439, #3641 ) ;
#4442 = CARTESIAN_POINT ( 'NONE',  ( 24.83898407079238879, 9.773940105656363286, -0.7682935754725792599 ) ) ;
#4443 = CARTESIAN_POINT ( 'NONE',  ( 23.46369897365991974, 13.64933669457077947, -0.7983053069784066258 ) ) ;
#4444 = ORIENTED_EDGE ( 'NONE', *, *, #2752, .F. ) ;
#4445 = CARTESIAN_POINT ( 'NONE',  ( 0.03119255941422065248, 7.758428812488063819, -25.92874537092403742 ) ) ;
#4446 = DIRECTION ( 'NONE',  ( 0.000000000000000000, 0.000000000000000000, 1.000000000000000000 ) ) ;
#4447 = CARTESIAN_POINT ( 'NONE',  ( 0.4707678675190088979, 12.83537009432394882, -24.14080721091469073 ) ) ;
#4448 = CARTESIAN_POINT ( 'NONE',  ( -0.2248177950734317754, 22.56128296795107602, -23.46488273314313489 ) ) ;
#4449 = CARTESIAN_POINT ( 'NONE',  ( -0.03181894811188620831, 7.265781198311656475, 26.09749800198490277 ) ) ;
#4450 = CARTESIAN_POINT ( 'NONE',  ( -22.97296737287936352, 21.62407603654509458, -0.5971304921561449985 ) ) ;
#4451 = AXIS2_PLACEMENT_3D ( 'NONE', #1512, #894, #3113 ) ;
#4452 = CARTESIAN_POINT ( 'NONE',  ( -0.03410169209169706950, 22.59104174025279121, 23.57768716554384270 ) ) ;
#4453 = AXIS2_PLACEMENT_3D ( 'NONE', #6304, #745, #5725 ) ;
#4454 = CARTESIAN_POINT ( 'NONE',  ( -24.03177975969994762, 12.04996996080173055, 0.6411008583762236590 ) ) ;
#4455 = CARTESIAN_POINT ( 'NONE',  ( -24.36963949165944854, 6.565271561058697358, -0.7994430908833880522 ) ) ;
#4456 = CARTESIAN_POINT ( 'NONE',  ( 23.71146163836298726, 25.32360664091893554, -0.02845707262337069526 ) ) ;
#4457 = CARTESIAN_POINT ( 'NONE',  ( 0.06445335153059723876, 24.19919223856589596, 23.61786103646754853 ) ) ;
#4458 = CARTESIAN_POINT ( 'NONE',  ( 0.02817215871723574919, 25.32367952793050847, -23.71147647697097582 ) ) ;
#4459 = CARTESIAN_POINT ( 'NONE',  ( -23.69228994455357196, 13.67996859976888580, 0.6640604806437890861 ) ) ;
#4460 = EDGE_CURVE ( 'NONE', #2880, #113, #2596, .T. ) ;
#4461 = CIRCLE ( 'NONE', #5975, 1.924999999999999600 ) ;
#4462 = CARTESIAN_POINT ( 'NONE',  ( -0.3423983946736465223, 9.504696589430967180, -25.02143132183196172 ) ) ;
#4463 = CARTESIAN_POINT ( 'NONE',  ( 25.56799497996091475, 8.712363220357827842, -0.09602384438350856921 ) ) ;
#4464 =( BOUNDED_SURFACE ( )  B_SPLINE_SURFACE ( 2, 3, ( 
 ( #4099, #6214, #754, #1230, #5112, #5182 ),
 ( #3004, #1298, #1372, #4635, #3445, #6900 ),
 ( #5664, #681, #206, #5220, #6277, #2898 ) ),
 .UNSPECIFIED., .F., .F., .T. ) 
 B_SPLINE_SURFACE_WITH_KNOTS ( ( 3, 3 ),
 ( 4, 2, 4 ),
 ( 0.000000000000000000, 1.000000000000000000 ),
 ( 0.000000000000000000, 9.355188861418355117E-05, 0.0001871037772283671023 ),
 .UNSPECIFIED. ) 
 GEOMETRIC_REPRESENTATION_ITEM ( )  RATIONAL_B_SPLINE_SURFACE ( (
 ( 1.000000000000000000, 1.000000000000000000, 1.000000000000000000, 1.000000000000000000, 1.000000000000000000, 1.000000000000000000),
 ( 0.9954377026008626173, 0.9968882530526618213, 0.9980233822462838411, 0.9980145982014869688, 0.9968796860328997811, 0.9954353892156343475),
 ( 1.000000000000000000, 1.000000000000000000, 1.000000000000000000, 1.000000000000000000, 1.000000000000000000, 1.000000000000000000) ) ) 
 REPRESENTATION_ITEM ( '' )  SURFACE ( )  );
#4465 = CARTESIAN_POINT ( 'NONE',  ( 23.66474031780311549, 25.25835287644686389, -0.03232076044922599367 ) ) ;
#4466 = EDGE_LOOP ( 'NONE', ( #5794, #805, #305, #3272 ) ) ;
#4467 = CARTESIAN_POINT ( 'NONE',  ( 21.56143225901643490, 15.19481306604519588, 12.69289196960563082 ) ) ;
#4468 = CARTESIAN_POINT ( 'NONE',  ( -24.54517536307385583, 8.184648120658570392, -0.6645941800715343684 ) ) ;
#4469 = CARTESIAN_POINT ( 'NONE',  ( -0.7993243543240676763, 13.64877506917440186, 23.45961243663816376 ) ) ;
#4470 = CARTESIAN_POINT ( 'NONE',  ( -0.6646659889506455476, 7.297871742612400681, -24.66677525960491479 ) ) ;
#4471 = CARTESIAN_POINT ( 'NONE',  ( 24.84033614737827378, 7.097306155136233308, 0.5973689462526067251 ) ) ;
#4472 = VERTEX_POINT ( 'NONE', #4030 ) ;
#4473 = DIRECTION ( 'NONE',  ( 0.000000000000000000, 0.000000000000000000, 1.000000000000000000 ) ) ;
#4474 = CARTESIAN_POINT ( 'NONE',  ( -25.61082690807942086, 7.200561060170431738, -0.2812872344974112204 ) ) ;
#4475 = CARTESIAN_POINT ( 'NONE',  ( 0.1186633268835684540, 23.47552666997725979, -23.56695912666879522 ) ) ;
#4476 = CARTESIAN_POINT ( 'NONE',  ( -3.230653438475654016E-12, 6.975356115071411622, 26.23961491426254256 ) ) ;
#4477 = CARTESIAN_POINT ( 'NONE',  ( -0.7991149717692985766, 8.526582793002297933, 24.18171798540778639 ) ) ;
#4478 = CARTESIAN_POINT ( 'NONE',  ( -0.06406129334818647103, 25.47285581942871246, 23.61664080684735723 ) ) ;
#4479 = CARTESIAN_POINT ( 'NONE',  ( 14.28941916244324162, 23.71383033581603073, -10.17500000000000426 ) ) ;
#4480 = CARTESIAN_POINT ( 'NONE',  ( 24.27416431861681900, 13.75793929343396726, -0.06062956533866672992 ) ) ;
#4481 = ADVANCED_FACE ( 'NONE', ( #131 ), #1492, .T. ) ;
#4482 = ORIENTED_EDGE ( 'NONE', *, *, #6436, .F. ) ;
#4483 = CARTESIAN_POINT ( 'NONE',  ( 0.009853603597910015610, 7.410146188236095277, -26.06883101140826398 ) ) ;
#4484 = CARTESIAN_POINT ( 'NONE',  ( 2.357445088358652785E-16, 16.71383033581603073, 14.57500000000000107 ) ) ;
#4485 = CARTESIAN_POINT ( 'NONE',  ( -0.02814343765156317179, 13.75841715419749178, -24.27773234722540607 ) ) ;
#4486 = CARTESIAN_POINT ( 'NONE',  ( -0.2361263298696306412, 24.25975402032967310, -23.50244724736556634 ) ) ;
#4487 = CARTESIAN_POINT ( 'NONE',  ( 0.06474515481177177401, 7.416272581776550687, 26.00479456224569574 ) ) ;
#4488 = CARTESIAN_POINT ( 'NONE',  ( -23.24933183317505581, 23.72826780140581349, -0.3419125180500944827 ) ) ;
#4489 = CARTESIAN_POINT ( 'NONE',  ( -0.5968281189703824596, 23.37373808682390219, 22.80742098655862904 ) ) ;
#4490 = CARTESIAN_POINT ( 'NONE',  ( -24.29860559181852508, 12.14496470849797838, 0.4422062062672914573 ) ) ;
#4491 = CARTESIAN_POINT ( 'NONE',  ( 0.6072212866889576954, 8.691246305057937604, 25.33447589771835240 ) ) ;
#4492 = CARTESIAN_POINT ( 'NONE',  ( 23.69719771214554171, 25.20452372157348719, 0.0008292401009382649847 ) ) ;
#4493 = CARTESIAN_POINT ( 'NONE',  ( 0.2233468326493120992, 24.35569388768378829, 23.51983974384728171 ) ) ;
#4494 = CARTESIAN_POINT ( 'NONE',  ( -0.0005796074574067872466, 25.49142070407114247, -23.75517194360516271 ) ) ;
#4495 = CARTESIAN_POINT ( 'NONE',  ( -22.92847816201393840, 18.06255377167455833, -0.7990848424554625185 ) ) ;
#4496 = CARTESIAN_POINT ( 'NONE',  ( -0.1478859118248034565, 25.29851411752937551, -23.70584146589719765 ) ) ;
#4497 = CARTESIAN_POINT ( 'NONE',  ( -0.3426108598379894454, 8.916145668508292488, -25.14527623069547957 ) ) ;
#4498 = CARTESIAN_POINT ( 'NONE',  ( 25.72267830419466961, 8.342448789938773146, 0.03289104520534187615 ) ) ;
#4499 = CARTESIAN_POINT ( 'NONE',  ( 22.63418319713072790, 24.89930513554759273, -0.5983565823905678815 ) ) ;
#4500 = CARTESIAN_POINT ( 'NONE',  ( -26.14697471781978066, 7.137939027995229502, 0.2043932872494181596 ) ) ;
#4501 = CARTESIAN_POINT ( 'NONE',  ( -7.602121311033204387E-05, 7.097770024547210177, -26.18490495129216100 ) ) ;
#4502 = CARTESIAN_POINT ( 'NONE',  ( -25.45535055569951410, 8.697268846193038527, 0.1999678101455144852 ) ) ;
#4503 = CARTESIAN_POINT ( 'NONE',  ( 0.1971018606890185820, 15.50887016010736374, 23.93373841520878997 ) ) ;
#4504 = CARTESIAN_POINT ( 'NONE',  ( 0.4695689529763958370, 7.546969709034567764, -25.09954177043517376 ) ) ;
#4505 = CARTESIAN_POINT ( 'NONE',  ( 24.67330295287175446, 7.074921735578232784, 0.6646793451063547353 ) ) ;
#4506 = EDGE_LOOP ( 'NONE', ( #4694, #4812 ) ) ;
#4507 = CARTESIAN_POINT ( 'NONE',  ( -23.50650461670884894, 25.45809825710686525, 0.1183873143517362170 ) ) ;
#4508 = CARTESIAN_POINT ( 'NONE',  ( 23.46248762350754902, 14.33815891483243909, -0.7606640714506869294 ) ) ;
#4509 = CARTESIAN_POINT ( 'NONE',  ( -26.14521383683624478, 7.109261950634377492, -0.03169431411369950935 ) ) ;
#4510 = CARTESIAN_POINT ( 'NONE',  ( -0.03029870809043203397, 22.59114190880990591, -23.57843043602013111 ) ) ;
#4511 = CARTESIAN_POINT ( 'NONE',  ( -0.1515241026397618762, 7.063926764030475702, 26.18902463074316600 ) ) ;
#4512 = CARTESIAN_POINT ( 'NONE',  ( 0.3428088856595434275, 8.282058047574446746, 25.27200438452504372 ) ) ;
#4513 = CARTESIAN_POINT ( 'NONE',  ( 0.5974153998772590013, 6.635181317016114022, -24.89130867420701776 ) ) ;
#4514 = CARTESIAN_POINT ( 'NONE',  ( 23.57802381414697734, 24.67938909934251512, -0.3612440693093970645 ) ) ;
#4515 = CARTESIAN_POINT ( 'NONE',  ( 24.17555020867768789, 13.74472116855136861, 0.2839180785566427501 ) ) ;
#4516 = ORIENTED_EDGE ( 'NONE', *, *, #1553, .F. ) ;
#4517 = CARTESIAN_POINT ( 'NONE',  ( 0.7887373119778724462, 16.71350675398863217, -23.11915282957791362 ) ) ;
#4518 = CARTESIAN_POINT ( 'NONE',  ( 23.63927704353784875, 24.43284545878030656, 0.04472768338076547889 ) ) ;
#4519 = CARTESIAN_POINT ( 'NONE',  ( -0.5968954882813199969, 13.69406821875828584, -23.79750887671247384 ) ) ;
#4520 = CARTESIAN_POINT ( 'NONE',  ( -0.1080405059711069260, 23.71733800609026233, -23.57526961855826997 ) ) ;
#4521 = CARTESIAN_POINT ( 'NONE',  ( -0.7993355390899706814, 7.029141752872719806, 24.33169118431816358 ) ) ;
#4522 = CARTESIAN_POINT ( 'NONE',  ( -23.62984557939344654, 24.29552063975128462, 0.06407645877807843782 ) ) ;
#4523 = CARTESIAN_POINT ( 'NONE',  ( 0.01947674890417516735, 22.59149402003624729, 23.58105867696414393 ) ) ;
#4524 = EDGE_CURVE ( 'NONE', #3187, #2156, #6308, .T. ) ;
#4525 = CARTESIAN_POINT ( 'NONE',  ( -0.08257528058625007716, 7.000345051182263134, 26.22543059861294168 ) ) ;
#4526 = CARTESIAN_POINT ( 'NONE',  ( -16.30012398138545038, 16.71383033581603073, -2.560460542844374299 ) ) ;
#4527 = CARTESIAN_POINT ( 'NONE',  ( 0.000000000000000000, 23.71383033581603073, 0.000000000000000000 ) ) ;
#4528 = CARTESIAN_POINT ( 'NONE',  ( 0.3616885988864125823, 24.68212938118079691, -23.57854575964674382 ) ) ;
#4529 = CARTESIAN_POINT ( 'NONE',  ( 0.1995811623905439924, 25.21872969965490796, -23.36907838266629156 ) ) ;
#4530 = CARTESIAN_POINT ( 'NONE',  ( -23.70084076682063312, 18.16606371434358280, -0.004131629846010822539 ) ) ;
#4531 = CARTESIAN_POINT ( 'NONE',  ( -0.1345056672961402744, 15.19481306604520299, -21.56101271475020198 ) ) ;
#4532 = ADVANCED_FACE ( 'NONE', ( #96 ), #1218, .F. ) ;
#4533 = CARTESIAN_POINT ( 'NONE',  ( 24.61738289062352791, 8.845405828585933605, -0.5977221028082447818 ) ) ;
#4534 = CARTESIAN_POINT ( 'NONE',  ( 22.28609973959541080, 25.29455928545811361, -0.7323099508831134585 ) ) ;
#4535 = CARTESIAN_POINT ( 'NONE',  ( -25.77896787583927463, 7.810680426260184106, 0.4319266864452066534 ) ) ;
#4536 = CARTESIAN_POINT ( 'NONE',  ( -23.69720220672815358, 25.20458595688069181, -2.227581968609439661E-05 ) ) ;
#4537 = CARTESIAN_POINT ( 'NONE',  ( -25.32304527540100381, 9.545111777660013175, -0.06589484196280065431 ) ) ;
#4538 = CARTESIAN_POINT ( 'NONE',  ( -0.2839180785563895637, 13.74472116855136861, 24.17555020867769144 ) ) ;
#4539 = CARTESIAN_POINT ( 'NONE',  ( -0.5977611802382511996, 7.319403867463846858, -24.82745721221757762 ) ) ;
#4540 = CARTESIAN_POINT ( 'NONE',  ( 25.93572276353849304, 7.659028430667487619, 0.06421923192806529290 ) ) ;
#4541 = VERTEX_POINT ( 'NONE', #1141 ) ;
#4542 = CARTESIAN_POINT ( 'NONE',  ( -23.75517194360516271, 25.49142070407114247, 0.0005796074573238465394 ) ) ;
#4543 = CARTESIAN_POINT ( 'NONE',  ( 23.50931238576199789, 21.69595767891274818, -0.1989131072162596825 ) ) ;
#4544 = CARTESIAN_POINT ( 'NONE',  ( 23.33278389822683252, 17.49363238266376541, -0.5777857195051903094 ) ) ;
#4545 = CARTESIAN_POINT ( 'NONE',  ( -25.93079802565105396, 7.467256276909550294, 0.09693797892119923598 ) ) ;
#4546 = DIRECTION ( 'NONE',  ( -0.000000000000000000, 1.000000000000000000, -0.000000000000000000 ) ) ;
#4547 = CARTESIAN_POINT ( 'NONE',  ( -0.2817629994711367547, 8.678110405113805825, 25.31241743233010766 ) ) ;
#4548 = CARTESIAN_POINT ( 'NONE',  ( -0.3431000793294869955, 6.722285043415049621, -25.54123487208799759 ) ) ;
#4549 = DIRECTION ( 'NONE',  ( 0.000000000000000000, 0.000000000000000000, -1.000000000000000000 ) ) ;
#4550 = CARTESIAN_POINT ( 'NONE',  ( 24.27758695811188261, 13.75839710671236205, 0.03625415779796819365 ) ) ;
#4551 = AXIS2_PLACEMENT_3D ( 'NONE', #5104, #198, #124 ) ;
#4552 = ORIENTED_EDGE ( 'NONE', *, *, #999, .T. ) ;
#4553 = CARTESIAN_POINT ( 'NONE',  ( -7.602121311033204387E-05, 7.097770024547210177, -26.18490495129216100 ) ) ;
#4554 = CARTESIAN_POINT ( 'NONE',  ( 0.6651793779588615063, 13.67995141347569721, -23.69224859034770247 ) ) ;
#4555 = CARTESIAN_POINT ( 'NONE',  ( -0.5412099016280642605, 21.43942321986920163, -23.12257587876634801 ) ) ;
#4556 = CARTESIAN_POINT ( 'NONE',  ( -0.02126399149122950791, 7.423678621260872745, 26.06006572416153944 ) ) ;
#4557 = CARTESIAN_POINT ( 'NONE',  ( -22.36548232077817744, 23.60982065671785790, -0.7983019560965796124 ) ) ;
#4558 = CARTESIAN_POINT ( 'NONE',  ( -0.02279252297931054841, 23.48091686702825953, 23.60717572735964609 ) ) ;
#4559 = CARTESIAN_POINT ( 'NONE',  ( -0.1368006790737658351, 24.91564474236837512, 23.62715784345024872 ) ) ;
#4560 = DIRECTION ( 'NONE',  ( -1.734723475976807094E-15, 0.000000000000000000, -1.000000000000000000 ) ) ;
#4561 =( GEOMETRIC_REPRESENTATION_CONTEXT ( 3 ) GLOBAL_UNCERTAINTY_ASSIGNED_CONTEXT ( ( #2808 ) ) GLOBAL_UNIT_ASSIGNED_CONTEXT ( ( #939, #1628, #506 ) ) REPRESENTATION_CONTEXT ( 'NONE', 'WORKASPACE' ) );
#4562 = CARTESIAN_POINT ( 'NONE',  ( 1.126383059525276620, 16.66596999507956411, 23.10713428395309776 ) ) ;
#4563 = CARTESIAN_POINT ( 'NONE',  ( 23.69649673120664701, 25.25232317040946484, -0.03847484580401117071 ) ) ;
#4564 = LINE ( 'NONE', #16, #5135 ) ;
#4565 = CARTESIAN_POINT ( 'NONE',  ( -23.23717601138861255, 17.21206704058112891, -0.6651261498254200655 ) ) ;
#4566 = CARTESIAN_POINT ( 'NONE',  ( -0.01522861479344224216, 7.013986296017599820, 26.21814725881000996 ) ) ;
#4567 = AXIS2_PLACEMENT_3D ( 'NONE', #2381, #1870, #4602 ) ;
#4568 = CARTESIAN_POINT ( 'NONE',  ( 25.13907732320949862, 10.12560543151594672, 0.09828339917714393192 ) ) ;
#4569 = DIRECTION ( 'NONE',  ( 0.000000000000000000, 1.000000000000000000, 0.000000000000000000 ) ) ;
#4570 = EDGE_CURVE ( 'NONE', #288, #1845, #5307, .T. ) ;
#4571 = CARTESIAN_POINT ( 'NONE',  ( -24.54206820014903201, 10.51593164841922423, 0.8520821648799211667 ) ) ;
#4572 = CARTESIAN_POINT ( 'NONE',  ( 0.08257528058638811952, 7.000345051182263134, -26.22543059861294168 ) ) ;
#4573 = CARTESIAN_POINT ( 'NONE',  ( -25.15779701832981274, 10.12811467823015654, -0.02377613827427707202 ) ) ;
#4574 = VECTOR ( 'NONE', #4546, 1000.000000000000000 ) ;
#4575 = CARTESIAN_POINT ( 'NONE',  ( -0.1000727049928230861, 18.16446336358474412, 23.68890485977179239 ) ) ;
#4576 = CARTESIAN_POINT ( 'NONE',  ( 0.5973371274072603043, 7.693713030573178457, -24.76844900908356095 ) ) ;
#4577 = CARTESIAN_POINT ( 'NONE',  ( 24.31196973852146215, 7.250312042932766765, 0.7992917631067363304 ) ) ;
#4578 = ORIENTED_EDGE ( 'NONE', *, *, #4767, .T. ) ;
#4579 = CARTESIAN_POINT ( 'NONE',  ( -23.08425339872049520, 25.18055954971877597, -0.3417890723235744166 ) ) ;
#4580 = CARTESIAN_POINT ( 'NONE',  ( 22.41341822290884522, 23.32095068785514869, -0.7993535793056528727 ) ) ;
#4581 = CARTESIAN_POINT ( 'NONE',  ( 23.04251906823783358, 17.49028610147551177, -1.111585319415812290 ) ) ;
#4582 = CARTESIAN_POINT ( 'NONE',  ( -24.79186271939944319, 7.505737051478666544, -0.5973436700735319516 ) ) ;
#4583 = CARTESIAN_POINT ( 'NONE',  ( 0.3813562059848282781, 20.95809617874224173, 23.33712340293004317 ) ) ;
#4584 = CARTESIAN_POINT ( 'NONE',  ( -0.6647104373009194989, 10.34903462022827014, 24.23402187908168059 ) ) ;
#4585 = CARTESIAN_POINT ( 'NONE',  ( -0.1177435377581161208, 25.45784376843202068, 23.50462100084270389 ) ) ;
#4586 = CARTESIAN_POINT ( 'NONE',  ( 23.68277370017940697, 18.16364155095825694, 0.1213641654455773072 ) ) ;
#4587 = ORIENTED_EDGE ( 'NONE', *, *, #2320, .T. ) ;
#4588 = CARTESIAN_POINT ( 'NONE',  ( 0.1545177226707151186, 24.82692756159194403, -23.60950330098361860 ) ) ;
#4589 = CARTESIAN_POINT ( 'NONE',  ( -0.1971018606888514380, 15.50887016010736374, -23.93373841520879353 ) ) ;
#4590 = CARTESIAN_POINT ( 'NONE',  ( -0.06034619821222211855, 7.076572208489754878, -26.18224765167069279 ) ) ;
#4591 = CARTESIAN_POINT ( 'NONE',  ( -0.6646614177361206410, 7.235513445940877197, 24.65597674509465520 ) ) ;
#4592 = CARTESIAN_POINT ( 'NONE',  ( -23.62751367094768540, 24.29520738889879539, -0.02220291040444057756 ) ) ;
#4593 = CARTESIAN_POINT ( 'NONE',  ( -0.06601226170481448718, 22.59056948887761962, 23.57416520514342295 ) ) ;
#4594 = CARTESIAN_POINT ( 'NONE',  ( -0.5648208739711761961, 14.41548872625052091, 23.73548944997971688 ) ) ;
#4595 = DIRECTION ( 'NONE',  ( -0.000000000000000000, 1.000000000000000000, -0.000000000000000000 ) ) ;
#4596 = CARTESIAN_POINT ( 'NONE',  ( -25.21703074785905940, 6.678831889611820394, -0.4695560408072583236 ) ) ;
#4597 = FACE_OUTER_BOUND ( 'NONE', #4986, .T. ) ;
#4598 = CARTESIAN_POINT ( 'NONE',  ( 0.7983979052076275451, 25.27295106378740641, -22.12495437257087971 ) ) ;
#4599 = CARTESIAN_POINT ( 'NONE',  ( -23.01957702738765477, 17.18291979750780385, 0.7984099058372371438 ) ) ;
#4600 = CYLINDRICAL_SURFACE ( 'NONE', #750, 21.00000000000000000 ) ;
#4601 = CARTESIAN_POINT ( 'NONE',  ( 25.32304527540100381, 9.545111777660013175, 0.06589484196280065431 ) ) ;
#4602 = DIRECTION ( 'NONE',  ( 0.000000000000000000, 0.000000000000000000, -1.000000000000000000 ) ) ;
#4603 = CARTESIAN_POINT ( 'NONE',  ( 26.14828135313223711, 7.135632570701154087, 0.2029343658320518773 ) ) ;
#4604 = CARTESIAN_POINT ( 'NONE',  ( 3.292073591955094631E-11, 25.32364315258742593, 23.71146907165887185 ) ) ;
#4605 = CARTESIAN_POINT ( 'NONE',  ( -25.33348050128766360, 9.546510745264654929, -0.001854854366593445235 ) ) ;
#4606 = CARTESIAN_POINT ( 'NONE',  ( -0.1208917210211613996, 19.63382064958560136, 23.59104488530453736 ) ) ;
#4607 = CARTESIAN_POINT ( 'NONE',  ( 0.2816174734179927031, 8.298420856662069411, -25.39414818111528405 ) ) ;
#4608 = EDGE_CURVE ( 'NONE', #2225, #6015, #2816, .T. ) ;
#4609 = CARTESIAN_POINT ( 'NONE',  ( 26.04781636414378099, 7.482936854728404086, -0.0001812680632787373389 ) ) ;
#4610 = ORIENTED_EDGE ( 'NONE', *, *, #4080, .F. ) ;
#4611 = CARTESIAN_POINT ( 'NONE',  ( -23.62831952140080460, 25.03252295078253908, 0.06451822404242824049 ) ) ;
#4612 = CARTESIAN_POINT ( 'NONE',  ( 22.78352303223586617, 23.66585380495579471, -0.5982938528539241130 ) ) ;
#4613 = CARTESIAN_POINT ( 'NONE',  ( 23.30824850341355159, 15.10591442950767949, -1.121898716744023083 ) ) ;
#4614 = CARTESIAN_POINT ( 'NONE',  ( -26.04740695533557826, 7.421982711993981852, 0.03244218889907239667 ) ) ;
#4615 = CARTESIAN_POINT ( 'NONE',  ( -0.2755822876911918073, 24.96336266408535565, 23.63522291397726605 ) ) ;
#4616 = CARTESIAN_POINT ( 'NONE',  ( -0.4699840214851177533, 10.06368245056724575, 24.67701835143933309 ) ) ;
#4617 = CARTESIAN_POINT ( 'NONE',  ( -0.5977251723705672148, 6.737897070245309372, -24.89646715660835241 ) ) ;
#4618 = CARTESIAN_POINT ( 'NONE',  ( 23.23579902860415913, 17.21189415792853339, -0.6641070551890747575 ) ) ;
#4619 = ORIENTED_EDGE ( 'NONE', *, *, #6082, .F. ) ;
#4620 = CARTESIAN_POINT ( 'NONE',  ( -0.7982564201609274601, 15.41323772093251065, -23.22006825585728507 ) ) ;
#4621 = CARTESIAN_POINT ( 'NONE',  ( 0.4704027393321839057, 7.300566345112169842, 25.14134197185263275 ) ) ;
#4622 = CARTESIAN_POINT ( 'NONE',  ( -23.60507858713778973, 23.77594323400057164, -0.06514792930888592404 ) ) ;
#4623 = CARTESIAN_POINT ( 'NONE',  ( -0.6639288098387228221, 24.66206838846207461, 22.51272674434846266 ) ) ;
#4624 = B_SPLINE_CURVE_WITH_KNOTS ( 'NONE', 2,
 ( #1655, #6604, #4855 ),
 .UNSPECIFIED., .F., .F.,
 ( 3, 3 ),
 ( 0.008659189252793592778, 0.7611155486637234402 ),
 .UNSPECIFIED. ) ;
#4625 = CARTESIAN_POINT ( 'NONE',  ( -1.106307938355905574, 14.34068418982148252, 23.44528057046132830 ) ) ;
#4626 = CARTESIAN_POINT ( 'NONE',  ( -26.18190632890060598, 7.077174889305887895, -0.06057261048120105018 ) ) ;
#4627 = CARTESIAN_POINT ( 'NONE',  ( -25.84984857937613256, 6.967665090502747738, -0.1992600535093582981 ) ) ;
#4628 = CARTESIAN_POINT ( 'NONE',  ( 14.28941916244324162, 23.71383033581603073, -8.249999999999998224 ) ) ;
#4629 = CARTESIAN_POINT ( 'NONE',  ( -23.53261441539554966, 23.27971944154622008, -0.1537557645596314970 ) ) ;
#4630 = CARTESIAN_POINT ( 'NONE',  ( -23.93338126474662175, 15.50881879492249027, -0.2028928778274887712 ) ) ;
#4631 = CARTESIAN_POINT ( 'NONE',  ( 23.18663015920849801, 22.25534417231443740, 0.7807557213868794310 ) ) ;
#4632 = CARTESIAN_POINT ( 'NONE',  ( 25.33011407643686042, 9.546059335168482818, 0.03396763369684742406 ) ) ;
#4633 = CARTESIAN_POINT ( 'NONE',  ( -5.932638115201810614, 21.71383033581603073, 15.39655172413793238 ) ) ;
#4634 = CARTESIAN_POINT ( 'NONE',  ( 26.03515066855186078, 7.494263832230574351, 0.01455374702951693633 ) ) ;
#4635 = CARTESIAN_POINT ( 'NONE',  ( 0.01522861479327314131, 7.013986296021824884, -26.21814725880827623 ) ) ;
#4636 = CARTESIAN_POINT ( 'NONE',  ( 0.03279517729333947945, 24.29632373676785662, -23.63584480331977744 ) ) ;
#4637 = CARTESIAN_POINT ( 'NONE',  ( -25.23352470279925441, 9.533114100826573178, -0.2005387699742717245 ) ) ;
#4638 = CARTESIAN_POINT ( 'NONE',  ( 0.2798127715405290261, 17.27151443744542192, 23.68072414231846068 ) ) ;
#4639 = CARTESIAN_POINT ( 'NONE',  ( 0.2814481282425063124, 7.791462833895016260, -25.49785946998319375 ) ) ;
#4640 = CARTESIAN_POINT ( 'NONE',  ( 25.58135728341061821, 7.359525451709994393, 0.2813262733457294051 ) ) ;
#4641 = ORIENTED_EDGE ( 'NONE', *, *, #304, .F. ) ;
#4642 = CARTESIAN_POINT ( 'NONE',  ( -23.66184395791256989, 25.25796426914146053, -0.02145839090707339636 ) ) ;
#4643 = CARTESIAN_POINT ( 'NONE',  ( 23.27150906946479125, 23.43593196171751813, 0.3419883104949240638 ) ) ;
#4644 = CARTESIAN_POINT ( 'NONE',  ( 26.12708898306425453, 7.254445776568554827, -0.003406433327354207487 ) ) ;
#4645 = CARTESIAN_POINT ( 'NONE',  ( -0.02584860315656917901, 25.23635200221720609, -23.69673457194607380 ) ) ;
#4646 = CARTESIAN_POINT ( 'NONE',  ( -24.51051224014078755, 7.216032230033230910, 0.7315544424447987248 ) ) ;
#4647 = DIRECTION ( 'NONE',  ( -0.000000000000000000, 1.000000000000000000, -0.000000000000000000 ) ) ;
#4648 = CARTESIAN_POINT ( 'NONE',  ( 0.2817339035236879896, 9.518143642770894530, 25.12178023679577166 ) ) ;
#4649 =( BOUNDED_CURVE ( )  B_SPLINE_CURVE ( 2, ( #358, #6542, #5377 ),
 .UNSPECIFIED., .F., .F. ) 
 B_SPLINE_CURVE_WITH_KNOTS ( ( 3, 3 ),
 ( 0.000000000000000000, 1.000000000000000000 ),
 .UNSPECIFIED. ) 
 CURVE ( )  GEOMETRIC_REPRESENTATION_ITEM ( )  RATIONAL_B_SPLINE_CURVE ( ( 1.000000000000000000, 0.9962518364972354767, 1.000000000000000000 ) ) 
 REPRESENTATION_ITEM ( '' )  );
#4650 = CARTESIAN_POINT ( 'NONE',  ( -0.3430781290339617318, 6.922136826749169636, -25.51007093875218246 ) ) ;
#4651 = DIRECTION ( 'NONE',  ( 0.000000000000000000, 1.000000000000000000, 0.000000000000000000 ) ) ;
#4652 = CARTESIAN_POINT ( 'NONE',  ( 23.73164304820236126, 17.27833376473292049, 0.2027452419209553047 ) ) ;
#4653 = EDGE_LOOP ( 'NONE', ( #3061, #5986 ) ) ;
#4654 = CARTESIAN_POINT ( 'NONE',  ( 0.1137050485130826488, 25.26781905910458903, -23.69954260084324460 ) ) ;
#4655 = EDGE_CURVE ( 'NONE', #6866, #2424, #6544, .T. ) ;
#4656 = CARTESIAN_POINT ( 'NONE',  ( -0.4687587104674733052, 15.47813415023831851, -23.70436160877267184 ) ) ;
#4657 = DIRECTION ( 'NONE',  ( 0.000000000000000000, -1.000000000000000000, 0.000000000000000000 ) ) ;
#4658 = CARTESIAN_POINT ( 'NONE',  ( -0.4695819725202771133, 7.734386866534418203, 25.07195800843992117 ) ) ;
#4659 = CARTESIAN_POINT ( 'NONE',  ( -23.68652789861424068, 24.81937308065710823, -0.02161169127139360435 ) ) ;
#4660 = CARTESIAN_POINT ( 'NONE',  ( -0.0001611437235950746586, 24.81894219465469931, 23.68331112769830682 ) ) ;
#4661 = TOROIDAL_SURFACE ( 'NONE', #719, 6.000000000000001776, 2.000000000000000000 ) ;
#4662 = ORIENTED_EDGE ( 'NONE', *, *, #1279, .F. ) ;
#4663 = CARTESIAN_POINT ( 'NONE',  ( -0.7619944654558895580, 14.35418120391109653, 23.45908771045930408 ) ) ;
#4664 = CYLINDRICAL_SURFACE ( 'NONE', #7130, 1.924999999999999600 ) ;
#4665 = CARTESIAN_POINT ( 'NONE',  ( -26.16690640421305503, 6.806127769636349356, 0.06512086230257733976 ) ) ;
#4666 = CARTESIAN_POINT ( 'NONE',  ( 26.20172731030967128, 7.054966421492920858, 0.0001364772686463415290 ) ) ;
#4667 = CARTESIAN_POINT ( 'NONE',  ( -23.28045872322022092, 19.03988957813122695, -0.5189051242706190781 ) ) ;
#4668 = CARTESIAN_POINT ( 'NONE',  ( -23.56279659564685858, 21.11250854503455088, 0.09433195681083007822 ) ) ;
#4669 = CIRCLE ( 'NONE', #3397, 2.000000000000000000 ) ;
#4670 = CARTESIAN_POINT ( 'NONE',  ( 22.99457170073652179, 19.08073214542652707, 1.050148573343766767 ) ) ;
#4671 = CIRCLE ( 'NONE', #6891, 2.000000000000000000 ) ;
#4672 = CARTESIAN_POINT ( 'NONE',  ( 24.73269710742572869, 11.66527948796598224, 0.02479958165640264167 ) ) ;
#4673 = DIRECTION ( 'NONE',  ( -0.000000000000000000, 1.000000000000000000, -0.000000000000000000 ) ) ;
#4674 = CARTESIAN_POINT ( 'NONE',  ( 23.18934680111631152, 22.27774512502017856, 0.7780254907271652032 ) ) ;
#4675 = CARTESIAN_POINT ( 'NONE',  ( 0.05269825981339665982, 6.983749315514999445, -26.23497068130250653 ) ) ;
#4676 = CARTESIAN_POINT ( 'NONE',  ( -0.02072749224586040856, 24.29518282774537141, -23.62732758367016572 ) ) ;
#4677 = CARTESIAN_POINT ( 'NONE',  ( -24.54674036115774882, 11.64036295455432146, 0.3415108198443450038 ) ) ;
#4678 = CARTESIAN_POINT ( 'NONE',  ( 0.2799895963827233047, 18.15290730647619810, 23.60264610636837190 ) ) ;
#4679 = CARTESIAN_POINT ( 'NONE',  ( 0.4695926950666753918, 7.862029462656916046, -25.05276924892930879 ) ) ;
#4680 = CARTESIAN_POINT ( 'NONE',  ( 25.14134197185263631, 7.300566345112169842, -0.4704027393319205053 ) ) ;
#4681 = ORIENTED_EDGE ( 'NONE', *, *, #1749, .T. ) ;
#4682 = CARTESIAN_POINT ( 'NONE',  ( 24.29266151183992761, 12.16549387264510074, -0.4436322668049123008 ) ) ;
#4683 = CARTESIAN_POINT ( 'NONE',  ( 23.58896912884171471, 23.77378415325585337, 0.09711754837729104362 ) ) ;
#4684 = AXIS2_PLACEMENT_3D ( 'NONE', #2659, #5389, #4368 ) ;
#4685 = FACE_OUTER_BOUND ( 'NONE', #177, .T. ) ;
#4686 = CARTESIAN_POINT ( 'NONE',  ( 26.15002701566859500, 7.188352224592123640, 0.001755972118218766982 ) ) ;
#4687 = CARTESIAN_POINT ( 'NONE',  ( -25.90675379060105499, 7.403134777826898549, 0.1184566767401659393 ) ) ;
#4688 = CARTESIAN_POINT ( 'NONE',  ( -0.3616885988862893475, 24.68212938118069033, 23.57854575964673671 ) ) ;
#4689 = CARTESIAN_POINT ( 'NONE',  ( -0.06633442934198714724, 10.12717463834284182, 25.15078501044670389 ) ) ;
#4690 = CARTESIAN_POINT ( 'NONE',  ( -0.06505011857910589224, 6.904346289261342307, -26.13858364563610692 ) ) ;
#4691 = AXIS2_PLACEMENT_3D ( 'NONE', #3579, #5798, #3034 ) ;
#4692 = CARTESIAN_POINT ( 'NONE',  ( 24.89130867420701421, 6.635181317016114022, 0.5974153998773459318 ) ) ;
#4693 = CARTESIAN_POINT ( 'NONE',  ( 23.50446507997318690, 17.24788768747971091, 0.4710140807596297496 ) ) ;
#4694 = ORIENTED_EDGE ( 'NONE', *, *, #2255, .F. ) ;
#4695 = CARTESIAN_POINT ( 'NONE',  ( 0.001863979039810534409, 25.12465619924448390, -23.69159975202569512 ) ) ;
#4696 =( GEOMETRIC_REPRESENTATION_CONTEXT ( 3 ) GLOBAL_UNCERTAINTY_ASSIGNED_CONTEXT ( ( #1547 ) ) GLOBAL_UNIT_ASSIGNED_CONTEXT ( ( #5909, #785, #2967 ) ) REPRESENTATION_CONTEXT ( 'NONE', 'WORKASPACE' ) );
#4697 = CARTESIAN_POINT ( 'NONE',  ( -0.3405648314221974560, 15.49527136013097639, -23.83225171990247659 ) ) ;
#4698 = CARTESIAN_POINT ( 'NONE',  ( -0.01441974098373350992, 7.494501125505560246, -26.03500485941823328 ) ) ;
#4699 = CARTESIAN_POINT ( 'NONE',  ( 0.7984384350174991152, 7.193905463350514395, 24.34539293726740539 ) ) ;
#4700 = CARTESIAN_POINT ( 'NONE',  ( -23.68608092101314000, 24.81931355803132533, 0.02131748751117330809 ) ) ;
#4701 = CARTESIAN_POINT ( 'NONE',  ( -0.001076299088576037960, 23.77824611692486911, 23.62225903123726312 ) ) ;
#4702 = ADVANCED_FACE ( 'NONE', ( #1797 ), #1864, .F. ) ;
#4703 = CARTESIAN_POINT ( 'NONE',  ( -0.7821337062071630486, 15.13889166045976964, 23.31942941185263507 ) ) ;
#4704 = CARTESIAN_POINT ( 'NONE',  ( -24.08851777885535483, 12.89169545523415650, -0.4934271295028546667 ) ) ;
#4705 = B_SPLINE_CURVE_WITH_KNOTS ( 'NONE', 3,
 ( #715, #6312, #1338, #4032 ),
 .UNSPECIFIED., .F., .F.,
 ( 4, 4 ),
 ( 0.000000000000000000, 1.000000000000000000 ),
 .UNSPECIFIED. ) ;
#4706 = CARTESIAN_POINT ( 'NONE',  ( -24.53722090033751257, 6.689743450620962761, -0.7320679985733622441 ) ) ;
#4707 = DIRECTION ( 'NONE',  ( 0.000000000000000000, -1.000000000000000000, 0.000000000000000000 ) ) ;
#4708 = CARTESIAN_POINT ( 'NONE',  ( 0.3431000793296653528, 6.722285043415049621, 25.54123487208799403 ) ) ;
#4709 = CARTESIAN_POINT ( 'NONE',  ( -23.68949222094850882, 18.16454376727064357, 0.09312079062355335668 ) ) ;
#4710 = DIRECTION ( 'NONE',  ( 0.000000000000000000, 0.000000000000000000, 1.000000000000000000 ) ) ;
#4711 = CARTESIAN_POINT ( 'NONE',  ( 24.81707404971306730, 10.42717725378936500, -0.3420181540585691682 ) ) ;
#4712 = CARTESIAN_POINT ( 'NONE',  ( -23.12257587876490916, 21.43942321986700605, 0.5412099016261662232 ) ) ;
#4713 = CARTESIAN_POINT ( 'NONE',  ( 23.11915282957791717, 16.71350675398986141, 0.7887373119768477103 ) ) ;
#4714 = CARTESIAN_POINT ( 'NONE',  ( 23.80798759955900934, 1.406610341118329943, 0.000000000000000000 ) ) ;
#4715 = CARTESIAN_POINT ( 'NONE',  ( -0.2822355350393396245, 23.74196830411835180, -23.35152727773681391 ) ) ;
#4716 = CARTESIAN_POINT ( 'NONE',  ( -24.09580945367818572, 10.33051242334457598, -0.7318856344865627417 ) ) ;
#4717 = CARTESIAN_POINT ( 'NONE',  ( 0.6641070551893181184, 17.21189415792853339, 23.23579902860415203 ) ) ;
#4718 = CARTESIAN_POINT ( 'NONE',  ( 0.6646217959284240751, 7.672063633556446938, -24.60690071711531601 ) ) ;
#4719 = CARTESIAN_POINT ( 'NONE',  ( 24.26379220751943322, 7.756297124538613197, 0.7992057170879295347 ) ) ;
#4720 = ORIENTED_EDGE ( 'NONE', *, *, #3326, .T. ) ;
#4721 = CARTESIAN_POINT ( 'NONE',  ( 0.000000000000000000, 23.71383033581603073, 16.50000000000000000 ) ) ;
#4722 = CARTESIAN_POINT ( 'NONE',  ( 23.60717572735964609, 23.48091686702825953, 0.02279252297955781936 ) ) ;
#4723 = CARTESIAN_POINT ( 'NONE',  ( 0.07677127596732261083, 25.29851411752560963, 23.70617843559597304 ) ) ;
#4724 = DIRECTION ( 'NONE',  ( 0.000000000000000000, 0.000000000000000000, -1.000000000000000000 ) ) ;
#4725 = CARTESIAN_POINT ( 'NONE',  ( -25.47070140321337561, 7.918042416180288257, 0.2823678745582415273 ) ) ;
#4726 = CARTESIAN_POINT ( 'NONE',  ( 0.000000000000000000, 5.615282649518614555, 0.000000000000000000 ) ) ;
#4727 = CARTESIAN_POINT ( 'NONE',  ( 0.7316557620712776933, 8.805885005564817902, 24.32246082753905014 ) ) ;
#4728 = CARTESIAN_POINT ( 'NONE',  ( -0.02194258970168213099, 7.011144889777599865, -26.17429020198461842 ) ) ;
#4729 = CARTESIAN_POINT ( 'NONE',  ( 26.17204377340775068, 6.806815091553573005, 0.06364886450881351854 ) ) ;
#4730 = CARTESIAN_POINT ( 'NONE',  ( 23.50260562927583408, 17.24764673966277684, -0.4689062630456992120 ) ) ;
#4731 = CARTESIAN_POINT ( 'NONE',  ( 2.227582001418953908E-05, 25.20458595692225146, -23.69720220673127997 ) ) ;
#4732 = CARTESIAN_POINT ( 'NONE',  ( 0.7990848424553824714, 18.06255377167455833, -22.92847816201394195 ) ) ;
#4733 = CARTESIAN_POINT ( 'NONE',  ( -0.3229432640539179333, 8.731838975347361753, -25.32208726135526433 ) ) ;
#4734 = CARTESIAN_POINT ( 'NONE',  ( -0.7319403229368791619, 7.461657943228481749, 24.46294325631428990 ) ) ;
#4735 = CARTESIAN_POINT ( 'NONE',  ( -23.67077533287646673, 24.81726257688235293, 0.03207997574853831135 ) ) ;
#4736 = CARTESIAN_POINT ( 'NONE',  ( 0.03160171362911347315, 24.29632365845789366, 23.63584000926382700 ) ) ;
#4737 =( BOUNDED_SURFACE ( )  B_SPLINE_SURFACE ( 3, 2, ( 
 ( #5621, #3436, #6204 ),
 ( #638, #4626, #1221 ),
 ( #6852, #6301, #1329 ),
 ( #3577, #957, #4160 ),
 ( #2558, #1504, #1362 ),
 ( #918, #1435, #3032 ),
 ( #1903, #5248, #5940 ),
 ( #2049, #3140, #4192 ),
 ( #5323, #5796, #6338 ),
 ( #6999, #5356, #2013 ),
 ( #7035, #271, #3180 ),
 ( #6929, #2487, #4229 ),
 ( #373, #4776, #1468 ),
 ( #4264, #5395, #1938 ),
 ( #6964, #411, #4704 ),
 ( #6447, #6376, #1397 ),
 ( #6481, #3720, #5286 ),
 ( #3612, #2632, #3072 ),
 ( #3685, #2595, #6411 ),
 ( #4814, #5904, #4848 ),
 ( #4127, #814, #5833 ),
 ( #3651, #850, #1976 ),
 ( #307, #2522, #3106 ),
 ( #4740, #5871, #887 ),
 ( #339, #4417, #1511 ),
 ( #2714, #3694, #2201 ),
 ( #4929, #6605, #5948 ),
 ( #6489, #968, #3190 ),
 ( #5913, #4348, #2165 ),
 ( #6641, #6570, #5473 ),
 ( #5989, #3294, #2748 ),
 ( #3728, #3770, #7190 ),
 ( #495, #5403, #1549 ),
 ( #2129, #3841, #4856 ),
 ( #420, #4821, #2639 ),
 ( #1006, #1620, #7080 ) ),
 .UNSPECIFIED., .F., .F., .T. ) 
 B_SPLINE_SURFACE_WITH_KNOTS ( ( 4, 2, 2, 2, 2, 2, 2, 2, 2, 2, 2, 2, 2, 2, 2, 2, 2, 4 ),
 ( 3, 3 ),
 ( -2.433862961850194360E-17, 0.0001464657007983736787, 0.0002929314015967716977, 0.0005858628031935676815, 0.001171725606387159649, 0.002343451212774343585, 0.004686902425548711455, 0.007030353638323079760, 0.009373804851097447197, 0.01171725606387181637, 0.01406070727664618381, 0.01640415848942055124, 0.01757588409580773670, 0.01786881549740453046, 0.01816174689900132769, 0.01845467830059812492, 0.01860114400139652180, 0.01874760970219491868 ),
 ( 0.000000000000000000, 1.000000000000000000 ),
 .UNSPECIFIED. ) 
 GEOMETRIC_REPRESENTATION_ITEM ( )  RATIONAL_B_SPLINE_SURFACE ( (
 ( 1.000000000000000000, 0.9954353892156339034, 1.000000000000000000),
 ( 1.000000000000000000, 0.9934371520646492204, 1.000000000000000000),
 ( 1.000000000000000000, 0.9909753617710372886, 1.000000000000000000),
 ( 1.000000000000000000, 0.9861752719049547977, 1.000000000000000000),
 ( 1.000000000000000000, 0.9838982356150257624, 1.000000000000000000),
 ( 1.000000000000000000, 0.9776396921368462056, 1.000000000000000000),
 ( 1.000000000000000000, 0.9738134121732547888, 1.000000000000000000),
 ( 1.000000000000000000, 0.9625092384540027135, 1.000000000000000000),
 ( 1.000000000000000000, 0.9552318266135572111, 1.000000000000000000),
 ( 1.000000000000000000, 0.9356623566997064323, 1.000000000000000000),
 ( 1.000000000000000000, 0.9258714245887245120, 1.000000000000000000),
 ( 1.000000000000000000, 0.9059050285214884646, 1.000000000000000000),
 ( 1.000000000000000000, 0.9007815464495225743, 1.000000000000000000),
 ( 1.000000000000000000, 0.8956560752011260007, 1.000000000000000000),
 ( 1.000000000000000000, 0.8959778133905461628, 1.000000000000000000),
 ( 1.000000000000000000, 0.8970759474504116371, 1.000000000000000000),
 ( 1.000000000000000000, 0.8979253628649511709, 1.000000000000000000),
 ( 1.000000000000000000, 0.8994689647958374890, 1.000000000000000000),
 ( 1.000000000000000000, 0.9001960215581941149, 1.000000000000000000),
 ( 1.000000000000000000, 0.9021482068358936957, 1.000000000000000000),
 ( 1.000000000000000000, 0.9032770824762897943, 1.000000000000000000),
 ( 1.000000000000000000, 0.9091567131464987073, 1.000000000000000000),
 ( 1.000000000000000000, 0.9138514584444052957, 1.000000000000000000),
 ( 1.000000000000000000, 0.9323843240132103638, 1.000000000000000000),
 ( 1.000000000000000000, 0.9413215191158034179, 1.000000000000000000),
 ( 1.000000000000000000, 0.9558998911704280621, 1.000000000000000000),
 ( 1.000000000000000000, 0.9590508680711615774, 1.000000000000000000),
 ( 1.000000000000000000, 0.9652997938371433717, 1.000000000000000000),
 ( 1.000000000000000000, 0.9679931732230114827, 1.000000000000000000),
 ( 1.000000000000000000, 0.9750566445696428053, 1.000000000000000000),
 ( 1.000000000000000000, 0.9790202834150563138, 1.000000000000000000),
 ( 1.000000000000000000, 0.9856704034793382085, 1.000000000000000000),
 ( 1.000000000000000000, 0.9879928470061031254, 1.000000000000000000),
 ( 1.000000000000000000, 0.9924495716121494171, 1.000000000000000000),
 ( 1.000000000000000000, 0.9946010704229920618, 1.000000000000000000),
 ( 1.000000000000000000, 0.9962457246550895373, 1.000000000000000000) ) ) 
 REPRESENTATION_ITEM ( '' )  SURFACE ( )  );
#4738 = EDGE_LOOP ( 'NONE', ( #3178, #2181, #3627, #4119 ) ) ;
#4739 = CARTESIAN_POINT ( 'NONE',  ( -23.70617828429515583, 25.29851411751397094, -0.07681798113157257968 ) ) ;
#4740 = CARTESIAN_POINT ( 'NONE',  ( -23.35744730500030641, 23.44615210722362164, -0.6088156714559554983 ) ) ;
#4741 = DIRECTION ( 'NONE',  ( 0.000000000000000000, 0.000000000000000000, -1.000000000000000000 ) ) ;
#4742 = CARTESIAN_POINT ( 'NONE',  ( -0.3417169365664863845, 6.721903854988235061, 25.53843512508198188 ) ) ;
#4743 = CARTESIAN_POINT ( 'NONE',  ( -23.57558028727986610, 21.11422100161730597, 0.01855190658527588327 ) ) ;
#4744 = ADVANCED_FACE ( 'NONE', ( #780 ), #4023, .F. ) ;
#4745 = DIRECTION ( 'NONE',  ( 1.000000000000000000, 0.000000000000000000, 0.000000000000000000 ) ) ;
#4746 = CARTESIAN_POINT ( 'NONE',  ( 24.09580945367818572, 10.33051242334457598, 0.7318856344865627417 ) ) ;
#4747 = CARTESIAN_POINT ( 'NONE',  ( -23.65384966200458550, 25.04706633332509824, 0.1062059680619387853 ) ) ;
#4748 = CARTESIAN_POINT ( 'NONE',  ( 23.45908771046469710, 14.35418120391102192, 0.7619944654552258667 ) ) ;
#4749 = CARTESIAN_POINT ( 'NONE',  ( -0.07677127596672513044, 25.29851411751397094, -23.70617843559350746 ) ) ;
#4750 = EDGE_CURVE ( 'NONE', #2960, #2880, #6237, .T. ) ;
#4751 = CARTESIAN_POINT ( 'NONE',  ( 0.1999228180903064589, 23.76020448162192267, -23.48764127239124377 ) ) ;
#4752 = CARTESIAN_POINT ( 'NONE',  ( -24.36794800997197186, 10.36698241801164855, -0.5975553476351161963 ) ) ;
#4753 = CARTESIAN_POINT ( 'NONE',  ( 0.4694548740274755438, 19.59634326417820560, 23.31134157887493785 ) ) ;
#4754 = CARTESIAN_POINT ( 'NONE',  ( -0.06361746873093006294, 8.715119308304686285, -25.58856364916751147 ) ) ;
#4755 = ADVANCED_FACE ( 'NONE', ( #4057 ), #4664, .F. ) ;
#4756 = CARTESIAN_POINT ( 'NONE',  ( 24.80399192107302753, 7.507372934299196388, -0.5977674809325198568 ) ) ;
#4757 = ORIENTED_EDGE ( 'NONE', *, *, #665, .T. ) ;
#4758 = CARTESIAN_POINT ( 'NONE',  ( 5.213530464874318149, 21.71383033581603073, 13.53030303030303116 ) ) ;
#4759 = CARTESIAN_POINT ( 'NONE',  ( 22.45207476091957233, 24.13769546097459084, -0.7323705396601591922 ) ) ;
#4760 = CARTESIAN_POINT ( 'NONE',  ( -0.0002590312130096483387, 25.24489519135797622, 23.70041021880197363 ) ) ;
#4761 = CARTESIAN_POINT ( 'NONE',  ( -25.39827941213582108, 7.587010142454218453, 0.3429677008504875002 ) ) ;
#4762 = DIRECTION ( 'NONE',  ( 0.000000000000000000, 0.000000000000000000, -1.000000000000000000 ) ) ;
#4763 = CARTESIAN_POINT ( 'NONE',  ( -0.3437400504575202076, 12.85526651923222197, 24.28927052359642502 ) ) ;
#4764 = CARTESIAN_POINT ( 'NONE',  ( 0.4695522891902989548, 6.979657295568593156, -25.17810325050104936 ) ) ;
#4765 = CARTESIAN_POINT ( 'NONE',  ( 26.22905092303471619, 6.916468900838652623, 0.02079391854466865544 ) ) ;
#4766 = CARTESIAN_POINT ( 'NONE',  ( 23.57562360315677097, 21.11422643021546719, 0.02437916582260673051 ) ) ;
#4767 = EDGE_CURVE ( 'NONE', #2952, #4899, #618, .T. ) ;
#4768 = CARTESIAN_POINT ( 'NONE',  ( 0.03508604145637584520, 24.52874500199877872, -23.64989897351184567 ) ) ;
#4769 = CARTESIAN_POINT ( 'NONE',  ( 0.3426209774061383384, 21.67683461429123071, -23.36664715893366306 ) ) ;
#4770 = CARTESIAN_POINT ( 'NONE',  ( 7.602121329738624630E-05, 7.097770024547200407, 26.18490495129217166 ) ) ;
#4771 = CARTESIAN_POINT ( 'NONE',  ( 0.4703610228107368840, 7.862741891330276012, 25.05802410696517768 ) ) ;
#4772 = CARTESIAN_POINT ( 'NONE',  ( -22.61516660719676253, 24.89674628543276569, -0.5967868781766215713 ) ) ;
#4773 = CARTESIAN_POINT ( 'NONE',  ( -0.03320829162550592573, 23.77724585500357790, 23.61479695135507484 ) ) ;
#4774 = CARTESIAN_POINT ( 'NONE',  ( 0.7153844166220288958, 19.06846676539525021, 23.00993670374465339 ) ) ;
#4775 = CARTESIAN_POINT ( 'NONE',  ( -23.35469555608043990, 23.42872133742149288, -0.6115876548258141199 ) ) ;
#4776 = CARTESIAN_POINT ( 'NONE',  ( -24.54438950007936526, 10.54059588274634329, -0.5174786181304793509 ) ) ;
#4777 = CARTESIAN_POINT ( 'NONE',  ( 0.06656756002497501989, 10.45923741916914729, -25.05634095479575407 ) ) ;
#4778 = CARTESIAN_POINT ( 'NONE',  ( 0.000000000000000000, 7.000345051182263134, 0.000000000000000000 ) ) ;
#4779 = CARTESIAN_POINT ( 'NONE',  ( -0.09590241578723304738, 6.796545094475689552, 26.09540884400490413 ) ) ;
#4780 = CARTESIAN_POINT ( 'NONE',  ( -23.56120900528502204, 19.62982168343879152, -0.2020989148875593222 ) ) ;
#4781 = ORIENTED_EDGE ( 'NONE', *, *, #5008, .T. ) ;
#4782 = CARTESIAN_POINT ( 'NONE',  ( -23.35640644409219391, 23.39305573426274520, 0.3382738142175024665 ) ) ;
#4783 = AXIS2_PLACEMENT_3D ( 'NONE', #4928, #7155, #967 ) ;
#4784 = CARTESIAN_POINT ( 'NONE',  ( 23.57450913762046341, 23.72314563405421950, 0.1085675247536536103 ) ) ;
#4785 = DIRECTION ( 'NONE',  ( -0.000000000000000000, 1.000000000000000000, -0.000000000000000000 ) ) ;
#4786 = CARTESIAN_POINT ( 'NONE',  ( -0.09586908800808885411, 23.47778461319441234, -23.58379438474771916 ) ) ;
#4787 = CARTESIAN_POINT ( 'NONE',  ( -25.06157588768335742, 10.45993978723319628, 0.02974795875825645558 ) ) ;
#4788 = CARTESIAN_POINT ( 'NONE',  ( -0.1198289981636005974, 21.70120331548387682, 23.54847734718411445 ) ) ;
#4789 = CARTESIAN_POINT ( 'NONE',  ( -0.06339883902287452022, 8.964771649252035957, -25.50815253437595942 ) ) ;
#4790 = VECTOR ( 'NONE', #3668, 1000.000000000000000 ) ;
#4791 = EDGE_CURVE ( 'NONE', #778, #2424, #3181, .T. ) ;
#4792 = CARTESIAN_POINT ( 'NONE',  ( 25.90291651894875358, 7.845746104613719574, 0.02173135385949908835 ) ) ;
#4793 = ORIENTED_EDGE ( 'NONE', *, *, #2485, .F. ) ;
#4794 = CARTESIAN_POINT ( 'NONE',  ( 23.39820358569991043, 16.69130124041688390, -0.5910919127927590777 ) ) ;
#4795 = CARTESIAN_POINT ( 'NONE',  ( 23.23329269685880050, 24.97958305779478039, 0.2814199272821832354 ) ) ;
#4796 = CARTESIAN_POINT ( 'NONE',  ( 0.0007846884607739292852, 25.20464819227115072, 23.69720670131704665 ) ) ;
#4797 = DIRECTION ( 'NONE',  ( 9.844555726168371426E-14, -1.000000000000000000, 0.000000000000000000 ) ) ;
#4798 = CARTESIAN_POINT ( 'NONE',  ( -25.53284583221775961, 7.605042625963259084, 0.2824637281016660895 ) ) ;
#4799 = VECTOR ( 'NONE', #3937, 1000.000000000000000 ) ;
#4800 = CARTESIAN_POINT ( 'NONE',  ( 0.02974795875851896088, 10.45993978723319628, 25.06157588768335742 ) ) ;
#4801 = CARTESIAN_POINT ( 'NONE',  ( 0.1994147536455436187, 7.383644459550672501, -25.76133341297214940 ) ) ;
#4802 = AXIS2_PLACEMENT_3D ( 'NONE', #3329, #1223, #2857 ) ;
#4803 = CARTESIAN_POINT ( 'NONE',  ( 26.24270749816757942, 6.816285461698435633, -0.03297358854785829158 ) ) ;
#4804 = CARTESIAN_POINT ( 'NONE',  ( 23.45140338231267307, 19.61511158203591521, -0.3413180938436253808 ) ) ;
#4805 = CARTESIAN_POINT ( 'NONE',  ( 0.01501741418487288239, 24.81789373551659850, -23.67311588333173589 ) ) ;
#4806 = CARTESIAN_POINT ( 'NONE',  ( 0.09960006363728340917, 19.63464808783362159, -23.59721802454306427 ) ) ;
#4807 = FACE_BOUND ( 'NONE', #2502, .T. ) ;
#4808 = CARTESIAN_POINT ( 'NONE',  ( -0.7992057170876754046, 7.756297124538613197, 24.26379220751944032 ) ) ;
#4809 = AXIS2_PLACEMENT_3D ( 'NONE', #3506, #5287, #4741 ) ;
#4810 = CARTESIAN_POINT ( 'NONE',  ( 0.4708034430698883610, 25.15185193772995476, 22.86997759403604746 ) ) ;
#4811 = CARTESIAN_POINT ( 'NONE',  ( 0.6411008583727134669, 12.04996996080262583, 24.03177975969871838 ) ) ;
#4812 = ORIENTED_EDGE ( 'NONE', *, *, #6498, .F. ) ;
#4813 = CARTESIAN_POINT ( 'NONE',  ( -26.22543059861294168, 7.000345051182263134, -0.08257528058629437506 ) ) ;
#4814 = CARTESIAN_POINT ( 'NONE',  ( -22.99458294516665902, 19.10681591408281221, -1.048733986999105916 ) ) ;
#4815 = CARTESIAN_POINT ( 'NONE',  ( -0.7314562217504689823, 11.55582631037418828, -23.91588333727812810 ) ) ;
#4816 = DIRECTION ( 'NONE',  ( 0.000000000000000000, 0.000000000000000000, -1.000000000000000000 ) ) ;
#4817 = CARTESIAN_POINT ( 'NONE',  ( -0.4695522891901231510, 6.979657295568593156, 25.17810325050105291 ) ) ;
#4818 = CARTESIAN_POINT ( 'NONE',  ( -22.90310444842240400, 21.02409769357854685, -0.6643447106884683429 ) ) ;
#4819 = ORIENTED_EDGE ( 'NONE', *, *, #4460, .F. ) ;
#4820 = CARTESIAN_POINT ( 'NONE',  ( -23.50244724736472079, 24.25975402033058259, 0.2361263298704481539 ) ) ;
#4821 = CARTESIAN_POINT ( 'NONE',  ( -23.68949342589750984, 25.21912157085271033, -0.05717511311109613192 ) ) ;
#4822 = CARTESIAN_POINT ( 'NONE',  ( -26.19938379298429254, 7.046335592041526930, -0.04121626037786669389 ) ) ;
#4823 = CARTESIAN_POINT ( 'NONE',  ( -0.03207997574862095358, 24.81726257688235293, -23.67077533287646673 ) ) ;
#4824 = CARTESIAN_POINT ( 'NONE',  ( -25.06152838072332045, 10.45993285677161033, -0.03464917751433727044 ) ) ;
#4825 = CARTESIAN_POINT ( 'NONE',  ( -0.09885879733173222328, 21.11250645534334325, 23.56279363098968815 ) ) ;
#4826 = CARTESIAN_POINT ( 'NONE',  ( 0.0007686327780783109784, 8.343175382773168280, -25.72809820416398452 ) ) ;
#4827 = CARTESIAN_POINT ( 'NONE',  ( 24.75208960447208284, 7.821734783775267097, 0.5973345771119751291 ) ) ;
#4828 = ORIENTED_EDGE ( 'NONE', *, *, #3245, .T. ) ;
#4829 = CARTESIAN_POINT ( 'NONE',  ( 23.59913222094234797, 15.15885069358755111, -0.5835193096642671273 ) ) ;
#4830 = CARTESIAN_POINT ( 'NONE',  ( 23.46113338263807790, 24.27291300266146123, -0.2002602696614662614 ) ) ;
#4831 = DIRECTION ( 'NONE',  ( 0.000000000000000000, -1.000000000000000000, 0.000000000000000000 ) ) ;
#4832 = CARTESIAN_POINT ( 'NONE',  ( 23.71344962850086091, 25.33192265492968787, -0.02149684296148271848 ) ) ;
#4833 = CARTESIAN_POINT ( 'NONE',  ( -24.59174748402944743, 7.800247023771017751, -0.6646135873385207171 ) ) ;
#4834 = CARTESIAN_POINT ( 'NONE',  ( -2.227581944645035117E-05, 25.20458595688074865, 23.69720220672815714 ) ) ;
#4835 = CARTESIAN_POINT ( 'NONE',  ( 0.7985068872336161805, 11.53846078592891722, 23.78629348847975677 ) ) ;
#4836 = ADVANCED_FACE ( 'NONE', ( #2921 ), #6787, .F. ) ;
#4837 = CARTESIAN_POINT ( 'NONE',  ( -0.09696863167148851714, 7.408291736821134066, -25.94523758809777192 ) ) ;
#4838 = CARTESIAN_POINT ( 'NONE',  ( 24.56264182084950676, 6.693162885244642979, -0.7314763317369387119 ) ) ;
#4839 = CARTESIAN_POINT ( 'NONE',  ( 23.01873576310480374, 21.03960430286505101, -0.5977788072837079136 ) ) ;
#4840 = CARTESIAN_POINT ( 'NONE',  ( -0.002012979775158585567, 25.10763612422069357, -23.68986692563666807 ) ) ;
#4841 = CARTESIAN_POINT ( 'NONE',  ( -25.52577222401211188, 6.822226924765447009, 0.3430896639193942721 ) ) ;
#4842 = CARTESIAN_POINT ( 'NONE',  ( 0.002910887743664117722, 21.11430204136612687, -23.57618642723625868 ) ) ;
#4843 = CARTESIAN_POINT ( 'NONE',  ( -21.56101271475018777, 15.19481306604519233, 0.1345056672962346433 ) ) ;
#4844 = CARTESIAN_POINT ( 'NONE',  ( -0.6646135873382630344, 7.800247023771017751, 24.59174748402945454 ) ) ;
#4845 = CARTESIAN_POINT ( 'NONE',  ( 0.1182724054666824953, 25.02060377432554716, 23.53937242056545642 ) ) ;
#4846 = CARTESIAN_POINT ( 'NONE',  ( 0.004692443465737686399, 7.292809587670484817, 26.11314858699111952 ) ) ;
#4847 = CARTESIAN_POINT ( 'NONE',  ( -23.52341761379409846, 24.39513270861641914, -0.4273403504259001839 ) ) ;
#4848 = CARTESIAN_POINT ( 'NONE',  ( -23.28009495834848863, 19.07495178227902244, -0.5171337643958523467 ) ) ;
#4849 = CARTESIAN_POINT ( 'NONE',  ( 0.4700747451368416097, 10.39981328522302917, -24.61293102299649149 ) ) ;
#4850 = CARTESIAN_POINT ( 'NONE',  ( -1.126383059419699517, 16.66597000379507065, -23.10713428314490514 ) ) ;
#4851 = CARTESIAN_POINT ( 'NONE',  ( -0.09599728122212698722, 6.994313955994519105, 26.04870168238811701 ) ) ;
#4852 = CARTESIAN_POINT ( 'NONE',  ( -22.67725751682358748, 23.35629451691783132, -0.6639655575440051027 ) ) ;
#4853 = EDGE_LOOP ( 'NONE', ( #3893, #5714, #5010, #1287 ) ) ;
#4854 = CARTESIAN_POINT ( 'NONE',  ( -23.46488273314199802, 22.56128296794981125, 0.2248177950744819353 ) ) ;
#4855 = CARTESIAN_POINT ( 'NONE',  ( -25.88957437681456142, 3.760367054716749813, 3.170558439185328627E-15 ) ) ;
#4856 = CARTESIAN_POINT ( 'NONE',  ( -23.69159975202583368, 25.12465619924603288, -0.001863979039653156609 ) ) ;
#4857 = DIRECTION ( 'NONE',  ( 0.000000000000000000, 0.000000000000000000, 1.000000000000000000 ) ) ;
#4858 = CARTESIAN_POINT ( 'NONE',  ( 0.6639591169783983782, 25.09541457462836789, -22.44890342367205349 ) ) ;
#4859 = CARTESIAN_POINT ( 'NONE',  ( -23.46369897365991974, 13.64933669457077947, 0.7983053069784066258 ) ) ;
#4860 = CARTESIAN_POINT ( 'NONE',  ( -0.2822403039508553646, 8.298244886780153706, -25.39279819417152950 ) ) ;
#4861 = CARTESIAN_POINT ( 'NONE',  ( 25.47224868937158604, 7.918244825797766673, 0.2814889772564486692 ) ) ;
#4862 = CARTESIAN_POINT ( 'NONE',  ( -0.004820486983035486908, 7.293791222416988518, 26.11277337039851787 ) ) ;
#4863 = CARTESIAN_POINT ( 'NONE',  ( 22.96233553670034411, 24.20606409952762306, 0.4692758335300937778 ) ) ;
#4864 = ORIENTED_EDGE ( 'NONE', *, *, #416, .F. ) ;
#4865 = CARTESIAN_POINT ( 'NONE',  ( -5.213530464874319037, 21.71383033581603073, 13.53030303030302939 ) ) ;
#4866 = CARTESIAN_POINT ( 'NONE',  ( -24.44306720110426312, 7.650107997519039138, -0.7319171847085298444 ) ) ;
#4867 = CARTESIAN_POINT ( 'NONE',  ( -0.001755972117931322652, 7.188352224592300388, 26.15002701566854526 ) ) ;
#4868 = CARTESIAN_POINT ( 'NONE',  ( -0.002541269436820419326, 10.46024511278794300, 25.06385640671737391 ) ) ;
#4869 = CARTESIAN_POINT ( 'NONE',  ( -0.06484628172098032273, 7.259081821583989402, -26.04749942057234691 ) ) ;
#4870 = B_SPLINE_CURVE_WITH_KNOTS ( 'NONE', 3,
 ( #2247, #6690, #2175, #1083 ),
 .UNSPECIFIED., .F., .F.,
 ( 4, 4 ),
 ( 0.000000000000000000, 1.000000000000000000 ),
 .UNSPECIFIED. ) ;
#4871 = CARTESIAN_POINT ( 'NONE',  ( 26.16690640421305503, 6.806127769636349356, -0.06512086230257733976 ) ) ;
#4872 = CARTESIAN_POINT ( 'NONE',  ( 23.42133566046036819, 18.12861186314970396, -0.4690681141497090034 ) ) ;
#4873 = CARTESIAN_POINT ( 'NONE',  ( 2.227582001418953908E-05, 25.20458595692225146, -23.69720220673127997 ) ) ;
#4874 = CARTESIAN_POINT ( 'NONE',  ( -24.57200460325617897, 6.592403571180405208, 0.7314581319488980826 ) ) ;
#4875 = CARTESIAN_POINT ( 'NONE',  ( 0.02437916582252441441, 21.11422643021546719, -23.57562360315677097 ) ) ;
#4876 = FACE_BOUND ( 'NONE', #2647, .T. ) ;
#4877 = CARTESIAN_POINT ( 'NONE',  ( 0.5977700731068505968, 7.823184962610612914, 24.76283304147921882 ) ) ;
#4878 = CARTESIAN_POINT ( 'NONE',  ( -0.2814245773439103537, 25.19655619810600200, 23.20362005602302702 ) ) ;
#4879 = CARTESIAN_POINT ( 'NONE',  ( 0.1501371728640465697, 7.062205948120303667, 26.19000694984691080 ) ) ;
#4880 = CARTESIAN_POINT ( 'NONE',  ( 24.36794800997197186, 10.36698241801164855, 0.5975553476351161963 ) ) ;
#4881 = ADVANCED_FACE ( 'NONE', ( #5690 ), #5137, .F. ) ;
#4882 = DIRECTION ( 'NONE',  ( -0.000000000000000000, 1.000000000000000000, -0.000000000000000000 ) ) ;
#4883 = CARTESIAN_POINT ( 'NONE',  ( -0.03847484580377097396, 25.25232317040949681, -23.69649673120672162 ) ) ;
#4884 = CARTESIAN_POINT ( 'NONE',  ( -0.01891912887470127008, 10.46009562748962374, -25.06273951076826023 ) ) ;
#4885 = CARTESIAN_POINT ( 'NONE',  ( -0.2760198602103463017, 24.96068686661687863, -23.63467680022145956 ) ) ;
#4886 = CARTESIAN_POINT ( 'NONE',  ( 0.02210988025665421713, 6.915684363934081702, 26.22319372678777682 ) ) ;
#4887 = CARTESIAN_POINT ( 'NONE',  ( -23.54847734718411445, 21.70120331548387682, -0.1198289981638472473 ) ) ;
#4888 = ORIENTED_EDGE ( 'NONE', *, *, #720, .T. ) ;
#4889 = CARTESIAN_POINT ( 'NONE',  ( -25.76155748117423272, 7.850777274517499293, 0.2188975523864094275 ) ) ;
#4890 = CARTESIAN_POINT ( 'NONE',  ( -21.56101358870575879, 15.19481306604519766, -0.1343655007813095714 ) ) ;
#4891 = CARTESIAN_POINT ( 'NONE',  ( 0.8657638164423879790, 21.46466621256615070, -23.10427238838780184 ) ) ;
#4892 = CARTESIAN_POINT ( 'NONE',  ( -26.19327994679771265, 7.076015500994105700, -0.0003784970566110371928 ) ) ;
#4893 = CARTESIAN_POINT ( 'NONE',  ( 0.5967776454831197341, 24.67990405432716372, -22.64581612179543768 ) ) ;
#4894 = CARTESIAN_POINT ( 'NONE',  ( -23.57939605523888105, 13.66482765273153177, -0.7322356088714576661 ) ) ;
#4895 = CARTESIAN_POINT ( 'NONE',  ( 0.4697250766324923554, 8.881839004011396810, -24.88932525466842449 ) ) ;
#4896 = CARTESIAN_POINT ( 'NONE',  ( 25.65952456137036819, 8.333984918277501208, 0.1182381007558665764 ) ) ;
#4897 = CARTESIAN_POINT ( 'NONE',  ( -0.08890389185293028074, 8.481216589637401881, 25.64039929144560759 ) ) ;
#4898 = CARTESIAN_POINT ( 'NONE',  ( 22.89780287096162326, 24.93463123529639702, -0.4707994269269588083 ) ) ;
#4899 = VERTEX_POINT ( 'NONE', #2309 ) ;
#4900 = CARTESIAN_POINT ( 'NONE',  ( -7.602121311033204387E-05, 7.097770024547210177, -26.18490495129216100 ) ) ;
#4901 = CARTESIAN_POINT ( 'NONE',  ( -24.15180321611011749, 8.783002064069046710, -0.7990967170927659735 ) ) ;
#4902 = CARTESIAN_POINT ( 'NONE',  ( 25.87143174339510310, 7.636739547261788275, 0.3894423029772077771 ) ) ;
#4903 = CARTESIAN_POINT ( 'NONE',  ( -0.09851133894658185841, 10.45781649795546997, 25.04573980795824895 ) ) ;
#4904 = AXIS2_PLACEMENT_3D ( 'NONE', #3123, #3160, #6580 ) ;
#4905 = CARTESIAN_POINT ( 'NONE',  ( 25.97798732127465016, 7.086853530660539136, -0.1185924283782102961 ) ) ;
#4906 = VERTEX_POINT ( 'NONE', #4526 ) ;
#4907 = CARTESIAN_POINT ( 'NONE',  ( 23.60788393284174802, 19.63607853115697210, -0.02863498017630983911 ) ) ;
#4908 = AXIS2_PLACEMENT_3D ( 'NONE', #2934, #6828, #1840 ) ;
#4909 = CARTESIAN_POINT ( 'NONE',  ( 23.67547292985463869, 24.85281979411480791, -0.01175736521503399981 ) ) ;
#4910 = CARTESIAN_POINT ( 'NONE',  ( -25.46502155833874426, 7.181021407186446659, -0.3417757565392188779 ) ) ;
#4911 = CARTESIAN_POINT ( 'NONE',  ( -0.06111994879227727190, 19.63556755991841385, -23.60406882646835314 ) ) ;
#4912 = CARTESIAN_POINT ( 'NONE',  ( 0.1343655007811070945, 15.19481306604519055, -21.56101358870574813 ) ) ;
#4913 = CARTESIAN_POINT ( 'NONE',  ( -0.3420013636481448183, 8.281870156103428471, 25.27064706263974969 ) ) ;
#4914 = CARTESIAN_POINT ( 'NONE',  ( -0.3417890723233326655, 25.18055954971877597, 23.08425339872049875 ) ) ;
#4915 = AXIS2_PLACEMENT_3D ( 'NONE', #6164, #5069, #6820 ) ;
#4916 = CARTESIAN_POINT ( 'NONE',  ( 0.4421951836486882614, 9.817469510238902686, 24.84109556604276037 ) ) ;
#4917 = CARTESIAN_POINT ( 'NONE',  ( 24.73187845625376724, 11.66516968876923777, 0.03543477127225788670 ) ) ;
#4918 = ORIENTED_EDGE ( 'NONE', *, *, #1421, .T. ) ;
#4919 = CARTESIAN_POINT ( 'NONE',  ( 0.5917704747524789033, 16.73757962581873215, -23.39558231755970397 ) ) ;
#4920 = CARTESIAN_POINT ( 'NONE',  ( -0.0005225304995750996041, 25.22535475268272975, -23.69877332468425735 ) ) ;
#4921 = CIRCLE ( 'NONE', #6086, 2.000000000000000000 ) ;
#4922 = CARTESIAN_POINT ( 'NONE',  ( 0.7319923400097780863, 11.55514263682039378, -23.91087727775479266 ) ) ;
#4923 = CARTESIAN_POINT ( 'NONE',  ( -0.07677127596672513044, 25.29851411751397094, -23.70617843559350746 ) ) ;
#4924 = CARTESIAN_POINT ( 'NONE',  ( 0.06505011857928841290, 6.904346289261342307, 26.13858364563610692 ) ) ;
#4925 = CARTESIAN_POINT ( 'NONE',  ( -22.85343774873897615, 21.60805749035728951, -0.6642180460904110184 ) ) ;
#4926 = EDGE_CURVE ( 'NONE', #4541, #2940, #1897, .T. ) ;
#4927 = CARTESIAN_POINT ( 'NONE',  ( -25.63936261852868626, 8.485308167525349887, 0.09018190640252114754 ) ) ;
#4928 = CARTESIAN_POINT ( 'NONE',  ( -14.32435137758115395, 21.71383033581603073, -2.250101689166266183 ) ) ;
#4929 = CARTESIAN_POINT ( 'NONE',  ( -23.52560403136270040, 24.40676053691534619, -0.4247386158235651465 ) ) ;
#4930 = CARTESIAN_POINT ( 'NONE',  ( 0.9977827032064563451, 19.88604483321782723, 23.00859709409770204 ) ) ;
#4931 = CARTESIAN_POINT ( 'NONE',  ( 0.7311351224739455201, 24.85976331148095397, -22.33920008479090313 ) ) ;
#4932 =( BOUNDED_CURVE ( )  B_SPLINE_CURVE ( 2, ( #1867, #5288, #200 ),
 .UNSPECIFIED., .F., .T. ) 
 B_SPLINE_CURVE_WITH_KNOTS ( ( 3, 3 ),
 ( 0.000000000000000000, 1.000000000000000000 ),
 .UNSPECIFIED. ) 
 CURVE ( )  GEOMETRIC_REPRESENTATION_ITEM ( )  RATIONAL_B_SPLINE_CURVE ( ( 1.000000000000000000, 0.9954353892156494465, 1.000000000000000000 ) ) 
 REPRESENTATION_ITEM ( '' )  );
#4933 = CARTESIAN_POINT ( 'NONE',  ( -24.14080721091469073, 12.83537009432394882, -0.4707678675190932194 ) ) ;
#4934 = CARTESIAN_POINT ( 'NONE',  ( -0.03043292341713559057, 9.546163986693281700, -25.33089079982122982 ) ) ;
#4935 = CARTESIAN_POINT ( 'NONE',  ( 25.39414818111528405, 8.298420856662069411, 0.2816174734180814099 ) ) ;
#4936 = CARTESIAN_POINT ( 'NONE',  ( -3.475686976582879062, 21.71383033581603073, 14.52020202020202078 ) ) ;
#4937 = CARTESIAN_POINT ( 'NONE',  ( 23.53937242056545642, 25.02060377432554716, -0.1182724054664359287 ) ) ;
#4938 = CARTESIAN_POINT ( 'NONE',  ( -23.50484789735948610, 24.29534414778382256, 0.4489202084637677337 ) ) ;
#4939 = CARTESIAN_POINT ( 'NONE',  ( -23.70617828429515583, 25.29851411751397094, -0.07681798113157257968 ) ) ;
#4940 = CARTESIAN_POINT ( 'NONE',  ( -25.68663932477257461, 8.337620400670626708, 0.09634253652242226462 ) ) ;
#4941 = CARTESIAN_POINT ( 'NONE',  ( -0.6651793779586960831, 13.67995141347569721, 23.69224859034770603 ) ) ;
#4942 = CARTESIAN_POINT ( 'NONE',  ( 0.4695532098162140122, 7.139710586857447971, -25.15675923921716262 ) ) ;
#4943 = CARTESIAN_POINT ( 'NONE',  ( 24.38428718697385378, 6.771276478918072605, -0.7983603575096653859 ) ) ;
#4944 = CARTESIAN_POINT ( 'NONE',  ( 23.55432618607513007, 22.58791042971521890, 0.1192620750392233281 ) ) ;
#4945 = CARTESIAN_POINT ( 'NONE',  ( 23.20101301188922349, 22.22447193262073029, -0.4652968195882091762 ) ) ;
#4946 = CARTESIAN_POINT ( 'NONE',  ( -26.04749942057234691, 7.259081821583989402, 0.06484628172088936771 ) ) ;
#4947 = CARTESIAN_POINT ( 'NONE',  ( -0.2817938534324986311, 22.56866816342322579, -23.41070983137122852 ) ) ;
#4948 = DIRECTION ( 'NONE',  ( 0.000000000000000000, 0.000000000000000000, -1.000000000000000000 ) ) ;
#4949 = CARTESIAN_POINT ( 'NONE',  ( 0.03151080081406053279, 8.342590260824234605, 25.72372978188224124 ) ) ;
#4950 = CARTESIAN_POINT ( 'NONE',  ( 0.02131748751142140824, 24.81931355803132533, 23.68608092101314000 ) ) ;
#4951 = CARTESIAN_POINT ( 'NONE',  ( 14.31270730586851947, 16.71383033581603073, -4.250067792777505460 ) ) ;
#4952 = CARTESIAN_POINT ( 'NONE',  ( 24.23004988417485706, 13.75202879239702014, -0.1973978791991843340 ) ) ;
#4953 = ORIENTED_EDGE ( 'NONE', *, *, #665, .F. ) ;
#4954 = CARTESIAN_POINT ( 'NONE',  ( 0.2253960003172079396, 7.174808640710924834, -26.12614059053203164 ) ) ;
#4955 = CARTESIAN_POINT ( 'NONE',  ( 0.0002590312131847336539, 25.24489519135997284, -23.70041021880211929 ) ) ;
#4956 = CARTESIAN_POINT ( 'NONE',  ( 0.4711630411554650899, 15.47833488179401229, -23.70592095676091660 ) ) ;
#4957 = CARTESIAN_POINT ( 'NONE',  ( -0.06445335153004504158, 24.19919223856504331, -23.61786103646780433 ) ) ;
#4958 = CARTESIAN_POINT ( 'NONE',  ( 0.03285360840105028962, 6.913097474779760887, 26.20388907329695627 ) ) ;
#4959 = CARTESIAN_POINT ( 'NONE',  ( -22.64856650640185975, 22.46653859895923233, 0.7322586155175727640 ) ) ;
#4960 = CARTESIAN_POINT ( 'NONE',  ( -0.06692665465208580411, 21.11359497120509943, 23.57091429477132039 ) ) ;
#4961 = CARTESIAN_POINT ( 'NONE',  ( -26.12026480919359983, 7.186941161973268599, 0.1001974618254539012 ) ) ;
#4962 = CARTESIAN_POINT ( 'NONE',  ( 23.66326563167473651, 25.09297637720811736, 0.09528876224601712241 ) ) ;
#4963 = CARTESIAN_POINT ( 'NONE',  ( 0.8528086932338569959, 10.50188975061208652, -24.54722262625880802 ) ) ;
#4964 = CARTESIAN_POINT ( 'NONE',  ( 0.1368521354704106685, 24.91318479893661220, 23.62666754681645642 ) ) ;
#4965 = CARTESIAN_POINT ( 'NONE',  ( 0.4692706496253414294, 24.71348888436193647, -22.89642537398413680 ) ) ;
#4966 = CARTESIAN_POINT ( 'NONE',  ( -23.71602885648925962, 12.77844399097735639, -0.7321455638238701935 ) ) ;
#4967 = CARTESIAN_POINT ( 'NONE',  ( 0.09828339917705616879, 10.12560543151594672, -25.13907732320949862 ) ) ;
#4968 = CARTESIAN_POINT ( 'NONE',  ( 25.59697062184812211, 8.716245063672010573, 0.03324287230382817759 ) ) ;
#4969 = ADVANCED_FACE ( 'NONE', ( #1761 ), #6269, .F. ) ;
#4970 = CARTESIAN_POINT ( 'NONE',  ( 23.24794549383066311, 24.98155159400170433, -0.2825129210564778504 ) ) ;
#4971 = VERTEX_POINT ( 'NONE', #5722 ) ;
#4972 = DIRECTION ( 'NONE',  ( 0.000000000000000000, 0.000000000000000000, 1.000000000000000000 ) ) ;
#4973 = CARTESIAN_POINT ( 'NONE',  ( -25.71269032620111972, 8.341111166715036163, 0.06396187914466995583 ) ) ;
#4974 = CARTESIAN_POINT ( 'NONE',  ( 0.7311975928876985886, 13.66507254661889270, 23.58112784267964912 ) ) ;
#4975 = CARTESIAN_POINT ( 'NONE',  ( -0.7984384350173290290, 7.193905463350514395, -24.34539293726740894 ) ) ;
#4976 = CARTESIAN_POINT ( 'NONE',  ( 26.14521383683624478, 7.109261950634377492, 0.03169431411369950935 ) ) ;
#4977 = CARTESIAN_POINT ( 'NONE',  ( 23.56915099880709263, 21.70397497097093620, -0.01888140304100335842 ) ) ;
#4978 = CARTESIAN_POINT ( 'NONE',  ( 23.68627303596090172, 25.03488751901492648, -0.003491724418230022532 ) ) ;
#4979 = CARTESIAN_POINT ( 'NONE',  ( -25.16393785211686307, 7.140680814674108312, 0.4704095326246690578 ) ) ;
#4980 = CARTESIAN_POINT ( 'NONE',  ( 0.4695306150287400504, 22.53082631951395953, -23.12837455972183776 ) ) ;
#4981 = CARTESIAN_POINT ( 'NONE',  ( -0.2270629802966495914, 7.177876623616355367, 26.12441072919856921 ) ) ;
#4982 = CARTESIAN_POINT ( 'NONE',  ( -0.001350538653741392486, 8.966296938952400097, 25.51953882336567503 ) ) ;
#4983 = CARTESIAN_POINT ( 'NONE',  ( 0.5983363358215479932, 25.33293871581534518, 22.57250447550705275 ) ) ;
#4984 = CARTESIAN_POINT ( 'NONE',  ( 23.41733338334115899, 23.81309841427913554, -0.5498994020002753169 ) ) ;
#4985 = CARTESIAN_POINT ( 'NONE',  ( 23.71602885648925962, 12.77844399097735639, 0.7321455638238701935 ) ) ;
#4986 = EDGE_LOOP ( 'NONE', ( #5199, #4819, #6927, #4174, #6833 ) ) ;
#4987 = CARTESIAN_POINT ( 'NONE',  ( -5.932638115201810614, 16.71383033581603073, 15.39655172413793238 ) ) ;
#4988 = CARTESIAN_POINT ( 'NONE',  ( -23.64932105186580813, 24.52670492662048218, 0.03480323969618941138 ) ) ;
#4989 = CARTESIAN_POINT ( 'NONE',  ( 0.4709592216941479448, 13.71885972072038662, -23.98257847077284310 ) ) ;
#4990 = CARTESIAN_POINT ( 'NONE',  ( -0.4249700576917477823, 24.40306886185330626, -23.52492024328127940 ) ) ;
#4991 = CARTESIAN_POINT ( 'NONE',  ( 0.3430125216114452424, 7.340661252397555181, 25.44054755371731247 ) ) ;
#4992 = CARTESIAN_POINT ( 'NONE',  ( -23.57063454039415262, 21.70417358983301170, -0.002577275292229718254 ) ) ;
#4993 = CARTESIAN_POINT ( 'NONE',  ( 0.09524634452467208023, 22.58948291319801882, 23.56604639035683491 ) ) ;
#4994 = CARTESIAN_POINT ( 'NONE',  ( -26.06902831570288015, 7.409607887823350225, 0.009667054950328034593 ) ) ;
#4995 = CARTESIAN_POINT ( 'NONE',  ( 0.000000000000000000, 23.71383033581603073, 0.000000000000000000 ) ) ;
#4996 = PLANE ( 'NONE',  #508 ) ;
#4997 = CARTESIAN_POINT ( 'NONE',  ( 0.1080405059697175096, 23.71733800608678067, 23.57526961855929315 ) ) ;
#4998 = CARTESIAN_POINT ( 'NONE',  ( -0.03250801582930105266, 25.48080806115873997, -23.67597591795440692 ) ) ;
#4999 = CARTESIAN_POINT ( 'NONE',  ( -23.98092176398385789, 13.71864594227311684, 0.4689620732071723141 ) ) ;
#5000 = CARTESIAN_POINT ( 'NONE',  ( 0.7990717116023620115, 9.972956944944815660, -24.00002564932004745 ) ) ;
#5001 = CARTESIAN_POINT ( 'NONE',  ( 24.28845832768413970, 7.759616585129375466, -0.7985204854960182841 ) ) ;
#5002 = CARTESIAN_POINT ( 'NONE',  ( 22.54917995052770152, 25.32980256659012497, 0.5968273337835272585 ) ) ;
#5003 = ORIENTED_EDGE ( 'NONE', *, *, #2255, .T. ) ;
#5004 = DIRECTION ( 'NONE',  ( 0.000000000000000000, 0.000000000000000000, 1.000000000000000000 ) ) ;
#5005 = CARTESIAN_POINT ( 'NONE',  ( -25.39414818111528405, 8.298420856662069411, -0.2816174734180814099 ) ) ;
#5006 = CARTESIAN_POINT ( 'NONE',  ( -0.3439747140912915446, 13.73751895103514542, 24.12180956079028604 ) ) ;
#5007 = CARTESIAN_POINT ( 'NONE',  ( 0.7992565458796294653, 7.439107150521222067, -24.29466854816677923 ) ) ;
#5008 = EDGE_CURVE ( 'NONE', #1003, #3850, #3638, .T. ) ;
#5009 = CARTESIAN_POINT ( 'NONE',  ( 25.81178068827549055, 7.064581185389246620, -0.2006165502680560819 ) ) ;
#5010 = ORIENTED_EDGE ( 'NONE', *, *, #4387, .F. ) ;
#5011 = CARTESIAN_POINT ( 'NONE',  ( 23.41996913884075937, 23.82847848601307916, -0.5470769471609143730 ) ) ;
#5012 = CARTESIAN_POINT ( 'NONE',  ( -26.20138836287098272, 7.116790085332270088, 0.0006661943232603943083 ) ) ;
#5013 = AXIS2_PLACEMENT_3D ( 'NONE', #6747, #4316, #3984 ) ;
#5014 = CARTESIAN_POINT ( 'NONE',  ( -0.7321187404411677591, 21.59203070293632365, -22.73375096124739514 ) ) ;
#5015 = CARTESIAN_POINT ( 'NONE',  ( 14.31270730586851947, 16.71383033581603073, -4.250067792777505460 ) ) ;
#5016 = CARTESIAN_POINT ( 'NONE',  ( 0.5977646322410535840, 8.206876238216345598, 24.71096407540567697 ) ) ;
#5017 = CARTESIAN_POINT ( 'NONE',  ( -0.1187124611591600237, 6.789564197247507593, -26.04330178254714667 ) ) ;
#5018 = AXIS2_PLACEMENT_3D ( 'NONE', #1603, #6588, #2690 ) ;
#5019 = CARTESIAN_POINT ( 'NONE',  ( 25.77896786744923574, 7.810680442199109841, -0.4319266902695341748 ) ) ;
#5020 = CARTESIAN_POINT ( 'NONE',  ( 24.44248136399897575, 12.87580186854659381, -0.09337111069341998137 ) ) ;
#5021 = ORIENTED_EDGE ( 'NONE', *, *, #6887, .T. ) ;
#5022 = CARTESIAN_POINT ( 'NONE',  ( 0.6410707184545602066, 12.04237212266873591, -24.03397217374076078 ) ) ;
#5023 = CARTESIAN_POINT ( 'NONE',  ( -14.28941916244323451, 21.71383033581603073, -8.250000000000007105 ) ) ;
#5024 = CARTESIAN_POINT ( 'NONE',  ( -0.06062956533875148157, 13.75793929343396726, -24.27416431861681900 ) ) ;
#5025 = CARTESIAN_POINT ( 'NONE',  ( -0.3808134625787702454, 24.59356507458431906, -23.56128532351970151 ) ) ;
#5026 = CARTESIAN_POINT ( 'NONE',  ( -0.7319763554010951800, 7.212999368964143621, 24.48797601793901535 ) ) ;
#5027 = CARTESIAN_POINT ( 'NONE',  ( -22.77536537653613280, 23.66475014230399054, -0.5967986671562374168 ) ) ;
#5028 = ADVANCED_FACE ( 'NONE', ( #5174 ), #4737, .F. ) ;
#5029 = CARTESIAN_POINT ( 'NONE',  ( -0.7983607345597723004, 22.44745867395108974, 22.50628785444254021 ) ) ;
#5030 = CARTESIAN_POINT ( 'NONE',  ( -25.49187800468450860, 8.378942259236966450, 0.2855753081132131332 ) ) ;
#5031 = CARTESIAN_POINT ( 'NONE',  ( -24.89130867420701421, 6.635181317016114022, -0.5974153998773459318 ) ) ;
#5032 = CARTESIAN_POINT ( 'NONE',  ( 0.2755822876913014974, 24.96336266408555815, -23.63522291397731578 ) ) ;
#5033 = CARTESIAN_POINT ( 'NONE',  ( 0.003491724418542780598, 25.03488751901561216, 23.68627303596091593 ) ) ;
#5034 = CARTESIAN_POINT ( 'NONE',  ( 0.09628118916911600211, 25.46354723706023648, -23.54718016895767363 ) ) ;
#5035 = CARTESIAN_POINT ( 'NONE',  ( -23.97994836036048127, 15.51506119226606728, 0.02784051138381811105 ) ) ;
#5036 = CARTESIAN_POINT ( 'NONE',  ( -0.04121626037769379747, 7.046335592041539364, 26.19938379298422859 ) ) ;
#5037 = EDGE_CURVE ( 'NONE', #2225, #5189, #4218, .T. ) ;
#5038 = AXIS2_PLACEMENT_3D ( 'NONE', #1940, #5176, #816 ) ;
#5039 = CARTESIAN_POINT ( 'NONE',  ( -0.1990883870646351639, 10.11728527487231055, -25.07697099557669418 ) ) ;
#5040 = CARTESIAN_POINT ( 'NONE',  ( 24.71096407540568407, 8.206876238216345598, -0.5977646322407947910 ) ) ;
#5041 = CARTESIAN_POINT ( 'NONE',  ( 23.12433266207322902, 25.18593650327541056, -0.3432028262342284308 ) ) ;
#5042 = CARTESIAN_POINT ( 'NONE',  ( 25.33951835331501812, 8.680779457202834948, 0.6045928000561734406 ) ) ;
#5043 = CYLINDRICAL_SURFACE ( 'NONE', #2937, 4.000000000000000000 ) ;
#5044 = CARTESIAN_POINT ( 'NONE',  ( -24.55845388342691393, 8.186439197229763209, 0.6647077756578542163 ) ) ;
#5045 = CARTESIAN_POINT ( 'NONE',  ( -0.4709592216939804676, 13.71885972072038662, 23.98257847077284666 ) ) ;
#5046 = CARTESIAN_POINT ( 'NONE',  ( -0.03238856928781511102, 7.480291171924965177, -26.02807157606858723 ) ) ;
#5047 = CARTESIAN_POINT ( 'NONE',  ( 24.71982978594271074, 6.816240791470421279, -0.6646172540300843146 ) ) ;
#5048 = ORIENTED_EDGE ( 'NONE', *, *, #6151, .F. ) ;
#5049 = CARTESIAN_POINT ( 'NONE',  ( -23.61664080684735723, 25.47285581942871246, -0.06406129334843385648 ) ) ;
#5050 = B_SPLINE_CURVE_WITH_KNOTS ( 'NONE', 3,
 ( #4731, #3711, #5862, #4805, #366, #4768, #5349, #7097, #877, #6367, #7062, #1390, #3097, #5314, #1967, #6990, #2003, #910, #3604, #5931, #5824, #5278, #946, #3169, #2587, #4221, #4185, #841, #3062, #6402, #298, #6957 ),
 .UNSPECIFIED., .F., .F.,
 ( 4, 2, 2, 2, 2, 2, 2, 2, 2, 2, 2, 2, 2, 2, 2, 4 ),
 ( 0.000000000000000000, 0.0002907825543963292003, 0.0005815651087926584006, 0.0008723476631889876551, 0.001163130217585316801, 0.002326260435170622327, 0.004652520870341233378, 0.006978781305511843128, 0.009305041740682454612, 0.01163130217585307130, 0.01395756261102368626, 0.01628382304619430468, 0.01744695326377961042, 0.01802851837257226156, 0.01831930092696858886, 0.01861008348136491616 ),
 .UNSPECIFIED. ) ;
#5051 = CARTESIAN_POINT ( 'NONE',  ( 23.63603137294480661, 24.96723757409042577, -0.2734725013375685077 ) ) ;
#5052 = CARTESIAN_POINT ( 'NONE',  ( -24.69171395438543826, 7.077400607291192358, 0.6646466877048814448 ) ) ;
#5053 = CARTESIAN_POINT ( 'NONE',  ( 0.3422571739107798661, 22.55773933535131448, -23.32919724268692718 ) ) ;
#5054 = CARTESIAN_POINT ( 'NONE',  ( -0.05283591758117009429, 6.983718439250424126, -26.23498801618998399 ) ) ;
#5055 = CARTESIAN_POINT ( 'NONE',  ( -0.1185319555770668193, 8.709437250293211363, 25.54617475618757538 ) ) ;
#5056 = CARTESIAN_POINT ( 'NONE',  ( 0.03250801582946637874, 25.48080806115873997, 23.67597591795440692 ) ) ;
#5057 = CARTESIAN_POINT ( 'NONE',  ( 23.55930735354209915, 24.58336256469684500, -0.3832391131229871961 ) ) ;
#5058 = CARTESIAN_POINT ( 'NONE',  ( 24.45457240173828950, 12.87742150374782568, -0.01758781114572706070 ) ) ;
#5059 = ORIENTED_EDGE ( 'NONE', *, *, #3725, .F. ) ;
#5060 = CARTESIAN_POINT ( 'NONE',  ( 0.5851185683841539920, 15.18776507104492701, -23.59638190720865225 ) ) ;
#5061 = EDGE_CURVE ( 'NONE', #1683, #2960, #5145, .T. ) ;
#5062 = CARTESIAN_POINT ( 'NONE',  ( 24.08304215336032428, 12.91328289535122664, 0.4946284261069001098 ) ) ;
#5063 = CARTESIAN_POINT ( 'NONE',  ( 0.2023325026777514635, 12.87057321718419622, -24.40348331703820151 ) ) ;
#5064 = CARTESIAN_POINT ( 'NONE',  ( -0.02991134302594951333, 24.58861619597550430, -23.65530898040520213 ) ) ;
#5065 = CARTESIAN_POINT ( 'NONE',  ( 0.1185289463324258746, 7.245119668446132088, 25.94330717097858852 ) ) ;
#5066 = CARTESIAN_POINT ( 'NONE',  ( -23.03231597655863538, 23.69919299968157134, 0.4706671434322384218 ) ) ;
#5067 = CARTESIAN_POINT ( 'NONE',  ( -0.7311978055288420597, 22.46563041403369709, 22.64188509283391681 ) ) ;
#5068 = CARTESIAN_POINT ( 'NONE',  ( 10.36748586618364421, 21.71383033581603073, -12.83609118129356474 ) ) ;
#5069 = DIRECTION ( 'NONE',  ( -0.000000000000000000, 1.000000000000000000, -0.000000000000000000 ) ) ;
#5070 = CARTESIAN_POINT ( 'NONE',  ( -5.213530464874318149, 21.71383033581603073, 13.53030303030303116 ) ) ;
#5071 = DIRECTION ( 'NONE',  ( 0.000000000000000000, 0.000000000000000000, 1.000000000000000000 ) ) ;
#5072 = CARTESIAN_POINT ( 'NONE',  ( -0.5983363358213903416, 25.33293871581534518, -22.57250447550705630 ) ) ;
#5073 = CARTESIAN_POINT ( 'NONE',  ( -23.68277370017940697, 18.16364155095825694, -0.1213641654455773072 ) ) ;
#5074 = CARTESIAN_POINT ( 'NONE',  ( 23.44809364413774944, 14.32694161037680480, 1.105849089789011197 ) ) ;
#5075 = CARTESIAN_POINT ( 'NONE',  ( 25.15915380318402228, 10.12829668672545402, 0.002304135630633738063 ) ) ;
#5076 = DIRECTION ( 'NONE',  ( 1.000000000000000000, 9.844555726168387834E-14, 1.263741062727219137E-26 ) ) ;
#5077 = CARTESIAN_POINT ( 'NONE',  ( 26.18489375013748344, 7.097796175136493524, 0.0006455624489083890008 ) ) ;
#5078 = DIRECTION ( 'NONE',  ( -0.000000000000000000, 1.000000000000000000, -0.000000000000000000 ) ) ;
#5079 = CARTESIAN_POINT ( 'NONE',  ( -25.02193347005049162, 9.504757882410084235, -0.3424031316378665091 ) ) ;
#5080 = CARTESIAN_POINT ( 'NONE',  ( -0.1213851572592202638, 13.75610517608761363, 24.26048961923096670 ) ) ;
#5081 = CARTESIAN_POINT ( 'NONE',  ( 0.7319403229370500252, 7.461657943228481749, -24.46294325631428634 ) ) ;
#5082 = CARTESIAN_POINT ( 'NONE',  ( 24.66677525960491835, 7.297871742612400681, -0.6646659889505595054 ) ) ;
#5083 = ORIENTED_EDGE ( 'NONE', *, *, #1770, .F. ) ;
#5084 = CARTESIAN_POINT ( 'NONE',  ( -23.66442441172602429, 25.25830997827281621, -0.03207763491567427322 ) ) ;
#5085 = CARTESIAN_POINT ( 'NONE',  ( 23.36156757488220492, 21.67615990685651184, -0.3421590756071435924 ) ) ;
#5086 = CARTESIAN_POINT ( 'NONE',  ( 25.33666765419396327, 8.686627342004991092, -0.6064795947446777191 ) ) ;
#5087 = CARTESIAN_POINT ( 'NONE',  ( -24.83484691313296366, 7.259494587317935732, 0.5977587612463250988 ) ) ;
#5088 = CARTESIAN_POINT ( 'NONE',  ( 0.000000000000000000, 16.71383033581603073, 16.50000000000000000 ) ) ;
#5089 = CARTESIAN_POINT ( 'NONE',  ( 0.09602384438377638276, 8.712363220357827842, 25.56799497996091475 ) ) ;
#5090 = CARTESIAN_POINT ( 'NONE',  ( 0.7323099508833469384, 25.29455928545811361, 22.28609973959540369 ) ) ;
#5091 = CARTESIAN_POINT ( 'NONE',  ( 14.28941916244324162, 21.71383033581603073, -8.249999999999998224 ) ) ;
#5092 = CARTESIAN_POINT ( 'NONE',  ( 24.44985489748445673, 12.87678857033263213, 0.06789099173964022182 ) ) ;
#5093 = ORIENTED_EDGE ( 'NONE', *, *, #3391, .F. ) ;
#5094 = CARTESIAN_POINT ( 'NONE',  ( 0.8632731172883694182, 21.48908594712216313, -23.10649251317205355 ) ) ;
#5095 = CARTESIAN_POINT ( 'NONE',  ( -0.4691539046247991118, 12.83516994896271868, -24.13925223729406255 ) ) ;
#5096 = CARTESIAN_POINT ( 'NONE',  ( -1.047313679752021942, 19.08876384652907632, -22.99459875241452167 ) ) ;
#5097 = CARTESIAN_POINT ( 'NONE',  ( 0.2825962066407533557, 7.041038621106310735, 25.63609539702203577 ) ) ;
#5098 = CARTESIAN_POINT ( 'NONE',  ( -23.58896912884171471, 23.77378415325585337, -0.09711754837729104362 ) ) ;
#5099 = CARTESIAN_POINT ( 'NONE',  ( 0.7322586155178099077, 22.46653859895923233, 22.64856650640185265 ) ) ;
#5100 = EDGE_CURVE ( 'NONE', #1714, #2771, #2435, .T. ) ;
#5101 = ORIENTED_EDGE ( 'NONE', *, *, #263, .F. ) ;
#5102 = CARTESIAN_POINT ( 'NONE',  ( -0.06057261048217661009, 7.077174889305080541, 26.18190632889922753 ) ) ;
#5103 = DIRECTION ( 'NONE',  ( 0.000000000000000000, -0.000000000000000000, 1.000000000000000000 ) ) ;
#5104 = CARTESIAN_POINT ( 'NONE',  ( 0.000000000000000000, 3.760367054716749813, 0.000000000000000000 ) ) ;
#5105 = CARTESIAN_POINT ( 'NONE',  ( 0.4273403504258097563, 24.39513270861644401, -23.52341761379410556 ) ) ;
#5106 = CARTESIAN_POINT ( 'NONE',  ( -0.2825398233235538736, 25.41653204599610660, -23.19631743016031677 ) ) ;
#5107 = CARTESIAN_POINT ( 'NONE',  ( -23.68084677802250937, 17.27152593204145603, -0.2840507634794702807 ) ) ;
#5108 = FACE_OUTER_BOUND ( 'NONE', #3649, .T. ) ;
#5109 = CARTESIAN_POINT ( 'NONE',  ( 24.89287003597264558, 10.09260947756568960, 0.3426400775269409782 ) ) ;
#5110 = CARTESIAN_POINT ( 'NONE',  ( 5.213530464874319037, 16.71383033581603073, 15.53030303030303116 ) ) ;
#5111 = CARTESIAN_POINT ( 'NONE',  ( 25.49376109765571385, 8.375182001899629469, 0.2840014197597453549 ) ) ;
#5112 = CARTESIAN_POINT ( 'NONE',  ( 0.05924213262017765519, 6.987384228921087903, -26.23288114606535260 ) ) ;
#5113 = CARTESIAN_POINT ( 'NONE',  ( -25.13907732320949862, 10.12560543151594672, -0.09828339917714393192 ) ) ;
#5114 = CARTESIAN_POINT ( 'NONE',  ( -0.02560035261693141551, 18.16597539994165800, 23.70018314824199379 ) ) ;
#5115 = CARTESIAN_POINT ( 'NONE',  ( 0.09647505127965445848, 7.836482721732975776, -25.83379594966923776 ) ) ;
#5116 = CARTESIAN_POINT ( 'NONE',  ( 24.81443405581525141, 7.317648187278075866, 0.5973541644162412290 ) ) ;
#5117 = ORIENTED_EDGE ( 'NONE', *, *, #999, .F. ) ;
#5118 = CARTESIAN_POINT ( 'NONE',  ( -23.70156137903226323, 25.48423663074794376, 0.02179375170299413522 ) ) ;
#5119 = B_SPLINE_CURVE_WITH_KNOTS ( 'NONE', 3,
 ( #2142, #6242, #2277, #643, #3476, #5695, #4062, #4902, #1294, #6719, #2860, #3954, #4360, #3509, #6582, #5074, #1597, #5254, #3037, #4670, #855, #4196, #4631, #2019, #5216, #1473, #3616, #2563, #2413, #5837, #1980, #6452, #6857, #3076, #4234, #6307 ),
 .UNSPECIFIED., .F., .F.,
 ( 4, 2, 2, 2, 2, 2, 2, 2, 2, 2, 2, 2, 2, 2, 2, 2, 2, 4 ),
 ( 3.659182332138577946E-19, 0.0001502355170192974112, 0.0003004710340385944429, 0.0006009420680771884521, 0.001201884136154369532, 0.002403768272308726920, 0.004807536544617435625, 0.007211304816926146499, 0.009615073089234855638, 0.01201884136154355437, 0.01442260963385225483, 0.01682637790616095183, 0.01802826204231530033, 0.01832873307635388832, 0.01862920411039247631, 0.01892967514443106430, 0.01907991066145036177, 0.01923014617846965230 ),
 .UNSPECIFIED. ) ;
#5120 = CARTESIAN_POINT ( 'NONE',  ( 23.60846631786816019, 23.48109028788651287, -0.03097909552087163218 ) ) ;
#5121 = CARTESIAN_POINT ( 'NONE',  ( 23.73667255958299549, 14.39925194136673703, -0.5633243312821811788 ) ) ;
#5122 = CARTESIAN_POINT ( 'NONE',  ( -25.58135728341061821, 7.359525451709994393, -0.2813262733457294051 ) ) ;
#5123 = DIRECTION ( 'NONE',  ( 0.000000000000000000, 0.000000000000000000, -1.000000000000000000 ) ) ;
#5124 = CARTESIAN_POINT ( 'NONE',  ( -0.09828339917688061478, 10.12560543151594672, 25.13907732320949862 ) ) ;
#5125 = CARTESIAN_POINT ( 'NONE',  ( 0.1183873143519824367, 25.45809825710686525, 23.50650461670884894 ) ) ;
#5126 = CYLINDRICAL_SURFACE ( 'NONE', #5379, 2.000000000000000000 ) ;
#5127 = CARTESIAN_POINT ( 'NONE',  ( 23.77815593830445806, 17.28456880317517275, -0.01715360442737938820 ) ) ;
#5128 = VERTEX_POINT ( 'NONE', #164 ) ;
#5129 = DIRECTION ( 'NONE',  ( 0.000000000000000000, 0.000000000000000000, 1.000000000000000000 ) ) ;
#5130 = CARTESIAN_POINT ( 'NONE',  ( 0.2840507634793876246, 17.27152593204145603, -23.68084677802250937 ) ) ;
#5131 = CARTESIAN_POINT ( 'NONE',  ( -0.9855172785955951253, 12.01937351305972612, -24.02683712735070642 ) ) ;
#5132 = CARTESIAN_POINT ( 'NONE',  ( -0.3417757565389521468, 7.181021407186446659, 25.46502155833874781 ) ) ;
#5133 = CARTESIAN_POINT ( 'NONE',  ( -22.44128804307341341, 24.13623713115205405, -0.7311051398592796069 ) ) ;
#5134 = CARTESIAN_POINT ( 'NONE',  ( 0.3425288425874903897, 22.55723498310291930, 23.32538888713891367 ) ) ;
#5135 = VECTOR ( 'NONE', #6207, 1000.000000000000000 ) ;
#5136 = CARTESIAN_POINT ( 'NONE',  ( -0.2358630026900815635, 24.26421460259359009, 23.50324899236632703 ) ) ;
#5137 = CYLINDRICAL_SURFACE ( 'NONE', #4915, 1.924999999999999600 ) ;
#5138 = AXIS2_PLACEMENT_3D ( 'NONE', #7054, #1595, #4797 ) ;
#5139 = CARTESIAN_POINT ( 'NONE',  ( 0.1514951594112563804, 7.063781540014312021, 26.18910706572274805 ) ) ;
#5140 = CARTESIAN_POINT ( 'NONE',  ( 2.571758278209441661E-15, 87.11079995548602994, 21.00000000000000000 ) ) ;
#5141 = CARTESIAN_POINT ( 'NONE',  ( 0.02145839090699078189, 25.25796426914146053, -23.66184395791256989 ) ) ;
#5142 = CARTESIAN_POINT ( 'NONE',  ( -23.50446507997318690, 17.24788768747971091, -0.4710140807596297496 ) ) ;
#5143 = EDGE_CURVE ( 'NONE', #1740, #3469, #3760, .T. ) ;
#5144 = CARTESIAN_POINT ( 'NONE',  ( 0.05938784319420038760, 6.987360594463512875, 26.23289429104758597 ) ) ;
#5145 = CIRCLE ( 'NONE', #5967, 21.00000000000000000 ) ;
#5146 = CARTESIAN_POINT ( 'NONE',  ( 24.14558168760840928, 9.992463247009235161, 0.7318620646522784323 ) ) ;
#5147 = FACE_OUTER_BOUND ( 'NONE', #6811, .T. ) ;
#5148 = CARTESIAN_POINT ( 'NONE',  ( 26.15592374870590575, 7.175047955878418371, 0.001604373951343715694 ) ) ;
#5149 = CARTESIAN_POINT ( 'NONE',  ( 23.70630274524408776, 25.29851411752938972, 0.000000000000000000 ) ) ;
#5150 = CARTESIAN_POINT ( 'NONE',  ( -24.17092060271565046, 8.785577948236962698, 0.7986034557196457495 ) ) ;
#5151 = VECTOR ( 'NONE', #108, 1000.000000000000000 ) ;
#5152 = CARTESIAN_POINT ( 'NONE',  ( 0.09312079062380147765, 18.16454376727064357, 23.68949222094850882 ) ) ;
#5153 = CARTESIAN_POINT ( 'NONE',  ( -0.7985204854961031051, 7.759616585129375466, -24.28845832768413615 ) ) ;
#5154 = CARTESIAN_POINT ( 'NONE',  ( 25.43824991086426834, 7.340347350100864254, 0.3418021388544412731 ) ) ;
#5155 = ORIENTED_EDGE ( 'NONE', *, *, #6753, .T. ) ;
#5156 = CARTESIAN_POINT ( 'NONE',  ( -23.36907838266629156, 25.21872969965490796, -0.1995811623906255661 ) ) ;
#5157 = CARTESIAN_POINT ( 'NONE',  ( 23.59804830489644445, 23.47969334399993713, 0.06536073770985724452 ) ) ;
#5158 = CARTESIAN_POINT ( 'NONE',  ( 26.05922086546118166, 7.294053595562569825, -0.2828522058056311406 ) ) ;
#5159 = CARTESIAN_POINT ( 'NONE',  ( -24.34539293726741249, 7.193905463350514395, 0.7984384350172440969 ) ) ;
#5160 = CARTESIAN_POINT ( 'NONE',  ( 0.1500174731190904442, 23.27268620760105478, 23.53524872004156165 ) ) ;
#5161 = CARTESIAN_POINT ( 'NONE',  ( 0.01915609891198837011, 10.12814252312941043, 25.15800199673161330 ) ) ;
#5162 =( BOUNDED_CURVE ( )  B_SPLINE_CURVE ( 2, ( #6488, #4308, #3877 ),
 .UNSPECIFIED., .F., .T. ) 
 B_SPLINE_CURVE_WITH_KNOTS ( ( 3, 3 ),
 ( 0.000000000000000000, 1.000000000000000000 ),
 .UNSPECIFIED. ) 
 CURVE ( )  GEOMETRIC_REPRESENTATION_ITEM ( )  RATIONAL_B_SPLINE_CURVE ( ( 1.000000000000000000, 0.9962457246550829870, 1.000000000000000000 ) ) 
 REPRESENTATION_ITEM ( '' )  );
#5163 = CARTESIAN_POINT ( 'NONE',  ( -0.6646172540301706899, 6.816240791470421279, -24.71982978594270719 ) ) ;
#5164 = CARTESIAN_POINT ( 'NONE',  ( 5.213530464874319037, 16.71383033581603073, 13.53030303030303116 ) ) ;
#5165 = CARTESIAN_POINT ( 'NONE',  ( 23.98141953692598705, 15.51525805920044832, 0.004452513533649237604 ) ) ;
#5166 = ORIENTED_EDGE ( 'NONE', *, *, #4791, .T. ) ;
#5167 = CARTESIAN_POINT ( 'NONE',  ( -0.09526019275094498029, 8.540399505037608918, -25.61764026505159109 ) ) ;
#5168 = CARTESIAN_POINT ( 'NONE',  ( -0.02784051138390183575, 15.51506119226606728, -23.97994836036048127 ) ) ;
#5169 = CARTESIAN_POINT ( 'NONE',  ( -0.2249412357943421648, 7.174069600615022857, -26.12655737972468017 ) ) ;
#5170 = CARTESIAN_POINT ( 'NONE',  ( 0.4703887834455851014, 7.547796932990851637, 25.10565325654603086 ) ) ;
#5171 = CARTESIAN_POINT ( 'NONE',  ( -23.63584480331977744, 24.29632373676785662, -0.03279517729342200372 ) ) ;
#5172 = CARTESIAN_POINT ( 'NONE',  ( 0.09607957539309089356, 23.77396820015823309, 23.59032989890594223 ) ) ;
#5173 = CARTESIAN_POINT ( 'NONE',  ( -0.6913444986066745734, 12.80569303824628058, 23.81651766316116081 ) ) ;
#5174 = FACE_OUTER_BOUND ( 'NONE', #4013, .T. ) ;
#5175 = CARTESIAN_POINT ( 'NONE',  ( 1.112160896875362681, 17.46692828406111886, 23.04400466019338367 ) ) ;
#5176 = DIRECTION ( 'NONE',  ( 0.000000000000000000, 1.000000000000000000, 0.000000000000000000 ) ) ;
#5177 = CARTESIAN_POINT ( 'NONE',  ( 0.1187124611593418921, 6.789564197247507593, 26.04330178254714667 ) ) ;
#5178 = CARTESIAN_POINT ( 'NONE',  ( -23.63137556014587304, 17.26489585364259938, -0.3440873706085221251 ) ) ;
#5179 = CARTESIAN_POINT ( 'NONE',  ( 25.51727215366018697, 8.965992998322413143, 0.02282680967610973416 ) ) ;
#5180 = DIRECTION ( 'NONE',  ( 0.000000000000000000, -0.5877852522924759127, -0.8090169943749454529 ) ) ;
#5181 = CARTESIAN_POINT ( 'NONE',  ( -23.77145048404885941, 12.76425414271831649, 1.051678324360149963 ) ) ;
#5182 = CARTESIAN_POINT ( 'NONE',  ( 0.08257528058640029034, 7.000345051182290668, -26.22543059861294168 ) ) ;
#5183 = CARTESIAN_POINT ( 'NONE',  ( -0.1989131072163417557, 21.69595767891274818, -23.50931238576199789 ) ) ;
#5184 = CARTESIAN_POINT ( 'NONE',  ( -25.29616872962868612, 9.541509631409859082, -0.1191776691748520911 ) ) ;
#5185 = CARTESIAN_POINT ( 'NONE',  ( 0.7312747239851260517, 17.19787099495637150, 23.13115062838263469 ) ) ;
#5186 = CARTESIAN_POINT ( 'NONE',  ( -0.06430627355152881974, 7.967102567861572560, -25.83681359102981645 ) ) ;
#5187 = ADVANCED_FACE ( 'NONE', ( #5623 ), #4996, .T. ) ;
#5188 = CARTESIAN_POINT ( 'NONE',  ( 25.98849385966730807, 7.474987713613917784, -0.06470577123076659554 ) ) ;
#5189 = VERTEX_POINT ( 'NONE', #2923 ) ;
#5190 = CARTESIAN_POINT ( 'NONE',  ( -22.49325709743560253, 24.88042045924114376, 0.6653540681676292090 ) ) ;
#5191 = CARTESIAN_POINT ( 'NONE',  ( 25.49187800467966980, 8.378942259239389401, -0.2855753081124322024 ) ) ;
#5192 = CARTESIAN_POINT ( 'NONE',  ( 7.602121329738624630E-05, 7.097770024547200407, 26.18490495129217166 ) ) ;
#5193 = CARTESIAN_POINT ( 'NONE',  ( -24.65597674509464809, 7.235513445940877197, -0.6646614177363788789 ) ) ;
#5194 = CARTESIAN_POINT ( 'NONE',  ( 0.4436322668051687623, 12.16549387264517001, 24.29266151183993472 ) ) ;
#5195 = CARTESIAN_POINT ( 'NONE',  ( -0.4698388378081120864, 9.473209540895425107, 24.78652095052722260 ) ) ;
#5196 = CARTESIAN_POINT ( 'NONE',  ( -0.02210988025647110319, 6.915684363934081702, -26.22319372678777682 ) ) ;
#5197 = DIRECTION ( 'NONE',  ( -0.000000000000000000, 1.000000000000000000, -0.000000000000000000 ) ) ;
#5198 = CARTESIAN_POINT ( 'NONE',  ( 23.77890068521867661, 17.28466841740837268, 0.004308539679857049248 ) ) ;
#5199 = ORIENTED_EDGE ( 'NONE', *, *, #3911, .F. ) ;
#5200 = CARTESIAN_POINT ( 'NONE',  ( 0.09528876224554434782, 25.09297637720882790, -23.66326563167468322 ) ) ;
#5201 =( BOUNDED_SURFACE ( )  B_SPLINE_SURFACE ( 3, 2, ( 
 ( #2183, #3788, #2762 ),
 ( #3345, #582, #1092 ),
 ( #3274, #2838, #4399 ),
 ( #6041, #6552, #4978 ),
 ( #5455, #3823, #5563 ),
 ( #5051, #7205, #4909 ),
 ( #1055, #7139, #71 ),
 ( #2730, #1023, #2148 ),
 ( #547, #3310, #2797 ),
 ( #3379, #5493, #4329 ),
 ( #3931, #6008, #2217 ),
 ( #5011, #619, #514 ),
 ( #32, #1674, #6621 ),
 ( #1568, #6695, #6145 ),
 ( #1635, #4945, #3856 ),
 ( #5601, #7172, #4365 ),
 ( #1706, #3241, #4433 ),
 ( #3895, #6110, #1126 ),
 ( #6254, #216, #2392 ),
 ( #4581, #6869, #4544 ),
 ( #798, #5638, #6804 ),
 ( #4613, #3488, #3014 ),
 ( #5744, #4508, #5121 ),
 ( #5229, #106, #2979 ),
 ( #1346, #2326, #2871 ),
 ( #1815, #2290, #1883 ),
 ( #762, #6767, #3561 ),
 ( #1783, #1273, #4040 ),
 ( #4074, #725, #5707 ),
 ( #5086, #6836, #6284 ),
 ( #4006, #5191, #2945 ),
 ( #6223, #6732, #1308 ),
 ( #1239, #3453, #5672 ),
 ( #5779, #689, #2906 ),
 ( #5158, #1202, #3526 ),
 ( #180, #142, #2361 ),
 ( #2428, #1848, #4644 ),
 ( #1743, #4111, #6322 ),
 ( #3966, #6183, #3420 ),
 ( #655, #3704, #4210 ) ),
 .UNSPECIFIED., .F., .F., .T. ) 
 B_SPLINE_SURFACE_WITH_KNOTS ( ( 4, 2, 2, 2, 2, 2, 2, 2, 2, 2, 2, 2, 2, 2, 2, 2, 2, 2, 2, 4 ),
 ( 3, 3 ),
 ( -8.236200888573126381E-27, 0.0001462215291045523076, 0.0002924430582091046152, 0.0005848861164182092304, 0.0008773291746273138457, 0.001169772232836418461, 0.002339544465672836922, 0.003509316698509255383, 0.004679088931345673844, 0.007018633397018510765, 0.009358177862691347687, 0.01169772232836418374, 0.01403726679403702153, 0.01520703902687343956, 0.01637681125970985932, 0.01754658349254627908, 0.01813146960896448723, 0.01842391266717359130, 0.01857013419627814160, 0.01871635572538269537 ),
 ( 0.000000000000000000, 1.000000000000000000 ),
 .UNSPECIFIED. ) 
 GEOMETRIC_REPRESENTATION_ITEM ( )  RATIONAL_B_SPLINE_SURFACE ( (
 ( 1.000000000000000000, 0.9962518364970190943, 1.000000000000000000),
 ( 1.000000000000000000, 0.9945631477955072519, 1.000000000000000000),
 ( 1.000000000000000000, 0.9924138894323847326, 1.000000000000000000),
 ( 1.000000000000000000, 0.9879279261912549126, 1.000000000000000000),
 ( 1.000000000000000000, 0.9855757691827856659, 1.000000000000000000),
 ( 1.000000000000000000, 0.9789350987841930474, 1.000000000000000000),
 ( 1.000000000000000000, 0.9750239592933596100, 1.000000000000000000),
 ( 1.000000000000000000, 0.9680196802623630692, 1.000000000000000000),
 ( 1.000000000000000000, 0.9653343024999205824, 1.000000000000000000),
 ( 1.000000000000000000, 0.9589519924586711319, 1.000000000000000000),
 ( 1.000000000000000000, 0.9557682933647474455, 1.000000000000000000),
 ( 1.000000000000000000, 0.9406991423146237041, 1.000000000000000000),
 ( 1.000000000000000000, 0.9310237241069828640, 1.000000000000000000),
 ( 1.000000000000000000, 0.9197612874384734072, 1.000000000000000000),
 ( 1.000000000000000000, 0.9165400778698079565, 1.000000000000000000),
 ( 1.000000000000000000, 0.9109969437076207432, 1.000000000000000000),
 ( 1.000000000000000000, 0.9091136768774502608, 1.000000000000000000),
 ( 1.000000000000000000, 0.9045711516160077625, 1.000000000000000000),
 ( 1.000000000000000000, 0.9031135336150548643, 1.000000000000000000),
 ( 1.000000000000000000, 0.9009957029867134981, 1.000000000000000000),
 ( 1.000000000000000000, 0.9002919068057224639, 1.000000000000000000),
 ( 1.000000000000000000, 0.8987813328934926016, 1.000000000000000000),
 ( 1.000000000000000000, 0.8979443053259705820, 1.000000000000000000),
 ( 1.000000000000000000, 0.8968824594406445971, 1.000000000000000000),
 ( 1.000000000000000000, 0.8965965932838858565, 1.000000000000000000),
 ( 1.000000000000000000, 0.9002169877768146922, 1.000000000000000000),
 ( 1.000000000000000000, 0.9021347068606977437, 1.000000000000000000),
 ( 1.000000000000000000, 0.9083432751146893747, 1.000000000000000000),
 ( 1.000000000000000000, 0.9122365844964653858, 1.000000000000000000),
 ( 1.000000000000000000, 0.9251949273770195825, 1.000000000000000000),
 ( 1.000000000000000000, 0.9353317036966684039, 1.000000000000000000),
 ( 1.000000000000000000, 0.9552023180367783528, 1.000000000000000000),
 ( 1.000000000000000000, 0.9624999758653095538, 1.000000000000000000),
 ( 1.000000000000000000, 0.9738186071352666895, 1.000000000000000000),
 ( 1.000000000000000000, 0.9776702838561718290, 1.000000000000000000),
 ( 1.000000000000000000, 0.9839509177001852791, 1.000000000000000000),
 ( 1.000000000000000000, 0.9862124296394496614, 1.000000000000000000),
 ( 1.000000000000000000, 0.9909928848990410266, 1.000000000000000000),
 ( 1.000000000000000000, 0.9934797001326218790, 1.000000000000000000),
 ( 1.000000000000000000, 0.9954377026008534024, 1.000000000000000000) ) ) 
 REPRESENTATION_ITEM ( '' )  SURFACE ( )  );
#5202 = CARTESIAN_POINT ( 'NONE',  ( -0.4690681141497907714, 18.12861186314970396, -23.42133566046036819 ) ) ;
#5203 = CARTESIAN_POINT ( 'NONE',  ( -0.1955766538771170349, 7.676329269876857708, -25.85320597251394048 ) ) ;
#5204 = CARTESIAN_POINT ( 'NONE',  ( -0.7319171847082738269, 7.650107997519039138, 24.44306720110427023 ) ) ;
#5205 = CARTESIAN_POINT ( 'NONE',  ( -22.51272674434845555, 24.66206838846207461, -0.6639288098389586334 ) ) ;
#5206 = CARTESIAN_POINT ( 'NONE',  ( -0.03231432274355324624, 24.81733671153993015, 23.67133275195502407 ) ) ;
#5207 = EDGE_CURVE ( 'NONE', #2771, #574, #3656, .T. ) ;
#5208 = ADVANCED_FACE ( 'NONE', ( #4597 ), #1324, .F. ) ;
#5209 = ORIENTED_EDGE ( 'NONE', *, *, #3150, .T. ) ;
#5210 = CARTESIAN_POINT ( 'NONE',  ( -0.3454357935602010432, 21.40973629563195502, 23.36320237857997739 ) ) ;
#5211 = DIRECTION ( 'NONE',  ( -1.000000000000000000, -1.595945597898662527E-13, 0.000000000000000000 ) ) ;
#5212 = CARTESIAN_POINT ( 'NONE',  ( -26.06545407122432678, 6.894546603028785192, 0.09720992475082550210 ) ) ;
#5213 = CARTESIAN_POINT ( 'NONE',  ( 26.22543059861297010, 7.000345051182283562, 0.08257528058627207346 ) ) ;
#5214 = CARTESIAN_POINT ( 'NONE',  ( -2.227581944645035117E-05, 25.20458595688074865, 23.69720220672815714 ) ) ;
#5215 = CARTESIAN_POINT ( 'NONE',  ( -23.59032091082017502, 19.63372569947900814, 0.1152268985709179461 ) ) ;
#5216 = CARTESIAN_POINT ( 'NONE',  ( 23.41818581117009046, 23.81800114811963454, 0.5483418637200200285 ) ) ;
#5217 = CARTESIAN_POINT ( 'NONE',  ( 25.51953882336567503, 8.966296938952400097, 0.001350538654008695593 ) ) ;
#5218 = CARTESIAN_POINT ( 'NONE',  ( 25.88957437682375584, 3.760367054727149494, -6.341116878372907874E-15 ) ) ;
#5219 = CARTESIAN_POINT ( 'NONE',  ( 23.55629453956227337, 24.55171736067431709, 0.1970178241836660904 ) ) ;
#5220 = CARTESIAN_POINT ( 'NONE',  ( 0.0001364772685937585097, 7.054966421501623230, -26.20172731030624291 ) ) ;
#5221 = CARTESIAN_POINT ( 'NONE',  ( 0.4693259789810497740, 23.69735492592861448, -23.01866130329231908 ) ) ;
#5222 = CARTESIAN_POINT ( 'NONE',  ( -25.48756902402082503, 8.962011880067395353, -0.09738559518147917038 ) ) ;
#5223 = CARTESIAN_POINT ( 'NONE',  ( -0.4710140807593835022, 17.24788768747971091, 23.50446507997319046 ) ) ;
#5224 = CARTESIAN_POINT ( 'NONE',  ( -0.5977699938802287782, 7.695233798909764111, -24.77971920073524004 ) ) ;
#5225 = CARTESIAN_POINT ( 'NONE',  ( 25.13457519521731243, 7.299651306778384807, 0.4695580711359670367 ) ) ;
#5226 = ORIENTED_EDGE ( 'NONE', *, *, #2527, .F. ) ;
#5227 = CARTESIAN_POINT ( 'NONE',  ( 25.04745365196267315, 9.977728723170590897, -0.2453197566157482856 ) ) ;
#5228 = CARTESIAN_POINT ( 'NONE',  ( 22.55009371250978489, 23.33926574707155055, -0.7323361534093070224 ) ) ;
#5229 = CARTESIAN_POINT ( 'NONE',  ( 23.80812031675071339, 12.78138066878437051, -1.034962089940798746 ) ) ;
#5230 = CARTESIAN_POINT ( 'NONE',  ( 25.04626270577459834, 9.973623702293044957, 0.2454236068985892472 ) ) ;
#5231 = CARTESIAN_POINT ( 'NONE',  ( -25.14134197185263631, 7.300566345112169842, 0.4704027393319205053 ) ) ;
#5232 = CARTESIAN_POINT ( 'NONE',  ( 0.01240019922486075912, 7.461234850773747596, 26.04872888629066097 ) ) ;
#5233 = CARTESIAN_POINT ( 'NONE',  ( 0.4700963901564126357, 9.473393779643709323, 24.78783433720364471 ) ) ;
#5234 = EDGE_CURVE ( 'NONE', #1683, #113, #6206, .T. ) ;
#5235 = CARTESIAN_POINT ( 'NONE',  ( 0.3417376381875173452, 6.921791308441264334, -25.50753737015034872 ) ) ;
#5236 = CARTESIAN_POINT ( 'NONE',  ( 10.83702032928563952, 16.71383033581603073, -10.27013422742451176 ) ) ;
#5237 = CARTESIAN_POINT ( 'NONE',  ( 23.63084146913043782, 17.26483028007832132, -0.3407140058551202388 ) ) ;
#5238 = EDGE_LOOP ( 'NONE', ( #7061, #3867, #1280, #4279 ) ) ;
#5239 = CARTESIAN_POINT ( 'NONE',  ( 0.4247386158240576970, 24.40676053691503711, -23.52560403136251921 ) ) ;
#5240 = CARTESIAN_POINT ( 'NONE',  ( -0.6641070551891558038, 17.21189415792853339, -23.23579902860415558 ) ) ;
#5241 = CARTESIAN_POINT ( 'NONE',  ( -0.4421951836490043974, 9.817469510239913433, -24.84109556604276392 ) ) ;
#5242 = CARTESIAN_POINT ( 'NONE',  ( 0.2825122576164348920, 7.418639859887252719, 25.56799920981655205 ) ) ;
#5243 = CARTESIAN_POINT ( 'NONE',  ( -23.63616237009465593, 24.81262443683301555, 0.06442046794348529892 ) ) ;
#5244 = CARTESIAN_POINT ( 'NONE',  ( 0.7323540893563578180, 23.62994883586250339, 22.51558327951181582 ) ) ;
#5245 = AXIS2_PLACEMENT_3D ( 'NONE', #1584, #6024, #5472 ) ;
#5246 = VERTEX_POINT ( 'NONE', #600 ) ;
#5247 = CARTESIAN_POINT ( 'NONE',  ( -0.4457516831970717575, 24.31149504037466258, 23.50782855328536769 ) ) ;
#5248 = CARTESIAN_POINT ( 'NONE',  ( -25.99088687531558861, 7.421315406820775173, -0.1544308130883579877 ) ) ;
#5249 = CARTESIAN_POINT ( 'NONE',  ( -26.10899261081145539, 7.002394849324788062, 0.06497342522017210409 ) ) ;
#5250 = CYLINDRICAL_SURFACE ( 'NONE', #388, 2.000000000000000000 ) ;
#5251 = CARTESIAN_POINT ( 'NONE',  ( -0.03140144934087268219, 6.816909802132319562, 26.24737067576340621 ) ) ;
#5252 = CARTESIAN_POINT ( 'NONE',  ( -23.38465839035347571, 21.08863872064490508, 0.3419077403635637502 ) ) ;
#5253 = AXIS2_PLACEMENT_3D ( 'NONE', #5888, #3234, #7128 ) ;
#5254 = CARTESIAN_POINT ( 'NONE',  ( 23.10417845345403620, 16.69494989706834787, 1.128649202581411437 ) ) ;
#5255 = CARTESIAN_POINT ( 'NONE',  ( 25.04573980795824895, 10.45781649795546997, 0.09851133894684419023 ) ) ;
#5256 = CARTESIAN_POINT ( 'NONE',  ( -23.68376893704820674, 24.98912753697276301, 0.004794673784736270053 ) ) ;
#5257 = CARTESIAN_POINT ( 'NONE',  ( 23.60950330098266292, 24.82692756159119796, 0.1545177226716241692 ) ) ;
#5258 = LINE ( 'NONE', #790, #3054 ) ;
#5259 = CARTESIAN_POINT ( 'NONE',  ( 0.4692758335300135641, 24.20606409952762306, -22.96233553670034411 ) ) ;
#5260 = CARTESIAN_POINT ( 'NONE',  ( -24.37097989837097600, 10.36739918523431392, 0.5975131267883005970 ) ) ;
#5261 = CARTESIAN_POINT ( 'NONE',  ( 0.06064875468547069326, 18.16542417833255385, 23.69606416988473896 ) ) ;
#5262 = AXIS2_PLACEMENT_3D ( 'NONE', #6890, #4595, #2962 ) ;
#5263 = CARTESIAN_POINT ( 'NONE',  ( 0.0002453249913562962595, 7.846328791610667430, -25.90726325636667937 ) ) ;
#5264 = CARTESIAN_POINT ( 'NONE',  ( 25.49625937688432131, 7.791253347708305910, -0.2824084758484360913 ) ) ;
#5265 = VERTEX_POINT ( 'NONE', #54 ) ;
#5266 = CARTESIAN_POINT ( 'NONE',  ( 23.69720220673127997, 25.20458595692221948, 2.227582009688335317E-05 ) ) ;
#5267 = CARTESIAN_POINT ( 'NONE',  ( 23.59032989890594223, 23.77396820015823309, -0.09607957539284379955 ) ) ;
#5268 = AXIS2_PLACEMENT_3D ( 'NONE', #3826, #6698, #2293 ) ;
#5269 = CARTESIAN_POINT ( 'NONE',  ( -14.28941916244323451, 21.71383033581603073, -2.250000000000005329 ) ) ;
#5270 = CARTESIAN_POINT ( 'NONE',  ( 23.56908634835388838, 23.66372996600305711, 0.1145011863357638104 ) ) ;
#5271 = CARTESIAN_POINT ( 'NONE',  ( -25.76661859261725596, 7.957696329033094429, 0.1181484233264692013 ) ) ;
#5272 = CARTESIAN_POINT ( 'NONE',  ( 0.3468057235420907713, 21.34517425298350446, 23.36195975457140506 ) ) ;
#5273 = CARTESIAN_POINT ( 'NONE',  ( 0.4699463729323521965, 10.06372861236113891, 24.67730137698960746 ) ) ;
#5274 = CARTESIAN_POINT ( 'NONE',  ( 0.7320481748311530312, 6.790549155179451901, -24.52820429417375792 ) ) ;
#5275 = CARTESIAN_POINT ( 'NONE',  ( -16.30012398138545038, 21.71383033581603073, -2.560460542844374299 ) ) ;
#5276 = CARTESIAN_POINT ( 'NONE',  ( 23.77796498726645780, 17.28454283805839964, 0.02577856695456324718 ) ) ;
#5277 = EDGE_CURVE ( 'NONE', #3469, #3461, #2014, .T. ) ;
#5278 = CARTESIAN_POINT ( 'NONE',  ( 0.3208292287798165665, 10.69741946818372291, -24.77576750090308622 ) ) ;
#5279 = CARTESIAN_POINT ( 'NONE',  ( 0.06814581281845799587, 18.16540189150583728, -23.69590628000386445 ) ) ;
#5280 = CARTESIAN_POINT ( 'NONE',  ( -0.3883184372182075239, 7.632600178590543294, -25.87365432505865215 ) ) ;
#5281 = CARTESIAN_POINT ( 'NONE',  ( -0.6646364992544604444, 7.483854533920288432, 24.62857482982873947 ) ) ;
#5282 = CARTESIAN_POINT ( 'NONE',  ( -23.55371202647781104, 24.80157381136822181, -0.1179168894120374567 ) ) ;
#5283 = CARTESIAN_POINT ( 'NONE',  ( -0.5967700866811931348, 24.17284328252794978, 22.71444263116628548 ) ) ;
#5284 = ADVANCED_FACE ( 'NONE', ( #2237 ), #1723, .T. ) ;
#5285 = CARTESIAN_POINT ( 'NONE',  ( -26.14675714112761185, 7.138323107270403867, -0.2046379399429740786 ) ) ;
#5286 = CARTESIAN_POINT ( 'NONE',  ( -23.59638190721080164, 15.18776507105030049, -0.5851185683822698325 ) ) ;
#5287 = DIRECTION ( 'NONE',  ( 0.000000000000000000, 1.000000000000000000, 0.000000000000000000 ) ) ;
#5288 = CARTESIAN_POINT ( 'NONE',  ( 26.19938379298428188, 7.046335592041589102, 0.04121626037784785479 ) ) ;
#5289 = CARTESIAN_POINT ( 'NONE',  ( -23.60786535017262366, 19.63607547679021081, -0.03576202040895018475 ) ) ;
#5290 = DIRECTION ( 'NONE',  ( 0.1551794268390994658, -0.000000000000000000, -0.9878863019021412173 ) ) ;
#5291 = CARTESIAN_POINT ( 'NONE',  ( 24.37760973764227046, 11.61769093910325523, 0.4704178319879661063 ) ) ;
#5292 = CARTESIAN_POINT ( 'NONE',  ( -23.27757479437442356, 19.05734663139346097, 0.5175442618319850974 ) ) ;
#5293 = CARTESIAN_POINT ( 'NONE',  ( 23.65426932299963525, 25.04912648538936182, 0.1059855199426991273 ) ) ;
#5294 = CARTESIAN_POINT ( 'NONE',  ( 0.02518353777478293809, 6.975325698763723103, 26.23963181665314437 ) ) ;
#5295 = CARTESIAN_POINT ( 'NONE',  ( -0.2002602696615481681, 24.27291300266146123, -23.46113338263807790 ) ) ;
#5296 = CARTESIAN_POINT ( 'NONE',  ( -24.73187845625376724, 11.66516968876923777, -0.03543477127225788670 ) ) ;
#5297 = CARTESIAN_POINT ( 'NONE',  ( 0.2813669126935670617, 21.68595983966641327, 23.43470086103313577 ) ) ;
#5298 = CARTESIAN_POINT ( 'NONE',  ( -0.02068679307483045973, 8.342883852311235415, -25.72592133544715765 ) ) ;
#5299 = ADVANCED_FACE ( 'NONE', ( #3988 ), #566, .F. ) ;
#5300 = CARTESIAN_POINT ( 'NONE',  ( 24.64505805579387498, 7.486075067684015316, -0.6646804901312795000 ) ) ;
#5301 = ORIENTED_EDGE ( 'NONE', *, *, #2320, .F. ) ;
#5302 = DIRECTION ( 'NONE',  ( 0.000000000000000000, 0.000000000000000000, -1.000000000000000000 ) ) ;
#5303 = EDGE_CURVE ( 'NONE', #2960, #1683, #1545, .T. ) ;
#5304 = CARTESIAN_POINT ( 'NONE',  ( 22.23861383497451882, 24.62534780950823432, -0.7993421322544317364 ) ) ;
#5305 = DIRECTION ( 'NONE',  ( -0.6283324767384385057, 0.000000000000000000, 0.7779449200783687957 ) ) ;
#5306 = CARTESIAN_POINT ( 'NONE',  ( 10.36748586618364421, 16.71383033581603073, -12.83609118129356474 ) ) ;
#5307 = B_SPLINE_CURVE_WITH_KNOTS ( 'NONE', 3,
 ( #52, #456, #2671, #4346 ),
 .UNSPECIFIED., .F., .F.,
 ( 4, 4 ),
 ( 0.000000000000000000, 1.000000000000000000 ),
 .UNSPECIFIED. ) ;
#5308 = CARTESIAN_POINT ( 'NONE',  ( -24.64505805579387498, 7.486075067684015316, 0.6646804901312795000 ) ) ;
#5309 = CARTESIAN_POINT ( 'NONE',  ( 14.28941916244324162, 23.71383033581603073, -8.249999999999998224 ) ) ;
#5310 = CARTESIAN_POINT ( 'NONE',  ( 0.1155451733118272734, 11.66256354541915741, 24.71242095620318224 ) ) ;
#5311 = CARTESIAN_POINT ( 'NONE',  ( -0.7314763317370244211, 6.693162885244642979, -24.56264182084950320 ) ) ;
#5312 = CARTESIAN_POINT ( 'NONE',  ( 26.17390203848848884, 7.011092403419710628, 0.03162185605304657088 ) ) ;
#5313 = CARTESIAN_POINT ( 'NONE',  ( 23.60264610636837546, 18.15290730647619810, -0.2799895963824760581 ) ) ;
#5314 = CARTESIAN_POINT ( 'NONE',  ( 0.4721675144156086690, 19.81500735453846218, -23.28830505115829297 ) ) ;
#5315 = CARTESIAN_POINT ( 'NONE',  ( -0.3419077403636454071, 21.08863872064490508, -23.38465839035347571 ) ) ;
#5316 = CARTESIAN_POINT ( 'NONE',  ( 0.000000000000000000, 16.71383033581603073, 0.000000000000000000 ) ) ;
#5317 = CARTESIAN_POINT ( 'NONE',  ( -0.5973541644159814368, 7.317648187278075866, 24.81443405581525852 ) ) ;
#5318 = CARTESIAN_POINT ( 'NONE',  ( -23.31679907441799671, 24.25357173075546413, 0.2823869972379243753 ) ) ;
#5319 = CARTESIAN_POINT ( 'NONE',  ( -0.2816216363154366298, 23.74216158562559187, 23.35300644790091695 ) ) ;
#5320 = CARTESIAN_POINT ( 'NONE',  ( 0.003406433327392887917, 7.254445776566386783, 26.12708898306509653 ) ) ;
#5321 = EDGE_LOOP ( 'NONE', ( #6703, #4407, #3119, #2011 ) ) ;
#5322 = CARTESIAN_POINT ( 'NONE',  ( -23.00830020826248656, 19.87852605418638063, -1.000917249118540076 ) ) ;
#5323 = CARTESIAN_POINT ( 'NONE',  ( -25.78220520722130615, 7.804564978470644121, -0.4298742075161967047 ) ) ;
#5324 = CARTESIAN_POINT ( 'NONE',  ( -9.110820912706831365, 16.71383033581603073, -11.28020134113677564 ) ) ;
#5325 = CARTESIAN_POINT ( 'NONE',  ( -25.90375285542607031, 7.820135334429012985, -0.03571912036413277258 ) ) ;
#5326 = CARTESIAN_POINT ( 'NONE',  ( -23.04391964080533839, 18.07803729237383550, 0.7314086112383952898 ) ) ;
#5327 = ADVANCED_FACE ( 'NONE', ( #2523 ), #5250, .F. ) ;
#5328 = VERTEX_POINT ( 'NONE', #274 ) ;
#5329 = CARTESIAN_POINT ( 'NONE',  ( -23.68627303596083067, 25.03488751901388198, 0.003491724418274297446 ) ) ;
#5330 = CARTESIAN_POINT ( 'NONE',  ( 23.02278783814803376, 19.87710385736250984, 0.6679329640426673320 ) ) ;
#5331 = DIRECTION ( 'NONE',  ( 0.000000000000000000, 0.000000000000000000, -1.000000000000000000 ) ) ;
#5332 = CARTESIAN_POINT ( 'NONE',  ( -0.3429331117580773358, 23.72946638581008116, -23.25823117169280962 ) ) ;
#5333 = CARTESIAN_POINT ( 'NONE',  ( -25.07697099557669418, 10.11728527487231055, 0.1990883870645476228 ) ) ;
#5334 = CARTESIAN_POINT ( 'NONE',  ( 0.6649036588505693457, 21.02435800651475617, 22.90496006811102703 ) ) ;
#5335 = CARTESIAN_POINT ( 'NONE',  ( 0.03289104520525206604, 8.342448789938773146, -25.72267830419466961 ) ) ;
#5336 = CARTESIAN_POINT ( 'NONE',  ( 24.48415753201081912, 7.464513652476401084, -0.7315842735001445440 ) ) ;
#5337 = ORIENTED_EDGE ( 'NONE', *, *, #615, .T. ) ;
#5338 = CARTESIAN_POINT ( 'NONE',  ( 25.61764026505167990, 8.540399505037497008, -0.09526019275078738413 ) ) ;
#5339 = CARTESIAN_POINT ( 'NONE',  ( 22.86597672356404232, 24.93035803293734887, 0.4692789400409985157 ) ) ;
#5340 = CARTESIAN_POINT ( 'NONE',  ( 0.02777569101431959231, 25.26886925574566689, 23.70032979520508931 ) ) ;
#5341 = DIRECTION ( 'NONE',  ( 0.000000000000000000, 0.000000000000000000, -1.000000000000000000 ) ) ;
#5342 = CARTESIAN_POINT ( 'NONE',  ( -25.79739039557750857, 7.961818124242337369, -0.09656653986464099060 ) ) ;
#5343 = CARTESIAN_POINT ( 'NONE',  ( 9.110820912706840247, 21.71383033581603073, -11.28020134113676853 ) ) ;
#5344 = CARTESIAN_POINT ( 'NONE',  ( 0.4695048045357003708, 11.61751548593137962, 24.37623902270714993 ) ) ;
#5345 = CARTESIAN_POINT ( 'NONE',  ( 0.6646793451062685820, 7.074921735578232784, -24.67330295287175801 ) ) ;
#5346 = ADVANCED_FACE ( 'NONE', ( #6893 ), #5872, .F. ) ;
#5347 = CARTESIAN_POINT ( 'NONE',  ( 26.04452560889465929, 6.993756019826629533, -0.09717386855366376419 ) ) ;
#5348 = CARTESIAN_POINT ( 'NONE',  ( 23.51852103150789830, 21.10657616654167157, -0.1985966490572859677 ) ) ;
#5349 = CARTESIAN_POINT ( 'NONE',  ( 0.04472768338064107146, 24.43284545878032077, -23.63927704353789494 ) ) ;
#5350 = CARTESIAN_POINT ( 'NONE',  ( -0.7988108208242298280, 19.52739718163693183, -22.79682880809601286 ) ) ;
#5351 = CARTESIAN_POINT ( 'NONE',  ( -9.110820912706831365, 21.71383033581603073, -11.28020134113677564 ) ) ;
#5352 = CARTESIAN_POINT ( 'NONE',  ( 0.02068679307501010076, 8.342883852311235415, 25.72592133544715765 ) ) ;
#5353 = CARTESIAN_POINT ( 'NONE',  ( 0.06460740296682358774, 25.25217644586987831, 23.61864828717514087 ) ) ;
#5354 = CARTESIAN_POINT ( 'NONE',  ( 0.9855172785958196124, 12.01937351305936197, 24.02683712735080235 ) ) ;
#5355 = CARTESIAN_POINT ( 'NONE',  ( -0.001863979039664798339, 25.12465619924529392, 23.69159975202573420 ) ) ;
#5356 = CARTESIAN_POINT ( 'NONE',  ( -25.49376109764268605, 8.375182001888862970, -0.2840014197564943998 ) ) ;
#5357 = CARTESIAN_POINT ( 'NONE',  ( 0.6647104373010888079, 10.34903462022827014, -24.23402187908167704 ) ) ;
#5358 = CARTESIAN_POINT ( 'NONE',  ( -0.1433896421634287544, 25.22489290671243012, -23.69031063713378771 ) ) ;
#5359 = CARTESIAN_POINT ( 'NONE',  ( 0.6646172540303432186, 6.816240791470421279, 24.71982978594270719 ) ) ;
#5360 = CARTESIAN_POINT ( 'NONE',  ( -22.91149322700970004, 19.54274975441220974, -0.7317349393698983073 ) ) ;
#5361 = ORIENTED_EDGE ( 'NONE', *, *, #3063, .T. ) ;
#5362 = EDGE_CURVE ( 'NONE', #5850, #2156, #5617, .T. ) ;
#5363 = AXIS2_PLACEMENT_3D ( 'NONE', #532, #494, #2236 ) ;
#5364 = CARTESIAN_POINT ( 'NONE',  ( 23.80754844753101196, 12.78211472155757988, 1.037424112306120527 ) ) ;
#5365 = DIRECTION ( 'NONE',  ( 0.000000000000000000, -1.000000000000000000, 0.000000000000000000 ) ) ;
#5366 = CARTESIAN_POINT ( 'NONE',  ( -14.32435137758116817, 23.71383033581603073, -2.250101689166175145 ) ) ;
#5367 = CARTESIAN_POINT ( 'NONE',  ( -0.7323540893562006104, 23.62994883586250339, -22.51558327951181937 ) ) ;
#5368 = CARTESIAN_POINT ( 'NONE',  ( -23.96549904601541670, 10.31306315796806139, 0.7985867285061694076 ) ) ;
#5369 = CARTESIAN_POINT ( 'NONE',  ( -0.7984718236123027335, 21.57377309051188519, 22.59760858966881258 ) ) ;
#5370 = CARTESIAN_POINT ( 'NONE',  ( -0.4703185701753626602, 8.245375874546866157, -24.99826538869866255 ) ) ;
#5371 = CIRCLE ( 'NONE', #6769, 4.000000000000001776 ) ;
#5372 = CARTESIAN_POINT ( 'NONE',  ( 25.88442264722279518, 7.652155201575252974, -0.09683680566116001365 ) ) ;
#5373 = ORIENTED_EDGE ( 'NONE', *, *, #6935, .F. ) ;
#5374 = CARTESIAN_POINT ( 'NONE',  ( 26.15003209765744785, 7.188356083999538626, -0.001809059323755345464 ) ) ;
#5375 = CARTESIAN_POINT ( 'NONE',  ( 22.38254880113739986, 24.64463569893875672, -0.7323587614292434989 ) ) ;
#5376 = CARTESIAN_POINT ( 'NONE',  ( 14.32435137758119126, 21.71383033581603073, -2.250101689166259966 ) ) ;
#5377 = CARTESIAN_POINT ( 'NONE',  ( -23.70617843559350391, 25.29851411751397094, 0.07677127596783821228 ) ) ;
#5378 = CARTESIAN_POINT ( 'NONE',  ( -25.87745385909241591, 7.842333523964738262, -0.06437619913846120978 ) ) ;
#5379 = AXIS2_PLACEMENT_3D ( 'NONE', #5164, #5197, #4150 ) ;
#5380 = DIRECTION ( 'NONE',  ( -0.000000000000000000, -1.000000000000000000, -0.000000000000000000 ) ) ;
#5381 = CARTESIAN_POINT ( 'NONE',  ( -0.5980155778774177699, 12.80919211322375340, 23.94546952149079644 ) ) ;
#5382 = CARTESIAN_POINT ( 'NONE',  ( 0.1993540522200300258, 7.225298889493123156, -25.79542082189524876 ) ) ;
#5383 = AXIS2_PLACEMENT_3D ( 'NONE', #2450, #2964, #341 ) ;
#5384 = CARTESIAN_POINT ( 'NONE',  ( 25.54123487208799759, 6.722285043415049621, -0.3431000793293977891 ) ) ;
#5385 = CARTESIAN_POINT ( 'NONE',  ( 23.24925583237745386, 18.10555286379158701, -0.5970546939574641332 ) ) ;
#5386 = CARTESIAN_POINT ( 'NONE',  ( -0.4733744775124164028, 19.79628655747654875, -23.28443829462599624 ) ) ;
#5387 = CARTESIAN_POINT ( 'NONE',  ( -25.54123487208799759, 6.722285043415049621, 0.3431000793293977891 ) ) ;
#5388 = CARTESIAN_POINT ( 'NONE',  ( -0.7317003883222611416, 19.54305537851365315, -22.91367819689804364 ) ) ;
#5389 = DIRECTION ( 'NONE',  ( 0.000000000000000000, 1.000000000000000000, 0.000000000000000000 ) ) ;
#5390 = CARTESIAN_POINT ( 'NONE',  ( -0.7318664915576950092, 8.163351719434210452, 24.38626120462854630 ) ) ;
#5391 = CARTESIAN_POINT ( 'NONE',  ( 0.4707914068463175394, 24.71729615482997033, 22.92477463343347921 ) ) ;
#5392 = CARTESIAN_POINT ( 'NONE',  ( 0.4027327609728815760, 9.453338234531134532, 24.99547612703171495 ) ) ;
#5393 = ORIENTED_EDGE ( 'NONE', *, *, #1948, .T. ) ;
#5394 = CARTESIAN_POINT ( 'NONE',  ( -23.10417845345402554, 16.69494989706840826, -1.128649202581423872 ) ) ;
#5395 = CARTESIAN_POINT ( 'NONE',  ( -24.03397217373409234, 12.04237212266573209, -0.6410707184563904093 ) ) ;
#5396 = CARTESIAN_POINT ( 'NONE',  ( 0.1198193064576350414, 10.45652313837408620, -25.03608985955855815 ) ) ;
#5397 = CARTESIAN_POINT ( 'NONE',  ( -0.2043932963142177928, 7.137939042827707858, -26.14697470942362401 ) ) ;
#5398 = CARTESIAN_POINT ( 'NONE',  ( -0.5974030541334915956, 6.735773402202804405, 24.88069799253018743 ) ) ;
#5399 = CARTESIAN_POINT ( 'NONE',  ( -23.57482970539366463, 22.59065966570331696, 0.06278468236846022899 ) ) ;
#5400 = EDGE_LOOP ( 'NONE', ( #448, #5979, #6154, #6649, #3736, #5373, #2054, #1082 ) ) ;
#5401 = CARTESIAN_POINT ( 'NONE',  ( -23.69155090061191871, 25.12391351186296262, 0.001730194244245804357 ) ) ;
#5402 = CARTESIAN_POINT ( 'NONE',  ( -26.32173642259294866, 7.000345051182248923, 15.35117535650171128 ) ) ;
#5403 = CARTESIAN_POINT ( 'NONE',  ( -23.66326563167478625, 25.09297637720802499, -0.09528876224558385788 ) ) ;
#5404 = CARTESIAN_POINT ( 'NONE',  ( -26.18491615244684212, 7.097743873958018312, 0.0007976048749797201229 ) ) ;
#5405 = CARTESIAN_POINT ( 'NONE',  ( 0.7983687807565305050, 25.05667706825462915, -22.15984418806034029 ) ) ;
#5406 = CARTESIAN_POINT ( 'NONE',  ( -24.37760973764227046, 11.61769093910325523, -0.4704178319879661063 ) ) ;
#5407 = CARTESIAN_POINT ( 'NONE',  ( 0.01780241331197826571, 19.63612761938355789, 23.60825094841334604 ) ) ;
#5408 = CARTESIAN_POINT ( 'NONE',  ( 0.06518585363799499210, 8.714846926649666869, -25.58653949573916009 ) ) ;
#5409 = CARTESIAN_POINT ( 'NONE',  ( 24.60690071711531246, 7.672063633556446938, 0.6646217959285100063 ) ) ;
#5410 = ORIENTED_EDGE ( 'NONE', *, *, #682, .T. ) ;
#5411 = DIRECTION ( 'NONE',  ( -0.000000000000000000, 1.000000000000000000, -0.000000000000000000 ) ) ;
#5412 = CARTESIAN_POINT ( 'NONE',  ( 23.62732758367016572, 24.29518282774537141, -0.02072749224577791552 ) ) ;
#5413 = ORIENTED_EDGE ( 'NONE', *, *, #5768, .T. ) ;
#5414 = CARTESIAN_POINT ( 'NONE',  ( -14.31270730586851592, 21.71383033581603073, -4.250067792777512565 ) ) ;
#5415 = CARTESIAN_POINT ( 'NONE',  ( -25.96560273948003328, 7.663033439397174185, 0.03221189969427387667 ) ) ;
#5416 = CARTESIAN_POINT ( 'NONE',  ( 0.01458052472230409423, 24.81666787961533771, 23.67297767626808636 ) ) ;
#5417 = CARTESIAN_POINT ( 'NONE',  ( 0.1163032717742639444, 10.45654127227219199, 25.03620974321722414 ) ) ;
#5418 = CARTESIAN_POINT ( 'NONE',  ( 0.5973689462525199056, 7.097306155136233308, -24.84033614737827733 ) ) ;
#5419 = CARTESIAN_POINT ( 'NONE',  ( 25.22524272223600761, 6.679940596456324542, -0.4704115492557709444 ) ) ;
#5420 = CARTESIAN_POINT ( 'NONE',  ( 23.59032091082017502, 19.63372569947900814, -0.1152268985709179461 ) ) ;
#5421 = CARTESIAN_POINT ( 'NONE',  ( -0.5835193096643401800, 15.15885069358821724, -23.59913222094229113 ) ) ;
#5422 = CARTESIAN_POINT ( 'NONE',  ( -25.21232465406049172, 6.780223472668934548, 0.4704130707738456985 ) ) ;
#5423 = CARTESIAN_POINT ( 'NONE',  ( 0.02512892164417307103, 19.63612554793156662, -23.60823829724108336 ) ) ;
#5424 = FACE_OUTER_BOUND ( 'NONE', #5400, .T. ) ;
#5425 = CARTESIAN_POINT ( 'NONE',  ( 0.1182285183108276877, 7.832035452556489474, 25.80059538719673284 ) ) ;
#5426 = CARTESIAN_POINT ( 'NONE',  ( 0.2824867642098501386, 24.76369841172694564, 23.27105106477326402 ) ) ;
#5427 = CARTESIAN_POINT ( 'NONE',  ( 0.01441974098518698441, 7.494501125504916317, 26.03500485941775722 ) ) ;
#5428 = CARTESIAN_POINT ( 'NONE',  ( 25.13964492298563869, 10.12568318700645698, -0.09491000373648772470 ) ) ;
#5429 = ORIENTED_EDGE ( 'NONE', *, *, #1440, .T. ) ;
#5430 = CARTESIAN_POINT ( 'NONE',  ( -25.87143174339511376, 7.636739547261782057, -0.3894423029773722567 ) ) ;
#5431 = DIRECTION ( 'NONE',  ( -0.000000000000000000, 1.000000000000000000, -0.000000000000000000 ) ) ;
#5432 = CARTESIAN_POINT ( 'NONE',  ( 0.2825795857016604185, 10.43864433660115232, -24.90268484230024626 ) ) ;
#5433 = CARTESIAN_POINT ( 'NONE',  ( 0.07677127596799404596, 25.29851411751397094, 23.70617843559350391 ) ) ;
#5434 = CARTESIAN_POINT ( 'NONE',  ( -0.09604819753270857352, 7.093098873097386736, 26.02460550842529585 ) ) ;
#5435 = CARTESIAN_POINT ( 'NONE',  ( -23.56367248624988520, 22.58916309790991050, -0.09795553197841518067 ) ) ;
#5436 = ORIENTED_EDGE ( 'NONE', *, *, #3020, .T. ) ;
#5437 = CARTESIAN_POINT ( 'NONE',  ( -26.09948754976233687, 7.224241882715439544, 0.1110852100096892392 ) ) ;
#5438 = CARTESIAN_POINT ( 'NONE',  ( -12.62087941970063909, 15.19481306604519943, 21.64058558108285624 ) ) ;
#5439 = CARTESIAN_POINT ( 'NONE',  ( 0.9869432277830268996, 12.00688728720004050, -24.03053489062742898 ) ) ;
#5440 = FACE_OUTER_BOUND ( 'NONE', #4055, .T. ) ;
#5441 = CARTESIAN_POINT ( 'NONE',  ( -0.3431872021845510656, 24.96838420491969046, -23.14968349609073073 ) ) ;
#5442 = CARTESIAN_POINT ( 'NONE',  ( -23.58112784267965623, 13.66507254661889270, 0.7311975928874516750 ) ) ;
#5443 = CARTESIAN_POINT ( 'NONE',  ( 0.2817629994713135022, 8.678110405113805825, -25.31241743233010411 ) ) ;
#5444 = CARTESIAN_POINT ( 'NONE',  ( 25.60183553784818145, 8.716897284040454608, 0.001123063372706874577 ) ) ;
#5445 = CARTESIAN_POINT ( 'NONE',  ( -0.2253960003166468884, 7.174808640710979013, 26.12614059053198190 ) ) ;
#5446 = CARTESIAN_POINT ( 'NONE',  ( 23.63584000926382700, 24.29632365845789366, -0.03160171362886590729 ) ) ;
#5447 = VERTEX_POINT ( 'NONE', #2489 ) ;
#5448 = CARTESIAN_POINT ( 'NONE',  ( 0.000000000000000000, 21.71383033581603073, 16.50000000000000000 ) ) ;
#5449 = CARTESIAN_POINT ( 'NONE',  ( -24.20214776240271348, 8.529334548391940274, 0.7985913576228503841 ) ) ;
#5450 = FACE_OUTER_BOUND ( 'NONE', #5910, .T. ) ;
#5451 = CARTESIAN_POINT ( 'NONE',  ( 0.1981860440905065801, 11.65790948527042659, 24.67768590584567434 ) ) ;
#5452 = CARTESIAN_POINT ( 'NONE',  ( -0.5977411249964329487, 6.938831602957817424, -24.87338294121087401 ) ) ;
#5453 = CARTESIAN_POINT ( 'NONE',  ( 26.28915651848933521, 6.924523738388137062, -0.0009536817827341497996 ) ) ;
#5454 = CARTESIAN_POINT ( 'NONE',  ( 23.65387216287189176, 18.15977129855335903, -0.1974260868822455550 ) ) ;
#5455 = CARTESIAN_POINT ( 'NONE',  ( 23.66381800518679768, 25.10013664676825940, -0.2140156088247497923 ) ) ;
#5456 = EDGE_CURVE ( 'NONE', #4003, #3187, #2249, .T. ) ;
#5457 = CARTESIAN_POINT ( 'NONE',  ( -25.65625240971314014, 6.941720884052399398, -0.2812354664434916218 ) ) ;
#5458 = CARTESIAN_POINT ( 'NONE',  ( 0.7313320071511790754, 21.59128458807226281, -22.72827895074111737 ) ) ;
#5459 = CARTESIAN_POINT ( 'NONE',  ( 14.28941916244324162, 16.71383033581603073, -6.324999999999993072 ) ) ;
#5460 = CARTESIAN_POINT ( 'NONE',  ( 0.1181484233267390827, 7.957696329033094429, 25.76661859261725596 ) ) ;
#5461 = CARTESIAN_POINT ( 'NONE',  ( 0.3431582543039155553, 24.75045129290026580, 23.17219410585254735 ) ) ;
#5462 = CARTESIAN_POINT ( 'NONE',  ( 1.121898716736615453, 15.10591442951046304, 23.30824850341351606 ) ) ;
#5463 = CARTESIAN_POINT ( 'NONE',  ( 24.72015541586822707, 11.66359814509215198, 0.09927786080703240867 ) ) ;
#5464 = CARTESIAN_POINT ( 'NONE',  ( 0.1113577013872563831, 7.225075153150674723, -26.09902386166667299 ) ) ;
#5465 = CARTESIAN_POINT ( 'NONE',  ( -14.28941916244323451, 16.71383033581603073, -6.325000000000007283 ) ) ;
#5466 = CARTESIAN_POINT ( 'NONE',  ( -0.3415108198444307130, 11.64036295455432146, -24.54674036115774882 ) ) ;
#5467 = CARTESIAN_POINT ( 'NONE',  ( -0.0007846884606082902983, 25.20464819227117559, -23.69720670131704310 ) ) ;
#5468 = CARTESIAN_POINT ( 'NONE',  ( -0.6647148065478162282, 6.813589728258618194, 24.70013385295893471 ) ) ;
#5469 = CARTESIAN_POINT ( 'NONE',  ( -23.55611942222292399, 21.70222760334163326, -0.09853044982659900364 ) ) ;
#5470 = ORIENTED_EDGE ( 'NONE', *, *, #6636, .F. ) ;
#5471 = CARTESIAN_POINT ( 'NONE',  ( -25.99072620819470814, 7.421610015390680992, 0.1543006341356163436 ) ) ;
#5472 = DIRECTION ( 'NONE',  ( 0.000000000000000000, 0.000000000000000000, -1.000000000000000000 ) ) ;
#5473 = CARTESIAN_POINT ( 'NONE',  ( -23.66979242308838849, 24.76759303201168549, -0.01891692208999825806 ) ) ;
#5474 = CARTESIAN_POINT ( 'NONE',  ( 0.07073905610768817243, 25.17681228560154238, 23.68063260543885562 ) ) ;
#5475 = CARTESIAN_POINT ( 'NONE',  ( -0.2004146059759057685, 25.00170450815211964, -23.39833645794269756 ) ) ;
#5476 = CARTESIAN_POINT ( 'NONE',  ( -23.88213160253283363, 15.50195020392908596, -0.2842005263021378791 ) ) ;
#5477 = B_SPLINE_CURVE_WITH_KNOTS ( 'NONE', 3,
 ( #3015, #2429, #1309, #6870, #1884, #4178, #4518, #6156, #3941, #5270, #1382, #5612, #3390, #3527, #2848, #5855, #6323, #3562, #1172, #5062, #217, #1754, #5230, #6395, #2980, #252, #2266, #2468, #630, #292, #4686, #82 ),
 .UNSPECIFIED., .F., .F.,
 ( 4, 2, 2, 2, 2, 2, 2, 2, 2, 2, 2, 2, 2, 2, 2, 4 ),
 ( 0.000000000000000000, 0.0002907825543963413434, 0.0005815651087926826867, 0.0008723476631890239759, 0.001163130217585365373, 0.002326260435170740722, 0.004652520870341480576, 0.006978781305512220430, 0.009305041740682959417, 0.01163130217585369754, 0.01395756261102443739, 0.01628382304619517551, 0.01744695326378054370, 0.01802851837257322606, 0.01831930092696957418, 0.01861008348136591883 ),
 .UNSPECIFIED. ) ;
#5478 = CARTESIAN_POINT ( 'NONE',  ( 0.1195958372381419332, 10.12418436448411541, -25.12847439326168342 ) ) ;
#5479 = CARTESIAN_POINT ( 'NONE',  ( 24.35585598235714855, 8.549932135092021213, -0.7316538342981983023 ) ) ;
#5480 = CARTESIAN_POINT ( 'NONE',  ( -0.1501895119507397625, 7.062379824701436881, 26.18990815697964436 ) ) ;
#5481 =( BOUNDED_CURVE ( )  B_SPLINE_CURVE ( 2, ( #6475, #1571, #991 ),
 .UNSPECIFIED., .F., .T. ) 
 B_SPLINE_CURVE_WITH_KNOTS ( ( 3, 3 ),
 ( 0.000000000000000000, 1.000000000000000000 ),
 .UNSPECIFIED. ) 
 CURVE ( )  GEOMETRIC_REPRESENTATION_ITEM ( )  RATIONAL_B_SPLINE_CURVE ( ( 1.000000000000000000, 0.9954377026008663920, 1.000000000000000000 ) ) 
 REPRESENTATION_ITEM ( '' )  );
#5482 = CARTESIAN_POINT ( 'NONE',  ( 23.39833645794269756, 25.00170450815211964, -0.2004146059758240561 ) ) ;
#5483 = ORIENTED_EDGE ( 'NONE', *, *, #884, .T. ) ;
#5484 = CARTESIAN_POINT ( 'NONE',  ( -0.1343655007809518021, 15.19481306604519766, 21.56101358870575879 ) ) ;
#5485 = CARTESIAN_POINT ( 'NONE',  ( -25.59697062184812211, 8.716245063672010573, -0.03324287230382817759 ) ) ;
#5486 = CARTESIAN_POINT ( 'NONE',  ( 0.4689620732074235576, 13.71864594227311684, 23.98092176398385433 ) ) ;
#5487 = CIRCLE ( 'NONE', #6653, 25.88957437681456142 ) ;
#5488 = CARTESIAN_POINT ( 'NONE',  ( -0.7315094138390720868, 6.894586745138489015, -24.54320907428098053 ) ) ;
#5489 = CARTESIAN_POINT ( 'NONE',  ( 25.49132370316086593, 7.021632547013194170, 0.3417515767169857499 ) ) ;
#5490 = CARTESIAN_POINT ( 'NONE',  ( 22.89798546582244754, 22.49995115879839958, 0.5969427557101933957 ) ) ;
#5491 = PRESENTATION_LAYER_ASSIGNMENT (  '', '', ( #149 ) ) ;
#5492 = B_SPLINE_CURVE_WITH_KNOTS ( 'NONE', 3,
 ( #2097, #6539, #2137, #5654 ),
 .UNSPECIFIED., .F., .F.,
 ( 4, 4 ),
 ( 0.000000000000000000, 1.000000000000000000 ),
 .UNSPECIFIED. ) ;
#5493 = CARTESIAN_POINT ( 'NONE',  ( 23.51983974384362597, 24.35569388768321275, -0.2233468326491615807 ) ) ;
#5494 = CARTESIAN_POINT ( 'NONE',  ( -25.65311042931752539, 6.941304772147778301, 0.2826139044701814762 ) ) ;
#5495 = CARTESIAN_POINT ( 'NONE',  ( 0.6640589102465832561, 22.48311559684690764, -22.77235908738215642 ) ) ;
#5496 = CARTESIAN_POINT ( 'NONE',  ( -23.70617828429515583, 25.29851411751397094, -0.07681798113157257968 ) ) ;
#5497 = CARTESIAN_POINT ( 'NONE',  ( -0.1178931201461911882, 7.832044164625802551, 25.80067583413194399 ) ) ;
#5498 = CARTESIAN_POINT ( 'NONE',  ( 0.7323587614294778669, 24.64463569893875672, 22.38254880113739631 ) ) ;
#5499 = TOROIDAL_SURFACE ( 'NONE', #2126, 14.50000000000000000, 2.000000000000000000 ) ;
#5500 = DIRECTION ( 'NONE',  ( -0.000000000000000000, 1.000000000000000000, -0.000000000000000000 ) ) ;
#5501 = CARTESIAN_POINT ( 'NONE',  ( 25.07697099557669418, 10.11728527487231055, -0.1990883870645476228 ) ) ;
#5502 = EDGE_LOOP ( 'NONE', ( #4641, #5741, #2438, #5571 ) ) ;
#5503 = CARTESIAN_POINT ( 'NONE',  ( 0.1401292986182167688, 7.339639019069240433, -26.03559598803136765 ) ) ;
#5504 = CARTESIAN_POINT ( 'NONE',  ( -0.01431504016133958342, 25.28453156259205770, -23.70368839745721345 ) ) ;
#5505 = CIRCLE ( 'NONE', #2601, 26.22556059953014440 ) ;
#5506 = CARTESIAN_POINT ( 'NONE',  ( 0.02561928932891106847, 13.75849773190435421, -24.27833715080842580 ) ) ;
#5507 = CARTESIAN_POINT ( 'NONE',  ( -0.1514951706814570143, 7.063781553689640447, -26.18910705792228910 ) ) ;
#5508 = CARTESIAN_POINT ( 'NONE',  ( -0.7993705571594047488, 6.868061823039600000, 24.34537418925128449 ) ) ;
#5509 = CARTESIAN_POINT ( 'NONE',  ( -22.77235908738215286, 22.48311559684690764, -0.6640589102466626370 ) ) ;
#5510 = EDGE_CURVE ( 'NONE', #6366, #1740, #4117, .T. ) ;
#5511 = CARTESIAN_POINT ( 'NONE',  ( -24.08679644800503183, 12.89021491967025668, 0.4925689247553958205 ) ) ;
#5512 = LINE ( 'NONE', #7079, #1071 ) ;
#5513 = CARTESIAN_POINT ( 'NONE',  ( 1.124548714756026691, 15.11414648345865253, -23.30679842740519447 ) ) ;
#5514 = CARTESIAN_POINT ( 'NONE',  ( 0.05758471676055652161, 25.21831735415054609, 23.68932403609088411 ) ) ;
#5515 = CARTESIAN_POINT ( 'NONE',  ( 0.1178523928286885902, 25.02052222124675041, -23.53877928878237924 ) ) ;
#5516 = CARTESIAN_POINT ( 'NONE',  ( -23.83453405632964106, 12.79433690026907655, 0.6641768490189484675 ) ) ;
#5517 = CARTESIAN_POINT ( 'NONE',  ( 0.6646720143047847307, 10.01140974501168301, -24.28696034282409144 ) ) ;
#5518 = CARTESIAN_POINT ( 'NONE',  ( 24.30782710814910175, 8.803911145565210816, 0.7318379641910295330 ) ) ;
#5519 = CARTESIAN_POINT ( 'NONE',  ( 23.17279446947352994, 25.41337483410604747, 0.2814346360121008916 ) ) ;
#5520 = EDGE_LOOP ( 'NONE', ( #6220, #5410 ) ) ;
#5521 = DIRECTION ( 'NONE',  ( -0.9331243469174946847, -0.000000000000000000, 0.3595538251636310467 ) ) ;
#5522 = CARTESIAN_POINT ( 'NONE',  ( -24.28845832768413970, 7.759616585129375466, 0.7985204854960182841 ) ) ;
#5523 = CARTESIAN_POINT ( 'NONE',  ( -0.06846804409328811902, 15.51455774066545068, 23.97619778661232814 ) ) ;
#5524 = CARTESIAN_POINT ( 'NONE',  ( 0.06421923192797474034, 7.659028430667487619, -25.93572276353849304 ) ) ;
#5525 = CARTESIAN_POINT ( 'NONE',  ( 26.08512857657765238, 7.101210875081300777, -0.06492359790476964765 ) ) ;
#5526 = EDGE_LOOP ( 'NONE', ( #3030, #1270, #6920, #5059 ) ) ;
#5527 = CARTESIAN_POINT ( 'NONE',  ( 23.56944802945122319, 21.70401487045799627, -0.02971708502565312965 ) ) ;
#5528 = FACE_OUTER_BOUND ( 'NONE', #2030, .T. ) ;
#5529 = CARTESIAN_POINT ( 'NONE',  ( -24.67330295287175446, 7.074921735578232784, -0.6646793451063547353 ) ) ;
#5530 = CARTESIAN_POINT ( 'NONE',  ( 0.03342517315113777837, 23.48087961056770467, -23.60689840630316993 ) ) ;
#5531 = LINE ( 'NONE', #5015, #5151 ) ;
#5532 = CARTESIAN_POINT ( 'NONE',  ( 0.06339883902305264163, 8.964771649252035957, 25.50815253437595942 ) ) ;
#5533 = CARTESIAN_POINT ( 'NONE',  ( -0.7983979052074731131, 25.27295106378740641, 22.12495437257088327 ) ) ;
#5534 = CARTESIAN_POINT ( 'NONE',  ( 23.66284728178824892, 25.09552676253306558, -0.2162532529590707464 ) ) ;
#5535 = CARTESIAN_POINT ( 'NONE',  ( 23.98257847077284310, 13.71885972072038662, 0.4709592216942316556 ) ) ;
#5536 = EDGE_LOOP ( 'NONE', ( #5003, #4828, #1812, #3939 ) ) ;
#5537 = CARTESIAN_POINT ( 'NONE',  ( 0.4423175763373907721, 12.13803536235719704, -24.30307715779943933 ) ) ;
#5538 = CARTESIAN_POINT ( 'NONE',  ( -14.32435137758115573, 16.71383033581603073, -2.250101689166268404 ) ) ;
#5539 = CARTESIAN_POINT ( 'NONE',  ( 0.03597946235617741767, 12.87728823887356633, -24.45358145090202129 ) ) ;
#5540 = CARTESIAN_POINT ( 'NONE',  ( -0.05595524993304230865, 24.29613208671622715, -23.62640126630465431 ) ) ;
#5541 = CARTESIAN_POINT ( 'NONE',  ( 0.2005255900974513006, 7.382141962772720056, 25.75009529815709541 ) ) ;
#5542 = CARTESIAN_POINT ( 'NONE',  ( -23.43470086103313932, 21.68595983966641327, 0.2813669126933215914 ) ) ;
#5543 = CARTESIAN_POINT ( 'NONE',  ( -0.2010738197781662961, 21.69612946065699788, 23.51062040750829496 ) ) ;
#5544 = CARTESIAN_POINT ( 'NONE',  ( -26.03583473245399915, 7.339204114396223666, 0.1398962946822375764 ) ) ;
#5545 = CARTESIAN_POINT ( 'NONE',  ( 23.69719771214554527, 25.20452372157344811, 0.0008292401009414227236 ) ) ;
#5546 = CARTESIAN_POINT ( 'NONE',  ( 23.70370387639002985, 25.28460175508514496, 0.01416770204383599636 ) ) ;
#5547 = CARTESIAN_POINT ( 'NONE',  ( 0.1418471166325911137, 25.22705103996177556, 23.69077400549799961 ) ) ;
#5548 = CARTESIAN_POINT ( 'NONE',  ( 0.09642771898874352710, 25.02514945855035222, -23.57330737813028421 ) ) ;
#5549 = CARTESIAN_POINT ( 'NONE',  ( -23.98257847077284310, 13.71885972072038662, -0.4709592216942316556 ) ) ;
#5550 = ADVANCED_FACE ( 'NONE', ( #888 ), #4193, .F. ) ;
#5551 = CARTESIAN_POINT ( 'NONE',  ( -0.1169520861242648452, 9.541732788161718659, -25.29781853966917637 ) ) ;
#5552 = CARTESIAN_POINT ( 'NONE',  ( 25.58856364916751147, 8.715119308304686285, -0.06361746873084071774 ) ) ;
#5553 = CARTESIAN_POINT ( 'NONE',  ( 23.62831952140080460, 25.03252295078253908, -0.06451822404242824049 ) ) ;
#5554 = CARTESIAN_POINT ( 'NONE',  ( -23.69911616287093992, 25.26584467047445770, 0.1159821295865903767 ) ) ;
#5555 = ORIENTED_EDGE ( 'NONE', *, *, #4750, .T. ) ;
#5556 = CARTESIAN_POINT ( 'NONE',  ( -25.39279819417152950, 8.298244886780153706, 0.2822403039507667688 ) ) ;
#5557 = CARTESIAN_POINT ( 'NONE',  ( -0.7323037128974456689, 15.42817971293575319, 23.33166882933274877 ) ) ;
#5558 = CARTESIAN_POINT ( 'NONE',  ( 3.902578084442098928E-05, 7.664432935134713354, -25.97604820104866974 ) ) ;
#5559 = CARTESIAN_POINT ( 'NONE',  ( 25.98262308777554352, 7.087472693424493819, 0.1175078405309335633 ) ) ;
#5560 = EDGE_LOOP ( 'NONE', ( #6945, #1778, #628, #5413 ) ) ;
#5561 = B_SPLINE_CURVE_WITH_KNOTS ( 'NONE', 3,
 ( #1059, #1709, #4511, #6113, #4981, #6735, #3934, #3382, #1638, #6187, #658, #7208, #2733, #3898, #2220, #4437, #1129, #1164, #6664, #3348, #5566, #585, #2258, #5604, #622, #1746, #5817, #2394, #4688, #4114, #4615, #4076, #2509, #801, #6915, #4042 ),
 .UNSPECIFIED., .F., .F.,
 ( 4, 2, 2, 2, 2, 2, 2, 2, 2, 2, 2, 2, 2, 2, 2, 2, 2, 4 ),
 ( 0.000000000000000000, 0.0001502355170193562291, 0.0003004710340387124583, 0.0006009420680774270850, 0.001201884136154856338, 0.002403768272309714411, 0.004807536544619430557, 0.007211304816929145836, 0.009615073089238862850, 0.01201884136154857813, 0.01442260963385829688, 0.01682637790616801216, 0.01802826204232286372, 0.01832873307636157315, 0.01862920411040028257, 0.01892967514443898852, 0.01907991066145834844, 0.01923014617847770835 ),
 .UNSPECIFIED. ) ;
#5562 = CARTESIAN_POINT ( 'NONE',  ( 22.72827895074111382, 21.59128458807226281, 0.7313320071512584564 ) ) ;
#5563 = CARTESIAN_POINT ( 'NONE',  ( 23.68376893704845898, 24.98912753697412370, -0.004794673784140015237 ) ) ;
#5564 = CARTESIAN_POINT ( 'NONE',  ( -25.49132370316086593, 7.021632547013194170, -0.3417515767169857499 ) ) ;
#5565 = CARTESIAN_POINT ( 'NONE',  ( -0.7992989181816696487, 22.44887704625534752, -22.51676762850834024 ) ) ;
#5566 = CARTESIAN_POINT ( 'NONE',  ( -1.000917249118310925, 19.87852605418631668, 23.00830020826250433 ) ) ;
#5567 = CARTESIAN_POINT ( 'NONE',  ( 0.5977221028085025756, 8.845405828585933605, 24.61738289062352081 ) ) ;
#5568 = CARTESIAN_POINT ( 'NONE',  ( -0.2814346360118581969, 25.41337483410604747, 23.17279446947353350 ) ) ;
#5569 = CARTESIAN_POINT ( 'NONE',  ( 23.69911616258032439, 25.26584466907504023, -0.1159821275933888562 ) ) ;
#5570 = CARTESIAN_POINT ( 'NONE',  ( 23.88213160253283363, 15.50195020392908596, 0.2842005263021378791 ) ) ;
#5571 = ORIENTED_EDGE ( 'NONE', *, *, #2485, .T. ) ;
#5572 = CARTESIAN_POINT ( 'NONE',  ( 0.7682494139827427126, 9.760133762920258249, -24.84481198100679933 ) ) ;
#5573 = CARTESIAN_POINT ( 'NONE',  ( -23.53524872004150836, 23.27268620760098727, 0.1500174731188907984 ) ) ;
#5574 = CARTESIAN_POINT ( 'NONE',  ( 0.3439747140914599655, 13.73751895103514542, -24.12180956079028249 ) ) ;
#5575 = CARTESIAN_POINT ( 'NONE',  ( -1.111585319414227113, 17.49028610147717444, -23.04251906823785490 ) ) ;
#5576 = CARTESIAN_POINT ( 'NONE',  ( -0.3418021388541748196, 7.340347350100864254, 25.43824991086427190 ) ) ;
#5577 = CARTESIAN_POINT ( 'NONE',  ( -22.71444263116628193, 24.17284328252794978, -0.5967700866814309446 ) ) ;
#5578 = CARTESIAN_POINT ( 'NONE',  ( -0.4693667883694547238, 23.40601842563232537, 23.04829583355656908 ) ) ;
#5579 = CARTESIAN_POINT ( 'NONE',  ( -25.32208726135922916, 8.731838975346171594, 0.3229432640536433752 ) ) ;
#5580 = B_SPLINE_CURVE_WITH_KNOTS ( 'NONE', 3,
 ( #3666, #4175, #392, #6320 ),
 .UNSPECIFIED., .F., .F.,
 ( 4, 4 ),
 ( 0.4995117581989823030, 1.000000000000000000 ),
 .UNSPECIFIED. ) ;
#5581 = CARTESIAN_POINT ( 'NONE',  ( -24.71988689090627034, 6.612208790073230702, -0.6647463861250297867 ) ) ;
#5582 = CARTESIAN_POINT ( 'NONE',  ( 23.71147647697072003, 25.32367952792936805, 0.02817215872137139587 ) ) ;
#5583 = CARTESIAN_POINT ( 'NONE',  ( 0.4235647793869427025, 22.61440812146296153, 23.24787228867047872 ) ) ;
#5584 = CARTESIAN_POINT ( 'NONE',  ( 0.03851995879199959089, 25.25226168190416232, -23.69648360726170822 ) ) ;
#5585 = CARTESIAN_POINT ( 'NONE',  ( -24.43567384297005063, 12.87488979395431343, 0.1150077529565122769 ) ) ;
#5586 = DIRECTION ( 'NONE',  ( 0.000000000000000000, 0.000000000000000000, -1.000000000000000000 ) ) ;
#5587 = CARTESIAN_POINT ( 'NONE',  ( 0.002304135630545895135, 10.12829668672545402, -25.15915380318402228 ) ) ;
#5588 = ADVANCED_FACE ( 'NONE', ( #5834 ), #6965, .F. ) ;
#5589 = CARTESIAN_POINT ( 'NONE',  ( 24.54517536307385583, 8.184648120658570392, 0.6645941800715343684 ) ) ;
#5590 = CARTESIAN_POINT ( 'NONE',  ( 23.66821746090791478, 25.03786932165219525, -0.03220252430420451895 ) ) ;
#5591 = CARTESIAN_POINT ( 'NONE',  ( 26.05901792098704561, 7.294417015259972104, 0.2831599704047717547 ) ) ;
#5592 = CARTESIAN_POINT ( 'NONE',  ( 5.213530464874549075, 21.71383033581603073, 13.53030303030294235 ) ) ;
#5593 = CARTESIAN_POINT ( 'NONE',  ( -25.54842927215356596, 8.709741442665862365, 0.1176006364693863576 ) ) ;
#5594 = CARTESIAN_POINT ( 'NONE',  ( -0.004149504955535723502, 13.75861637243681024, 24.27922106975305283 ) ) ;
#5595 = CARTESIAN_POINT ( 'NONE',  ( -0.3430020130428882430, 7.400201238903898471, -25.43040210109819199 ) ) ;
#5596 = AXIS2_PLACEMENT_3D ( 'NONE', #1576, #1467, #2012 ) ;
#5597 = ADVANCED_FACE ( 'NONE', ( #2410 ), #472, .T. ) ;
#5598 = CARTESIAN_POINT ( 'NONE',  ( 26.13398204321931217, 7.270670644340834876, -0.0004491899100193090522 ) ) ;
#5599 = CARTESIAN_POINT ( 'NONE',  ( -22.83335556512797382, 25.14693604737652421, -0.4692974219510245848 ) ) ;
#5600 = CARTESIAN_POINT ( 'NONE',  ( 23.36664715893366306, 21.67683461429123071, 0.3426209774062199398 ) ) ;
#5601 = CARTESIAN_POINT ( 'NONE',  ( 23.11401429865479074, 21.47558588133141200, -0.8559750855307084461 ) ) ;
#5602 = CARTESIAN_POINT ( 'NONE',  ( -26.02106220171261697, 7.092625732938900640, 0.09712592062758783340 ) ) ;
#5603 = CARTESIAN_POINT ( 'NONE',  ( -0.3421590756072251382, 21.67615990685651184, -23.36156757488220492 ) ) ;
#5604 = CARTESIAN_POINT ( 'NONE',  ( -0.6115876548256189427, 23.42872133742140051, 23.35469555608044701 ) ) ;
#5605 = CARTESIAN_POINT ( 'NONE',  ( 0.1178922087295120602, 8.334223906120071135, 25.66129250655643546 ) ) ;
#5606 = CARTESIAN_POINT ( 'NONE',  ( 0.7992773452424659641, 25.27481500617495058, 22.13875909031308709 ) ) ;
#5607 = AXIS2_PLACEMENT_3D ( 'NONE', #5821, #3533, #4011 ) ;
#5608 = CARTESIAN_POINT ( 'NONE',  ( 25.87100363140588044, 7.637535660046895103, -0.3895905535800820996 ) ) ;
#5609 = CARTESIAN_POINT ( 'NONE',  ( 24.34617910675682495, 12.86289326641290920, 0.2836685537602920415 ) ) ;
#5610 = ORIENTED_EDGE ( 'NONE', *, *, #4020, .T. ) ;
#5611 = CARTESIAN_POINT ( 'NONE',  ( 1.106307938365398424, 14.34068418982263005, -23.44528057046066749 ) ) ;
#5612 = CARTESIAN_POINT ( 'NONE',  ( 23.42342825397994943, 22.12791605837186282, 0.2739656530909426180 ) ) ;
#5613 = CARTESIAN_POINT ( 'NONE',  ( 0.1216873979666907440, 15.51276879813485010, -23.96285177239751363 ) ) ;
#5614 = CARTESIAN_POINT ( 'NONE',  ( -0.001252827531426902244, 25.16767210809160105, -23.69440915341206377 ) ) ;
#5615 = CARTESIAN_POINT ( 'NONE',  ( -0.09613263230408920779, 7.250766467301382079, 25.98545889210207704 ) ) ;
#5616 = CARTESIAN_POINT ( 'NONE',  ( -23.57223456566751807, 23.77154346488309145, 0.1176632651813501601 ) ) ;
#5617 = CIRCLE ( 'NONE', #5383, 2.000000000000000444 ) ;
#5618 = CARTESIAN_POINT ( 'NONE',  ( -0.7311131265480012020, 23.62873228090659339, 22.50660073979301856 ) ) ;
#5619 = EDGE_CURVE ( 'NONE', #2564, #3398, #1900, .T. ) ;
#5620 = AXIS2_PLACEMENT_3D ( 'NONE', #959, #2085, #4302 ) ;
#5621 = CARTESIAN_POINT ( 'NONE',  ( -26.22543059861294168, 7.000345051182264910, -0.08257528058647069236 ) ) ;
#5622 = CARTESIAN_POINT ( 'NONE',  ( 0.7771325692322750278, 22.24463498504249515, 23.18545945884968873 ) ) ;
#5623 = FACE_OUTER_BOUND ( 'NONE', #5635, .T. ) ;
#5624 = CARTESIAN_POINT ( 'NONE',  ( 0.07681798113192939148, 25.29851411751398160, -23.70617828429513096 ) ) ;
#5625 = CARTESIAN_POINT ( 'NONE',  ( -23.60225898016044965, 18.15285048874050844, -0.2838763299912436811 ) ) ;
#5626 = CARTESIAN_POINT ( 'NONE',  ( 0.0007976048752564491749, 7.097743873957944594, 26.18491615244683501 ) ) ;
#5627 = CARTESIAN_POINT ( 'NONE',  ( 25.15779701832981274, 10.12811467823015654, 0.02377613827427707202 ) ) ;
#5628 = CARTESIAN_POINT ( 'NONE',  ( 23.39429030691530187, 25.00115878623504528, 0.1995974380826729955 ) ) ;
#5629 = CARTESIAN_POINT ( 'NONE',  ( 26.18990815697924290, 7.062379824702194497, 0.1501895119498025954 ) ) ;
#5630 = CARTESIAN_POINT ( 'NONE',  ( 0.000000000000000000, 16.71383033581603073, 16.50000000000000000 ) ) ;
#5631 = CARTESIAN_POINT ( 'NONE',  ( -25.12265844291206562, 9.518256390097215913, -0.2821260870255747344 ) ) ;
#5632 = CARTESIAN_POINT ( 'NONE',  ( 0.1973978791994381032, 13.75202879239702014, 24.23004988417485350 ) ) ;
#5633 = CARTESIAN_POINT ( 'NONE',  ( -0.02160401693631535183, 7.481711861133659269, -26.03867378482769368 ) ) ;
#5634 = CARTESIAN_POINT ( 'NONE',  ( 25.93198617338654088, 7.467413806184387326, 0.09624718757128000735 ) ) ;
#5635 = EDGE_LOOP ( 'NONE', ( #4781, #5361 ) ) ;
#5636 = CARTESIAN_POINT ( 'NONE',  ( -22.44890342367204994, 25.09541457462836789, -0.6639591169784767599 ) ) ;
#5637 = CARTESIAN_POINT ( 'NONE',  ( 23.56907863021678295, 21.70396480375539028, 0.03468156128200632765 ) ) ;
#5638 = CARTESIAN_POINT ( 'NONE',  ( 23.12200889135667836, 16.68408097381783151, -0.7881165289065810153 ) ) ;
#5639 = CARTESIAN_POINT ( 'NONE',  ( -25.57019936145555050, 7.418929758907623295, -0.2813415315286285634 ) ) ;
#5640 = CARTESIAN_POINT ( 'NONE',  ( 0.6639655575439259438, 23.35629451691783132, -22.67725751682359103 ) ) ;
#5641 = DIRECTION ( 'NONE',  ( 0.000000000000000000, 0.000000000000000000, -1.000000000000000000 ) ) ;
#5642 = CARTESIAN_POINT ( 'NONE',  ( 0.3426955987065884446, 8.662668550523484612, 25.19714600409785987 ) ) ;
#5643 = ADVANCED_FACE ( 'NONE', ( #1364 ), #235, .F. ) ;
#5644 = CARTESIAN_POINT ( 'NONE',  ( -0.6639823098739427998, 25.31185801324562945, 22.41527803036352395 ) ) ;
#5645 = CARTESIAN_POINT ( 'NONE',  ( 23.67227280575634296, 25.14017930092217412, -0.1942480080605419601 ) ) ;
#5646 = CARTESIAN_POINT ( 'NONE',  ( 24.23008043101890507, 13.75202938187618784, 0.2025950405827764145 ) ) ;
#5647 = ORIENTED_EDGE ( 'NONE', *, *, #4044, .T. ) ;
#5648 = CARTESIAN_POINT ( 'NONE',  ( 0.3593199608228039854, 24.69168594786590276, -23.58042882250674310 ) ) ;
#5649 = CARTESIAN_POINT ( 'NONE',  ( 0.09982035881441433944, 12.87577934346058051, -24.44232590587295917 ) ) ;
#5650 = CARTESIAN_POINT ( 'NONE',  ( -0.1827988158347786385, 24.64396486284773147, -23.57389868562825441 ) ) ;
#5651 = CARTESIAN_POINT ( 'NONE',  ( 0.6646466877051400157, 7.077400607291192358, 24.69171395438543115 ) ) ;
#5652 = CARTESIAN_POINT ( 'NONE',  ( -22.51558327951182292, 23.62994883586250339, 0.7323540893561220066 ) ) ;
#5653 = CARTESIAN_POINT ( 'NONE',  ( -0.09795553197816836422, 22.58916309790991050, 23.56367248624988520 ) ) ;
#5654 = CARTESIAN_POINT ( 'NONE',  ( -26.22543059861294168, 7.000345051182263134, -0.08257528058629437506 ) ) ;
#5655 = DIRECTION ( 'NONE',  ( -0.000000000000000000, 1.000000000000000000, -0.000000000000000000 ) ) ;
#5656 = DIRECTION ( 'NONE',  ( 0.000000000000000000, 1.000000000000000000, 0.000000000000000000 ) ) ;
#5657 = CARTESIAN_POINT ( 'NONE',  ( 23.70034385049278924, 25.26892428420213932, 0.02772834827786101186 ) ) ;
#5658 = CARTESIAN_POINT ( 'NONE',  ( -0.1183873143518182902, 25.45809825710686525, -23.50650461670884894 ) ) ;
#5659 = CARTESIAN_POINT ( 'NONE',  ( -23.69606416988473896, 18.16542417833255385, 0.06064875468522248902 ) ) ;
#5660 = CARTESIAN_POINT ( 'NONE',  ( -0.03044673344754513303, 6.975397712925634153, 26.23959171989028505 ) ) ;
#5661 = CARTESIAN_POINT ( 'NONE',  ( 24.78652095052721904, 9.473209540895425107, 0.4698388378083717121 ) ) ;
#5662 = CARTESIAN_POINT ( 'NONE',  ( -23.80798759955901645, 1.406610341118329943, -47.61597519911800447 ) ) ;
#5663 = CARTESIAN_POINT ( 'NONE',  ( -26.20945821232919215, 7.028189981942033704, 0.1217258242832038179 ) ) ;
#5664 = CARTESIAN_POINT ( 'NONE',  ( -0.0007976048750698850861, 7.097743873957978344, -26.18491615244682436 ) ) ;
#5665 = CARTESIAN_POINT ( 'NONE',  ( -25.12847439326168342, 10.12418436448411541, -0.1195958372382296686 ) ) ;
#5666 = CARTESIAN_POINT ( 'NONE',  ( -0.6646784124879061562, 19.55788196992824624, 23.02440885351824207 ) ) ;
#5667 = CARTESIAN_POINT ( 'NONE',  ( 0.7992252429785914325, 7.627790439973450631, -24.27653294587950583 ) ) ;
#5668 = CARTESIAN_POINT ( 'NONE',  ( 24.83484691313296366, 7.259494587317935732, -0.5977587612463250988 ) ) ;
#5669 = EDGE_LOOP ( 'NONE', ( #5483, #3343, #1254, #3338 ) ) ;
#5670 = CARTESIAN_POINT ( 'NONE',  ( -23.14968349609073073, 24.96838420491969046, 0.3431872021844702414 ) ) ;
#5671 = CARTESIAN_POINT ( 'NONE',  ( 23.61587948483549226, 23.77739148762356081, -0.03119370007980404313 ) ) ;
#5672 = CARTESIAN_POINT ( 'NONE',  ( 25.92806344266454133, 7.759752503374693688, -0.03144478305233956716 ) ) ;
#5673 = CARTESIAN_POINT ( 'NONE',  ( -25.43040210109819199, 7.400201238903898471, 0.3430020130427994252 ) ) ;
#5674 = CARTESIAN_POINT ( 'NONE',  ( 0.5633217678472828283, 14.40168225536566560, 23.73640001650475284 ) ) ;
#5675 = CARTESIAN_POINT ( 'NONE',  ( 0.2001677424076288014, 8.319133486343865513, 25.54867900732424957 ) ) ;
#5676 =( BOUNDED_SURFACE ( )  B_SPLINE_SURFACE ( 2, 3, ( 
 ( #3729, #4238, #459, #1404, #3659, #2532 ),
 ( #2674, #2568, #860, #1984, #1477, #4822 ),
 ( #5404, #5843, #3227, #5878, #4892, #2058 ) ),
 .UNSPECIFIED., .F., .F., .T. ) 
 B_SPLINE_SURFACE_WITH_KNOTS ( ( 3, 3 ),
 ( 4, 2, 4 ),
 ( 0.000000000000000000, 1.000000000000000000 ),
 ( 0.000000000000000000, 9.355188861396765941E-05, 0.0001871037772279353188 ),
 .UNSPECIFIED. ) 
 GEOMETRIC_REPRESENTATION_ITEM ( )  RATIONAL_B_SPLINE_SURFACE ( (
 ( 1.000000000000000000, 1.000000000000000000, 1.000000000000000000, 1.000000000000000000, 1.000000000000000000, 1.000000000000000000),
 ( 0.9954377026008663920, 0.9968882530527222174, 0.9980233822462092341, 0.9980145982015573569, 0.9968796860328652532, 0.9954353892156436734),
 ( 1.000000000000000000, 1.000000000000000000, 1.000000000000000000, 1.000000000000000000, 1.000000000000000000, 1.000000000000000000) ) ) 
 REPRESENTATION_ITEM ( '' )  SURFACE ( )  );
#5677 = CARTESIAN_POINT ( 'NONE',  ( 0.4708034217830113777, 25.36895730540319605, 22.84129166334248140 ) ) ;
#5678 = DIRECTION ( 'NONE',  ( 0.000000000000000000, 0.000000000000000000, 1.000000000000000000 ) ) ;
#5679 = CARTESIAN_POINT ( 'NONE',  ( 24.27773234722540607, 13.75841715419749178, -0.02814343765147840626 ) ) ;
#5680 = EDGE_CURVE ( 'NONE', #3766, #5811, #3687, .T. ) ;
#5681 = ORIENTED_EDGE ( 'NONE', *, *, #1682, .T. ) ;
#5682 = CARTESIAN_POINT ( 'NONE',  ( 0.07058210693756886145, 25.17760779715527164, -23.68079833071275075 ) ) ;
#5683 = CARTESIAN_POINT ( 'NONE',  ( -0.06032762011206740244, 15.51461135629530297, -23.97658945902020733 ) ) ;
#5684 = CARTESIAN_POINT ( 'NONE',  ( -0.5910238486384494783, 16.70839331231744396, -23.39631372076585336 ) ) ;
#5685 = CARTESIAN_POINT ( 'NONE',  ( -0.4695532098160382639, 7.139710586857447971, 25.15675923921716617 ) ) ;
#5686 = CARTESIAN_POINT ( 'NONE',  ( -22.37730411425765098, 23.61141887077569379, 0.7993639922185385993 ) ) ;
#5687 = CARTESIAN_POINT ( 'NONE',  ( 0.4706097144168876478, 23.40738173675255496, 23.05840772190288845 ) ) ;
#5688 = ORIENTED_EDGE ( 'NONE', *, *, #501, .T. ) ;
#5689 = CARTESIAN_POINT ( 'NONE',  ( -1.124861462324090233, 15.13098588494715280, 23.30399216472235580 ) ) ;
#5690 = FACE_OUTER_BOUND ( 'NONE', #7050, .T. ) ;
#5691 = CARTESIAN_POINT ( 'NONE',  ( -26.22543006124312015, 7.000345051182263134, 0.08274577012431875989 ) ) ;
#5692 = DIRECTION ( 'NONE',  ( -0.000000000000000000, -1.000000000000000000, -0.000000000000000000 ) ) ;
#5693 = CARTESIAN_POINT ( 'NONE',  ( 0.1177978868585181915, 25.23918523544271508, -23.52171686469536738 ) ) ;
#5694 = CARTESIAN_POINT ( 'NONE',  ( -23.96970157607484708, 15.51368860744981326, 0.09279817396617362490 ) ) ;
#5695 = CARTESIAN_POINT ( 'NONE',  ( 26.05678570638737312, 7.298425637444899472, 0.2847007406016017206 ) ) ;
#5696 = CARTESIAN_POINT ( 'NONE',  ( 24.52561528315357009, 9.438255374585546420, -0.5976601160940707702 ) ) ;
#5697 = DIRECTION ( 'NONE',  ( -0.1551794268390524756, 1.233492238972559414E-13, -0.9878863019021486558 ) ) ;
#5698 = CARTESIAN_POINT ( 'NONE',  ( 16.30012398138545038, 16.71383033581603073, -2.560460542844364085 ) ) ;
#5699 = CARTESIAN_POINT ( 'NONE',  ( -0.1477318019398994875, 25.29851411752938972, 23.70584242679139564 ) ) ;
#5700 = CARTESIAN_POINT ( 'NONE',  ( -24.88932525466842449, 8.881839004011396810, -0.4697250766325792304 ) ) ;
#5701 = CARTESIAN_POINT ( 'NONE',  ( -0.6649866860992716955, 18.09239263764602512, 23.15113375338743751 ) ) ;
#5702 = CARTESIAN_POINT ( 'NONE',  ( 0.7992057170878448247, 7.756297124538613197, -24.26379220751943677 ) ) ;
#5703 = CARTESIAN_POINT ( 'NONE',  ( 25.76133341297214940, 7.383644459550672501, 0.1994147536456335468 ) ) ;
#5704 = ORIENTED_EDGE ( 'NONE', *, *, #5768, .F. ) ;
#5705 = CARTESIAN_POINT ( 'NONE',  ( -22.15984418806033673, 25.05667706825462915, -0.7983687807566079986 ) ) ;
#5706 = CARTESIAN_POINT ( 'NONE',  ( 23.35152727773681391, 23.74196830411835180, -0.2822355350392581341 ) ) ;
#5707 = CARTESIAN_POINT ( 'NONE',  ( 25.20612417330690747, 9.571924499818255327, -0.2011659210049597524 ) ) ;
#5708 = CARTESIAN_POINT ( 'NONE',  ( -24.82154387270112750, 7.257701400345486498, -0.5973578963774754946 ) ) ;
#5709 = CARTESIAN_POINT ( 'NONE',  ( 0.2312344295144834194, 22.50251429877859977, 23.45900282126835279 ) ) ;
#5710 = CARTESIAN_POINT ( 'NONE',  ( 0.03043292341731247339, 9.546163986693281700, 25.33089079982122982 ) ) ;
#5711 = CARTESIAN_POINT ( 'NONE',  ( 0.1992946694115318440, 7.066915651316557856, -25.82922714289246358 ) ) ;
#5712 = CARTESIAN_POINT ( 'NONE',  ( 23.76070516811562428, 17.28222904059294507, 0.1215416778558672389 ) ) ;
#5713 = CIRCLE ( 'NONE', #4551, 25.88957437681456142 ) ;
#5714 = ORIENTED_EDGE ( 'NONE', *, *, #3238, .F. ) ;
#5715 = CARTESIAN_POINT ( 'NONE',  ( 0.05717511310999362495, 25.21912157085321482, -23.68949342589434792 ) ) ;
#5716 = CARTESIAN_POINT ( 'NONE',  ( -0.2796624635020352745, 15.50192313449378112, -23.88189274388275507 ) ) ;
#5717 = CARTESIAN_POINT ( 'NONE',  ( -0.4307169967025351598, 7.805647636930047817, -25.78161810170067625 ) ) ;
#5718 = CARTESIAN_POINT ( 'NONE',  ( -0.7992565458794598232, 7.439107150521222067, 24.29466854816678278 ) ) ;
#5719 = CARTESIAN_POINT ( 'NONE',  ( 0.5979291669727604397, 21.62424098268073536, 22.97412011599938708 ) ) ;
#5720 = AXIS2_PLACEMENT_3D ( 'NONE', #6913, #5745, #3977 ) ;
#5721 = CARTESIAN_POINT ( 'NONE',  ( -0.2982821866040311076, 23.78137618531938102, 23.41782581859757428 ) ) ;
#5722 = CARTESIAN_POINT ( 'NONE',  ( 5.213530464874319037, 21.71383033581603073, 15.53030303030303116 ) ) ;
#5723 = VECTOR ( 'NONE', #2985, 1000.000000000000000 ) ;
#5724 = CARTESIAN_POINT ( 'NONE',  ( 0.8520821648802067161, 10.51593164841935035, 24.54206820014896806 ) ) ;
#5725 = DIRECTION ( 'NONE',  ( 0.000000000000000000, -1.283695372222837250E-13, 1.000000000000000000 ) ) ;
#5726 = CARTESIAN_POINT ( 'NONE',  ( 0.7983168649143259632, 6.569555228875842090, 24.40150074176546369 ) ) ;
#5727 = CARTESIAN_POINT ( 'NONE',  ( -23.83225171990247659, 15.49527136013097639, 0.3405648314221142448 ) ) ;
#5728 = CARTESIAN_POINT ( 'NONE',  ( 15.35100424056072121, 7.000345051182263134, -26.32183621886599667 ) ) ;
#5729 = EDGE_CURVE ( 'NONE', #5759, #3923, #3298, .T. ) ;
#5730 = VECTOR ( 'NONE', #3914, 1000.000000000000000 ) ;
#5731 = CARTESIAN_POINT ( 'NONE',  ( 25.50621855700735807, 8.964511351938641681, 0.06540406031947719467 ) ) ;
#5732 = DIRECTION ( 'NONE',  ( -0.000000000000000000, -1.000000000000000000, 0.000000000000000000 ) ) ;
#5733 = CARTESIAN_POINT ( 'NONE',  ( 26.12683197922964595, 7.255120093083445632, 0.003458335422484097501 ) ) ;
#5734 = CARTESIAN_POINT ( 'NONE',  ( -25.88957437682375584, 3.760367054727149494, 3.170558439186453937E-15 ) ) ;
#5735 = CARTESIAN_POINT ( 'NONE',  ( -25.51802454473206438, 8.966094201070390568, 0.02010799548807786982 ) ) ;
#5736 = AXIS2_PLACEMENT_3D ( 'NONE', #3244, #6555, #3133 ) ;
#5737 = CARTESIAN_POINT ( 'NONE',  ( -0.3440873706082746009, 17.26489585364259938, 23.63137556014587659 ) ) ;
#5738 = CARTESIAN_POINT ( 'NONE',  ( 0.7991524686410202971, 8.141664941538452993, -24.22443396817957861 ) ) ;
#5739 = PRODUCT_DEFINITION_FORMATION_WITH_SPECIFIED_SOURCE ( 'ä»', '', #3523, .NOT_KNOWN. ) ;
#5740 = CARTESIAN_POINT ( 'NONE',  ( 25.89493286352313817, 7.462448168337187049, 0.1176837075221126294 ) ) ;
#5741 = ORIENTED_EDGE ( 'NONE', *, *, #6568, .F. ) ;
#5742 = CARTESIAN_POINT ( 'NONE',  ( -22.63418319713072790, 24.89930513554759273, 0.5983565823905678815 ) ) ;
#5743 = CARTESIAN_POINT ( 'NONE',  ( 23.62217460465598151, 23.77823461501660418, 0.02254233294791731929 ) ) ;
#5744 = CARTESIAN_POINT ( 'NONE',  ( 23.44882577916079569, 14.32464713975066495, -1.103267434616303166 ) ) ;
#5745 = DIRECTION ( 'NONE',  ( -0.7779449200783983276, 1.234025698973636563E-13, 0.6283324767384020904 ) ) ;
#5746 = CARTESIAN_POINT ( 'NONE',  ( -26.04781636414378099, 7.482936854728404086, 0.0001812680632787373389 ) ) ;
#5747 = CARTESIAN_POINT ( 'NONE',  ( 0.003815260238736464197, 7.280185759697769043, 26.11842674141994891 ) ) ;
#5748 = CARTESIAN_POINT ( 'NONE',  ( -0.2009057898796635377, 10.11724995177589648, 25.07673355469196963 ) ) ;
#5749 = CARTESIAN_POINT ( 'NONE',  ( -0.5977339264538559238, 6.838386554687621022, -24.88509084523530390 ) ) ;
#5750 = EDGE_CURVE ( 'NONE', #963, #1752, #3135, .T. ) ;
#5751 = CARTESIAN_POINT ( 'NONE',  ( 23.68949222094850882, 18.16454376727064357, -0.09312079062355335668 ) ) ;
#5752 = ORIENTED_EDGE ( 'NONE', *, *, #2433, .F. ) ;
#5753 = CARTESIAN_POINT ( 'NONE',  ( 0.3056023441412205055, 24.87851753818929623, -23.61782049931675331 ) ) ;
#5754 = CARTESIAN_POINT ( 'NONE',  ( 0.5981373819671829128, 17.22526362585847437, -23.33564753228909439 ) ) ;
#5755 = CARTESIAN_POINT ( 'NONE',  ( -0.4925689247600883447, 12.89021491966957456, -24.08679644799849484 ) ) ;
#5756 = CARTESIAN_POINT ( 'NONE',  ( 0.7315842735004010056, 7.464513652476401084, 24.48415753201081202 ) ) ;
#5757 = CARTESIAN_POINT ( 'NONE',  ( -23.69000752173475277, 25.04078908800868675, 4.817698394138369977E-06 ) ) ;
#5758 = CARTESIAN_POINT ( 'NONE',  ( -0.1997273196331009748, 24.27306586489400075, 23.46230022272889215 ) ) ;
#5759 = VERTEX_POINT ( 'NONE', #2634 ) ;
#5760 = CARTESIAN_POINT ( 'NONE',  ( -0.05594717616338267668, 24.30073493625279824, 23.62696486804370011 ) ) ;
#5761 = DIRECTION ( 'NONE',  ( -0.000000000000000000, 1.000000000000000000, -0.000000000000000000 ) ) ;
#5762 = CARTESIAN_POINT ( 'NONE',  ( -26.28915651848933521, 6.924523738388137062, 0.0009536817827341497996 ) ) ;
#5763 = CARTESIAN_POINT ( 'NONE',  ( 26.21814725881104735, 7.013986296015318089, 0.01522861479178493939 ) ) ;
#5764 = CARTESIAN_POINT ( 'NONE',  ( -23.73444524384763099, 14.42208174884239646, -0.5649363272227203581 ) ) ;
#5765 = CARTESIAN_POINT ( 'NONE',  ( -23.50517230187743323, 19.62231652872868892, 0.2804350903744917689 ) ) ;
#5766 = APPLICATION_PROTOCOL_DEFINITION ( 'draft international standard', 'automotive_design', 1998, #2872 ) ;
#5767 = CARTESIAN_POINT ( 'NONE',  ( 24.17092060271565046, 8.785577948236962698, -0.7986034557196457495 ) ) ;
#5768 = EDGE_CURVE ( 'NONE', #3502, #5265, #6088, .T. ) ;
#5769 = CARTESIAN_POINT ( 'NONE',  ( 23.30399216472165591, 15.13098588494795216, 1.124861462336154361 ) ) ;
#5770 = LINE ( 'NONE', #6860, #3400 ) ;
#5771 = CARTESIAN_POINT ( 'NONE',  ( 0.7983019560965015637, 23.60982065671785790, -22.36548232077818099 ) ) ;
#5772 = CARTESIAN_POINT ( 'NONE',  ( -25.38882819708038596, 8.948778891896175480, -0.2001787288303012169 ) ) ;
#5773 = CARTESIAN_POINT ( 'NONE',  ( -0.004131629845762568864, 18.16606371434358280, 23.70084076682063312 ) ) ;
#5774 = CARTESIAN_POINT ( 'NONE',  ( 0.7319171847084444682, 7.650107997519039138, -24.44306720110426667 ) ) ;
#5775 = CARTESIAN_POINT ( 'NONE',  ( 24.33960277100829117, 7.254029094438867453, -0.7984483576171053087 ) ) ;
#5776 = EDGE_LOOP ( 'NONE', ( #3575, #7005, #6850, #1483 ) ) ;
#5777 = CARTESIAN_POINT ( 'NONE',  ( 26.18490495129218232, 7.097770024547155998, -7.602121303458686118E-05 ) ) ;
#5778 = CARTESIAN_POINT ( 'NONE',  ( 23.04829583355656553, 23.40601842563232537, 0.4693667883696960863 ) ) ;
#5779 = CARTESIAN_POINT ( 'NONE',  ( 26.01250865641159393, 7.378397657335889370, -0.3108353294854207527 ) ) ;
#5780 = CARTESIAN_POINT ( 'NONE',  ( 0.000000000000000000, 0.03151920426976509426, 0.000000000000000000 ) ) ;
#5781 = CARTESIAN_POINT ( 'NONE',  ( -24.46294325631428279, 7.461657943228481749, -0.7319403229371354014 ) ) ;
#5782 = CARTESIAN_POINT ( 'NONE',  ( 0.04450156198049495804, 24.43044968889834934, 23.63876711341746528 ) ) ;
#5783 = CARTESIAN_POINT ( 'NONE',  ( 0.1169520861244414955, 9.541732788161718659, 25.29781853966917637 ) ) ;
#5784 = CARTESIAN_POINT ( 'NONE',  ( 0.7993705571595747239, 6.868061823039600000, -24.34537418925128094 ) ) ;
#5785 = CARTESIAN_POINT ( 'NONE',  ( 23.83225171990247659, 15.49527136013097639, -0.3405648314221142448 ) ) ;
#5786 = VERTEX_POINT ( 'NONE', #3762 ) ;
#5787 = CARTESIAN_POINT ( 'NONE',  ( 0.1915593466077081530, 25.14562790264279712, -23.67342599470701003 ) ) ;
#5788 = CARTESIAN_POINT ( 'NONE',  ( 0.7992110182936921214, 17.18260776149502433, -23.01735298223478665 ) ) ;
#5789 = CARTESIAN_POINT ( 'NONE',  ( -1.034962089947232489, 12.78138066878242185, -23.80812031675084484 ) ) ;
#5790 = PRODUCT_DEFINITION_SHAPE ( 'NONE', 'NONE',  #2528 ) ;
#5791 = CARTESIAN_POINT ( 'NONE',  ( 0.09683680566143113011, 7.652155201575252974, 25.88442264722279518 ) ) ;
#5792 = CARTESIAN_POINT ( 'NONE',  ( -22.23861383497451882, 24.62534780950823432, 0.7993421322544317364 ) ) ;
#5793 = CARTESIAN_POINT ( 'NONE',  ( -0.4693259789808890692, 23.69735492592861448, 23.01866130329232263 ) ) ;
#5794 = ORIENTED_EDGE ( 'NONE', *, *, #4000, .F. ) ;
#5795 = CARTESIAN_POINT ( 'NONE',  ( -0.5174786181303048238, 10.54059588274689041, 24.54438950007333986 ) ) ;
#5796 = CARTESIAN_POINT ( 'NONE',  ( -25.76241907952308452, 7.849150531125014041, -0.2180137038710012742 ) ) ;
#5797 = CARTESIAN_POINT ( 'NONE',  ( -26.02801658428299092, 6.889527789859283047, -0.1174191376558897937 ) ) ;
#5798 = DIRECTION ( 'NONE',  ( 0.000000000000000000, 1.000000000000000000, 0.000000000000000000 ) ) ;
#5799 = CARTESIAN_POINT ( 'NONE',  ( -24.29455094253903624, 12.16720410851710099, -0.4443741276878401814 ) ) ;
#5800 = CARTESIAN_POINT ( 'NONE',  ( -23.55126608590692427, 18.14602249212617124, 0.3408838064625095976 ) ) ;
#5801 = CARTESIAN_POINT ( 'NONE',  ( 24.61317787154182213, 11.64926559774221992, -0.2806872462470737517 ) ) ;
#5802 = CARTESIAN_POINT ( 'NONE',  ( 22.05661753709545181, 0.03151920426976555223, -5.402313213364264008E-15 ) ) ;
#5803 = CARTESIAN_POINT ( 'NONE',  ( 23.58042882250673955, 24.69168594786541604, 0.3593199608217114704 ) ) ;
#5804 = CARTESIAN_POINT ( 'NONE',  ( 25.88957437682375584, 3.760367054727149494, 0.000000000000000000 ) ) ;
#5805 = CARTESIAN_POINT ( 'NONE',  ( 0.3418159213139464470, 24.23830392021428892, -23.20290802841371303 ) ) ;
#5806 = CARTESIAN_POINT ( 'NONE',  ( -24.23965344085979012, 10.34980094078757595, 0.6645556456326237038 ) ) ;
#5807 = CARTESIAN_POINT ( 'NONE',  ( 0.7985385948046941351, 18.06293759868529492, 22.93123792768120595 ) ) ;
#5808 = CARTESIAN_POINT ( 'NONE',  ( -0.09662883675965801278, 7.961952261503648209, -25.79837872874419702 ) ) ;
#5809 = EDGE_CURVE ( 'NONE', #2977, #5246, #5505, .T. ) ;
#5810 = CARTESIAN_POINT ( 'NONE',  ( 25.66639677309622769, 7.814048943889948973, 0.1995902694429075863 ) ) ;
#5811 = VERTEX_POINT ( 'NONE', #4231 ) ;
#5812 = CARTESIAN_POINT ( 'NONE',  ( 23.57026065176631846, 23.65844106992669538, -0.1135024197616901070 ) ) ;
#5813 = CARTESIAN_POINT ( 'NONE',  ( 23.57156317629707942, 23.77145142463624339, 0.1184619002295041190 ) ) ;
#5814 = CARTESIAN_POINT ( 'NONE',  ( 0.000000000000000000, 16.71383033581603073, 0.000000000000000000 ) ) ;
#5815 = CARTESIAN_POINT ( 'NONE',  ( 0.000000000000000000, 3.760367054716749813, 0.000000000000000000 ) ) ;
#5816 = CARTESIAN_POINT ( 'NONE',  ( -25.83583929435548754, 7.966970875740257974, -0.06449212381412822159 ) ) ;
#5817 = CARTESIAN_POINT ( 'NONE',  ( -0.4273403504257017871, 24.39513270861632677, 23.52341761379410201 ) ) ;
#5818 = CARTESIAN_POINT ( 'NONE',  ( -0.02332867423086455380, 9.546276825340974881, 25.33173634174812960 ) ) ;
#5819 = CARTESIAN_POINT ( 'NONE',  ( 0.5973919046627633733, 6.836331314205327025, -24.86983230291273372 ) ) ;
#5820 = EDGE_CURVE ( 'NONE', #4971, #590, #2950, .T. ) ;
#5821 = CARTESIAN_POINT ( 'NONE',  ( 0.000000000000000000, 25.29851411751397094, 0.000000000000000000 ) ) ;
#5822 = CARTESIAN_POINT ( 'NONE',  ( 23.01957702738765477, 17.18291979750780385, -0.7984099058372371438 ) ) ;
#5823 = ORIENTED_EDGE ( 'NONE', *, *, #4044, .F. ) ;
#5824 = CARTESIAN_POINT ( 'NONE',  ( 0.4443741276886921665, 12.16720410852999912, -24.29455094253519576 ) ) ;
#5825 = CARTESIAN_POINT ( 'NONE',  ( 0.004308539679774025383, 17.28466841740837268, -23.77890068521867661 ) ) ;
#5826 = CARTESIAN_POINT ( 'NONE',  ( -0.09018190639423545596, 8.485308167536569357, -25.63936261853161369 ) ) ;
#5827 = CARTESIAN_POINT ( 'NONE',  ( -0.1176837075218413881, 7.462448168337187049, 25.89493286352313817 ) ) ;
#5828 = CARTESIAN_POINT ( 'NONE',  ( -23.22088393566005138, 24.24071884028882451, 0.3430722877615500210 ) ) ;
#5829 = CARTESIAN_POINT ( 'NONE',  ( 0.3430722877617932709, 24.24071884028882451, 23.22088393566004783 ) ) ;
#5830 = AXIS2_PLACEMENT_3D ( 'NONE', #4024, #6749, #6821 ) ;
#5831 = ORIENTED_EDGE ( 'NONE', *, *, #2621, .T. ) ;
#5832 = CARTESIAN_POINT ( 'NONE',  ( -0.4934271295108517696, 12.89169545522534754, 24.08851777884484946 ) ) ;
#5833 = CARTESIAN_POINT ( 'NONE',  ( -23.28914065178255655, 19.85603349797290207, -0.4694752051633080958 ) ) ;
#5834 = FACE_OUTER_BOUND ( 'NONE', #7089, .T. ) ;
#5835 = CARTESIAN_POINT ( 'NONE',  ( -23.24925583237745386, 18.10555286379158701, 0.5970546939574641332 ) ) ;
#5836 = CIRCLE ( 'NONE', #5138, 2.000000000000001776 ) ;
#5837 = CARTESIAN_POINT ( 'NONE',  ( 23.61623839162029981, 24.87074703152427801, 0.3081820948390048276 ) ) ;
#5838 = AXIS2_PLACEMENT_3D ( 'NONE', #2436, #4651, #5678 ) ;
#5839 = B_SPLINE_CURVE_WITH_KNOTS ( 'NONE', 3,
 ( #1762, #1798, #1726, #3949, #2818, #4059, #6270, #1290, #599, #6788, #6165, #2342, #673, #5622, #1222, #3505, #1180, #5175, #4562, #53, #707, #5724, #2922, #4491, #2963, #3401, #639, #6238, #6205, #3362, #1257, #5139, #163, #2856 ),
 .UNSPECIFIED., .F., .F.,
 ( 4, 2, 2, 2, 2, 2, 2, 2, 2, 2, 2, 2, 2, 2, 2, 2, 4 ),
 ( 1.016439536705160407E-18, 0.0001500357223835346323, 0.0003000714447670682888, 0.0006001428895341373365, 0.0009002143343012063842, 0.001200285779068275757, 0.002400571558136560188, 0.004801143116273128182, 0.007201714674409695309, 0.009602286232546265038, 0.01440342934881939929, 0.01680400090695596815, 0.01800428668602425605, 0.01860442957555840174, 0.01890450102032547458, 0.01905453674270901274, 0.01920457246509255089 ),
 .UNSPECIFIED. ) ;
#5840 = CARTESIAN_POINT ( 'NONE',  ( 25.15681581406119349, 10.12798365970094316, -0.02998482296565885968 ) ) ;
#5841 = CARTESIAN_POINT ( 'NONE',  ( -23.69440915341194653, 25.16767210808977495, 0.001252827531227652773 ) ) ;
#5842 = CARTESIAN_POINT ( 'NONE',  ( 23.19362580533926632, 22.22709421509249950, 0.4700449676582314495 ) ) ;
#5843 = CARTESIAN_POINT ( 'NONE',  ( -26.19333665643269882, 7.075871399256236316, 0.0005534655290745591752 ) ) ;
#5844 = CARTESIAN_POINT ( 'NONE',  ( -0.6653290516702634605, 23.64804645378043801, -22.65063617353601089 ) ) ;
#5845 = CARTESIAN_POINT ( 'NONE',  ( -24.10452945826783377, 10.33169379640550112, 0.7315803498333869337 ) ) ;
#5846 = CARTESIAN_POINT ( 'NONE',  ( 0.1162929952687189322, 21.70120474378013498, 23.54847256990571225 ) ) ;
#5847 = AXIS2_PLACEMENT_3D ( 'NONE', #1256, #2341, #3504 ) ;
#5848 = CARTESIAN_POINT ( 'NONE',  ( -0.3429009267421012641, 7.900840626954453327, -25.34233380959703652 ) ) ;
#5849 = CARTESIAN_POINT ( 'NONE',  ( 25.79837872874419702, 7.961952261503648209, -0.09662883675956793206 ) ) ;
#5850 = VERTEX_POINT ( 'NONE', #2667 ) ;
#5851 = CARTESIAN_POINT ( 'NONE',  ( 23.42241631357958553, 22.11733459307131966, -0.2722070405101736923 ) ) ;
#5852 = CARTESIAN_POINT ( 'NONE',  ( 23.68652789861424068, 24.81937308065710823, 0.02161169127139360435 ) ) ;
#5853 = AXIS2_PLACEMENT_3D ( 'NONE', #3671, #3162, #3634 ) ;
#5854 = CARTESIAN_POINT ( 'NONE',  ( -23.63927704353783810, 24.43284545877955338, -0.04472768338077184186 ) ) ;
#5855 = CARTESIAN_POINT ( 'NONE',  ( 23.33516866453670602, 17.49295969475394585, 0.5786592456128090145 ) ) ;
#5856 = CARTESIAN_POINT ( 'NONE',  ( -25.96563196084188618, 7.663036791169279383, -0.03218487663660948156 ) ) ;
#5857 = CARTESIAN_POINT ( 'NONE',  ( -0.4946284261059066267, 12.91328289533907636, 24.08304215336354659 ) ) ;
#5858 = CARTESIAN_POINT ( 'NONE',  ( -0.5977711577188320469, 11.58849590879567337, 24.15975815249012015 ) ) ;
#5859 = CARTESIAN_POINT ( 'NONE',  ( 0.5973824551610659173, 6.936840664236035181, -24.85860423300416144 ) ) ;
#5860 = CARTESIAN_POINT ( 'NONE',  ( 25.67046270205920777, 6.841616116212834164, -0.2826331843350696205 ) ) ;
#5861 = CARTESIAN_POINT ( 'NONE',  ( 22.93123792768121305, 18.06293759868529492, -0.7985385948044539939 ) ) ;
#5862 = CARTESIAN_POINT ( 'NONE',  ( 0.003264680567720546628, 25.01101045059061079, -23.68530668510610226 ) ) ;
#5863 = EDGE_CURVE ( 'NONE', #5189, #5786, #1470, .T. ) ;
#5864 = CARTESIAN_POINT ( 'NONE',  ( 0.7984718236124604962, 21.57377309051188519, -22.59760858966880903 ) ) ;
#5865 = CARTESIAN_POINT ( 'NONE',  ( -10.83702032928563241, 16.71383033581603073, -10.27013422742452065 ) ) ;
#5866 = CARTESIAN_POINT ( 'NONE',  ( -0.7319673430605991848, 7.273096997234341110, 24.48199181283925085 ) ) ;
#5867 = CARTESIAN_POINT ( 'NONE',  ( -23.58552146685421036, 24.80583672710693577, -0.09650496907896373433 ) ) ;
#5868 = CARTESIAN_POINT ( 'NONE',  ( 0.2002602696617120093, 24.27291300266146123, 23.46113338263807435 ) ) ;
#5869 = CARTESIAN_POINT ( 'NONE',  ( 0.2249412357951917352, 7.174069600614822129, 26.12655737972488268 ) ) ;
#5870 = CARTESIAN_POINT ( 'NONE',  ( -26.12441072919856921, 7.177876623616318064, -0.2270629802968710531 ) ) ;
#5871 = CARTESIAN_POINT ( 'NONE',  ( -23.35719612787691446, 23.39868173518858541, -0.3412375775058634764 ) ) ;
#5872 = SPHERICAL_SURFACE ( 'NONE', #4453, 2.000000000000000000 ) ;
#5873 = CARTESIAN_POINT ( 'NONE',  ( -26.18490495129216811, 7.097770024547180867, 7.602121305207428328E-05 ) ) ;
#5874 = CARTESIAN_POINT ( 'NONE',  ( -23.38924693126656251, 21.08924762421442622, -0.3428746161917413104 ) ) ;
#5875 = ORIENTED_EDGE ( 'NONE', *, *, #304, .T. ) ;
#5876 = CARTESIAN_POINT ( 'NONE',  ( -23.50710892674897323, 24.30757126057391559, 0.4462519295391974561 ) ) ;
#5877 = CARTESIAN_POINT ( 'NONE',  ( 23.10204678856925398, 16.71676001516937404, 1.128430070363689142 ) ) ;
#5878 = CARTESIAN_POINT ( 'NONE',  ( -26.20172731030762137, 7.054966421498124696, -0.0001364772687236771008 ) ) ;
#5879 = CARTESIAN_POINT ( 'NONE',  ( -0.1174654417077967417, 23.47572164005999795, -23.56839860148550159 ) ) ;
#5880 = CARTESIAN_POINT ( 'NONE',  ( -24.54836375635147050, 11.64057450394222393, -0.3432854465635987729 ) ) ;
#5881 = CARTESIAN_POINT ( 'NONE',  ( -0.003658265855909528536, 19.63626908163578833, 23.60930797460028074 ) ) ;
#5882 = CARTESIAN_POINT ( 'NONE',  ( 0.2818666061988534532, 8.931048536603514165, -25.25652562119961431 ) ) ;
#5883 = CARTESIAN_POINT ( 'NONE',  ( 25.70064230068139466, 7.627528022404913344, -0.2004470643197810709 ) ) ;
#5884 = ORIENTED_EDGE ( 'NONE', *, *, #2346, .F. ) ;
#5885 = CARTESIAN_POINT ( 'NONE',  ( 0.000000000000000000, 87.11079995548602994, 0.000000000000000000 ) ) ;
#5886 = CARTESIAN_POINT ( 'NONE',  ( 22.61516660719676253, 24.89674628543276569, 0.5967868781766215713 ) ) ;
#5887 = LINE ( 'NONE', #1486, #3625 ) ;
#5888 = CARTESIAN_POINT ( 'NONE',  ( 14.28941916244324162, 16.71383033581603073, -8.249999999999998224 ) ) ;
#5889 = CARTESIAN_POINT ( 'NONE',  ( -25.34057269563535542, 7.900598623988888569, -0.3419112168025179588 ) ) ;
#5890 = CARTESIAN_POINT ( 'NONE',  ( -0.5786592456127639394, 17.49295969474613344, 23.33516866453717853 ) ) ;
#5891 = CARTESIAN_POINT ( 'NONE',  ( 0.4698536945298483758, 10.39980360685425431, 24.61279735675591240 ) ) ;
#5892 = CARTESIAN_POINT ( 'NONE',  ( -0.1185924283783010014, 7.086853530660539136, -25.97798732127465016 ) ) ;
#5893 = CARTESIAN_POINT ( 'NONE',  ( 25.19116677981247321, 6.879393912357849139, 0.4695531283329111294 ) ) ;
#5894 = CARTESIAN_POINT ( 'NONE',  ( 23.56279659564685858, 21.11250854503455088, -0.09433195681083007822 ) ) ;
#5895 = CARTESIAN_POINT ( 'NONE',  ( -0.02088007840111682362, 24.71988064141502406, -23.66644216030795889 ) ) ;
#5896 = CARTESIAN_POINT ( 'NONE',  ( -0.01780241331181341147, 19.63612761938355789, -23.60825094841334604 ) ) ;
#5897 = CARTESIAN_POINT ( 'NONE',  ( -15.35117535650183029, 7.000345051182221390, -26.32173642259282076 ) ) ;
#5898 = CARTESIAN_POINT ( 'NONE',  ( -0.06484063087700135675, 8.340861990875474419, 25.71083933975504365 ) ) ;
#5899 = CARTESIAN_POINT ( 'NONE',  ( -0.03279517729317443092, 24.29632373676785662, 23.63584480331977744 ) ) ;
#5900 = ADVANCED_FACE ( 'NONE', ( #6019 ), #3256, .F. ) ;
#5901 = CARTESIAN_POINT ( 'NONE',  ( 1.111585319415553608, 17.49028610147551532, 23.04251906823785490 ) ) ;
#5902 = ORIENTED_EDGE ( 'NONE', *, *, #4767, .F. ) ;
#5903 = CARTESIAN_POINT ( 'NONE',  ( -14.28941916244323451, 16.71383033581603073, -8.250000000000007105 ) ) ;
#5904 = CARTESIAN_POINT ( 'NONE',  ( -23.01001193883290696, 19.08638113527040403, -0.7148879621646336835 ) ) ;
#5905 = CARTESIAN_POINT ( 'NONE',  ( -0.02974795875834395850, 10.45993978723319628, -25.06157588768335742 ) ) ;
#5906 = CARTESIAN_POINT ( 'NONE',  ( -0.07677127596711348645, 25.29851411753006829, -23.70617843559690741 ) ) ;
#5907 = CARTESIAN_POINT ( 'NONE',  ( 0.4704130880262373249, 6.880463377444004713, 25.19908592341052156 ) ) ;
#5908 = CARTESIAN_POINT ( 'NONE',  ( -23.02428074409305125, 19.55787644667997327, 0.6645606511405274253 ) ) ;
#5909 =( LENGTH_UNIT ( ) NAMED_UNIT ( * ) SI_UNIT ( .MILLI., .METRE. ) );
#5910 = EDGE_LOOP ( 'NONE', ( #5337, #467, #2612, #6968 ) ) ;
#5911 = CARTESIAN_POINT ( 'NONE',  ( -23.61729062999343398, 24.87585944623546297, 0.3056348542729842577 ) ) ;
#5912 = CARTESIAN_POINT ( 'NONE',  ( 23.00916924264780761, 19.90477474039218109, 0.9990776438719315422 ) ) ;
#5913 = CARTESIAN_POINT ( 'NONE',  ( -23.58042882250680705, 24.69168594786562920, -0.3593199608213642482 ) ) ;
#5914 = CARTESIAN_POINT ( 'NONE',  ( -23.69648360726177572, 25.25226168190414100, -0.03851995879185561578 ) ) ;
#5915 = CARTESIAN_POINT ( 'NONE',  ( 0.1997273196332648437, 24.27306586489400075, -23.46230022272888860 ) ) ;
#5916 = CARTESIAN_POINT ( 'NONE',  ( -25.06268960980531091, 10.46008856425640055, -0.02401238082460903367 ) ) ;
#5917 = CARTESIAN_POINT ( 'NONE',  ( 0.7990831569283035618, 20.99185990929456835, 22.66244315502038020 ) ) ;
#5918 = CARTESIAN_POINT ( 'NONE',  ( -0.1998191870583743979, 8.948921023100387728, -25.38986266396118907 ) ) ;
#5919 = CARTESIAN_POINT ( 'NONE',  ( 25.90316257802812672, 7.845779454664970842, -0.02120107604086908168 ) ) ;
#5920 = VERTEX_POINT ( 'NONE', #1969 ) ;
#5921 = CARTESIAN_POINT ( 'NONE',  ( 24.78000248764563196, 10.70312586617376027, -0.3174972052438113090 ) ) ;
#5922 = CARTESIAN_POINT ( 'NONE',  ( 23.55371202647781104, 24.80157381136822181, 0.1179168894120374567 ) ) ;
#5923 = DIRECTION ( 'NONE',  ( 0.000000000000000000, -1.000000000000000000, 0.000000000000000000 ) ) ;
#5924 = CARTESIAN_POINT ( 'NONE',  ( -25.88442264722279518, 7.652155201575252974, 0.09683680566116001365 ) ) ;
#5925 = CARTESIAN_POINT ( 'NONE',  ( -0.5849958012106479810, 15.18671062067482147, 23.59678966260570476 ) ) ;
#5926 = CARTESIAN_POINT ( 'NONE',  ( 0.06144587728933494780, 11.66462404599302616, 24.72780041341782109 ) ) ;
#5927 = ADVANCED_FACE ( 'NONE', ( #3643 ), #699, .T. ) ;
#5928 = CARTESIAN_POINT ( 'NONE',  ( 0.1175766503050759970, 7.245586637285126308, -25.94680723238431241 ) ) ;
#5929 = CARTESIAN_POINT ( 'NONE',  ( 24.86983230291273017, 6.836331314205327025, 0.5973919046628501928 ) ) ;
#5930 = CARTESIAN_POINT ( 'NONE',  ( 23.22422218094118662, 21.06713182897214764, 0.4699801249341906129 ) ) ;
#5931 = CARTESIAN_POINT ( 'NONE',  ( 0.4946284261068124577, 12.91328289535127993, -24.08304215336030651 ) ) ;
#5932 = CARTESIAN_POINT ( 'NONE',  ( -24.89646715660835596, 6.737897070245309372, 0.5977251723704802844 ) ) ;
#5933 = CARTESIAN_POINT ( 'NONE',  ( 0.4704591334759068988, 19.59676521723960718, -23.31455173111038448 ) ) ;
#5934 = CARTESIAN_POINT ( 'NONE',  ( 0.1634311923665264232, 7.000345051182220502, -26.22505136324790342 ) ) ;
#5935 = CARTESIAN_POINT ( 'NONE',  ( -0.2814889772561818271, 7.918244825797766673, 25.47224868937158959 ) ) ;
#5936 = CARTESIAN_POINT ( 'NONE',  ( -0.5967868781763846497, 24.89674628543276569, 22.61516660719676963 ) ) ;
#5937 = CARTESIAN_POINT ( 'NONE',  ( 0.5175442618339504142, 19.05734663138565566, 23.27757479437276800 ) ) ;
#5938 = ORIENTED_EDGE ( 'NONE', *, *, #2767, .F. ) ;
#5939 = CARTESIAN_POINT ( 'NONE',  ( -0.0008292401006870553414, 25.20452372157358667, 23.69719771214555593 ) ) ;
#5940 = CARTESIAN_POINT ( 'NONE',  ( -26.03515066855296567, 7.494263832230848799, -0.01455374702735107509 ) ) ;
#5941 = CARTESIAN_POINT ( 'NONE',  ( -0.1163032717740891120, 10.45654127227219199, -25.03620974321722414 ) ) ;
#5942 = CARTESIAN_POINT ( 'NONE',  ( -0.1145413684685133854, 25.26704357560378966, -23.69937534036245097 ) ) ;
#5943 = CARTESIAN_POINT ( 'NONE',  ( -0.3417515767167187413, 7.021632547013194170, 25.49132370316086948 ) ) ;
#5944 = CARTESIAN_POINT ( 'NONE',  ( -23.43957278043219361, 21.68660777777354554, -0.2824743428697825132 ) ) ;
#5945 = EDGE_LOOP ( 'NONE', ( #6453, #741, #1936, #5048 ) ) ;
#5946 = CARTESIAN_POINT ( 'NONE',  ( -23.69720670131704665, 25.20464819227115782, 0.0007846884605215270194 ) ) ;
#5947 = DIRECTION ( 'NONE',  ( 0.000000000000000000, 1.000000000000000000, 0.000000000000000000 ) ) ;
#5948 = CARTESIAN_POINT ( 'NONE',  ( -23.62696486804429696, 24.30073493625320324, -0.05594717616267224497 ) ) ;
#5949 = CARTESIAN_POINT ( 'NONE',  ( -23.70040438582892861, 25.24482606289469544, 0.0002696295271683553179 ) ) ;
#5950 = EDGE_CURVE ( 'NONE', #2064, #3766, #4461, .T. ) ;
#5951 = CARTESIAN_POINT ( 'NONE',  ( 0.3417810029961212970, 24.96368408545327711, -23.11465492004821343 ) ) ;
#5952 = CARTESIAN_POINT ( 'NONE',  ( -24.61317787154182213, 11.64926559774221992, 0.2806872462470737517 ) ) ;
#5953 = CARTESIAN_POINT ( 'NONE',  ( -0.03576202040870290338, 19.63607547679021081, 23.60786535017262366 ) ) ;
#5954 = CARTESIAN_POINT ( 'NONE',  ( -0.09634253652251195676, 8.337620400670626708, -25.68663932477257461 ) ) ;
#5955 = CIRCLE ( 'NONE', #3864, 1.999999999999998224 ) ;
#5956 = CARTESIAN_POINT ( 'NONE',  ( 25.90726325636667937, 7.846328791610667430, 0.0002453249914467509757 ) ) ;
#5957 = ORIENTED_EDGE ( 'NONE', *, *, #4063, .T. ) ;
#5958 = CARTESIAN_POINT ( 'NONE',  ( -0.001604373951019864072, 7.175047955878341099, 26.15592374870594483 ) ) ;
#5959 = CARTESIAN_POINT ( 'NONE',  ( 23.62751367094768540, 24.29520738889879539, 0.02220291040444057756 ) ) ;
#5960 = CARTESIAN_POINT ( 'NONE',  ( 0.0005225304999025662820, 25.22535475267993021, 23.69877332468404418 ) ) ;
#5961 = CARTESIAN_POINT ( 'NONE',  ( 0.07677127596799404596, 25.29851411751397094, 23.70617843559350391 ) ) ;
#5962 = CARTESIAN_POINT ( 'NONE',  ( -25.85492623620588759, 7.969529528169169375, 0.03188837639685327546 ) ) ;
#5963 = AXIS2_PLACEMENT_3D ( 'NONE', #2189, #6080, #1098 ) ;
#5964 = CARTESIAN_POINT ( 'NONE',  ( -0.01501741418480832639, 24.81789373551632849, 23.67311588333166128 ) ) ;
#5965 = CARTESIAN_POINT ( 'NONE',  ( -0.02479958165614358154, 11.66527948796598224, 24.73269710742572869 ) ) ;
#5966 = CARTESIAN_POINT ( 'NONE',  ( 0.4695580711358792736, 7.299651306778384807, -25.13457519521731243 ) ) ;
#5967 = AXIS2_PLACEMENT_3D ( 'NONE', #7119, #5365, #3148 ) ;
#5968 = CARTESIAN_POINT ( 'NONE',  ( 24.35370108147055035, 6.767163691078310173, 0.7993936164322350546 ) ) ;
#5969 = CARTESIAN_POINT ( 'NONE',  ( 23.59721802454306427, 19.63464808783362159, 0.09960006363736580159 ) ) ;
#5970 = CARTESIAN_POINT ( 'NONE',  ( -0.03480323969615781859, 24.52670492662272750, -23.64932105186598932 ) ) ;
#5971 = CARTESIAN_POINT ( 'NONE',  ( -25.20421417859166979, 6.779128367521678022, -0.4695540431456869390 ) ) ;
#5972 = CARTESIAN_POINT ( 'NONE',  ( 0.03576202040886775763, 19.63607547679021081, -23.60786535017262366 ) ) ;
#5973 = CARTESIAN_POINT ( 'NONE',  ( -13.87652359671893798, 25.29851411752939683, -23.79323980688071316 ) ) ;
#5974 = CARTESIAN_POINT ( 'NONE',  ( 0.09662883675983816034, 7.961952261503648209, 25.79837872874419702 ) ) ;
#5975 = AXIS2_PLACEMENT_3D ( 'NONE', #1824, #4657, #2956 ) ;
#5976 = CARTESIAN_POINT ( 'NONE',  ( 0.09668404614416847842, 24.80578914213980823, 23.58515374812414223 ) ) ;
#5977 = CARTESIAN_POINT ( 'NONE',  ( 0.2409991893778406780, 9.936181128196453827, 25.06328000720725058 ) ) ;
#5978 = CARTESIAN_POINT ( 'NONE',  ( 24.15543031315021949, 9.993795864658293837, -0.7316092141632823953 ) ) ;
#5979 = ORIENTED_EDGE ( 'NONE', *, *, #1639, .T. ) ;
#5980 = CARTESIAN_POINT ( 'NONE',  ( -23.10427238838778763, 21.46466621256612584, -0.8657638164424569238 ) ) ;
#5981 = CARTESIAN_POINT ( 'NONE',  ( -23.27797331158850724, 19.02110933368131285, 0.5193595091356908444 ) ) ;
#5982 = CARTESIAN_POINT ( 'NONE',  ( 0.7990817187111131092, 10.31139355929532719, -23.95314456448190654 ) ) ;
#5983 = CARTESIAN_POINT ( 'NONE',  ( 5.213530464874318149, 21.71383033581603073, 13.53030303030303116 ) ) ;
#5984 = CARTESIAN_POINT ( 'NONE',  ( 0.0008278799042922182615, 7.021169445652489571, 26.24909708243051654 ) ) ;
#5985 = CARTESIAN_POINT ( 'NONE',  ( -23.57843043602013111, 22.59114190880990591, 0.03029870809034970747 ) ) ;
#5986 = ORIENTED_EDGE ( 'NONE', *, *, #6151, .T. ) ;
#5987 = CARTESIAN_POINT ( 'NONE',  ( -26.16154146988474594, 7.113279477039853305, 0.07458206887613272329 ) ) ;
#5988 = DIRECTION ( 'NONE',  ( 0.000000000000000000, 0.000000000000000000, -1.000000000000000000 ) ) ;
#5989 = CARTESIAN_POINT ( 'NONE',  ( -23.63660448047543028, 24.97003991869674522, -0.2729597358169969512 ) ) ;
#5990 = CARTESIAN_POINT ( 'NONE',  ( -14.28941916244323451, 16.71383033581603073, -10.17500000000000782 ) ) ;
#5991 = CARTESIAN_POINT ( 'NONE',  ( 0.06427458950735202847, 25.03255076808081725, -23.62853551967731747 ) ) ;
#5992 = CARTESIAN_POINT ( 'NONE',  ( -24.45368777227042045, 12.87730305095578309, 0.02841794982173197898 ) ) ;
#5993 = CARTESIAN_POINT ( 'NONE',  ( 0.5973646184066762066, 8.844467816531791371, -24.61046135668343027 ) ) ;
#5994 = ADVANCED_FACE ( 'NONE', ( #2402 ), #1858, .F. ) ;
#5995 = CARTESIAN_POINT ( 'NONE',  ( 24.38626120462853919, 8.163351719434210452, 0.7318664915579504715 ) ) ;
#5996 = CARTESIAN_POINT ( 'NONE',  ( -0.2180137038713755582, 7.849150531122500496, 25.76241907952325860 ) ) ;
#5997 = CARTESIAN_POINT ( 'NONE',  ( 22.65063617353601444, 23.64804645378043801, -0.6653290516701844126 ) ) ;
#5998 = B_SPLINE_CURVE_WITH_KNOTS ( 'NONE', 3,
 ( #7044, #6972, #5294, #6421 ),
 .UNSPECIFIED., .F., .F.,
 ( 4, 4 ),
 ( 0.000000000000000000, 0.5000000000000000000 ),
 .UNSPECIFIED. ) ;
#5999 = ORIENTED_EDGE ( 'NONE', *, *, #6348, .F. ) ;
#6000 = FACE_OUTER_BOUND ( 'NONE', #2307, .T. ) ;
#6001 = CARTESIAN_POINT ( 'NONE',  ( -24.50699701141456899, 8.570185696866120750, 0.6647042679745034377 ) ) ;
#6002 = CARTESIAN_POINT ( 'NONE',  ( -0.5189051242703791589, 19.03988957813145078, 23.28045872322021737 ) ) ;
#6003 = CARTESIAN_POINT ( 'NONE',  ( 0.2812807095146422354, 10.43854029251606619, 24.90187158169617732 ) ) ;
#6004 = CARTESIAN_POINT ( 'NONE',  ( -0.02166524128107465835, 7.423620640931740233, -26.05963025552312828 ) ) ;
#6005 = CARTESIAN_POINT ( 'NONE',  ( 24.40150074176547079, 6.569555228875842090, -0.7983168649140705009 ) ) ;
#6006 = VERTEX_POINT ( 'NONE', #6846 ) ;
#6007 = CARTESIAN_POINT ( 'NONE',  ( 22.91149322700970004, 19.54274975441220974, 0.7317349393698983073 ) ) ;
#6008 = CARTESIAN_POINT ( 'NONE',  ( 23.50244724736617385, 24.25975402032944572, -0.2361263298699149693 ) ) ;
#6009 = CARTESIAN_POINT ( 'NONE',  ( -25.50753737015034872, 6.921791308441264334, -0.3417376381876064406 ) ) ;
#6010 = CARTESIAN_POINT ( 'NONE',  ( 0.2827609604232761420, 21.09807870356999615, -23.45514251037889153 ) ) ;
#6011 = CARTESIAN_POINT ( 'NONE',  ( 0.06430627355170924486, 7.967102567861572560, 25.83681359102981645 ) ) ;
#6012 = CARTESIAN_POINT ( 'NONE',  ( 0.0003083983704101316415, 25.26656726558583799, 23.72604003759828473 ) ) ;
#6013 = CARTESIAN_POINT ( 'NONE',  ( 0.09018190640492254606, 8.485308167527831458, 25.63936261852617804 ) ) ;
#6014 = CARTESIAN_POINT ( 'NONE',  ( 25.06157588768335742, 10.45993978723319628, -0.02974795875825645558 ) ) ;
#6015 = VERTEX_POINT ( 'NONE', #3791 ) ;
#6016 = CARTESIAN_POINT ( 'NONE',  ( -5.213530464874319037, 16.71383033581603073, 13.53030303030303116 ) ) ;
#6017 = CARTESIAN_POINT ( 'NONE',  ( -23.73640001650471376, 14.40168225536560698, 0.5633217678470555656 ) ) ;
#6018 = CARTESIAN_POINT ( 'NONE',  ( 0.06734701866177304763, 11.66464950938769363, -24.72799884635621837 ) ) ;
#6019 = FACE_OUTER_BOUND ( 'NONE', #1789, .T. ) ;
#6020 = CARTESIAN_POINT ( 'NONE',  ( -0.09595372251383939288, 6.895318858804778017, 26.07122944555069211 ) ) ;
#6021 = CARTESIAN_POINT ( 'NONE',  ( -23.12837455972183776, 22.53082631951395953, -0.4695306150288208191 ) ) ;
#6022 = ORIENTED_EDGE ( 'NONE', *, *, #5277, .T. ) ;
#6023 = CARTESIAN_POINT ( 'NONE',  ( -25.00559022379323082, 9.409722450744050448, 0.7141628720847085221 ) ) ;
#6024 = DIRECTION ( 'NONE',  ( 0.000000000000000000, -1.000000000000000000, 0.000000000000000000 ) ) ;
#6025 = CARTESIAN_POINT ( 'NONE',  ( 1.105849089788939477, 14.32694161037684211, -23.44809364413772812 ) ) ;
#6026 = CARTESIAN_POINT ( 'NONE',  ( 0.8949490229090749649, 21.07869406830942438, 23.08119977845912274 ) ) ;
#6027 = CARTESIAN_POINT ( 'NONE',  ( 0.2814199272821021336, 24.97958305779478039, -23.23329269685880050 ) ) ;
#6028 = CARTESIAN_POINT ( 'NONE',  ( -23.78629348847976388, 11.53846078592891722, 0.7985068872333670464 ) ) ;
#6029 = CARTESIAN_POINT ( 'NONE',  ( -0.1178922087293328702, 8.334223906120071135, -25.66129250655643546 ) ) ;
#6030 = CARTESIAN_POINT ( 'NONE',  ( 24.18171798540777928, 8.526582793002297933, 0.7991149717695518184 ) ) ;
#6031 = CARTESIAN_POINT ( 'NONE',  ( -0.04436703468369589121, 7.940679269518793326, 25.85581429268107101 ) ) ;
#6032 = CARTESIAN_POINT ( 'NONE',  ( 22.31947833632199973, 25.07808277404786779, -0.7323319860265382619 ) ) ;
#6033 = CARTESIAN_POINT ( 'NONE',  ( -23.57802381405096881, 24.67938909885559085, 0.3612440694310116718 ) ) ;
#6034 = CARTESIAN_POINT ( 'NONE',  ( 23.71347255096819850, 25.33202709886493409, 0.02129890186118193682 ) ) ;
#6035 = CARTESIAN_POINT ( 'NONE',  ( -24.99826538869866255, 8.245375874546866157, 0.4703185701752753967 ) ) ;
#6036 = CARTESIAN_POINT ( 'NONE',  ( 0.6639565976178906093, 15.44229858335834749, 23.43693575439843713 ) ) ;
#6037 = ADVANCED_FACE ( 'NONE', ( #3678 ), #933, .T. ) ;
#6038 = CARTESIAN_POINT ( 'NONE',  ( 0.5973578963773887862, 7.257701400345486498, -24.82154387270113105 ) ) ;
#6039 = CARTESIAN_POINT ( 'NONE',  ( 24.85860423300415789, 6.936840664236035181, 0.5973824551611527367 ) ) ;
#6040 = CARTESIAN_POINT ( 'NONE',  ( 22.85343774873897615, 21.60805749035728951, 0.6642180460904110184 ) ) ;
#6041 = CARTESIAN_POINT ( 'NONE',  ( 23.67310294152344241, 25.14409475808710326, -0.1921268608670128053 ) ) ;
#6042 = CARTESIAN_POINT ( 'NONE',  ( -26.11253761290343789, 7.267797100435309687, 0.02181422933137325618 ) ) ;
#6043 = CARTESIAN_POINT ( 'NONE',  ( -0.6650334780822374503, 21.60840791976530895, -22.85596583769793355 ) ) ;
#6044 = CARTESIAN_POINT ( 'NONE',  ( 6.703507711334422011E-12, 6.975356117337841333, -26.23961491300310556 ) ) ;
#6045 = EDGE_CURVE ( 'NONE', #455, #7095, #5481, .T. ) ;
#6046 = CARTESIAN_POINT ( 'NONE',  ( -0.4696301046620615649, 8.244807507274909852, 24.99408554905910407 ) ) ;
#6047 = CARTESIAN_POINT ( 'NONE',  ( 0.1183299694729968987, 25.23935414555382550, 23.52296187418514961 ) ) ;
#6048 = CARTESIAN_POINT ( 'NONE',  ( 0.0007976048752545653736, 7.097743873958022753, 26.18491615244683146 ) ) ;
#6049 = CARTESIAN_POINT ( 'NONE',  ( 25.06273951076826023, 10.46009562748962374, -0.01891912887461376716 ) ) ;
#6050 = EDGE_LOOP ( 'NONE', ( #4048, #3655, #1038, #900 ) ) ;
#6051 = CARTESIAN_POINT ( 'NONE',  ( 0.5782098345448749566, 17.51500126233556642, -23.33354436155827827 ) ) ;
#6052 = CARTESIAN_POINT ( 'NONE',  ( -23.39820358569997794, 16.69130124041584295, 0.5910919127927788397 ) ) ;
#6053 = CARTESIAN_POINT ( 'NONE',  ( -0.06222662664760671147, 10.45924882702253811, -25.05641766336072962 ) ) ;
#6054 = CARTESIAN_POINT ( 'NONE',  ( -0.4319266902669864350, 7.810680442188098205, -25.77896786745502666 ) ) ;
#6055 = CARTESIAN_POINT ( 'NONE',  ( -0.03153123819536923778, 6.913441615918571870, 26.20646134110628722 ) ) ;
#6056 = CARTESIAN_POINT ( 'NONE',  ( -22.72827895074111382, 21.59128458807226281, -0.7313320071512584564 ) ) ;
#6057 = CARTESIAN_POINT ( 'NONE',  ( -24.02683712735095511, 12.01937351305873491, 0.9855172785985815143 ) ) ;
#6058 = FACE_OUTER_BOUND ( 'NONE', #2994, .T. ) ;
#6059 = CARTESIAN_POINT ( 'NONE',  ( 0.000000000000000000, 16.71383033581603073, 16.50000000000000000 ) ) ;
#6060 = FACE_OUTER_BOUND ( 'NONE', #3691, .T. ) ;
#6061 = CARTESIAN_POINT ( 'NONE',  ( -24.28927052359642147, 12.85526651923222197, -0.3437400504577746152 ) ) ;
#6062 = EDGE_CURVE ( 'NONE', #455, #3302, #1670, .T. ) ;
#6063 = CARTESIAN_POINT ( 'NONE',  ( -0.5976601160941563684, 9.438255374585546420, -24.52561528315356654 ) ) ;
#6064 = CARTESIAN_POINT ( 'NONE',  ( 25.58653949573916009, 8.714846926649666869, 0.06518585363808432342 ) ) ;
#6065 = CARTESIAN_POINT ( 'NONE',  ( 22.86997759403604746, 25.15185193772995476, -0.4708034430696487749 ) ) ;
#6066 = VERTEX_POINT ( 'NONE', #2111 ) ;
#6067 = CARTESIAN_POINT ( 'NONE',  ( -25.72518205481525300, 8.342784406471292158, -0.02224795058680884355 ) ) ;
#6068 = CARTESIAN_POINT ( 'NONE',  ( -0.5981539729226141855, 13.69419459041779241, 23.79853001224963194 ) ) ;
#6069 = CARTESIAN_POINT ( 'NONE',  ( -0.7984483576171903518, 7.254029094438867453, -24.33960277100828762 ) ) ;
#6070 = CARTESIAN_POINT ( 'NONE',  ( 25.83034250335447624, 6.965054618183614821, -0.2006415042404412485 ) ) ;
#6071 = CARTESIAN_POINT ( 'NONE',  ( 23.57482970539366463, 22.59065966570331696, -0.06278468236846022899 ) ) ;
#6072 = AXIS2_PLACEMENT_3D ( 'NONE', #5091, #2736, #3901 ) ;
#6073 = FACE_OUTER_BOUND ( 'NONE', #1611, .T. ) ;
#6074 = CARTESIAN_POINT ( 'NONE',  ( -25.46749196273527005, 7.181358460966048796, 0.3430397143714283836 ) ) ;
#6075 = CARTESIAN_POINT ( 'NONE',  ( -0.4701321211335870442, 21.65271428202921555, -23.18660266110709856 ) ) ;
#6076 = DIRECTION ( 'NONE',  ( 0.000000000000000000, -1.000000000000000000, 0.000000000000000000 ) ) ;
#6077 = CARTESIAN_POINT ( 'NONE',  ( 0.03093437818003498194, 8.965868453390688941, 25.51633925682547854 ) ) ;
#6078 = CARTESIAN_POINT ( 'NONE',  ( 0.7320889084267506730, 6.588906719789394018, -24.54600598151475310 ) ) ;
#6079 = AXIS2_PLACEMENT_3D ( 'NONE', #2350, #713, #3995 ) ;
#6080 = DIRECTION ( 'NONE',  ( -0.000000000000000000, -1.000000000000000000, -0.000000000000000000 ) ) ;
#6081 = CARTESIAN_POINT ( 'NONE',  ( 24.45447273125522614, 12.87740777098450451, 0.02534393202824946484 ) ) ;
#6082 = EDGE_CURVE ( 'NONE', #2977, #2333, #7169, .T. ) ;
#6083 = EDGE_LOOP ( 'NONE', ( #1317, #1601, #139, #1031 ) ) ;
#6084 = CARTESIAN_POINT ( 'NONE',  ( 0.5171337643926356975, 19.07495178228013089, -23.28009495835274123 ) ) ;
#6085 = DIRECTION ( 'NONE',  ( -0.4949494949494951390, 1.904202280509944186E-14, -0.8689217441457196545 ) ) ;
#6086 = AXIS2_PLACEMENT_3D ( 'NONE', #3236, #941, #984 ) ;
#6087 = CARTESIAN_POINT ( 'NONE',  ( 0.1211145350147345007, 12.87487995174144828, -24.43561583374589574 ) ) ;
#6088 = B_SPLINE_CURVE_WITH_KNOTS ( 'NONE', 3,
 ( #4923, #1035, #5358, #2598, #375, #4885, #452, #487, #1540, #7151, #7110, #2160, #7074, #4377, #7037, #6600, #6522, #3801, #4850, #3253, #3288, #2051, #3142, #1615, #3836, #6054, #920, #2120, #6449, #1068, #5397, #5507, #4342, #413 ),
 .UNSPECIFIED., .F., .F.,
 ( 4, 2, 2, 2, 2, 2, 2, 2, 2, 2, 2, 2, 2, 2, 2, 2, 4 ),
 ( 5.421010862427522170E-20, 0.0001500357223835132193, 0.0003000714447670263844, 0.0006001428895340455046, 0.0009002143343010643537, 0.001200285779068083203, 0.002400571558136159033, 0.004801143116272311995, 0.007201714674408464523, 0.009602286232544617051, 0.01440342934881691864, 0.01680400090695306770, 0.01800428668602114049, 0.01860442957555517862, 0.01890450102032219942, 0.01905453674270570635, 0.01920457246508921328 ),
 .UNSPECIFIED. ) ;
#6089 = CARTESIAN_POINT ( 'NONE',  ( -0.3056348542735328744, 24.87585944623569745, -23.61729062999328477 ) ) ;
#6090 = CARTESIAN_POINT ( 'NONE',  ( 0.02166524128125663085, 7.423620640931740233, 26.05963025552312828 ) ) ;
#6091 = CARTESIAN_POINT ( 'NONE',  ( -23.57768716554384270, 22.59104174025279121, -0.03410169209194402473 ) ) ;
#6092 = CARTESIAN_POINT ( 'NONE',  ( 0.7317003883224211247, 19.54305537851365315, 22.91367819689804008 ) ) ;
#6093 = CARTESIAN_POINT ( 'NONE',  ( -23.44882577916032673, 14.32464713975358350, 1.103267434612314801 ) ) ;
#6094 = CARTESIAN_POINT ( 'NONE',  ( 23.69447328227032656, 25.16849716147567051, 0.001331641012586736068 ) ) ;
#6095 = CARTESIAN_POINT ( 'NONE',  ( 23.70368839745745149, 25.28453156259342904, -0.01431504016307311340 ) ) ;
#6096 = CARTESIAN_POINT ( 'NONE',  ( 0.01842951963052326392, 24.76594645891022495, 23.66956966322586098 ) ) ;
#6097 = CARTESIAN_POINT ( 'NONE',  ( -0.02131748751125600930, 24.81931355803132533, -23.68608092101314000 ) ) ;
#6098 = CARTESIAN_POINT ( 'NONE',  ( -23.94546952149078933, 12.80919211322375340, -0.5980155778776685693 ) ) ;
#6099 = CARTESIAN_POINT ( 'NONE',  ( 0.7318620646521940554, 9.992463247009235161, -24.14558168760841284 ) ) ;
#6100 = ADVANCED_FACE ( 'NONE', ( #5424 ), #3765, .T. ) ;
#6101 = CARTESIAN_POINT ( 'NONE',  ( 25.05802410696518123, 7.862741891330276012, -0.4703610228104744273 ) ) ;
#6102 = CARTESIAN_POINT ( 'NONE',  ( 23.20362005602302347, 25.19655619810600200, 0.2814245773441533816 ) ) ;
#6103 = ORIENTED_EDGE ( 'NONE', *, *, #5037, .F. ) ;
#6104 = CARTESIAN_POINT ( 'NONE',  ( -25.54867900732425312, 8.319133486343865513, 0.2001677424073611822 ) ) ;
#6105 = CARTESIAN_POINT ( 'NONE',  ( 0.7983798687325108778, 12.76251073110568157, 23.59703122069325687 ) ) ;
#6106 = CARTESIAN_POINT ( 'NONE',  ( 0.1994379324836666745, 7.442822502275706853, -25.74848705493459988 ) ) ;
#6107 = CARTESIAN_POINT ( 'NONE',  ( 24.88509084523530746, 6.838386554687621022, -0.5977339264537691044 ) ) ;
#6108 = ORIENTED_EDGE ( 'NONE', *, *, #6951, .T. ) ;
#6109 = CARTESIAN_POINT ( 'NONE',  ( 23.56407815619405710, 21.70329441926241643, 0.06659906677902041605 ) ) ;
#6110 = CARTESIAN_POINT ( 'NONE',  ( 23.02210086273584011, 19.85837384856782251, -0.6692332301371087810 ) ) ;
#6111 = CARTESIAN_POINT ( 'NONE',  ( -24.87338294121087756, 6.938831602957817424, 0.5977411249963461293 ) ) ;
#6112 = CARTESIAN_POINT ( 'NONE',  ( 0.5969427557101134596, 22.49995115879839958, -22.89798546582245109 ) ) ;
#6113 = CARTESIAN_POINT ( 'NONE',  ( -0.2046379399426947188, 7.138323107270462486, 26.14675714112757277 ) ) ;
#6114 = CARTESIAN_POINT ( 'NONE',  ( 0.4702162751753757308, 8.882198178807502842, 24.89194405326373172 ) ) ;
#6115 = CARTESIAN_POINT ( 'NONE',  ( 0.7994430908833028981, 6.565271561058697358, -24.36963949165945209 ) ) ;
#6116 = CYLINDRICAL_SURFACE ( 'NONE', #3986, 2.000000000000000000 ) ;
#6117 = CARTESIAN_POINT ( 'NONE',  ( 23.59703122069326398, 12.76251073110568157, -0.7983798687322636312 ) ) ;
#6118 = EDGE_LOOP ( 'NONE', ( #4662, #1236, #2136, #5884, #2288 ) ) ;
#6119 = CARTESIAN_POINT ( 'NONE',  ( 0.1544308130879564755, 7.421315406824374961, -25.99088687531641639 ) ) ;
#6120 = CARTESIAN_POINT ( 'NONE',  ( -0.0002696295272713123488, 25.24482606289545927, -23.70040438582898190 ) ) ;
#6121 = CARTESIAN_POINT ( 'NONE',  ( -0.7311975928875339426, 13.66507254661889270, -23.58112784267965267 ) ) ;
#6122 = CARTESIAN_POINT ( 'NONE',  ( -0.8559750855310127582, 21.47558588133121660, -23.11401429865476587 ) ) ;
#6123 = CARTESIAN_POINT ( 'NONE',  ( -0.1176537889523059238, 7.403462655362599065, 25.90921592160406206 ) ) ;
#6124 = CARTESIAN_POINT ( 'NONE',  ( 0.7991818436357565059, 21.57502047892229413, 22.60681244366037745 ) ) ;
#6125 = EDGE_CURVE ( 'NONE', #7137, #5759, #950, .T. ) ;
#6126 = ORIENTED_EDGE ( 'NONE', *, *, #211, .F. ) ;
#6127 = CARTESIAN_POINT ( 'NONE',  ( -26.18491615244676396, 7.097743873958131111, 0.0007976048749826474688 ) ) ;
#6128 = FACE_OUTER_BOUND ( 'NONE', #2556, .T. ) ;
#6129 = DIRECTION ( 'NONE',  ( 0.000000000000000000, 1.000000000000000000, 0.000000000000000000 ) ) ;
#6130 = CARTESIAN_POINT ( 'NONE',  ( 0.001730194244495895321, 25.12391351186115784, 23.69155090061181212 ) ) ;
#6131 = FACE_OUTER_BOUND ( 'NONE', #5669, .T. ) ;
#6132 = CARTESIAN_POINT ( 'NONE',  ( -23.91588333727813165, 11.55582631037418828, 0.7314562217503854935 ) ) ;
#6133 = CARTESIAN_POINT ( 'NONE',  ( 13.87636891837416542, 25.29851411752937551, -23.79333001660783253 ) ) ;
#6134 = CARTESIAN_POINT ( 'NONE',  ( 0.03441342114639395211, 10.12794508227044332, -25.15653215034265600 ) ) ;
#6135 = CARTESIAN_POINT ( 'NONE',  ( 24.64789001157192772, 8.589055468604222199, 0.5973476245492493897 ) ) ;
#6136 = CARTESIAN_POINT ( 'NONE',  ( 22.12495437257087616, 25.27295106378740641, 0.7983979052077047056 ) ) ;
#6137 = ORIENTED_EDGE ( 'NONE', *, *, #4305, .F. ) ;
#6138 = CARTESIAN_POINT ( 'NONE',  ( 0.000000000000000000, 27.71383033581603073, 0.000000000000000000 ) ) ;
#6139 = CARTESIAN_POINT ( 'NONE',  ( -25.56799497996091475, 8.712363220357827842, 0.09602384438350856921 ) ) ;
#6140 = CARTESIAN_POINT ( 'NONE',  ( 0.02784051138406928860, 15.51506119226606728, 23.97994836036048127 ) ) ;
#6141 = CARTESIAN_POINT ( 'NONE',  ( -0.1184284411534096831, 7.462168367529986135, -25.89282949181700388 ) ) ;
#6142 = CARTESIAN_POINT ( 'NONE',  ( 25.94680723238431241, 7.245586637285126308, 0.1175766503051665912 ) ) ;
#6143 = ORIENTED_EDGE ( 'NONE', *, *, #482, .F. ) ;
#6144 = CARTESIAN_POINT ( 'NONE',  ( -23.50462100084270389, 25.45784376843202068, -0.1177435377583623266 ) ) ;
#6145 = CARTESIAN_POINT ( 'NONE',  ( 23.46488273314429307, 22.56128296794593169, -0.2248177950722587692 ) ) ;
#6146 = CARTESIAN_POINT ( 'NONE',  ( -25.17810325050104936, 6.979657295568593156, -0.4695522891903868845 ) ) ;
#6147 = CARTESIAN_POINT ( 'NONE',  ( -0.01888140304108564677, 21.70397497097093620, -23.56915099880709263 ) ) ;
#6148 = CARTESIAN_POINT ( 'NONE',  ( -3.475686976582879506, 16.71383033581603073, 14.52020202020202078 ) ) ;
#6149 = CARTESIAN_POINT ( 'NONE',  ( -0.09717793913064178002, 8.712046061414943310, 25.56564089808903617 ) ) ;
#6150 = CARTESIAN_POINT ( 'NONE',  ( -0.5968273337832911141, 25.32980256659012497, 22.54917995052770863 ) ) ;
#6151 = EDGE_CURVE ( 'NONE', #5811, #4472, #3413, .T. ) ;
#6152 = CARTESIAN_POINT ( 'NONE',  ( 23.35367446387682477, 23.42216679364957699, -0.6117054875851678508 ) ) ;
#6153 = CARTESIAN_POINT ( 'NONE',  ( 24.43567384297005063, 12.87488979395431343, -0.1150077529565122769 ) ) ;
#6154 = ORIENTED_EDGE ( 'NONE', *, *, #5750, .T. ) ;
#6155 = CARTESIAN_POINT ( 'NONE',  ( 0.9873170051908808365, 12.01145116980529970, -24.02904227115375946 ) ) ;
#6156 = CARTESIAN_POINT ( 'NONE',  ( 23.62172323808457364, 24.24045122726041512, 0.06086831885742534365 ) ) ;
#6157 = CARTESIAN_POINT ( 'NONE',  ( 0.7322356088713752875, 13.66482765273153177, -23.57939605523888460 ) ) ;
#6158 = CARTESIAN_POINT ( 'NONE',  ( -0.7808594938356610005, 15.11393629049517173, -23.32352872241490971 ) ) ;
#6159 = CARTESIAN_POINT ( 'NONE',  ( 0.7983804839778212425, 6.872090831257574806, 24.37533511248213713 ) ) ;
#6160 = CARTESIAN_POINT ( 'NONE',  ( -23.62217460465598151, 23.77823461501660418, -0.02254233294791731929 ) ) ;
#6161 = CARTESIAN_POINT ( 'NONE',  ( 0.3421590756073882855, 21.67615990685651184, 23.36156757488220137 ) ) ;
#6162 = EDGE_LOOP ( 'NONE', ( #3284, #4610, #6108, #1644 ) ) ;
#6163 = CARTESIAN_POINT ( 'NONE',  ( -0.1245735578925518117, 8.840476322016712629, 25.49662403993592008 ) ) ;
#6164 = CARTESIAN_POINT ( 'NONE',  ( -14.28941916244323451, 16.71383033581603073, -8.250000000000007105 ) ) ;
#6165 = CARTESIAN_POINT ( 'NONE',  ( 0.4489202084639980495, 24.29534414778391849, 23.50484789735950741 ) ) ;
#6166 = CARTESIAN_POINT ( 'NONE',  ( 0.3081820948387741232, 24.87074703152430644, -23.61623839162031047 ) ) ;
#6167 = CARTESIAN_POINT ( 'NONE',  ( 25.88957437681456142, 3.760367054716749813, 0.000000000000000000 ) ) ;
#6168 = CARTESIAN_POINT ( 'NONE',  ( -23.25129526609334363, 18.10581569587538198, -0.5979899902882701568 ) ) ;
#6169 = DIRECTION ( 'NONE',  ( -0.000000000000000000, 1.000000000000000000, -0.000000000000000000 ) ) ;
#6170 = CARTESIAN_POINT ( 'NONE',  ( 0.06589484196271223893, 9.545111777660013175, -25.32304527540100381 ) ) ;
#6171 = CARTESIAN_POINT ( 'NONE',  ( 25.33348050128766360, 9.546510745264654929, 0.001854854366593445235 ) ) ;
#6172 = CARTESIAN_POINT ( 'NONE',  ( 23.70156137903226323, 25.48423663074794376, -0.02179375170299413522 ) ) ;
#6173 = EDGE_CURVE ( 'NONE', #6657, #5328, #4332, .T. ) ;
#6174 = CARTESIAN_POINT ( 'NONE',  ( 26.06883101140865477, 7.410146188234951303, 0.009853603598042773998 ) ) ;
#6175 = CARTESIAN_POINT ( 'NONE',  ( -25.51727215366018697, 8.965992998322413143, -0.02282680967610973416 ) ) ;
#6176 = CARTESIAN_POINT ( 'NONE',  ( 0.5967581431131662173, 15.45544230996927659, 23.53502160389833975 ) ) ;
#6177 = CARTESIAN_POINT ( 'NONE',  ( 0.4695603451282219787, 7.359426525339395120, -25.12618509678401324 ) ) ;
#6178 = CIRCLE ( 'NONE', #948, 1.924999999999999600 ) ;
#6179 = CARTESIAN_POINT ( 'NONE',  ( 26.04749942057234691, 7.259081821583989402, -0.06484628172088936771 ) ) ;
#6180 = ORIENTED_EDGE ( 'NONE', *, *, #6577, .F. ) ;
#6181 = CARTESIAN_POINT ( 'NONE',  ( -22.84129166334248495, 25.36895730540319605, 0.4708034217827721801 ) ) ;
#6182 = CARTESIAN_POINT ( 'NONE',  ( 23.57063454039415262, 21.70417358983301170, 0.002577275292229718254 ) ) ;
#6183 = CARTESIAN_POINT ( 'NONE',  ( 26.18224765167028067, 7.076572208488062010, -0.06034619821536674894 ) ) ;
#6184 = CARTESIAN_POINT ( 'NONE',  ( -25.18577218306640475, 6.980693230296439289, 0.4704127533986716125 ) ) ;
#6185 = CIRCLE ( 'NONE', #3280, 1.999999999999999334 ) ;
#6186 = CARTESIAN_POINT ( 'NONE',  ( 0.7983105345108223450, 23.31940487878325285, -22.40198748716096944 ) ) ;
#6187 = CARTESIAN_POINT ( 'NONE',  ( -0.5455679214778834663, 8.331152745534270210, 25.51008666431050287 ) ) ;
#6188 = CARTESIAN_POINT ( 'NONE',  ( 0.7985913576231038480, 8.529334548391940274, 24.20214776240270638 ) ) ;
#6189 =( BOUNDED_CURVE ( )  B_SPLINE_CURVE ( 2, ( #2682, #2542, #5961 ),
 .UNSPECIFIED., .F., .T. ) 
 B_SPLINE_CURVE_WITH_KNOTS ( ( 3, 3 ),
 ( 0.000000000000000000, 1.000000000000000000 ),
 .UNSPECIFIED. ) 
 CURVE ( )  GEOMETRIC_REPRESENTATION_ITEM ( )  RATIONAL_B_SPLINE_CURVE ( ( 1.000000000000000000, 0.9962518364972413609, 1.000000000000000000 ) ) 
 REPRESENTATION_ITEM ( '' )  );
#6190 = CARTESIAN_POINT ( 'NONE',  ( 0.1992088392050447576, 6.768649274056373066, -25.88725068453113565 ) ) ;
#6191 = AXIS2_PLACEMENT_3D ( 'NONE', #2317, #1119, #6758 ) ;
#6192 = CARTESIAN_POINT ( 'NONE',  ( 0.04137760642322815124, 7.046310596865541065, 26.19939777963014649 ) ) ;
#6193 = CARTESIAN_POINT ( 'NONE',  ( 23.83453405632964106, 12.79433690026907655, -0.6641768490189484675 ) ) ;
#6194 = ORIENTED_EDGE ( 'NONE', *, *, #2710, .T. ) ;
#6195 = CARTESIAN_POINT ( 'NONE',  ( 0.1953888825657650319, 7.675286467889710806, -25.85376602213157682 ) ) ;
#6196 = CARTESIAN_POINT ( 'NONE',  ( 0.7993243543242315452, 13.64877506917440186, -23.45961243663816020 ) ) ;
#6197 = CARTESIAN_POINT ( 'NONE',  ( -1.126183907551606245, 16.68709231234277723, -23.10503940918947663 ) ) ;
#6198 = CARTESIAN_POINT ( 'NONE',  ( -0.2812872344971429350, 7.200561060170431738, 25.61082690807942441 ) ) ;
#6199 = CARTESIAN_POINT ( 'NONE',  ( -23.35152727773681391, 23.74196830411835180, 0.2822355350392581341 ) ) ;
#6200 = VECTOR ( 'NONE', #5655, 1000.000000000000000 ) ;
#6201 = CARTESIAN_POINT ( 'NONE',  ( 0.6650334780823969894, 21.60840791976530895, 22.85596583769793000 ) ) ;
#6202 = AXIS2_PLACEMENT_3D ( 'NONE', #3752, #3861, #2874 ) ;
#6203 = CARTESIAN_POINT ( 'NONE',  ( -14.28941916244323451, 21.71383033581603073, -8.250000000000007105 ) ) ;
#6204 = CARTESIAN_POINT ( 'NONE',  ( -26.18489375013749054, 7.097796175136441121, -0.0006455624489098526738 ) ) ;
#6205 = CARTESIAN_POINT ( 'NONE',  ( 0.2844384853966711035, 7.298184023392539466, 26.05692074210708498 ) ) ;
#6206 = LINE ( 'NONE', #5140, #5730 ) ;
#6207 = DIRECTION ( 'NONE',  ( 0.000000000000000000, -1.000000000000000000, 0.000000000000000000 ) ) ;
#6208 = CARTESIAN_POINT ( 'NONE',  ( -23.50260562927583408, 17.24764673966277684, 0.4689062630456992120 ) ) ;
#6209 = CARTESIAN_POINT ( 'NONE',  ( 0.08274577012498535167, 7.000345051182272016, 26.22543006124305620 ) ) ;
#6210 = AXIS2_PLACEMENT_3D ( 'NONE', #3690, #5290, #6416 ) ;
#6211 = CARTESIAN_POINT ( 'NONE',  ( 25.12265844291206562, 9.518256390097215913, 0.2821260870255747344 ) ) ;
#6212 = DIRECTION ( 'NONE',  ( 0.000000000000000000, 0.000000000000000000, -1.000000000000000000 ) ) ;
#6213 = CARTESIAN_POINT ( 'NONE',  ( 25.51255564160663525, 8.326188858041319918, 0.5446510710941059319 ) ) ;
#6214 = CARTESIAN_POINT ( 'NONE',  ( -0.05938784320943530509, 6.987360594445572559, -26.23289429105778225 ) ) ;
#6215 = CARTESIAN_POINT ( 'NONE',  ( -24.78652095052721904, 9.473209540895425107, -0.4698388378083717121 ) ) ;
#6216 = CARTESIAN_POINT ( 'NONE',  ( -0.2025679516856463136, 18.15973992835600015, 23.65366421945572739 ) ) ;
#6217 = CARTESIAN_POINT ( 'NONE',  ( 0.7319673430607701592, 7.273096997234341110, -24.48199181283924730 ) ) ;
#6218 = EDGE_CURVE ( 'NONE', #1003, #574, #3532, .T. ) ;
#6219 = CARTESIAN_POINT ( 'NONE',  ( 24.67361858532973073, 7.237889243648395698, -0.6646610068474759769 ) ) ;
#6220 = ORIENTED_EDGE ( 'NONE', *, *, #3636, .T. ) ;
#6221 = CARTESIAN_POINT ( 'NONE',  ( -23.72604003759828473, 25.26656726558583799, 0.0003083983701616145601 ) ) ;
#6222 = CARTESIAN_POINT ( 'NONE',  ( 22.40198748716096588, 23.31940487878325285, 0.7983105345109005047 ) ) ;
#6223 = CARTESIAN_POINT ( 'NONE',  ( 25.78161810170057322, 7.805647636930063804, -0.4307169967029936819 ) ) ;
#6224 = CARTESIAN_POINT ( 'NONE',  ( -25.56799920981655561, 7.418639859887252719, 0.2825122576161670507 ) ) ;
#6225 = CARTESIAN_POINT ( 'NONE',  ( -0.1187288889863380853, 8.959709376026342653, 25.47038861403910204 ) ) ;
#6226 = CARTESIAN_POINT ( 'NONE',  ( 0.7320679985732765349, 6.689743450620962761, -24.53722090033751613 ) ) ;
#6227 = CARTESIAN_POINT ( 'NONE',  ( 24.13925223729406255, 12.83516994896271868, -0.4691539046247147904 ) ) ;
#6228 = ORIENTED_EDGE ( 'NONE', *, *, #1334, .T. ) ;
#6229 = CARTESIAN_POINT ( 'NONE',  ( 0.5448132774690013225, 21.45128521618167028, -23.11532449194696071 ) ) ;
#6230 =( BOUNDED_SURFACE ( )  B_SPLINE_SURFACE ( 3, 2, ( 
 ( #2749, #534, #4383 ),
 ( #2820, #5514, #3330 ),
 ( #5547, #5474, #6130 ),
 ( #1042, #6642, #5033 ),
 ( #55, #3842, #6606 ),
 ( #567, #4964, #3879 ),
 ( #2238, #3364, #6096 ),
 ( #1075, #7191, #2202 ),
 ( #3295, #3915, #3261 ),
 ( #1621, #4493, #1112 ),
 ( #4418, #1657, #4457 ),
 ( #2782, #1694, #4997 ),
 ( #7157, #1144, #15 ),
 ( #6683, #5583, #2130 ),
 ( #601, #4349, #6571 ),
 ( #1586, #3809, #2166 ),
 ( #6026, #496, #2715 ),
 ( #4930, #2010, #1502 ),
 ( #2154, #4774, #5937 ),
 ( #5901, #3681, #6997 ),
 ( #1029, #3248, #4226 ),
 ( #5462, #2047, #2593 ),
 ( #480, #3137, #4371 ),
 ( #4336, #915, #371 ),
 ( #5354, #4811, #3177 ),
 ( #2080, #7104, #4296 ),
 ( #6515, #3214, #954 ),
 ( #2700, #4916, #5977 ),
 ( #7033, #5392, #6558 ),
 ( #1535, #409, #6445 ),
 ( #7069, #3756, #6013 ),
 ( #2555, #4261, #7145 ),
 ( #1574, #6478, #3648 ),
 ( #1466, #3717, #5427 ),
 ( #994, #1432, #446 ),
 ( #5869, #2630, #4846 ),
 ( #883, #2662, #5320 ),
 ( #4879, #2115, #3794 ),
 ( #3104, #337, #1642 ),
 ( #41, #6192, #6048 ) ),
 .UNSPECIFIED., .F., .F., .T. ) 
 B_SPLINE_SURFACE_WITH_KNOTS ( ( 4, 2, 2, 2, 2, 2, 2, 2, 2, 2, 2, 2, 2, 2, 2, 2, 2, 2, 2, 4 ),
 ( 3, 3 ),
 ( -2.744386749103933099E-19, 0.0001462215291045410319, 0.0002924430582090823349, 0.0005848861164181649950, 0.0008773291746272476009, 0.001169772232836330207, 0.002339544465672660847, 0.003509316698508991271, 0.004679088931345321695, 0.007018633397017982542, 0.009358177862690643389, 0.01169772232836330424, 0.01403726679403596508, 0.01520703902687229638, 0.01637681125970862767, 0.01754658349254495722, 0.01813146960896312027, 0.01842391266717220352, 0.01857013419627674689, 0.01871635572538128678 ),
 ( 0.000000000000000000, 1.000000000000000000 ),
 .UNSPECIFIED. ) 
 GEOMETRIC_REPRESENTATION_ITEM ( )  RATIONAL_B_SPLINE_SURFACE ( (
 ( 1.000000000000000000, 0.9962518364970200935, 1.000000000000000000),
 ( 1.000000000000000000, 0.9945631477954840483, 1.000000000000000000),
 ( 1.000000000000000000, 0.9924138894324534554, 1.000000000000000000),
 ( 1.000000000000000000, 0.9879279261912197185, 1.000000000000000000),
 ( 1.000000000000000000, 0.9855757691827912170, 1.000000000000000000),
 ( 1.000000000000000000, 0.9789350987842019292, 1.000000000000000000),
 ( 1.000000000000000000, 0.9750239592931175814, 1.000000000000000000),
 ( 1.000000000000000000, 0.9680196802626184205, 1.000000000000000000),
 ( 1.000000000000000000, 0.9653343024997278476, 1.000000000000000000),
 ( 1.000000000000000000, 0.9589519924588900679, 1.000000000000000000),
 ( 1.000000000000000000, 0.9557682933640857526, 1.000000000000000000),
 ( 1.000000000000000000, 0.9406991423173197697, 1.000000000000000000),
 ( 1.000000000000000000, 0.9310237241060016489, 1.000000000000000000),
 ( 1.000000000000000000, 0.9197612874394852644, 1.000000000000000000),
 ( 1.000000000000000000, 0.9165400778705454776, 1.000000000000000000),
 ( 1.000000000000000000, 0.9109969437068869968, 1.000000000000000000),
 ( 1.000000000000000000, 0.9091136768768920406, 1.000000000000000000),
 ( 1.000000000000000000, 0.9045711516171383026, 1.000000000000000000),
 ( 1.000000000000000000, 0.9031135336180801110, 1.000000000000000000),
 ( 1.000000000000000000, 0.9009957029836875853, 1.000000000000000000),
 ( 1.000000000000000000, 0.9002919068008272685, 1.000000000000000000),
 ( 1.000000000000000000, 0.8987813328983971228, 1.000000000000000000),
 ( 1.000000000000000000, 0.8979443053286608745, 1.000000000000000000),
 ( 1.000000000000000000, 0.8968824594379507520, 1.000000000000000000),
 ( 1.000000000000000000, 0.8965965932841475361, 1.000000000000000000),
 ( 1.000000000000000000, 0.9002169877766891259, 1.000000000000000000),
 ( 1.000000000000000000, 0.9021347068594206542, 1.000000000000000000),
 ( 1.000000000000000000, 0.9083432751159686847, 1.000000000000000000),
 ( 1.000000000000000000, 0.9122365844968501891, 1.000000000000000000),
 ( 1.000000000000000000, 0.9251949273766234549, 1.000000000000000000),
 ( 1.000000000000000000, 0.9353317036977473187, 1.000000000000000000),
 ( 1.000000000000000000, 0.9552023180362336774, 1.000000000000000000),
 ( 1.000000000000000000, 0.9624999758652358350, 1.000000000000000000),
 ( 1.000000000000000000, 0.9738186071353058804, 1.000000000000000000),
 ( 1.000000000000000000, 0.9776702838563141595, 1.000000000000000000),
 ( 1.000000000000000000, 0.9839509177001160012, 1.000000000000000000),
 ( 1.000000000000000000, 0.9862124296396210799, 1.000000000000000000),
 ( 1.000000000000000000, 0.9909928848988754924, 1.000000000000000000),
 ( 1.000000000000000000, 0.9934797001327467791, 1.000000000000000000),
 ( 1.000000000000000000, 0.9954377026008559559, 1.000000000000000000) ) ) 
 REPRESENTATION_ITEM ( '' )  SURFACE ( )  );
#6231 = CARTESIAN_POINT ( 'NONE',  ( 0.2025950405826918155, 13.75202938187618784, -24.23008043101890507 ) ) ;
#6232 = CARTESIAN_POINT ( 'NONE',  ( -0.5175442618287574570, 19.05734663138434470, -23.27757479437974908 ) ) ;
#6233 = CARTESIAN_POINT ( 'NONE',  ( -0.4695580711357038028, 7.299651306778384807, 25.13457519521731598 ) ) ;
#6234 = CARTESIAN_POINT ( 'NONE',  ( -23.60660972740801355, 23.77614954779357603, 0.06365308027644764333 ) ) ;
#6235 = CARTESIAN_POINT ( 'NONE',  ( -0.4695306150285785129, 22.53082631951395953, 23.12837455972184131 ) ) ;
#6236 = CARTESIAN_POINT ( 'NONE',  ( -0.1915593466064250128, 25.14562790264200132, 23.67342599470692122 ) ) ;
#6237 = LINE ( 'NONE', #197, #973 ) ;
#6238 = CARTESIAN_POINT ( 'NONE',  ( 0.3122745849076071778, 7.382753658081412595, 26.01010753327471647 ) ) ;
#6239 = CARTESIAN_POINT ( 'NONE',  ( 23.70898933549250387, 25.31142919976345240, -0.05540326936213103848 ) ) ;
#6240 = CARTESIAN_POINT ( 'NONE',  ( -0.1183299694728326412, 25.23935414555382550, -23.52296187418514961 ) ) ;
#6241 = CARTESIAN_POINT ( 'NONE',  ( -23.98141953692598705, 15.51525805920044832, -0.004452513533649237604 ) ) ;
#6242 = CARTESIAN_POINT ( 'NONE',  ( 26.20920022402786032, 7.028640972223588967, 0.1222170190541247148 ) ) ;
#6243 = CARTESIAN_POINT ( 'NONE',  ( 25.48756902402082503, 8.962011880067395353, 0.09738559518147917038 ) ) ;
#6244 = CARTESIAN_POINT ( 'NONE',  ( -22.05661753709545891, 0.03151920426976555223, -44.11323507419089651 ) ) ;
#6245 = CARTESIAN_POINT ( 'NONE',  ( -26.12478128855074999, 7.177219381784325947, 0.2266522000844226337 ) ) ;
#6246 = CARTESIAN_POINT ( 'NONE',  ( -22.05661753709544826, 0.03151920426976555223, 44.11323507419089651 ) ) ;
#6247 = CARTESIAN_POINT ( 'NONE',  ( -25.51633925682547854, 8.965868453390688941, 0.03093437817976771309 ) ) ;
#6248 = CARTESIAN_POINT ( 'NONE',  ( -0.2834179113345798862, 19.62262892191320773, 23.50754031008084866 ) ) ;
#6249 = CARTESIAN_POINT ( 'NONE',  ( 0.1995902694428179636, 7.814048943889948973, -25.66639677309622769 ) ) ;
#6250 = CARTESIAN_POINT ( 'NONE',  ( 25.39621001577420145, 7.586726827084611102, 0.3418458888835891329 ) ) ;
#6251 = ORIENTED_EDGE ( 'NONE', *, *, #720, .F. ) ;
#6252 = CARTESIAN_POINT ( 'NONE',  ( -23.61869912547163608, 25.25218213035765658, -0.06418618536846940059 ) ) ;
#6253 = CARTESIAN_POINT ( 'NONE',  ( 23.48764127239124377, 23.76020448162192267, 0.1999228180903884766 ) ) ;
#6254 = CARTESIAN_POINT ( 'NONE',  ( 22.99459875241456430, 19.08876384653003910, -1.047313679750314419 ) ) ;
#6255 = CARTESIAN_POINT ( 'NONE',  ( -26.02855995144393830, 7.480356054152268896, -0.03200605309686990751 ) ) ;
#6256 = CARTESIAN_POINT ( 'NONE',  ( 7.602121329738624630E-05, 7.097770024547200407, 26.18490495129217166 ) ) ;
#6257 = CARTESIAN_POINT ( 'NONE',  ( 0.7986176297185701989, 9.380603130347523688, 24.09538807832684526 ) ) ;
#6258 = CARTESIAN_POINT ( 'NONE',  ( 0.2812546168207308850, 7.041413238978438294, -25.63892773967090477 ) ) ;
#6259 = CARTESIAN_POINT ( 'NONE',  ( 23.42308248650235214, 18.12883771833169888, 0.4708527579912324401 ) ) ;
#6260 = ORIENTED_EDGE ( 'NONE', *, *, #6799, .F. ) ;
#6261 = CARTESIAN_POINT ( 'NONE',  ( -0.03608899258408609922, 7.820591540408228681, -25.90340305070049709 ) ) ;
#6262 = ADVANCED_FACE ( 'NONE', ( #912 ), #277, .F. ) ;
#6263 = CARTESIAN_POINT ( 'NONE',  ( -0.7312747239849645142, 17.19787099495637150, -23.13115062838263825 ) ) ;
#6264 = CARTESIAN_POINT ( 'NONE',  ( -0.07458206887683350994, 7.113279477039974985, -26.16154146988501594 ) ) ;
#6265 = CARTESIAN_POINT ( 'NONE',  ( -0.2813415315283607221, 7.418929758907623295, 25.57019936145555405 ) ) ;
#6266 = CARTESIAN_POINT ( 'NONE',  ( -23.01866130329231908, 23.69735492592861448, -0.4693259789811302096 ) ) ;
#6267 = CARTESIAN_POINT ( 'NONE',  ( -0.6639655575437675150, 23.35629451691783132, 22.67725751682359459 ) ) ;
#6268 = CARTESIAN_POINT ( 'NONE',  ( -0.8527849398740854348, 10.50125412032975980, 24.54736681190557945 ) ) ;
#6269 = CYLINDRICAL_SURFACE ( 'NONE', #3525, 2.000000000000000000 ) ;
#6270 = CARTESIAN_POINT ( 'NONE',  ( 0.3081481946208419753, 24.86819982968102494, 23.61573200720690124 ) ) ;
#6271 = CARTESIAN_POINT ( 'NONE',  ( 26.23288114604853405, 6.987384228950775267, 0.05924213260326148534 ) ) ;
#6272 = CARTESIAN_POINT ( 'NONE',  ( -0.2004401152448756773, 25.21953919146856649, -23.37509284363672535 ) ) ;
#6273 = CARTESIAN_POINT ( 'NONE',  ( -23.77890068521867661, 17.28466841740837268, -0.004308539679857049248 ) ) ;
#6274 = DIRECTION ( 'NONE',  ( 0.000000000000000000, -1.000000000000000000, 0.000000000000000000 ) ) ;
#6276 = ADVANCED_FACE ( 'NONE', ( #4807, #7142, #7030, #4876, #2627 ), #7066, .T. ) ;
#6275 = CARTESIAN_POINT ( 'NONE',  ( 25.12178023679577521, 9.518143642770894530, -0.2817339035234248668 ) ) ;
#6277 = CARTESIAN_POINT ( 'NONE',  ( 0.0003784970566294330679, 7.076015500991511331, -26.19327994679870386 ) ) ;
#6278 = CARTESIAN_POINT ( 'NONE',  ( -24.52561528315357009, 9.438255374585546420, 0.5976601160940707702 ) ) ;
#6279 = CARTESIAN_POINT ( 'NONE',  ( -0.3439151270115493042, 18.14615785306246920, 23.55232094588169289 ) ) ;
#6280 = CARTESIAN_POINT ( 'NONE',  ( 0.7318664915578653174, 8.163351719434210452, -24.38626120462854274 ) ) ;
#6281 = CARTESIAN_POINT ( 'NONE',  ( 25.44054755371731602, 7.340661252397555181, -0.3430125216111787334 ) ) ;
#6282 = VERTEX_POINT ( 'NONE', #4292 ) ;
#6283 = CARTESIAN_POINT ( 'NONE',  ( -23.20362005602302347, 25.19655619810600200, -0.2814245773441533816 ) ) ;
#6284 = CARTESIAN_POINT ( 'NONE',  ( 25.49586041880643705, 8.846241594124039764, -0.1246056897797350876 ) ) ;
#6285 = CARTESIAN_POINT ( 'NONE',  ( -0.07677127596672513044, 25.29851411751397094, -23.70617843559350746 ) ) ;
#6286 = CARTESIAN_POINT ( 'NONE',  ( -25.44054755371731602, 7.340661252397555181, 0.3430125216111787334 ) ) ;
#6287 = CARTESIAN_POINT ( 'NONE',  ( -10.83702032928563241, 16.71383033581603073, -10.27013422742452065 ) ) ;
#6288 = CARTESIAN_POINT ( 'NONE',  ( 0.1990883870648102738, 10.11728527487231055, 25.07697099557669063 ) ) ;
#6289 = CARTESIAN_POINT ( 'NONE',  ( 0.06380137418393486137, 7.002937265611848261, -26.11304866179586526 ) ) ;
#6290 = DIRECTION ( 'NONE',  ( 1.000000000000000000, -0.000000000000000000, 1.224646799147353207E-16 ) ) ;
#6291 = CARTESIAN_POINT ( 'NONE',  ( 23.76722453529430368, 17.28310456866912403, -0.09294234395999782794 ) ) ;
#6292 = VERTEX_POINT ( 'NONE', #6511 ) ;
#6293 = CARTESIAN_POINT ( 'NONE',  ( 0.03939183293839202543, 24.49556262030441545, -23.64537326827079511 ) ) ;
#6294 = CARTESIAN_POINT ( 'NONE',  ( -0.09312079062363606829, 18.16454376727064357, -23.68949222094850882 ) ) ;
#6295 = CARTESIAN_POINT ( 'NONE',  ( -0.2855753081124226544, 8.378942259241282997, -25.49187800468100207 ) ) ;
#6296 = CARTESIAN_POINT ( 'NONE',  ( 0.5977674809327796490, 7.507372934299196388, 24.80399192107302042 ) ) ;
#6297 = CARTESIAN_POINT ( 'NONE',  ( -23.57297983354384385, 24.28790063158485779, 0.1179811376680824225 ) ) ;
#6298 = CARTESIAN_POINT ( 'NONE',  ( -0.3419125180498510108, 23.72826780140581349, 23.24933183317505936 ) ) ;
#6299 = EDGE_CURVE ( 'NONE', #955, #1125, #2833, .T. ) ;
#6300 = CARTESIAN_POINT ( 'NONE',  ( -0.3593199608229706299, 24.69168594786576776, 23.58042882250656547 ) ) ;
#6301 = CARTESIAN_POINT ( 'NONE',  ( -26.16140522950446012, 7.113521166003338614, -0.07457264525829436497 ) ) ;
#6302 = CIRCLE ( 'NONE', #2817, 2.800000000000000266 ) ;
#6303 = CARTESIAN_POINT ( 'NONE',  ( -26.04870168238811701, 6.994313955994519105, -0.09599728122239982453 ) ) ;
#6304 = CARTESIAN_POINT ( 'NONE',  ( -5.213530464874319925, 21.71383033581603073, 13.53030303030302939 ) ) ;
#6305 = CARTESIAN_POINT ( 'NONE',  ( -25.04626270578027913, 9.973623702278384684, -0.2454236068969424533 ) ) ;
#6306 = CARTESIAN_POINT ( 'NONE',  ( -23.77815593830445806, 17.28456880317517275, 0.01715360442737938820 ) ) ;
#6307 = CARTESIAN_POINT ( 'NONE',  ( 23.70617828429515228, 25.29851411751397094, 0.07681798113203343326 ) ) ;
#6308 = CIRCLE ( 'NONE', #2360, 1.999999999999999778 ) ;
#6309 = CARTESIAN_POINT ( 'NONE',  ( 25.47038861403910204, 8.959709376026342653, 0.1187288889866048580 ) ) ;
#6310 = DIRECTION ( 'NONE',  ( 0.000000000000000000, 0.000000000000000000, -1.000000000000000000 ) ) ;
#6311 = CARTESIAN_POINT ( 'NONE',  ( -26.01010753327479819, 7.382753658081250059, 0.3122745849073434443 ) ) ;
#6312 = CARTESIAN_POINT ( 'NONE',  ( -26.20811897558237646, 7.030911982025060958, -0.05508662124877796579 ) ) ;
#6313 = CARTESIAN_POINT ( 'NONE',  ( -0.4706097144167266655, 23.40738173675255496, -23.05840772190289201 ) ) ;
#6314 = CARTESIAN_POINT ( 'NONE',  ( -25.51526211363424679, 8.965723543114240357, -0.03346758823930539445 ) ) ;
#6315 = AXIS2_PLACEMENT_3D ( 'NONE', #5088, #3313, #4948 ) ;
#6316 = CARTESIAN_POINT ( 'NONE',  ( -0.2838763299909964344, 18.15285048874050844, 23.60225898016045321 ) ) ;
#6317 = CARTESIAN_POINT ( 'NONE',  ( -0.2823678745583304561, 7.918042416180288257, -25.47070140321337561 ) ) ;
#6318 = CARTESIAN_POINT ( 'NONE',  ( 25.57904839084173076, 7.359220980500884579, -0.2825270056823839249 ) ) ;
#6319 = EDGE_LOOP ( 'NONE', ( #6374, #6330 ) ) ;
#6320 = CARTESIAN_POINT ( 'NONE',  ( -0.07677127596672513044, 25.29851411751397094, -23.70617843559350746 ) ) ;
#6321 = CARTESIAN_POINT ( 'NONE',  ( 23.36850617477367820, 23.44893584375228457, -0.2821353565643991979 ) ) ;
#6322 = CARTESIAN_POINT ( 'NONE',  ( 26.15605098470983592, 7.174721770087391981, -0.001669255668162066605 ) ) ;
#6323 = CARTESIAN_POINT ( 'NONE',  ( 23.39730336433018465, 16.72222576411581585, 0.5918215595637275062 ) ) ;
#6324 = CARTESIAN_POINT ( 'NONE',  ( -25.73825954419640283, 7.441455434846184325, 0.2005071521234249310 ) ) ;
#6325 = CARTESIAN_POINT ( 'NONE',  ( 0.09526019275097641348, 8.540399505037544969, 25.61764026505176162 ) ) ;
#6326 = CARTESIAN_POINT ( 'NONE',  ( 0.6645985338673403575, 10.01230362127266105, 24.29354375378402153 ) ) ;
#6327 = CARTESIAN_POINT ( 'NONE',  ( -0.1186723523865920171, 6.888657846623179815, -26.02150943782998382 ) ) ;
#6328 = DIRECTION ( 'NONE',  ( 8.881784197001252323E-16, 0.000000000000000000, 1.000000000000000000 ) ) ;
#6329 = CARTESIAN_POINT ( 'NONE',  ( 23.77364918505462299, 17.28396411214630035, 0.06832420979984121789 ) ) ;
#6330 = ORIENTED_EDGE ( 'NONE', *, *, #6840, .T. ) ;
#6331 = CARTESIAN_POINT ( 'NONE',  ( 0.01891692208597118771, 24.76759303201448503, -23.66979242309053433 ) ) ;
#6332 = CARTESIAN_POINT ( 'NONE',  ( -0.6639565976177270734, 15.44229858335834749, -23.43693575439844068 ) ) ;
#6333 = CARTESIAN_POINT ( 'NONE',  ( -0.2011659210036118584, 9.571924499815416709, -25.20612417330927713 ) ) ;
#6334 = CARTESIAN_POINT ( 'NONE',  ( -0.09624718757100837740, 7.467413806184387326, 25.93198617338654088 ) ) ;
#6335 = CARTESIAN_POINT ( 'NONE',  ( -22.86597672356404232, 24.93035803293734887, -0.4692789400409985157 ) ) ;
#6336 = CARTESIAN_POINT ( 'NONE',  ( -0.02220291040419309150, 24.29520738889879539, 23.62751367094768540 ) ) ;
#6337 = CARTESIAN_POINT ( 'NONE',  ( -0.2400354420183573589, 9.924948494165482415, 25.06500497777075154 ) ) ;
#6338 = CARTESIAN_POINT ( 'NONE',  ( -25.85581429268180287, 7.940679269524260064, -0.04436703468074484902 ) ) ;
#6339 = CARTESIAN_POINT ( 'NONE',  ( -26.17390203848848884, 7.011092403419710628, -0.03162185605304657088 ) ) ;
#6340 = CARTESIAN_POINT ( 'NONE',  ( 26.19938379298428188, 7.046335592041591767, 0.04121626037784854868 ) ) ;
#6341 = CARTESIAN_POINT ( 'NONE',  ( -0.7994177942612881171, 6.666233605996682243, 24.36178953236183986 ) ) ;
#6342 = CARTESIAN_POINT ( 'NONE',  ( -23.51852103150789830, 21.10657616654167157, 0.1985966490572859677 ) ) ;
#6343 = EDGE_CURVE ( 'NONE', #4899, #1100, #160, .T. ) ;
#6344 = CARTESIAN_POINT ( 'NONE',  ( 24.67768590584567789, 11.65790948527042659, -0.1981860440902480924 ) ) ;
#6345 = CARTESIAN_POINT ( 'NONE',  ( 25.88957437682373808, 3.760367054727149494, -51.77914875364749747 ) ) ;
#6346 = CARTESIAN_POINT ( 'NONE',  ( 23.56188215592914048, 24.59672512525776256, 0.3810769408563244864 ) ) ;
#6347 = CARTESIAN_POINT ( 'NONE',  ( 22.05661753709545181, 0.03151920426976555223, 0.000000000000000000 ) ) ;
#6348 = EDGE_CURVE ( 'NONE', #6292, #5246, #2176, .T. ) ;
#6349 = CARTESIAN_POINT ( 'NONE',  ( 0.1181380872081842642, 24.28797829092429339, -23.57357478042483123 ) ) ;
#6350 = CARTESIAN_POINT ( 'NONE',  ( -24.72780041341782109, 11.66462404599302616, 0.06144587728907593277 ) ) ;
#6351 = CARTESIAN_POINT ( 'NONE',  ( 0.4690681141499543072, 18.12861186314970396, 23.42133566046036464 ) ) ;
#6352 = B_SPLINE_CURVE_WITH_KNOTS ( 'NONE', 3,
 ( #1110, #3328, #2638, #1619 ),
 .UNSPECIFIED., .F., .F.,
 ( 4, 4 ),
 ( 0.000000000000000000, 1.000000000000000000 ),
 .UNSPECIFIED. ) ;
#6353 = CARTESIAN_POINT ( 'NONE',  ( -0.02120107604095952322, 7.845779454664970842, -25.90316257802812672 ) ) ;
#6354 = CARTESIAN_POINT ( 'NONE',  ( 26.06006572416153944, 7.423678621260872745, 0.02126399149150247359 ) ) ;
#6355 = EDGE_LOOP ( 'NONE', ( #6908, #3558, #3418, #1700, #261, #6712, #916, #2688 ) ) ;
#6356 = DIRECTION ( 'NONE',  ( -0.000000000000000000, 1.000000000000000000, -0.000000000000000000 ) ) ;
#6357 = CARTESIAN_POINT ( 'NONE',  ( 23.62225903123726312, 23.77824611692486911, 0.001076299088823467857 ) ) ;
#6358 = CARTESIAN_POINT ( 'NONE',  ( -23.69720220672815358, 25.20458595688069181, -2.227581968609439661E-05 ) ) ;
#6359 = DIRECTION ( 'NONE',  ( 0.000000000000000000, 1.000000000000000000, 0.000000000000000000 ) ) ;
#6360 = CARTESIAN_POINT ( 'NONE',  ( -25.94677603774982799, 7.408496209465190496, -0.09621489151297324405 ) ) ;
#6361 = CARTESIAN_POINT ( 'NONE',  ( 0.001809059324035818374, 7.188356083999616786, 26.15003209765740877 ) ) ;
#6362 = CARTESIAN_POINT ( 'NONE',  ( -0.001854854366328091307, 9.546510745264654929, 25.33348050128766360 ) ) ;
#6363 = CARTESIAN_POINT ( 'NONE',  ( -0.2006415042405314264, 6.965054618183614821, -25.83034250335447624 ) ) ;
#6364 = CARTESIAN_POINT ( 'NONE',  ( 26.20945821234550621, 7.028189981913596007, -0.1217258242435364651 ) ) ;
#6365 = CARTESIAN_POINT ( 'NONE',  ( 23.96337081132590896, 15.51284042216297898, -0.1144370527498887596 ) ) ;
#6366 = VERTEX_POINT ( 'NONE', #2186 ) ;
#6367 = CARTESIAN_POINT ( 'NONE',  ( 0.1145011863356591025, 23.66372996600309619, -23.56908634835391680 ) ) ;
#6368 = CARTESIAN_POINT ( 'NONE',  ( 0.004131629845928071025, 18.16606371434358280, -23.70084076682063312 ) ) ;
#6369 = CARTESIAN_POINT ( 'NONE',  ( -0.2026676430425794484, 7.135210434213207442, -26.14852051369939190 ) ) ;
#6370 = CARTESIAN_POINT ( 'NONE',  ( -0.2813916348206184082, 7.605287567844771779, 25.53471050363677364 ) ) ;
#6371 = CARTESIAN_POINT ( 'NONE',  ( -23.60007031905104213, 24.29153079204919052, 0.09643964521267556211 ) ) ;
#6372 = EDGE_CURVE ( 'NONE', #4899, #955, #2841, .T. ) ;
#6373 = CARTESIAN_POINT ( 'NONE',  ( -0.1181380872080196598, 24.28797829092429339, 23.57357478042483123 ) ) ;
#6374 = ORIENTED_EDGE ( 'NONE', *, *, #5729, .T. ) ;
#6375 = CARTESIAN_POINT ( 'NONE',  ( -0.2232780578293330487, 24.35987815337936624, 23.52060407301959088 ) ) ;
#6376 = CARTESIAN_POINT ( 'NONE',  ( -23.45908771045712982, 14.35418120390346353, -0.7619944654645074422 ) ) ;
#6377 = CARTESIAN_POINT ( 'NONE',  ( -26.14282364457663732, 6.904913356103839384, -0.06372381790336292817 ) ) ;
#6378 = CARTESIAN_POINT ( 'NONE',  ( 26.18491615244682791, 7.097743873957996108, -0.0007976048749827423364 ) ) ;
#6379 = CARTESIAN_POINT ( 'NONE',  ( -25.47372236828856984, 8.897311583983592342, -0.1305334978729462692 ) ) ;
#6380 = CARTESIAN_POINT ( 'NONE',  ( -23.57427181956365558, 21.11404575097608216, 0.02938005698545751582 ) ) ;
#6381 = CARTESIAN_POINT ( 'NONE',  ( 24.23402187908167349, 10.34903462022827014, 0.6647104373011734069 ) ) ;
#6382 = CARTESIAN_POINT ( 'NONE',  ( -23.24787228866983213, 22.61440812146382839, 0.4235647793822082119 ) ) ;
#6383 = CARTESIAN_POINT ( 'NONE',  ( 23.36320237858927484, 21.40973629564270198, 0.3454357935527324619 ) ) ;
#6384 = CARTESIAN_POINT ( 'NONE',  ( 16.30012398138545393, 16.71383033581603073, -2.560460542844364973 ) ) ;
#6385 = CARTESIAN_POINT ( 'NONE',  ( -0.09643964521275796842, 24.29153079204919052, -23.60007031905104213 ) ) ;
#6386 = CARTESIAN_POINT ( 'NONE',  ( -24.98894281536914264, 10.45020433230525825, -0.2011077090615848439 ) ) ;
#6387 = CARTESIAN_POINT ( 'NONE',  ( -0.02405086185773403981, 21.70394633441149779, 23.56894011286081536 ) ) ;
#6388 = CARTESIAN_POINT ( 'NONE',  ( 0.03251119830328083604, 7.969452940650181283, -25.85435893270511443 ) ) ;
#6389 = EDGE_CURVE ( 'NONE', #2064, #4472, #3277, .T. ) ;
#6390 = CARTESIAN_POINT ( 'NONE',  ( 25.83681359102981645, 7.967102567861572560, -0.06430627355143861412 ) ) ;
#6391 = VERTEX_POINT ( 'NONE', #4476 ) ;
#6392 = CARTESIAN_POINT ( 'NONE',  ( 23.33455418227021028, 17.46943243036577442, -0.5782821415565606582 ) ) ;
#6393 = CARTESIAN_POINT ( 'NONE',  ( 22.92477463343348276, 24.71729615482997033, -0.4707914068460773427 ) ) ;
#6394 = CARTESIAN_POINT ( 'NONE',  ( 0.02845707261793831155, 25.32360664091882185, 23.71146163836301568 ) ) ;
#6395 = CARTESIAN_POINT ( 'NONE',  ( 25.47372236828228864, 8.897311583999307771, 0.1305334978745744945 ) ) ;
#6396 = CARTESIAN_POINT ( 'NONE',  ( -25.90316257802812672, 7.845779454664970842, 0.02120107604086908168 ) ) ;
#6397 = CARTESIAN_POINT ( 'NONE',  ( -0.03508604145634976190, 24.52874500199830621, 23.64989897351173198 ) ) ;
#6398 = CARTESIAN_POINT ( 'NONE',  ( 0.06246177225155604557, 10.12724360520031652, 25.15129123717085236 ) ) ;
#6399 = CARTESIAN_POINT ( 'NONE',  ( -0.2826139044702710157, 6.941304772147778301, -25.65311042931752539 ) ) ;
#6400 = CARTESIAN_POINT ( 'NONE',  ( 25.20421417859166979, 6.779128367521678022, 0.4695540431456869390 ) ) ;
#6401 = CARTESIAN_POINT ( 'NONE',  ( 23.04359692497313006, 18.07798122579207600, 0.7320179803974891097 ) ) ;
#6402 = CARTESIAN_POINT ( 'NONE',  ( 0.003922420702933266529, 7.280131799693480232, -26.11842614239928650 ) ) ;
#6403 = CARTESIAN_POINT ( 'NONE',  ( -0.09294234396008081711, 17.28310456866912403, -23.76722453529430368 ) ) ;
#6404 = CARTESIAN_POINT ( 'NONE',  ( -0.003406433327522427525, 7.254445776567706616, -26.12708898306454230 ) ) ;
#6405 = CARTESIAN_POINT ( 'NONE',  ( -0.3418124121480735078, 7.399894057548072723, 25.42815461140922650 ) ) ;
#6406 = CARTESIAN_POINT ( 'NONE',  ( -23.14266296167501835, 24.74648787500859370, -0.3417841617678321064 ) ) ;
#6407 = CARTESIAN_POINT ( 'NONE',  ( 0.02072749224602539811, 24.29518282774537141, 23.62732758367016572 ) ) ;
#6408 = AXIS2_PLACEMENT_3D ( 'NONE', #4758, #7051, #1992 ) ;
#6409 = VERTEX_POINT ( 'NONE', #5496 ) ;
#6410 = CARTESIAN_POINT ( 'NONE',  ( -26.20920022402788163, 7.028640972223533900, -0.1222170190541985307 ) ) ;
#6411 = CARTESIAN_POINT ( 'NONE',  ( -23.33354436156255929, 17.51500126233681698, -0.5782098345417723273 ) ) ;
#6412 = DIRECTION ( 'NONE',  ( 0.000000000000000000, 1.000000000000000000, 0.000000000000000000 ) ) ;
#6413 = CARTESIAN_POINT ( 'NONE',  ( 0.03297358854813317586, 6.816285461698435633, 26.24270749816757942 ) ) ;
#6414 = CARTESIAN_POINT ( 'NONE',  ( -23.60930797460028074, 19.63626908163578833, -0.003658265856156822475 ) ) ;
#6415 = AXIS2_PLACEMENT_3D ( 'NONE', #5814, #4831, #7053 ) ;
#6416 = DIRECTION ( 'NONE',  ( 0.9878863019021412173, 0.000000000000000000, 0.1551794268390994658 ) ) ;
#6417 =( BOUNDED_SURFACE ( )  B_SPLINE_SURFACE ( 3, 2, ( 
 ( #6740, #2807, #44 ),
 ( #1101, #2703, #1684 ),
 ( #2264, #6704, #3 ),
 ( #2192, #1753, #3319 ),
 ( #4954, #5464, #3904 ),
 ( #4374, #5503, #4483 ),
 ( #3976, #6119, #1612 ),
 ( #1065, #6195, #4445 ),
 ( #1645, #7148, #3285 ),
 ( #6671, #2226, #1715 ),
 ( #2299, #524, #3250 ),
 ( #5572, #6596, #1135 ),
 ( #3940, #484, #6630 ),
 ( #6155, #5022, #5537 ),
 ( #2739, #2847, #1171 ),
 ( #5611, #557, #629 ),
 ( #2772, #3868, #5060 ),
 ( #81, #4517, #4919 ),
 ( #2157, #3832, #6051 ),
 ( #7181, #4408, #6084 ),
 ( #697, #6777, #6921 ),
 ( #5094, #6229, #1281 ),
 ( #188, #2439, #2881 ),
 ( #3462, #1930, #1855 ),
 ( #664, #4082, #225 ),
 ( #2334, #3569, #1212 ),
 ( #5239, #3536, #1355 ),
 ( #3495, #6844, #6293 ),
 ( #5648, #262, #1318 ),
 ( #5753, #4588, #6331 ),
 ( #2478, #6812, #4153 ),
 ( #772, #2988, #4120 ),
 ( #5787, #5200, #806 ),
 ( #3024, #5682, #4695 ),
 ( #4654, #5715, #6880 ),
 ( #2913, #1790, #3429 ) ),
 .UNSPECIFIED., .F., .F., .T. ) 
 B_SPLINE_SURFACE_WITH_KNOTS ( ( 4, 2, 2, 2, 2, 2, 2, 2, 2, 2, 2, 2, 2, 2, 2, 2, 2, 4 ),
 ( 3, 3 ),
 ( -1.050320854595332420E-19, 0.0001464657007984072618, 0.0002929314015968146321, 0.0005858628031936293726, 0.001171725606387258745, 0.002343451212774517491, 0.004686902425549034981, 0.007030353638323552472, 0.009373804851098069962, 0.01171725606387258659, 0.01406070727664710494, 0.01640415848942162330, 0.01757588409580888161, 0.01786881549740569619, 0.01816174689900251077, 0.01845467830059932535, 0.01860114400139773264, 0.01874760970219613992 ),
 ( 0.000000000000000000, 1.000000000000000000 ),
 .UNSPECIFIED. ) 
 GEOMETRIC_REPRESENTATION_ITEM ( )  RATIONAL_B_SPLINE_SURFACE ( (
 ( 1.000000000000000000, 0.9954353892156453387, 1.000000000000000000),
 ( 1.000000000000000000, 0.9934371520644591502, 1.000000000000000000),
 ( 1.000000000000000000, 0.9909753617712718787, 1.000000000000000000),
 ( 1.000000000000000000, 0.9861752719047046645, 1.000000000000000000),
 ( 1.000000000000000000, 0.9838982356151564357, 1.000000000000000000),
 ( 1.000000000000000000, 0.9776396921365797521, 1.000000000000000000),
 ( 1.000000000000000000, 0.9738134121734017823, 1.000000000000000000),
 ( 1.000000000000000000, 0.9625092384537121681, 1.000000000000000000),
 ( 1.000000000000000000, 0.9552318266131568647, 1.000000000000000000),
 ( 1.000000000000000000, 0.9356623567004739295, 1.000000000000000000),
 ( 1.000000000000000000, 0.9258714245893711059, 1.000000000000000000),
 ( 1.000000000000000000, 0.9059050285201922792, 1.000000000000000000),
 ( 1.000000000000000000, 0.9007815464506041536, 1.000000000000000000),
 ( 1.000000000000000000, 0.8956560752000524150, 1.000000000000000000),
 ( 1.000000000000000000, 0.8959778133941691536, 1.000000000000000000),
 ( 1.000000000000000000, 0.8970759474467853156, 1.000000000000000000),
 ( 1.000000000000000000, 0.8979253628641788998, 1.000000000000000000),
 ( 1.000000000000000000, 0.8994689647966168655, 1.000000000000000000),
 ( 1.000000000000000000, 0.9001960215583696412, 1.000000000000000000),
 ( 1.000000000000000000, 0.9021482068357243866, 1.000000000000000000),
 ( 1.000000000000000000, 0.9032770824753507677, 1.000000000000000000),
 ( 1.000000000000000000, 0.9091567131474475039, 1.000000000000000000),
 ( 1.000000000000000000, 0.9138514584467790636, 1.000000000000000000),
 ( 1.000000000000000000, 0.9323843240120229803, 1.000000000000000000),
 ( 1.000000000000000000, 0.9413215191151310668, 1.000000000000000000),
 ( 1.000000000000000000, 0.9558998911705937074, 1.000000000000000000),
 ( 1.000000000000000000, 0.9590508680712415135, 1.000000000000000000),
 ( 1.000000000000000000, 0.9652997938370617703, 1.000000000000000000),
 ( 1.000000000000000000, 0.9679931732228164165, 1.000000000000000000),
 ( 1.000000000000000000, 0.9750566445698261031, 1.000000000000000000),
 ( 1.000000000000000000, 0.9790202834147098132, 1.000000000000000000),
 ( 1.000000000000000000, 0.9856704034794945279, 1.000000000000000000),
 ( 1.000000000000000000, 0.9879928470061160040, 1.000000000000000000),
 ( 1.000000000000000000, 0.9924495716121194411, 1.000000000000000000),
 ( 1.000000000000000000, 0.9946010704229973909, 1.000000000000000000),
 ( 1.000000000000000000, 0.9962457246550847634, 1.000000000000000000) ) ) 
 REPRESENTATION_ITEM ( '' )  SURFACE ( )  );
#6418 = EDGE_LOOP ( 'NONE', ( #2789, #2903, #2389, #3377, #4021, #1442 ) ) ;
#6419 = CARTESIAN_POINT ( 'NONE',  ( -23.04251906823810359, 17.49028610147312435, 1.111585319411763750 ) ) ;
#6420 = CARTESIAN_POINT ( 'NONE',  ( 23.73548944998160337, 14.41548872624862021, 0.5648208739703293180 ) ) ;
#6421 = CARTESIAN_POINT ( 'NONE',  ( -3.230653438475654016E-12, 6.975356115071411622, 26.23961491426254256 ) ) ;
#6422 = CARTESIAN_POINT ( 'NONE',  ( 0.7311051398592011141, 24.13623713115205405, -22.44128804307341696 ) ) ;
#6423 = CARTESIAN_POINT ( 'NONE',  ( -25.13964492298563869, 10.12568318700645698, 0.09491000373648772470 ) ) ;
#6424 = CARTESIAN_POINT ( 'NONE',  ( -0.3428746161914963397, 21.08924762421442622, 23.38924693126656607 ) ) ;
#6425 = AXIS2_PLACEMENT_3D ( 'NONE', #672, #1831, #5211 ) ;
#6426 = CARTESIAN_POINT ( 'NONE',  ( 0.1185319555772452182, 8.709437250293211363, -25.54617475618757538 ) ) ;
#6427 = CARTESIAN_POINT ( 'NONE',  ( 25.34233380959703652, 7.900840626954453327, -0.3429009267420128348 ) ) ;
#6428 = CARTESIAN_POINT ( 'NONE',  ( 3.475686976582879062, 21.71383033581603073, 14.52020202020202078 ) ) ;
#6429 = CARTESIAN_POINT ( 'NONE',  ( 23.63676678347792759, 24.81270430498480195, 0.06437052350474158080 ) ) ;
#6430 = AXIS2_PLACEMENT_3D ( 'NONE', #5324, #6854, #2560 ) ;
#6431 = CARTESIAN_POINT ( 'NONE',  ( 0.000000000000000000, 7.000345051182263134, 0.000000000000000000 ) ) ;
#6432 = DIRECTION ( 'NONE',  ( 0.000000000000000000, 0.000000000000000000, 1.000000000000000000 ) ) ;
#6433 = CARTESIAN_POINT ( 'NONE',  ( -24.75208960447208284, 7.821734783775267097, -0.5973345771119751291 ) ) ;
#6434 = CARTESIAN_POINT ( 'NONE',  ( -0.5918215595635504256, 16.72222576410722894, 23.39730336433105862 ) ) ;
#6435 = CARTESIAN_POINT ( 'NONE',  ( 0.1988843075960628204, 10.45017794381366372, 24.98871975058123240 ) ) ;
#6436 = EDGE_CURVE ( 'NONE', #3815, #5850, #5531, .T. ) ;
#6437 = CARTESIAN_POINT ( 'NONE',  ( -0.0004491899101105553986, 7.270670644340834876, -26.13398204321931217 ) ) ;
#6438 = CARTESIAN_POINT ( 'NONE',  ( 26.17429020198461842, 7.011144889777599865, -0.02194258970159074229 ) ) ;
#6439 = CARTESIAN_POINT ( 'NONE',  ( 22.91367819689804719, 19.54305537851365315, -0.7317003883221810945 ) ) ;
#6440 = CARTESIAN_POINT ( 'NONE',  ( -0.003002548967207684018, 25.01036906941787308, -23.68527774943849451 ) ) ;
#6441 = CARTESIAN_POINT ( 'NONE',  ( 0.06767424324273649261, 19.63555599887666503, -23.60399097478694586 ) ) ;
#6442 = CARTESIAN_POINT ( 'NONE',  ( -23.70584146589720476, 25.29851411752940393, 0.1478859118249073457 ) ) ;
#6443 = CARTESIAN_POINT ( 'NONE',  ( -0.2816174734178154004, 8.298420856662069411, 25.39414818111528760 ) ) ;
#6444 = CARTESIAN_POINT ( 'NONE',  ( 0.06365308027669491775, 23.77614954779357603, 23.60660972740801355 ) ) ;
#6445 = CARTESIAN_POINT ( 'NONE',  ( 0.1246056897838656446, 8.846241594119241825, 25.49586041880344212 ) ) ;
#6446 = FACE_OUTER_BOUND ( 'NONE', #4037, .T. ) ;
#6447 = CARTESIAN_POINT ( 'NONE',  ( -23.44528057046175817, 14.34068418981879844, -1.106307938360558962 ) ) ;
#6448 = CARTESIAN_POINT ( 'NONE',  ( -0.4695048045355301181, 11.61751548593137962, -24.37623902270715348 ) ) ;
#6449 = CARTESIAN_POINT ( 'NONE',  ( -0.2844384912493497231, 7.298184039291627734, -26.05692073326533276 ) ) ;
#6450 = CARTESIAN_POINT ( 'NONE',  ( 0.09725392540370345063, 6.795564130589776042, 26.08807604309959061 ) ) ;
#6451 = CARTESIAN_POINT ( 'NONE',  ( -23.60788393284174802, 19.63607853115697210, 0.02863498017630983911 ) ) ;
#6452 = CARTESIAN_POINT ( 'NONE',  ( 23.66329450247236821, 25.09766596767566327, 0.2155585338591917421 ) ) ;
#6453 = ORIENTED_EDGE ( 'NONE', *, *, #5680, .F. ) ;
#6454 = CARTESIAN_POINT ( 'NONE',  ( -23.69077400549820922, 25.22705103996265663, 0.1418471166336808809 ) ) ;
#6455 = CARTESIAN_POINT ( 'NONE',  ( 23.39558231755939133, 16.73757962581888137, 0.5917704747527465781 ) ) ;
#6456 = CARTESIAN_POINT ( 'NONE',  ( 0.000000000000000000, 21.71383033581603073, 0.000000000000000000 ) ) ;
#6457 = CARTESIAN_POINT ( 'NONE',  ( -0.09607957539292616422, 23.77396820015823309, -23.59032989890594223 ) ) ;
#6458 = CARTESIAN_POINT ( 'NONE',  ( -24.29354375378402864, 10.01230362127266105, 0.6645985338670858944 ) ) ;
#6459 = CARTESIAN_POINT ( 'NONE',  ( 0.02938005698570444330, 21.11404575097608216, 23.57427181956365558 ) ) ;
#6460 = CARTESIAN_POINT ( 'NONE',  ( -0.4702610447501303081, 8.627579282666888005, -24.93529362279342720 ) ) ;
#6461 = CARTESIAN_POINT ( 'NONE',  ( 25.97148995440927521, 7.663822280232503559, -0.02140522874385856339 ) ) ;
#6462 = VERTEX_POINT ( 'NONE', #6770 ) ;
#6463 = FACE_OUTER_BOUND ( 'NONE', #722, .T. ) ;
#6464 = CARTESIAN_POINT ( 'NONE',  ( 23.63584480331977744, 24.29632373676785662, 0.03279517729342200372 ) ) ;
#6465 = CARTESIAN_POINT ( 'NONE',  ( -0.07681798113201913913, 25.29851411751399581, 23.70617828429508123 ) ) ;
#6466 = FILL_AREA_STYLE ('',( #7020 ) ) ;
#6467 = CARTESIAN_POINT ( 'NONE',  ( -25.89893267544739075, 7.845212143329791665, -0.03238139177042442807 ) ) ;
#6468 = CARTESIAN_POINT ( 'NONE',  ( -0.2454236068966888784, 9.973623702278427317, 25.04626270578028979 ) ) ;
#6469 = CARTESIAN_POINT ( 'NONE',  ( -0.02534393202799331904, 12.87740777098450451, 24.45447273125522614 ) ) ;
#6470 = CARTESIAN_POINT ( 'NONE',  ( 0.06404426376988020531, 7.416397381042920678, -26.00573426165161095 ) ) ;
#6471 = CARTESIAN_POINT ( 'NONE',  ( 25.84726799526633556, 6.865308770069307620, -0.2006587820255114618 ) ) ;
#6472 = CARTESIAN_POINT ( 'NONE',  ( 22.78624448544573511, 21.00844972414699541, -0.7320053368141584693 ) ) ;
#6473 = CARTESIAN_POINT ( 'NONE',  ( -0.3512505154530983775, 11.06734502849820423, -24.65253690620544091 ) ) ;
#6474 = CARTESIAN_POINT ( 'NONE',  ( -0.2804350903745738699, 19.62231652872868892, -23.50517230187743323 ) ) ;
#6475 = CARTESIAN_POINT ( 'NONE',  ( -26.22543006124312015, 7.000345051182263134, 0.08274577012431875989 ) ) ;
#6476 = CARTESIAN_POINT ( 'NONE',  ( -0.1995902694426387458, 7.814048943889948973, 25.66639677309623124 ) ) ;
#6477 = CARTESIAN_POINT ( 'NONE',  ( 0.6653593517026096249, 24.66346541495734002, 22.52306477486969527 ) ) ;
#6478 = CARTESIAN_POINT ( 'NONE',  ( 0.1955766538797726883, 7.676329269882351092, 25.85320597252419361 ) ) ;
#6479 = ADVANCED_FACE ( 'NONE', ( #74 ), #36, .F. ) ;
#6480 = CARTESIAN_POINT ( 'NONE',  ( -23.67259134564437772, 25.14169222144376192, -0.1937043604736493618 ) ) ;
#6481 = CARTESIAN_POINT ( 'NONE',  ( -23.30399216472207868, 15.13098588494680641, -1.124861462330786210 ) ) ;
#6482 = CARTESIAN_POINT ( 'NONE',  ( -0.5972869096256433474, 11.58861538342715747, -24.16057157704589642 ) ) ;
#6483 = CARTESIAN_POINT ( 'NONE',  ( 0.02359698281579407364, 25.32365085748535805, 23.71147060427976783 ) ) ;
#6484 = CARTESIAN_POINT ( 'NONE',  ( 0.1186305931707023892, 6.987704348797229237, 25.99936527015319143 ) ) ;
#6485 = CARTESIAN_POINT ( 'NONE',  ( -23.57562360315677097, 21.11422643021546719, -0.02437916582260673051 ) ) ;
#6486 = ORIENTED_EDGE ( 'NONE', *, *, #2241, .F. ) ;
#6487 = CARTESIAN_POINT ( 'NONE',  ( -23.08119977845918314, 21.07869406831063586, 0.8949490229096377369 ) ) ;
#6488 = CARTESIAN_POINT ( 'NONE',  ( 23.70617828429515228, 25.29851411751397094, 0.07681798113203343326 ) ) ;
#6489 = CARTESIAN_POINT ( 'NONE',  ( -23.56188215592922219, 24.59672512525798993, -0.3810769408560901739 ) ) ;
#6490 = CARTESIAN_POINT ( 'NONE',  ( -23.70041021880223653, 25.24489519136128379, -0.0002590312132601036484 ) ) ;
#6491 = CARTESIAN_POINT ( 'NONE',  ( -0.3431582543037537403, 24.75045129290026580, -23.17219410585254735 ) ) ;
#6492 = CARTESIAN_POINT ( 'NONE',  ( -24.71964739661007471, 11.66353175869114800, 0.09391049624928973771 ) ) ;
#6493 = CARTESIAN_POINT ( 'NONE',  ( 0.06111994879244209838, 19.63556755991841385, 23.60406882646835314 ) ) ;
#6494 = CARTESIAN_POINT ( 'NONE',  ( -0.02033461972501149351, 8.716670234896291447, -25.60013984314105073 ) ) ;
#6495 = CARTESIAN_POINT ( 'NONE',  ( 25.66145404216688775, 7.813390080892396838, -0.2003796066972325096 ) ) ;
#6496 = ORIENTED_EDGE ( 'NONE', *, *, #703, .F. ) ;
#6497 = CARTESIAN_POINT ( 'NONE',  ( 0.03851995879199958395, 25.25226168190416232, -23.69648360726170822 ) ) ;
#6498 = EDGE_CURVE ( 'NONE', #2399, #7137, #46, .T. ) ;
#6499 = CARTESIAN_POINT ( 'NONE',  ( 22.89642537398413680, 24.71348888436193647, 0.4692706496254213655 ) ) ;
#6500 = DIRECTION ( 'NONE',  ( 0.005822035856336074677, 0.000000000000000000, 0.9999830518056231909 ) ) ;
#6501 = CARTESIAN_POINT ( 'NONE',  ( 10.83702032928564130, 21.71383033581603073, -10.27013422742451176 ) ) ;
#6502 = CARTESIAN_POINT ( 'NONE',  ( -25.86165560372274541, 7.970431036408381686, -0.0003799817191668421190 ) ) ;
#6503 = CARTESIAN_POINT ( 'NONE',  ( -0.03571912036386817174, 7.820135334429021867, 25.90375285542607031 ) ) ;
#6504 = CARTESIAN_POINT ( 'NONE',  ( -0.02401238082434651450, 10.46008856425640055, 25.06268960980531091 ) ) ;
#6505 = CARTESIAN_POINT ( 'NONE',  ( -0.09704650002955485244, 7.250436563937832979, -25.98298445037772098 ) ) ;
#6506 = CARTESIAN_POINT ( 'NONE',  ( 25.65625240971314014, 6.941720884052399398, 0.2812354664434916218 ) ) ;
#6507 = CARTESIAN_POINT ( 'NONE',  ( 23.68320438986366838, 18.16370133545152754, -0.1147598708142036211 ) ) ;
#6508 = CARTESIAN_POINT ( 'NONE',  ( -0.2312344295140947303, 22.50251429878045784, -23.45900282126856240 ) ) ;
#6509 = CARTESIAN_POINT ( 'NONE',  ( -25.19116677981247321, 6.879393912357849139, -0.4695531283329111294 ) ) ;
#6510 = CARTESIAN_POINT ( 'NONE',  ( -0.2810843477077966113, 21.09754653267484414, -23.45113447179054589 ) ) ;
#6511 = CARTESIAN_POINT ( 'NONE',  ( 26.22543006124312015, 7.000345051182263134, -0.08274577012426895251 ) ) ;
#6512 = CARTESIAN_POINT ( 'NONE',  ( 0.06442033444500117056, 7.842411974564392985, 25.87803085562867622 ) ) ;
#6513 = CARTESIAN_POINT ( 'NONE',  ( -0.7983687807563758509, 25.05667706825462915, 22.15984418806034384 ) ) ;
#6514 = B_SPLINE_CURVE_WITH_KNOTS ( 'NONE', 3,
 ( #2800, #5054, #517, #6044 ),
 .UNSPECIFIED., .F., .F.,
 ( 4, 4 ),
 ( 0.000000000000000000, 0.4995538240016926257 ),
 .UNSPECIFIED. ) ;
#6515 = CARTESIAN_POINT ( 'NONE',  ( 0.8477062102213672734, 10.51798605396881037, 24.55188083598781290 ) ) ;
#6516 = CARTESIAN_POINT ( 'NONE',  ( 24.90187158169618087, 10.43854029251606619, -0.2812807095143813885 ) ) ;
#6517 = VERTEX_POINT ( 'NONE', #550 ) ;
#6518 = CARTESIAN_POINT ( 'NONE',  ( -0.05717511311370261640, 25.21912157085509421, 23.68949342589584717 ) ) ;
#6519 = CYLINDRICAL_SURFACE ( 'NONE', #962, 1.925000000000005596 ) ;
#6520 = CARTESIAN_POINT ( 'NONE',  ( -0.5975131267883857511, 10.36739918523431392, -24.37097989837097245 ) ) ;
#6521 = B_SPLINE_CURVE_WITH_KNOTS ( 'NONE', 3,
 ( #324, #1454, #4358, #2100 ),
 .UNSPECIFIED., .F., .F.,
 ( 4, 4 ),
 ( 0.000000000000000000, 1.000000000000000000 ),
 .UNSPECIFIED. ) ;
#6522 = CARTESIAN_POINT ( 'NONE',  ( -1.048696348301708214, 19.06314550319976675, -22.99460513272070727 ) ) ;
#6523 = CARTESIAN_POINT ( 'NONE',  ( -0.2812546168205518060, 7.041413238978438294, 25.63892773967090832 ) ) ;
#6524 = CARTESIAN_POINT ( 'NONE',  ( -22.54156788790022503, 23.33811039573613044, -0.7311289199898911573 ) ) ;
#6525 = EDGE_CURVE ( 'NONE', #5265, #6517, #6514, .T. ) ;
#6526 = CIRCLE ( 'NONE', #5245, 1.924999999999999600 ) ;
#6527 = ORIENTED_EDGE ( 'NONE', *, *, #5277, .F. ) ;
#6528 = CARTESIAN_POINT ( 'NONE',  ( -23.00993670374868572, 19.06846676540124363, 0.7153844166240668212 ) ) ;
#6529 = AXIS2_PLACEMENT_3D ( 'NONE', #591, #6085, #2773 ) ;
#6530 = CARTESIAN_POINT ( 'NONE',  ( 23.69648360726172243, 25.25226168190413034, 0.03851995879205137585 ) ) ;
#6531 = CARTESIAN_POINT ( 'NONE',  ( 0.7685638417742971518, 9.762923555594243297, -24.84368841239728098 ) ) ;
#6532 = LINE ( 'NONE', #6384, #2009 ) ;
#6533 = CARTESIAN_POINT ( 'NONE',  ( 0.03219708182499327054, 25.03779183631888472, -23.66764345771550637 ) ) ;
#6534 = CARTESIAN_POINT ( 'NONE',  ( -23.21776430312403505, 15.41291497664068011, -0.7993648788260557803 ) ) ;
#6535 = CARTESIAN_POINT ( 'NONE',  ( -0.2820954271724239737, 8.677952982668074355, -25.31120585049724525 ) ) ;
#6536 = AXIS2_PLACEMENT_3D ( 'NONE', #1521, #63, #575 ) ;
#6537 = B_SPLINE_CURVE_WITH_KNOTS ( 'NONE', 3,
 ( #2756, #5554, #1594, #7127, #22, #6689, #2139, #6033, #2722, #1049, #4938, #171, #2863, #1229, #2828, #1805, #3513, #2382, #6827, #132, #5181, #4571, #4098, #4031, #1734, #4535, #1190, #6311, #6794, #6245, #4500, #3410, #5663, #3444 ),
 .UNSPECIFIED., .F., .F.,
 ( 4, 2, 2, 2, 2, 2, 2, 2, 2, 2, 2, 2, 2, 2, 2, 2, 4 ),
 ( 1.355252715606880543E-20, 0.0001500357223835340902, 0.0003000714447670681261, 0.0006001428895341476364, 0.0009002143343012269840, 0.001200285779068306549, 0.002400571558136610061, 0.004801143116273226194, 0.007201714674409843628, 0.009602286232546461062, 0.01440342934881969593, 0.01680400090695631857, 0.01800428668602463075, 0.01860442957555878338, 0.01890450102032585969, 0.01905453674270939785, 0.01920457246509293600 ),
 .UNSPECIFIED. ) ;
#6538 = CARTESIAN_POINT ( 'NONE',  ( 25.96560273948003328, 7.663033439397174185, -0.03221189969427387667 ) ) ;
#6539 = CARTESIAN_POINT ( 'NONE',  ( -26.24456304448853672, 6.967062127242453329, 0.02287263707955907582 ) ) ;
#6540 = CARTESIAN_POINT ( 'NONE',  ( 23.62990370243103300, 24.29552730045480757, 0.06471709538336795076 ) ) ;
#6541 = ORIENTED_EDGE ( 'NONE', *, *, #4524, .T. ) ;
#6542 = CARTESIAN_POINT ( 'NONE',  ( -23.69649673120669675, 25.25232317040958918, 0.03847484580393557146 ) ) ;
#6543 = CARTESIAN_POINT ( 'NONE',  ( -25.05276924892930879, 7.862029462656916046, -0.4695926950667628774 ) ) ;
#6544 = CIRCLE ( 'NONE', #5847, 4.000000000000000000 ) ;
#6545 = CARTESIAN_POINT ( 'NONE',  ( -0.1537557645593451428, 23.27971944154641903, 23.53261441539558874 ) ) ;
#6546 = CARTESIAN_POINT ( 'NONE',  ( -0.03543477127199883697, 11.66516968876923777, 24.73187845625376724 ) ) ;
#6547 = CARTESIAN_POINT ( 'NONE',  ( 0.06393998146296037133, 7.259296759145509981, -26.04911175208951946 ) ) ;
#6548 = AXIS2_PLACEMENT_3D ( 'NONE', #2370, #6814, #3497 ) ;
#6549 = CARTESIAN_POINT ( 'NONE',  ( 24.73032431556837807, 6.715633140942830259, -0.6646043634033529379 ) ) ;
#6550 = ORIENTED_EDGE ( 'NONE', *, *, #5950, .T. ) ;
#6551 = CARTESIAN_POINT ( 'NONE',  ( 23.31134157887494140, 19.59634326417820560, -0.4694548740272314058 ) ) ;
#6552 = CARTESIAN_POINT ( 'NONE',  ( 23.66297438277208798, 25.09155723752097700, -0.09544244410507073118 ) ) ;
#6553 = CARTESIAN_POINT ( 'NONE',  ( -24.52820429417375792, 6.790549155179451901, -0.7320481748312387404 ) ) ;
#6554 = CARTESIAN_POINT ( 'NONE',  ( -0.7320053368142380723, 21.00844972414699541, -22.78624448544573156 ) ) ;
#6555 = DIRECTION ( 'NONE',  ( 0.000000000000000000, 1.000000000000000000, 0.000000000000000000 ) ) ;
#6556 = CARTESIAN_POINT ( 'NONE',  ( 0.5977699938804018620, 7.695233798909764111, 24.77971920073523648 ) ) ;
#6557 = CARTESIAN_POINT ( 'NONE',  ( 0.5983565823908050252, 24.89930513554759273, 22.63418319713072080 ) ) ;
#6558 = CARTESIAN_POINT ( 'NONE',  ( 0.2011659210013459764, 9.571924499823039056, 25.20612417330992017 ) ) ;
#6559 = CARTESIAN_POINT ( 'NONE',  ( 25.15129123717085236, 10.12724360520031652, -0.06246177225129260352 ) ) ;
#6560 = CARTESIAN_POINT ( 'NONE',  ( -23.61623839162029981, 24.87074703152428157, -0.3081820948388792059 ) ) ;
#6561 = CARTESIAN_POINT ( 'NONE',  ( -23.59913222094241547, 15.15885069358711945, 0.5835193096642393717 ) ) ;
#6562 = CARTESIAN_POINT ( 'NONE',  ( -0.1155451733116547031, 11.66256354541915741, -24.71242095620318224 ) ) ;
#6563 = CARTESIAN_POINT ( 'NONE',  ( 0.000000000000000000, 16.71383033581603073, 18.42500000000000071 ) ) ;
#6564 = CARTESIAN_POINT ( 'NONE',  ( 0.06497342522044557978, 7.002394849324788062, 26.10899261081145539 ) ) ;
#6565 = CARTESIAN_POINT ( 'NONE',  ( -23.56695912666879522, 23.47552666997725979, -0.1186633268836507354 ) ) ;
#6566 = EDGE_LOOP ( 'NONE', ( #2738, #4357, #2088, #6180 ) ) ;
#6567 = CARTESIAN_POINT ( 'NONE',  ( -24.99547612702713906, 9.453338234527986828, 0.4027327609759520088 ) ) ;
#6568 = EDGE_CURVE ( 'NONE', #3815, #3110, #3998, .T. ) ;
#6569 = CARTESIAN_POINT ( 'NONE',  ( 3.191131661795638270E-15, 3.760367054716749813, -25.88957437681456142 ) ) ;
#6570 = CARTESIAN_POINT ( 'NONE',  ( -23.60950330097713845, 24.82692756159229575, -0.1545177226724535058 ) ) ;
#6571 = CARTESIAN_POINT ( 'NONE',  ( 0.2664649105009591623, 22.17377061502546809, 23.42738634833827405 ) ) ;
#6572 = CARTESIAN_POINT ( 'NONE',  ( -0.02139111951853266830, 25.03852293393296335, -23.67309557013028609 ) ) ;
#6573 = CARTESIAN_POINT ( 'NONE',  ( -23.83308244645277085, 15.49537668531973011, -0.3442351534889248055 ) ) ;
#6574 = CARTESIAN_POINT ( 'NONE',  ( -0.7316538342982833454, 8.549932135092021213, -24.35585598235714500 ) ) ;
#6575 = CARTESIAN_POINT ( 'NONE',  ( 25.31241743233010411, 8.678110405113805825, 0.2817629994714018760 ) ) ;
#6576 = CARTESIAN_POINT ( 'NONE',  ( -0.03119255941097785062, 7.758428812497105476, 25.92874537092238540 ) ) ;
#6577 = EDGE_CURVE ( 'NONE', #3302, #5128, #5561, .T. ) ;
#6578 = CARTESIAN_POINT ( 'NONE',  ( 23.54718016895767363, 25.46354723706023648, 0.09628118916919821413 ) ) ;
#6579 = ORIENTED_EDGE ( 'NONE', *, *, #1334, .F. ) ;
#6580 = DIRECTION ( 'NONE',  ( 2.931682674400803990E-13, 0.000000000000000000, 1.000000000000000000 ) ) ;
#6581 = CARTESIAN_POINT ( 'NONE',  ( -24.65567436583116390, 8.590109105753269247, 0.5977431442588830857 ) ) ;
#6582 = CARTESIAN_POINT ( 'NONE',  ( 23.80971278096227195, 12.77446596992879080, 1.036935471241436924 ) ) ;
#6583 = CARTESIAN_POINT ( 'NONE',  ( -0.7991411084080710658, 11.53737541479542905, 23.77829864354172429 ) ) ;
#6584 = CARTESIAN_POINT ( 'NONE',  ( -0.7315332887000051132, 7.055348353807873174, -24.52715068564931400 ) ) ;
#6585 = CARTESIAN_POINT ( 'NONE',  ( 25.46749196273527005, 7.181358460966048796, -0.3430397143714283836 ) ) ;
#6586 = ORIENTED_EDGE ( 'NONE', *, *, #2265, .F. ) ;
#6587 = CARTESIAN_POINT ( 'NONE',  ( 23.56279363098968815, 21.11250645534334325, 0.09885879733197902586 ) ) ;
#6588 = DIRECTION ( 'NONE',  ( 0.000000000000000000, -1.000000000000000000, 0.000000000000000000 ) ) ;
#6589 = CARTESIAN_POINT ( 'NONE',  ( -24.31739781806563627, 7.190139889214526292, -0.7993033842986030368 ) ) ;
#6590 = CARTESIAN_POINT ( 'NONE',  ( -0.4704063910714312291, 22.53106135316690839, -23.13006698932575844 ) ) ;
#6591 = CARTESIAN_POINT ( 'NONE',  ( 0.02107048065383494359, 7.969997717269460047, 25.85842067619742934 ) ) ;
#6592 = CARTESIAN_POINT ( 'NONE',  ( -0.02145839090682555295, 25.25796426914146053, 23.66184395791256989 ) ) ;
#6593 = CARTESIAN_POINT ( 'NONE',  ( 25.33447589031798586, 8.691246320577825202, -0.6072212892056945144 ) ) ;
#6594 = CARTESIAN_POINT ( 'NONE',  ( 24.73356538167448093, 11.66539603197888297, 0.003329870674328808469 ) ) ;
#6595 = ORIENTED_EDGE ( 'NONE', *, *, #3416, .F. ) ;
#6596 = CARTESIAN_POINT ( 'NONE',  ( 0.4441372902149388069, 9.811709668933158213, -24.83294182560914010 ) ) ;
#6597 = CARTESIAN_POINT ( 'NONE',  ( -23.33455418227029554, 17.46943243036447413, 0.5782821415565829737 ) ) ;
#6598 = ADVANCED_FACE ( 'NONE', ( #6838 ), #4224, .T. ) ;
#6599 = CARTESIAN_POINT ( 'NONE',  ( 0.2011077090614976082, 10.45020433230525825, -24.98894281536914264 ) ) ;
#6600 = CARTESIAN_POINT ( 'NONE',  ( -0.9996010095435881038, 19.86020105718744588, -23.00776125000998462 ) ) ;
#6601 = CARTESIAN_POINT ( 'NONE',  ( 0.03277180836267062913, 7.011000155478478213, 26.17320945403743337 ) ) ;
#6602 = CARTESIAN_POINT ( 'NONE',  ( -23.18844158336079531, 21.65295247888080965, -0.4697883189734389231 ) ) ;
#6603 = CARTESIAN_POINT ( 'NONE',  ( -26.20996802268257753, 7.027301198479396938, 0.1204802660543661391 ) ) ;
#6604 = CARTESIAN_POINT ( 'NONE',  ( -23.80798759955900934, 1.406610341118329943, 2.915637580793981622E-15 ) ) ;
#6605 = CARTESIAN_POINT ( 'NONE',  ( -23.52060407302270661, 24.35987815337890439, -0.2232780578296996166 ) ) ;
#6606 = CARTESIAN_POINT ( 'NONE',  ( 0.004794673784948350406, 24.98912753697372224, 23.68376893704824937 ) ) ;
#6607 = CARTESIAN_POINT ( 'NONE',  ( -4.817698476851588745E-06, 25.04078908800868675, -23.69000752173475277 ) ) ;
#6608 = CARTESIAN_POINT ( 'NONE',  ( -24.26697381397292119, 13.75697599076474908, 0.09309869955834469690 ) ) ;
#6609 = CARTESIAN_POINT ( 'NONE',  ( -0.2817339035235125744, 9.518143642770894530, -25.12178023679577521 ) ) ;
#6610 = CARTESIAN_POINT ( 'NONE',  ( 24.55845388342691393, 8.186439197229763209, -0.6647077756578542163 ) ) ;
#6611 = CARTESIAN_POINT ( 'NONE',  ( 23.66184395791256989, 25.25796426914146053, 0.02145839090707339636 ) ) ;
#6612 = ORIENTED_EDGE ( 'NONE', *, *, #2970, .T. ) ;
#6613 = CARTESIAN_POINT ( 'NONE',  ( -23.69672283509863675, 25.23626928464260288, -0.02589342547976899653 ) ) ;
#6614 = CARTESIAN_POINT ( 'NONE',  ( -25.56564089808903617, 8.712046061414943310, -0.09717793913090956581 ) ) ;
#6615 = CARTESIAN_POINT ( 'NONE',  ( 0.2799431392106402905, 13.74464347842218359, 24.17493360710466277 ) ) ;
#6616 = CARTESIAN_POINT ( 'NONE',  ( -0.06470577123085732851, 7.474987713613917784, -25.98849385966730807 ) ) ;
#6617 = EDGE_CURVE ( 'NONE', #2298, #704, #3529, .T. ) ;
#6618 = CARTESIAN_POINT ( 'NONE',  ( 24.69171395438543826, 7.077400607291192358, -0.6646466877048814448 ) ) ;
#6619 = ORIENTED_EDGE ( 'NONE', *, *, #4460, .T. ) ;
#6620 = CARTESIAN_POINT ( 'NONE',  ( 23.58060078931868020, 22.59143247124027809, 0.001991036905598237740 ) ) ;
#6621 = CARTESIAN_POINT ( 'NONE',  ( 23.54132578154798949, 23.33477723405565385, -0.1437240720287804308 ) ) ;
#6622 = CARTESIAN_POINT ( 'NONE',  ( -24.33169118431815647, 7.029141752872719806, -0.7993355390902255886 ) ) ;
#6623 = CARTESIAN_POINT ( 'NONE',  ( -0.06219973357432111161, 21.70343762328743153, -23.56513835725766270 ) ) ;
#6624 = CARTESIAN_POINT ( 'NONE',  ( 14.28941916244324162, 16.71383033581603073, -8.249999999999998224 ) ) ;
#6625 = CARTESIAN_POINT ( 'NONE',  ( -0.3421946674409243605, 8.916092668313837066, 25.14492549768615248 ) ) ;
#6626 = CARTESIAN_POINT ( 'NONE',  ( 0.1182048586635209009, 24.80156823069677685, 23.55365494673465321 ) ) ;
#6627 = CARTESIAN_POINT ( 'NONE',  ( 23.50484789752296777, 24.29534414866790115, -0.4489202082708372843 ) ) ;
#6628 = CARTESIAN_POINT ( 'NONE',  ( 24.17493360710466632, 13.74464347842218359, -0.2799431392103871041 ) ) ;
#6629 = ORIENTED_EDGE ( 'NONE', *, *, #6661, .T. ) ;
#6630 = CARTESIAN_POINT ( 'NONE',  ( 0.3168560431013310863, 10.65508634487193262, -24.79070205974017682 ) ) ;
#6631 = DIRECTION ( 'NONE',  ( 0.000000000000000000, 0.000000000000000000, -1.000000000000000000 ) ) ;
#6632 = CARTESIAN_POINT ( 'NONE',  ( 0.06846804409345555453, 15.51455774066545068, -23.97619778661232814 ) ) ;
#6633 = CARTESIAN_POINT ( 'NONE',  ( -0.7606640714475988441, 14.33815891483308391, -23.46248762350755257 ) ) ;
#6634 = CARTESIAN_POINT ( 'NONE',  ( -0.06380137418375250724, 7.002937265611848261, 26.11304866179586526 ) ) ;
#6635 = CARTESIAN_POINT ( 'NONE',  ( -23.55603757501843631, 21.70221832753775715, 0.09465990645365719713 ) ) ;
#6636 = EDGE_CURVE ( 'NONE', #5447, #2602, #2133, .T. ) ;
#6637 = CARTESIAN_POINT ( 'NONE',  ( 0.09433195681107688080, 21.11250854503455088, 23.56279659564685858 ) ) ;
#6638 = EDGE_CURVE ( 'NONE', #2952, #1125, #2363, .T. ) ;
#6639 = CARTESIAN_POINT ( 'NONE',  ( -25.06328000720893101, 9.936181128198075641, 0.2409991893759752257 ) ) ;
#6640 = CARTESIAN_POINT ( 'NONE',  ( 23.69159975202585855, 25.12465619924607907, 0.001863979039626008621 ) ) ;
#6641 = CARTESIAN_POINT ( 'NONE',  ( -23.61782049931692029, 24.87851753818988954, -0.3056023441427324627 ) ) ;
#6642 = CARTESIAN_POINT ( 'NONE',  ( 0.09544244410541841139, 25.09155723752156320, 23.66297438277213416 ) ) ;
#6643 = CARTESIAN_POINT ( 'NONE',  ( -0.1182724054665181129, 25.02060377432554716, -23.53937242056545642 ) ) ;
#6644 = CARTESIAN_POINT ( 'NONE',  ( -24.23004988417485706, 13.75202879239702014, 0.1973978791991843340 ) ) ;
#6645 = CARTESIAN_POINT ( 'NONE',  ( 0.5974182665949396842, 9.437555564054621371, -24.52047126226147711 ) ) ;
#6646 = CIRCLE ( 'NONE', #5596, 2.000000000000000000 ) ;
#6647 = CARTESIAN_POINT ( 'NONE',  ( 24.70178025549085277, 8.205635061036257838, 0.5973327016278003887 ) ) ;
#6648 = CARTESIAN_POINT ( 'NONE',  ( 22.27220566024767834, 25.29268454336483174, 0.7311803056403375356 ) ) ;
#6649 = ORIENTED_EDGE ( 'NONE', *, *, #6910, .F. ) ;
#6650 = DIRECTION ( 'NONE',  ( 0.000000000000000000, 0.000000000000000000, 1.000000000000000000 ) ) ;
#6651 = CARTESIAN_POINT ( 'NONE',  ( -25.19636630413918610, 8.662558065192042633, -0.3421119409079417251 ) ) ;
#6652 = CARTESIAN_POINT ( 'NONE',  ( 0.3405648314223638784, 15.49527136013097639, 23.83225171990247304 ) ) ;
#6653 = AXIS2_PLACEMENT_3D ( 'NONE', #5815, #831, #6949 ) ;
#6654 = CARTESIAN_POINT ( 'NONE',  ( 0.06408457021985838886, 7.475086149843733097, -25.98923683220028025 ) ) ;
#6655 =( BOUNDED_CURVE ( )  B_SPLINE_CURVE ( 2, ( #4900, #2140, #431 ),
 .UNSPECIFIED., .F., .T. ) 
 B_SPLINE_CURVE_WITH_KNOTS ( ( 3, 3 ),
 ( 0.000000000000000000, 1.000000000000000000 ),
 .UNSPECIFIED. ) 
 CURVE ( )  GEOMETRIC_REPRESENTATION_ITEM ( )  RATIONAL_B_SPLINE_CURVE ( ( 1.000000000000000000, 0.9954353892156350136, 1.000000000000000000 ) ) 
 REPRESENTATION_ITEM ( '' )  );
#6656 = CARTESIAN_POINT ( 'NONE',  ( 24.48797601793900824, 7.212999368964143621, 0.7319763554013517526 ) ) ;
#6657 = VERTEX_POINT ( 'NONE', #6287 ) ;
#6658 = CARTESIAN_POINT ( 'NONE',  ( 23.50650319254738818, 22.58150454485840086, -0.1994394144787378920 ) ) ;
#6659 = CIRCLE ( 'NONE', #2709, 16.50000000000000000 ) ;
#6660 = DIRECTION ( 'NONE',  ( -0.000000000000000000, 1.000000000000000000, -0.000000000000000000 ) ) ;
#6661 = EDGE_CURVE ( 'NONE', #2602, #778, #2431, .T. ) ;
#6662 = CARTESIAN_POINT ( 'NONE',  ( -25.63609539702203932, 7.041038621106310735, 0.2825962066404848483 ) ) ;
#6663 = CARTESIAN_POINT ( 'NONE',  ( -0.1162929952685545082, 21.70120474378013498, -23.54847256990571225 ) ) ;
#6664 = CARTESIAN_POINT ( 'NONE',  ( -1.114073641700362494, 17.48834503507685412, 23.04261492117889176 ) ) ;
#6665 = CARTESIAN_POINT ( 'NONE',  ( 0.1998191870585517005, 8.948921023100387728, 25.38986266396118552 ) ) ;
#6666 = CARTESIAN_POINT ( 'NONE',  ( 0.7323319860267719639, 25.07808277404786779, 22.31947833632199263 ) ) ;
#6667 = VECTOR ( 'NONE', #5180, 1000.000000000000000 ) ;
#6668 = DIRECTION ( 'NONE',  ( 9.907600726170892558E-17, -0.5877852522924759127, 0.8090169943749454529 ) ) ;
#6669 = CARTESIAN_POINT ( 'NONE',  ( 23.21776430312403505, 15.41291497664068011, 0.7993648788260557803 ) ) ;
#6670 = EDGE_LOOP ( 'NONE', ( #4373, #7198, #1862, #6629 ) ) ;
#6671 = CARTESIAN_POINT ( 'NONE',  ( 0.5446510710936245392, 8.326188858041854601, -25.51255564160641853 ) ) ;
#6672 = CARTESIAN_POINT ( 'NONE',  ( -25.04745365196276197, 9.977728723170329772, 0.2453197566157279408 ) ) ;
#6673 = AXIS2_PLACEMENT_3D ( 'NONE', #5983, #3722, #4816 ) ;
#6674 = CARTESIAN_POINT ( 'NONE',  ( 0.004149504955705264966, 13.75861637243681024, -24.27922106975305283 ) ) ;
#6675 = CARTESIAN_POINT ( 'NONE',  ( -0.4652968195865724854, 22.22447193262325627, -23.20101301188860532 ) ) ;
#6676 = CARTESIAN_POINT ( 'NONE',  ( 0.0006661943235348393800, 7.116790085332270088, 26.20138836287098272 ) ) ;
#6677 = CARTESIAN_POINT ( 'NONE',  ( -23.54847256990571225, 21.70120474378013498, 0.1162929952684722823 ) ) ;
#6678 = CARTESIAN_POINT ( 'NONE',  ( -0.3422571739106169963, 22.55773933535131448, 23.32919724268693074 ) ) ;
#6679 = AXIS2_PLACEMENT_3D ( 'NONE', #5343, #360, #2650 ) ;
#6680 = CARTESIAN_POINT ( 'NONE',  ( -24.84109556604424895, 9.817469510239222430, 0.4421951836472439168 ) ) ;
#6681 = CARTESIAN_POINT ( 'NONE',  ( -25.53843512508197833, 6.721903854988235061, -0.3417169365667539482 ) ) ;
#6682 = CARTESIAN_POINT ( 'NONE',  ( 0.000000000000000000, 27.71383033581603073, 0.000000000000000000 ) ) ;
#6683 = CARTESIAN_POINT ( 'NONE',  ( 0.7193282901652628958, 22.65771661923868407, 23.24422764174482836 ) ) ;
#6684 = CARTESIAN_POINT ( 'NONE',  ( -0.02845707261982906647, 25.32360664091760682, -23.71146163836275278 ) ) ;
#6685 = CARTESIAN_POINT ( 'NONE',  ( -23.59188396843316227, 12.76180696105532775, -0.7992547685122450840 ) ) ;
#6686 = CARTESIAN_POINT ( 'NONE',  ( -0.5977221028083307131, 8.845405828585933605, -24.61738289062352436 ) ) ;
#6687 = CARTESIAN_POINT ( 'NONE',  ( 25.54907327994023447, 8.319182818111389821, 0.1998234710937003000 ) ) ;
#6688 = CARTESIAN_POINT ( 'NONE',  ( 22.83335556512797382, 25.14693604737652421, 0.4692974219510245848 ) ) ;
#6689 = CARTESIAN_POINT ( 'NONE',  ( -23.63467680018278116, 24.96068686643052459, 0.2760198602863311312 ) ) ;
#6690 = CARTESIAN_POINT ( 'NONE',  ( -23.71347255096761231, 25.33202709886428394, -0.02129890199911709317 ) ) ;
#6691 = CARTESIAN_POINT ( 'NONE',  ( -25.58653949573916009, 8.714846926649666869, -0.06518585363808432342 ) ) ;
#6692 = CARTESIAN_POINT ( 'NONE',  ( 0.1150077529567682250, 12.87488979395431343, 24.43567384297005063 ) ) ;
#6693 = CARTESIAN_POINT ( 'NONE',  ( -0.2004470643198708324, 7.627528022404913344, -25.70064230068139466 ) ) ;
#6694 = CARTESIAN_POINT ( 'NONE',  ( 25.79542082189524876, 7.225298889493123156, 0.1993540522201200926 ) ) ;
#6695 = CARTESIAN_POINT ( 'NONE',  ( 23.24787228867377920, 22.61440812146281232, -0.4235647793844714570 ) ) ;
#6696 = CARTESIAN_POINT ( 'NONE',  ( -26.13398204321931217, 7.270670644340834876, 0.0004491899100193090522 ) ) ;
#6697 = CARTESIAN_POINT ( 'NONE',  ( -0.03097909552095405583, 23.48109028788651287, -23.60846631786816019 ) ) ;
#6698 = DIRECTION ( 'NONE',  ( -0.000000000000000000, 1.000000000000000000, -0.000000000000000000 ) ) ;
#6699 = CARTESIAN_POINT ( 'NONE',  ( -0.4696830649041294770, 8.627141326165089552, 24.93208693748847793 ) ) ;
#6700 = CARTESIAN_POINT ( 'NONE',  ( -0.5977153871757162618, 6.637378130674957077, -24.90762366723033594 ) ) ;
#6701 = SPHERICAL_SURFACE ( 'NONE', #7006, 2.000000000000000000 ) ;
#6702 = CARTESIAN_POINT ( 'NONE',  ( 24.26048961923096670, 13.75610517608761363, 0.1213851572594743661 ) ) ;
#6703 = ORIENTED_EDGE ( 'NONE', *, *, #1409, .T. ) ;
#6704 = CARTESIAN_POINT ( 'NONE',  ( 0.07457264525777533570, 7.113521166002912288, -26.16140522950431091 ) ) ;
#6705 = DIRECTION ( 'NONE',  ( 0.000000000000000000, 0.000000000000000000, 1.000000000000000000 ) ) ;
#6706 = CARTESIAN_POINT ( 'NONE',  ( -0.2799431392104714811, 13.74464347842218359, -24.17493360710466632 ) ) ;
#6707 = CARTESIAN_POINT ( 'NONE',  ( -0.5760668136489948132, 21.04541810618952624, -23.09122016064575078 ) ) ;
#6708 = CARTESIAN_POINT ( 'NONE',  ( -0.5973578963772154804, 7.257701400345486498, 24.82154387270113460 ) ) ;
#6709 = CARTESIAN_POINT ( 'NONE',  ( -23.59804830489644445, 23.47969334399993713, -0.06536073770985724452 ) ) ;
#6710 = B_SPLINE_CURVE_WITH_KNOTS ( 'NONE', 3,
 ( #4553, #1248, #153, #4049, #734, #6261, #2953, #5167, #2400, #3208, #4255, #2624, #6473, #2549, #4289, #2514, #5421, #331, #2108, #7028, #5386, #2042, #2074, #3131, #6508, #1495, #1528, #1461, #3749, #1425, #5970, #5895, #403, #6440, #4840, #4873 ),
 .UNSPECIFIED., .F., .F.,
 ( 4, 2, 2, 2, 2, 2, 2, 2, 2, 2, 2, 2, 2, 2, 2, 2, 2, 4 ),
 ( 0.000000000000000000, 0.0002912894099617009485, 0.0005825788199234018970, 0.001165157639846803794, 0.002330315279693607588, 0.003495472919540410731, 0.004660630559387215176, 0.006990945839080821463, 0.009321261118774430351, 0.01165157639846803317, 0.01398189167816163425, 0.01514704931800844173, 0.01631220695785524574, 0.01747736459770205322, 0.01776865400766375336, 0.01805994341762545002, 0.01835123282758715016, 0.01864252223754884683 ),
 .UNSPECIFIED. ) ;
#6711 = CARTESIAN_POINT ( 'NONE',  ( -0.06536073770961006724, 23.47969334399993713, 23.59804830489644445 ) ) ;
#6712 = ORIENTED_EDGE ( 'NONE', *, *, #2931, .T. ) ;
#6713 = CARTESIAN_POINT ( 'NONE',  ( -0.1209976559415288228, 7.027771657998544086, 26.20969886223565126 ) ) ;
#6714 = CARTESIAN_POINT ( 'NONE',  ( -24.41294492788814807, 10.92674450038814449, 0.5486574096733458639 ) ) ;
#6715 = CYLINDRICAL_SURFACE ( 'NONE', #3164, 1.924999999999999600 ) ;
#6716 = CARTESIAN_POINT ( 'NONE',  ( 23.69720670131703244, 25.20464819227115782, -0.0007846884605252539644 ) ) ;
#6717 = CARTESIAN_POINT ( 'NONE',  ( 0.06406129334835139466, 25.47285581942871246, -23.61664080684735723 ) ) ;
#6718 = CARTESIAN_POINT ( 'NONE',  ( -23.04359692497313006, 18.07798122579207600, -0.7320179803974891097 ) ) ;
#6719 = CARTESIAN_POINT ( 'NONE',  ( 25.51008666431051353, 8.331152745534231130, 0.5455679214781328223 ) ) ;
#6720 = CARTESIAN_POINT ( 'NONE',  ( -0.7316557620711078291, 8.805885005564817902, -24.32246082753905370 ) ) ;
#6721 = CARTESIAN_POINT ( 'NONE',  ( 24.07917060482841620, 9.378415858641799829, 0.7990689392555152537 ) ) ;
#6722 = CARTESIAN_POINT ( 'NONE',  ( 22.49325709743560253, 24.88042045924114376, -0.6653540681676292090 ) ) ;
#6723 = CARTESIAN_POINT ( 'NONE',  ( 24.84481198100719013, 9.760133762918982825, 0.7682494139900037933 ) ) ;
#6724 = CARTESIAN_POINT ( 'NONE',  ( 0.000000000000000000, 16.71383033581603073, -21.00000000000000000 ) ) ;
#6725 = CARTESIAN_POINT ( 'NONE',  ( -25.47258348128004357, 8.960005574974109877, 0.1174034232408241174 ) ) ;
#6726 = CARTESIAN_POINT ( 'NONE',  ( 0.2796624635022020300, 15.50192313449378112, 23.88189274388275152 ) ) ;
#6727 = CARTESIAN_POINT ( 'NONE',  ( 0.03218487663651882491, 7.663036791169279383, -25.96563196084188618 ) ) ;
#6728 = CARTESIAN_POINT ( 'NONE',  ( 26.14444029419588134, 7.109158853622679963, -0.03269897051721274567 ) ) ;
#6729 = ORIENTED_EDGE ( 'NONE', *, *, #923, .F. ) ;
#6730 = CARTESIAN_POINT ( 'NONE',  ( -23.34626732058702814, 25.43662585260576137, 0.2004394391134989573 ) ) ;
#6731 = CARTESIAN_POINT ( 'NONE',  ( 23.18844158336079531, 21.65295247888080965, 0.4697883189734389231 ) ) ;
#6732 = CARTESIAN_POINT ( 'NONE',  ( 25.76155748117610500, 7.850777274517249715, -0.2188975523869190476 ) ) ;
#6733 = CARTESIAN_POINT ( 'NONE',  ( -25.83034250335447624, 6.965054618183614821, 0.2006415042404412485 ) ) ;
#6734 = CARTESIAN_POINT ( 'NONE',  ( -0.7991818436355986321, 21.57502047892229413, -22.60681244366038101 ) ) ;
#6735 = CARTESIAN_POINT ( 'NONE',  ( -0.2847007406012836417, 7.298425637444988290, 26.05678570638732339 ) ) ;
#6736 = CARTESIAN_POINT ( 'NONE',  ( 0.03115940260389229999, 8.716398786345656902, 25.59811352511789551 ) ) ;
#6737 = CARTESIAN_POINT ( 'NONE',  ( 0.6653439391562040450, 25.09723708577436696, 22.46241651579939358 ) ) ;
#6738 = CARTESIAN_POINT ( 'NONE',  ( 24.27392428904735766, 13.75790599920574309, 0.06816538749221623394 ) ) ;
#6739 = ORIENTED_EDGE ( 'NONE', *, *, #4926, .T. ) ;
#6740 = CARTESIAN_POINT ( 'NONE',  ( 0.08257528058636451340, 7.000345051182303102, -26.22543059861289549 ) ) ;
#6741 = CARTESIAN_POINT ( 'NONE',  ( -0.05130419048839100771, 25.26779718664129959, -23.69974011243646927 ) ) ;
#6742 = CARTESIAN_POINT ( 'NONE',  ( -0.6640604806438717977, 13.67996859976888580, -23.69228994455356840 ) ) ;
#6743 = CARTESIAN_POINT ( 'NONE',  ( -0.7193282901597106704, 22.65771661924038938, -23.24422764174525469 ) ) ;
#6744 = CARTESIAN_POINT ( 'NONE',  ( 0.09704650002973629064, 7.250436563937832979, 25.98298445037772098 ) ) ;
#6745 = CARTESIAN_POINT ( 'NONE',  ( -23.27652004264805186, 23.43660947284005047, 0.3428390785271705488 ) ) ;
#6746 = CARTESIAN_POINT ( 'NONE',  ( -0.7311289199896550128, 23.33811039573613044, 22.54156788790023214 ) ) ;
#6747 = CARTESIAN_POINT ( 'NONE',  ( -14.28941916244323451, 16.71383033581603073, -8.250000000000007105 ) ) ;
#6748 = DIRECTION ( 'NONE',  ( -0.000000000000000000, -1.000000000000000000, -0.000000000000000000 ) ) ;
#6749 = DIRECTION ( 'NONE',  ( 0.5050335568561420407, -0.000000000000000000, 0.8630997082893923089 ) ) ;
#6750 = CARTESIAN_POINT ( 'NONE',  ( 0.04909116368682084341, 25.31525085608796033, -23.70982111848881146 ) ) ;
#6751 = CARTESIAN_POINT ( 'NONE',  ( 0.5968273337834485437, 25.32980256659012497, -22.54917995052770507 ) ) ;
#6752 = CARTESIAN_POINT ( 'NONE',  ( -23.68890485977179239, 18.16446336358474412, -0.1000727049930712209 ) ) ;
#6753 = EDGE_CURVE ( 'NONE', #6391, #3302, #2426, .T. ) ;
#6754 = CARTESIAN_POINT ( 'NONE',  ( 21.64050353324350340, 15.19481306604519766, -12.62102010324317369 ) ) ;
#6755 = CARTESIAN_POINT ( 'NONE',  ( 25.15800199673161330, 10.12814252312941043, -0.01915609891172485521 ) ) ;
#6756 = CARTESIAN_POINT ( 'NONE',  ( 23.34626732058702814, 25.43662585260576137, -0.2004394391134989573 ) ) ;
#6757 = CARTESIAN_POINT ( 'NONE',  ( 26.19938379298421793, 7.046335592041646834, 0.04121626037797020831 ) ) ;
#6758 = DIRECTION ( 'NONE',  ( 0.000000000000000000, 0.000000000000000000, -1.000000000000000000 ) ) ;
#6759 = CARTESIAN_POINT ( 'NONE',  ( -24.00002564932004390, 9.972956944944815660, -0.7990717116024458333 ) ) ;
#6760 = CARTESIAN_POINT ( 'NONE',  ( -0.5982878403833415959, 15.45566802715143240, 23.53678407798190619 ) ) ;
#6761 = CARTESIAN_POINT ( 'NONE',  ( -0.2825122576162563681, 7.418639859887252719, -25.56799920981655561 ) ) ;
#6762 = CIRCLE ( 'NONE', #4783, 2.000000000000000000 ) ;
#6763 = CARTESIAN_POINT ( 'NONE',  ( 25.96563196084188618, 7.663036791169279383, 0.03218487663660948156 ) ) ;
#6764 = ORIENTED_EDGE ( 'NONE', *, *, #5456, .T. ) ;
#6765 = CARTESIAN_POINT ( 'NONE',  ( -23.54764942707513242, 25.46361181394916429, 0.09691175241199845303 ) ) ;
#6766 = CARTESIAN_POINT ( 'NONE',  ( 23.43957278043219361, 21.68660777777354554, 0.2824743428697825132 ) ) ;
#6767 = CARTESIAN_POINT ( 'NONE',  ( 24.54904876779305667, 10.55597495849907119, -0.5150346097844001880 ) ) ;
#6768 = CARTESIAN_POINT ( 'NONE',  ( -25.98849385966730807, 7.474987713613917784, 0.06470577123076659554 ) ) ;
#6769 = AXIS2_PLACEMENT_3D ( 'NONE', #5023, #45, #6705 ) ;
#6770 = CARTESIAN_POINT ( 'NONE',  ( 2.227582001418953908E-05, 25.20458595692225146, -23.69720220673127997 ) ) ;
#6771 = CARTESIAN_POINT ( 'NONE',  ( 0.4702610447503044466, 8.627579282666888005, 24.93529362279342365 ) ) ;
#6772 = CARTESIAN_POINT ( 'NONE',  ( -0.7314581319489837918, 6.592403571180405208, -24.57200460325617541 ) ) ;
#6773 = CIRCLE ( 'NONE', #500, 14.50000000000000000 ) ;
#6774 = DIRECTION ( 'NONE',  ( -0.000000000000000000, -1.000000000000000000, -0.000000000000000000 ) ) ;
#6775 = CARTESIAN_POINT ( 'NONE',  ( 24.45532735561892679, 12.87752248579948322, 0.003874285079418039734 ) ) ;
#6776 = EDGE_LOOP ( 'NONE', ( #3070, #2702 ) ) ;
#6777 = CARTESIAN_POINT ( 'NONE',  ( 0.6679329640414055635, 19.87710385736287932, -23.02278783814934471 ) ) ;
#6778 = CARTESIAN_POINT ( 'NONE',  ( 0.02534393202816408175, 12.87740777098450451, -24.45447273125522614 ) ) ;
#6779 = CARTESIAN_POINT ( 'NONE',  ( -0.001730194244592816273, 25.12391351186026611, -23.69155090061170554 ) ) ;
#6780 = CARTESIAN_POINT ( 'NONE',  ( -0.06393998146277846129, 7.259296759145509981, 26.04911175208951946 ) ) ;
#6781 = CARTESIAN_POINT ( 'NONE',  ( -23.49265949301701539, 23.46557269521760958, 0.1999139575548395109 ) ) ;
#6782 = AXIS2_PLACEMENT_3D ( 'NONE', #3948, #6748, #233 ) ;
#6783 = CARTESIAN_POINT ( 'NONE',  ( 0.06344671255379985553, 23.48008364467150955, 23.60095239638902598 ) ) ;
#6784 = AXIS2_PLACEMENT_3D ( 'NONE', #3099, #368, #2589 ) ;
#6785 = B_SPLINE_CURVE_WITH_KNOTS ( 'NONE', 3,
 ( #763, #4112, #1922, #5192 ),
 .UNSPECIFIED., .F., .F.,
 ( 4, 4 ),
 ( 0.000000000000000000, 1.000000000000000000 ),
 .UNSPECIFIED. ) ;
#6786 = CARTESIAN_POINT ( 'NONE',  ( -0.01207681281723731875, 24.85498577026646672, 23.67565379969302697 ) ) ;
#6787 = CYLINDRICAL_SURFACE ( 'NONE', #5262, 16.50000000000000000 ) ;
#6788 = CARTESIAN_POINT ( 'NONE',  ( 0.4275829897491840170, 24.39150275542711199, 23.52274630829186819 ) ) ;
#6789 = CARTESIAN_POINT ( 'NONE',  ( 23.69877332468411879, 25.22535475268073668, -0.0005225304993925781799 ) ) ;
#6790 = CARTESIAN_POINT ( 'NONE',  ( -0.06460740296665867799, 25.25217644586987831, -23.61864828717514087 ) ) ;
#6791 = CARTESIAN_POINT ( 'NONE',  ( -23.69914995341294528, 18.16583685011106297, -0.03623654868293713777 ) ) ;
#6792 = CARTESIAN_POINT ( 'NONE',  ( 25.51526211363424679, 8.965723543114240357, 0.03346758823930539445 ) ) ;
#6793 = CARTESIAN_POINT ( 'NONE',  ( 22.05661753709544115, 0.03151920426976555223, -44.11323507419090362 ) ) ;
#6794 = CARTESIAN_POINT ( 'NONE',  ( -26.05692074210713827, 7.298184023392421338, 0.2844384853963249360 ) ) ;
#6795 = CARTESIAN_POINT ( 'NONE',  ( 22.05661753709545181, 0.03151920426976509426, 0.000000000000000000 ) ) ;
#6796 = CARTESIAN_POINT ( 'NONE',  ( -25.15915380318402228, 10.12829668672545402, -0.002304135630633738063 ) ) ;
#6797 = CARTESIAN_POINT ( 'NONE',  ( 0.5969078494084882891, 17.22501642329921978, 23.33372472956276411 ) ) ;
#6798 = CARTESIAN_POINT ( 'NONE',  ( -0.1182285183106475124, 7.832035452556489474, -25.80059538719673284 ) ) ;
#6799 = EDGE_CURVE ( 'NONE', #2333, #2574, #3128, .T. ) ;
#6800 = CARTESIAN_POINT ( 'NONE',  ( 25.93079802565105396, 7.467256276909550294, -0.09693797892119923598 ) ) ;
#6801 = ORIENTED_EDGE ( 'NONE', *, *, #5510, .T. ) ;
#6802 = CARTESIAN_POINT ( 'NONE',  ( -23.57340393625268860, 25.02516409054138080, 0.09676347421220034273 ) ) ;
#6803 = CARTESIAN_POINT ( 'NONE',  ( 23.60689840630316993, 23.48087961056770467, 0.03342517315122019161 ) ) ;
#6804 = CARTESIAN_POINT ( 'NONE',  ( 23.39631372076179971, 16.70839331231552904, -0.5910238486414001180 ) ) ;
#6805 = CARTESIAN_POINT ( 'NONE',  ( -25.70791245277533577, 7.628498779188698897, -0.1995118936098378704 ) ) ;
#6806 = CARTESIAN_POINT ( 'NONE',  ( 0.5835193096644871735, 15.15885069358719406, 23.59913222094240481 ) ) ;
#6807 = CARTESIAN_POINT ( 'NONE',  ( -0.03396763369658210852, 9.546059335168482818, 25.33011407643686042 ) ) ;
#6808 = CARTESIAN_POINT ( 'NONE',  ( -0.09628118916895157808, 25.46354723706023648, 23.54718016895767363 ) ) ;
#6809 = CARTESIAN_POINT ( 'NONE',  ( 2.913695140542734411E-15, 5.615282649518614555, -23.79212637122280682 ) ) ;
#6810 = CARTESIAN_POINT ( 'NONE',  ( 23.77756256590248185, 17.28448938125150391, -0.02798510942504633600 ) ) ;
#6811 = EDGE_LOOP ( 'NONE', ( #1509, #7086, #3023, #866 ) ) ;
#6812 = CARTESIAN_POINT ( 'NONE',  ( 0.1368006790733082567, 24.91564474236890803, -23.62715784344715075 ) ) ;
#6813 = CARTESIAN_POINT ( 'NONE',  ( -0.01715360442746240513, 17.28456880317517275, -23.77815593830445806 ) ) ;
#6814 = DIRECTION ( 'NONE',  ( -0.000000000000000000, 1.000000000000000000, -0.000000000000000000 ) ) ;
#6815 = CARTESIAN_POINT ( 'NONE',  ( -0.02132585291607670339, 7.481751642388847046, 26.03897344790741641 ) ) ;
#6816 = CARTESIAN_POINT ( 'NONE',  ( -23.62732758367016572, 24.29518282774537141, 0.02072749224577791552 ) ) ;
#6817 = CARTESIAN_POINT ( 'NONE',  ( 0.09586908800825352794, 23.47778461319441234, 23.58379438474771916 ) ) ;
#6818 = ADVANCED_FACE ( 'NONE', ( #5450 ), #326, .F. ) ;
#6819 = CARTESIAN_POINT ( 'NONE',  ( -0.5917704747656871156, 16.73757962580125280, 23.39558231754277884 ) ) ;
#6820 = DIRECTION ( 'NONE',  ( 0.000000000000000000, 0.000000000000000000, 1.000000000000000000 ) ) ;
#6821 = DIRECTION ( 'NONE',  ( 0.8630997082893921979, 0.000000000000000000, -0.5050335568561420407 ) ) ;
#6822 = CARTESIAN_POINT ( 'NONE',  ( 0.4693216294198427341, 25.36335050330668039, -22.79951389652942240 ) ) ;
#6823 = CARTESIAN_POINT ( 'NONE',  ( -23.77729147691507094, 17.28445248893818231, -0.03641307569749781953 ) ) ;
#6824 = CARTESIAN_POINT ( 'NONE',  ( 26.22505136324787856, 7.000345051182262246, 0.1634311923668042288 ) ) ;
#6825 = CARTESIAN_POINT ( 'NONE',  ( 25.33173634174812960, 9.546276825340974881, 0.02332867423112988670 ) ) ;
#6826 = CARTESIAN_POINT ( 'NONE',  ( -5.213530464874319925, 21.71383033581603073, 13.53030303030302939 ) ) ;
#6827 = CARTESIAN_POINT ( 'NONE',  ( -23.10713428395312263, 16.66596999507945398, 1.126383059525016606 ) ) ;
#6828 = DIRECTION ( 'NONE',  ( 0.000000000000000000, -1.000000000000000000, 0.000000000000000000 ) ) ;
#6829 = CARTESIAN_POINT ( 'NONE',  ( -25.33173634174812960, 9.546276825340974881, -0.02332867423112988670 ) ) ;
#6830 = CARTESIAN_POINT ( 'NONE',  ( -0.1002503631141389573, 17.28304669078251621, 23.76680526667268722 ) ) ;
#6831 = CARTESIAN_POINT ( 'NONE',  ( 0.4696301046622360920, 8.244807507274909852, -24.99408554905910052 ) ) ;
#6832 = CARTESIAN_POINT ( 'NONE',  ( 26.04804540878208385, 7.422067705930564863, 0.03195172945137420006 ) ) ;
#6833 = ORIENTED_EDGE ( 'NONE', *, *, #5619, .F. ) ;
#6834 = CARTESIAN_POINT ( 'NONE',  ( -22.17322479700912297, 25.05848417653877647, 0.7993044801482993567 ) ) ;
#6835 = CARTESIAN_POINT ( 'NONE',  ( 23.05840772190289201, 23.40738173675255496, -0.4706097144166461743 ) ) ;
#6836 = CARTESIAN_POINT ( 'NONE',  ( 25.32208726135904087, 8.731838975347958609, -0.3229432640535718768 ) ) ;
#6837 = CARTESIAN_POINT ( 'NONE',  ( -26.05963025552312828, 7.423620640931740233, 0.02166524128098367211 ) ) ;
#6838 = FACE_OUTER_BOUND ( 'NONE', #1892, .T. ) ;
#6839 = CARTESIAN_POINT ( 'NONE',  ( 0.2814470630560858000, 10.10456993027716699, 24.98208083835746152 ) ) ;
#6840 = EDGE_CURVE ( 'NONE', #3923, #5759, #1441, .T. ) ;
#6841 = CARTESIAN_POINT ( 'NONE',  ( 0.1992600535092680369, 6.967665090502747738, -25.84984857937613256 ) ) ;
#6842 = CARTESIAN_POINT ( 'NONE',  ( 23.97968806693698340, 15.51502574664781697, 0.03655762309545480815 ) ) ;
#6843 = ORIENTED_EDGE ( 'NONE', *, *, #3549, .F. ) ;
#6844 = CARTESIAN_POINT ( 'NONE',  ( 0.1970178241827686139, 24.55171736067443788, -23.55629453955684838 ) ) ;
#6845 = CARTESIAN_POINT ( 'NONE',  ( 0.02577856695448022678, 17.28454283805839964, -23.77796498726645780 ) ) ;
#6846 = CARTESIAN_POINT ( 'NONE',  ( 23.70617828429515228, 25.29851411751397094, 0.07681798113203343326 ) ) ;
#6847 = CARTESIAN_POINT ( 'NONE',  ( -0.4695689529762205883, 7.546969709034567764, 25.09954177043517731 ) ) ;
#6848 = CARTESIAN_POINT ( 'NONE',  ( -22.52306477486970238, 24.66346541495734002, 0.6653593517023737025 ) ) ;
#6849 = CARTESIAN_POINT ( 'NONE',  ( 0.5982938528541628109, 23.66585380495579471, 22.78352303223585906 ) ) ;
#6850 = ORIENTED_EDGE ( 'NONE', *, *, #1972, .F. ) ;
#6851 = CARTESIAN_POINT ( 'NONE',  ( -0.6088156714625158061, 23.44615210722405152, 23.35744730500017496 ) ) ;
#6852 = CARTESIAN_POINT ( 'NONE',  ( -26.18990815697894803, 7.062379824702698983, -0.1501895119493659725 ) ) ;
#6853 = CARTESIAN_POINT ( 'NONE',  ( -26.00489390083248864, 6.988443162784323981, -0.1174654872062664973 ) ) ;
#6854 = DIRECTION ( 'NONE',  ( -0.000000000000000000, 1.000000000000000000, -0.000000000000000000 ) ) ;
#6855 = CARTESIAN_POINT ( 'NONE',  ( -0.7320679985731051165, 6.689743450620962761, 24.53722090033751968 ) ) ;
#6856 = CARTESIAN_POINT ( 'NONE',  ( -23.97658945902020733, 15.51461135629530297, 0.06032762011198368468 ) ) ;
#6857 = CARTESIAN_POINT ( 'NONE',  ( 23.67259134564438838, 25.14169222144376903, 0.1937043604737385405 ) ) ;
#6858 = CARTESIAN_POINT ( 'NONE',  ( 24.38541617802442119, 9.419468121590959697, -0.6646610122892167016 ) ) ;
#6859 = CARTESIAN_POINT ( 'NONE',  ( 25.87404100865240508, 7.631881252129230297, 0.3882010835164526052 ) ) ;
#6860 = CARTESIAN_POINT ( 'NONE',  ( 14.28941916244324162, 16.71383033581603073, -10.17500000000000426 ) ) ;
#6861 = CARTESIAN_POINT ( 'NONE',  ( -0.1179811376681647317, 24.28790063158485779, -23.57297983354384385 ) ) ;
#6862 = CARTESIAN_POINT ( 'NONE',  ( -24.89194405326373527, 8.882198178807502842, 0.4702162751751149949 ) ) ;
#6863 = CARTESIAN_POINT ( 'NONE',  ( 0.7984099058374782842, 17.18291979750780385, 23.01957702738764766 ) ) ;
#6864 = CARTESIAN_POINT ( 'NONE',  ( -0.02107048065365437275, 7.969997717269460047, -25.85842067619742934 ) ) ;
#6865 = CARTESIAN_POINT ( 'NONE',  ( 24.79186271939944319, 7.505737051478666544, 0.5973436700735319516 ) ) ;
#6866 = VERTEX_POINT ( 'NONE', #4284 ) ;
#6867 = CARTESIAN_POINT ( 'NONE',  ( -22.86997759403604746, 25.15185193772995476, 0.4708034430696487749 ) ) ;
#6868 = CARTESIAN_POINT ( 'NONE',  ( 23.37214526260992642, 23.44941857218430314, 0.2817116823588751706 ) ) ;
#6869 = CARTESIAN_POINT ( 'NONE',  ( 23.05946499838509212, 17.48127400509025264, -0.7750407690891938373 ) ) ;
#6870 = CARTESIAN_POINT ( 'NONE',  ( 23.67311588333169325, 24.81789373551659494, 0.01501741418499544754 ) ) ;
#6871 = CARTESIAN_POINT ( 'NONE',  ( -26.00479456224569574, 7.416272581776550687, 0.06474515481149938079 ) ) ;
#6872 = CARTESIAN_POINT ( 'NONE',  ( 0.2453197566159930898, 9.977728723170454117, 25.04745365196271933 ) ) ;
#6873 = CARTESIAN_POINT ( 'NONE',  ( 0.5975709969077012129, 10.03032984397896676, 24.42806388075593205 ) ) ;
#6874 = TOROIDAL_SURFACE ( 'NONE', #7113, 6.000000000000000000, 2.000000000000000000 ) ;
#6875 = CARTESIAN_POINT ( 'NONE',  ( -0.7314935026217389558, 6.793892807262150946, -24.55305970841864394 ) ) ;
#6876 = DIRECTION ( 'NONE',  ( 0.000000000000000000, -1.000000000000000000, 0.000000000000000000 ) ) ;
#6877 = CARTESIAN_POINT ( 'NONE',  ( 23.77416279954461231, 17.28403406902849682, -0.06047202645053066650 ) ) ;
#6878 = EDGE_CURVE ( 'NONE', #2574, #2333, #786, .T. ) ;
#6879 = ORIENTED_EDGE ( 'NONE', *, *, #6372, .F. ) ;
#6880 = CARTESIAN_POINT ( 'NONE',  ( 0.001331641013297469190, 25.16849716147687843, -23.69447328227031946 ) ) ;
#6881 = CARTESIAN_POINT ( 'NONE',  ( 0.4710140807595476486, 17.24788768747971091, -23.50446507997318690 ) ) ;
#6882 = CARTESIAN_POINT ( 'NONE',  ( -0.04137760642306517050, 7.046310596865613896, -26.19939777963011451 ) ) ;
#6883 = CARTESIAN_POINT ( 'NONE',  ( 0.6646610068477345479, 7.237889243648395698, 24.67361858532972363 ) ) ;
#6884 = CARTESIAN_POINT ( 'NONE',  ( -23.66821746090791478, 25.03786932165219525, 0.03220252430420451895 ) ) ;
#6885 = CARTESIAN_POINT ( 'NONE',  ( -0.0007046361949113551975, 24.29613988100626187, 23.63447073230860340 ) ) ;
#6886 = CIRCLE ( 'NONE', #1079, 21.74989981158545760 ) ;
#6887 = EDGE_CURVE ( 'NONE', #924, #3603, #4921, .T. ) ;
#6888 = ORIENTED_EDGE ( 'NONE', *, *, #6062, .F. ) ;
#6889 = CARTESIAN_POINT ( 'NONE',  ( -0.2680600013389013991, 22.18389564588968810, 23.42850989037465936 ) ) ;
#6890 = CARTESIAN_POINT ( 'NONE',  ( 0.000000000000000000, 16.71383033581603073, 0.000000000000000000 ) ) ;
#6891 = AXIS2_PLACEMENT_3D ( 'NONE', #1007, #4785, #5331 ) ;
#6892 = CARTESIAN_POINT ( 'NONE',  ( -25.84726799526633556, 6.865308770069307620, 0.2006587820255114618 ) ) ;
#6893 = FACE_OUTER_BOUND ( 'NONE', #996, .T. ) ;
#6894 = CARTESIAN_POINT ( 'NONE',  ( -0.06364886450853937672, 6.806815091553573005, 26.17204377340775068 ) ) ;
#6895 = CARTESIAN_POINT ( 'NONE',  ( -23.55518833206853913, 21.11148916428295053, 0.1159648426950191241 ) ) ;
#6896 = CIRCLE ( 'NONE', #1201, 2.000000000000000000 ) ;
#6897 = CARTESIAN_POINT ( 'NONE',  ( 24.54836375635147050, 11.64057450394222393, 0.3432854465635987729 ) ) ;
#6898 = CARTESIAN_POINT ( 'NONE',  ( 0.000000000000000000, 3.760367054716749813, 0.000000000000000000 ) ) ;
#6899 = CARTESIAN_POINT ( 'NONE',  ( 23.35719612787696775, 23.39868173518485506, 0.3412375775072162831 ) ) ;
#6900 = CARTESIAN_POINT ( 'NONE',  ( 0.04121626037786740859, 7.046335592041644169, -26.19938379298422859 ) ) ;
#6901 = CARTESIAN_POINT ( 'NONE',  ( -0.06365308027653007739, 23.77614954779357603, -23.60660972740801355 ) ) ;
#6902 = CARTESIAN_POINT ( 'NONE',  ( -25.12903774191525841, 10.12426192637805400, 0.1165288213407294771 ) ) ;
#6903 = AXIS2_PLACEMENT_3D ( 'NONE', #4147, #1887, #5123 ) ;
#6904 = CARTESIAN_POINT ( 'NONE',  ( -0.06832420979959219487, 17.28396411214630035, 23.77364918505462299 ) ) ;
#6905 = CARTESIAN_POINT ( 'NONE',  ( 0.1179756856304063628, 7.957634467854052041, -25.76617240619494353 ) ) ;
#6906 = AXIS2_PLACEMENT_3D ( 'NONE', #2526, #4710, #4745 ) ;
#6907 = CARTESIAN_POINT ( 'NONE',  ( 26.02807157606858723, 7.480291171924965177, -0.03238856928772423927 ) ) ;
#6908 = ORIENTED_EDGE ( 'NONE', *, *, #1639, .F. ) ;
#6909 = CARTESIAN_POINT ( 'NONE',  ( 23.61267886138748651, 24.14092065964036848, -0.06970398778873994339 ) ) ;
#6910 = EDGE_CURVE ( 'NONE', #6006, #1752, #1787, .T. ) ;
#6911 = CARTESIAN_POINT ( 'NONE',  ( 23.61479695135507484, 23.77724585500357790, 0.03320829162575328342 ) ) ;
#6912 = CARTESIAN_POINT ( 'NONE',  ( -0.02772834828754636161, 25.26892428420799419, 23.70034385049075709 ) ) ;
#6913 = CARTESIAN_POINT ( 'NONE',  ( -9.110820912706831365, 21.71383033581603073, -11.28020134113677386 ) ) ;
#6914 = CARTESIAN_POINT ( 'NONE',  ( -26.03867378482769368, 7.481711861133659269, 0.02160401693622443844 ) ) ;
#6915 = CARTESIAN_POINT ( 'NONE',  ( -0.1151844601374671234, 25.26658940815836019, 23.69927676833843222 ) ) ;
#6916 = CARTESIAN_POINT ( 'NONE',  ( -0.002304135630370210148, 10.12829668672545402, 25.15915380318402228 ) ) ;
#6917 = CARTESIAN_POINT ( 'NONE',  ( -0.3430896639194833675, 6.822226924765447009, -25.52577222401211188 ) ) ;
#6918 = CARTESIAN_POINT ( 'NONE',  ( 25.21703074785905940, 6.678831889611820394, 0.4695560408072583236 ) ) ;
#6919 = CARTESIAN_POINT ( 'NONE',  ( 23.96285177239751363, 15.51276879813485010, 0.1216873979667743993 ) ) ;
#6920 = ORIENTED_EDGE ( 'NONE', *, *, #501, .F. ) ;
#6921 = CARTESIAN_POINT ( 'NONE',  ( 0.4694752051587042230, 19.85603349798626027, -23.28914065178762982 ) ) ;
#6922 = CARTESIAN_POINT ( 'NONE',  ( 0.6651261498253389082, 17.21206704058112891, -23.23717601138861610 ) ) ;
#6923 = CARTESIAN_POINT ( 'NONE',  ( -0.1110852100103576212, 7.224241882715267238, -26.09948754976422336 ) ) ;
#6924 = CARTESIAN_POINT ( 'NONE',  ( 0.6646659889508178543, 7.297871742612400681, 24.66677525960491124 ) ) ;
#6925 = CARTESIAN_POINT ( 'NONE',  ( -23.25979080466316518, 24.76218450366447499, -0.2814301693336271337 ) ) ;
#6926 = CARTESIAN_POINT ( 'NONE',  ( 0.6653579335525755534, 24.15614820411744645, 22.58977767876990939 ) ) ;
#6927 = ORIENTED_EDGE ( 'NONE', *, *, #4325, .T. ) ;
#6928 = CARTESIAN_POINT ( 'NONE',  ( -0.5851185683706049412, 15.18776507106225182, 23.59638190722564488 ) ) ;
#6929 = CARTESIAN_POINT ( 'NONE',  ( -24.84481198100586852, 9.760133762922293954, -0.7682494139829966207 ) ) ;
#6930 = CARTESIAN_POINT ( 'NONE',  ( -25.86880468122166477, 6.868191361001946049, -0.1992332498906832505 ) ) ;
#6931 = DIRECTION ( 'NONE',  ( 0.000000000000000000, 0.000000000000000000, 1.000000000000000000 ) ) ;
#6932 = CARTESIAN_POINT ( 'NONE',  ( -23.28830505115821481, 19.81500735453289863, -0.4721675144160454862 ) ) ;
#6933 = CARTESIAN_POINT ( 'NONE',  ( -23.57091429477132039, 21.11359497120509943, -0.06692665465233268995 ) ) ;
#6934 =( BOUNDED_SURFACE ( )  B_SPLINE_SURFACE ( 2, 3, ( 
 ( #4168, #421, #3771, #4273, #3695, #347 ),
 ( #5914, #3080, #7009, #314, #2024, #4310 ),
 ( #928, #3149, #6490, #5949, #969, #7081 ) ),
 .UNSPECIFIED., .F., .F., .T. ) 
 B_SPLINE_SURFACE_WITH_KNOTS ( ( 3, 3 ),
 ( 4, 2, 4 ),
 ( 0.000000000000000000, 1.000000000000000000 ),
 ( 0.01840462460062560271, 0.01849303560123018164, 0.01858144660183475710 ),
 .UNSPECIFIED. ) 
 GEOMETRIC_REPRESENTATION_ITEM ( )  RATIONAL_B_SPLINE_SURFACE ( (
 ( 1.000000000000000000, 1.000000000000000000, 1.000000000000000000, 1.000000000000000000, 1.000000000000000000, 1.000000000000000000),
 ( 0.9962457246550998624, 0.9974570673916979269, 0.9983859993578547698, 0.9983822790128391578, 0.9974530858711265768, 0.9962518364972284823),
 ( 1.000000000000000000, 1.000000000000000000, 1.000000000000000000, 1.000000000000000000, 1.000000000000000000, 1.000000000000000000) ) ) 
 REPRESENTATION_ITEM ( '' )  SURFACE ( )  );
#6935 = EDGE_CURVE ( 'NONE', #2771, #288, #2717, .T. ) ;
#6936 = CARTESIAN_POINT ( 'NONE',  ( 24.73268510545405263, 11.66527825569160370, -0.01813163764876113762 ) ) ;
#6937 = CARTESIAN_POINT ( 'NONE',  ( -23.66297438277115006, 25.09155723752075318, 0.09544244410479758856 ) ) ;
#6938 = CARTESIAN_POINT ( 'NONE',  ( 23.66979242308997655, 24.76759303201188089, 0.01891692208689985458 ) ) ;
#6939 = CARTESIAN_POINT ( 'NONE',  ( -22.05661753709545181, 0.03151920426976509426, 2.935857522934292773E-15 ) ) ;
#6940 = CARTESIAN_POINT ( 'NONE',  ( -0.1999139575549215286, 23.46557269521760958, -23.49265949301701539 ) ) ;
#6941 = CARTESIAN_POINT ( 'NONE',  ( -25.15681581406119349, 10.12798365970094316, 0.02998482296565885968 ) ) ;
#6942 = CARTESIAN_POINT ( 'NONE',  ( -0.09853044982635227045, 21.70222760334163326, 23.55611942222292399 ) ) ;
#6943 = CARTESIAN_POINT ( 'NONE',  ( 0.09656653986455090988, 7.961818124242337369, -25.79739039557750857 ) ) ;
#6944 = CARTESIAN_POINT ( 'NONE',  ( 25.85842067619742934, 7.969997717269460047, -0.02107048065356409081 ) ) ;
#6945 = ORIENTED_EDGE ( 'NONE', *, *, #211, .T. ) ;
#6946 = DIRECTION ( 'NONE',  ( 0.000000000000000000, -1.000000000000000000, 0.000000000000000000 ) ) ;
#6947 = CARTESIAN_POINT ( 'NONE',  ( 22.58977767876991649, 24.15614820411744645, -0.6653579335523389648 ) ) ;
#6948 = CARTESIAN_POINT ( 'NONE',  ( -23.68530668510607740, 25.01101045059043315, -0.003264680567852694393 ) ) ;
#6949 = DIRECTION ( 'NONE',  ( 0.000000000000000000, 0.000000000000000000, -1.000000000000000000 ) ) ;
#6950 = CARTESIAN_POINT ( 'NONE',  ( -25.93562484823489811, 7.659016437469396976, 0.06457413556311739078 ) ) ;
#6951 = EDGE_CURVE ( 'NONE', #2940, #2424, #511, .T. ) ;
#6952 = CARTESIAN_POINT ( 'NONE',  ( -2.227581944645035117E-05, 25.20458595688074865, 23.69720220672815714 ) ) ;
#6953 = CARTESIAN_POINT ( 'NONE',  ( -0.1191776691745871225, 9.541509631409859082, 25.29616872962868612 ) ) ;
#6954 = CARTESIAN_POINT ( 'NONE',  ( -0.03277180836248786561, 7.011000155478478213, -26.17320945403743337 ) ) ;
#6955 = CARTESIAN_POINT ( 'NONE',  ( 25.84984857937613256, 6.967665090502747738, 0.1992600535093582981 ) ) ;
#6956 = CARTESIAN_POINT ( 'NONE',  ( 23.22006825585728862, 15.41323772093251065, -0.7982564201608463028 ) ) ;
#6957 = CARTESIAN_POINT ( 'NONE',  ( -7.602121311033204387E-05, 7.097770024547210177, -26.18490495129216100 ) ) ;
#6958 = CARTESIAN_POINT ( 'NONE',  ( 0.03623654868285439146, 18.16583685011106297, -23.69914995341294528 ) ) ;
#6959 = CARTESIAN_POINT ( 'NONE',  ( -0.6906546660361817525, 12.80482361268460778, -23.81700794968907431 ) ) ;
#6960 = CARTESIAN_POINT ( 'NONE',  ( 0.06470577123103880834, 7.474987713613917784, 25.98849385966730807 ) ) ;
#6961 = CARTESIAN_POINT ( 'NONE',  ( -22.98245433366439272, 24.20876841959674053, 0.4707476128592856801 ) ) ;
#6962 = CARTESIAN_POINT ( 'NONE',  ( -0.1996285627193761236, 24.78316369216441828, 23.41633690031084924 ) ) ;
#6963 = CARTESIAN_POINT ( 'NONE',  ( -0.001331641012865871941, 25.16849716147663685, 23.69447328227034077 ) ) ;
#6964 = CARTESIAN_POINT ( 'NONE',  ( -23.80754844753066735, 12.78211472156009876, -1.037424112301249313 ) ) ;
#6965 = CYLINDRICAL_SURFACE ( 'NONE', #6430, 2.000000000000000000 ) ;
#6966 = CARTESIAN_POINT ( 'NONE',  ( 0.001125577107229793622, 6.829194754152914548, 26.33904163618322158 ) ) ;
#6967 = CARTESIAN_POINT ( 'NONE',  ( -22.66244315502038731, 20.99185990929456835, 0.7990831569280663071 ) ) ;
#6968 = ORIENTED_EDGE ( 'NONE', *, *, #2970, .F. ) ;
#6969 = CARTESIAN_POINT ( 'NONE',  ( 23.95314456448190654, 10.31139355929532719, 0.7990817187111967090 ) ) ;
#6970 = CARTESIAN_POINT ( 'NONE',  ( -23.51983974384339149, 24.35569388768419330, 0.2233468326476944488 ) ) ;
#6971 = ADVANCED_FACE ( 'NONE', ( #4321 ), #872, .F. ) ;
#6972 = CARTESIAN_POINT ( 'NONE',  ( 0.05280922201977533009, 6.983703599467297352, 26.23499654697078398 ) ) ;
#6973 = CARTESIAN_POINT ( 'NONE',  ( 0.02254233294783484359, 23.77823461501660418, -23.62217460465598151 ) ) ;
#6974 =( BOUNDED_SURFACE ( )  B_SPLINE_SURFACE ( 2, 3, ( 
 ( #3441, #5728, #1261, #6824 ),
 ( #4531, #3405, #6754, #3991 ),
 ( #4496, #6133, #3919, #2927 ) ),
 .UNSPECIFIED., .F., .F., .T. ) 
 B_SPLINE_SURFACE_WITH_KNOTS ( ( 3, 3 ),
 ( 4, 4 ),
 ( 0.08335879690891498384, 0.9031013887724310685 ),
 ( 0.000000000000000000, 1.000000000000000000 ),
 .UNSPECIFIED. ) 
 GEOMETRIC_REPRESENTATION_ITEM ( )  RATIONAL_B_SPLINE_SURFACE ( (
 ( 1.000000000000000000, 0.8017894826838928291, 0.8017894826838928291, 1.000000000000000000),
 ( 1.000000000000000000, 0.8017894826838928291, 0.8017894826838928291, 1.000000000000000000),
 ( 1.000000000000000000, 0.8017894826838928291, 0.8017894826838928291, 1.000000000000000000) ) ) 
 REPRESENTATION_ITEM ( '' )  SURFACE ( )  );
#6975 = CARTESIAN_POINT ( 'NONE',  ( -24.01370559397595983, 9.974804166693090224, 0.7986029535206560226 ) ) ;
#6976 = CARTESIAN_POINT ( 'NONE',  ( 0.2804350903747380164, 19.62231652872868892, 23.50517230187742967 ) ) ;
#6977 = CARTESIAN_POINT ( 'NONE',  ( 0.06540406031938814091, 8.964511351938641681, -25.50621855700735807 ) ) ;
#6978 = CARTESIAN_POINT ( 'NONE',  ( 25.63399321377863416, 7.939924151012000664, -0.2003300788884019856 ) ) ;
#6979 = ORIENTED_EDGE ( 'NONE', *, *, #4063, .F. ) ;
#6980 = CARTESIAN_POINT ( 'NONE',  ( -22.13875909031309419, 25.27481500617495058, 0.7992773452422340386 ) ) ;
#6981 = CARTESIAN_POINT ( 'NONE',  ( 23.63616237009465593, 24.81262443683301555, -0.06442046794348529892 ) ) ;
#6982 = CARTESIAN_POINT ( 'NONE',  ( -0.0005380367297625681744, 25.22540550875757503, 23.69877685175035253 ) ) ;
#6983 = CARTESIAN_POINT ( 'NONE',  ( 23.70617843559350746, 25.29851411751397094, -0.07677127596727872927 ) ) ;
#6984 = CARTESIAN_POINT ( 'NONE',  ( -25.90726325636667937, 7.846328791610667430, -0.0002453249914467509757 ) ) ;
#6985 = CARTESIAN_POINT ( 'NONE',  ( -0.002177042759870333015, 25.10787863070819981, 23.68988913174810307 ) ) ;
#6986 = CARTESIAN_POINT ( 'NONE',  ( -0.2836685537600370788, 12.86289326641290920, 24.34617910675682850 ) ) ;
#6987 = CARTESIAN_POINT ( 'NONE',  ( -0.03285360840086731099, 6.913097474779760887, -26.20388907329695627 ) ) ;
#6988 = CARTESIAN_POINT ( 'NONE',  ( 25.68727798972584964, 6.741855499813374841, -0.2826499451388672646 ) ) ;
#6989 = CARTESIAN_POINT ( 'NONE',  ( 23.14990482767464997, 18.09223959586417507, -0.6642472134681214335 ) ) ;
#6990 = CARTESIAN_POINT ( 'NONE',  ( 0.5786592456127084283, 17.49295969475416257, -23.33516866453670247 ) ) ;
#6991 = CARTESIAN_POINT ( 'NONE',  ( -0.09433195681091233187, 21.11250854503455088, -23.56279659564685858 ) ) ;
#6992 = CARTESIAN_POINT ( 'NONE',  ( 0.000000000000000000, 25.71383033581602362, -21.74989981158545760 ) ) ;
#6993 = CARTESIAN_POINT ( 'NONE',  ( 0.09671823749858017572, 7.836557216780821733, 25.83433921930461352 ) ) ;
#6994 = CARTESIAN_POINT ( 'NONE',  ( -23.55365494673465321, 24.80156823069677685, 0.1182048586632741816 ) ) ;
#6995 = CARTESIAN_POINT ( 'NONE',  ( 0.2823869972381685689, 24.25357173075546413, 23.31679907441799315 ) ) ;
#6996 = CIRCLE ( 'NONE', #5013, 4.000000000000001776 ) ;
#6997 = CARTESIAN_POINT ( 'NONE',  ( 0.5777857194960189791, 17.49363238266812814, 23.33278389823932386 ) ) ;
#6998 = CARTESIAN_POINT ( 'NONE',  ( -23.41818581117008691, 23.81800114811966651, -0.5483418637200300205 ) ) ;
#6999 = CARTESIAN_POINT ( 'NONE',  ( -25.51255564160699763, 8.326188858040820762, -0.5446510710917257247 ) ) ;
#7000 = CARTESIAN_POINT ( 'NONE',  ( -0.01813163764884749216, 11.66527825569160370, -24.73268510545405263 ) ) ;
#7001 = CARTESIAN_POINT ( 'NONE',  ( 0.04907832120236726298, 25.31525207514593845, 23.70982136426455256 ) ) ;
#7002 = CARTESIAN_POINT ( 'NONE',  ( -0.02589342547947345169, 25.23626928464261354, 23.69672283509864741 ) ) ;
#7003 = CARTESIAN_POINT ( 'NONE',  ( -23.60399097478694586, 19.63555599887666503, -0.06767424324281889891 ) ) ;
#7004 = CIRCLE ( 'NONE', #1073, 2.000000000000000000 ) ;
#7005 = ORIENTED_EDGE ( 'NONE', *, *, #5510, .F. ) ;
#7006 = AXIS2_PLACEMENT_3D ( 'NONE', #2261, #2296, #3351 ) ;
#7007 = CARTESIAN_POINT ( 'NONE',  ( -23.12200889135349513, 16.68408097382162225, 0.7881165289069022029 ) ) ;
#7008 = CARTESIAN_POINT ( 'NONE',  ( 23.50782855328543874, 24.31149504037508535, 0.4457516831987943795 ) ) ;
#7009 = CARTESIAN_POINT ( 'NONE',  ( -23.70370387639026788, 25.28460175508724816, -0.01416770203783781178 ) ) ;
#7010 = CARTESIAN_POINT ( 'NONE',  ( 0.03320829162567082854, 23.77724585500357790, -23.61479695135507484 ) ) ;
#7011 = CARTESIAN_POINT ( 'NONE',  ( -24.61279735675591596, 10.39980360685425431, 0.4698536945295905265 ) ) ;
#7012 = CARTESIAN_POINT ( 'NONE',  ( -0.002577275291982828939, 21.70417358983301170, 23.57063454039415262 ) ) ;
#7013 = AXIS2_PLACEMENT_3D ( 'NONE', #123, #706, #2888 ) ;
#7014 = CARTESIAN_POINT ( 'NONE',  ( -0.09581600847977089774, 8.962323901253419933, -25.48988476680116833 ) ) ;
#7015 = CARTESIAN_POINT ( 'NONE',  ( 24.59174748402944743, 7.800247023771017751, 0.6646135873385207171 ) ) ;
#7016 = ORIENTED_EDGE ( 'NONE', *, *, #5619, .T. ) ;
#7017 = CARTESIAN_POINT ( 'NONE',  ( 23.64932105186602129, 24.52670492662268842, -0.03480323969601881173 ) ) ;
#7018 = CARTESIAN_POINT ( 'NONE',  ( 23.63447073230860340, 24.29613988100626187, 0.0007046361951589131395 ) ) ;
#7019 = CARTESIAN_POINT ( 'NONE',  ( 9.110820912706765640, 21.71383033581603073, -11.28020134113682538 ) ) ;
#7020 = FILL_AREA_STYLE_COLOUR ( '', #3176 ) ;
#7021 = CARTESIAN_POINT ( 'NONE',  ( -25.90291651894875358, 7.845746104613719574, -0.02173135385949908835 ) ) ;
#7022 = CARTESIAN_POINT ( 'NONE',  ( -0.06086831885720293128, 24.24045122725963708, 23.62172323808457008 ) ) ;
#7023 = CARTESIAN_POINT ( 'NONE',  ( -0.06656756002480004875, 10.45923741916914729, 25.05634095479575407 ) ) ;
#7024 = CARTESIAN_POINT ( 'NONE',  ( -0.2006165502681462043, 7.064581185389246620, -25.81178068827549055 ) ) ;
#7025 = ADVANCED_FACE ( 'NONE', ( #3367 ), #4600, .F. ) ;
#7026 = CARTESIAN_POINT ( 'NONE',  ( 26.09540884400490413, 6.796545094475689552, 0.09590241578750638429 ) ) ;
#7027 = CARTESIAN_POINT ( 'NONE',  ( 23.60406882646835314, 19.63556755991841385, -0.06111994879219485866 ) ) ;
#7028 = CARTESIAN_POINT ( 'NONE',  ( -0.5193595091356851823, 19.02110933368285828, -23.27797331158848948 ) ) ;
#7029 = CARTESIAN_POINT ( 'NONE',  ( -0.6645606511406078054, 19.55787644667997327, -23.02428074409304770 ) ) ;
#7030 = FACE_BOUND ( 'NONE', #1411, .T. ) ;
#7031 = CARTESIAN_POINT ( 'NONE',  ( -0.03238139177015315201, 7.845212143329791665, 25.89893267544739075 ) ) ;
#7032 = CARTESIAN_POINT ( 'NONE',  ( 0.3431872021847127141, 24.96838420491969046, 23.14968349609072717 ) ) ;
#7033 = CARTESIAN_POINT ( 'NONE',  ( 0.7141628720830253130, 9.409722450742741273, 25.00559022379385610 ) ) ;
#7034 = CARTESIAN_POINT ( 'NONE',  ( -25.51008666431050287, 8.331152745534248893, -0.5455679214781714581 ) ) ;
#7035 = CARTESIAN_POINT ( 'NONE',  ( -25.33951835331572155, 8.680779457201101224, -0.6045928000596484386 ) ) ;
#7036 = CARTESIAN_POINT ( 'NONE',  ( -0.7986029535207398444, 9.974804166693090224, -24.01370559397595628 ) ) ;
#7037 = CARTESIAN_POINT ( 'NONE',  ( -0.8631570426178379885, 21.45202063916657664, -23.10321151559616482 ) ) ;
#7038 = CARTESIAN_POINT ( 'NONE',  ( 0.0009536817830095140579, 6.924523738388137062, 26.28915651848933521 ) ) ;
#7039 = CARTESIAN_POINT ( 'NONE',  ( -23.52036199521375082, 21.10681936693828575, -0.2013877778430060994 ) ) ;
#7040 = ORIENTED_EDGE ( 'NONE', *, *, #6638, .T. ) ;
#7041 = CARTESIAN_POINT ( 'NONE',  ( -23.41996913884083042, 23.82847848601305074, 0.5470769471547022311 ) ) ;
#7042 = CARTESIAN_POINT ( 'NONE',  ( 24.83294182560484842, 9.811709668929470496, 0.4441372902225561026 ) ) ;
#7043 = CARTESIAN_POINT ( 'NONE',  ( 1.114073641700515926, 17.48834503507712057, -23.04261492117887400 ) ) ;
#7044 = CARTESIAN_POINT ( 'NONE',  ( 0.08274577012498099404, 7.000345051182263134, 26.22543006124312015 ) ) ;
#7045 = CARTESIAN_POINT ( 'NONE',  ( 0.7983455350633961167, 24.84023513786889126, -22.19348083613026290 ) ) ;
#7046 = CARTESIAN_POINT ( 'NONE',  ( -24.73269710742572869, 11.66527948796598224, -0.02479958165640264167 ) ) ;
#7047 = CARTESIAN_POINT ( 'NONE',  ( -0.03501634927196720787, 21.11405967439959852, 23.57437992895842527 ) ) ;
#7048 = CARTESIAN_POINT ( 'NONE',  ( 0.4696830649043035599, 8.627141326165089552, -24.93208693748847438 ) ) ;
#7049 = CARTESIAN_POINT ( 'NONE',  ( 25.34057269563535542, 7.900598623988888569, 0.3419112168025179588 ) ) ;
#7050 = EDGE_LOOP ( 'NONE', ( #6550, #187, #3318, #1518 ) ) ;
#7051 = DIRECTION ( 'NONE',  ( 0.000000000000000000, -1.000000000000000000, 0.000000000000000000 ) ) ;
#7052 = CARTESIAN_POINT ( 'NONE',  ( 22.29875570773893401, 24.11713603042136356, 0.7983006022578696959 ) ) ;
#7053 = DIRECTION ( 'NONE',  ( 0.000000000000000000, 0.000000000000000000, -1.000000000000000000 ) ) ;
#7054 = CARTESIAN_POINT ( 'NONE',  ( -5.213530464874319925, 21.71383033581603073, 13.53030303030302939 ) ) ;
#7055 = CARTESIAN_POINT ( 'NONE',  ( -24.60690071711531246, 7.672063633556446938, -0.6646217959285100063 ) ) ;
#7056 = DIRECTION ( 'NONE',  ( 8.666684749742568513E-28, 1.387778780781446938E-14, 1.000000000000000000 ) ) ;
#7057 = CARTESIAN_POINT ( 'NONE',  ( -0.6648694252641178526, 11.57217131349069383, 24.03794472140500105 ) ) ;
#7058 = CARTESIAN_POINT ( 'NONE',  ( -0.1184566767402563947, 7.403134777826898549, -25.90675379060105499 ) ) ;
#7059 = CARTESIAN_POINT ( 'NONE',  ( 25.50753737015034872, 6.921791308441264334, 0.3417376381876064406 ) ) ;
#7060 = CARTESIAN_POINT ( 'NONE',  ( 23.55555161905353501, 21.11153577926741676, 0.1201554689254512864 ) ) ;
#7061 = ORIENTED_EDGE ( 'NONE', *, *, #4352, .F. ) ;
#7062 = CARTESIAN_POINT ( 'NONE',  ( 0.1537557645593422284, 23.27971944154819539, -23.53261441539573440 ) ) ;
#7063 = ADVANCED_FACE ( 'NONE', ( #711 ), #6974, .T. ) ;
#7064 = CARTESIAN_POINT ( 'NONE',  ( -24.36178953236183276, 6.666233605996682243, -0.7994177942615433574 ) ) ;
#7065 = CARTESIAN_POINT ( 'NONE',  ( 0.2020989148874770547, 19.62982168343879152, -23.56120900528502204 ) ) ;
#7066 = PLANE ( 'NONE',  #394 ) ;
#7067 = CARTESIAN_POINT ( 'NONE',  ( 0.7316028320073508784, 7.652832880684028005, 24.46330522331339097 ) ) ;
#7068 = CARTESIAN_POINT ( 'NONE',  ( 0.09676347421244725633, 25.02516409054138080, 23.57340393625268860 ) ) ;
#7069 = CARTESIAN_POINT ( 'NONE',  ( 0.5469862638823419498, 8.329689908034371371, 25.51075031734611898 ) ) ;
#7070 = ORIENTED_EDGE ( 'NONE', *, *, #3953, .F. ) ;
#7071 = CARTESIAN_POINT ( 'NONE',  ( -23.63522291397730157, 24.96336266408552262, -0.2755822876913583408 ) ) ;
#7072 = CARTESIAN_POINT ( 'NONE',  ( -25.18804908428301204, 9.617680436709932223, 0.2061696659751642569 ) ) ;
#7073 = CARTESIAN_POINT ( 'NONE',  ( -0.3420181540586557656, 10.42717725378936500, -24.81707404971306730 ) ) ;
#7074 = CARTESIAN_POINT ( 'NONE',  ( -0.6117054875854209817, 23.42216679364845078, -23.35367446387662937 ) ) ;
#7075 = CARTESIAN_POINT ( 'NONE',  ( 0.1186723523867737051, 6.888657846623179815, 26.02150943782998382 ) ) ;
#7076 = CARTESIAN_POINT ( 'NONE',  ( -23.04829583355656553, 23.40601842563232537, -0.4693667883696960863 ) ) ;
#7077 = ORIENTED_EDGE ( 'NONE', *, *, #6348, .T. ) ;
#7078 = CARTESIAN_POINT ( 'NONE',  ( -23.02210086273877820, 19.85837384856759869, 0.6692332301447847520 ) ) ;
#7079 = CARTESIAN_POINT ( 'NONE',  ( 14.28941916244324162, 16.71383033581603073, -4.249999999999998224 ) ) ;
#7080 = CARTESIAN_POINT ( 'NONE',  ( -23.69719771214555237, 25.20452372157356180, -0.0008292401009432523147 ) ) ;
#7081 = CARTESIAN_POINT ( 'NONE',  ( -23.69720670131705020, 25.20464819227121467, 0.0007846884605185183584 ) ) ;
#7082 = CARTESIAN_POINT ( 'NONE',  ( 0.5968024313825576188, 25.11340796235337081, -22.58316975690156170 ) ) ;
#7083 = CARTESIAN_POINT ( 'NONE',  ( -24.43561583374589574, 12.87487995174144828, -0.1211145350148198213 ) ) ;
#7084 = CARTESIAN_POINT ( 'NONE',  ( -0.3426955987064124742, 8.662668550523484612, -25.19714600409786343 ) ) ;
#7085 = CARTESIAN_POINT ( 'NONE',  ( 24.77971920073524359, 7.695233798909764111, -0.5977699938801422919 ) ) ;
#7086 = ORIENTED_EDGE ( 'NONE', *, *, #3501, .F. ) ;
#7087 = CARTESIAN_POINT ( 'NONE',  ( -0.01455374702906485351, 7.494263832230799061, 26.03515066855188920 ) ) ;
#7088 = CARTESIAN_POINT ( 'NONE',  ( 23.31308385495254498, 24.25306892086746302, 0.2814945416189048588 ) ) ;
#7089 = EDGE_LOOP ( 'NONE', ( #3353, #4235, #6137, #812 ) ) ;
#7090 = DIRECTION ( 'NONE',  ( 0.000000000000000000, -1.000000000000000000, 0.000000000000000000 ) ) ;
#7091 = CARTESIAN_POINT ( 'NONE',  ( -25.07195800843991762, 7.734386866534418203, -0.4695819725205396811 ) ) ;
#7092 = CARTESIAN_POINT ( 'NONE',  ( -0.003874285079161883527, 12.87752248579948322, 24.45532735561892679 ) ) ;
#7093 = CARTESIAN_POINT ( 'NONE',  ( 0.6646614177362928366, 7.235513445940877197, -24.65597674509465165 ) ) ;
#7094 = CARTESIAN_POINT ( 'NONE',  ( 26.04330178254714667, 6.789564197247507593, -0.1187124611590690965 ) ) ;
#7095 = VERTEX_POINT ( 'NONE', #1148 ) ;
#7096 = CARTESIAN_POINT ( 'NONE',  ( 23.02440885351823496, 19.55788196992824624, 0.6646784124881472966 ) ) ;
#7097 = CARTESIAN_POINT ( 'NONE',  ( 0.06086831885732243985, 24.24045122726043289, -23.62172323808460916 ) ) ;
#7098 = CARTESIAN_POINT ( 'NONE',  ( -24.39301195369875686, 6.670431665448007585, 0.7983391647138957659 ) ) ;
#7099 = CARTESIAN_POINT ( 'NONE',  ( 0.1201554689253690328, 21.11153577926741676, -23.55555161905353501 ) ) ;
#7100 = CARTESIAN_POINT ( 'NONE',  ( -21.64058558108281360, 15.19481306604519055, -12.62087941970055738 ) ) ;
#7101 = CARTESIAN_POINT ( 'NONE',  ( 0.2823678745585083139, 7.918042416180288257, 25.47070140321337206 ) ) ;
#7102 = CARTESIAN_POINT ( 'NONE',  ( 0.2004146059760691378, 25.00170450815211964, 23.39833645794269401 ) ) ;
#7103 = ADVANCED_FACE ( 'NONE', ( #749 ), #284, .F. ) ;
#7104 = CARTESIAN_POINT ( 'NONE',  ( 0.5486574096755492125, 10.92674450038823863, 24.41294492788851755 ) ) ;
#7105 = CARTESIAN_POINT ( 'NONE',  ( 24.90268484230024626, 10.43864433660115232, 0.2825795857017474044 ) ) ;
#7106 = ORIENTED_EDGE ( 'NONE', *, *, #5750, .F. ) ;
#7107 = DIRECTION ( 'NONE',  ( 0.000000000000000000, 0.000000000000000000, 1.000000000000000000 ) ) ;
#7108 = CARTESIAN_POINT ( 'NONE',  ( -26.15003209765739101, 7.188356083999632773, 0.001809059323757112279 ) ) ;
#7109 = CARTESIAN_POINT ( 'NONE',  ( -0.4699463729321798899, 10.06372861236113891, -24.67730137698961101 ) ) ;
#7110 = CARTESIAN_POINT ( 'NONE',  ( -0.4489202082710312403, 24.29534414866743575, -23.50484789752288961 ) ) ;
#7111 = CARTESIAN_POINT ( 'NONE',  ( -0.7320295656991109290, 6.891320162715942388, 24.51892877107433222 ) ) ;
#7112 = CARTESIAN_POINT ( 'NONE',  ( -23.55432618607513007, 22.58791042971521890, -0.1192620750392233281 ) ) ;
#7113 = AXIS2_PLACEMENT_3D ( 'NONE', #114, #1822, #5129 ) ;
#7114 = ADVANCED_FACE ( 'NONE', ( #5108 ), #519, .T. ) ;
#7115 = ORIENTED_EDGE ( 'NONE', *, *, #6173, .T. ) ;
#7116 = CARTESIAN_POINT ( 'NONE',  ( 2.357445088358653771E-16, 16.71383033581603073, 14.57500000000000107 ) ) ;
#7117 = CIRCLE ( 'NONE', #3510, 2.000000000000000000 ) ;
#7118 = CARTESIAN_POINT ( 'NONE',  ( 0.1478859118249479243, 25.29851411752938262, 23.70584146589719765 ) ) ;
#7119 = CARTESIAN_POINT ( 'NONE',  ( 0.000000000000000000, 16.71383033581603073, 0.000000000000000000 ) ) ;
#7120 = CARTESIAN_POINT ( 'NONE',  ( 0.7983284768329752534, 24.62361645405197308, -22.22579851057838241 ) ) ;
#7121 = CARTESIAN_POINT ( 'NONE',  ( -23.53678407798189909, 15.45566802715143240, -0.5982878403835880654 ) ) ;
#7122 = CARTESIAN_POINT ( 'NONE',  ( 0.09717793913082030388, 8.712046061414943310, -25.56564089808903617 ) ) ;
#7123 = AXIS2_PLACEMENT_3D ( 'NONE', #3191, #2640, #4857 ) ;
#7124 = CARTESIAN_POINT ( 'NONE',  ( 24.24692112796182997, 8.144692403324299335, -0.7985635121795635616 ) ) ;
#7125 = CARTESIAN_POINT ( 'NONE',  ( -0.3226041439556643353, 8.726436657278565434, 25.32465079404973451 ) ) ;
#7126 = CARTESIAN_POINT ( 'NONE',  ( 23.62853551967731747, 25.03255076808081725, 0.06427458950743453192 ) ) ;
#7127 = CARTESIAN_POINT ( 'NONE',  ( -23.67227280575629322, 25.14017930092204622, 0.1942480080605160364 ) ) ;
#7128 = DIRECTION ( 'NONE',  ( 0.000000000000000000, 0.000000000000000000, -1.000000000000000000 ) ) ;
#7129 = CARTESIAN_POINT ( 'NONE',  ( -25.19714600409786343, 8.662668550523484612, 0.3426955987063244891 ) ) ;
#7130 = AXIS2_PLACEMENT_3D ( 'NONE', #3544, #5761, #2408 ) ;
#7131 = CARTESIAN_POINT ( 'NONE',  ( -0.02961894724309527618, 7.029837282115337871, 26.20909920729466691 ) ) ;
#7132 = CARTESIAN_POINT ( 'NONE',  ( 0.5975131267885558373, 10.36739918523431392, 24.37097989837096890 ) ) ;
#7133 = CARTESIAN_POINT ( 'NONE',  ( 0.09613263230427065986, 7.250766467301382079, -25.98545889210207704 ) ) ;
#7134 = AXIS2_PLACEMENT_3D ( 'NONE', #5351, #406, #879 ) ;
#7135 = B_SPLINE_CURVE_WITH_KNOTS ( 'NONE', 3,
 ( #4536, #6613, #2829, #4939 ),
 .UNSPECIFIED., .F., .F.,
 ( 4, 4 ),
 ( 0.000000000000000000, 1.000000000000000000 ),
 .UNSPECIFIED. ) ;
#7136 = CARTESIAN_POINT ( 'NONE',  ( 26.04911175208951946, 7.259296759145509981, 0.06393998146305131247 ) ) ;
#7137 = VERTEX_POINT ( 'NONE', #58 ) ;
#7138 = CARTESIAN_POINT ( 'NONE',  ( 23.38924693126656251, 21.08924762421442622, 0.3428746161917413104 ) ) ;
#7139 = CARTESIAN_POINT ( 'NONE',  ( 23.60908864355785042, 24.82480737060210885, -0.1542633625209655912 ) ) ;
#7140 = CARTESIAN_POINT ( 'NONE',  ( -26.11351045754665989, 7.267927093616806111, -0.02111248254612446348 ) ) ;
#7141 = CARTESIAN_POINT ( 'NONE',  ( -0.01855190658535819936, 21.11422100161730597, -23.57558028727986610 ) ) ;
#7142 = FACE_BOUND ( 'NONE', #4506, .T. ) ;
#7143 = CARTESIAN_POINT ( 'NONE',  ( -0.1998234710934327085, 8.319182818111389821, 25.54907327994023447 ) ) ;
#7144 = CARTESIAN_POINT ( 'NONE',  ( -0.03207763491542640205, 25.25830997827281621, 23.66442441172602429 ) ) ;
#7145 = CARTESIAN_POINT ( 'NONE',  ( 0.04529324159392524723, 7.942739257402021913, 25.85482517193409180 ) ) ;
#7146 = CARTESIAN_POINT ( 'NONE',  ( 25.05634095479575407, 10.45923741916914729, 0.06656756002506250547 ) ) ;
#7147 = ORIENTED_EDGE ( 'NONE', *, *, #1170, .F. ) ;
#7148 = CARTESIAN_POINT ( 'NONE',  ( 0.2180137038685174555, 7.849150531119496677, -25.76241907951670385 ) ) ;
#7149 = CARTESIAN_POINT ( 'NONE',  ( 0.0008292401008594163818, 25.20452372157345522, -23.69719771214553461 ) ) ;
#7150 = CARTESIAN_POINT ( 'NONE',  ( -0.06144587728916227343, 11.66462404599302616, -24.72780041341782109 ) ) ;
#7151 = CARTESIAN_POINT ( 'NONE',  ( -0.4275829895718418761, 24.39150275621100405, -23.52274630843921699 ) ) ;
#7152 = CARTESIAN_POINT ( 'NONE',  ( 0.2826331843353385165, 6.841616116212834164, 25.67046270205920422 ) ) ;
#7153 = CARTESIAN_POINT ( 'NONE',  ( -23.58105867696414393, 22.59149402003624729, 0.01947674890392816702 ) ) ;
#7154 = CARTESIAN_POINT ( 'NONE',  ( -25.85320597252063379, 7.676329269874147876, 0.1955766538768995699 ) ) ;
#7155 = DIRECTION ( 'NONE',  ( 0.9999830518056233020, 3.113902110883810148E-13, 0.005822035856319595672 ) ) ;
#7156 = CARTESIAN_POINT ( 'NONE',  ( 0.1515241026398839175, 7.063926764030449945, -26.18902463074319442 ) ) ;
#7157 = CARTESIAN_POINT ( 'NONE',  ( 0.6090279730506253930, 23.43952207325970249, 23.35640790983373805 ) ) ;
#7158 = CARTESIAN_POINT ( 'NONE',  ( 0.4692789400409186351, 24.93035803293734887, -22.86597672356404232 ) ) ;
#7159 = CARTESIAN_POINT ( 'NONE',  ( -24.28797065353560569, 12.85509832490702919, 0.3410577336451779407 ) ) ;
#7160 = EDGE_CURVE ( 'NONE', #5246, #6006, #5119, .T. ) ;
#7161 = CARTESIAN_POINT ( 'NONE',  ( -0.06246177225138042216, 10.12724360520031652, -25.15129123717085236 ) ) ;
#7162 = CARTESIAN_POINT ( 'NONE',  ( 25.45535055569951410, 8.697268846193038527, -0.1999678101455144852 ) ) ;
#7163 = CARTESIAN_POINT ( 'NONE',  ( 3.292073591955094631E-11, 25.32364315258742593, 23.71146907165887185 ) ) ;
#7164 = CARTESIAN_POINT ( 'NONE',  ( 22.20652074267206189, 24.84199658919887099, -0.7993261275657181919 ) ) ;
#7165 = ORIENTED_EDGE ( 'NONE', *, *, #3857, .F. ) ;
#7166 = CARTESIAN_POINT ( 'NONE',  ( -25.45461304660854296, 8.697166509801872891, -0.2000287126786362835 ) ) ;
#7167 = CARTESIAN_POINT ( 'NONE',  ( -0.03625415779771390401, 13.75839710671236205, 24.27758695811188261 ) ) ;
#7168 = CARTESIAN_POINT ( 'NONE',  ( 0.5973541644161546316, 7.317648187278075866, -24.81443405581525496 ) ) ;
#7169 =( BOUNDED_CURVE ( )  B_SPLINE_CURVE ( 2, ( #1463, #3211, #4770 ),
 .UNSPECIFIED., .F., .T. ) 
 B_SPLINE_CURVE_WITH_KNOTS ( ( 3, 3 ),
 ( 0.000000000000000000, 1.000000000000000000 ),
 .UNSPECIFIED. ) 
 CURVE ( )  GEOMETRIC_REPRESENTATION_ITEM ( )  RATIONAL_B_SPLINE_CURVE ( ( 1.000000000000000000, 0.9954377026008555118, 1.000000000000000000 ) ) 
 REPRESENTATION_ITEM ( '' )  );
#7170 = CARTESIAN_POINT ( 'NONE',  ( 25.16393785211686307, 7.140680814674108312, -0.4704095326246690578 ) ) ;
#7171 = CARTESIAN_POINT ( 'NONE',  ( 23.58044808930438307, 22.59141182012425020, 0.02345739104351361390 ) ) ;
#7172 = CARTESIAN_POINT ( 'NONE',  ( 23.12257587876560905, 21.43942321987069377, -0.5412099016263660634 ) ) ;
#7173 = CARTESIAN_POINT ( 'NONE',  ( -24.34537418925127739, 6.868061823039600000, -0.7993705571596597670 ) ) ;
#7174 = CARTESIAN_POINT ( 'NONE',  ( 0.2000686323450970028, 23.46586837207557963, -23.49489204778087981 ) ) ;
#7175 = CARTESIAN_POINT ( 'NONE',  ( 26.22543006124312015, 7.000345051182263134, -0.08274577012426895251 ) ) ;
#7176 = CARTESIAN_POINT ( 'NONE',  ( -0.06540406031921003338, 8.964511351938641681, 25.50621855700735807 ) ) ;
#7177 = CARTESIAN_POINT ( 'NONE',  ( -0.2814199272819399300, 24.97958305779478039, 23.23329269685880405 ) ) ;
#7178 = CARTESIAN_POINT ( 'NONE',  ( 23.61573200726506272, 24.86819982996598810, -0.3081481945251644539 ) ) ;
#7179 = CARTESIAN_POINT ( 'NONE',  ( 24.28797065353560569, 12.85509832490702919, -0.3410577336451779407 ) ) ;
#7180 = ORIENTED_EDGE ( 'NONE', *, *, #2527, .T. ) ;
#7181 = CARTESIAN_POINT ( 'NONE',  ( 1.048733986999802914, 19.10681591407993096, -22.99458294516670520 ) ) ;
#7182 = CARTESIAN_POINT ( 'NONE',  ( -0.0007846884606028286299, 25.20464819227122533, -23.69720670131703955 ) ) ;
#7183 = CARTESIAN_POINT ( 'NONE',  ( -0.7983798687323460097, 12.76251073110568157, -23.59703122069326042 ) ) ;
#7184 = CARTESIAN_POINT ( 'NONE',  ( -0.3771248544439785855, 21.00737575957785097, -23.33997251580537835 ) ) ;
#7185 = CARTESIAN_POINT ( 'NONE',  ( 0.09720992475109851982, 6.894546603028785192, 26.06545407122432678 ) ) ;
#7186 = CARTESIAN_POINT ( 'NONE',  ( -23.36664715893366306, 21.67683461429123071, -0.3426209774062199398 ) ) ;
#7187 = CARTESIAN_POINT ( 'NONE',  ( 0.1152268985711650401, 19.63372569947900814, 23.59032091082017502 ) ) ;
#7188 = CARTESIAN_POINT ( 'NONE',  ( -24.41332133017886719, 10.89144621156350823, 0.8854355369147602905 ) ) ;
#7189 = PLANE ( 'NONE',  #4314 ) ;
#7190 = CARTESIAN_POINT ( 'NONE',  ( -23.68388823323765635, 24.99107696304089643, -0.005025604723448904437 ) ) ;
#7191 = CARTESIAN_POINT ( 'NONE',  ( 0.1827988158358124504, 24.64396486284701737, 23.57389868563105395 ) ) ;
#7192 = CARTESIAN_POINT ( 'NONE',  ( 0.2814301693335459209, 24.76218450366447499, -23.25979080466316518 ) ) ;
#7193 = CARTESIAN_POINT ( 'NONE',  ( -24.23008043101890507, 13.75202938187618784, -0.2025950405827764145 ) ) ;
#7194 = CARTESIAN_POINT ( 'NONE',  ( -0.7986034557197301265, 8.785577948236962698, -24.17092060271564691 ) ) ;
#7195 = EDGE_CURVE ( 'NONE', #4081, #3469, #2954, .T. ) ;
#7196 = CARTESIAN_POINT ( 'NONE',  ( 24.60675479638266694, 7.802269772841495588, -0.6646964783605266991 ) ) ;
#7197 = CARTESIAN_POINT ( 'NONE',  ( 23.14968349609073073, 24.96838420491969046, -0.3431872021844702414 ) ) ;
#7198 = ORIENTED_EDGE ( 'NONE', *, *, #3929, .T. ) ;
#7199 = FACE_OUTER_BOUND ( 'NONE', #3683, .T. ) ;
#7200 = CARTESIAN_POINT ( 'NONE',  ( -24.76283304147922593, 7.823184962610612914, 0.5977700731065912487 ) ) ;
#7201 = CARTESIAN_POINT ( 'NONE',  ( 0.09279817396642470184, 15.51368860744981326, 23.96970157607484708 ) ) ;
#7202 = CARTESIAN_POINT ( 'NONE',  ( -0.2005071521235148035, 7.441455434846184325, -25.73825954419640283 ) ) ;
#7203 = CARTESIAN_POINT ( 'NONE',  ( 25.61082690807942086, 7.200561060170431738, 0.2812872344974112204 ) ) ;
#7204 = CARTESIAN_POINT ( 'NONE',  ( 23.56367248624988520, 22.58916309790991050, 0.09795553197841518067 ) ) ;
#7205 = CARTESIAN_POINT ( 'NONE',  ( 23.62666754681490033, 24.91318479893574889, -0.1368521354706306592 ) ) ;
#7206 = CARTESIAN_POINT ( 'NONE',  ( -26.02460550842529585, 7.093098873097386736, -0.09604819753298117491 ) ) ;
#7207 = CARTESIAN_POINT ( 'NONE',  ( -0.5981252309285836066, 22.50035399176950790, -22.90091337371847402 ) ) ;
#7208 = CARTESIAN_POINT ( 'NONE',  ( -0.7685638417741587070, 9.762923555594349878, 24.84368841239723835 ) ) ;
#7209 = CARTESIAN_POINT ( 'NONE',  ( 0.09581600847994889425, 8.962323901253419933, 25.48988476680116833 ) ) ;
#7210 = CARTESIAN_POINT ( 'NONE',  ( 0.7993044801485316153, 25.05848417653877647, 22.17322479700911586 ) ) ;
#7211 = CARTESIAN_POINT ( 'NONE',  ( 25.50823578110820478, 8.334747977419677767, -0.5479182774156210467 ) ) ;
ENDSEC;
END-ISO-10303-21;
