ISO-10303-21;
HEADER;
FILE_DESCRIPTION (( 'STEP AP214' ),
    '1' );
FILE_NAME ('Orbi_Diffuser.STEP',
    '2026-10-03T08:41:25',
    ( '' ),
    ( '' ),
    'SwSTEP 2.0',
    'SolidWorks 2026',
    '' );
FILE_SCHEMA (( 'AUTOMOTIVE_DESIGN' ));
ENDSEC;

DATA;
#1 = CARTESIAN_POINT ( 'NONE',  ( -26.96198792828134927, 0.000000000000000000, 5.617818037016008681 ) ) ;
#2 = CARTESIAN_POINT ( 'NONE',  ( -26.95155599991250384, 3.379949199898008239, -5.685442100512531738 ) ) ;
#3 = CARTESIAN_POINT ( 'NONE',  ( -6.807775001941427817, 0.6799491998980070617, 5.177986080217241494 ) ) ;
#4 = AXIS2_PLACEMENT_3D ( 'NONE', #7789, #4029, #7835 ) ;
#5 = EDGE_LOOP ( 'NONE', ( #7392, #9537, #9261, #2440 ) ) ;
#6 = FACE_OUTER_BOUND ( 'NONE', #7431, .T. ) ;
#7 = DIRECTION ( 'NONE',  ( -0.000000000000000000, 1.000000000000000000, -0.000000000000000000 ) ) ;
#8 = CARTESIAN_POINT ( 'NONE',  ( -9.093302295844331695, 3.379949199898008239, -5.260652592231884306 ) ) ;
#9 = ORIENTED_EDGE ( 'NONE', *, *, #2291, .F. ) ;
#10 = CARTESIAN_POINT ( 'NONE',  ( -25.57810035237141477, 0.000000000000000000, -5.406252686692033294 ) ) ;
#11 = VECTOR ( 'NONE', #1869, 1000.000000000000000 ) ;
#12 = EDGE_CURVE ( 'NONE', #6362, #5229, #9415, .T. ) ;
#13 = VECTOR ( 'NONE', #8499, 1000.000000000000000 ) ;
#14 = CARTESIAN_POINT ( 'NONE',  ( 8.984195293127710258, -0.5200508001019787940, 1.321219238493202885 ) ) ;
#15 = CARTESIAN_POINT ( 'NONE',  ( 5.725270553223074543, -0.3200508001019938820, 6.217148725367387385 ) ) ;
#16 = VERTEX_POINT ( 'NONE', #8640 ) ;
#17 = CARTESIAN_POINT ( 'NONE',  ( 14.27264356098724463, 2.019261812846838033, -21.30902435654136085 ) ) ;
#18 = VECTOR ( 'NONE', #7780, 1000.000000000000114 ) ;
#19 = CARTESIAN_POINT ( 'NONE',  ( -15.92782488621243964, 1.341221893107305663, 18.26304911725731372 ) ) ;
#20 = CARTESIAN_POINT ( 'NONE',  ( 25.52289599700742428, 0.000000000000000000, 5.796072738194750329 ) ) ;
#21 = CARTESIAN_POINT ( 'NONE',  ( -8.102021880671902210, 1.669898693559165759, -18.82007629362589896 ) ) ;
#22 = ORIENTED_EDGE ( 'NONE', *, *, #7139, .F. ) ;
#23 = DIRECTION ( 'NONE',  ( -0.4999999999999945044, 0.000000000000000000, -0.8660254037844419273 ) ) ;
#24 = ORIENTED_EDGE ( 'NONE', *, *, #3859, .F. ) ;
#25 = EDGE_CURVE ( 'NONE', #1693, #5265, #6243, .T. ) ;
#26 = AXIS2_PLACEMENT_3D ( 'NONE', #6372, #407, #6416 ) ;
#27 = CARTESIAN_POINT ( 'NONE',  ( 0.000000000000000000, 1.079949199897997758, 0.000000000000000000 ) ) ;
#28 = CARTESIAN_POINT ( 'NONE',  ( 10.65253055056165898, 1.079949199898004197, 16.05072264368865476 ) ) ;
#29 = CYLINDRICAL_SURFACE ( 'NONE', #8155, 3.925000000000001599 ) ;
#30 = EDGE_LOOP ( 'NONE', ( #1135, #7251, #347, #1605, #4308, #7177, #2176 ) ) ;
#31 = DIRECTION ( 'NONE',  ( 1.387778780781444413E-14, 0.000000000000000000, 1.000000000000000000 ) ) ;
#32 = DIRECTION ( 'NONE',  ( 0.000000000000000000, 0.000000000000000000, 1.000000000000000000 ) ) ;
#33 = DIRECTION ( 'NONE',  ( -7.979727989493312634E-15, 0.000000000000000000, 1.000000000000000000 ) ) ;
#34 = CIRCLE ( 'NONE', #3795, 1.199999999999999734 ) ;
#35 = CARTESIAN_POINT ( 'NONE',  ( 14.00000000000000355, 2.079949199898003975, 25.49999999999999645 ) ) ;
#36 = CARTESIAN_POINT ( 'NONE',  ( 14.40813922126654489, 0.000000000000000000, 19.61364848793045468 ) ) ;
#37 = CARTESIAN_POINT ( 'NONE',  ( 4.260174414055550862, 0.6799491998980070617, -8.650569751863452339 ) ) ;
#38 = EDGE_CURVE ( 'NONE', #7339, #1139, #1211, .T. ) ;
#39 = VECTOR ( 'NONE', #2576, 1000.000000000000000 ) ;
#40 = CARTESIAN_POINT ( 'NONE',  ( 20.87844544752097420, 1.079949199897997758, 14.37751771673019974 ) ) ;
#41 = EDGE_CURVE ( 'NONE', #5706, #3846, #1217, .T. ) ;
#42 = CARTESIAN_POINT ( 'NONE',  ( -25.57810035237141122, 0.000000000000000000, -5.406252686692033294 ) ) ;
#43 = ORIENTED_EDGE ( 'NONE', *, *, #8421, .T. ) ;
#44 = LINE ( 'NONE', #3034, #1874 ) ;
#45 = CARTESIAN_POINT ( 'NONE',  ( 25.51276529575110885, 3.379949199898008239, -10.91610310339354228 ) ) ;
#46 = CARTESIAN_POINT ( 'NONE',  ( 6.989970937829329323, -0.5200508001019926718, -7.140352645419697275 ) ) ;
#47 = CARTESIAN_POINT ( 'NONE',  ( -10.84321725414259063, -0.3200508001019938820, -2.155357509285982687 ) ) ;
#48 = EDGE_CURVE ( 'NONE', #6074, #5298, #5045, .T. ) ;
#49 = CARTESIAN_POINT ( 'NONE',  ( 2.981514730724680096, -0.3200508001019929383, 10.86888806451707623 ) ) ;
#50 = CARTESIAN_POINT ( 'NONE',  ( 0.000000000000000000, 1.089999706236841170, 19.91005050633885887 ) ) ;
#51 = CARTESIAN_POINT ( 'NONE',  ( -8.102021880671902210, 0.6799491998980041751, -17.09758648976634987 ) ) ;
#52 = EDGE_LOOP ( 'NONE', ( #857, #6122, #5721, #510, #1527, #2006 ) ) ;
#53 = CARTESIAN_POINT ( 'NONE',  ( 8.530788704135732203, 3.379949199898008239, -6.029881035023462843 ) ) ;
#54 = CARTESIAN_POINT ( 'NONE',  ( -15.99407193982682607, 80.31423269831148559, 18.20803970888895051 ) ) ;
#55 = CARTESIAN_POINT ( 'NONE',  ( -7.090351780841703366, 3.379949199898008239, 1.146214620033445097 ) ) ;
#56 = ORIENTED_EDGE ( 'NONE', *, *, #4827, .F. ) ;
#57 = CARTESIAN_POINT ( 'NONE',  ( -25.99328910994643849, 1.079949199897997758, -0.9064793056367136392 ) ) ;
#58 = DIRECTION ( 'NONE',  ( 0.000000000000000000, 1.000000000000000000, 0.000000000000000000 ) ) ;
#59 = CARTESIAN_POINT ( 'NONE',  ( 5.868712163258750003, 0.6799491998980400354, 4.819240123923715480 ) ) ;
#60 = CARTESIAN_POINT ( 'NONE',  ( -11.61397809495740141, 1.079949199898004197, 4.199763423080987934 ) ) ;
#61 = CARTESIAN_POINT ( 'NONE',  ( -15.99407193982682607, 1.079949199897969780, 18.20803970888895051 ) ) ;
#62 = ORIENTED_EDGE ( 'NONE', *, *, #8997, .T. ) ;
#63 = EDGE_CURVE ( 'NONE', #4701, #5113, #2458, .T. ) ;
#64 = CARTESIAN_POINT ( 'NONE',  ( -15.81591152871657613, 1.691070116210051211, 18.10461103308036712 ) ) ;
#65 = CARTESIAN_POINT ( 'NONE',  ( 8.097978119328097080, 0.6799491998980041751, -17.09950211874048875 ) ) ;
#66 = CARTESIAN_POINT ( 'NONE',  ( 7.945904289158301381, 2.579949199897999090, -25.65800147412661403 ) ) ;
#67 = ORIENTED_EDGE ( 'NONE', *, *, #9102, .F. ) ;
#68 = DIRECTION ( 'NONE',  ( -0.000000000000000000, 0.000000000000000000, 1.000000000000000000 ) ) ;
#69 = VERTEX_POINT ( 'NONE', #8740 ) ;
#70 = FACE_OUTER_BOUND ( 'NONE', #9435, .T. ) ;
#71 = CARTESIAN_POINT ( 'NONE',  ( 15.17887324216730427, 0.000000000000000000, -19.06130870443169201 ) ) ;
#72 = CARTESIAN_POINT ( 'NONE',  ( -3.543302841235765221, -0.5200508001019920057, -8.489869710390882673 ) ) ;
#73 = VERTEX_POINT ( 'NONE', #9426 ) ;
#74 = CARTESIAN_POINT ( 'NONE',  ( -0.3078688347614837451, -0.3200508001019800042, -7.266001752005319503 ) ) ;
#75 = EDGE_LOOP ( 'NONE', ( #7914, #7788, #8069, #2794 ) ) ;
#76 = CARTESIAN_POINT ( 'NONE',  ( 17.23131124203193210, 0.000000000000000000, -18.86320297791347045 ) ) ;
#77 = CARTESIAN_POINT ( 'NONE',  ( 15.91532656771731524, 1.391998039364730433, -18.25457846443691778 ) ) ;
#78 = CARTESIAN_POINT ( 'NONE',  ( 14.79177809833712409, 1.079949199900551271, 19.36139349711889679 ) ) ;
#79 = DIRECTION ( 'NONE',  ( 0.000000000000000000, 0.000000000000000000, 1.000000000000000000 ) ) ;
#80 = EDGE_CURVE ( 'NONE', #5595, #7159, #5126, .T. ) ;
#81 = CARTESIAN_POINT ( 'NONE',  ( -26.94194965641209549, 1.387778780781445676E-14, -5.750551306562324605 ) ) ;
#82 = DIRECTION ( 'NONE',  ( -0.000000000000000000, -1.000000000000000000, -0.000000000000000000 ) ) ;
#83 = DIRECTION ( 'NONE',  ( 0.000000000000000000, 0.000000000000000000, -1.000000000000000000 ) ) ;
#84 = ORIENTED_EDGE ( 'NONE', *, *, #5461, .F. ) ;
#85 = EDGE_CURVE ( 'NONE', #2593, #2342, #6873, .T. ) ;
#86 = CARTESIAN_POINT ( 'NONE',  ( 4.278280158986247805, -0.3200508001019929938, -8.646461425629180297 ) ) ;
#87 = CARTESIAN_POINT ( 'NONE',  ( -0.3956337780086755518, -0.5200508001019926718, -6.113815952712745805 ) ) ;
#88 = CARTESIAN_POINT ( 'NONE',  ( -16.88298393716743817, 1.079949199897997758, -17.74855740762624379 ) ) ;
#89 = CARTESIAN_POINT ( 'NONE',  ( -10.90240862499590513, 0.6799491998980070617, -3.122014816213555921 ) ) ;
#90 = LINE ( 'NONE', #3080, #5627 ) ;
#91 = DIRECTION ( 'NONE',  ( 0.000000000000000000, 0.000000000000000000, -1.000000000000000000 ) ) ;
#92 = CARTESIAN_POINT ( 'NONE',  ( -6.853107114419589863, 0.6799491998980080609, 4.980703018662361536 ) ) ;
#93 = ORIENTED_EDGE ( 'NONE', *, *, #9350, .F. ) ;
#94 = CARTESIAN_POINT ( 'NONE',  ( 8.073186969602916818, -0.5200508001019926718, -6.469362131626117396 ) ) ;
#95 = EDGE_CURVE ( 'NONE', #843, #9380, #7907, .T. ) ;
#96 = LINE ( 'NONE', #54, #8945 ) ;
#97 = CARTESIAN_POINT ( 'NONE',  ( 7.822881124318152857, 3.379949199898008239, -6.664470312695807586 ) ) ;
#98 = ORIENTED_EDGE ( 'NONE', *, *, #5278, .T. ) ;
#99 = DIRECTION ( 'NONE',  ( -0.000000000000000000, -1.000000000000000000, -0.000000000000000000 ) ) ;
#100 = EDGE_CURVE ( 'NONE', #9114, #8940, #3868, .T. ) ;
#101 = B_SPLINE_CURVE_WITH_KNOTS ( 'NONE', 3,
 ( #3576, #4203, #4995, #9536, #8017, #593, #2640, #6394 ),
 .UNSPECIFIED., .F., .F.,
 ( 4, 2, 2, 4 ),
 ( 1.214306433183764966E-17, 0.002633196337544279394, 0.005266392675088548379, 0.01053278535017708635 ),
 .UNSPECIFIED. ) ;
#102 = CARTESIAN_POINT ( 'NONE',  ( 10.55800210959866270, -0.3200508001019800042, -0.7656364993802394769 ) ) ;
#103 = CARTESIAN_POINT ( 'NONE',  ( 6.781217406672801040, 0.6799491998980070617, 5.353334949444557012 ) ) ;
#104 = DIRECTION ( 'NONE',  ( 0.000000000000000000, 0.000000000000000000, -1.000000000000000000 ) ) ;
#105 = FACE_OUTER_BOUND ( 'NONE', #1243, .T. ) ;
#106 = CARTESIAN_POINT ( 'NONE',  ( -15.86736244225070713, 1.582653416490246823, 18.16274494476818546 ) ) ;
#107 = CARTESIAN_POINT ( 'NONE',  ( 25.56659507355067262, 4.336808689942017736E-16, 5.481579224764299596 ) ) ;
#108 = CARTESIAN_POINT ( 'NONE',  ( -10.45839989063951769, 1.079949199898004197, 22.51447847739670038 ) ) ;
#109 = EDGE_LOOP ( 'NONE', ( #1819, #1384, #5162, #22 ) ) ;
#110 = CARTESIAN_POINT ( 'NONE',  ( 15.92782052860058606, 1.341221747646825779, 18.26305529372195835 ) ) ;
#111 = EDGE_CURVE ( 'NONE', #498, #358, #3521, .T. ) ;
#112 = CARTESIAN_POINT ( 'NONE',  ( 25.57847377667432198, 2.079949199897991097, 5.403601809098774744 ) ) ;
#113 = CARTESIAN_POINT ( 'NONE',  ( 15.62587276064627417, 1.079949199898053269, -18.64942885424157026 ) ) ;
#114 = FACE_OUTER_BOUND ( 'NONE', #75, .T. ) ;
#115 = EDGE_LOOP ( 'NONE', ( #5450, #815 ) ) ;
#116 = CARTESIAN_POINT ( 'NONE',  ( -8.908139190586950917, -0.3200508001019800042, -7.560882453976804918 ) ) ;
#117 = ORIENTED_EDGE ( 'NONE', *, *, #100, .F. ) ;
#118 = CARTESIAN_POINT ( 'NONE',  ( 15.23581918302226512, 2.073562313300984616, 17.78057252680368450 ) ) ;
#119 =( BOUNDED_SURFACE ( )  B_SPLINE_SURFACE ( 3, 2, ( 
 ( #6975, #3173, #230 ),
 ( #5488, #9226, #9477 ),
 ( #1850, #3468, #6489 ),
 ( #4984, #1119, #2734 ) ),
 .UNSPECIFIED., .F., .F., .F. ) 
 B_SPLINE_SURFACE_WITH_KNOTS ( ( 4, 4 ),
 ( 3, 3 ),
 ( -2.387669055525787343E-13, 0.01054524933218031063 ),
 ( 0.000000000000000000, 1.000000000000000000 ),
 .UNSPECIFIED. ) 
 GEOMETRIC_REPRESENTATION_ITEM ( )  RATIONAL_B_SPLINE_SURFACE ( (
 ( 1.000000000000000000, 0.7071067811865480168, 1.000000000000000000),
 ( 1.000000000000000000, 0.7071067811865480168, 1.000000000000000000),
 ( 1.000000000000000000, 0.7071067811865484609, 1.000000000000000000),
 ( 1.000000000000000000, 0.7071067811865484609, 1.000000000000000000) ) ) 
 REPRESENTATION_ITEM ( '' )  SURFACE ( )  );
#120 = CARTESIAN_POINT ( 'NONE',  ( 10.12095088678313104, 0.6799491998980070617, -7.534164092150736458 ) ) ;
#121 = CARTESIAN_POINT ( 'NONE',  ( 15.75262464466481482, 1.079949199900565038, 18.51837490830054733 ) ) ;
#122 = AXIS2_PLACEMENT_3D ( 'NONE', #5988, #7420, #32 ) ;
#123 = CARTESIAN_POINT ( 'NONE',  ( 4.223982920988659906, 2.079949199898003975, 24.99560898004280318 ) ) ;
#124 = ADVANCED_FACE ( 'NONE', ( #583 ), #4964, .F. ) ;
#125 = DIRECTION ( 'NONE',  ( 0.5494051850258495628, 0.000000000000000000, 0.8355560679372224797 ) ) ;
#126 = DIRECTION ( 'NONE',  ( 0.000000000000000000, 1.000000000000000000, 0.000000000000000000 ) ) ;
#127 = DIRECTION ( 'NONE',  ( 0.000000000000000000, -1.000000000000000000, 0.000000000000000000 ) ) ;
#128 = FACE_OUTER_BOUND ( 'NONE', #6597, .T. ) ;
#129 = AXIS2_PLACEMENT_3D ( 'NONE', #8757, #1141, #9346 ) ;
#130 = VERTEX_POINT ( 'NONE', #9528 ) ;
#131 = CARTESIAN_POINT ( 'NONE',  ( 14.47793423166683624, 3.379949199898008239, 21.44763243253714435 ) ) ;
#132 = CARTESIAN_POINT ( 'NONE',  ( -6.608217241885292026, -0.5200508001019926718, -7.279531062323593815 ) ) ;
#133 = EDGE_LOOP ( 'NONE', ( #1994, #6906, #93, #3478 ) ) ;
#134 = PLANE ( 'NONE',  #3127 ) ;
#135 = CARTESIAN_POINT ( 'NONE',  ( -2.368383340674883097, 0.6799491998979966256, -7.984445188425124407 ) ) ;
#136 = CIRCLE ( 'NONE', #926, 1.500000000000001332 ) ;
#137 = EDGE_CURVE ( 'NONE', #2342, #1150, #5134, .T. ) ;
#138 = DIRECTION ( 'NONE',  ( 0.000000000000000000, 1.000000000000000000, -0.000000000000000000 ) ) ;
#139 = CARTESIAN_POINT ( 'NONE',  ( 9.535798296842353139, 2.579949199897999090, -25.14450509432920811 ) ) ;
#140 = TOROIDAL_SURFACE ( 'NONE', #5801, 18.92010101267768363, 1.399999999999999911 ) ;
#141 = CARTESIAN_POINT ( 'NONE',  ( 15.08576219087701809, 2.079949199897994205, 17.75929010432462718 ) ) ;
#142 = ORIENTED_EDGE ( 'NONE', *, *, #1483, .T. ) ;
#143 = CARTESIAN_POINT ( 'NONE',  ( 3.275052800219853566, 3.379949199898008239, -7.111894061741624640 ) ) ;
#144 = AXIS2_PLACEMENT_3D ( 'NONE', #5089, #8142, #3463 ) ;
#145 = CARTESIAN_POINT ( 'NONE',  ( 15.76266721020382811, 1.079949199897625833, -18.50325783173257577 ) ) ;
#146 = CARTESIAN_POINT ( 'NONE',  ( 4.493075651196694054, 3.379949199898008239, -7.465653863131326951 ) ) ;
#147 = ORIENTED_EDGE ( 'NONE', *, *, #8726, .F. ) ;
#148 = VECTOR ( 'NONE', #6453, 999.9999999999998863 ) ;
#149 = DIRECTION ( 'NONE',  ( 0.000000000000000000, -1.000000000000000000, 0.000000000000000000 ) ) ;
#150 = EDGE_CURVE ( 'NONE', #8899, #5502, #2785, .T. ) ;
#151 = CIRCLE ( 'NONE', #9585, 1.000000000000000888 ) ;
#152 = CARTESIAN_POINT ( 'NONE',  ( 4.184302364482492820, -0.3200508001019800042, 9.939312703620750256 ) ) ;
#153 = CARTESIAN_POINT ( 'NONE',  ( 4.892755225750787140, 0.6799491998980070617, 10.60309941594008620 ) ) ;
#154 = DIRECTION ( 'NONE',  ( -0.8660254037844425934, 0.000000000000000000, 0.4999999999999933942 ) ) ;
#155 = EDGE_CURVE ( 'NONE', #1408, #9209, #7028, .T. ) ;
#156 = FACE_OUTER_BOUND ( 'NONE', #6859, .T. ) ;
#157 = DIRECTION ( 'NONE',  ( -0.000000000000000000, -1.000000000000000000, -0.000000000000000000 ) ) ;
#158 = CIRCLE ( 'NONE', #3287, 5.325000000000006395 ) ;
#159 = CARTESIAN_POINT ( 'NONE',  ( 20.70000000000011653, 1.079949199897997758, 20.69999999999988916 ) ) ;
#160 = CARTESIAN_POINT ( 'NONE',  ( -1.730115191895867044, 0.6799491998980069507, 12.47065231845830091 ) ) ;
#161 = AXIS2_PLACEMENT_3D ( 'NONE', #268, #1895, #7896 ) ;
#162 = VERTEX_POINT ( 'NONE', #3623 ) ;
#163 = CARTESIAN_POINT ( 'NONE',  ( -6.010451832837722996, -0.3200508001019938820, 4.335694508625056898 ) ) ;
#164 = ORIENTED_EDGE ( 'NONE', *, *, #3254, .F. ) ;
#165 = EDGE_CURVE ( 'NONE', #907, #7159, #1509, .T. ) ;
#166 = CARTESIAN_POINT ( 'NONE',  ( 14.45015257283010079, 0.000000000000000000, -20.62839693420013631 ) ) ;
#167 = LINE ( 'NONE', #3205, #182 ) ;
#168 = CIRCLE ( 'NONE', #5829, 2.000000000000005329 ) ;
#170 = CARTESIAN_POINT ( 'NONE',  ( 4.157332302905997423, 1.079949199898004641, 25.00120094879952504 ) ) ;
#169 = VECTOR ( 'NONE', #3735, 1000.000000000000000 ) ;
#171 = VERTEX_POINT ( 'NONE', #8984 ) ;
#172 = CARTESIAN_POINT ( 'NONE',  ( -2.304543576352324763, -0.5200508001019856774, -7.952308916876944522 ) ) ;
#173 = EDGE_LOOP ( 'NONE', ( #8909, #4352, #8407, #6070 ) ) ;
#174 = CARTESIAN_POINT ( 'NONE',  ( 15.18169801287834275, 2.079949199897997314, 17.74339183587742497 ) ) ;
#175 = CARTESIAN_POINT ( 'NONE',  ( -6.902021880671902920, 2.579949199898003975, -11.00611445143712608 ) ) ;
#176 = CARTESIAN_POINT ( 'NONE',  ( -4.393328513257206858, 3.379949199898008239, 7.110925952302642905 ) ) ;
#177 = AXIS2_PLACEMENT_3D ( 'NONE', #4388, #8979, #9212 ) ;
#178 = CARTESIAN_POINT ( 'NONE',  ( -1.371702179471750105, 0.6799491998980069507, -8.581157261576334960 ) ) ;
#179 = CARTESIAN_POINT ( 'NONE',  ( -4.623886629484631250, 0.000000000000000000, 27.36205716750247063 ) ) ;
#180 = CARTESIAN_POINT ( 'NONE',  ( 9.800000000000000711, 2.079949199898003975, -24.91105841839384638 ) ) ;
#181 = DIRECTION ( 'NONE',  ( 0.000000000000000000, 0.000000000000000000, -1.000000000000000000 ) ) ;
#182 = VECTOR ( 'NONE', #8383, 1000.000000000000000 ) ;
#183 = CARTESIAN_POINT ( 'NONE',  ( -13.37653520018804087, 2.079949199897998646, -21.62483333992008028 ) ) ;
#184 = VERTEX_POINT ( 'NONE', #8245 ) ;
#185 = EDGE_CURVE ( 'NONE', #5951, #9499, #3788, .T. ) ;
#186 = CARTESIAN_POINT ( 'NONE',  ( 10.24922251997922373, 80.31423269831148559, -23.15217264361940153 ) ) ;
#187 = CARTESIAN_POINT ( 'NONE',  ( -5.362466863799540739, -0.5200508001019926718, 2.933921699987145804 ) ) ;
#188 = ORIENTED_EDGE ( 'NONE', *, *, #7980, .T. ) ;
#189 = DIRECTION ( 'NONE',  ( -0.000000000000000000, -1.000000000000000000, 0.000000000000000000 ) ) ;
#190 = CARTESIAN_POINT ( 'NONE',  ( -2.743643743701878357, 0.6799491998980172758, -8.176461331423016787 ) ) ;
#191 = VECTOR ( 'NONE', #3771, 999.9999999999998863 ) ;
#192 = CYLINDRICAL_SURFACE ( 'NONE', #8935, 26.35000000000000497 ) ;
#193 = DIRECTION ( 'NONE',  ( 0.000000000000000000, -1.000000000000000000, -0.000000000000000000 ) ) ;
#194 = ORIENTED_EDGE ( 'NONE', *, *, #3705, .T. ) ;
#195 = CARTESIAN_POINT ( 'NONE',  ( 15.92626474682489324, 2.079949199898194490, 18.30901946385250056 ) ) ;
#196 = VERTEX_POINT ( 'NONE', #6828 ) ;
#197 = CARTESIAN_POINT ( 'NONE',  ( 4.179607525701810822, 3.379949199898008239, -7.407162139870888673 ) ) ;
#198 = AXIS2_PLACEMENT_3D ( 'NONE', #7609, #6142, #9132 ) ;
#199 = CARTESIAN_POINT ( 'NONE',  ( 15.86618263347727442, 1.079949199897678902, -18.38513319950144975 ) ) ;
#200 = CARTESIAN_POINT ( 'NONE',  ( 27.21330090588120854, 3.379949199898008239, -3.756234096847764548 ) ) ;
#201 = ORIENTED_EDGE ( 'NONE', *, *, #1795, .F. ) ;
#202 = CARTESIAN_POINT ( 'NONE',  ( -5.964385371679431280, -0.3200508001019938820, 4.478475350074480943 ) ) ;
#203 = AXIS2_PLACEMENT_3D ( 'NONE', #7991, #6332, #3699 ) ;
#204 = CARTESIAN_POINT ( 'NONE',  ( 2.977501531297661597, -0.5200508001019787940, 10.97102326449591736 ) ) ;
#205 = B_SPLINE_SURFACE_WITH_KNOTS ( 'NONE', 3, 1, ( 
 ( #6741, #7378 ),
 ( #6790, #6001 ),
 ( #7612, #917 ),
 ( #276, #9183 ),
 ( #8496, #1808 ),
 ( #2486, #3121 ),
 ( #5489, #1762 ),
 ( #9227, #6976 ),
 ( #1064, #2341 ),
 ( #4738, #7760 ),
 ( #7804, #3863 ),
 ( #6834, #874 ),
 ( #3219, #3264 ),
 ( #5341, #1016 ) ),
 .UNSPECIFIED., .F., .F., .F.,
 ( 4, 2, 2, 1, 1, 1, 1, 2, 4 ),
 ( 2, 2 ),
 ( 0.000000000000000000, 0.5000000000000001110, 0.7500000000000002220, 0.8750000000000002220, 0.9375000000000001110, 0.9687500000000000000, 0.9843750000000001110, 0.9921875000000001110, 1.000000000000000000 ),
 ( 0.000000000000000000, 1.000000000000000000 ),
 .UNSPECIFIED. ) ;
#206 = CARTESIAN_POINT ( 'NONE',  ( 2.962156301977665329, 0.6799491998980070617, 12.01933554180060604 ) ) ;
#207 = CARTESIAN_POINT ( 'NONE',  ( 13.58412716904567219, 1.079949199898004197, 21.12839693420014342 ) ) ;
#208 = CARTESIAN_POINT ( 'NONE',  ( 15.24006517947655581, 2.073567003339964465, -17.77413678996845903 ) ) ;
#209 = DIRECTION ( 'NONE',  ( -0.3400618156340886600, -1.179826429727500756E-15, -0.9404030846119376674 ) ) ;
#210 = DIRECTION ( 'NONE',  ( 0.000000000000000000, 1.000000000000000000, 0.000000000000000000 ) ) ;
#211 = EDGE_CURVE ( 'NONE', #5628, #6389, #4482, .T. ) ;
#212 = CARTESIAN_POINT ( 'NONE',  ( 10.13226014257308272, 3.379949199898008239, 24.83200793771867509 ) ) ;
#213 = DIRECTION ( 'NONE',  ( -0.000000000000000000, -1.000000000000000000, -0.000000000000000000 ) ) ;
#214 = VERTEX_POINT ( 'NONE', #7502 ) ;
#215 = CARTESIAN_POINT ( 'NONE',  ( -10.24922251997922729, 1.079949199897997758, 23.15217264361941218 ) ) ;
#216 = VERTEX_POINT ( 'NONE', #76 ) ;
#217 = DIRECTION ( 'NONE',  ( 0.000000000000000000, 0.000000000000000000, -1.000000000000000000 ) ) ;
#218 = CARTESIAN_POINT ( 'NONE',  ( 15.17887324216730427, 1.079949199898053269, -19.06130870443169201 ) ) ;
#219 = CARTESIAN_POINT ( 'NONE',  ( 11.86890283357687892, 0.6799491998980070617, -3.684382382267304745 ) ) ;
#220 = ORIENTED_EDGE ( 'NONE', *, *, #2714, .F. ) ;
#221 = CYLINDRICAL_SURFACE ( 'NONE', #3325, 5.325000000000003730 ) ;
#222 = CARTESIAN_POINT ( 'NONE',  ( 15.39357314154943701, 2.028570096939798617, 17.89087311900942368 ) ) ;
#223 = EDGE_CURVE ( 'NONE', #2450, #9437, #3068, .T. ) ;
#224 = DIRECTION ( 'NONE',  ( 0.000000000000000000, 0.000000000000000000, -1.000000000000000000 ) ) ;
#225 = CARTESIAN_POINT ( 'NONE',  ( -1.587784891891298233, -0.5200508001019926718, 10.20957904858071608 ) ) ;
#226 = CARTESIAN_POINT ( 'NONE',  ( -3.084286937183513988, 0.6799491998980069507, -9.393343530938842889 ) ) ;
#227 = CARTESIAN_POINT ( 'NONE',  ( 10.24922251997925216, 2.079949199898003975, 23.15217264361945482 ) ) ;
#228 = B_SPLINE_CURVE_WITH_KNOTS ( 'NONE', 3,
 ( #4540, #4589, #7608, #9131 ),
 .UNSPECIFIED., .F., .F.,
 ( 4, 4 ),
 ( 0.000000000000000000, 1.000000000000000000 ),
 .UNSPECIFIED. ) ;
#229 = LINE ( 'NONE', #5487, #3024 ) ;
#230 = CARTESIAN_POINT ( 'NONE',  ( -24.58987225582310643, 2.079949199897994205, -5.253265010088635556 ) ) ;
#231 = DIRECTION ( 'NONE',  ( 0.000000000000000000, 0.000000000000000000, -1.000000000000000000 ) ) ;
#232 = ORIENTED_EDGE ( 'NONE', *, *, #2741, .T. ) ;
#233 = DIRECTION ( 'NONE',  ( 0.000000000000000000, 0.000000000000000000, -1.000000000000000000 ) ) ;
#234 = LINE ( 'NONE', #1711, #4212 ) ;
#235 = ORIENTED_EDGE ( 'NONE', *, *, #7056, .T. ) ;
#236 = FACE_OUTER_BOUND ( 'NONE', #4898, .T. ) ;
#237 = CARTESIAN_POINT ( 'NONE',  ( -1.938283832684655650, 0.6799491998980069507, -7.758093805452404901 ) ) ;
#238 = ADVANCED_FACE ( 'NONE', ( #7462 ), #3713, .F. ) ;
#239 = CARTESIAN_POINT ( 'NONE',  ( 25.51309696382764258, 0.000000000000000000, -5.876918927264313197 ) ) ;
#240 = ORIENTED_EDGE ( 'NONE', *, *, #8887, .F. ) ;
#241 = CARTESIAN_POINT ( 'NONE',  ( 15.95087792968915075, 1.079949199898010637, 18.27529452283429379 ) ) ;
#242 = ORIENTED_EDGE ( 'NONE', *, *, #4326, .F. ) ;
#243 = CARTESIAN_POINT ( 'NONE',  ( 1.524344450334443213, 3.379949199898008239, -6.317649405433848564 ) ) ;
#244 = ORIENTED_EDGE ( 'NONE', *, *, #1709, .F. ) ;
#245 = CARTESIAN_POINT ( 'NONE',  ( 15.02724078697545451, 2.079949199897931589, -17.82555206802903314 ) ) ;
#246 = VECTOR ( 'NONE', #6310, 1000.000000000000000 ) ;
#247 = CARTESIAN_POINT ( 'NONE',  ( 22.43637778381093284, 80.31423269831148559, -16.33007813643631323 ) ) ;
#248 = ORIENTED_EDGE ( 'NONE', *, *, #5718, .F. ) ;
#249 = CARTESIAN_POINT ( 'NONE',  ( -6.040958916973038662, 0.6799491998980473628, 4.254554703254766146 ) ) ;
#250 = ADVANCED_FACE ( 'NONE', ( #7369 ), #1846, .F. ) ;
#251 = CARTESIAN_POINT ( 'NONE',  ( 14.88316527472233197, 1.079949199898004197, 20.37839693420014342 ) ) ;
#252 = CARTESIAN_POINT ( 'NONE',  ( 3.669032265667017789, 0.6799491998980070617, 10.37892571457529733 ) ) ;
#253 = CARTESIAN_POINT ( 'NONE',  ( 15.81591152871803629, 1.691070116209859142, -18.10461103307789088 ) ) ;
#254 = LINE ( 'NONE', #5518, #18 ) ;
#255 = DIRECTION ( 'NONE',  ( 0.000000000000000000, 0.000000000000000000, 1.000000000000000000 ) ) ;
#256 = CARTESIAN_POINT ( 'NONE',  ( -2.428613773699728640, -0.5200508001019926718, 9.800604731441159956 ) ) ;
#257 = CARTESIAN_POINT ( 'NONE',  ( 6.897978119328096902, 2.579949199898003975, -11.00611445143712253 ) ) ;
#258 = ORIENTED_EDGE ( 'NONE', *, *, #1478, .F. ) ;
#259 = CARTESIAN_POINT ( 'NONE',  ( 20.85023272854515852, 0.000000000000000000, -15.37711965874938613 ) ) ;
#260 = ORIENTED_EDGE ( 'NONE', *, *, #2682, .F. ) ;
#261 = FACE_OUTER_BOUND ( 'NONE', #8557, .T. ) ;
#262 = DIRECTION ( 'NONE',  ( -1.000000000000000000, 0.000000000000000000, 0.000000000000000000 ) ) ;
#263 = EDGE_CURVE ( 'NONE', #4651, #6977, #8915, .T. ) ;
#264 = CARTESIAN_POINT ( 'NONE',  ( 11.88954614947702382, 0.6799491998980070617, -2.508088986950184118 ) ) ;
#265 = ORIENTED_EDGE ( 'NONE', *, *, #7705, .F. ) ;
#266 = CARTESIAN_POINT ( 'NONE',  ( -2.042987402220290960, -0.3200508001019800042, -7.802051076519773254 ) ) ;
#267 = CARTESIAN_POINT ( 'NONE',  ( 15.99407193982420949, 1.079949199900577250, 18.20803970889372536 ) ) ;
#268 = CARTESIAN_POINT ( 'NONE',  ( 14.68284181377946496, 0.000000000000000000, -20.03142652189907125 ) ) ;
#269 = CARTESIAN_POINT ( 'NONE',  ( -4.533753329157106826, 3.379949199898008239, 5.764797885261547350 ) ) ;
#270 = DIRECTION ( 'NONE',  ( 0.000000000000000000, 0.000000000000000000, 1.000000000000000000 ) ) ;
#271 = VECTOR ( 'NONE', #7421, 1000.000000000000000 ) ;
#272 = CARTESIAN_POINT ( 'NONE',  ( -15.96135171772821160, 1.079949199897995760, 18.26029977587529274 ) ) ;
#273 = EDGE_CURVE ( 'NONE', #8455, #9629, #2963, .T. ) ;
#274 = CARTESIAN_POINT ( 'NONE',  ( 10.02538718874732027, 1.079949199897997758, 22.76447847739673946 ) ) ;
#275 = CARTESIAN_POINT ( 'NONE',  ( 0.6464078092791698538, 3.379949199898004242, 23.94533515839108162 ) ) ;
#276 = CARTESIAN_POINT ( 'NONE',  ( 25.99333815598238573, 1.079949199897997758, -0.9039987028009192072 ) ) ;
#277 = ORIENTED_EDGE ( 'NONE', *, *, #85, .T. ) ;
#278 = EDGE_CURVE ( 'NONE', #8530, #6446, #685, .T. ) ;
#279 = CARTESIAN_POINT ( 'NONE',  ( 15.73095564767302434, 1.079949199897994205, 18.54129320629295563 ) ) ;
#280 = CARTESIAN_POINT ( 'NONE',  ( -5.463483932593278247, -0.5200508001019926718, 2.775260637788719453 ) ) ;
#281 = CIRCLE ( 'NONE', #1395, 0.5000000000000004441 ) ;
#282 = DIRECTION ( 'NONE',  ( -0.000000000000000000, -1.000000000000000000, -0.000000000000000000 ) ) ;
#283 = CARTESIAN_POINT ( 'NONE',  ( -5.347355554530158095, 0.6799491998980070617, -9.720454676733519150 ) ) ;
#284 = AXIS2_PLACEMENT_3D ( 'NONE', #6021, #4508, #7535 ) ;
#285 = DIRECTION ( 'NONE',  ( 0.000000000000000000, 0.000000000000000000, -1.000000000000000000 ) ) ;
#286 = ORIENTED_EDGE ( 'NONE', *, *, #1057, .F. ) ;
#287 = CARTESIAN_POINT ( 'NONE',  ( 15.13472538762287023, 2.079949199897994205, 17.69745444043052984 ) ) ;
#288 = ORIENTED_EDGE ( 'NONE', *, *, #2264, .F. ) ;
#289 = CARTESIAN_POINT ( 'NONE',  ( 6.393033620152013263, 3.379949199898008239, -7.354539416196422152 ) ) ;
#290 = CARTESIAN_POINT ( 'NONE',  ( 15.93268493659079255, 2.079949199897992429, -18.30051234962360596 ) ) ;
#291 = DIRECTION ( 'NONE',  ( -0.000000000000000000, -1.000000000000000000, 0.000000000000000000 ) ) ;
#292 = VERTEX_POINT ( 'NONE', #8285 ) ;
#293 = CIRCLE ( 'NONE', #3743, 0.5000000000000004441 ) ;
#294 = CARTESIAN_POINT ( 'NONE',  ( -10.67303918438835453, 80.31423269831148559, 23.41746387032908316 ) ) ;
#295 = CIRCLE ( 'NONE', #7842, 5.324999999999996625 ) ;
#296 = CARTESIAN_POINT ( 'NONE',  ( 5.425963380943364278, -0.3200508001019800042, 7.933408028067268525 ) ) ;
#297 = CARTESIAN_POINT ( 'NONE',  ( 5.163808713181739840, 0.6799491998980070617, 10.29907012022340673 ) ) ;
#298 = AXIS2_PLACEMENT_3D ( 'NONE', #8059, #5694, #6342 ) ;
#299 = CARTESIAN_POINT ( 'NONE',  ( 15.39357382276531894, 2.028570115682650332, -17.89087207836555748 ) ) ;
#300 = DIRECTION ( 'NONE',  ( 0.000000000000000000, 0.000000000000000000, -1.000000000000000000 ) ) ;
#301 = DIRECTION ( 'NONE',  ( -0.7910914119860477101, 0.000000000000000000, -0.6116979466059381254 ) ) ;
#302 = AXIS2_PLACEMENT_3D ( 'NONE', #4587, #7605, #5895 ) ;
#303 = ADVANCED_FACE ( 'NONE', ( #726 ), #8866, .F. ) ;
#304 = FACE_OUTER_BOUND ( 'NONE', #3525, .T. ) ;
#305 = CARTESIAN_POINT ( 'NONE',  ( -5.883147771294466644, 0.6799491998980070617, 9.239854510469422522 ) ) ;
#306 = ORIENTED_EDGE ( 'NONE', *, *, #7077, .T. ) ;
#307 = DIRECTION ( 'NONE',  ( 3.469446951953611033E-15, 0.000000000000000000, 1.000000000000000000 ) ) ;
#308 = CIRCLE ( 'NONE', #6609, 0.9999999999999991118 ) ;
#309 = AXIS2_PLACEMENT_3D ( 'NONE', #3754, #6773, #5929 ) ;
#310 = VERTEX_POINT ( 'NONE', #5937 ) ;
#311 = CARTESIAN_POINT ( 'NONE',  ( -21.15717546953952422, 0.000000000000000000, -14.79266425619360348 ) ) ;
#312 = CARTESIAN_POINT ( 'NONE',  ( 11.32581575621872005, 0.6799491998980070617, -0.2441278476901607708 ) ) ;
#313 = VERTEX_POINT ( 'NONE', #1419 ) ;
#314 = CARTESIAN_POINT ( 'NONE',  ( -20.69999999999989271, 0.000000000000000000, 20.70000000000010942 ) ) ;
#315 = VECTOR ( 'NONE', #3389, 1000.000000000000000 ) ;
#316 = CIRCLE ( 'NONE', #2048, 1.000000000000000888 ) ;
#317 = CARTESIAN_POINT ( 'NONE',  ( 15.94329937308842915, 1.341888584537787699, 18.24109273871637171 ) ) ;
#318 = CARTESIAN_POINT ( 'NONE',  ( -25.57810035237141477, 1.079949199897997758, -5.406252686692033294 ) ) ;
#319 = CARTESIAN_POINT ( 'NONE',  ( 0.5586644748183475784, 3.379949199898008239, 10.46950181792838208 ) ) ;
#320 = EDGE_CURVE ( 'NONE', #4500, #8828, #1535, .T. ) ;
#321 = CARTESIAN_POINT ( 'NONE',  ( -4.186840838327587910, 0.6799491998980069507, -9.652109595587186064 ) ) ;
#322 = CIRCLE ( 'NONE', #9598, 0.5000000000000004441 ) ;
#323 = AXIS2_PLACEMENT_3D ( 'NONE', #2822, #5833, #5681 ) ;
#324 = CARTESIAN_POINT ( 'NONE',  ( 0.000000000000000000, 80.31423269831148559, 0.000000000000000000 ) ) ;
#325 = CARTESIAN_POINT ( 'NONE',  ( -4.390609466195317445, 0.000000000000000000, 25.98162905815100032 ) ) ;
#326 = CARTESIAN_POINT ( 'NONE',  ( -25.53207886255351866, 1.079949199897994427, -5.719625967861250437 ) ) ;
#327 = CARTESIAN_POINT ( 'NONE',  ( 10.47712141880531078, -0.5200508001019920057, -5.129011029253554454 ) ) ;
#328 = ORIENTED_EDGE ( 'NONE', *, *, #5163, .T. ) ;
#329 =( GEOMETRIC_REPRESENTATION_CONTEXT ( 3 ) GLOBAL_UNCERTAINTY_ASSIGNED_CONTEXT ( ( #4670 ) ) GLOBAL_UNIT_ASSIGNED_CONTEXT ( ( #4801, #5368, #8419 ) ) REPRESENTATION_CONTEXT ( 'NONE', 'WORKASPACE' ) );
#330 = LINE ( 'NONE', #1123, #484 ) ;
#331 = CARTESIAN_POINT ( 'NONE',  ( -7.090351780841703366, -0.5200508001019926718, 1.146214620033445097 ) ) ;
#332 = ORIENTED_EDGE ( 'NONE', *, *, #9159, .T. ) ;
#333 = EDGE_CURVE ( 'NONE', #4028, #7724, #4644, .T. ) ;
#334 = CARTESIAN_POINT ( 'NONE',  ( -1.938283835702013125, -0.3200508001019938820, -7.758093798804138075 ) ) ;
#335 = ADVANCED_FACE ( 'NONE', ( #5430 ), #1764, .T. ) ;
#336 = AXIS2_PLACEMENT_3D ( 'NONE', #4809, #1101, #7051 ) ;
#337 = CARTESIAN_POINT ( 'NONE',  ( -26.96198792828134927, 3.379949199898008239, 5.617818037016008681 ) ) ;
#338 = ORIENTED_EDGE ( 'NONE', *, *, #7315, .T. ) ;
#339 = CARTESIAN_POINT ( 'NONE',  ( 15.90740851090576591, 2.079949199897780598, 18.33377124775834588 ) ) ;
#340 = VERTEX_POINT ( 'NONE', #6230 ) ;
#341 = CARTESIAN_POINT ( 'NONE',  ( 2.420640199896541667, -0.5200508001019926718, -6.658470421492949320 ) ) ;
#342 = EDGE_LOOP ( 'NONE', ( #594, #6985, #8018, #6013 ) ) ;
#343 = AXIS2_PLACEMENT_3D ( 'NONE', #640, #5996, #8991 ) ;
#344 = EDGE_CURVE ( 'NONE', #574, #1250, #4179, .T. ) ;
#345 = CARTESIAN_POINT ( 'NONE',  ( 15.93268392150802271, 1.079949199897995760, -18.30051161288222517 ) ) ;
#346 = DIRECTION ( 'NONE',  ( -0.000000000000000000, -1.000000000000000000, -0.000000000000000000 ) ) ;
#347 = ORIENTED_EDGE ( 'NONE', *, *, #4755, .T. ) ;
#348 = CARTESIAN_POINT ( 'NONE',  ( -7.047926735142620025, 0.6799491998980070617, 4.436026069054157972 ) ) ;
#349 = CARTESIAN_POINT ( 'NONE',  ( 5.729239850272191070, -0.3200508001019800042, 6.171010827325489778 ) ) ;
#350 = AXIS2_PLACEMENT_3D ( 'NONE', #6340, #7802, #1214 ) ;
#351 = CARTESIAN_POINT ( 'NONE',  ( 4.165822048940595046, -0.3200508001019938820, 9.913812655661248030 ) ) ;
#352 = ORIENTED_EDGE ( 'NONE', *, *, #519, .T. ) ;
#353 = CARTESIAN_POINT ( 'NONE',  ( 15.65113438988889882, 1.880293940524408347, -18.02979600834457941 ) ) ;
#354 = CARTESIAN_POINT ( 'NONE',  ( -17.50748860296559783, 1.079949199897997758, -18.41669187804072649 ) ) ;
#355 = CARTESIAN_POINT ( 'NONE',  ( 0.000000000000000000, 3.379949199898008239, 0.000000000000000000 ) ) ;
#356 = FACE_OUTER_BOUND ( 'NONE', #3737, .T. ) ;
#357 = CARTESIAN_POINT ( 'NONE',  ( 7.207598722202546604, 0.6799491998980071727, 4.122257135083981616 ) ) ;
#358 = VERTEX_POINT ( 'NONE', #9363 ) ;
#359 = DIRECTION ( 'NONE',  ( 0.000000000000000000, 0.000000000000000000, -1.000000000000000000 ) ) ;
#360 = AXIS2_PLACEMENT_3D ( 'NONE', #4567, #3009, #5260 ) ;
#361 = DIRECTION ( 'NONE',  ( -0.000000000000000000, -1.000000000000000000, -0.000000000000000000 ) ) ;
#362 = FACE_OUTER_BOUND ( 'NONE', #4742, .T. ) ;
#363 = ADVANCED_FACE ( 'NONE', ( #5728 ), #8727, .T. ) ;
#364 = CARTESIAN_POINT ( 'NONE',  ( 10.68386756391547721, 0.6799491998983018259, -4.555351588766003879 ) ) ;
#365 = EDGE_CURVE ( 'NONE', #1103, #5574, #7972, .T. ) ;
#366 = EDGE_LOOP ( 'NONE', ( #2156, #194 ) ) ;
#367 = CARTESIAN_POINT ( 'NONE',  ( 10.67303918438837051, 2.079949199898003975, -23.41746387032908672 ) ) ;
#368 = CARTESIAN_POINT ( 'NONE',  ( 15.34234230685069100, 2.045563986863336847, -17.85490969055567945 ) ) ;
#369 = CARTESIAN_POINT ( 'NONE',  ( 4.018872235270290361, -0.5200508001019926718, 8.079400182518030604 ) ) ;
#370 = DIRECTION ( 'NONE',  ( -0.5671604621984395189, 0.000000000000000000, -0.8236073154840556354 ) ) ;
#371 = CARTESIAN_POINT ( 'NONE',  ( -15.95652688125504248, 2.079949199898003087, 18.26724004225411235 ) ) ;
#372 = CARTESIAN_POINT ( 'NONE',  ( -14.40813922126654845, 0.000000000000000000, 19.61364848793045468 ) ) ;
#373 = EDGE_LOOP ( 'NONE', ( #4336, #2488, #288, #5743 ) ) ;
#374 = FACE_OUTER_BOUND ( 'NONE', #7149, .T. ) ;
#375 = B_SPLINE_CURVE_WITH_KNOTS ( 'NONE', 3,
 ( #2768, #7259, #8679, #4180, #9563, #8581, #1840, #2670 ),
 .UNSPECIFIED., .F., .F.,
 ( 4, 2, 2, 4 ),
 ( -5.999999999562771644E-08, 0.005426169941717540537, 0.008139284912576308026, 0.01085239988343507551 ),
 .UNSPECIFIED. ) ;
#376 = DIRECTION ( 'NONE',  ( -0.000000000000000000, -1.000000000000000000, -0.000000000000000000 ) ) ;
#377 = CARTESIAN_POINT ( 'NONE',  ( 5.709905202213700903, -0.5200508001019920057, 6.475936633616035998 ) ) ;
#378 = DIRECTION ( 'NONE',  ( 0.3400816893723397905, -0.000000000000000000, 0.9403958977758546389 ) ) ;
#379 = CARTESIAN_POINT ( 'NONE',  ( 4.157332302905997423, 2.079949199898003975, 25.00120094879952504 ) ) ;
#380 = FACE_OUTER_BOUND ( 'NONE', #6499, .T. ) ;
#381 = ORIENTED_EDGE ( 'NONE', *, *, #8041, .F. ) ;
#382 = ADVANCED_FACE ( 'NONE', ( #1203 ), #4971, .F. ) ;
#383 = CARTESIAN_POINT ( 'NONE',  ( 1.126777244063549066, -0.3200508001019938820, -7.455732733947896484 ) ) ;
#384 = CARTESIAN_POINT ( 'NONE',  ( 25.57810035232023083, 80.31423269831148559, -5.406252687022702119 ) ) ;
#385 = EDGE_CURVE ( 'NONE', #5836, #5885, #7308, .T. ) ;
#386 = ORIENTED_EDGE ( 'NONE', *, *, #488, .F. ) ;
#387 = LINE ( 'NONE', #7228, #6899 ) ;
#388 = ORIENTED_EDGE ( 'NONE', *, *, #6009, .F. ) ;
#389 = CARTESIAN_POINT ( 'NONE',  ( -3.729114290800195963, 3.379949199898008239, -7.290836768216249375 ) ) ;
#390 = ORIENTED_EDGE ( 'NONE', *, *, #1337, .F. ) ;
#391 = CARTESIAN_POINT ( 'NONE',  ( -17.10079925302489556, 1.079949199897997758, -18.12582460135802975 ) ) ;
#392 = ORIENTED_EDGE ( 'NONE', *, *, #6948, .T. ) ;
#393 = CARTESIAN_POINT ( 'NONE',  ( -6.494540829353505629, 0.6799491998979662055, 3.385166900404567691 ) ) ;
#394 = DIRECTION ( 'NONE',  ( 0.000000000000000000, 1.000000000000000000, 0.000000000000000000 ) ) ;
#395 = ADVANCED_FACE ( 'NONE', ( #5030 ), #5775, .F. ) ;
#396 = CARTESIAN_POINT ( 'NONE',  ( -5.690302544397096263, -0.3200508001019938820, 6.662308318618156200 ) ) ;
#397 = VERTEX_POINT ( 'NONE', #4872 ) ;
#398 = CARTESIAN_POINT ( 'NONE',  ( 15.96482461851941537, 1.212090152340616678, -18.25570850529122424 ) ) ;
#399 = CARTESIAN_POINT ( 'NONE',  ( -9.069627854787254861, -0.3200508001019929938, 1.224719443589766144 ) ) ;
#400 = DIRECTION ( 'NONE',  ( -1.244664094013359090E-14, 0.000000000000000000, -1.000000000000000000 ) ) ;
#401 = EDGE_CURVE ( 'NONE', #8208, #7866, #6507, .T. ) ;
#402 = CARTESIAN_POINT ( 'NONE',  ( 3.682493360019453821, -0.5200508001019926718, 8.607665899409749244 ) ) ;
#403 = CARTESIAN_POINT ( 'NONE',  ( 10.38488177539129431, 0.6799491998980069507, -7.246293021532808964 ) ) ;
#404 = ORIENTED_EDGE ( 'NONE', *, *, #5998, .T. ) ;
#405 = LINE ( 'NONE', #6223, #315 ) ;
#406 = DIRECTION ( 'NONE',  ( 0.000000000000000000, -1.000000000000000000, 0.000000000000000000 ) ) ;
#407 = DIRECTION ( 'NONE',  ( -0.000000000000000000, -1.000000000000000000, -0.000000000000000000 ) ) ;
#408 = CARTESIAN_POINT ( 'NONE',  ( 10.80596750424298946, 0.6799491998980088381, -1.922714153681967186 ) ) ;
#409 = ORIENTED_EDGE ( 'NONE', *, *, #1460, .F. ) ;
#410 = CARTESIAN_POINT ( 'NONE',  ( -25.57847377632324282, 0.000000000000000000, 5.403601811366237406 ) ) ;
#411 = LINE ( 'NONE', #3398, #5286 ) ;
#412 = CARTESIAN_POINT ( 'NONE',  ( 15.49785234101170239, 1.972900785088326003, -17.96398237661222552 ) ) ;
#413 = CARTESIAN_POINT ( 'NONE',  ( 2.316970560531085077, 3.379949199898008239, 9.869165417780823901 ) ) ;
#414 = ORIENTED_EDGE ( 'NONE', *, *, #810, .T. ) ;
#415 = CARTESIAN_POINT ( 'NONE',  ( 20.70000000000011653, 3.379949199898008239, 20.69999999999988916 ) ) ;
#416 = CARTESIAN_POINT ( 'NONE',  ( -15.95879998146672385, 1.079949199897995760, 18.26397185512229981 ) ) ;
#417 = DIRECTION ( 'NONE',  ( 0.000000000000000000, 1.000000000000000000, 0.000000000000000000 ) ) ;
#418 = ORIENTED_EDGE ( 'NONE', *, *, #5979, .F. ) ;
#419 = CARTESIAN_POINT ( 'NONE',  ( 15.88753428928172262, 1.565581001951657836, 18.14613489463941676 ) ) ;
#420 = DIRECTION ( 'NONE',  ( -0.000000000000000000, -1.000000000000000000, -0.000000000000000000 ) ) ;
#421 = CARTESIAN_POINT ( 'NONE',  ( -6.326916435308330477, -0.5200508001019920057, 3.659938406190045956 ) ) ;
#422 = CARTESIAN_POINT ( 'NONE',  ( 14.31607112324564568, 2.079949199897993761, -18.46044985439760922 ) ) ;
#423 = CARTESIAN_POINT ( 'NONE',  ( -25.51277555537480879, 80.31423269831148559, -10.91607912489964249 ) ) ;
#424 = CARTESIAN_POINT ( 'NONE',  ( -21.15717546953952422, 0.000000000000000000, -14.79266425619360348 ) ) ;
#425 = VERTEX_POINT ( 'NONE', #9409 ) ;
#426 = EDGE_CURVE ( 'NONE', #7774, #6686, #4088, .T. ) ;
#427 = CARTESIAN_POINT ( 'NONE',  ( 0.1417535740115418164, 0.6799491998980070617, -7.305345345067614460 ) ) ;
#428 = CARTESIAN_POINT ( 'NONE',  ( -24.59024938304312613, 1.079949199897994427, 5.250590215316207399 ) ) ;
#429 = VERTEX_POINT ( 'NONE', #4236 ) ;
#430 = CARTESIAN_POINT ( 'NONE',  ( 0.000000000000000000, 2.079949199898003975, 0.000000000000000000 ) ) ;
#431 = AXIS2_PLACEMENT_3D ( 'NONE', #6341, #4737, #2537 ) ;
#432 = ORIENTED_EDGE ( 'NONE', *, *, #6201, .T. ) ;
#433 = CARTESIAN_POINT ( 'NONE',  ( -7.494286254877687625, 3.379949199898008239, -6.870768018790511356 ) ) ;
#434 = ORIENTED_EDGE ( 'NONE', *, *, #2436, .F. ) ;
#435 = CARTESIAN_POINT ( 'NONE',  ( -20.69999999999989271, 1.079949199897997758, 20.70000000000010942 ) ) ;
#436 = CARTESIAN_POINT ( 'NONE',  ( 15.00585219520866076, 1.328736908252939886, 20.89560743968763035 ) ) ;
#437 = VERTEX_POINT ( 'NONE', #6572 ) ;
#438 = CARTESIAN_POINT ( 'NONE',  ( -8.039779348717212670, -0.3200508001019938820, 1.974865140393279983 ) ) ;
#439 = EDGE_CURVE ( 'NONE', #5222, #313, #375, .T. ) ;
#440 = AXIS2_PLACEMENT_3D ( 'NONE', #477, #3519, #1996 ) ;
#441 = CARTESIAN_POINT ( 'NONE',  ( -8.102021880671902210, 2.079949199898003975, -19.89329791539565662 ) ) ;
#442 = CARTESIAN_POINT ( 'NONE',  ( -2.428794015087959668, 0.6799491998980070617, 11.16487267145840967 ) ) ;
#443 = ORIENTED_EDGE ( 'NONE', *, *, #9480, .F. ) ;
#444 = ORIENTED_EDGE ( 'NONE', *, *, #467, .F. ) ;
#445 = CARTESIAN_POINT ( 'NONE',  ( 16.92907648227608064, 0.000000000000000000, 19.43395646935886134 ) ) ;
#446 = CIRCLE ( 'NONE', #2481, 2.800000000000000266 ) ;
#447 = CARTESIAN_POINT ( 'NONE',  ( -10.13288006287299936, -0.3200508001019928273, -0.1033963485325418985 ) ) ;
#448 = CARTESIAN_POINT ( 'NONE',  ( 0.000000000000000000, 2.079949199898003975, 0.000000000000000000 ) ) ;
#449 = CARTESIAN_POINT ( 'NONE',  ( -0.3767042919812826907, -0.5200508001019926718, 10.48876276879989433 ) ) ;
#450 = CARTESIAN_POINT ( 'NONE',  ( 5.847848086240988508, 0.6799491998980071727, 9.320739820780179485 ) ) ;
#451 = ORIENTED_EDGE ( 'NONE', *, *, #1709, .T. ) ;
#452 = DIRECTION ( 'NONE',  ( -0.000000000000000000, -1.000000000000000000, -0.000000000000000000 ) ) ;
#453 = EDGE_CURVE ( 'NONE', #9339, #1490, #9067, .T. ) ;
#454 = VECTOR ( 'NONE', #5705, 1000.000000000000000 ) ;
#455 = DIRECTION ( 'NONE',  ( -0.000000000000000000, -1.000000000000000000, -0.000000000000000000 ) ) ;
#456 = LINE ( 'NONE', #7890, #7564 ) ;
#457 = ADVANCED_FACE ( 'NONE', ( #9463 ), #7652, .F. ) ;
#458 = CARTESIAN_POINT ( 'NONE',  ( 9.525111518035336289, -0.3200508001019938820, 0.7521226209769608095 ) ) ;
#459 = ORIENTED_EDGE ( 'NONE', *, *, #1697, .F. ) ;
#460 = CARTESIAN_POINT ( 'NONE',  ( 8.097978119328097080, 0.8528847595608917143, -17.86943339610268566 ) ) ;
#461 = AXIS2_PLACEMENT_3D ( 'NONE', #4936, #8061, #2055 ) ;
#462 = CYLINDRICAL_SURFACE ( 'NONE', #6728, 1.199999999999999734 ) ;
#463 = AXIS2_PLACEMENT_3D ( 'NONE', #435, #8903, #6701 ) ;
#464 = CARTESIAN_POINT ( 'NONE',  ( -15.15685912178877714, 1.079949199898004197, 20.79683650938151374 ) ) ;
#465 = CARTESIAN_POINT ( 'NONE',  ( 5.651421390278396295, -0.5200508001019926718, 2.493871222290275913 ) ) ;
#466 = CARTESIAN_POINT ( 'NONE',  ( -14.00000000000000355, 3.379949199898008239, 25.49999999999999645 ) ) ;
#467 = EDGE_CURVE ( 'NONE', #8744, #1774, #3397, .T. ) ;
#468 = EDGE_LOOP ( 'NONE', ( #2865, #6036, #3435, #3720 ) ) ;
#469 = CARTESIAN_POINT ( 'NONE',  ( -10.95926583422306422, 0.6799491998980069507, -6.425521154101977217 ) ) ;
#470 = CARTESIAN_POINT ( 'NONE',  ( 14.09123292844628850, 2.079949199898004863, 18.62521686586572400 ) ) ;
#471 = FACE_OUTER_BOUND ( 'NONE', #7745, .T. ) ;
#472 = AXIS2_PLACEMENT_3D ( 'NONE', #7411, #8834, #4618 ) ;
#474 = CARTESIAN_POINT ( 'NONE',  ( -10.67303918438837762, 2.079949199898003975, -23.41746387032911869 ) ) ;
#473 = AXIS2_PLACEMENT_3D ( 'NONE', #8333, #5321, #1600 ) ;
#475 = ORIENTED_EDGE ( 'NONE', *, *, #3905, .F. ) ;
#476 = CARTESIAN_POINT ( 'NONE',  ( -10.36288648152678427, 2.084089963785235256, -24.02368967214682627 ) ) ;
#477 = CARTESIAN_POINT ( 'NONE',  ( 10.02538718874732027, 0.000000000000000000, 22.76447847739673946 ) ) ;
#478 = CARTESIAN_POINT ( 'NONE',  ( 10.39893934016834365, 2.079949199898026180, -23.93859450359207131 ) ) ;
#479 = ORIENTED_EDGE ( 'NONE', *, *, #3308, .T. ) ;
#480 = CARTESIAN_POINT ( 'NONE',  ( 25.51309696382764258, 1.979949199898023426, -5.876918927264294545 ) ) ;
#481 = FACE_OUTER_BOUND ( 'NONE', #3163, .T. ) ;
#482 = ORIENTED_EDGE ( 'NONE', *, *, #12, .F. ) ;
#483 = CIRCLE ( 'NONE', #801, 5.324999999999958433 ) ;
#484 = VECTOR ( 'NONE', #4102, 1000.000000000000000 ) ;
#485 = CARTESIAN_POINT ( 'NONE',  ( 2.848321321469496237, -0.3200508001019938820, -8.224079976932214819 ) ) ;
#486 = CARTESIAN_POINT ( 'NONE',  ( -25.51311251866405172, 0.000000000000000000, -5.876835801766821632 ) ) ;
#487 = AXIS2_PLACEMENT_3D ( 'NONE', #8143, #6727, #9713 ) ;
#488 = EDGE_CURVE ( 'NONE', #8120, #6254, #411, .T. ) ;
#489 = VERTEX_POINT ( 'NONE', #5680 ) ;
#490 = DIRECTION ( 'NONE',  ( 0.000000000000000000, 1.000000000000000000, 0.000000000000000000 ) ) ;
#491 = ORIENTED_EDGE ( 'NONE', *, *, #3865, .T. ) ;
#492 = CARTESIAN_POINT ( 'NONE',  ( -9.187730493620119177, -0.5200508001019926718, -0.8718716688696306338 ) ) ;
#493 = EDGE_LOOP ( 'NONE', ( #6619, #7470, #6743, #6250 ) ) ;
#494 = CARTESIAN_POINT ( 'NONE',  ( 26.13237012469465625, 1.079949199519782521, 1.826265868224108635 ) ) ;
#495 = LINE ( 'NONE', #1080, #1382 ) ;
#496 = ORIENTED_EDGE ( 'NONE', *, *, #8551, .F. ) ;
#497 = CARTESIAN_POINT ( 'NONE',  ( -7.710749199589052694, 0.6799491998980019547, 2.185603565181814645 ) ) ;
#498 = VERTEX_POINT ( 'NONE', #1942 ) ;
#499 = CIRCLE ( 'NONE', #8200, 0.9999999999999997780 ) ;
#500 = CARTESIAN_POINT ( 'NONE',  ( -25.55417677076345129, 1.079949199897932033, 5.560527959536495146 ) ) ;
#501 = CARTESIAN_POINT ( 'NONE',  ( -6.441546534454452910, 0.6799491998980070617, 7.957079605963929048 ) ) ;
#502 = VERTEX_POINT ( 'NONE', #4922 ) ;
#503 = EDGE_LOOP ( 'NONE', ( #9656, #2407, #1603 ) ) ;
#504 = CARTESIAN_POINT ( 'NONE',  ( 15.18388688576340151, 2.079949199897990653, -17.73996885955548564 ) ) ;
#505 = TOROIDAL_SURFACE ( 'NONE', #2998, 3.799999999999999822, 1.000000000000000000 ) ;
#506 = CARTESIAN_POINT ( 'NONE',  ( -6.701287189136726496, -0.3200508001019929383, 3.095494548145707459 ) ) ;
#507 = CARTESIAN_POINT ( 'NONE',  ( -8.102021880671902210, 1.089999706236840282, -18.18701054626839664 ) ) ;
#508 = CARTESIAN_POINT ( 'NONE',  ( 7.005203456258102257, -0.5200508001019926718, 1.205794864782073983 ) ) ;
#509 = CARTESIAN_POINT ( 'NONE',  ( 11.22791833514953730, 0.6799491998980070617, -5.928582542357352381 ) ) ;
#510 = ORIENTED_EDGE ( 'NONE', *, *, #4259, .T. ) ;
#511 = CARTESIAN_POINT ( 'NONE',  ( 10.85280836677811855, 1.567446142032048684, 23.14440571954816050 ) ) ;
#512 = ADVANCED_FACE ( 'NONE', ( #7202 ), #462, .F. ) ;
#513 = VECTOR ( 'NONE', #7654, 1000.000000000000000 ) ;
#514 = CARTESIAN_POINT ( 'NONE',  ( -15.94893020610289192, 1.079949199897997758, 18.27803342811781206 ) ) ;
#515 = FACE_OUTER_BOUND ( 'NONE', #2722, .T. ) ;
#516 = CARTESIAN_POINT ( 'NONE',  ( 8.346548211392914141, 0.6799491998980070617, 1.784478380618897075 ) ) ;
#517 = VERTEX_POINT ( 'NONE', #8273 ) ;
#518 = CARTESIAN_POINT ( 'NONE',  ( 24.77959871181932883, 0.000000000000000000, 8.960691250188359547 ) ) ;
#519 = EDGE_CURVE ( 'NONE', #706, #3279, #613, .T. ) ;
#520 = CARTESIAN_POINT ( 'NONE',  ( 20.69999999999989626, 80.31423269831148559, -20.70000000000010587 ) ) ;
#521 = ORIENTED_EDGE ( 'NONE', *, *, #4132, .F. ) ;
#522 = VECTOR ( 'NONE', #3351, 1000.000000000000000 ) ;
#523 = CARTESIAN_POINT ( 'NONE',  ( -20.69999999999989271, 2.079949199898003975, 20.70000000000010942 ) ) ;
#524 = CARTESIAN_POINT ( 'NONE',  ( 3.070741462008126366, -0.5200508001019926718, 9.309630773709153928 ) ) ;
#525 = CARTESIAN_POINT ( 'NONE',  ( 26.96161968753905569, 0.000000000000000000, -5.620435433936791014 ) ) ;
#526 = VERTEX_POINT ( 'NONE', #4332 ) ;
#527 = CARTESIAN_POINT ( 'NONE',  ( -11.90247556895667813, 0.6799491998980069507, -3.189577398649536821 ) ) ;
#528 = CARTESIAN_POINT ( 'NONE',  ( 14.89415726042455290, 2.079949199897994205, 17.96223316098324219 ) ) ;
#529 = CARTESIAN_POINT ( 'NONE',  ( -15.89664950496870865, 2.079949199898093681, 18.34734738696165124 ) ) ;
#530 = CARTESIAN_POINT ( 'NONE',  ( -25.51277555537480879, 3.379949199898008239, -10.91607912489964249 ) ) ;
#531 = VERTEX_POINT ( 'NONE', #7354 ) ;
#532 = DIRECTION ( 'NONE',  ( 0.000000000000000000, 1.000000000000000000, -0.000000000000000000 ) ) ;
#533 = CARTESIAN_POINT ( 'NONE',  ( -7.829487298332885814, 80.31423269831148559, 24.11061236562116150 ) ) ;
#534 = ADVANCED_FACE ( 'NONE', ( #5831 ), #1540, .T. ) ;
#535 = CARTESIAN_POINT ( 'NONE',  ( 10.36195973422378813, 2.083665441503633531, -24.02605833990002537 ) ) ;
#536 = DIRECTION ( 'NONE',  ( 3.469446951953611033E-15, 0.000000000000000000, 1.000000000000000000 ) ) ;
#537 = DIRECTION ( 'NONE',  ( -0.4999999999999933942, 0.000000000000000000, -0.8660254037844425934 ) ) ;
#538 = CARTESIAN_POINT ( 'NONE',  ( -15.86326352160880759, 0.000000000000000000, 18.38884889344042151 ) ) ;
#539 = VERTEX_POINT ( 'NONE', #9620 ) ;
#540 = CARTESIAN_POINT ( 'NONE',  ( 2.397860436002769546, 0.6799491998980072838, -8.000194732235947015 ) ) ;
#541 = FACE_OUTER_BOUND ( 'NONE', #4283, .T. ) ;
#542 = ORIENTED_EDGE ( 'NONE', *, *, #2384, .F. ) ;
#543 = DIRECTION ( 'NONE',  ( -0.000000000000000000, 0.000000000000000000, 1.000000000000000000 ) ) ;
#544 = ORIENTED_EDGE ( 'NONE', *, *, #7559, .F. ) ;
#545 = CARTESIAN_POINT ( 'NONE',  ( -3.136945145172829630, -0.5200508001019926718, -7.036270077619079188 ) ) ;
#546 = EDGE_LOOP ( 'NONE', ( #691, #8265, #569, #4294 ) ) ;
#547 = CARTESIAN_POINT ( 'NONE',  ( 24.58987225576830227, 2.079949199897991097, -5.253265010442651928 ) ) ;
#548 = VERTEX_POINT ( 'NONE', #8880 ) ;
#549 = CARTESIAN_POINT ( 'NONE',  ( -10.24989632157164543, -0.3200508001019938820, -0.3185681476006896884 ) ) ;
#550 = ORIENTED_EDGE ( 'NONE', *, *, #3292, .F. ) ;
#551 = ADVANCED_FACE ( 'NONE', ( #8186 ), #4469, .T. ) ;
#552 = CARTESIAN_POINT ( 'NONE',  ( 15.15685912178876826, 0.000000000000000000, -20.79683650938152084 ) ) ;
#553 = CARTESIAN_POINT ( 'NONE',  ( -1.334687777627188821, 0.6799491998980070617, 12.56302452487588006 ) ) ;
#554 = EDGE_LOOP ( 'NONE', ( #6357, #5855, #2744, #117 ) ) ;
#555 = CARTESIAN_POINT ( 'NONE',  ( 4.804359450755955940, 3.379949199898008239, 4.143923902926369252 ) ) ;
#556 = CARTESIAN_POINT ( 'NONE',  ( -8.265375976163433336, -0.3200508001019927717, 1.835782793387973566 ) ) ;
#557 = CARTESIAN_POINT ( 'NONE',  ( -7.902318187985288844, -0.5200508001019926718, -6.595332027783603834 ) ) ;
#558 = CARTESIAN_POINT ( 'NONE',  ( 6.053094336723154889, -0.5200508001019926718, 2.018804821670687755 ) ) ;
#559 = CARTESIAN_POINT ( 'NONE',  ( 1.840736537023831554, 0.6799491998980069507, 12.44915280411950320 ) ) ;
#560 = VERTEX_POINT ( 'NONE', #619 ) ;
#561 = CARTESIAN_POINT ( 'NONE',  ( 15.71592509016970318, 0.000000000000000000, -18.55396952954406231 ) ) ;
#562 = EDGE_CURVE ( 'NONE', #4160, #2223, #3659, .T. ) ;
#563 = DIRECTION ( 'NONE',  ( -0.000000000000000000, -1.000000000000000000, -0.000000000000000000 ) ) ;
#564 = CARTESIAN_POINT ( 'NONE',  ( 9.614982691121372937, -0.3200508001019928828, -6.606283501925245716 ) ) ;
#565 = CARTESIAN_POINT ( 'NONE',  ( 8.809962055586863627, -0.3200508001019938820, 1.442767475581544723 ) ) ;
#566 = ORIENTED_EDGE ( 'NONE', *, *, #4337, .T. ) ;
#567 = CARTESIAN_POINT ( 'NONE',  ( 26.93305267093034416, 3.379949199898008239, 5.814235021358601152 ) ) ;
#568 = CARTESIAN_POINT ( 'NONE',  ( 15.94892562139289893, 1.079949199900551271, 18.27803986765316679 ) ) ;
#569 = ORIENTED_EDGE ( 'NONE', *, *, #5849, .F. ) ;
#570 = B_SPLINE_CURVE_WITH_KNOTS ( 'NONE', 3,
 ( #4382, #4237, #8090, #8136 ),
 .UNSPECIFIED., .F., .F.,
 ( 4, 4 ),
 ( 0.000000000000000000, 1.000000000000000000 ),
 .UNSPECIFIED. ) ;
#571 = CARTESIAN_POINT ( 'NONE',  ( -17.23131124203193210, 0.000000000000000000, 18.86320297791347045 ) ) ;
#572 = CARTESIAN_POINT ( 'NONE',  ( 4.529829106058810950, 3.379949199898008239, 5.976956525104663243 ) ) ;
#573 = DIRECTION ( 'NONE',  ( 0.000000000000000000, 0.000000000000000000, -1.000000000000000000 ) ) ;
#574 = VERTEX_POINT ( 'NONE', #7540 ) ;
#575 = EDGE_CURVE ( 'NONE', #5240, #7403, #3746, .T. ) ;
#576 = DIRECTION ( 'NONE',  ( 0.000000000000000000, 0.000000000000000000, -1.000000000000000000 ) ) ;
#577 = CARTESIAN_POINT ( 'NONE',  ( -15.60447487107481734, 2.079949199897993761, 18.66648826900834734 ) ) ;
#578 = DIRECTION ( 'NONE',  ( 0.000000000000000000, 0.000000000000000000, -1.000000000000000000 ) ) ;
#579 = VERTEX_POINT ( 'NONE', #3010 ) ;
#580 = DIRECTION ( 'NONE',  ( -0.000000000000000000, -1.000000000000000000, -0.000000000000000000 ) ) ;
#581 = FACE_OUTER_BOUND ( 'NONE', #4324, .T. ) ;
#582 = DIRECTION ( 'NONE',  ( 0.000000000000000000, 1.000000000000000000, -0.000000000000000000 ) ) ;
#583 = FACE_OUTER_BOUND ( 'NONE', #668, .T. ) ;
#584 = DIRECTION ( 'NONE',  ( -0.9860200781081971400, 0.000000000000000000, -0.1666265452066536257 ) ) ;
#585 = CARTESIAN_POINT ( 'NONE',  ( -14.40813922126654845, 0.000000000000000000, 19.61364848793045468 ) ) ;
#586 = ORIENTED_EDGE ( 'NONE', *, *, #7014, .F. ) ;
#587 = B_SPLINE_CURVE_WITH_KNOTS ( 'NONE', 3,
 ( #6548, #8801, #1132, #4261, #8702, #1961 ),
 .UNSPECIFIED., .F., .F.,
 ( 4, 2, 4 ),
 ( 0.000000000000000000, 0.005427221072220900569, 0.01085444214444180114 ),
 .UNSPECIFIED. ) ;
#588 = CARTESIAN_POINT ( 'NONE',  ( -0.8437991831293591982, 0.6799491998980070617, -8.413861761115567717 ) ) ;
#589 = EDGE_CURVE ( 'NONE', #2309, #8424, #8706, .T. ) ;
#590 = CARTESIAN_POINT ( 'NONE',  ( 15.99407193982678521, 0.000000000000000000, 18.20803970888903933 ) ) ;
#591 = ADVANCED_FACE ( 'NONE', ( #2232 ), #5125, .T. ) ;
#592 = EDGE_LOOP ( 'NONE', ( #7839, #2069, #9136, #7325 ) ) ;
#593 = CARTESIAN_POINT ( 'NONE',  ( -24.99338325900466984, 2.079949199898014633, -1.757712764570068753 ) ) ;
#594 = ORIENTED_EDGE ( 'NONE', *, *, #6064, .F. ) ;
#595 = CARTESIAN_POINT ( 'NONE',  ( -5.169972431551889791, -0.5200508001019926718, -7.515608686399963823 ) ) ;
#596 = ORIENTED_EDGE ( 'NONE', *, *, #4850, .F. ) ;
#597 = CARTESIAN_POINT ( 'NONE',  ( -15.71163490533101381, 1.783209709948147426, 18.11294183905449984 ) ) ;
#598 = VERTEX_POINT ( 'NONE', #1452 ) ;
#599 = CARTESIAN_POINT ( 'NONE',  ( -9.895972137226905829, 0.6799491998980070617, 1.807540129648661065 ) ) ;
#600 = AXIS2_PLACEMENT_3D ( 'NONE', #8845, #5096, #2629 ) ;
#601 = LINE ( 'NONE', #4119, #7041 ) ;
#602 = CARTESIAN_POINT ( 'NONE',  ( -3.561956909363416912, 0.6799491998980070617, 11.68848798722021698 ) ) ;
#603 = VERTEX_POINT ( 'NONE', #2958 ) ;
#604 = CARTESIAN_POINT ( 'NONE',  ( 8.515384284192865749, 3.379949199898008239, 0.08462991695931693092 ) ) ;
#605 = CARTESIAN_POINT ( 'NONE',  ( -9.849337590169144008, -0.3200508001019928828, 0.3238945653623244714 ) ) ;
#606 = CARTESIAN_POINT ( 'NONE',  ( 1.829438355046065334, -0.5200508001019926718, -6.414241855829594385 ) ) ;
#607 = CARTESIAN_POINT ( 'NONE',  ( 4.153879372919157653, -0.5200508001019926718, 7.800291737514212009 ) ) ;
#608 = CARTESIAN_POINT ( 'NONE',  ( -5.395739651539061654, 3.379949199898008239, 2.880759949170351053 ) ) ;
#609 = ORIENTED_EDGE ( 'NONE', *, *, #1722, .F. ) ;
#610 = CIRCLE ( 'NONE', #8447, 2.800000000000000266 ) ;
#611 = CARTESIAN_POINT ( 'NONE',  ( -9.720428678520438126, 2.473708330851847936, -25.00125139430090471 ) ) ;
#612 = CIRCLE ( 'NONE', #7531, 1.000000000000000222 ) ;
#613 = B_SPLINE_CURVE_WITH_KNOTS ( 'NONE', 3,
 ( #2138, #9016, #8135, #1497 ),
 .UNSPECIFIED., .F., .F.,
 ( 4, 4 ),
 ( 0.0006055453089061289514, 0.001464019760908872149 ),
 .UNSPECIFIED. ) ;
#614 = DIRECTION ( 'NONE',  ( 0.000000000000000000, 0.000000000000000000, -1.000000000000000000 ) ) ;
#615 = CARTESIAN_POINT ( 'NONE',  ( 8.547521514417038446, 0.6799491998980177199, 1.644801570072151220 ) ) ;
#616 = ORIENTED_EDGE ( 'NONE', *, *, #320, .F. ) ;
#617 = CARTESIAN_POINT ( 'NONE',  ( 0.1578563987658378187, 2.280227068861087947, 22.40130211774994251 ) ) ;
#618 = EDGE_CURVE ( 'NONE', #2706, #560, #7497, .T. ) ;
#619 = CARTESIAN_POINT ( 'NONE',  ( -0.7228355895368520079, 2.079949199898003975, 21.46773321093940012 ) ) ;
#620 = CARTESIAN_POINT ( 'NONE',  ( -10.02538718874729540, 2.079949199898003975, 22.76447847739669328 ) ) ;
#621 = DIRECTION ( 'NONE',  ( 0.000000000000000000, 0.000000000000000000, 1.000000000000000000 ) ) ;
#622 = FACE_OUTER_BOUND ( 'NONE', #2063, .T. ) ;
#623 = AXIS2_PLACEMENT_3D ( 'NONE', #971, #7020, #83 ) ;
#624 = ORIENTED_EDGE ( 'NONE', *, *, #344, .F. ) ;
#625 = CARTESIAN_POINT ( 'NONE',  ( -10.68223522187147090, 2.079949199898003975, -22.90217264361945482 ) ) ;
#626 = CARTESIAN_POINT ( 'NONE',  ( -14.40813922126654134, 1.079949199897995760, 19.61364848793046178 ) ) ;
#627 = DIRECTION ( 'NONE',  ( 3.469446951953611033E-15, 0.000000000000000000, 1.000000000000000000 ) ) ;
#628 = VERTEX_POINT ( 'NONE', #4380 ) ;
#629 = DIRECTION ( 'NONE',  ( -0.9882280965848732057, 0.000000000000000000, -0.1529876763672108342 ) ) ;
#630 = FACE_OUTER_BOUND ( 'NONE', #4331, .T. ) ;
#631 = CARTESIAN_POINT ( 'NONE',  ( -25.55406652353829955, 2.079949199876765409, 5.561235895141655838 ) ) ;
#632 = TOROIDAL_SURFACE ( 'NONE', #9414, 6.325000000000003730, 1.000000000000000000 ) ;
#633 = CARTESIAN_POINT ( 'NONE',  ( -26.94194965626754978, 3.379949199898008239, -5.750551307542026258 ) ) ;
#634 = CARTESIAN_POINT ( 'NONE',  ( 24.58987225573535795, 2.079949199897994205, -5.253265010655495004 ) ) ;
#635 = LINE ( 'NONE', #2890, #5482 ) ;
#636 = AXIS2_PLACEMENT_3D ( 'NONE', #3974, #291, #1031 ) ;
#637 = CARTESIAN_POINT ( 'NONE',  ( 6.247035171860876979, 0.6799491998980070617, -8.618752361204451873 ) ) ;
#638 = AXIS2_PLACEMENT_3D ( 'NONE', #6839, #3682, #4494 ) ;
#639 = CIRCLE ( 'NONE', #9104, 5.325000000000003730 ) ;
#640 = CARTESIAN_POINT ( 'NONE',  ( -14.00000000000000355, 0.000000000000000000, 25.49999999999999645 ) ) ;
#641 = ORIENTED_EDGE ( 'NONE', *, *, #3133, .F. ) ;
#642 = CARTESIAN_POINT ( 'NONE',  ( 7.875148599050264764, 80.31423269831148559, -25.65699999999999648 ) ) ;
#643 = ORIENTED_EDGE ( 'NONE', *, *, #2280, .T. ) ;
#644 = CARTESIAN_POINT ( 'NONE',  ( -5.463483932593278247, 3.379949199898008239, 2.775260637788719453 ) ) ;
#645 = EDGE_CURVE ( 'NONE', #8713, #4318, #2311, .T. ) ;
#646 = CIRCLE ( 'NONE', #5181, 0.9999999999999990008 ) ;
#647 = CIRCLE ( 'NONE', #5983, 20.48994949366117524 ) ;
#648 = DIRECTION ( 'NONE',  ( 0.000000000000000000, 1.000000000000000000, -0.000000000000000000 ) ) ;
#649 = VERTEX_POINT ( 'NONE', #7407 ) ;
#650 = CARTESIAN_POINT ( 'NONE',  ( -10.26884636316349741, 0.6799491998977207352, -5.605854706469751036 ) ) ;
#651 = AXIS2_PLACEMENT_3D ( 'NONE', #5192, #3768, #6785 ) ;
#652 = CIRCLE ( 'NONE', #6149, 0.5000000000000004441 ) ;
#653 = CARTESIAN_POINT ( 'NONE',  ( 7.913288483916364413, -0.3200508001019929383, 2.048943672430296292 ) ) ;
#654 =( BOUNDED_SURFACE ( )  B_SPLINE_SURFACE ( 3, 2, ( 
 ( #5708, #5001, #7872 ),
 ( #494, #1137, #6452 ),
 ( #3483, #8707, #6504 ),
 ( #2012, #7135, #547 ) ),
 .UNSPECIFIED., .F., .F., .F. ) 
 B_SPLINE_SURFACE_WITH_KNOTS ( ( 4, 4 ),
 ( 3, 3 ),
 ( -6.931001345772402900E-12, 0.01054521000635176911 ),
 ( 0.000000000000000000, 1.000000000000000000 ),
 .UNSPECIFIED. ) 
 GEOMETRIC_REPRESENTATION_ITEM ( )  RATIONAL_B_SPLINE_SURFACE ( (
 ( 1.000000000000000000, 0.7071067811865480168, 1.000000000000000000),
 ( 1.000000000000000000, 0.7071067811865480168, 1.000000000000000000),
 ( 1.000000000000000000, 0.7071067811865496822, 1.000000000000000000),
 ( 1.000000000000000000, 0.7071067811865496822, 1.000000000000000000) ) ) 
 REPRESENTATION_ITEM ( '' )  SURFACE ( )  );
#655 = DIRECTION ( 'NONE',  ( 0.000000000000000000, 0.000000000000000000, -1.000000000000000000 ) ) ;
#656 = ORIENTED_EDGE ( 'NONE', *, *, #9459, .T. ) ;
#657 = CARTESIAN_POINT ( 'NONE',  ( 9.697697526118613354, 3.379949199898008239, -2.969235531611509771 ) ) ;
#658 = EDGE_CURVE ( 'NONE', #7179, #4789, #4997, .T. ) ;
#659 = CARTESIAN_POINT ( 'NONE',  ( -9.686731031075179743, -0.5200508001019926718, -3.407052322335027306 ) ) ;
#660 = AXIS2_PLACEMENT_3D ( 'NONE', #7210, #5687, #1261 ) ;
#661 = CARTESIAN_POINT ( 'NONE',  ( 15.95756444431885868, 2.079949199897985324, -18.26575277695510735 ) ) ;
#662 = CARTESIAN_POINT ( 'NONE',  ( -8.916341232660204952, 3.379949199898008239, -5.541452308261794357 ) ) ;
#663 = ORIENTED_EDGE ( 'NONE', *, *, #6881, .T. ) ;
#664 = CARTESIAN_POINT ( 'NONE',  ( 6.897978119328096902, 2.079949199898024403, -9.806114451437123236 ) ) ;
#665 = DIRECTION ( 'NONE',  ( -0.000000000000000000, -1.000000000000000000, -0.000000000000000000 ) ) ;
#666 = VECTOR ( 'NONE', #3829, 1000.000000000000000 ) ;
#667 = CARTESIAN_POINT ( 'NONE',  ( 8.613776862669308088, -0.3200508001019938820, 1.595540930283927850 ) ) ;
#668 = EDGE_LOOP ( 'NONE', ( #7626, #1718, #4624, #6468 ) ) ;
#669 = CARTESIAN_POINT ( 'NONE',  ( 7.875148599050264764, 2.579949199897999090, -28.15699999999999292 ) ) ;
#670 = DIRECTION ( 'NONE',  ( 0.000000000000000000, -1.000000000000000000, 0.000000000000000000 ) ) ;
#671 = CARTESIAN_POINT ( 'NONE',  ( 0.7228355895368472339, 2.079949199898003975, 21.46773321093940012 ) ) ;
#672 = CARTESIAN_POINT ( 'NONE',  ( 9.697697526118613354, 3.379949199898008239, -2.969235531611509771 ) ) ;
#673 = DIRECTION ( 'NONE',  ( -0.000000000000000000, -1.000000000000000000, -0.000000000000000000 ) ) ;
#674 = CIRCLE ( 'NONE', #6168, 1.000000000000000444 ) ;
#675 = VERTEX_POINT ( 'NONE', #4427 ) ;
#676 = ADVANCED_FACE ( 'NONE', ( #9663 ), #8131, .T. ) ;
#677 = EDGE_CURVE ( 'NONE', #8752, #6893, #1086, .T. ) ;
#678 = CARTESIAN_POINT ( 'NONE',  ( 21.15717546953937855, 3.379949199898008239, -14.79266425619381486 ) ) ;
#679 = CARTESIAN_POINT ( 'NONE',  ( -15.89664954711108180, 1.079949199898074363, 18.34734742094131121 ) ) ;
#680 = DIRECTION ( 'NONE',  ( -0.000000000000000000, -1.000000000000000000, -0.000000000000000000 ) ) ;
#681 = ORIENTED_EDGE ( 'NONE', *, *, #8638, .F. ) ;
#682 = DIRECTION ( 'NONE',  ( -1.858632295689436004E-15, 0.000000000000000000, 1.000000000000000000 ) ) ;
#683 = CARTESIAN_POINT ( 'NONE',  ( 0.000000000000000000, 0.000000000000000000, 0.000000000000000000 ) ) ;
#684 = CIRCLE ( 'NONE', #5701, 26.35000000000000497 ) ;
#685 = LINE ( 'NONE', #4440, #1684 ) ;
#686 = B_SPLINE_SURFACE_WITH_KNOTS ( 'NONE', 3, 1, ( 
 ( #876, #3124 ),
 ( #131, #6836 ),
 ( #4634, #3175 ),
 ( #6196, #4493 ) ),
 .UNSPECIFIED., .F., .F., .F.,
 ( 4, 4 ),
 ( 2, 2 ),
 ( 0.000000000000000000, 1.000000000000000000 ),
 ( 0.000000000000000000, 1.000000000000000000 ),
 .UNSPECIFIED. ) ;
#687 = FACE_OUTER_BOUND ( 'NONE', #8113, .T. ) ;
#688 = FACE_OUTER_BOUND ( 'NONE', #1547, .T. ) ;
#689 = CARTESIAN_POINT ( 'NONE',  ( 8.389831127856513859, -0.3200508001019938820, -7.730162278684646004 ) ) ;
#690 = CARTESIAN_POINT ( 'NONE',  ( -1.905255239212023222, 22.26046457370629739, -1.099999625233993639 ) ) ;
#691 = ORIENTED_EDGE ( 'NONE', *, *, #2312, .F. ) ;
#692 = CARTESIAN_POINT ( 'NONE',  ( -15.92528236285745180, 1.079949199898010637, 18.31143984621597909 ) ) ;
#693 = ORIENTED_EDGE ( 'NONE', *, *, #789, .F. ) ;
#694 = CARTESIAN_POINT ( 'NONE',  ( -5.510243224440257492, -0.5200508001019926718, 2.706025421298513756 ) ) ;
#695 = EDGE_CURVE ( 'NONE', #4209, #1272, #4613, .T. ) ;
#696 = CARTESIAN_POINT ( 'NONE',  ( -6.902021880671902920, 2.079949199898024403, -9.806114451437126789 ) ) ;
#697 = CARTESIAN_POINT ( 'NONE',  ( -10.62374203818735552, 0.6799491998977191809, -1.211560395437407900 ) ) ;
#698 = ORIENTED_EDGE ( 'NONE', *, *, #6920, .T. ) ;
#699 = ADVANCED_FACE ( 'NONE', ( #8524 ), #3150, .F. ) ;
#700 = CARTESIAN_POINT ( 'NONE',  ( 8.492053199806514741, -0.3200508001019928273, 1.695759748925204091 ) ) ;
#701 = CARTESIAN_POINT ( 'NONE',  ( 14.67388897830966421, 2.079949199886264477, 19.43890940600613604 ) ) ;
#702 = ORIENTED_EDGE ( 'NONE', *, *, #3731, .F. ) ;
#703 = CARTESIAN_POINT ( 'NONE',  ( -4.459224883258029237, 3.379949199898008239, 6.818994293679510932 ) ) ;
#704 = CARTESIAN_POINT ( 'NONE',  ( 15.95879998146672207, 2.079949199897995982, -18.26397185512229271 ) ) ;
#705 = CARTESIAN_POINT ( 'NONE',  ( -3.136945145172829630, 3.379949199898008239, -7.036270077619079188 ) ) ;
#706 = VERTEX_POINT ( 'NONE', #5419 ) ;
#707 = CARTESIAN_POINT ( 'NONE',  ( -17.23131124203197473, 3.379949199898008239, -18.86320297791349176 ) ) ;
#708 = EDGE_CURVE ( 'NONE', #2903, #2788, #8161, .T. ) ;
#709 = CARTESIAN_POINT ( 'NONE',  ( 14.68284181377946673, 1.079949199898004197, 20.03142652189907125 ) ) ;
#710 = CARTESIAN_POINT ( 'NONE',  ( 6.735806887627107997, 0.6799491998980070617, 5.805744608149336905 ) ) ;
#711 = ORIENTED_EDGE ( 'NONE', *, *, #1487, .F. ) ;
#712 = DIRECTION ( 'NONE',  ( 0.000000000000000000, 0.000000000000000000, -1.000000000000000000 ) ) ;
#713 = ADVANCED_FACE ( 'NONE', ( #946 ), #3939, .F. ) ;
#714 = CARTESIAN_POINT ( 'NONE',  ( -15.99407194726161485, 1.212435731910087133, 18.20803969484854790 ) ) ;
#715 = B_SPLINE_CURVE_WITH_KNOTS ( 'NONE', 3,
 ( #3801, #9708, #9622, #21 ),
 .UNSPECIFIED., .F., .F.,
 ( 4, 4 ),
 ( 0.0006086828222899346406, 0.001467201938910539603 ),
 .UNSPECIFIED. ) ;
#716 = CARTESIAN_POINT ( 'NONE',  ( 25.51331937384175674, 1.079949199897997758, 5.875506842993677203 ) ) ;
#717 = CARTESIAN_POINT ( 'NONE',  ( 7.806469671006824207, -0.5200508001019926718, 0.7024206168879083556 ) ) ;
#718 = DIRECTION ( 'NONE',  ( 0.000000000000000000, -1.000000000000000000, 0.000000000000000000 ) ) ;
#719 = VERTEX_POINT ( 'NONE', #7883 ) ;
#720 = CARTESIAN_POINT ( 'NONE',  ( 11.61396751768383417, 0.000000000000000000, 4.199792673238191831 ) ) ;
#721 = CARTESIAN_POINT ( 'NONE',  ( -15.13375763984824296, 2.079949199897994205, 17.69881581307573626 ) ) ;
#722 = DIRECTION ( 'NONE',  ( 0.000000000000000000, 1.000000000000000000, 0.000000000000000000 ) ) ;
#723 = ORIENTED_EDGE ( 'NONE', *, *, #1680, .T. ) ;
#724 = CARTESIAN_POINT ( 'NONE',  ( -10.09309506776799203, 0.000000000000000000, -21.88175196393325805 ) ) ;
#725 = DIRECTION ( 'NONE',  ( 0.000000000000000000, 0.000000000000000000, 1.000000000000000000 ) ) ;
#726 = FACE_OUTER_BOUND ( 'NONE', #4133, .T. ) ;
#727 = CARTESIAN_POINT ( 'NONE',  ( 8.789756262969275369, 2.079949199898003975, 21.91405727865996411 ) ) ;
#728 = CARTESIAN_POINT ( 'NONE',  ( 15.88889922360203144, 1.079949199900565038, 18.35848383869985412 ) ) ;
#729 = CARTESIAN_POINT ( 'NONE',  ( 8.952859025203178334, 0.6799491998980070617, -8.558627521389739812 ) ) ;
#730 = B_SPLINE_CURVE_WITH_KNOTS ( 'NONE', 3,
 ( #7171, #8105, #2783, #4889 ),
 .UNSPECIFIED., .F., .F.,
 ( 4, 4 ),
 ( 0.000000000000000000, 0.0005099057794447220404 ),
 .UNSPECIFIED. ) ;
#731 = LINE ( 'NONE', #8156, #8990 ) ;
#732 = EDGE_LOOP ( 'NONE', ( #5947, #1650, #7577, #7491 ) ) ;
#733 = FACE_OUTER_BOUND ( 'NONE', #2427, .T. ) ;
#734 = ORIENTED_EDGE ( 'NONE', *, *, #2728, .F. ) ;
#735 = DIRECTION ( 'NONE',  ( -0.000000000000000000, -1.000000000000000000, -0.000000000000000000 ) ) ;
#736 = ADVANCED_FACE ( 'NONE', ( #3496 ), #9091, .F. ) ;
#737 = FACE_OUTER_BOUND ( 'NONE', #2403, .T. ) ;
#738 = CARTESIAN_POINT ( 'NONE',  ( -8.874060540595129609, 0.6799491998980070617, -7.361793848794536466 ) ) ;
#739 = CARTESIAN_POINT ( 'NONE',  ( -11.54826062565588174, 2.079949199898003975, 22.40217264361941218 ) ) ;
#740 = CARTESIAN_POINT ( 'NONE',  ( 24.52050852697333383, 2.079949199898003975, 5.755812973725427106 ) ) ;
#741 = AXIS2_PLACEMENT_3D ( 'NONE', #2837, #5695, #5845 ) ;
#742 = CARTESIAN_POINT ( 'NONE',  ( 14.00000000000000355, 80.31423269831148559, 25.49999999999999645 ) ) ;
#743 = EDGE_LOOP ( 'NONE', ( #8749, #566, #5751, #1166 ) ) ;
#744 = CARTESIAN_POINT ( 'NONE',  ( -4.077869669792796969, 3.379949199898008239, 7.963353714786881810 ) ) ;
#745 = EDGE_CURVE ( 'NONE', #9315, #9619, #7522, .T. ) ;
#746 = CARTESIAN_POINT ( 'NONE',  ( 15.95089565482223470, 1.079949199898049494, -18.27526954692062944 ) ) ;
#747 = CARTESIAN_POINT ( 'NONE',  ( 0.5694618571381547811, 3.379949199898008239, -6.130601451594168694 ) ) ;
#748 = ORIENTED_EDGE ( 'NONE', *, *, #1085, .T. ) ;
#749 = FACE_OUTER_BOUND ( 'NONE', #2964, .T. ) ;
#750 = VECTOR ( 'NONE', #3554, 1000.000000000000000 ) ;
#751 = DIRECTION ( 'NONE',  ( 0.000000000000000000, -0.000000000000000000, -1.000000000000000000 ) ) ;
#752 = B_SPLINE_SURFACE_WITH_KNOTS ( 'NONE', 3, 1, ( 
 ( #8481, #7549 ),
 ( #817, #2424 ),
 ( #5323, #1601 ),
 ( #5425, #766 ),
 ( #6962, #3808 ),
 ( #6823, #6180 ),
 ( #113, #3894 ),
 ( #218, #71 ),
 ( #902, #3104 ),
 ( #3062, #3756 ) ),
 .UNSPECIFIED., .F., .F., .F.,
 ( 4, 2, 2, 2, 4 ),
 ( 2, 2 ),
 ( 0.000000000000000000, 0.1250000000000000000, 0.2500000000000000000, 0.5000000000000000000, 1.000000000000000000 ),
 ( 0.000000000000000000, 1.000000000000000000 ),
 .UNSPECIFIED. ) ;
#753 = CARTESIAN_POINT ( 'NONE',  ( 7.208906077100433407, 0.6799491998980070617, 4.120034761690967606 ) ) ;
#754 = ORIENTED_EDGE ( 'NONE', *, *, #1575, .F. ) ;
#755 = CARTESIAN_POINT ( 'NONE',  ( -17.23131124203193210, 0.000000000000000000, 18.86320297791347045 ) ) ;
#756 = VECTOR ( 'NONE', #6584, 1000.000000000000000 ) ;
#757 = CARTESIAN_POINT ( 'NONE',  ( -15.97147836695292433, 1.342379025241088986, 18.19483319085473028 ) ) ;
#758 = EDGE_CURVE ( 'NONE', #489, #3552, #3116, .T. ) ;
#759 = CARTESIAN_POINT ( 'NONE',  ( 25.57847377689376955, 1.079949199897997758, 5.403601807681488900 ) ) ;
#760 = DIRECTION ( 'NONE',  ( 0.000000000000000000, 0.000000000000000000, 1.000000000000000000 ) ) ;
#761 = ORIENTED_EDGE ( 'NONE', *, *, #6299, .T. ) ;
#762 = DIRECTION ( 'NONE',  ( 0.000000000000000000, 1.000000000000000000, -0.000000000000000000 ) ) ;
#763 = ORIENTED_EDGE ( 'NONE', *, *, #6748, .T. ) ;
#764 = EDGE_CURVE ( 'NONE', #5467, #5908, #5962, .T. ) ;
#765 = CARTESIAN_POINT ( 'NONE',  ( 25.51331937384174608, 1.079949199897995760, 5.875506842993734935 ) ) ;
#766 = CARTESIAN_POINT ( 'NONE',  ( 15.92528236285746246, -2.168404344971008868E-16, -18.31143984621599685 ) ) ;
#767 = DIRECTION ( 'NONE',  ( 0.4999999999999944489, 0.000000000000000000, 0.8660254037844418162 ) ) ;
#768 = EDGE_LOOP ( 'NONE', ( #9611, #5510, #2946, #235 ) ) ;
#769 = CARTESIAN_POINT ( 'NONE',  ( 4.157332302905997423, -6.832479122453917419, 24.60120094879952291 ) ) ;
#770 = DIRECTION ( 'NONE',  ( 0.000000000000000000, 0.000000000000000000, 1.000000000000000000 ) ) ;
#771 = DIRECTION ( 'NONE',  ( 0.000000000000000000, 0.000000000000000000, -1.000000000000000000 ) ) ;
#772 = EDGE_CURVE ( 'NONE', #6446, #5951, #5532, .T. ) ;
#773 = CARTESIAN_POINT ( 'NONE',  ( 26.93282224811140679, -1.387778780781445676E-14, -5.815873627420203640 ) ) ;
#774 = CARTESIAN_POINT ( 'NONE',  ( 15.17887324216674294, 0.000000000000000000, 19.06130870443213254 ) ) ;
#775 = VECTOR ( 'NONE', #543, 1000.000000000000000 ) ;
#776 = CARTESIAN_POINT ( 'NONE',  ( -8.161437285285410681, 3.379949199898008239, 24.49162981681099893 ) ) ;
#777 = CIRCLE ( 'NONE', #1561, 1.399999999999998579 ) ;
#778 = PLANE ( 'NONE',  #5053 ) ;
#779 = EDGE_LOOP ( 'NONE', ( #8855, #9187, #7801 ) ) ;
#780 = CARTESIAN_POINT ( 'NONE',  ( -15.97641246708857565, 1.431146867680865853E-14, 18.23922647316585000 ) ) ;
#781 = VERTEX_POINT ( 'NONE', #507 ) ;
#782 = AXIS2_PLACEMENT_3D ( 'NONE', #3027, #6041, #3311 ) ;
#783 = CARTESIAN_POINT ( 'NONE',  ( -5.758582356198819419, 3.379949199898008239, 2.369011831079294250 ) ) ;
#784 = CYLINDRICAL_SURFACE ( 'NONE', #9421, 0.5000000000000004441 ) ;
#785 = AXIS2_PLACEMENT_3D ( 'NONE', #2898, #5859, #8163 ) ;
#786 = FACE_OUTER_BOUND ( 'NONE', #8655, .T. ) ;
#787 = VECTOR ( 'NONE', #8052, 1000.000000000000000 ) ;
#788 = CARTESIAN_POINT ( 'NONE',  ( -8.916873867846369706, 0.6799491998980070617, -8.580647233493932546 ) ) ;
#789 = EDGE_CURVE ( 'NONE', #6712, #8098, #2966, .T. ) ;
#790 = CARTESIAN_POINT ( 'NONE',  ( 3.268604950892648908, -0.3200508001019929383, 10.68267305349034935 ) ) ;
#791 = DIRECTION ( 'NONE',  ( 0.000000000000000000, -1.000000000000000000, -0.000000000000000000 ) ) ;
#792 = AXIS2_PLACEMENT_3D ( 'NONE', #8380, #2421, #858 ) ;
#793 = CARTESIAN_POINT ( 'NONE',  ( -5.885660507100659800, 0.6799491998974045437, 4.722479400280093387 ) ) ;
#794 = CIRCLE ( 'NONE', #3770, 27.75000000000000355 ) ;
#795 = ORIENTED_EDGE ( 'NONE', *, *, #2682, .T. ) ;
#796 = CARTESIAN_POINT ( 'NONE',  ( 8.739691509180811835, 3.379949199898008239, -5.782132388302774650 ) ) ;
#797 = CARTESIAN_POINT ( 'NONE',  ( 0.000000000000000000, 0.000000000000000000, 0.000000000000000000 ) ) ;
#798 = CARTESIAN_POINT ( 'NONE',  ( -6.318594350640745816, 3.379949199898008239, 1.757993006381758372 ) ) ;
#799 = ORIENTED_EDGE ( 'NONE', *, *, #2213, .F. ) ;
#800 = CARTESIAN_POINT ( 'NONE',  ( -25.99341783967392061, 1.079949199897997758, 0.9007599228277731740 ) ) ;
#801 = AXIS2_PLACEMENT_3D ( 'NONE', #2600, #990, #9198 ) ;
#802 = CIRCLE ( 'NONE', #2215, 3.924999999999956302 ) ;
#803 = CARTESIAN_POINT ( 'NONE',  ( -4.157332302906002752, 2.079949199898003975, 24.60120094879952646 ) ) ;
#804 = CARTESIAN_POINT ( 'NONE',  ( 6.754972684913552072, 0.6799491998980070617, 5.553868712160165977 ) ) ;
#805 = CARTESIAN_POINT ( 'NONE',  ( -9.302021880671901499, 2.079949199898026180, -23.45192124411338952 ) ) ;
#806 = CARTESIAN_POINT ( 'NONE',  ( -9.302021880671901499, 2.579949199898003975, -23.45192124411338952 ) ) ;
#807 = AXIS2_PLACEMENT_3D ( 'NONE', #5483, #1613, #1703 ) ;
#808 = CIRCLE ( 'NONE', #7065, 3.925000000000004707 ) ;
#809 = CARTESIAN_POINT ( 'NONE',  ( -15.94330215071191148, 1.341888598815469846, 18.24108854785223954 ) ) ;
#810 = EDGE_CURVE ( 'NONE', #9315, #5342, #6903, .T. ) ;
#811 = CARTESIAN_POINT ( 'NONE',  ( 7.597978119328103297, 2.579949199898003975, -11.00611445143712253 ) ) ;
#812 = CARTESIAN_POINT ( 'NONE',  ( -7.602021880671909315, 2.579949199898003975, 0.000000000000000000 ) ) ;
#813 = EDGE_LOOP ( 'NONE', ( #938, #3678, #6242, #2278, #5853, #7874, #3723 ) ) ;
#814 = CARTESIAN_POINT ( 'NONE',  ( 13.54605529624635274, 2.079949199897992873, 21.59755974153962299 ) ) ;
#815 = ORIENTED_EDGE ( 'NONE', *, *, #3981, .T. ) ;
#816 = CARTESIAN_POINT ( 'NONE',  ( 26.93305267092897992, 0.000000000000000000, 5.814235021368359568 ) ) ;
#817 = CARTESIAN_POINT ( 'NONE',  ( 15.99099185830266734, 1.079949199898053269, -18.21385627110458927 ) ) ;
#818 = EDGE_CURVE ( 'NONE', #8828, #425, #4515, .T. ) ;
#819 = CARTESIAN_POINT ( 'NONE',  ( 10.68223522187147267, 1.079949199898004197, 22.90217264361945837 ) ) ;
#820 = ORIENTED_EDGE ( 'NONE', *, *, #9002, .F. ) ;
#821 = CARTESIAN_POINT ( 'NONE',  ( -5.383696924591212962, -0.3200508001019800042, -8.752820880454251551 ) ) ;
#822 = CARTESIAN_POINT ( 'NONE',  ( 13.54898165352187256, 2.079949199897998646, -21.59708892837407035 ) ) ;
#823 = CARTESIAN_POINT ( 'NONE',  ( -25.57810035236385815, 1.079949199897993761, -5.406252686740802282 ) ) ;
#824 = CIRCLE ( 'NONE', #1293, 0.4000000000000010214 ) ;
#825 = CARTESIAN_POINT ( 'NONE',  ( 7.945904289158303158, 3.379949199898008239, -25.65800147412661403 ) ) ;
#826 = DIRECTION ( 'NONE',  ( -6.938893903907222067E-15, 0.000000000000000000, -1.000000000000000000 ) ) ;
#827 = CARTESIAN_POINT ( 'NONE',  ( 4.260174413974461949, -0.3200508001019938820, -8.650569752233060683 ) ) ;
#828 = CARTESIAN_POINT ( 'NONE',  ( 0.000000000000000000, 0.000000000000000000, 0.000000000000000000 ) ) ;
#829 = AXIS2_PLACEMENT_3D ( 'NONE', #1806, #4685, #7708 ) ;
#830 = EDGE_CURVE ( 'NONE', #9493, #5353, #5313, .T. ) ;
#831 = CARTESIAN_POINT ( 'NONE',  ( 13.99999999999999645, 80.31423269831148559, -25.49999999999999645 ) ) ;
#832 = CARTESIAN_POINT ( 'NONE',  ( -15.88889922360257145, 0.000000000000000000, 18.35848383869919687 ) ) ;
#833 = EDGE_LOOP ( 'NONE', ( #2252, #6412, #1476, #1075 ) ) ;
#834 = EDGE_CURVE ( 'NONE', #539, #8413, #2709, .T. ) ;
#835 = CYLINDRICAL_SURFACE ( 'NONE', #7699, 2.800000000000000266 ) ;
#836 = CARTESIAN_POINT ( 'NONE',  ( -2.635564022543980922, -0.5200508001019926718, -6.763631367248699178 ) ) ;
#837 = AXIS2_PLACEMENT_3D ( 'NONE', #8725, #1985, #4969 ) ;
#838 = LINE ( 'NONE', #6052, #1254 ) ;
#839 = CARTESIAN_POINT ( 'NONE',  ( -10.11422338053028369, -0.3200508001019938820, -5.886873534359497562 ) ) ;
#840 = DIRECTION ( 'NONE',  ( 0.000000000000000000, 0.000000000000000000, -1.000000000000000000 ) ) ;
#841 = CARTESIAN_POINT ( 'NONE',  ( 10.19100195799122588, -0.3200508001019928273, -5.752943925374224499 ) ) ;
#842 = FACE_OUTER_BOUND ( 'NONE', #2772, .T. ) ;
#843 = VERTEX_POINT ( 'NONE', #5610 ) ;
#844 = CARTESIAN_POINT ( 'NONE',  ( 1.472265383345497725, 3.379949199898008239, 10.25939922876456656 ) ) ;
#845 = EDGE_CURVE ( 'NONE', #6846, #3742, #9396, .T. ) ;
#846 = CARTESIAN_POINT ( 'NONE',  ( 15.13760620209372831, 2.079949199897994205, -17.69332242095179808 ) ) ;
#847 = CARTESIAN_POINT ( 'NONE',  ( 3.569763106655731821, 3.379949199898008239, -7.233957525080598749 ) ) ;
#848 = ORIENTED_EDGE ( 'NONE', *, *, #4031, .F. ) ;
#849 = DIRECTION ( 'NONE',  ( 0.000000000000000000, 1.000000000000000000, -0.000000000000000000 ) ) ;
#850 = PLANE ( 'NONE',  #6590 ) ;
#851 = CARTESIAN_POINT ( 'NONE',  ( 5.900495970907987164, -0.3200508001019938820, 4.694887804187349190 ) ) ;
#852 = CARTESIAN_POINT ( 'NONE',  ( -15.97147836695292433, 1.342379025241088986, 18.19483319085473028 ) ) ;
#853 = DIRECTION ( 'NONE',  ( -2.775557561562892929E-15, 0.000000000000000000, -1.000000000000000000 ) ) ;
#854 = EDGE_CURVE ( 'NONE', #6551, #1940, #4124, .T. ) ;
#855 = CARTESIAN_POINT ( 'NONE',  ( -14.15367920906879284, 2.050722217337165976, 21.36455273103543817 ) ) ;
#856 = FACE_OUTER_BOUND ( 'NONE', #468, .T. ) ;
#857 = ORIENTED_EDGE ( 'NONE', *, *, #7184, .F. ) ;
#858 = DIRECTION ( 'NONE',  ( 2.312964634635740689E-15, 0.000000000000000000, -1.000000000000000000 ) ) ;
#859 = VERTEX_POINT ( 'NONE', #1878 ) ;
#860 = CARTESIAN_POINT ( 'NONE',  ( 24.54086003266019489, 2.079949199897994205, 5.587005709554871302 ) ) ;
#861 = CARTESIAN_POINT ( 'NONE',  ( 20.70000000000011653, 1.079949199897997758, 20.69999999999988916 ) ) ;
#862 = CARTESIAN_POINT ( 'NONE',  ( -0.3078688347614837451, -0.5200508001019920057, -7.266001752005319503 ) ) ;
#863 = ORIENTED_EDGE ( 'NONE', *, *, #3993, .T. ) ;
#864 = CARTESIAN_POINT ( 'NONE',  ( 5.922320688123341448, -0.3200508001019800042, -8.704738941881270620 ) ) ;
#865 = ORIENTED_EDGE ( 'NONE', *, *, #1546, .F. ) ;
#866 = DIRECTION ( 'NONE',  ( 1.156482317317870344E-15, 0.000000000000000000, -1.000000000000000000 ) ) ;
#867 = DIRECTION ( 'NONE',  ( -3.469446951953611033E-15, 0.000000000000000000, 1.000000000000000000 ) ) ;
#868 = DIRECTION ( 'NONE',  ( -0.4999999999999956146, 0.000000000000000000, 0.8660254037844412611 ) ) ;
#869 = EDGE_CURVE ( 'NONE', #1272, #4437, #295, .T. ) ;
#870 = CARTESIAN_POINT ( 'NONE',  ( 0.6954933575745474439, 0.6799491998980071727, -8.380572062465931893 ) ) ;
#871 = CARTESIAN_POINT ( 'NONE',  ( 0.000000000000000000, 0.000000000000000000, 0.000000000000000000 ) ) ;
#872 = DIRECTION ( 'NONE',  ( 0.000000000000000000, -1.000000000000000000, 0.000000000000000000 ) ) ;
#873 = CARTESIAN_POINT ( 'NONE',  ( 11.61388933753185704, 1.079949199898004197, -4.200008863748412757 ) ) ;
#874 = CARTESIAN_POINT ( 'NONE',  ( 25.58672029201543552, 4.336808689942017736E-16, -5.350348029190032051 ) ) ;
#875 = EDGE_LOOP ( 'NONE', ( #3388, #5956, #4994, #4811 ) ) ;
#876 = CARTESIAN_POINT ( 'NONE',  ( 13.37653562345046332, 3.379949199898008239, 21.62483327182261306 ) ) ;
#877 = CARTESIAN_POINT ( 'NONE',  ( 2.850721539414947880, -0.5200508001019926718, -6.877452713579394583 ) ) ;
#878 = EDGE_CURVE ( 'NONE', #1150, #4719, #8667, .T. ) ;
#879 = DIRECTION ( 'NONE',  ( 0.000000000000000000, 0.000000000000000000, -1.000000000000000000 ) ) ;
#880 = CARTESIAN_POINT ( 'NONE',  ( -4.351157467379267452, 0.6799491998980072838, -8.663803704783948234 ) ) ;
#881 = ADVANCED_FACE ( 'NONE', ( #1091 ), #140, .T. ) ;
#882 = PLANE ( 'NONE',  #4506 ) ;
#883 = CARTESIAN_POINT ( 'NONE',  ( 20.87844544752079656, 1.079949199897997758, -14.37751771673045909 ) ) ;
#884 = CARTESIAN_POINT ( 'NONE',  ( 14.75271382385233387, 2.079949199897994205, 18.09632607041791630 ) ) ;
#885 = ORIENTED_EDGE ( 'NONE', *, *, #3601, .F. ) ;
#886 = CARTESIAN_POINT ( 'NONE',  ( -3.165692773065857502, 3.379949199898008239, 9.219995453349143943 ) ) ;
#887 = CARTESIAN_POINT ( 'NONE',  ( 15.94641446714760491, 2.079949199898055934, -18.28157442061652205 ) ) ;
#888 = CARTESIAN_POINT ( 'NONE',  ( -0.1793760781567278473, 1.071559363101870499, 22.39838395242482250 ) ) ;
#889 = ORIENTED_EDGE ( 'NONE', *, *, #8310, .F. ) ;
#890 = DIRECTION ( 'NONE',  ( 0.000000000000000000, 0.000000000000000000, -1.000000000000000000 ) ) ;
#891 = CARTESIAN_POINT ( 'NONE',  ( -4.834673448592520018, -0.3200508001019800042, 9.214614740553079386 ) ) ;
#892 = CARTESIAN_POINT ( 'NONE',  ( 5.737343473342048306, 0.6799491998980254914, 5.749867201473672473 ) ) ;
#893 = CARTESIAN_POINT ( 'NONE',  ( 14.07654148427696761, 2.079949199898004419, -21.40388029412657289 ) ) ;
#894 = CARTESIAN_POINT ( 'NONE',  ( 10.67303918438835098, 80.31423269831148559, -23.41746387032907606 ) ) ;
#895 = CARTESIAN_POINT ( 'NONE',  ( -15.35375182959288054, 2.047915940351281883, 17.83509866843443703 ) ) ;
#896 = AXIS2_PLACEMENT_3D ( 'NONE', #2888, #2287, #771 ) ;
#897 = CARTESIAN_POINT ( 'NONE',  ( -14.41291706803174222, 1.942433293840206465, 21.23694319724314994 ) ) ;
#898 = DIRECTION ( 'NONE',  ( 0.000000000000000000, 1.000000000000000000, 0.000000000000000000 ) ) ;
#899 = ORIENTED_EDGE ( 'NONE', *, *, #8988, .T. ) ;
#900 = CARTESIAN_POINT ( 'NONE',  ( 15.84066680030069385, 1.580708321570680086, 18.20244989645490818 ) ) ;
#901 = CARTESIAN_POINT ( 'NONE',  ( -10.40203626958775907, 80.31423269831148559, -23.93147139183318473 ) ) ;
#902 = CARTESIAN_POINT ( 'NONE',  ( 14.79177809833739765, 1.079949199898053269, -19.36139349711870494 ) ) ;
#903 = EDGE_CURVE ( 'NONE', #73, #7365, #2498, .T. ) ;
#904 = CARTESIAN_POINT ( 'NONE',  ( -8.503374646534282988, -0.5200508001019920057, 1.692828242934562466 ) ) ;
#905 = ORIENTED_EDGE ( 'NONE', *, *, #8937, .F. ) ;
#906 = CARTESIAN_POINT ( 'NONE',  ( -10.47561168127175613, -0.5200508001019856774, -5.573215990363257433 ) ) ;
#907 = VERTEX_POINT ( 'NONE', #4958 ) ;
#908 = CARTESIAN_POINT ( 'NONE',  ( 15.63317970514351707, 1.878844081873497274, 18.05847693528298592 ) ) ;
#909 = B_SPLINE_SURFACE_WITH_KNOTS ( 'NONE', 3, 1, ( 
 ( #716, #2233 ),
 ( #5220, #20 ),
 ( #8922, #7542 ),
 ( #4471, #6857 ),
 ( #9018, #107 ),
 ( #6120, #5370 ),
 ( #7489, #5173 ),
 ( #759, #3702 ) ),
 .UNSPECIFIED., .F., .F., .F.,
 ( 4, 1, 1, 2, 4 ),
 ( 2, 2 ),
 ( 0.000000000000000000, 0.4999999999999960032, 0.7499999999999952260, 0.8749999999999975575, 1.000000000000000000 ),
 ( 0.000000000000000000, 1.000000000000000000 ),
 .UNSPECIFIED. ) ;
#910 = CARTESIAN_POINT ( 'NONE',  ( 15.76490858464357814, 1.711463555705929229, -18.14994628737977322 ) ) ;
#911 = CARTESIAN_POINT ( 'NONE',  ( -4.600344388657384265, -0.5200508001019926718, 5.014575595627854376 ) ) ;
#912 = VECTOR ( 'NONE', #5767, 1000.000000000000000 ) ;
#913 = CARTESIAN_POINT ( 'NONE',  ( 1.243631075532365182, 0.6799491998980071727, -8.545721189070270896 ) ) ;
#914 = DIRECTION ( 'NONE',  ( 0.000000000000000000, 1.000000000000000000, -0.000000000000000000 ) ) ;
#915 = CARTESIAN_POINT ( 'NONE',  ( 4.157332302905997423, -6.832479122453917419, 24.60120094879952291 ) ) ;
#916 = CARTESIAN_POINT ( 'NONE',  ( 10.02538718874732027, 1.079949199897997758, 21.26447847739673591 ) ) ;
#917 = CARTESIAN_POINT ( 'NONE',  ( 25.99338436484189074, 0.000000000000000000, 1.805135512049809376 ) ) ;
#918 = AXIS2_PLACEMENT_3D ( 'NONE', #9200, #2459, #8466 ) ;
#919 = ORIENTED_EDGE ( 'NONE', *, *, #1546, .T. ) ;
#920 = CARTESIAN_POINT ( 'NONE',  ( 2.009852741203741466, -0.3200508001019929383, -7.790288684364923277 ) ) ;
#921 = DIRECTION ( 'NONE',  ( 6.938893903907232322E-16, 0.000000000000000000, -1.000000000000000000 ) ) ;
#922 = EDGE_LOOP ( 'NONE', ( #4409, #8901, #2595, #7831 ) ) ;
#923 = EDGE_CURVE ( 'NONE', #7445, #6254, #4574, .T. ) ;
#924 = CARTESIAN_POINT ( 'NONE',  ( -14.31607112324563857, 2.079949199897993761, 18.46044985439763408 ) ) ;
#925 = CARTESIAN_POINT ( 'NONE',  ( -6.279803429424727135, 0.6799491998980069507, -8.613092449769714776 ) ) ;
#926 = AXIS2_PLACEMENT_3D ( 'NONE', #5932, #5736, #4981 ) ;
#927 = CARTESIAN_POINT ( 'NONE',  ( -26.95187520541788118, 0.000000000000000000, 5.683130994304844918 ) ) ;
#928 = CARTESIAN_POINT ( 'NONE',  ( -27.10533863467400195, 3.379949199898008239, -4.692078949817560130 ) ) ;
#929 = AXIS2_PLACEMENT_3D ( 'NONE', #9706, #670, #8971 ) ;
#930 = ADVANCED_FACE ( 'NONE', ( #380 ), #5441, .T. ) ;
#931 = VERTEX_POINT ( 'NONE', #9333 ) ;
#932 = CARTESIAN_POINT ( 'NONE',  ( 15.93276900315365019, 2.079949199897933365, 18.30039769316131526 ) ) ;
#933 = ORIENTED_EDGE ( 'NONE', *, *, #5783, .T. ) ;
#934 = CARTESIAN_POINT ( 'NONE',  ( 3.275052800219853566, -0.5200508001019926718, -7.111894061741624640 ) ) ;
#935 = CIRCLE ( 'NONE', #7690, 20.00000000000000000 ) ;
#936 = DIRECTION ( 'NONE',  ( 0.000000000000000000, 1.000000000000000000, 0.000000000000000000 ) ) ;
#937 = CARTESIAN_POINT ( 'NONE',  ( 26.96198792745413542, 3.379949199898008239, 5.617818042358747377 ) ) ;
#938 = ORIENTED_EDGE ( 'NONE', *, *, #8658, .F. ) ;
#939 = CARTESIAN_POINT ( 'NONE',  ( -25.79048925594346642, -2.168404344971008868E-16, 3.833790708070784259 ) ) ;
#940 = AXIS2_PLACEMENT_3D ( 'NONE', #6632, #5176, #5731 ) ;
#941 = AXIS2_PLACEMENT_3D ( 'NONE', #1811, #4888, #1910 ) ;
#942 = FACE_OUTER_BOUND ( 'NONE', #3651, .T. ) ;
#943 = ADVANCED_FACE ( 'NONE', ( #4690 ), #7764, .T. ) ;
#944 = CARTESIAN_POINT ( 'NONE',  ( 0.3913227285850708337, 0.6799491998978339780, 11.68227145990696414 ) ) ;
#945 = CARTESIAN_POINT ( 'NONE',  ( 15.63318169350009690, 1.878844213156072085, -18.05847386910726371 ) ) ;
#946 = FACE_OUTER_BOUND ( 'NONE', #833, .T. ) ;
#947 = VECTOR ( 'NONE', #6177, 999.9999999999998863 ) ;
#948 = DIRECTION ( 'NONE',  ( -0.000000000000000000, -1.000000000000000000, -0.000000000000000000 ) ) ;
#949 = DIRECTION ( 'NONE',  ( 1.000000000000000000, 0.000000000000000000, 0.000000000000000000 ) ) ;
#950 = CIRCLE ( 'NONE', #6930, 1.000000000000000000 ) ;
#951 = VERTEX_POINT ( 'NONE', #4003 ) ;
#952 = CARTESIAN_POINT ( 'NONE',  ( -20.87844544752078946, 1.079949199897997758, 14.37751771673047152 ) ) ;
#953 = DIRECTION ( 'NONE',  ( 0.000000000000000000, 0.000000000000000000, -1.000000000000000000 ) ) ;
#954 = CARTESIAN_POINT ( 'NONE',  ( 20.69999999999989626, 0.000000000000000000, -20.70000000000010587 ) ) ;
#955 = AXIS2_PLACEMENT_3D ( 'NONE', #9555, #1979, #2085 ) ;
#956 = CARTESIAN_POINT ( 'NONE',  ( 10.17282824305040734, 0.6799491998980070617, -5.784505174237994929 ) ) ;
#957 = ORIENTED_EDGE ( 'NONE', *, *, #9222, .T. ) ;
#958 = CARTESIAN_POINT ( 'NONE',  ( 9.249902622280623987, -0.3200508001019800042, -7.239604070217035670 ) ) ;
#959 = ORIENTED_EDGE ( 'NONE', *, *, #488, .T. ) ;
#960 = CARTESIAN_POINT ( 'NONE',  ( 15.96496254783022195, 1.079949199900545942, 18.25551506576936589 ) ) ;
#961 = CARTESIAN_POINT ( 'NONE',  ( 15.12853249046231952, 2.079949199898003975, -17.70594342235054341 ) ) ;
#962 = CARTESIAN_POINT ( 'NONE',  ( -4.561828770676641831, -0.5200508001019926718, 5.312196305281433162 ) ) ;
#963 = AXIS2_PLACEMENT_3D ( 'NONE', #8523, #1637, #1038 ) ;
#964 = EDGE_CURVE ( 'NONE', #3245, #781, #5290, .T. ) ;
#965 = ADVANCED_FACE ( 'NONE', ( #3268 ), #2589, .F. ) ;
#966 = CARTESIAN_POINT ( 'NONE',  ( -0.4472525441709188088, 0.6799491998980071727, -8.334368901060940971 ) ) ;
#967 = DIRECTION ( 'NONE',  ( 0.000000000000000000, 1.000000000000000000, -0.000000000000000000 ) ) ;
#968 = DIRECTION ( 'NONE',  ( -0.000000000000000000, -1.000000000000000000, -0.000000000000000000 ) ) ;
#969 = DIRECTION ( 'NONE',  ( -0.000000000000000000, -1.000000000000000000, -0.000000000000000000 ) ) ;
#970 = CIRCLE ( 'NONE', #7881, 5.324999999999958433 ) ;
#971 = CARTESIAN_POINT ( 'NONE',  ( 20.70000000000011653, 80.31423269831148559, 20.69999999999988916 ) ) ;
#972 = ORIENTED_EDGE ( 'NONE', *, *, #7939, .T. ) ;
#973 = CARTESIAN_POINT ( 'NONE',  ( -8.016659979266391289, 2.579949199897999090, -23.15900294825323513 ) ) ;
#974 = DIRECTION ( 'NONE',  ( 0.000000000000000000, 0.000000000000000000, -1.000000000000000000 ) ) ;
#975 = EDGE_LOOP ( 'NONE', ( #2718, #6438, #3879, #6611 ) ) ;
#976 = EDGE_CURVE ( 'NONE', #6567, #7412, #1793, .T. ) ;
#977 = FACE_OUTER_BOUND ( 'NONE', #173, .T. ) ;
#978 = CARTESIAN_POINT ( 'NONE',  ( -2.062232904980581871, 0.6799491998980070617, -8.954017457706632044 ) ) ;
#979 = AXIS2_PLACEMENT_3D ( 'NONE', #7758, #2484, #3262 ) ;
#980 = CARTESIAN_POINT ( 'NONE',  ( 4.157332302905997423, 2.079949199898003975, 24.60120094879952646 ) ) ;
#981 = ADVANCED_FACE ( 'NONE', ( #9287 ), #7125, .F. ) ;
#982 = ORIENTED_EDGE ( 'NONE', *, *, #1181, .F. ) ;
#983 = CARTESIAN_POINT ( 'NONE',  ( 15.89686513663334289, 1.079949199898469825, 18.34707541333073522 ) ) ;
#984 = ORIENTED_EDGE ( 'NONE', *, *, #3687, .T. ) ;
#985 = CARTESIAN_POINT ( 'NONE',  ( 7.276775293261821709, -0.5200508001019926718, -7.002576490188578084 ) ) ;
#986 = AXIS2_PLACEMENT_3D ( 'NONE', #5691, #2680, #7952 ) ;
#987 = CARTESIAN_POINT ( 'NONE',  ( 15.94402185713571640, 1.079949199897995760, -18.28489019745084576 ) ) ;
#988 = CARTESIAN_POINT ( 'NONE',  ( 27.21330090588120854, 0.000000000000000000, -3.756234096847764548 ) ) ;
#989 = EDGE_LOOP ( 'NONE', ( #4942, #3183, #3950, #8402, #24, #6941 ) ) ;
#990 = DIRECTION ( 'NONE',  ( 0.000000000000000000, 1.000000000000000000, -0.000000000000000000 ) ) ;
#991 = EDGE_CURVE ( 'NONE', #7412, #2791, #234, .T. ) ;
#992 = CIRCLE ( 'NONE', #8536, 1.000000000000000888 ) ;
#993 = CARTESIAN_POINT ( 'NONE',  ( 9.271337228896715743, 80.31423269831148559, 26.15539726305211232 ) ) ;
#994 = B_SPLINE_SURFACE_WITH_KNOTS ( 'NONE', 3, 1, ( 
 ( #3739, #10 ),
 ( #3004, #6019 ),
 ( #9011, #2268 ),
 ( #4507, #7532 ),
 ( #57, #8368 ),
 ( #800, #8315 ),
 ( #4563, #4652 ),
 ( #5557, #6992 ),
 ( #3191, #939 ),
 ( #4706, #8562 ),
 ( #1729, #4796 ),
 ( #7035, #4015 ),
 ( #5511, #1675 ),
 ( #1824, #8414 ),
 ( #8517, #6165 ),
 ( #4848, #4068 ) ),
 .UNSPECIFIED., .F., .F., .F.,
 ( 4, 2, 2, 2, 1, 1, 1, 1, 2, 4 ),
 ( 2, 2 ),
 ( 0.000000000000000000, 0.2500000000000001110, 0.5000000000000002220, 0.7500000000000003331, 0.8750000000000004441, 0.9375000000000003331, 0.9687500000000002220, 0.9843750000000001110, 0.9921875000000001110, 1.000000000000000000 ),
 ( 0.000000000000000000, 1.000000000000000000 ),
 .UNSPECIFIED. ) ;
#995 = CARTESIAN_POINT ( 'NONE',  ( 6.575226673134442201, 0.6799491998980070617, 7.453634404619417175 ) ) ;
#996 = CARTESIAN_POINT ( 'NONE',  ( 15.78097484510189474, 1.689520304249483962, -18.16104888108135285 ) ) ;
#997 = CARTESIAN_POINT ( 'NONE',  ( -10.02538718874729540, 1.079949199897997758, 21.26447847739668973 ) ) ;
#998 = CARTESIAN_POINT ( 'NONE',  ( -15.54141101046527496, 1.953620257795358084, 17.99458787388148551 ) ) ;
#999 = CARTESIAN_POINT ( 'NONE',  ( -20.87844544752078946, 1.079949199897997758, 14.37751771673047152 ) ) ;
#1000 = CYLINDRICAL_SURFACE ( 'NONE', #4525, 2.000000000000000000 ) ;
#1001 = ORIENTED_EDGE ( 'NONE', *, *, #2741, .F. ) ;
#1002 = LINE ( 'NONE', #2660, #2979 ) ;
#1003 = EDGE_CURVE ( 'NONE', #7159, #3277, #5543, .T. ) ;
#1004 = CARTESIAN_POINT ( 'NONE',  ( -25.51333992287129249, 0.000000000000000000, 5.875394879198402087 ) ) ;
#1005 = DIRECTION ( 'NONE',  ( 0.000000000000000000, 0.000000000000000000, -1.000000000000000000 ) ) ;
#1006 = EDGE_CURVE ( 'NONE', #6966, #6267, #5641, .T. ) ;
#1007 = ORIENTED_EDGE ( 'NONE', *, *, #5434, .T. ) ;
#1008 = CARTESIAN_POINT ( 'NONE',  ( -4.336944746455612787, -0.3200508001019800042, -8.678943244958029268 ) ) ;
#1009 = DIRECTION ( 'NONE',  ( -0.000000000000000000, 1.000000000000000000, -0.000000000000000000 ) ) ;
#1010 = CARTESIAN_POINT ( 'NONE',  ( 15.44665403230526479, 2.001661986778433100, -17.92811078394596080 ) ) ;
#1011 = CARTESIAN_POINT ( 'NONE',  ( -1.734785425633447398, 3.379949199898008239, 10.15175079565704053 ) ) ;
#1012 = CARTESIAN_POINT ( 'NONE',  ( 3.357769617412709628, 0.6799491998980070617, -9.477211411859570944 ) ) ;
#1013 = DIRECTION ( 'NONE',  ( 0.000000000000000000, -1.000000000000000000, -0.000000000000000000 ) ) ;
#1014 = DIRECTION ( 'NONE',  ( 0.000000000000000000, 0.000000000000000000, 1.000000000000000000 ) ) ;
#1015 = FACE_OUTER_BOUND ( 'NONE', #875, .T. ) ;
#1016 = CARTESIAN_POINT ( 'NONE',  ( 25.57810035232022372, 0.000000000000000000, -5.406252687022702119 ) ) ;
#1017 = ORIENTED_EDGE ( 'NONE', *, *, #263, .F. ) ;
#1018 = CARTESIAN_POINT ( 'NONE',  ( 14.69373285873960100, 1.079949199898004641, 19.42586141862529203 ) ) ;
#1019 = CARTESIAN_POINT ( 'NONE',  ( -17.10079925302489556, 80.31423269831148559, -18.12582460135802975 ) ) ;
#1020 = ORIENTED_EDGE ( 'NONE', *, *, #2876, .F. ) ;
#1021 = DIRECTION ( 'NONE',  ( 0.000000000000000000, -1.000000000000000000, 0.000000000000000000 ) ) ;
#1022 = CARTESIAN_POINT ( 'NONE',  ( -4.351157467303135462, -0.3200508001019938820, -8.663803705163774183 ) ) ;
#1023 = DIRECTION ( 'NONE',  ( 0.000000000000000000, 0.000000000000000000, -1.000000000000000000 ) ) ;
#1024 = ADVANCED_FACE ( 'NONE', ( #3222 ), #4148, .F. ) ;
#1025 = ORIENTED_EDGE ( 'NONE', *, *, #9236, .T. ) ;
#1026 = CARTESIAN_POINT ( 'NONE',  ( 15.92626485927038615, 1.079949199898168288, 18.30901954951738020 ) ) ;
#1027 = ORIENTED_EDGE ( 'NONE', *, *, #8830, .F. ) ;
#1028 = CARTESIAN_POINT ( 'NONE',  ( 6.989970937829329323, 3.379949199898008239, -7.140352645419697275 ) ) ;
#1029 = B_SPLINE_CURVE_WITH_KNOTS ( 'NONE', 3,
 ( #2385, #4535, #77, #7557, #8390, #3815, #910, #3900, #3069, #9073, #1802, #4773, #6377, #1054, #7157, #2478, #8582, #412, #4038, #7796, #9364, #7012, #1010, #1753, #9219, #368, #3399, #8488, #4089, #4730, #3310, #7113 ),
 .UNSPECIFIED., .F., .F.,
 ( 4, 2, 2, 2, 1, 1, 2, 2, 2, 2, 1, 1, 2, 2, 2, 2, 2, 4 ),
 ( 0.000000000000000000, 0.2500000000000385803, 0.3750000000000576761, 0.4375000000000674460, 0.4687500000000725531, 0.4843750000000727196, 0.4921875000000704437, 0.5000000000000681677, 0.6250000000000622835, 0.6875000000000622835, 0.7187500000000620615, 0.7343750000000619504, 0.7421875000000620615, 0.7500000000000620615, 0.8125000000000524025, 0.8437500000000464073, 0.8750000000000403011, 1.000000000000000000 ),
 .UNSPECIFIED. ) ;
#1030 = CARTESIAN_POINT ( 'NONE',  ( 15.92615645385148504, 1.079949199897956236, -18.30916397770246462 ) ) ;
#1031 = DIRECTION ( 'NONE',  ( 0.000000000000000000, 0.000000000000000000, 1.000000000000000000 ) ) ;
#1032 = ORIENTED_EDGE ( 'NONE', *, *, #2492, .F. ) ;
#1033 = CARTESIAN_POINT ( 'NONE',  ( -7.297185801107700875, -0.3200508001019938820, 2.496873276692654464 ) ) ;
#1034 = DIRECTION ( 'NONE',  ( -0.000000000000000000, -1.000000000000000000, -0.000000000000000000 ) ) ;
#1035 = CARTESIAN_POINT ( 'NONE',  ( 5.598189920423813248, 0.6799491998978338669, 7.232616470283455001 ) ) ;
#1036 = CARTESIAN_POINT ( 'NONE',  ( -15.24217126304650449, 2.073539259599228579, 17.77064583735686298 ) ) ;
#1037 = EDGE_CURVE ( 'NONE', #7741, #5793, #7684, .T. ) ;
#1038 = DIRECTION ( 'NONE',  ( 0.000000000000000000, 0.000000000000000000, 1.000000000000000000 ) ) ;
#1039 = CARTESIAN_POINT ( 'NONE',  ( -15.77981387178223294, 1.741829325398329908, 18.08366881033418494 ) ) ;
#1040 = CARTESIAN_POINT ( 'NONE',  ( -4.203197930952759620, -0.5200508001019926718, 7.682668091809809141 ) ) ;
#1041 = CARTESIAN_POINT ( 'NONE',  ( 21.15717546953953132, 80.31423269831148559, 14.79266425619359460 ) ) ;
#1042 = ORIENTED_EDGE ( 'NONE', *, *, #708, .T. ) ;
#1043 = CARTESIAN_POINT ( 'NONE',  ( -26.96161968753904858, 80.31423269831148559, -5.620435433936790126 ) ) ;
#1044 = VERTEX_POINT ( 'NONE', #4195 ) ;
#1045 = CARTESIAN_POINT ( 'NONE',  ( 20.69999999999989626, 1.079949199897997758, -20.70000000000010587 ) ) ;
#1046 = CARTESIAN_POINT ( 'NONE',  ( 4.157332302905997423, 1.079949199898004641, 24.60120094879952646 ) ) ;
#1047 = CARTESIAN_POINT ( 'NONE',  ( 10.53608311432497047, 0.6799491998983481222, -0.9571147344891620667 ) ) ;
#1048 = ORIENTED_EDGE ( 'NONE', *, *, #3946, .T. ) ;
#1049 = CARTESIAN_POINT ( 'NONE',  ( 15.99407193982678521, 0.000000000000000000, 18.20803970888903933 ) ) ;
#1050 = B_SPLINE_CURVE_WITH_KNOTS ( 'NONE', 3,
 ( #2351, #1666, #6885, #6155, #6381, #1165, #9143, #7619 ),
 .UNSPECIFIED., .F., .F.,
 ( 4, 2, 2, 4 ),
 ( 0.000000000000000000, 0.2500000000000000000, 0.5000000000000000000, 1.000000000000000000 ),
 .UNSPECIFIED. ) ;
#1051 = EDGE_CURVE ( 'NONE', #7741, #3207, #8014, .T. ) ;
#1052 = CLOSED_SHELL ( 'NONE', ( #3213, #9283, #2231, #8023, #250, #3695, #124, #382, #3272, #1105, #1525, #5587, #1394, #1390, #2612, #591, #930, #8297, #238, #3560, #4594, #8928, #1772, #3336, #4130, #2441, #699, #3093, #6996, #1611, #6614, #8520, #2505, #965, #7493, #7918, #7795, #9474, #2580, #2968, #6921, #1992, #8573, #4627, #943, #7731, #2857, #7584, #2941, #3503, #2089, #8824, #5593, #7911, #8563, #7857, #5351, #9304, #3515, #8342, #6330, #8449, #5247, #8154, #2720, #2399, #3040, #5242, #395, #7327, #5476, #5133, #1665, #4407, #2981, #1493, #1423, #6202, #6349, #6725, #4921, #1367, #6147, #6112, #4468, #7019, #3423, #1931, #7428, #9571, #5159, #6346, #3522, #5507, #2905, #3545, #1296, #3260, #2204, #8541, #363, #3143, #4553, #8751, #3063, #2316, #6077, #981, #3196, #534, #6606, #713, #5752, #9268, #5366, #1964, #6240, #4945, #9504, #2781, #8011, #5918, #9025, #6294, #4153, #4516, #4279, #9119, #3806, #4579, #4648, #5491, #4819, #1888, #6661, #4523, #2025, #2560, #551, #2805, #6734, #5462, #5537, #4006, #3236, #8038, #4114, #5553, #1245, #512, #5383, #9145, #3767, #5558, #1534, #9046, #5047, #1437, #5445, #3642, #2005, #881, #7719, #7811, #6719, #3276, #335, #7822, #4669, #6360, #736, #4303, #5874, #4878, #1871, #7736, #2701, #3616, #3918, #5771, #6414, #3391, #5110, #8267, #4552, #6043, #8101, #1024, #8157, #4710, #303, #1908, #3841, #2920, #2400, #6654, #4743, #676, #7746, #2256, #4637, #3571, #4225, #7607, #6960, #4016, #5143, #2137, #5818, #4150, #9539, #8238, #9532, #2301, #8088, #1371, #457, #9042, #2058, #3962, #2544, #7079 ) ) ;
#1053 = CARTESIAN_POINT ( 'NONE',  ( 15.24006525443027726, 2.073567000599126242, 17.77413668806941160 ) ) ;
#1054 = CARTESIAN_POINT ( 'NONE',  ( 15.66642148261145451, 1.838339484615909125, -18.08155130989386805 ) ) ;
#1055 = CARTESIAN_POINT ( 'NONE',  ( -4.203197930952759620, -0.5200508001019926718, 7.682668091809809141 ) ) ;
#1056 = B_SPLINE_CURVE_WITH_KNOTS ( 'NONE', 3,
 ( #5403, #3132, #8406, #4642, #1667, #7665, #928, #4305 ),
 .UNSPECIFIED., .F., .F.,
 ( 4, 2, 2, 4 ),
 ( 0.000000000000000000, 0.5000000000000000000, 0.7500000000000000000, 1.000000000000000000 ),
 .UNSPECIFIED. ) ;
#1057 = EDGE_CURVE ( 'NONE', #313, #6369, #3473, .T. ) ;
#1058 = DIRECTION ( 'NONE',  ( -0.000000000000000000, -1.000000000000000000, -0.000000000000000000 ) ) ;
#1059 = CARTESIAN_POINT ( 'NONE',  ( 22.43637778381109982, 80.31423269831148559, 16.33007813643608230 ) ) ;
#1060 = CARTESIAN_POINT ( 'NONE',  ( -10.40203626958775907, 2.079949199898026180, -23.93147139183318473 ) ) ;
#1061 = CARTESIAN_POINT ( 'NONE',  ( 0.9796503084394517780, 3.379949199898004686, 24.19478676230186309 ) ) ;
#1062 = EDGE_CURVE ( 'NONE', #2223, #8861, #4681, .T. ) ;
#1063 = B_SPLINE_CURVE_WITH_KNOTS ( 'NONE', 3,
 ( #7546, #8425, #814, #3803 ),
 .UNSPECIFIED., .F., .F.,
 ( 4, 4 ),
 ( 0.001459435955866970024, 0.001967980457868695465 ),
 .UNSPECIFIED. ) ;
#1064 = CARTESIAN_POINT ( 'NONE',  ( 25.63677080342491266, 1.079949199898018186, -5.014736809551698649 ) ) ;
#1065 = VERTEX_POINT ( 'NONE', #5098 ) ;
#1066 = CARTESIAN_POINT ( 'NONE',  ( -20.69999999999989271, 80.31423269831148559, 16.77500000000015490 ) ) ;
#1067 = CARTESIAN_POINT ( 'NONE',  ( -8.644264276974698902, -0.5200508001019926718, -0.06187961847708331464 ) ) ;
#1068 = AXIS2_PLACEMENT_3D ( 'NONE', #3550, #8721, #2872 ) ;
#1069 = ORIENTED_EDGE ( 'NONE', *, *, #4590, .T. ) ;
#1070 = LINE ( 'NONE', #7205, #2661 ) ;
#1071 = CIRCLE ( 'NONE', #4057, 14.00000000000000000 ) ;
#1072 = CARTESIAN_POINT ( 'NONE',  ( -2.110229668917877000, -0.3200508001019938820, -7.843867538636504655 ) ) ;
#1073 = VECTOR ( 'NONE', #665, 1000.000000000000000 ) ;
#1074 = CARTESIAN_POINT ( 'NONE',  ( 20.87844544752097420, 0.000000000000000000, 14.37751771673019974 ) ) ;
#1075 = ORIENTED_EDGE ( 'NONE', *, *, #6187, .T. ) ;
#1076 = CARTESIAN_POINT ( 'NONE',  ( 15.95878153260235344, 1.079949199897995760, 18.26399841117994782 ) ) ;
#1077 = EDGE_LOOP ( 'NONE', ( #8182, #1578, #7499, #4223 ) ) ;
#1078 = CARTESIAN_POINT ( 'NONE',  ( 0.8950925900749713282, 3.379949199898008239, -6.175718104018454113 ) ) ;
#1079 = CARTESIAN_POINT ( 'NONE',  ( -15.77884258786220073, 1.690125302358626236, 18.15963027620167836 ) ) ;
#1080 = CARTESIAN_POINT ( 'NONE',  ( 10.13226014257308272, 80.31423269831148559, 24.83200793771867509 ) ) ;
#1081 = ORIENTED_EDGE ( 'NONE', *, *, #2702, .T. ) ;
#1082 = AXIS2_PLACEMENT_3D ( 'NONE', #1993, #5040, #627 ) ;
#1083 = CARTESIAN_POINT ( 'NONE',  ( -6.001078387434157335, 0.6799491998978446361, 4.364747068278692410 ) ) ;
#1084 = EDGE_CURVE ( 'NONE', #429, #6712, #8008, .T. ) ;
#1085 = EDGE_CURVE ( 'NONE', #7668, #3577, #730, .T. ) ;
#1086 = CIRCLE ( 'NONE', #8000, 2.499999999999998668 ) ;
#1087 = CARTESIAN_POINT ( 'NONE',  ( 5.730034392347838512, -0.3200508001019800042, 5.906934525641203138 ) ) ;
#1088 = CARTESIAN_POINT ( 'NONE',  ( 3.322386847642643026, 0.6799491998980070617, 11.82997436254610513 ) ) ;
#1089 = CARTESIAN_POINT ( 'NONE',  ( -11.61397809495740141, 2.079949199898003975, 4.199763423080987934 ) ) ;
#1090 = FILL_AREA_STYLE_COLOUR ( '', #7405 ) ;
#1091 = FACE_OUTER_BOUND ( 'NONE', #5379, .T. ) ;
#1092 = VECTOR ( 'NONE', #6956, 1000.000000000000000 ) ;
#1093 = CARTESIAN_POINT ( 'NONE',  ( -3.165692773065857502, -0.5200508001019926718, 9.219995453349143943 ) ) ;
#1094 = CARTESIAN_POINT ( 'NONE',  ( 7.318130303880536758, 0.6799491998980071727, 3.947764410216779929 ) ) ;
#1095 = ORIENTED_EDGE ( 'NONE', *, *, #3356, .T. ) ;
#1096 = FACE_OUTER_BOUND ( 'NONE', #7946, .T. ) ;
#1097 = CIRCLE ( 'NONE', #6759, 1.000000000000000888 ) ;
#1098 = AXIS2_PLACEMENT_3D ( 'NONE', #678, #8239, #3061 ) ;
#1099 = ORIENTED_EDGE ( 'NONE', *, *, #1512, .F. ) ;
#1100 = CARTESIAN_POINT ( 'NONE',  ( -25.51333992287129249, 1.079949199897997758, 5.875394879198402087 ) ) ;
#1101 = DIRECTION ( 'NONE',  ( 0.000000000000000000, -1.000000000000000000, -0.000000000000000000 ) ) ;
#1102 = CARTESIAN_POINT ( 'NONE',  ( 9.383859339281105605, 0.6799491998980070617, -6.858371187037730188 ) ) ;
#1103 = VERTEX_POINT ( 'NONE', #9580 ) ;
#1104 = DIRECTION ( 'NONE',  ( 0.000000000000000000, 1.000000000000000000, -0.000000000000000000 ) ) ;
#1105 = ADVANCED_FACE ( 'NONE', ( #481 ), #8472, .F. ) ;
#1106 = AXIS2_PLACEMENT_3D ( 'NONE', #6031, #6860, #3892 ) ;
#1107 = AXIS2_PLACEMENT_3D ( 'NONE', #3110, #1557, #6084 ) ;
#1108 = DIRECTION ( 'NONE',  ( 0.000000000000000000, 0.000000000000000000, -1.000000000000000000 ) ) ;
#1109 = DIRECTION ( 'NONE',  ( -0.000000000000000000, -1.000000000000000000, -0.000000000000000000 ) ) ;
#1110 = CARTESIAN_POINT ( 'NONE',  ( -4.459224883258029237, 3.379949199898008239, 6.818994293679510932 ) ) ;
#1111 = CARTESIAN_POINT ( 'NONE',  ( -7.055306172581857993, 0.6799491998980071727, 4.406001881060444880 ) ) ;
#1112 = EDGE_CURVE ( 'NONE', #3285, #2802, #3540, .T. ) ;
#1113 = VECTOR ( 'NONE', #1244, 1000.000000000000000 ) ;
#1114 = AXIS2_PLACEMENT_3D ( 'NONE', #3833, #7443, #2906 ) ;
#1115 = CARTESIAN_POINT ( 'NONE',  ( -15.95756307570402122, 1.079949199897988210, 18.26575182590152124 ) ) ;
#1116 = DIRECTION ( 'NONE',  ( 0.000000000000000000, 0.000000000000000000, -1.000000000000000000 ) ) ;
#1117 = ORIENTED_EDGE ( 'NONE', *, *, #772, .T. ) ;
#1118 = CARTESIAN_POINT ( 'NONE',  ( 15.57106220035313804, 1.940197088318227125, 17.96218044346008469 ) ) ;
#1119 = CARTESIAN_POINT ( 'NONE',  ( -25.57847377622698204, 2.079949199897990653, 5.403601811989115156 ) ) ;
#1120 = CARTESIAN_POINT ( 'NONE',  ( 8.984195293127710258, -0.5200508001019920057, 1.321219238493202885 ) ) ;
#1121 = EDGE_LOOP ( 'NONE', ( #1565, #3632, #1069, #4247, #7408 ) ) ;
#1122 = TOROIDAL_SURFACE ( 'NONE', #660, 25.35000000000000497, 1.000000000000000000 ) ;
#1123 = CARTESIAN_POINT ( 'NONE',  ( 0.000000000000000000, 2.579949199897999090, -25.65699999999999648 ) ) ;
#1124 = DIRECTION ( 'NONE',  ( -0.000000000000000000, -1.000000000000000000, -0.000000000000000000 ) ) ;
#1125 = ORIENTED_EDGE ( 'NONE', *, *, #7539, .T. ) ;
#1126 = CARTESIAN_POINT ( 'NONE',  ( 0.3925582044683452176, 0.6799491998980070617, -7.321829944856122374 ) ) ;
#1127 = EDGE_CURVE ( 'NONE', #3944, #6354, #635, .T. ) ;
#1128 = CIRCLE ( 'NONE', #2226, 2.000000000000000000 ) ;
#1129 = CARTESIAN_POINT ( 'NONE',  ( 10.68223522187147267, 0.000000000000000000, 22.90217264361945837 ) ) ;
#1130 = EDGE_CURVE ( 'NONE', #5586, #6259, #8010, .T. ) ;
#1131 = ORIENTED_EDGE ( 'NONE', *, *, #5547, .F. ) ;
#1132 = CARTESIAN_POINT ( 'NONE',  ( 25.99353177037387042, -0.000000000000000000, 1.806007727055969569 ) ) ;
#1133 = ORIENTED_EDGE ( 'NONE', *, *, #2897, .F. ) ;
#1134 = CARTESIAN_POINT ( 'NONE',  ( -2.635564022543980922, -0.5200508001019926718, -6.763631367248699178 ) ) ;
#1135 = ORIENTED_EDGE ( 'NONE', *, *, #4614, .F. ) ;
#1136 = CIRCLE ( 'NONE', #4565, 27.75000000000000355 ) ;
#1137 = CARTESIAN_POINT ( 'NONE',  ( 26.13237012499569900, 2.079949199458779319, 1.826265868249664193 ) ) ;
#1138 = CARTESIAN_POINT ( 'NONE',  ( 27.10561842221292750, 0.000000000000000000, -4.690271654529473366 ) ) ;
#1139 = VERTEX_POINT ( 'NONE', #3569 ) ;
#1140 = CARTESIAN_POINT ( 'NONE',  ( -7.218236369177104983, 0.6799491998980070617, 4.106786380245682544 ) ) ;
#1141 = DIRECTION ( 'NONE',  ( -0.000000000000000000, -1.000000000000000000, -0.000000000000000000 ) ) ;
#1142 = AXIS2_PLACEMENT_3D ( 'NONE', #1507, #7460, #2925 ) ;
#1143 = CARTESIAN_POINT ( 'NONE',  ( -3.845959217178336331, -0.3200508001019938820, 10.22458817932875341 ) ) ;
#1144 = ORIENTED_EDGE ( 'NONE', *, *, #5964, .F. ) ;
#1145 = CARTESIAN_POINT ( 'NONE',  ( 15.40816618517885850, 2.028726639165801870, -17.86702342283238920 ) ) ;
#1146 = CARTESIAN_POINT ( 'NONE',  ( -9.221252535741172096, -0.3200508001019928273, -7.044117900886562644 ) ) ;
#1147 = CARTESIAN_POINT ( 'NONE',  ( -15.69634681918836705, 1.079949199897997758, -16.83101048771733588 ) ) ;
#1148 = CARTESIAN_POINT ( 'NONE',  ( 10.45839989063953901, 22.26046457370629739, 22.51447847739673946 ) ) ;
#1149 = CARTESIAN_POINT ( 'NONE',  ( 11.70703575337944180, 0.6799491998980072838, -1.354196689353458494 ) ) ;
#1150 = VERTEX_POINT ( 'NONE', #2738 ) ;
#1151 = CARTESIAN_POINT ( 'NONE',  ( -14.00000000000000355, 2.079949199898003975, 25.49999999999999645 ) ) ;
#1152 = CIRCLE ( 'NONE', #7437, 1.199999999999999734 ) ;
#1153 = CARTESIAN_POINT ( 'NONE',  ( 17.23131124203193210, 80.31423269831148559, -18.86320297791347045 ) ) ;
#1154 = DIRECTION ( 'NONE',  ( -0.4999999999999940603, -4.648177544792424838E-16, 0.8660254037844420383 ) ) ;
#1155 = CARTESIAN_POINT ( 'NONE',  ( 3.053236102212768532, -0.5200508001019920057, -8.315154110800278886 ) ) ;
#1156 = ORIENTED_EDGE ( 'NONE', *, *, #5570, .F. ) ;
#1157 = DIRECTION ( 'NONE',  ( -0.000000000000000000, -1.000000000000000000, 0.000000000000000000 ) ) ;
#1158 = EDGE_CURVE ( 'NONE', #6977, #9315, #8848, .T. ) ;
#1159 = CARTESIAN_POINT ( 'NONE',  ( -11.61389763014318177, 0.000000000000000000, -4.199985932899493513 ) ) ;
#1160 = CARTESIAN_POINT ( 'NONE',  ( 15.24217126302407976, 2.073539259600542195, -17.77064583738472692 ) ) ;
#1161 = CARTESIAN_POINT ( 'NONE',  ( 4.153879372919157653, 3.379949199898008239, 7.800291737514212009 ) ) ;
#1162 = EDGE_LOOP ( 'NONE', ( #2908, #8719, #260, #1960 ) ) ;
#1163 = CARTESIAN_POINT ( 'NONE',  ( 15.15685912178877537, 1.979949199898009660, 20.79683650938151729 ) ) ;
#1164 = CARTESIAN_POINT ( 'NONE',  ( -15.13888207022447219, 2.079949199897994205, 17.69148638132831053 ) ) ;
#1165 = CARTESIAN_POINT ( 'NONE',  ( 27.39338558896949394, 3.379949199898008239, 1.876892258793266821 ) ) ;
#1166 = ORIENTED_EDGE ( 'NONE', *, *, #9216, .T. ) ;
#1167 = CARTESIAN_POINT ( 'NONE',  ( 15.82118294791436774, 1.680679778854375916, 18.10766151840428506 ) ) ;
#1168 = DIRECTION ( 'NONE',  ( 0.000000000000000000, -1.000000000000000000, 0.000000000000000000 ) ) ;
#1169 = CARTESIAN_POINT ( 'NONE',  ( 1.123062655023927325, -0.5200508001019920057, 11.74998985534213958 ) ) ;
#1170 = CARTESIAN_POINT ( 'NONE',  ( -4.157332302906002752, 2.079949199898003975, 24.60120094879952646 ) ) ;
#1171 = EDGE_CURVE ( 'NONE', #6928, #4470, #3755, .T. ) ;
#1172 = CARTESIAN_POINT ( 'NONE',  ( -4.157332302906002752, 2.079949199898003975, 25.00120094879952504 ) ) ;
#1173 = DIRECTION ( 'NONE',  ( 0.000000000000000000, 1.000000000000000000, -0.000000000000000000 ) ) ;
#1174 = ORIENTED_EDGE ( 'NONE', *, *, #4534, .T. ) ;
#1175 = CARTESIAN_POINT ( 'NONE',  ( 2.139977225771436675, -0.3200508001019938820, -7.860194175368741654 ) ) ;
#1176 = DIRECTION ( 'NONE',  ( 0.000000000000000000, 0.000000000000000000, -1.000000000000000000 ) ) ;
#1177 = EDGE_LOOP ( 'NONE', ( #4557, #3014, #7094, #7552 ) ) ;
#1178 = CYLINDRICAL_SURFACE ( 'NONE', #4679, 1.399999999999998579 ) ;
#1179 = VERTEX_POINT ( 'NONE', #7957 ) ;
#1180 = CARTESIAN_POINT ( 'NONE',  ( -7.353159335490227377, 3.379949199898008239, -6.951817232872429919 ) ) ;
#1181 = EDGE_CURVE ( 'NONE', #5298, #7774, #5297, .T. ) ;
#1182 = ORIENTED_EDGE ( 'NONE', *, *, #6509, .F. ) ;
#1183 = LINE ( 'NONE', #4158, #5329 ) ;
#1184 = CARTESIAN_POINT ( 'NONE',  ( 26.96198792745413542, 0.000000000000000000, 5.617818042358747377 ) ) ;
#1185 = ORIENTED_EDGE ( 'NONE', *, *, #5810, .F. ) ;
#1186 = CARTESIAN_POINT ( 'NONE',  ( -10.24989632168605169, 0.6799491998980072838, -0.3185681475490263481 ) ) ;
#1187 = EDGE_CURVE ( 'NONE', #8815, #1630, #7823, .T. ) ;
#1188 = CYLINDRICAL_SURFACE ( 'NONE', #3585, 0.9999999999999991118 ) ;
#1189 = CARTESIAN_POINT ( 'NONE',  ( -5.880203865798758756, 0.6799491998980070617, 9.245130985064569984 ) ) ;
#1190 = ORIENTED_EDGE ( 'NONE', *, *, #7618, .F. ) ;
#1191 = CARTESIAN_POINT ( 'NONE',  ( 4.532895967600847342, 3.379949199898008239, 5.820372001750326874 ) ) ;
#1192 = EDGE_CURVE ( 'NONE', #1065, #7339, #1071, .T. ) ;
#1193 = CARTESIAN_POINT ( 'NONE',  ( -5.564780933630718351, -0.3200508001019929938, -8.708975569630384328 ) ) ;
#1194 = CARTESIAN_POINT ( 'NONE',  ( -10.45839989063951592, 0.000000000000000000, 22.51447847739669683 ) ) ;
#1195 = CARTESIAN_POINT ( 'NONE',  ( 9.654722577941551975, -0.5200508001019926718, -3.606222225541392490 ) ) ;
#1196 = CARTESIAN_POINT ( 'NONE',  ( 4.305977925717569654, 0.6799491998980069507, 11.15214482252905093 ) ) ;
#1197 = ORIENTED_EDGE ( 'NONE', *, *, #7651, .F. ) ;
#1198 = CARTESIAN_POINT ( 'NONE',  ( 24.58987225577190827, 1.079949199897994427, -5.253265010419331915 ) ) ;
#1199 = CARTESIAN_POINT ( 'NONE',  ( 8.138342813060061687, 1.079949199897997758, 25.06172133467919139 ) ) ;
#1200 = CARTESIAN_POINT ( 'NONE',  ( 9.137876289176782407, 0.6799491998980070617, 2.452104076930352150 ) ) ;
#1201 = ORIENTED_EDGE ( 'NONE', *, *, #4614, .T. ) ;
#1202 = CARTESIAN_POINT ( 'NONE',  ( 8.016659979266337999, 80.31423269831148559, -23.15900294825323158 ) ) ;
#1203 = FACE_OUTER_BOUND ( 'NONE', #8695, .T. ) ;
#1204 = CARTESIAN_POINT ( 'NONE',  ( -9.302021880671901499, 80.31423269831148559, -23.45192124411338952 ) ) ;
#1205 = CARTESIAN_POINT ( 'NONE',  ( 4.018872235270290361, 3.379949199898008239, 8.079400182518030604 ) ) ;
#1206 = ORIENTED_EDGE ( 'NONE', *, *, #7362, .F. ) ;
#1207 = CARTESIAN_POINT ( 'NONE',  ( -11.46557474261755161, 0.6799491998980069507, -0.5860914456661143745 ) ) ;
#1208 = EDGE_CURVE ( 'NONE', #6730, #526, #2656, .T. ) ;
#1209 = CARTESIAN_POINT ( 'NONE',  ( -8.102021880671902210, 1.669898693559165759, -18.82007629362589896 ) ) ;
#1210 = CARTESIAN_POINT ( 'NONE',  ( -15.95756444431887111, 2.079949199897985324, 18.26575277695510735 ) ) ;
#1211 = CIRCLE ( 'NONE', #6720, 0.9999999999999992228 ) ;
#1212 = PLANE ( 'NONE',  #8780 ) ;
#1213 = VERTEX_POINT ( 'NONE', #8288 ) ;
#1214 = DIRECTION ( 'NONE',  ( 0.1902198919833816559, 0.000000000000000000, 0.9817415101205768657 ) ) ;
#1215 = FACE_OUTER_BOUND ( 'NONE', #2935, .T. ) ;
#1216 = CARTESIAN_POINT ( 'NONE',  ( 8.080751396994727997, -0.5200508001019920057, 1.950638793900640877 ) ) ;
#1217 = LINE ( 'NONE', #4986, #7808 ) ;
#1218 = CARTESIAN_POINT ( 'NONE',  ( -20.69999999999989271, 1.079949199897997758, 20.70000000000010942 ) ) ;
#1219 = CARTESIAN_POINT ( 'NONE',  ( -13.37653562345046332, 3.379949199898008239, -21.62483327182261306 ) ) ;
#1220 = EDGE_LOOP ( 'NONE', ( #641, #9461, #3644, #8276 ) ) ;
#1221 = CARTESIAN_POINT ( 'NONE',  ( 0.1417535740343010831, -0.3200508001019938820, -7.305345346045496235 ) ) ;
#1222 = CARTESIAN_POINT ( 'NONE',  ( -25.53207838842333288, 0.000000000000000000, -5.719629897871578272 ) ) ;
#1223 = ORIENTED_EDGE ( 'NONE', *, *, #923, .F. ) ;
#1224 = CARTESIAN_POINT ( 'NONE',  ( 15.96132149934769551, 2.079949199897993761, 18.26034327870277352 ) ) ;
#1225 = CIRCLE ( 'NONE', #2942, 20.00000000000000000 ) ;
#1226 = ORIENTED_EDGE ( 'NONE', *, *, #3011, .T. ) ;
#1227 = CARTESIAN_POINT ( 'NONE',  ( -8.916341232660204952, -0.5200508001019926718, -5.541452308261794357 ) ) ;
#1228 = CARTESIAN_POINT ( 'NONE',  ( -15.66642149912672899, 1.838339464722734018, 18.08155132094138295 ) ) ;
#1229 = CARTESIAN_POINT ( 'NONE',  ( -4.157332302906002752, 80.31423269831149980, 24.60120094879952646 ) ) ;
#1230 = EDGE_LOOP ( 'NONE', ( #3223, #693, #2124, #2242 ) ) ;
#1231 = CARTESIAN_POINT ( 'NONE',  ( -7.474292012017425435, -0.3200508001019938820, 2.353363052925798726 ) ) ;
#1232 = CIRCLE ( 'NONE', #1707, 1.000000000000000222 ) ;
#1233 = EDGE_CURVE ( 'NONE', #6307, #649, #9556, .T. ) ;
#1234 = DIRECTION ( 'NONE',  ( 0.000000000000000000, 0.000000000000000000, -1.000000000000000000 ) ) ;
#1235 = CARTESIAN_POINT ( 'NONE',  ( -6.717223313029911047, 0.6799491998980070617, 6.385466997401072931 ) ) ;
#1236 = ORIENTED_EDGE ( 'NONE', *, *, #7884, .T. ) ;
#1237 = CARTESIAN_POINT ( 'NONE',  ( 15.12853249051594418, 2.079949199897997758, -17.70594342225096440 ) ) ;
#1238 = CIRCLE ( 'NONE', #8938, 1.000000000000000888 ) ;
#1239 = CARTESIAN_POINT ( 'NONE',  ( 1.905256537439542264, 22.26046457370629739, -1.100000374765998323 ) ) ;
#1240 = DIRECTION ( 'NONE',  ( 0.000000000000000000, -1.000000000000000000, 0.000000000000000000 ) ) ;
#1241 = CARTESIAN_POINT ( 'NONE',  ( 4.365579562741126907, -0.5200508001019926718, 7.215318816427793713 ) ) ;
#1242 = CARTESIAN_POINT ( 'NONE',  ( 7.698605909425109139, 0.6799491998980071727, 3.486581358092238681 ) ) ;
#1243 = EDGE_LOOP ( 'NONE', ( #7048, #5848, #799, #7792 ) ) ;
#1244 = DIRECTION ( 'NONE',  ( -0.000000000000000000, 1.000000000000000000, -0.000000000000000000 ) ) ;
#1245 = ADVANCED_FACE ( 'NONE', ( #688 ), #1558, .F. ) ;
#1246 = CIRCLE ( 'NONE', #6441, 3.924999999999998046 ) ;
#1247 = CARTESIAN_POINT ( 'NONE',  ( 24.52029641909222946, 2.079949199898003975, -5.757139637013160893 ) ) ;
#1248 = FACE_OUTER_BOUND ( 'NONE', #7071, .T. ) ;
#1249 = CARTESIAN_POINT ( 'NONE',  ( 7.951925554416907183, -0.3200508001019938820, 2.027896241797117582 ) ) ;
#1250 = VERTEX_POINT ( 'NONE', #4536 ) ;
#1251 = CARTESIAN_POINT ( 'NONE',  ( 24.52050852697333383, 2.079949199898003975, 5.755812973725427106 ) ) ;
#1252 = VECTOR ( 'NONE', #157, 1000.000000000000000 ) ;
#1253 = CARTESIAN_POINT ( 'NONE',  ( -15.15685912178877714, 0.000000000000000000, 20.79683650938151374 ) ) ;
#1254 = VECTOR ( 'NONE', #1521, 1000.000000000000000 ) ;
#1255 = CARTESIAN_POINT ( 'NONE',  ( -27.39328656719431265, 0.000000000000000000, -0.9422253234780512132 ) ) ;
#1256 = CARTESIAN_POINT ( 'NONE',  ( 7.005203456258102257, -0.5200508001019926718, 1.205794864782073983 ) ) ;
#1257 = CARTESIAN_POINT ( 'NONE',  ( -16.84155185860277726, 2.079949199898003975, -19.40417915973985075 ) ) ;
#1258 = ORIENTED_EDGE ( 'NONE', *, *, #6700, .T. ) ;
#1259 = CARTESIAN_POINT ( 'NONE',  ( -10.53865104860149771, 0.6799491998980071727, -7.051147564665774858 ) ) ;
#1260 = PLANE ( 'NONE',  #4684 ) ;
#1261 = DIRECTION ( 'NONE',  ( 0.000000000000000000, 0.000000000000000000, -1.000000000000000000 ) ) ;
#1262 = AXIS2_PLACEMENT_3D ( 'NONE', #3202, #3985, #307 ) ;
#1263 = CARTESIAN_POINT ( 'NONE',  ( -4.157332302906002752, 0.000000000000000000, 24.60120094879952646 ) ) ;
#1264 = ORIENTED_EDGE ( 'NONE', *, *, #964, .F. ) ;
#1265 = CARTESIAN_POINT ( 'NONE',  ( 15.46551092555688811, 2.001240500543048473, 17.90054933829414807 ) ) ;
#1266 = CARTESIAN_POINT ( 'NONE',  ( 17.23131124203197473, 0.000000000000000000, -18.86320297791349176 ) ) ;
#1267 = CARTESIAN_POINT ( 'NONE',  ( 6.333187371549678701, -0.5200508001019920057, 3.607728680331762749 ) ) ;
#1268 = DIRECTION ( 'NONE',  ( 0.000000000000000000, 0.000000000000000000, -1.000000000000000000 ) ) ;
#1269 = CARTESIAN_POINT ( 'NONE',  ( 25.55416920098753764, 0.000000000000000000, 5.560572759407492072 ) ) ;
#1270 = EDGE_CURVE ( 'NONE', #5857, #2788, #8987, .T. ) ;
#1271 = CARTESIAN_POINT ( 'NONE',  ( -25.57847377632324282, 80.31423269831148559, 5.403601811366237406 ) ) ;
#1272 = VERTEX_POINT ( 'NONE', #8202 ) ;
#1273 = VECTOR ( 'NONE', #4628, 1000.000000000000000 ) ;
#1274 = CARTESIAN_POINT ( 'NONE',  ( 1.908309303167574633, 0.6799491998980070617, -7.742792429526723197 ) ) ;
#1275 = DIRECTION ( 'NONE',  ( -0.000000000000000000, -1.000000000000000000, -0.000000000000000000 ) ) ;
#1276 = AXIS2_PLACEMENT_3D ( 'NONE', #3170, #4734, #8393 ) ;
#1277 = EDGE_LOOP ( 'NONE', ( #3698, #1258, #9531, #7129 ) ) ;
#1278 = CARTESIAN_POINT ( 'NONE',  ( -13.85873403624072608, 1.079949199898004197, 18.77809241999321443 ) ) ;
#1279 = AXIS2_PLACEMENT_3D ( 'NONE', #1454, #4517, #1594 ) ;
#1280 = EDGE_LOOP ( 'NONE', ( #2776, #9202, #6633, #6000 ) ) ;
#1281 = CARTESIAN_POINT ( 'NONE',  ( -4.680119986780360009, 3.379949199898008239, -7.489937399371506821 ) ) ;
#1282 = EDGE_CURVE ( 'NONE', #3774, #8949, #3857, .T. ) ;
#1283 = ORIENTED_EDGE ( 'NONE', *, *, #3881, .F. ) ;
#1284 = CARTESIAN_POINT ( 'NONE',  ( -15.12853249046230708, 2.079949199898003975, 17.70594342235056473 ) ) ;
#1285 = ORIENTED_EDGE ( 'NONE', *, *, #453, .T. ) ;
#1286 = CARTESIAN_POINT ( 'NONE',  ( -9.192036293644266109, -0.3200508001019938820, 1.096767827762181069 ) ) ;
#1287 = ORIENTED_EDGE ( 'NONE', *, *, #8503, .F. ) ;
#1288 = AXIS2_PLACEMENT_3D ( 'NONE', #4030, #9359, #8674 ) ;
#1289 = FACE_OUTER_BOUND ( 'NONE', #4392, .T. ) ;
#1290 = CARTESIAN_POINT ( 'NONE',  ( -5.727171408900353811, -0.3200508001019938820, 6.148282261201474697 ) ) ;
#1291 = ORIENTED_EDGE ( 'NONE', *, *, #3454, .T. ) ;
#1292 = CARTESIAN_POINT ( 'NONE',  ( 15.18274888990443827, 2.079949199897992429, -17.74168809982650075 ) ) ;
#1293 = AXIS2_PLACEMENT_3D ( 'NONE', #980, #4746, #1023 ) ;
#1294 = CARTESIAN_POINT ( 'NONE',  ( -10.06666200645258868, -0.3200508001019931048, -5.968616146426620084 ) ) ;
#1295 = CARTESIAN_POINT ( 'NONE',  ( 25.51331937384174964, 1.079949199898004197, 5.875506842993694967 ) ) ;
#1296 = ADVANCED_FACE ( 'NONE', ( #1469 ), #5457, .T. ) ;
#1297 = CARTESIAN_POINT ( 'NONE',  ( 2.832149739430405599, -0.5200508001019926718, 9.513638862070582292 ) ) ;
#1298 = CARTESIAN_POINT ( 'NONE',  ( 11.81670362652462813, 0.6799491998980072838, -4.070049423228531360 ) ) ;
#1299 = ORIENTED_EDGE ( 'NONE', *, *, #8741, .F. ) ;
#1300 = DIRECTION ( 'NONE',  ( -3.469446951953611033E-15, 0.000000000000000000, 1.000000000000000000 ) ) ;
#1301 = AXIS2_PLACEMENT_3D ( 'NONE', #915, #5391, #1014 ) ;
#1302 = CYLINDRICAL_SURFACE ( 'NONE', #7513, 5.325000000000003730 ) ;
#1303 = DIRECTION ( 'NONE',  ( 0.000000000000000000, -1.000000000000000000, 0.000000000000000000 ) ) ;
#1304 = CARTESIAN_POINT ( 'NONE',  ( 7.261813641962568511, 0.6799491998980389251, 2.530567674107290888 ) ) ;
#1305 = ORIENTED_EDGE ( 'NONE', *, *, #9056, .T. ) ;
#1306 = DIRECTION ( 'NONE',  ( 0.000000000000000000, 0.000000000000000000, -1.000000000000000000 ) ) ;
#1307 = DIRECTION ( 'NONE',  ( -0.000000000000000000, -1.000000000000000000, -0.000000000000000000 ) ) ;
#1308 = EDGE_CURVE ( 'NONE', #3458, #1362, #5808, .T. ) ;
#1309 = CARTESIAN_POINT ( 'NONE',  ( -8.789756262969252276, 1.079949199897997758, 21.91405727865991793 ) ) ;
#1310 = CARTESIAN_POINT ( 'NONE',  ( 2.832149739430405599, -0.5200508001019926718, 9.513638862070582292 ) ) ;
#1311 = DIRECTION ( 'NONE',  ( 0.000000000000000000, -1.000000000000000000, -0.000000000000000000 ) ) ;
#1312 = ORIENTED_EDGE ( 'NONE', *, *, #5744, .F. ) ;
#1313 = EDGE_CURVE ( 'NONE', #5522, #3245, #2322, .T. ) ;
#1314 = DIRECTION ( 'NONE',  ( 0.000000000000000000, 0.000000000000000000, -1.000000000000000000 ) ) ;
#1315 = CARTESIAN_POINT ( 'NONE',  ( -15.41962525716067134, 2.079949199897993761, 18.84204594066782690 ) ) ;
#1316 = DIRECTION ( 'NONE',  ( -0.000000000000000000, -1.000000000000000000, -0.000000000000000000 ) ) ;
#1317 = ORIENTED_EDGE ( 'NONE', *, *, #1270, .T. ) ;
#1318 = DIRECTION ( 'NONE',  ( -0.000000000000000000, -1.000000000000000000, 0.000000000000000000 ) ) ;
#1319 = DIRECTION ( 'NONE',  ( 0.000000000000000000, 0.000000000000000000, -1.000000000000000000 ) ) ;
#1320 = CARTESIAN_POINT ( 'NONE',  ( 20.69999999999989626, 0.000000000000000000, -20.70000000000010587 ) ) ;
#1321 = CARTESIAN_POINT ( 'NONE',  ( 0.000000000000000000, 2.079949199898003975, 0.000000000000000000 ) ) ;
#1322 = B_SPLINE_CURVE_WITH_KNOTS ( 'NONE', 3,
 ( #6764, #1589, #7588, #3194, #7680, #17, #893, #8468 ),
 .UNSPECIFIED., .F., .F.,
 ( 4, 2, 2, 4 ),
 ( 0.0005220609495110489686, 0.0008528295600671672748, 0.001183598170623285581, 0.001845135391735522193 ),
 .UNSPECIFIED. ) ;
#1323 = CARTESIAN_POINT ( 'NONE',  ( 25.57810035232023438, 2.079949199897993761, -5.406252687022701231 ) ) ;
#1324 = CARTESIAN_POINT ( 'NONE',  ( -15.77656999767913071, 1.027162637006532736E-30, 18.48954378570034152 ) ) ;
#1325 = ORIENTED_EDGE ( 'NONE', *, *, #6299, .F. ) ;
#1326 = ORIENTED_EDGE ( 'NONE', *, *, #8257, .T. ) ;
#1327 = CARTESIAN_POINT ( 'NONE',  ( 2.702559643850271698, 0.6799491998980070617, -8.156990020765849891 ) ) ;
#1328 = DIRECTION ( 'NONE',  ( -0.000000000000000000, 1.000000000000000000, -0.000000000000000000 ) ) ;
#1329 = ORIENTED_EDGE ( 'NONE', *, *, #1655, .T. ) ;
#1330 = CARTESIAN_POINT ( 'NONE',  ( 15.13885845599357971, 2.079949199897994205, 17.69152037553097401 ) ) ;
#1331 = VERTEX_POINT ( 'NONE', #5333 ) ;
#1332 = CARTESIAN_POINT ( 'NONE',  ( -8.510433283146241479, -0.5200508001019926718, -6.052744283897530941 ) ) ;
#1333 = ORIENTED_EDGE ( 'NONE', *, *, #7939, .F. ) ;
#1334 = CARTESIAN_POINT ( 'NONE',  ( -15.45357217601490518, 1.998052236731820086, 17.93296249788303598 ) ) ;
#1335 = ORIENTED_EDGE ( 'NONE', *, *, #7559, .T. ) ;
#1336 = CARTESIAN_POINT ( 'NONE',  ( -8.837789845447934667, 0.6799491998980072838, 1.420539650405212129 ) ) ;
#1337 = EDGE_CURVE ( 'NONE', #6893, #1445, #4838, .T. ) ;
#1338 = FACE_OUTER_BOUND ( 'NONE', #3376, .T. ) ;
#1339 = CARTESIAN_POINT ( 'NONE',  ( -2.852266323323281227, 0.6799491998980070617, 12.07275981522585084 ) ) ;
#1340 = VERTEX_POINT ( 'NONE', #5234 ) ;
#1341 = CARTESIAN_POINT ( 'NONE',  ( 9.365853617970607559, 3.379949199898008239, -1.256254556216748641 ) ) ;
#1342 = PLANE ( 'NONE',  #3916 ) ;
#1343 = CARTESIAN_POINT ( 'NONE',  ( 2.636939910028039957, -0.5200508001019926718, -6.764576644185178900 ) ) ;
#1344 = CARTESIAN_POINT ( 'NONE',  ( 4.507324813770448912, -0.5200508001019926718, 6.445053239650708754 ) ) ;
#1345 = CARTESIAN_POINT ( 'NONE',  ( 2.420640199896541667, 3.379949199898008239, -6.658470421492949320 ) ) ;
#1346 = ORIENTED_EDGE ( 'NONE', *, *, #2425, .F. ) ;
#1347 = DIRECTION ( 'NONE',  ( 0.1529876766033688718, 2.389754245509673572E-10, 0.9882280965483137836 ) ) ;
#1348 = FACE_OUTER_BOUND ( 'NONE', #6601, .T. ) ;
#1349 = CARTESIAN_POINT ( 'NONE',  ( 10.02361702408546229, 0.6799491998980070617, 1.691542543350622374 ) ) ;
#1350 = ORIENTED_EDGE ( 'NONE', *, *, #7014, .T. ) ;
#1351 = CARTESIAN_POINT ( 'NONE',  ( 26.96198792745413542, 3.379949199898008239, 5.617818042358747377 ) ) ;
#1352 = DIRECTION ( 'NONE',  ( 0.000000000000000000, 0.000000000000000000, -1.000000000000000000 ) ) ;
#1353 = EDGE_LOOP ( 'NONE', ( #702, #4149, #3165, #6291 ) ) ;
#1354 = DIRECTION ( 'NONE',  ( 0.000000000000000000, 1.000000000000000000, -0.000000000000000000 ) ) ;
#1355 = CARTESIAN_POINT ( 'NONE',  ( 5.159809027420885208, -0.5200508001019926718, 3.276748648010133547 ) ) ;
#1356 = CARTESIAN_POINT ( 'NONE',  ( 26.94193403559942368, 0.000000000000000000, -5.750652152946165607 ) ) ;
#1357 = ORIENTED_EDGE ( 'NONE', *, *, #6328, .T. ) ;
#1358 = DIRECTION ( 'NONE',  ( 0.000000000000000000, 0.000000000000000000, -1.000000000000000000 ) ) ;
#1359 = CARTESIAN_POINT ( 'NONE',  ( -15.11907568536098978, 2.079949199897994205, 17.71840765233403658 ) ) ;
#1360 = EDGE_CURVE ( 'NONE', #7081, #6287, #1566, .T. ) ;
#1361 = CARTESIAN_POINT ( 'NONE',  ( 21.70205276300485764, 0.000000000000000000, -14.94467817892889805 ) ) ;
#1362 = VERTEX_POINT ( 'NONE', #5939 ) ;
#1363 = DIRECTION ( 'NONE',  ( 0.000000000000000000, 0.000000000000000000, -1.000000000000000000 ) ) ;
#1364 = DIRECTION ( 'NONE',  ( 0.000000000000000000, 0.000000000000000000, -1.000000000000000000 ) ) ;
#1365 = DIRECTION ( 'NONE',  ( 0.000000000000000000, 0.000000000000000000, 1.000000000000000000 ) ) ;
#1366 = CARTESIAN_POINT ( 'NONE',  ( 25.85522991545638405, 1.079949199898000645, 3.616163961309215136 ) ) ;
#1367 = ADVANCED_FACE ( 'NONE', ( #4484 ), #7505, .F. ) ;
#1368 = CARTESIAN_POINT ( 'NONE',  ( 25.57810035232023083, 1.079949199897995760, -5.406252687022701231 ) ) ;
#1369 = CARTESIAN_POINT ( 'NONE',  ( 14.88316527472231954, 1.079949199898004197, -20.37839693420014697 ) ) ;
#1370 = CARTESIAN_POINT ( 'NONE',  ( 6.437091732114838649, 0.6799491998980070617, -9.602220898014731887 ) ) ;
#1371 = ADVANCED_FACE ( 'NONE', ( #2579 ), #9100, .F. ) ;
#1372 = CARTESIAN_POINT ( 'NONE',  ( -27.39348727938613592, 0.000000000000000000, 1.875572393208587707 ) ) ;
#1373 = ORIENTED_EDGE ( 'NONE', *, *, #8272, .F. ) ;
#1374 = CARTESIAN_POINT ( 'NONE',  ( -15.97641246708857565, 1.079949199898011969, 18.23922647316585000 ) ) ;
#1375 = EDGE_LOOP ( 'NONE', ( #2599, #2103, #3898, #7284 ) ) ;
#1376 = CARTESIAN_POINT ( 'NONE',  ( -5.169972431551889791, 3.379949199898008239, -7.515608686399963823 ) ) ;
#1377 = AXIS2_PLACEMENT_3D ( 'NONE', #8006, #9578, #1268 ) ;
#1378 = VERTEX_POINT ( 'NONE', #6336 ) ;
#1379 = CARTESIAN_POINT ( 'NONE',  ( 6.897978119328096902, 0.6799491998980041751, -9.806114451437123236 ) ) ;
#1380 = ORIENTED_EDGE ( 'NONE', *, *, #9718, .F. ) ;
#1381 = CARTESIAN_POINT ( 'NONE',  ( -8.089133816787722253, 0.6799491998980070617, 3.143262005288024685 ) ) ;
#1382 = VECTOR ( 'NONE', #346, 1000.000000000000000 ) ;
#1383 = B_SPLINE_SURFACE_WITH_KNOTS ( 'NONE', 3, 1, ( 
 ( #8722, #9688 ),
 ( #2034, #4229 ),
 ( #2, #2260 ),
 ( #9004, #5954 ) ),
 .UNSPECIFIED., .F., .F., .F.,
 ( 4, 4 ),
 ( 2, 2 ),
 ( 0.9190715317229283254, 1.000000000000000000 ),
 ( 0.000000000000000000, 1.000000000000000000 ),
 .UNSPECIFIED. ) ;
#1384 = ORIENTED_EDGE ( 'NONE', *, *, #5940, .T. ) ;
#1385 = CARTESIAN_POINT ( 'NONE',  ( 2.061851356474346364, -0.3200508001019929383, 11.31992399382286507 ) ) ;
#1386 = CARTESIAN_POINT ( 'NONE',  ( -5.756296054087637337, -0.3200508001019938820, 5.470682073987935823 ) ) ;
#1387 = ORIENTED_EDGE ( 'NONE', *, *, #1783, .T. ) ;
#1388 = CARTESIAN_POINT ( 'NONE',  ( 15.18169809395966752, 2.079949199897992429, -17.74339171240685431 ) ) ;
#1389 = CARTESIAN_POINT ( 'NONE',  ( -9.378262616523267425, -0.5200508001019926718, -4.676305178017313047 ) ) ;
#1390 = ADVANCED_FACE ( 'NONE', ( #8583 ), #6659, .T. ) ;
#1391 = CARTESIAN_POINT ( 'NONE',  ( 2.044987863812408602, -0.5200508001019926718, 10.01830590626130757 ) ) ;
#1392 = CARTESIAN_POINT ( 'NONE',  ( -9.645070551183874130, 3.379949199898008239, -3.729512064367662916 ) ) ;
#1393 = VERTEX_POINT ( 'NONE', #9019 ) ;
#1394 = ADVANCED_FACE ( 'NONE', ( #5174 ), #6283, .T. ) ;
#1395 = AXIS2_PLACEMENT_3D ( 'NONE', #3023, #6642, #1364 ) ;
#1396 = CYLINDRICAL_SURFACE ( 'NONE', #2831, 27.75000000000000355 ) ;
#1397 = AXIS2_PLACEMENT_3D ( 'NONE', #5742, #4254, #2001 ) ;
#1398 = DIRECTION ( 'NONE',  ( 0.000000000000000000, 0.000000000000000000, -1.000000000000000000 ) ) ;
#1399 = CARTESIAN_POINT ( 'NONE',  ( 7.795875293164771236, 0.6799491998980176088, 2.127319617655728301 ) ) ;
#1400 = ORIENTED_EDGE ( 'NONE', *, *, #8830, .T. ) ;
#1401 = CIRCLE ( 'NONE', #2177, 0.9999999999999991118 ) ;
#1402 = DIRECTION ( 'NONE',  ( -0.000000000000000000, -1.000000000000000000, -0.000000000000000000 ) ) ;
#1403 = DIRECTION ( 'NONE',  ( -0.000000000000000000, -1.000000000000000000, -0.000000000000000000 ) ) ;
#1404 = DIRECTION ( 'NONE',  ( -0.5669474658245159393, 0.000000000000000000, -0.8237539505186967093 ) ) ;
#1405 = CARTESIAN_POINT ( 'NONE',  ( 9.673845272167200804, 3.379949199898008239, -3.448698917444567691 ) ) ;
#1406 = CARTESIAN_POINT ( 'NONE',  ( 26.93283027007219133, 0.000000000000000000, -5.815874746030008424 ) ) ;
#1407 = AXIS2_PLACEMENT_3D ( 'NONE', #8908, #8170, #9690 ) ;
#1408 = VERTEX_POINT ( 'NONE', #3609 ) ;
#1409 = FACE_OUTER_BOUND ( 'NONE', #3466, .T. ) ;
#1410 = B_SPLINE_CURVE_WITH_KNOTS ( 'NONE', 3,
 ( #5135, #9628, #9670, #8002 ),
 .UNSPECIFIED., .F., .F.,
 ( 4, 4 ),
 ( 0.000000000000000000, 1.000000000000000000 ),
 .UNSPECIFIED. ) ;
#1411 = AXIS2_PLACEMENT_3D ( 'NONE', #355, #4074, #7099 ) ;
#1412 = EDGE_CURVE ( 'NONE', #2528, #7445, #1455, .T. ) ;
#1413 = FACE_OUTER_BOUND ( 'NONE', #4753, .T. ) ;
#1414 = DIRECTION ( 'NONE',  ( 0.000000000000000000, -0.000000000000000000, -1.000000000000000000 ) ) ;
#1415 = EDGE_LOOP ( 'NONE', ( #609, #8109, #9447, #7236 ) ) ;
#1416 = CARTESIAN_POINT ( 'NONE',  ( -6.764634522576817410, -0.5200508001019856774, 2.999933877537228177 ) ) ;
#1417 = DIRECTION ( 'NONE',  ( 0.000000000000000000, -1.000000000000000000, 0.000000000000000000 ) ) ;
#1418 = CONICAL_SURFACE ( 'NONE', #2195, 1.699999999999993072, 0.7853981633974689291 ) ;
#1419 = CARTESIAN_POINT ( 'NONE',  ( -25.57847377632324282, 1.079949199897997758, 5.403601811366237406 ) ) ;
#1420 = DIRECTION ( 'NONE',  ( -0.000000000000000000, -1.000000000000000000, -0.000000000000000000 ) ) ;
#1421 = DIRECTION ( 'NONE',  ( 0.000000000000000000, 0.000000000000000000, -1.000000000000000000 ) ) ;
#1422 = AXIS2_PLACEMENT_3D ( 'NONE', #9676, #1511, #8151 ) ;
#1423 = ADVANCED_FACE ( 'NONE', ( #3749 ), #4518, .F. ) ;
#1424 = CARTESIAN_POINT ( 'NONE',  ( -17.10079925302489556, 0.000000000000000000, -18.12582460135802975 ) ) ;
#1425 = AXIS2_PLACEMENT_3D ( 'NONE', #8911, #7, #9051 ) ;
#1426 = CIRCLE ( 'NONE', #4227, 5.324999999999958433 ) ;
#1427 = B_SPLINE_CURVE_WITH_KNOTS ( 'NONE', 3,
 ( #3489, #6510, #2800, #9497, #5066, #6403 ),
 .UNSPECIFIED., .F., .F.,
 ( 4, 2, 4 ),
 ( 0.000000000000000000, 0.0005846829086174918982, 0.001169365817234983796 ),
 .UNSPECIFIED. ) ;
#1428 = CARTESIAN_POINT ( 'NONE',  ( -27.21301674343492749, 0.000000000000000000, -3.758989569242283224 ) ) ;
#1429 = ORIENTED_EDGE ( 'NONE', *, *, #2828, .F. ) ;
#1430 = CARTESIAN_POINT ( 'NONE',  ( -15.17887324216729361, 2.168404344971008868E-16, 19.06130870443169201 ) ) ;
#1431 = ORIENTED_EDGE ( 'NONE', *, *, #3082, .T. ) ;
#1432 = CARTESIAN_POINT ( 'NONE',  ( -7.658580719970859541, 3.379949199898008239, 0.8037006315980701476 ) ) ;
#1433 = EDGE_CURVE ( 'NONE', #781, #6382, #715, .T. ) ;
#1434 = CARTESIAN_POINT ( 'NONE',  ( -9.613510213487948874, 1.079949199897997758, 22.48100474448443364 ) ) ;
#1435 = VERTEX_POINT ( 'NONE', #3703 ) ;
#1436 = CARTESIAN_POINT ( 'NONE',  ( -11.76936492835130110, 0.6799491998980070617, -1.638623730019063585 ) ) ;
#1437 = ADVANCED_FACE ( 'NONE', ( #2140 ), #2879, .T. ) ;
#1438 = VECTOR ( 'NONE', #6255, 1000.000000000000000 ) ;
#1439 = CIRCLE ( 'NONE', #9121, 0.5000000000000004441 ) ;
#1440 = CARTESIAN_POINT ( 'NONE',  ( -3.441668193934877884, -0.3200508001019929383, 10.55817386092232013 ) ) ;
#1441 = VERTEX_POINT ( 'NONE', #6818 ) ;
#1442 = CARTESIAN_POINT ( 'NONE',  ( 0.5586644748183475784, 3.379949199898008239, 10.46950181792838208 ) ) ;
#1443 = CARTESIAN_POINT ( 'NONE',  ( 15.95736462981962589, 2.079949199897993761, -18.26603739969873530 ) ) ;
#1444 = CARTESIAN_POINT ( 'NONE',  ( -6.822399544555387330, 3.379949199898008239, 1.337113034651672638 ) ) ;
#1445 = VERTEX_POINT ( 'NONE', #66 ) ;
#1446 = DIRECTION ( 'NONE',  ( 0.4999999999999946154, 0.000000000000000000, 0.8660254037844418162 ) ) ;
#1447 = CARTESIAN_POINT ( 'NONE',  ( 7.586791086754526958, -0.3200508001019800042, 2.268323672212459563 ) ) ;
#1448 = AXIS2_PLACEMENT_3D ( 'NONE', #1046, #4917, #8576 ) ;
#1449 = CARTESIAN_POINT ( 'NONE',  ( 6.011241603200578432, 0.6799491998979416696, 4.325745435682137874 ) ) ;
#1450 = EDGE_LOOP ( 'NONE', ( #3579, #3733, #5018, #6501 ) ) ;
#1451 = DIRECTION ( 'NONE',  ( 0.000000000000000000, 0.000000000000000000, -1.000000000000000000 ) ) ;
#1452 = CARTESIAN_POINT ( 'NONE',  ( 22.43637778381093284, 3.379949199898008239, -16.33007813643631323 ) ) ;
#1453 = EDGE_LOOP ( 'NONE', ( #4900, #8689, #1934, #6696 ) ) ;
#1454 = CARTESIAN_POINT ( 'NONE',  ( 0.000000000000000000, 80.31423269831148559, 0.000000000000000000 ) ) ;
#1455 = LINE ( 'NONE', #4472, #9078 ) ;
#1456 = FACE_OUTER_BOUND ( 'NONE', #1588, .T. ) ;
#1457 = ORIENTED_EDGE ( 'NONE', *, *, #1313, .F. ) ;
#1458 = CARTESIAN_POINT ( 'NONE',  ( -8.102021880671900433, 2.079949199898003975, -19.69580508428291665 ) ) ;
#1459 = DIRECTION ( 'NONE',  ( -0.000000000000000000, 1.000000000000000000, -0.000000000000000000 ) ) ;
#1460 = EDGE_CURVE ( 'NONE', #7339, #574, #8146, .T. ) ;
#1461 = CARTESIAN_POINT ( 'NONE',  ( -3.062440119029973484, -0.5200508001019920057, -8.318723057359077799 ) ) ;
#1462 = ORIENTED_EDGE ( 'NONE', *, *, #4800, .F. ) ;
#1463 = CARTESIAN_POINT ( 'NONE',  ( -24.58987225578653835, 1.079949199897994427, -5.253265010324822626 ) ) ;
#1464 = DIRECTION ( 'NONE',  ( 0.000000000000000000, 1.000000000000000000, 0.000000000000000000 ) ) ;
#1465 = CIRCLE ( 'NONE', #6959, 3.924999999999956302 ) ;
#1466 = CARTESIAN_POINT ( 'NONE',  ( -26.96161968753904858, 3.379949199898008239, -5.620435433936790126 ) ) ;
#1467 = B_SPLINE_SURFACE_WITH_KNOTS ( 'NONE', 3, 1, ( 
 ( #2997, #6014 ),
 ( #6847, #5250 ),
 ( #8262, #7526 ),
 ( #796, #3787 ),
 ( #53, #6802 ),
 ( #9049, #94 ),
 ( #6106, #2357 ),
 ( #8363, #985 ),
 ( #1028, #3280 ),
 ( #289, #5506 ),
 ( #9242, #4011 ),
 ( #5407, #7725 ),
 ( #2553, #4702 ),
 ( #5598, #6306 ),
 ( #1671, #3186 ),
 ( #197, #3972 ),
 ( #1864, #2502 ),
 ( #6942, #5552 ),
 ( #143, #934 ),
 ( #9296, #3330 ),
 ( #8410, #1820 ),
 ( #5451, #3926 ),
 ( #3138, #7031 ),
 ( #6207, #341 ),
 ( #8599, #6988 ),
 ( #9194, #8558 ),
 ( #243, #7816 ),
 ( #1078, #7669 ),
 ( #3230, #4111 ),
 ( #2451, #8458 ),
 ( #6159, #6251 ),
 ( #9149, #4842 ),
 ( #4792, #7870 ),
 ( #4061, #8512 ),
 ( #1777, #4750 ),
 ( #7085, #1134 ),
 ( #1721, #6353 ),
 ( #7771, #9340 ),
 ( #2596, #2406 ),
 ( #4647, #545 ),
 ( #2642, #3481 ),
 ( #389, #6502 ),
 ( #5649, #5856 ),
 ( #6599, #4157 ),
 ( #1281, #7285 ),
 ( #7332, #7132 ),
 ( #1376, #595 ),
 ( #8652, #3371 ),
 ( #6396, #7917 ),
 ( #9438, #1920 ),
 ( #4263, #5058 ),
 ( #3578, #4206 ),
 ( #2747, #9591 ),
 ( #1180, #2849 ),
 ( #433, #4899 ),
 ( #8856, #8070 ),
 ( #7178, #2117 ),
 ( #3532, #9383 ),
 ( #3422, #1332 ),
 ( #5104, #1227 ),
 ( #6447, #8112 ),
 ( #6550, #2694 ),
 ( #8750, #5707 ),
 ( #9538, #5750 ),
 ( #9490, #8019 ),
 ( #8704, #2792 ),
 ( #1963, #5802 ),
 ( #8803, #2067 ),
 ( #4309, #4944 ),
 ( #7966, #492 ),
 ( #7230, #2010 ),
 ( #4998, #5241 ),
 ( #4356, #2159 ),
 ( #2255, #6048 ),
 ( #9645, #7515 ),
 ( #1432, #1518 ),
 ( #3724, #4490 ),
 ( #1567, #8254 ),
 ( #7567, #2986 ),
 ( #7471, #4544 ),
 ( #2896, #9039 ),
 ( #783, #8902 ),
 ( #5948, #7381 ),
 ( #5149, #694 ),
 ( #644, #2208 ),
 ( #7432, #8296 ),
 ( #6744, #3636 ),
 ( #3775, #4406 ),
 ( #8162, #9731 ),
 ( #5198, #5285 ),
 ( #3681, #6653 ) ),
 .UNSPECIFIED., .F., .F., .F.,
 ( 4, 2, 2, 2, 2, 2, 2, 2, 2, 2, 2, 2, 2, 2, 2, 2, 2, 2, 2, 2, 2, 2, 2, 2, 2, 2, 2, 2, 2, 2, 2, 2, 2, 2, 2, 2, 2, 2, 2, 2, 2, 2, 2, 1, 2, 4 ),
 ( 2, 2 ),
 ( 0.4999999995503893180, 0.5156250000000018874, 0.5312500000000019984, 0.5468750000000019984, 0.5625000000000021094, 0.5781250000000021094, 0.5937500000000022204, 0.6015625000000022204, 0.6093750000000021094, 0.6250000000000021094, 0.6289062500000019984, 0.6328125000000018874, 0.6406250000000018874, 0.6562500000000017764, 0.6718750000000016653, 0.6875000000000016653, 0.7031250000000015543, 0.7187500000000015543, 0.7226562500000014433, 0.7265625000000013323, 0.7343750000000013323, 0.7500000000000012212, 0.7578125000000012212, 0.7656250000000012212, 0.7812500000000011102, 0.7890625000000011102, 0.7968750000000011102, 0.8046875000000011102, 0.8125000000000009992, 0.8281250000000009992, 0.8437500000000008882, 0.8593750000000008882, 0.8750000000000007772, 0.8906250000000007772, 0.9062500000000006661, 0.9218750000000006661, 0.9375000000000005551, 0.9453125000000005551, 0.9531250000000004441, 0.9687500000000002220, 0.9843750000000001110, 0.9921875000000000000, 0.9960937500000000000, 0.9980468750000000000, 0.9990234375000000000, 1.000000000023280489 ),
 ( 0.000000000000000000, 1.000000000000000000 ),
 .UNSPECIFIED. ) ;
#1468 = CARTESIAN_POINT ( 'NONE',  ( 26.94193403549820687, -1.387778780781445676E-14, -5.750652153632183960 ) ) ;
#1469 = FACE_OUTER_BOUND ( 'NONE', #7602, .T. ) ;
#1470 = CARTESIAN_POINT ( 'NONE',  ( 3.617746631382496414, 0.6799491998980070617, -8.509791121921939094 ) ) ;
#1471 = CIRCLE ( 'NONE', #6338, 14.00000000000000178 ) ;
#1472 = CARTESIAN_POINT ( 'NONE',  ( 14.70469884604769106, 2.081668171172168829E-14, 19.41865092669401704 ) ) ;
#1473 = EDGE_CURVE ( 'NONE', #4975, #4067, #7592, .T. ) ;
#1474 = ORIENTED_EDGE ( 'NONE', *, *, #5340, .T. ) ;
#1475 = CARTESIAN_POINT ( 'NONE',  ( -15.99407193982682607, 1.079949199897997758, 18.20803970888895051 ) ) ;
#1476 = ORIENTED_EDGE ( 'NONE', *, *, #1127, .F. ) ;
#1477 = CARTESIAN_POINT ( 'NONE',  ( 26.96161968753905569, 0.000000000000000000, -5.620435433936791014 ) ) ;
#1478 = EDGE_CURVE ( 'NONE', #1962, #9380, #612, .T. ) ;
#1479 = CARTESIAN_POINT ( 'NONE',  ( 24.59024938257482873, 1.079949199897994427, 5.250590218339530324 ) ) ;
#1480 = CARTESIAN_POINT ( 'NONE',  ( -9.758379415580089145, 0.6799491998982525320, -6.422376429324081037 ) ) ;
#1481 = CARTESIAN_POINT ( 'NONE',  ( 5.893572692390407042, -0.3200508001019928273, 4.680130739090056835 ) ) ;
#1482 = CARTESIAN_POINT ( 'NONE',  ( 24.56423672207629849, 2.079949199898003975, 5.418592823739116326 ) ) ;
#1483 = EDGE_CURVE ( 'NONE', #1774, #1213, #6121, .T. ) ;
#1484 = CARTESIAN_POINT ( 'NONE',  ( 14.92557317442481590, 2.079949199895167133, 19.25442148939412590 ) ) ;
#1485 = ORIENTED_EDGE ( 'NONE', *, *, #8249, .T. ) ;
#1486 = CARTESIAN_POINT ( 'NONE',  ( 4.441915958985392265, 3.379949199898008239, 6.907806582042169019 ) ) ;
#1487 = EDGE_CURVE ( 'NONE', #2903, #539, #6905, .T. ) ;
#1488 = CARTESIAN_POINT ( 'NONE',  ( 15.95282860114683743, 2.079949199897995982, -18.27253102534072937 ) ) ;
#1489 = CARTESIAN_POINT ( 'NONE',  ( -7.658580719970859541, 3.379949199898008239, 0.8037006315980701476 ) ) ;
#1490 = VERTEX_POINT ( 'NONE', #6221 ) ;
#1491 = CARTESIAN_POINT ( 'NONE',  ( -20.69999999999989271, 1.079949199897997758, 14.37500000000015454 ) ) ;
#1492 = CARTESIAN_POINT ( 'NONE',  ( 5.768584668424082018, -0.3200508001019800042, 5.346989849822679552 ) ) ;
#1493 = ADVANCED_FACE ( 'NONE', ( #856 ), #1000, .T. ) ;
#1494 = CARTESIAN_POINT ( 'NONE',  ( 6.866238570600112112, 0.6799491998980070617, 4.955848667469635593 ) ) ;
#1495 = ORIENTED_EDGE ( 'NONE', *, *, #3946, .F. ) ;
#1496 = CARTESIAN_POINT ( 'NONE',  ( -0.2405767438062109409, 2.056186404561012981, 21.21754705137347585 ) ) ;
#1497 = CARTESIAN_POINT ( 'NONE',  ( 8.097978119328097080, 1.089999706236839616, -18.18881143845984028 ) ) ;
#1498 = DIRECTION ( 'NONE',  ( 0.000000000000000000, 0.000000000000000000, -1.000000000000000000 ) ) ;
#1499 = CARTESIAN_POINT ( 'NONE',  ( 9.478377253900498900, 3.379949199898008239, -1.559915373907895253 ) ) ;
#1500 = ORIENTED_EDGE ( 'NONE', *, *, #6838, .F. ) ;
#1501 = CARTESIAN_POINT ( 'NONE',  ( 20.87844544752097420, 1.079949199897997758, 14.37751771673019974 ) ) ;
#1502 = EDGE_LOOP ( 'NONE', ( #5569, #3753, #9228, #1197 ) ) ;
#1503 = CARTESIAN_POINT ( 'NONE',  ( -8.102021880671905762, 1.803625880223629130, -18.96566886498078830 ) ) ;
#1504 = CARTESIAN_POINT ( 'NONE',  ( -15.05094810334796307, 2.079949199897973333, 17.79956468107789291 ) ) ;
#1505 = DIRECTION ( 'NONE',  ( 0.000000000000000000, 0.000000000000000000, -1.000000000000000000 ) ) ;
#1506 = ORIENTED_EDGE ( 'NONE', *, *, #9697, .F. ) ;
#1507 = CARTESIAN_POINT ( 'NONE',  ( -7.829487298332885814, 1.079949199897997758, 24.11061236562116150 ) ) ;
#1508 = DIRECTION ( 'NONE',  ( 0.000000000000000000, 0.000000000000000000, 1.000000000000000000 ) ) ;
#1509 = LINE ( 'NONE', #3764, #271 ) ;
#1510 = CARTESIAN_POINT ( 'NONE',  ( 26.95154657450019187, 3.379949199898008239, -5.685502984222263301 ) ) ;
#1511 = DIRECTION ( 'NONE',  ( 0.000000000000000000, 1.000000000000000000, -0.000000000000000000 ) ) ;
#1512 = EDGE_CURVE ( 'NONE', #7159, #3846, #6607, .T. ) ;
#1513 = CARTESIAN_POINT ( 'NONE',  ( 26.94220438782351934, 0.000000000000000000, 5.748688296706062850 ) ) ;
#1514 = LINE ( 'NONE', #4486, #191 ) ;
#1515 = VERTEX_POINT ( 'NONE', #1686 ) ;
#1516 = CARTESIAN_POINT ( 'NONE',  ( -15.99099185830266734, 1.079949199897997758, 18.21385627110458927 ) ) ;
#1517 = ORIENTED_EDGE ( 'NONE', *, *, #5163, .F. ) ;
#1518 = CARTESIAN_POINT ( 'NONE',  ( -7.658580719970859541, -0.5200508001019926718, 0.8037006315980701476 ) ) ;
#1519 = DIRECTION ( 'NONE',  ( -0.000000000000000000, 1.000000000000000000, -0.000000000000000000 ) ) ;
#1520 = B_SPLINE_CURVE_WITH_KNOTS ( 'NONE', 3,
 ( #4449, #8995, #2729, #3613, #528, #7209, #8783, #6637, #470, #4186 ),
 .UNSPECIFIED., .F., .F.,
 ( 4, 2, 2, 2, 4 ),
 ( 0.000000000000000000, 0.0002081909641181305429, 0.0004163819282362610859, 0.0008327638564725292191, 0.001665527712945065811 ),
 .UNSPECIFIED. ) ;
#1521 = DIRECTION ( 'NONE',  ( -0.000000000000000000, -1.000000000000000000, -0.000000000000000000 ) ) ;
#1522 = CARTESIAN_POINT ( 'NONE',  ( -11.83421551497264979, 0.6799491998980070617, -2.010274221228705471 ) ) ;
#1523 = DIRECTION ( 'NONE',  ( 0.000000000000000000, 0.000000000000000000, -1.000000000000000000 ) ) ;
#1524 = CARTESIAN_POINT ( 'NONE',  ( -9.799999999999997158, 0.000000000000000000, -24.54371691761207686 ) ) ;
#1525 = ADVANCED_FACE ( 'NONE', ( #8378 ), #3845, .F. ) ;
#1526 = DIRECTION ( 'NONE',  ( -0.000000000000000000, 1.000000000000000000, -0.000000000000000000 ) ) ;
#1527 = ORIENTED_EDGE ( 'NONE', *, *, #1632, .T. ) ;
#1528 = CARTESIAN_POINT ( 'NONE',  ( -4.533753329157106826, 3.379949199898008239, 5.764797885261547350 ) ) ;
#1529 = B_SPLINE_CURVE_WITH_KNOTS ( 'NONE', 3,
 ( #7254, #564, #6704, #841, #4498, #3686 ),
 .UNSPECIFIED., .F., .F.,
 ( 4, 2, 4 ),
 ( 0.03239022777728291225, 0.03337298790025428064, 0.03435574802322564902 ),
 .UNSPECIFIED. ) ;
#1530 = CARTESIAN_POINT ( 'NONE',  ( 15.13472913064773095, 2.079949199898056822, -17.69744916593786854 ) ) ;
#1531 = CARTESIAN_POINT ( 'NONE',  ( -5.169972431551889791, 3.379949199898008239, -7.515608686399963823 ) ) ;
#1532 = VERTEX_POINT ( 'NONE', #2371 ) ;
#1533 = CARTESIAN_POINT ( 'NONE',  ( -10.02538718874729540, 1.079949199897997758, 22.76447847739669328 ) ) ;
#1534 = ADVANCED_FACE ( 'NONE', ( #6266 ), #7366, .F. ) ;
#1535 = CIRCLE ( 'NONE', #3242, 0.5000000000000004441 ) ;
#1536 = CARTESIAN_POINT ( 'NONE',  ( -8.138342813060029712, 0.000000000000000000, 25.06172133467919494 ) ) ;
#1537 = CARTESIAN_POINT ( 'NONE',  ( 6.729634609960868374, 0.6799491998980070617, 6.033414477123656638 ) ) ;
#1538 = LINE ( 'NONE', #8417, #2250 ) ;
#1539 = CARTESIAN_POINT ( 'NONE',  ( -24.54087456117088806, 2.079949199897991097, 5.586935231838668692 ) ) ;
#1540 = CYLINDRICAL_SURFACE ( 'NONE', #4970, 2.800000000000000266 ) ;
#1541 = ORIENTED_EDGE ( 'NONE', *, *, #4491, .F. ) ;
#1542 = CYLINDRICAL_SURFACE ( 'NONE', #7406, 0.5000000000000004441 ) ;
#1543 = CARTESIAN_POINT ( 'NONE',  ( 7.931941517259554431, 3.379949199898008239, 0.6085236808796468111 ) ) ;
#1544 = VERTEX_POINT ( 'NONE', #4718 ) ;
#1545 = CARTESIAN_POINT ( 'NONE',  ( 15.86617422684825485, 1.522736877398347621, 18.22014407919724022 ) ) ;
#1546 = EDGE_CURVE ( 'NONE', #4419, #5136, #4674, .T. ) ;
#1547 = EDGE_LOOP ( 'NONE', ( #9343, #2693, #6991, #7566 ) ) ;
#1548 = AXIS2_PLACEMENT_3D ( 'NONE', #7185, #2602, #5605 ) ;
#1549 = CARTESIAN_POINT ( 'NONE',  ( 26.93305267092897992, 3.379949199898008239, 5.814235021368359568 ) ) ;
#1550 = CARTESIAN_POINT ( 'NONE',  ( 14.00000000000000355, 2.079949199898003975, 25.49999999999999645 ) ) ;
#1551 = EDGE_CURVE ( 'NONE', #8120, #2528, #4204, .T. ) ;
#1552 = LINE ( 'NONE', #2241, #2184 ) ;
#1553 = ORIENTED_EDGE ( 'NONE', *, *, #5295, .T. ) ;
#1554 = CARTESIAN_POINT ( 'NONE',  ( -1.188321411360796498, -0.5200508001019856774, -7.464106654642707284 ) ) ;
#1555 = DIRECTION ( 'NONE',  ( 3.816391647148977501E-14, 0.000000000000000000, -1.000000000000000000 ) ) ;
#1556 = CARTESIAN_POINT ( 'NONE',  ( -8.138342813060024383, 80.31423269831148559, 25.06172133467919849 ) ) ;
#1557 = DIRECTION ( 'NONE',  ( -0.000000000000000000, -1.000000000000000000, -0.000000000000000000 ) ) ;
#1558 = CYLINDRICAL_SURFACE ( 'NONE', #302, 1.199999999999999734 ) ;
#1559 = CARTESIAN_POINT ( 'NONE',  ( 4.103377830585219321, 0.6799491998980070617, -9.639938704034436867 ) ) ;
#1560 = DIRECTION ( 'NONE',  ( 0.3070518329329525731, 0.000000000000000000, 0.9516927928131611036 ) ) ;
#1561 = AXIS2_PLACEMENT_3D ( 'NONE', #7681, #7826, #4122 ) ;
#1562 = CARTESIAN_POINT ( 'NONE',  ( 11.56104164229994957, 2.079949199898003975, 22.42475901279188122 ) ) ;
#1563 = EDGE_CURVE ( 'NONE', #1378, #429, #4378, .T. ) ;
#1564 = CARTESIAN_POINT ( 'NONE',  ( -8.016659979266391289, 3.379949199898008239, -25.65900294825323158 ) ) ;
#1565 = ORIENTED_EDGE ( 'NONE', *, *, #1308, .F. ) ;
#1566 = CIRCLE ( 'NONE', #4815, 1.199999999999999734 ) ;
#1567 = CARTESIAN_POINT ( 'NONE',  ( -7.090351780841703366, 3.379949199898008239, 1.146214620033445097 ) ) ;
#1568 = DIRECTION ( 'NONE',  ( 0.8660254037844425934, 0.000000000000000000, 0.4999999999999933942 ) ) ;
#1569 = CARTESIAN_POINT ( 'NONE',  ( -9.672510392881955354, -0.5200508001019926718, -2.424747783783888444 ) ) ;
#1570 = CARTESIAN_POINT ( 'NONE',  ( 7.875148599050264764, 3.379949199898008239, -28.15699999999999292 ) ) ;
#1571 = CIRCLE ( 'NONE', #4, 14.00000000000000000 ) ;
#1572 = CARTESIAN_POINT ( 'NONE',  ( -10.63801346677812987, -0.3200508001019938820, -4.705893952059894580 ) ) ;
#1573 = CARTESIAN_POINT ( 'NONE',  ( 9.889255855574235810, -0.3200508001019928828, 0.2792226309422691788 ) ) ;
#1574 = AXIS2_PLACEMENT_3D ( 'NONE', #9258, #1883, #359 ) ;
#1575 = EDGE_CURVE ( 'NONE', #1044, #5860, #9638, .T. ) ;
#1576 = CARTESIAN_POINT ( 'NONE',  ( -5.729972564881602004, -0.3200508001019938820, 6.055436927872237973 ) ) ;
#1577 = CIRCLE ( 'NONE', #2511, 1.399999999999998579 ) ;
#1578 = ORIENTED_EDGE ( 'NONE', *, *, #8858, .T. ) ;
#1579 = CARTESIAN_POINT ( 'NONE',  ( -4.524999015561868454, 3.379949199898008239, 6.221413923378031008 ) ) ;
#1580 = DIRECTION ( 'NONE',  ( 0.000000000000000000, 1.000000000000000000, 0.000000000000000000 ) ) ;
#1581 = CARTESIAN_POINT ( 'NONE',  ( 6.078338133407033439, 3.379949199898008239, -7.430966110590246920 ) ) ;
#1582 = ORIENTED_EDGE ( 'NONE', *, *, #6672, .T. ) ;
#1583 = CARTESIAN_POINT ( 'NONE',  ( 10.34480784725608871, 3.379949199898008239, -24.06989674270722190 ) ) ;
#1584 = AXIS2_PLACEMENT_3D ( 'NONE', #1533, #149, #8227 ) ;
#1585 = AXIS2_PLACEMENT_3D ( 'NONE', #5117, #7191, #8717 ) ;
#1586 = LINE ( 'NONE', #4374, #1073 ) ;
#1587 = CARTESIAN_POINT ( 'NONE',  ( 5.734181867707873970, 0.6799491998979871887, 5.814694579668218566 ) ) ;
#1588 = EDGE_LOOP ( 'NONE', ( #6861, #1506, #5800, #7530 ) ) ;
#1589 = CARTESIAN_POINT ( 'NONE',  ( 14.82104452486762014, 1.579220086098004794, -21.00723880831226609 ) ) ;
#1590 = CARTESIAN_POINT ( 'NONE',  ( -15.77981387178223294, 1.741829325398329908, 18.08366881033418494 ) ) ;
#1591 = EDGE_CURVE ( 'NONE', #4067, #4437, #8168, .T. ) ;
#1592 = CIRCLE ( 'NONE', #8968, 6.325000000000004619 ) ;
#1593 = CARTESIAN_POINT ( 'NONE',  ( -15.24217126304650449, 2.073539259599228579, 17.77064583735686298 ) ) ;
#1594 = DIRECTION ( 'NONE',  ( 0.000000000000000000, 0.000000000000000000, -1.000000000000000000 ) ) ;
#1595 = CARTESIAN_POINT ( 'NONE',  ( 9.364479067422646352, 3.379949199898008239, -4.679536894392231972 ) ) ;
#1596 = ORIENTED_EDGE ( 'NONE', *, *, #964, .T. ) ;
#1597 = LINE ( 'NONE', #6820, #7541 ) ;
#1598 = ORIENTED_EDGE ( 'NONE', *, *, #3581, .F. ) ;
#1599 = AXIS2_PLACEMENT_3D ( 'NONE', #861, #6034, #7496 ) ;
#1600 = DIRECTION ( 'NONE',  ( 3.469446951953611033E-15, 0.000000000000000000, 1.000000000000000000 ) ) ;
#1601 = CARTESIAN_POINT ( 'NONE',  ( 15.97641246708857921, 0.000000000000000000, -18.23922647316586065 ) ) ;
#1602 = DIRECTION ( 'NONE',  ( 0.000000000000000000, 0.000000000000000000, 1.000000000000000000 ) ) ;
#1603 = ORIENTED_EDGE ( 'NONE', *, *, #5589, .F. ) ;
#1604 = CARTESIAN_POINT ( 'NONE',  ( 3.528362109383202050, -0.5200508001019856774, -8.484856422913141571 ) ) ;
#1605 = ORIENTED_EDGE ( 'NONE', *, *, #5675, .T. ) ;
#1606 = EDGE_CURVE ( 'NONE', #2450, #9069, #4036, .T. ) ;
#1607 = CARTESIAN_POINT ( 'NONE',  ( 15.34562689065817764, 2.048013513630767779, 17.84813317224115181 ) ) ;
#1608 = AXIS2_PLACEMENT_3D ( 'NONE', #1715, #3274, #6246 ) ;
#1609 = DIRECTION ( 'NONE',  ( 0.000000000000000000, 0.000000000000000000, -1.000000000000000000 ) ) ;
#1610 = CARTESIAN_POINT ( 'NONE',  ( 11.61388933753185704, 1.079949199898004197, -4.200008863748412757 ) ) ;
#1611 = ADVANCED_FACE ( 'NONE', ( #2358 ), #5357, .T. ) ;
#1612 = CARTESIAN_POINT ( 'NONE',  ( 14.24982911188724621, 1.079949199898004641, -20.28142652189907125 ) ) ;
#1613 = DIRECTION ( 'NONE',  ( -0.000000000000000000, -1.000000000000000000, -0.000000000000000000 ) ) ;
#1614 = FACE_OUTER_BOUND ( 'NONE', #8516, .T. ) ;
#1615 = LINE ( 'NONE', #7611, #4496 ) ;
#1616 = LINE ( 'NONE', #6238, #5166 ) ;
#1617 = VERTEX_POINT ( 'NONE', #3140 ) ;
#1618 = CARTESIAN_POINT ( 'NONE',  ( 8.019045808911412720, -0.3200508001019929383, -7.963415259213611819 ) ) ;
#1619 = CARTESIAN_POINT ( 'NONE',  ( -9.547063912130525409, -0.5200508001019926718, -1.786235405114957819 ) ) ;
#1620 = CARTESIAN_POINT ( 'NONE',  ( -15.08642036324821589, 2.079949199898005308, 17.76238006694620708 ) ) ;
#1621 = CARTESIAN_POINT ( 'NONE',  ( -10.85000328658533597, 0.6799491998980070617, -3.765248519967446139 ) ) ;
#1622 = B_SPLINE_SURFACE_WITH_KNOTS ( 'NONE', 3, 1, ( 
 ( #937, #4752 ),
 ( #4704, #7773 ),
 ( #2409, #3233 ),
 ( #4013, #5409 ),
 ( #6945, #7728 ),
 ( #200, #988 ),
 ( #8515, #9440 ),
 ( #4159, #4902 ) ),
 .UNSPECIFIED., .F., .F., .F.,
 ( 4, 2, 2, 4 ),
 ( 2, 2 ),
 ( 0.000000000000000000, 0.5000000000000000000, 0.7500000000000000000, 1.000000000000000000 ),
 ( 0.000000000000000000, 1.000000000000000000 ),
 .UNSPECIFIED. ) ;
#1623 = CARTESIAN_POINT ( 'NONE',  ( -5.608473954007330065, -0.3200508001019929383, 7.189444041322263779 ) ) ;
#1624 = CARTESIAN_POINT ( 'NONE',  ( 10.34480784725608693, 2.090873339771440076, -24.06989674270722190 ) ) ;
#1625 = CARTESIAN_POINT ( 'NONE',  ( 15.02760227502227508, 2.079949199897994205, 17.82515920449606739 ) ) ;
#1626 = ORIENTED_EDGE ( 'NONE', *, *, #1130, .T. ) ;
#1627 = CARTESIAN_POINT ( 'NONE',  ( -4.514344081559329425, 3.379949199898008239, 6.372011745356126688 ) ) ;
#1628 = CARTESIAN_POINT ( 'NONE',  ( 15.41962525715886301, 2.079949199897993761, -18.84204594066803651 ) ) ;
#1629 = CARTESIAN_POINT ( 'NONE',  ( 7.276775293261821709, 3.379949199898008239, -7.002576490188578084 ) ) ;
#1630 = VERTEX_POINT ( 'NONE', #3189 ) ;
#1631 = LINE ( 'NONE', #7482, #9434 ) ;
#1632 = EDGE_CURVE ( 'NONE', #1532, #6195, #6163, .T. ) ;
#1633 = CARTESIAN_POINT ( 'NONE',  ( -5.851106474519944811, -0.3200508001019800042, 4.844028221207500984 ) ) ;
#1634 = CARTESIAN_POINT ( 'NONE',  ( 5.793066068878719221, -0.3200508001019938820, 5.197640932074270914 ) ) ;
#1635 = DIRECTION ( 'NONE',  ( 0.4999999999999956146, -0.000000000000000000, 0.8660254037844412611 ) ) ;
#1636 = CARTESIAN_POINT ( 'NONE',  ( -20.70000000000011298, 0.000000000000000000, -20.69999999999989271 ) ) ;
#1637 = DIRECTION ( 'NONE',  ( 0.000000000000000000, 1.000000000000000000, -0.000000000000000000 ) ) ;
#1638 = DIRECTION ( 'NONE',  ( 0.000000000000000000, 1.000000000000000000, -0.000000000000000000 ) ) ;
#1639 = DIRECTION ( 'NONE',  ( 0.000000000000000000, -1.000000000000000000, -0.000000000000000000 ) ) ;
#1640 = CARTESIAN_POINT ( 'NONE',  ( -6.656559369872469212, 0.6799491998980069507, 6.977708579374982456 ) ) ;
#1641 = ORIENTED_EDGE ( 'NONE', *, *, #4893, .T. ) ;
#1642 = CARTESIAN_POINT ( 'NONE',  ( 5.935450367472895117, 2.079949199898003975, 18.77413015718396494 ) ) ;
#1643 = ORIENTED_EDGE ( 'NONE', *, *, #1845, .T. ) ;
#1644 = CARTESIAN_POINT ( 'NONE',  ( 15.73057721257954711, 1.079949199897994427, -18.54168371152115213 ) ) ;
#1645 = LINE ( 'NONE', #3160, #5517 ) ;
#1646 = CARTESIAN_POINT ( 'NONE',  ( 17.23131124203197828, 0.000000000000000000, 18.86320297791348821 ) ) ;
#1647 = ORIENTED_EDGE ( 'NONE', *, *, #2999, .F. ) ;
#1648 = CARTESIAN_POINT ( 'NONE',  ( 10.17502987441857698, -0.3200508001019800042, -5.876364585552388498 ) ) ;
#1649 =( BOUNDED_SURFACE ( )  B_SPLINE_SURFACE ( 3, 2, ( 
 ( #1368, #1323, #634 ),
 ( #8201, #5846, #4194 ),
 ( #3624, #9579, #4300 ),
 ( #8104, #7370, #8933 ) ),
 .UNSPECIFIED., .F., .F., .F. ) 
 B_SPLINE_SURFACE_WITH_KNOTS ( ( 4, 4 ),
 ( 3, 3 ),
 ( -2.389421126236523918E-13, 0.0005086555181374879941 ),
 ( 0.000000000000000000, 1.000000000000000000 ),
 .UNSPECIFIED. ) 
 GEOMETRIC_REPRESENTATION_ITEM ( )  RATIONAL_B_SPLINE_SURFACE ( (
 ( 1.000000000000000000, 0.7071067811865480168, 1.000000000000000000),
 ( 1.000000000000000000, 0.7071067811865480168, 1.000000000000000000),
 ( 1.000000000000000000, 0.7071067811865484609, 1.000000000000000000),
 ( 1.000000000000000000, 0.7071067811865484609, 1.000000000000000000) ) ) 
 REPRESENTATION_ITEM ( '' )  SURFACE ( )  );
#1650 = ORIENTED_EDGE ( 'NONE', *, *, #1003, .T. ) ;
#1651 = CARTESIAN_POINT ( 'NONE',  ( 15.92782052860058606, 1.341221747646825779, 18.26305529372195835 ) ) ;
#1652 = DIRECTION ( 'NONE',  ( 0.000000000000000000, 0.000000000000000000, 1.000000000000000000 ) ) ;
#1653 = CARTESIAN_POINT ( 'NONE',  ( -1.587784891891298233, 3.379949199898008239, 10.20957904858071608 ) ) ;
#1654 = CARTESIAN_POINT ( 'NONE',  ( -2.383956269889578206, 0.6799491998980069507, -9.114402803238027317 ) ) ;
#1655 = EDGE_CURVE ( 'NONE', #598, #1708, #3928, .T. ) ;
#1656 = CARTESIAN_POINT ( 'NONE',  ( -14.68284181377946673, 2.079949199898003975, 20.03142652189907125 ) ) ;
#1657 = CARTESIAN_POINT ( 'NONE',  ( 14.40813922126654489, 0.000000000000000000, 19.61364848793045823 ) ) ;
#1658 = CARTESIAN_POINT ( 'NONE',  ( -25.57810035237141477, 0.000000000000000000, -5.406252686692033294 ) ) ;
#1659 = CARTESIAN_POINT ( 'NONE',  ( 25.57847377689379442, 0.000000000000000000, 5.403601807681492453 ) ) ;
#1660 = ORIENTED_EDGE ( 'NONE', *, *, #8871, .T. ) ;
#1661 = FACE_OUTER_BOUND ( 'NONE', #3693, .T. ) ;
#1662 = CARTESIAN_POINT ( 'NONE',  ( 8.016659979266337999, 3.379949199898008239, -23.15900294825323158 ) ) ;
#1663 = CARTESIAN_POINT ( 'NONE',  ( 8.016659979266337999, 80.31423269831148559, -25.65900294825322803 ) ) ;
#1664 = CARTESIAN_POINT ( 'NONE',  ( -5.642179493623920017, 0.6799491998980069507, -8.702361779155674881 ) ) ;
#1665 = ADVANCED_FACE ( 'NONE', ( #7673 ), #1622, .F. ) ;
#1666 = CARTESIAN_POINT ( 'NONE',  ( 27.10561842221292750, 3.379949199898008239, -4.690271654529473366 ) ) ;
#1667 = CARTESIAN_POINT ( 'NONE',  ( -27.35706510254059154, 3.379949199898008239, -1.883446633294121320 ) ) ;
#1668 = EDGE_LOOP ( 'NONE', ( #643, #1283, #1206, #5272 ) ) ;
#1669 = CARTESIAN_POINT ( 'NONE',  ( 15.95524047316702898, 2.079949199897993761, 18.26908987680672070 ) ) ;
#1670 = EDGE_LOOP ( 'NONE', ( #1042, #5916, #3701, #711 ) ) ;
#1671 = CARTESIAN_POINT ( 'NONE',  ( 4.493075651196694054, 3.379949199898008239, -7.465653863131326951 ) ) ;
#1672 = CARTESIAN_POINT ( 'NONE',  ( 15.89664954711116351, 1.079949199898154077, -18.34734742094118332 ) ) ;
#1673 = CARTESIAN_POINT ( 'NONE',  ( 5.447457981494244983, 3.379949199898008239, -7.514857651260600235 ) ) ;
#1674 = ORIENTED_EDGE ( 'NONE', *, *, #9116, .F. ) ;
#1675 = CARTESIAN_POINT ( 'NONE',  ( -25.59561998450926978, -2.168404344971008868E-16, 5.291741955182224011 ) ) ;
#1676 = CARTESIAN_POINT ( 'NONE',  ( -6.202420704949342500, -0.3200508001019800042, 3.872270826085909334 ) ) ;
#1677 = CARTESIAN_POINT ( 'NONE',  ( 4.980955797898049653, 0.6799491998979643181, 8.818626125892553347 ) ) ;
#1678 = DIRECTION ( 'NONE',  ( 0.5000000000000001110, -0.000000000000000000, 0.8660254037844387076 ) ) ;
#1679 = CARTESIAN_POINT ( 'NONE',  ( 15.80498016477113765, 1.691460429700833767, -18.12454376292390990 ) ) ;
#1680 = EDGE_CURVE ( 'NONE', #1919, #531, #7818, .T. ) ;
#1681 = EDGE_CURVE ( 'NONE', #1103, #6549, #6910, .T. ) ;
#1682 = DIRECTION ( 'NONE',  ( 0.000000000000000000, 0.000000000000000000, -1.000000000000000000 ) ) ;
#1683 = DIRECTION ( 'NONE',  ( -0.5000000000000000000, 8.673617379883979266E-16, 0.8660254037844387076 ) ) ;
#1684 = VECTOR ( 'NONE', #6689, 1000.000000000000000 ) ;
#1685 = DIRECTION ( 'NONE',  ( -0.7071067811865376918, -0.7071067811865574537, -0.000000000000000000 ) ) ;
#1686 = CARTESIAN_POINT ( 'NONE',  ( -21.70205276300484698, 1.079949199897997758, 14.94467817892891048 ) ) ;
#1687 = EDGE_LOOP ( 'NONE', ( #6682, #3021, #3854, #9027, #4232, #5454, #2848, #390, #5556, #8781, #6699, #6032, #9519, #1400 ) ) ;
#1688 = CARTESIAN_POINT ( 'NONE',  ( -6.152753240254051015, -0.3200508001019927717, 3.990760644076333463 ) ) ;
#1689 = ORIENTED_EDGE ( 'NONE', *, *, #9682, .T. ) ;
#1690 = DIRECTION ( 'NONE',  ( 0.000000000000000000, -1.000000000000000000, 0.000000000000000000 ) ) ;
#1691 = DIRECTION ( 'NONE',  ( -0.000000000000000000, -1.000000000000000000, -0.000000000000000000 ) ) ;
#1692 = CARTESIAN_POINT ( 'NONE',  ( 11.64738532237577395, 0.6799491998980070617, -4.829064998039268808 ) ) ;
#1693 = VERTEX_POINT ( 'NONE', #2698 ) ;
#1694 = AXIS2_PLACEMENT_3D ( 'NONE', #3621, #6781, #1508 ) ;
#1695 = CARTESIAN_POINT ( 'NONE',  ( -4.336944746455612787, -0.5200508001019856774, -8.678943244958029268 ) ) ;
#1696 = ORIENTED_EDGE ( 'NONE', *, *, #4935, .T. ) ;
#1697 = EDGE_CURVE ( 'NONE', #6198, #502, #5963, .T. ) ;
#1698 = CARTESIAN_POINT ( 'NONE',  ( 15.12853249051583404, 2.079949199897997758, 17.70594342225109585 ) ) ;
#1699 = CARTESIAN_POINT ( 'NONE',  ( -24.58987225578654190, 2.079949199898003975, -5.253265010324822626 ) ) ;
#1700 = CARTESIAN_POINT ( 'NONE',  ( -0.6881547795825440073, 3.379949199898008239, 10.45160490713936596 ) ) ;
#1701 = CARTESIAN_POINT ( 'NONE',  ( 1.421974927778348219, 0.6799491998980069507, -8.616579057126461549 ) ) ;
#1702 = EDGE_CURVE ( 'NONE', #8861, #1408, #4948, .T. ) ;
#1703 = DIRECTION ( 'NONE',  ( 0.000000000000000000, 0.000000000000000000, -1.000000000000000000 ) ) ;
#1704 = LINE ( 'NONE', #6875, #1770 ) ;
#1705 = DIRECTION ( 'NONE',  ( 0.000000000000000000, 0.000000000000000000, -1.000000000000000000 ) ) ;
#1706 = DIRECTION ( 'NONE',  ( 0.000000000000000000, -1.000000000000000000, 0.000000000000000000 ) ) ;
#1707 = AXIS2_PLACEMENT_3D ( 'NONE', #7240, #4905, #3379 ) ;
#1708 = VERTEX_POINT ( 'NONE', #9385 ) ;
#1709 = EDGE_CURVE ( 'NONE', #603, #7468, #3719, .T. ) ;
#1710 = CARTESIAN_POINT ( 'NONE',  ( 3.263295615637042957, -0.3200508001019928273, -8.398506763792683572 ) ) ;
#1711 = CARTESIAN_POINT ( 'NONE',  ( -26.96198792828134927, 80.31423269831148559, 5.617818037016008681 ) ) ;
#1712 = ORIENTED_EDGE ( 'NONE', *, *, #708, .F. ) ;
#1713 = CARTESIAN_POINT ( 'NONE',  ( -4.390609466195317445, 80.31423269831148559, 25.98162905815100032 ) ) ;
#1714 = CARTESIAN_POINT ( 'NONE',  ( -5.642179493554696279, -0.3200508001019938820, -8.702361778659717828 ) ) ;
#1715 = CARTESIAN_POINT ( 'NONE',  ( 21.15717546953937855, 0.000000000000000000, -14.79266425619381486 ) ) ;
#1716 = AXIS2_PLACEMENT_3D ( 'NONE', #3913, #7807, #6197 ) ;
#1717 = AXIS2_PLACEMENT_3D ( 'NONE', #3375, #5709, #6398 ) ;
#1718 = ORIENTED_EDGE ( 'NONE', *, *, #6984, .T. ) ;
#1719 = CARTESIAN_POINT ( 'NONE',  ( 15.29724564881265891, 1.079949199899228107, 18.94849113347477498 ) ) ;
#1720 = ORIENTED_EDGE ( 'NONE', *, *, #95, .T. ) ;
#1721 = CARTESIAN_POINT ( 'NONE',  ( -2.707815643084619417, 3.379949199898008239, -6.800786287622671011 ) ) ;
#1722 = EDGE_CURVE ( 'NONE', #5684, #9680, #2457, .T. ) ;
#1723 = AXIS2_PLACEMENT_3D ( 'NONE', #6602, #2795, #4115 ) ;
#1724 = VECTOR ( 'NONE', #1314, 1000.000000000000000 ) ;
#1725 = ORIENTED_EDGE ( 'NONE', *, *, #3761, .T. ) ;
#1726 = CARTESIAN_POINT ( 'NONE',  ( 14.64670043040383618, 2.079949199897994205, -18.18876292454460852 ) ) ;
#1727 = CARTESIAN_POINT ( 'NONE',  ( -1.905255239212023222, 0.000000000000000000, -1.099999625233993639 ) ) ;
#1728 = ORIENTED_EDGE ( 'NONE', *, *, #3827, .T. ) ;
#1729 = CARTESIAN_POINT ( 'NONE',  ( -25.63717852689076437, 1.079949199897997758, 5.011904811940019577 ) ) ;
#1730 = EDGE_CURVE ( 'NONE', #5885, #4044, #4923, .T. ) ;
#1731 = TOROIDAL_SURFACE ( 'NONE', #8805, 1.500000000000000000, 1.000000000000000000 ) ;
#1732 = AXIS2_PLACEMENT_3D ( 'NONE', #7956, #4051, #9285 ) ;
#1733 = LINE ( 'NONE', #993, #5153 ) ;
#1734 = CARTESIAN_POINT ( 'NONE',  ( 4.802986118661634052, -0.3200508001019938820, 9.108122701936149923 ) ) ;
#1735 = DIRECTION ( 'NONE',  ( 0.000000000000000000, 1.000000000000000000, 0.000000000000000000 ) ) ;
#1736 = CARTESIAN_POINT ( 'NONE',  ( 15.84067037093138453, 1.580708524858631892, -18.20244469065890414 ) ) ;
#1737 = CARTESIAN_POINT ( 'NONE',  ( -20.70000000000011298, 80.31423269831148559, -20.69999999999989271 ) ) ;
#1738 = CARTESIAN_POINT ( 'NONE',  ( -15.24006517948854977, 2.073567003339804149, 17.77413678995315394 ) ) ;
#1739 = AXIS2_PLACEMENT_3D ( 'NONE', #4041, #9221, #6190 ) ;
#1740 = CARTESIAN_POINT ( 'NONE',  ( -4.514344081559329425, -0.5200508001019926718, 6.372011745356126688 ) ) ;
#1741 = CARTESIAN_POINT ( 'NONE',  ( -6.751677952629318469, 0.6799491998980069507, 5.571923581186704943 ) ) ;
#1742 = AXIS2_PLACEMENT_3D ( 'NONE', #9481, #584, #6645 ) ;
#1743 = ORIENTED_EDGE ( 'NONE', *, *, #9704, .F. ) ;
#1744 = CARTESIAN_POINT ( 'NONE',  ( -6.262122970993317495, -0.3200508001019929938, 3.774027066859591883 ) ) ;
#1745 = CARTESIAN_POINT ( 'NONE',  ( -22.43637778381108916, 0.000000000000000000, -16.33007813643610362 ) ) ;
#1746 = DIRECTION ( 'NONE',  ( -0.000000000000000000, -1.000000000000000000, 0.000000000000000000 ) ) ;
#1747 = VECTOR ( 'NONE', #8439, 1000.000000000000000 ) ;
#1749 = CARTESIAN_POINT ( 'NONE',  ( 2.046106017933627896, -0.5200508001019920057, -7.804081052735636348 ) ) ;
#1748 = AXIS2_PLACEMENT_3D ( 'NONE', #2959, #6767, #6721 ) ;
#1750 = ORIENTED_EDGE ( 'NONE', *, *, #9521, .T. ) ;
#1751 = CARTESIAN_POINT ( 'NONE',  ( 0.7072641935019288173, -0.5200508001019856774, -7.319819611073327792 ) ) ;
#1752 = CARTESIAN_POINT ( 'NONE',  ( 15.86736141867207195, 1.582653586278911284, 18.16274666427371187 ) ) ;
#1753 = CARTESIAN_POINT ( 'NONE',  ( 15.41038920988862770, 2.020026349989269221, -17.90266845730913658 ) ) ;
#1754 = CARTESIAN_POINT ( 'NONE',  ( -4.459224883258029237, -0.5200508001019926718, 6.818994293679510932 ) ) ;
#1755 = AXIS2_PLACEMENT_3D ( 'NONE', #9118, #1691, #2377 ) ;
#1756 = LINE ( 'NONE', #7650, #1273 ) ;
#1757 = EDGE_CURVE ( 'NONE', #5222, #1799, #7969, .T. ) ;
#1758 = DIRECTION ( 'NONE',  ( -0.8355560679372224797, 0.000000000000000000, 0.5494051850258495628 ) ) ;
#1759 = CARTESIAN_POINT ( 'NONE',  ( 21.15717546953937855, 0.000000000000000000, -14.79266425619381486 ) ) ;
#1760 = CARTESIAN_POINT ( 'NONE',  ( 1.374318325419785936, 3.379949199898004686, 24.91715523545102684 ) ) ;
#1761 = CIRCLE ( 'NONE', #7573, 1.000000000000000888 ) ;
#1762 = CARTESIAN_POINT ( 'NONE',  ( 25.78994499872555934, -2.168404344971008868E-16, -3.837651452576783306 ) ) ;
#1763 = ORIENTED_EDGE ( 'NONE', *, *, #834, .T. ) ;
#1764 = B_SPLINE_SURFACE_WITH_KNOTS ( 'NONE', 3, 3, ( 
 ( #1801, #960, #3855, #267 ),
 ( #8389, #3992, #4037, #7057 ),
 ( #1651, #317, #7011, #8487 ),
 ( #2577, #6869, #3309, #6277 ),
 ( #9126, #5477, #1752, #4625 ),
 ( #5384, #7647, #9271, #6333 ),
 ( #7603, #9321, #2382, #7700 ),
 ( #908, #3899, #2530, #6135 ),
 ( #8341, #6968, #7753, #3109 ),
 ( #222, #3255, #6917, #5531 ),
 ( #8537, #1607, #3210, #4772 ),
 ( #118, #7794, #1053, #9174 ),
 ( #174, #4585, #3166, #6186 ),
 ( #2430, #8433, #1698, #3953 ) ),
 .UNSPECIFIED., .F., .F., .F.,
 ( 4, 2, 2, 2, 2, 2, 4 ),
 ( 4, 4 ),
 ( 0.000000000000000000, 0.2502111562625195518, 0.3751491981393855202, 0.5000872400162514886, 0.7497395623607139292, 0.8748697811803569646, 1.000000000000000000 ),
 ( 0.000000000000000000, 1.000000000000000000 ),
 .UNSPECIFIED. ) ;
#1765 = CARTESIAN_POINT ( 'NONE',  ( 14.88316527472231954, 0.9899745999489978354, -20.37839693420014697 ) ) ;
#1766 = CARTESIAN_POINT ( 'NONE',  ( -8.102021880671902210, 0.9548931922820235174, -18.03910402200854435 ) ) ;
#1767 = ORIENTED_EDGE ( 'NONE', *, *, #9216, .F. ) ;
#1768 = CARTESIAN_POINT ( 'NONE',  ( -15.12853249046230708, 2.079949199898003975, 17.70594342235056473 ) ) ;
#1769 = CARTESIAN_POINT ( 'NONE',  ( -1.667886040609011911, 0.6799491998979967367, -7.639882511158629264 ) ) ;
#1770 = VECTOR ( 'NONE', #4736, 1000.000000000000000 ) ;
#1771 = B_SPLINE_CURVE_WITH_KNOTS ( 'NONE', 3,
 ( #2813, #611, #3598, #6620, #3836, #4607 ),
 .UNSPECIFIED., .F., .F.,
 ( 4, 2, 4 ),
 ( 1.939479807224432123E-18, 0.0007116817695546261103, 0.001423363539109250269 ),
 .UNSPECIFIED. ) ;
#1772 = ADVANCED_FACE ( 'NONE', ( #9301 ), #9342, .F. ) ;
#1773 = DIRECTION ( 'NONE',  ( 0.000000000000000000, 0.000000000000000000, -1.000000000000000000 ) ) ;
#1774 = VERTEX_POINT ( 'NONE', #5555 ) ;
#1775 = CARTESIAN_POINT ( 'NONE',  ( 15.11916107613559390, 2.079949199898056822, 17.71829741686088866 ) ) ;
#1776 = ORIENTED_EDGE ( 'NONE', *, *, #3937, .T. ) ;
#1777 = CARTESIAN_POINT ( 'NONE',  ( -2.271831819524089191, 3.379949199898008239, -6.584687999720055807 ) ) ;
#1778 = CIRCLE ( 'NONE', #8843, 0.5000000000000004441 ) ;
#1779 = CARTESIAN_POINT ( 'NONE',  ( 15.11358239956444649, 2.079949199897994205, -17.72536707213279783 ) ) ;
#1780 = CARTESIAN_POINT ( 'NONE',  ( -0.3566686113622645760, 1.079949199898006196, 22.41538363355369512 ) ) ;
#1781 = ORIENTED_EDGE ( 'NONE', *, *, #7387, .T. ) ;
#1782 = CARTESIAN_POINT ( 'NONE',  ( 7.945904289158301381, 80.31423269831148559, -25.65800147412661403 ) ) ;
#1783 = EDGE_CURVE ( 'NONE', #5551, #4318, #495, .T. ) ;
#1784 = CARTESIAN_POINT ( 'NONE',  ( 5.730034392347838512, -0.5200508001019787940, 5.906934525641203138 ) ) ;
#1785 = CARTESIAN_POINT ( 'NONE',  ( 0.9004463810721434758, 0.6799491998981830321, 11.62481255286803083 ) ) ;
#1786 = CARTESIAN_POINT ( 'NONE',  ( 15.56356026986425789, 1.954235465720777443, -17.95787383774524670 ) ) ;
#1787 = EDGE_CURVE ( 'NONE', #3044, #397, #5757, .T. ) ;
#1788 = CARTESIAN_POINT ( 'NONE',  ( -15.79294682019455998, 1.690548836453494186, 18.14295589370950879 ) ) ;
#1789 = CARTESIAN_POINT ( 'NONE',  ( -4.600344388657384265, -0.5200508001019926718, 5.014575595627854376 ) ) ;
#1790 = CARTESIAN_POINT ( 'NONE',  ( 20.87844544752079656, 1.079949199897997758, -14.37751771673045909 ) ) ;
#1791 = VERTEX_POINT ( 'NONE', #3263 ) ;
#1792 = CYLINDRICAL_SURFACE ( 'NONE', #6448, 1.399999999999998579 ) ;
#1793 = B_SPLINE_CURVE_WITH_KNOTS ( 'NONE', 3,
 ( #4635, #5639, #6293, #8592 ),
 .UNSPECIFIED., .F., .F.,
 ( 4, 4 ),
 ( 0.9188447883217389922, 1.000000000000000000 ),
 .UNSPECIFIED. ) ;
#1794 = EDGE_LOOP ( 'NONE', ( #2116, #1117, #5544, #596 ) ) ;
#1795 = EDGE_CURVE ( 'NONE', #2802, #3969, #7568, .T. ) ;
#1796 = CARTESIAN_POINT ( 'NONE',  ( -10.40203626958775907, 0.000000000000000000, -23.93147139183318473 ) ) ;
#1797 = DIRECTION ( 'NONE',  ( 0.000000000000000000, 0.000000000000000000, -1.000000000000000000 ) ) ;
#1798 = CARTESIAN_POINT ( 'NONE',  ( 1.555178752257928121, -0.5200508001019920057, -7.587415303688827883 ) ) ;
#1799 = VERTEX_POINT ( 'NONE', #1658 ) ;
#1800 = DIRECTION ( 'NONE',  ( 0.000000000000000000, 0.000000000000000000, -1.000000000000000000 ) ) ;
#1801 = CARTESIAN_POINT ( 'NONE',  ( 15.94892562139348158, 1.079949199900545942, 18.27803986765358246 ) ) ;
#1802 = CARTESIAN_POINT ( 'NONE',  ( 15.71594056722788402, 1.777862935304380221, -18.11593145856550180 ) ) ;
#1803 = CARTESIAN_POINT ( 'NONE',  ( -2.161078764043459444, 3.379949199898008239, 9.957472262389035933 ) ) ;
#1804 = CARTESIAN_POINT ( 'NONE',  ( -4.567937202054860535, 0.6799491998980072838, -9.696030243515906477 ) ) ;
#1805 = CARTESIAN_POINT ( 'NONE',  ( -24.52052836373459854, 2.079949199898003975, 5.755706918047076570 ) ) ;
#1806 = CARTESIAN_POINT ( 'NONE',  ( 0.000000000000000000, 0.000000000000000000, 0.000000000000000000 ) ) ;
#1807 = DIRECTION ( 'NONE',  ( -0.4999999999999967248, 1.734723475976795656E-15, 0.8660254037844405950 ) ) ;
#1808 = CARTESIAN_POINT ( 'NONE',  ( 25.95859243359105761, 0.000000000000000000, -1.808965635302355324 ) ) ;
#1809 = ORIENTED_EDGE ( 'NONE', *, *, #8700, .T. ) ;
#1810 = EDGE_CURVE ( 'NONE', #1213, #5222, #8218, .T. ) ;
#1811 = CARTESIAN_POINT ( 'NONE',  ( -10.24922251997924860, 80.31423269831148559, -23.15217264361944771 ) ) ;
#1812 = CARTESIAN_POINT ( 'NONE',  ( 14.45015257283010257, 1.079949199898004197, -20.62839693420013631 ) ) ;
#1813 = EDGE_LOOP ( 'NONE', ( #8966, #2146, #3990, #7008 ) ) ;
#1814 = DIRECTION ( 'NONE',  ( 0.000000000000000000, 0.000000000000000000, -1.000000000000000000 ) ) ;
#1815 = CARTESIAN_POINT ( 'NONE',  ( -2.404095855854134989, 0.6799491998980070617, -9.120986075005340865 ) ) ;
#1816 = CARTESIAN_POINT ( 'NONE',  ( -26.94222438044277013, 0.000000000000000000, 5.748558777590792701 ) ) ;
#1817 = ORIENTED_EDGE ( 'NONE', *, *, #1473, .F. ) ;
#1818 = CARTESIAN_POINT ( 'NONE',  ( 15.12985461583435587, 2.079949199897931589, 17.70420134935096712 ) ) ;
#1819 = ORIENTED_EDGE ( 'NONE', *, *, #2728, .T. ) ;
#1820 = CARTESIAN_POINT ( 'NONE',  ( 2.850721539414947880, -0.5200508001019926718, -6.877452713579394583 ) ) ;
#1821 = CARTESIAN_POINT ( 'NONE',  ( 14.40813922126654312, 1.079949199898013745, -19.61364848793046178 ) ) ;
#1822 = CARTESIAN_POINT ( 'NONE',  ( 14.53174808815928287, 1.863417509131317873, 21.17298839894676732 ) ) ;
#1823 = ORIENTED_EDGE ( 'NONE', *, *, #8595, .T. ) ;
#1824 = CARTESIAN_POINT ( 'NONE',  ( -25.58709780551843238, 1.079949199897997758, 5.347679295498527274 ) ) ;
#1825 = EDGE_CURVE ( 'NONE', #5663, #3984, #4354, .T. ) ;
#1826 = CARTESIAN_POINT ( 'NONE',  ( 1.123062655023927325, -0.5200508001019787940, 11.74998985534213958 ) ) ;
#1827 = CARTESIAN_POINT ( 'NONE',  ( 5.284264367518329841, -0.3200508001019938820, 8.208793880667975884 ) ) ;
#1828 = CARTESIAN_POINT ( 'NONE',  ( 15.18491607416529021, 2.079949199897990653, -17.73824598560227983 ) ) ;
#1829 = CARTESIAN_POINT ( 'NONE',  ( 25.53232602737030632, 1.079949199897994427, 5.717854559704853123 ) ) ;
#1830 = EDGE_CURVE ( 'NONE', #3108, #7403, #9554, .T. ) ;
#1831 = CARTESIAN_POINT ( 'NONE',  ( -4.988203453104849139, -0.5200508001019926718, 3.578649707940959601 ) ) ;
#1832 = CARTESIAN_POINT ( 'NONE',  ( 6.732181905214178030, 0.6799491998980070617, 5.859046814331375863 ) ) ;
#1833 = ORIENTED_EDGE ( 'NONE', *, *, #439, .T. ) ;
#1834 = CARTESIAN_POINT ( 'NONE',  ( 20.70000000000011653, 0.000000000000000000, 15.37499999999988454 ) ) ;
#1835 = CARTESIAN_POINT ( 'NONE',  ( -6.916078164492592606, 0.6799491998980041751, 4.785527183007433294 ) ) ;
#1836 = DIRECTION ( 'NONE',  ( 0.8660254037844425934, 0.000000000000000000, 0.4999999999999933942 ) ) ;
#1837 = CARTESIAN_POINT ( 'NONE',  ( 10.17502987441857698, -0.5200508001019920057, -5.876364585552388498 ) ) ;
#1838 = ORIENTED_EDGE ( 'NONE', *, *, #9667, .F. ) ;
#1839 = LINE ( 'NONE', #4771, #522 ) ;
#1840 = CARTESIAN_POINT ( 'NONE',  ( -25.71698985267900994, 1.079949199897991097, 4.508996637316028178 ) ) ;
#1841 = EDGE_CURVE ( 'NONE', #2019, #4581, #4185, .T. ) ;
#1842 = DIRECTION ( 'NONE',  ( 0.000000000000000000, -1.000000000000000000, 0.000000000000000000 ) ) ;
#1843 = CARTESIAN_POINT ( 'NONE',  ( 1.168668865057709727, -0.5200508001019926718, 10.35121876156493315 ) ) ;
#1844 = CARTESIAN_POINT ( 'NONE',  ( -7.355812204108894470, 0.6799491998980070617, 3.906971685602369515 ) ) ;
#1845 = EDGE_CURVE ( 'NONE', #4487, #292, #1615, .T. ) ;
#1846 = TOROIDAL_SURFACE ( 'NONE', #896, 0.3999999999999999667, 1.000000000000000000 ) ;
#1847 = CARTESIAN_POINT ( 'NONE',  ( -15.96135171772820982, 2.079949199897993761, 18.26029977587528919 ) ) ;
#1848 = CARTESIAN_POINT ( 'NONE',  ( 0.000000000000000000, 80.31423269831148559, 0.000000000000000000 ) ) ;
#1849 = DIRECTION ( 'NONE',  ( -0.8660254037844407060, 0.000000000000000000, 0.4999999999999967804 ) ) ;
#1850 = CARTESIAN_POINT ( 'NONE',  ( -26.13167422783308780, 1.079949199908274871, 1.830760310015786763 ) ) ;
#1851 = CARTESIAN_POINT ( 'NONE',  ( 6.019274490945710099, -0.5200508001019920057, 4.265607724915896348 ) ) ;
#1852 = EDGE_LOOP ( 'NONE', ( #2170, #1305, #2726, #9695, #2557, #1185, #3810, #1956 ) ) ;
#1853 = B_SPLINE_CURVE_WITH_KNOTS ( 'NONE', 3,
 ( #2319, #2274, #8377, #6028 ),
 .UNSPECIFIED., .F., .F.,
 ( 4, 4 ),
 ( 4.610090873601838277E-18, 0.0008434563843235388372 ),
 .UNSPECIFIED. ) ;
#1854 = FACE_OUTER_BOUND ( 'NONE', #3665, .T. ) ;
#1855 = CARTESIAN_POINT ( 'NONE',  ( -8.102021880671902210, 0.8527273406478673712, -17.86745700906884338 ) ) ;
#1856 = TOROIDAL_SURFACE ( 'NONE', #2008, 1.500000000000000000, 1.000000000000000000 ) ;
#1857 = CARTESIAN_POINT ( 'NONE',  ( -2.665292183858048336, 0.6799491998980070617, -9.231431599909235786 ) ) ;
#1858 = EDGE_CURVE ( 'NONE', #539, #5857, #7506, .T. ) ;
#1859 = CIRCLE ( 'NONE', #2636, 25.35000000000000497 ) ;
#1860 = FACE_OUTER_BOUND ( 'NONE', #1984, .T. ) ;
#1861 = ORIENTED_EDGE ( 'NONE', *, *, #6838, .T. ) ;
#1862 = CARTESIAN_POINT ( 'NONE',  ( 14.45015257283010435, 1.079949199898004197, -20.62839693420013987 ) ) ;
#1863 = ORIENTED_EDGE ( 'NONE', *, *, #2086, .T. ) ;
#1864 = CARTESIAN_POINT ( 'NONE',  ( 4.025343917926746506, 3.379949199898008239, -7.369790065371157439 ) ) ;
#1865 = CARTESIAN_POINT ( 'NONE',  ( 26.96198792745413542, 3.379949199898008239, 5.617818042358747377 ) ) ;
#1866 = CARTESIAN_POINT ( 'NONE',  ( -1.302394966022045075, 3.379949199898004242, 24.67813637514045411 ) ) ;
#1867 = ORIENTED_EDGE ( 'NONE', *, *, #2369, .T. ) ;
#1868 = AXIS2_PLACEMENT_3D ( 'NONE', #8953, #4499, #3732 ) ;
#1869 = DIRECTION ( 'NONE',  ( 0.000000000000000000, 0.000000000000000000, 1.000000000000000000 ) ) ;
#1870 = AXIS2_PLACEMENT_3D ( 'NONE', #5590, #8549, #8501 ) ;
#1871 = ADVANCED_FACE ( 'NONE', ( #1015 ), #9076, .F. ) ;
#1872 = CARTESIAN_POINT ( 'NONE',  ( 20.87844544752079656, 1.079949199897997758, -14.37751771673045909 ) ) ;
#1873 = CARTESIAN_POINT ( 'NONE',  ( 2.522509306359376424, -0.3200508001019938820, 11.11923564671025311 ) ) ;
#1874 = VECTOR ( 'NONE', #735, 1000.000000000000000 ) ;
#1875 = ORIENTED_EDGE ( 'NONE', *, *, #1563, .T. ) ;
#1876 = CARTESIAN_POINT ( 'NONE',  ( 15.86617802219984696, 1.522737072903028510, -18.22013859337408448 ) ) ;
#1877 = CARTESIAN_POINT ( 'NONE',  ( -10.29419012193215899, -0.3200508001019929938, -0.4025456575158667394 ) ) ;
#1878 = CARTESIAN_POINT ( 'NONE',  ( 8.097978119328097080, 2.079949199898024403, -19.89494435489717361 ) ) ;
#1879 = AXIS2_PLACEMENT_3D ( 'NONE', #6919, #4818, #5479 ) ;
#1880 = DIRECTION ( 'NONE',  ( 0.000000000000000000, -1.000000000000000000, 0.000000000000000000 ) ) ;
#1881 = CARTESIAN_POINT ( 'NONE',  ( 6.651827890411400546, 0.6799491998980071727, 7.065397031043278986 ) ) ;
#1882 = EDGE_LOOP ( 'NONE', ( #6343, #6946, #8459, #232 ) ) ;
#1883 = DIRECTION ( 'NONE',  ( -0.000000000000000000, -1.000000000000000000, -0.000000000000000000 ) ) ;
#1884 = VECTOR ( 'NONE', #4638, 1000.000000000000000 ) ;
#1885 = CIRCLE ( 'NONE', #1098, 2.000000000000000000 ) ;
#1886 = DIRECTION ( 'NONE',  ( 0.000000000000000000, 1.000000000000000000, 0.000000000000000000 ) ) ;
#1887 = CARTESIAN_POINT ( 'NONE',  ( -10.02538718874729540, 2.079949199898003975, 22.76447847739669328 ) ) ;
#1888 = ADVANCED_FACE ( 'NONE', ( #6876 ), #2391, .T. ) ;
#1889 = CARTESIAN_POINT ( 'NONE',  ( 10.96999063598794955, 0.6799491998980070617, 0.4464872010300105498 ) ) ;
#1890 = ORIENTED_EDGE ( 'NONE', *, *, #878, .F. ) ;
#1891 = CARTESIAN_POINT ( 'NONE',  ( 0.000000000000000000, 0.000000000000000000, 0.000000000000000000 ) ) ;
#1892 = VECTOR ( 'NONE', #6413, 1000.000000000000000 ) ;
#1893 = AXIS2_PLACEMENT_3D ( 'NONE', #6588, #5187, #4253 ) ;
#1894 = DIRECTION ( 'NONE',  ( 0.4999999999999942268, 0.000000000000000000, -0.8660254037844420383 ) ) ;
#1895 = DIRECTION ( 'NONE',  ( -0.000000000000000000, -1.000000000000000000, 0.000000000000000000 ) ) ;
#1896 = CARTESIAN_POINT ( 'NONE',  ( 3.390918863645657755, -0.5200508001019926718, 8.972443137289904058 ) ) ;
#1897 = ORIENTED_EDGE ( 'NONE', *, *, #3037, .F. ) ;
#1898 = DIRECTION ( 'NONE',  ( 0.000000000000000000, -1.000000000000000000, 0.000000000000000000 ) ) ;
#1899 = AXIS2_PLACEMENT_3D ( 'NONE', #3341, #2415, #4715 ) ;
#1900 = CIRCLE ( 'NONE', #3627, 1.000000000000000222 ) ;
#1901 = DIRECTION ( 'NONE',  ( 2.312964634635740689E-15, 0.000000000000000000, -1.000000000000000000 ) ) ;
#1902 = EDGE_CURVE ( 'NONE', #5595, #6362, #8289, .T. ) ;
#1903 = CARTESIAN_POINT ( 'NONE',  ( 10.24922251997925216, 80.31423269831148559, 23.15217264361945482 ) ) ;
#1904 = ORIENTED_EDGE ( 'NONE', *, *, #8212, .T. ) ;
#1905 = CYLINDRICAL_SURFACE ( 'NONE', #7433, 1.000000000000000444 ) ;
#1906 = FACE_OUTER_BOUND ( 'NONE', #7351, .T. ) ;
#1907 = DIRECTION ( 'NONE',  ( 0.9403958977758545279, 0.000000000000000000, -0.3400816893723397905 ) ) ;
#1908 = ADVANCED_FACE ( 'NONE', ( #3999 ), #119, .F. ) ;
#1909 = AXIS2_PLACEMENT_3D ( 'NONE', #324, #3314, #6284 ) ;
#1910 = DIRECTION ( 'NONE',  ( 0.000000000000000000, 0.000000000000000000, -1.000000000000000000 ) ) ;
#1911 = CARTESIAN_POINT ( 'NONE',  ( -4.157332302906002752, 0.000000000000000000, 24.60120094879952646 ) ) ;
#1912 = EDGE_LOOP ( 'NONE', ( #8432, #4946, #3548, #9022 ) ) ;
#1913 = CARTESIAN_POINT ( 'NONE',  ( -1.098356931813145865, 0.6799491998980070617, -7.445157026720814031 ) ) ;
#1914 = AXIS2_PLACEMENT_3D ( 'NONE', #5572, #3249, #4724 ) ;
#1915 = EDGE_CURVE ( 'NONE', #2020, #9553, #610, .T. ) ;
#1916 = CARTESIAN_POINT ( 'NONE',  ( -13.37653562345046332, 0.000000000000000000, 21.62483327182261306 ) ) ;
#1917 = EDGE_LOOP ( 'NONE', ( #2673, #8362, #6399, #3874 ) ) ;
#1918 = CARTESIAN_POINT ( 'NONE',  ( -15.42732432998636227, 2.079949199897996426, -20.62014625131383028 ) ) ;
#1919 = VERTEX_POINT ( 'NONE', #7214 ) ;
#1920 = CARTESIAN_POINT ( 'NONE',  ( -6.450280611925186314, -0.5200508001019926718, -7.329518665590238236 ) ) ;
#1921 = ORIENTED_EDGE ( 'NONE', *, *, #8357, .F. ) ;
#1922 = CARTESIAN_POINT ( 'NONE',  ( -15.46181048180565831, 1.993687533657856337, 17.93873891376493646 ) ) ;
#1923 = CARTESIAN_POINT ( 'NONE',  ( 13.86899728391789210, 2.079949199898058598, 21.48359523605718024 ) ) ;
#1924 = ORIENTED_EDGE ( 'NONE', *, *, #7347, .F. ) ;
#1925 = CARTESIAN_POINT ( 'NONE',  ( -10.95360473773261312, 0.6799491998980070617, 0.4745909197229604137 ) ) ;
#1926 = CARTESIAN_POINT ( 'NONE',  ( -25.57847071613040058, 1.079949199898000867, 5.403621575860143800 ) ) ;
#1927 = CARTESIAN_POINT ( 'NONE',  ( -3.317088139768526567, -0.3200508001019938820, 10.64886896899541391 ) ) ;
#1928 = VERTEX_POINT ( 'NONE', #4884 ) ;
#1929 = CARTESIAN_POINT ( 'NONE',  ( 15.12853249051594418, 2.079949199897997758, -17.70594342225096440 ) ) ;
#1930 = CARTESIAN_POINT ( 'NONE',  ( -10.90482123637963596, -0.3200508001019927717, -3.042407877766249769 ) ) ;
#1931 = ADVANCED_FACE ( 'NONE', ( #581 ), #6433, .F. ) ;
#1932 = CARTESIAN_POINT ( 'NONE',  ( 4.441915958985392265, -0.5200508001019926718, 6.907806582042169019 ) ) ;
#1933 = CARTESIAN_POINT ( 'NONE',  ( -5.297048704471366776, 3.379949199898008239, 3.043721878631140410 ) ) ;
#1934 = ORIENTED_EDGE ( 'NONE', *, *, #1473, .T. ) ;
#1935 = CARTESIAN_POINT ( 'NONE',  ( -15.80176114734823223, 2.079949199898003975, -18.87582460135801909 ) ) ;
#1936 = AXIS2_PLACEMENT_3D ( 'NONE', #3553, #8879, #1306 ) ;
#1937 = CARTESIAN_POINT ( 'NONE',  ( -15.84855203909044796, 1.079949199897997758, 18.41902226998107750 ) ) ;
#1938 = DIRECTION ( 'NONE',  ( 0.000000000000000000, 0.000000000000000000, -1.000000000000000000 ) ) ;
#1939 = CARTESIAN_POINT ( 'NONE',  ( 8.348469834292577829, 0.6799491998980070617, 2.960851350452996300 ) ) ;
#1940 = VERTEX_POINT ( 'NONE', #3360 ) ;
#1941 = CARTESIAN_POINT ( 'NONE',  ( -10.02538718874729540, 0.000000000000000000, 22.76447847739669328 ) ) ;
#1942 = CARTESIAN_POINT ( 'NONE',  ( -21.00285463593954915, 3.379949199898008239, 16.78670163806935989 ) ) ;
#1943 = CYLINDRICAL_SURFACE ( 'NONE', #7250, 1.199999999999999734 ) ;
#1944 = CARTESIAN_POINT ( 'NONE',  ( 4.804359450755955940, -0.5200508001019926718, 4.143923902926369252 ) ) ;
#1945 = ORIENTED_EDGE ( 'NONE', *, *, #401, .T. ) ;
#1946 = CARTESIAN_POINT ( 'NONE',  ( -11.14255564048194636, 0.6799491998980069507, -6.096701055278574977 ) ) ;
#1947 = DIRECTION ( 'NONE',  ( -0.000000000000000000, -1.000000000000000000, 0.000000000000000000 ) ) ;
#1948 = CARTESIAN_POINT ( 'NONE',  ( -15.95089512100498297, 2.079949199897992429, 18.27526916737412677 ) ) ;
#1949 = CARTESIAN_POINT ( 'NONE',  ( -4.828410949472919711, -0.3200508001019929383, 9.068747464213483767 ) ) ;
#1950 = CARTESIAN_POINT ( 'NONE',  ( 15.99407194642686925, 1.197474447495637140, 18.20803969642514275 ) ) ;
#1951 = DIRECTION ( 'NONE',  ( 0.000000000000000000, 0.000000000000000000, -1.000000000000000000 ) ) ;
#1952 = LINE ( 'NONE', #894, #2032 ) ;
#1953 = DIRECTION ( 'NONE',  ( 0.000000000000000000, -1.000000000000000000, 0.000000000000000000 ) ) ;
#1954 = FACE_OUTER_BOUND ( 'NONE', #9596, .T. ) ;
#1955 = DIRECTION ( 'NONE',  ( 0.000000000000000000, 0.000000000000000000, 1.000000000000000000 ) ) ;
#1956 = ORIENTED_EDGE ( 'NONE', *, *, #4349, .F. ) ;
#1957 = EDGE_CURVE ( 'NONE', #4926, #4183, #4812, .T. ) ;
#1958 = CARTESIAN_POINT ( 'NONE',  ( 1.494696135153388505, 0.6799491998980070617, -8.653952158616966983 ) ) ;
#1959 = CARTESIAN_POINT ( 'NONE',  ( -17.23131124203197473, 0.000000000000000000, 18.86320297791349176 ) ) ;
#1960 = ORIENTED_EDGE ( 'NONE', *, *, #3430, .F. ) ;
#1961 = CARTESIAN_POINT ( 'NONE',  ( 25.57810035232023083, 0.000000000000000000, -5.406252687022702119 ) ) ;
#1962 = VERTEX_POINT ( 'NONE', #8057 ) ;
#1963 = CARTESIAN_POINT ( 'NONE',  ( -9.672510392881955354, 3.379949199898008239, -2.424747783783888444 ) ) ;
#1964 = ADVANCED_FACE ( 'NONE', ( #7953 ), #2681, .F. ) ;
#1965 = CARTESIAN_POINT ( 'NONE',  ( -15.29676772328078727, 2.058788490485117251, 17.82301634320662131 ) ) ;
#1966 = CARTESIAN_POINT ( 'NONE',  ( 27.21330090588120854, 0.000000000000000000, -3.756234096847764548 ) ) ;
#1967 = VERTEX_POINT ( 'NONE', #2627 ) ;
#1968 = CARTESIAN_POINT ( 'NONE',  ( -9.521217126963913202, 0.6799491998980070617, 0.7433898219800618712 ) ) ;
#1969 = DIRECTION ( 'NONE',  ( 0.000000000000000000, 0.000000000000000000, -1.000000000000000000 ) ) ;
#1970 = CARTESIAN_POINT ( 'NONE',  ( -5.087097336325924424, 0.6799491998979200202, 8.608139455682112029 ) ) ;
#1971 = ORIENTED_EDGE ( 'NONE', *, *, #8997, .F. ) ;
#1972 = ORIENTED_EDGE ( 'NONE', *, *, #6235, .F. ) ;
#1973 = PLANE ( 'NONE',  #7060 ) ;
#1974 = DIRECTION ( 'NONE',  ( -0.4999999999999946154, 0.000000000000000000, -0.8660254037844418162 ) ) ;
#1975 = DIRECTION ( 'NONE',  ( -0.000000000000000000, -1.000000000000000000, -0.000000000000000000 ) ) ;
#1976 = CARTESIAN_POINT ( 'NONE',  ( -0.6881547795825440073, -0.5200508001019926718, 10.45160490713936596 ) ) ;
#1977 = CARTESIAN_POINT ( 'NONE',  ( 2.958342335995917782, 0.6799491998980069507, 12.02120066879977323 ) ) ;
#1978 = ORIENTED_EDGE ( 'NONE', *, *, #7962, .T. ) ;
#1979 = DIRECTION ( 'NONE',  ( 0.000000000000000000, -1.000000000000000000, -0.000000000000000000 ) ) ;
#1980 = DIRECTION ( 'NONE',  ( -0.9511089690580337708, 0.000000000000000000, -0.3088555147271359602 ) ) ;
#1981 = CARTESIAN_POINT ( 'NONE',  ( 15.94892562139289893, 1.079949199900551271, 18.27803986765316679 ) ) ;
#1982 = CARTESIAN_POINT ( 'NONE',  ( 7.998595261706967996, -0.3200508001019938820, 1.999836978702090873 ) ) ;
#1983 = EDGE_CURVE ( 'NONE', #5026, #7997, #9526, .T. ) ;
#1984 = EDGE_LOOP ( 'NONE', ( #3603, #8016, #1763, #3201 ) ) ;
#1985 = DIRECTION ( 'NONE',  ( -1.000000000000000000, -0.000000000000000000, -0.000000000000000000 ) ) ;
#1986 = DIRECTION ( 'NONE',  ( -0.000000000000000000, 1.000000000000000000, -0.000000000000000000 ) ) ;
#1987 = CARTESIAN_POINT ( 'NONE',  ( 5.472556235500118049, -0.5200508001019926718, 2.745328114647923812 ) ) ;
#1988 = DIRECTION ( 'NONE',  ( 0.000000000000000000, 0.000000000000000000, -1.000000000000000000 ) ) ;
#1989 = ORIENTED_EDGE ( 'NONE', *, *, #1841, .F. ) ;
#1990 = CARTESIAN_POINT ( 'NONE',  ( -11.45384777800390808, 0.6799491998980069507, -5.406305129256880448 ) ) ;
#1991 = DIRECTION ( 'NONE',  ( 0.000000000000000000, -1.000000000000000000, 0.000000000000000000 ) ) ;
#1992 = ADVANCED_FACE ( 'NONE', ( #8004 ), #6733, .F. ) ;
#1993 = CARTESIAN_POINT ( 'NONE',  ( -10.02538718874729540, 0.000000000000000000, 22.76447847739669328 ) ) ;
#1994 = ORIENTED_EDGE ( 'NONE', *, *, #7036, .F. ) ;
#1995 = CARTESIAN_POINT ( 'NONE',  ( 15.36713975453545977, 2.048342646669567557, 17.84303629692760396 ) ) ;
#1996 = DIRECTION ( 'NONE',  ( 3.469446951953611033E-15, 0.000000000000000000, 1.000000000000000000 ) ) ;
#1997 = DIRECTION ( 'NONE',  ( -0.000000000000000000, -1.000000000000000000, -0.000000000000000000 ) ) ;
#1998 = EDGE_LOOP ( 'NONE', ( #4014, #2985, #9454, #4457 ) ) ;
#1999 = AXIS2_PLACEMENT_3D ( 'NONE', #2644, #7235, #7088 ) ;
#2000 = DIRECTION ( 'NONE',  ( 0.000000000000000000, 0.000000000000000000, 1.000000000000000000 ) ) ;
#2001 = DIRECTION ( 'NONE',  ( -1.040834085586083310E-14, 0.000000000000000000, 1.000000000000000000 ) ) ;
#2002 = ORIENTED_EDGE ( 'NONE', *, *, #8026, .F. ) ;
#2003 = CARTESIAN_POINT ( 'NONE',  ( 2.922973118957504113, 0.6799491998980070617, -8.256239027964396016 ) ) ;
#2004 = DIRECTION ( 'NONE',  ( 0.000000000000000000, 0.000000000000000000, -1.000000000000000000 ) ) ;
#2005 = ADVANCED_FACE ( 'NONE', ( #4932 ), #3728, .F. ) ;
#2006 = ORIENTED_EDGE ( 'NONE', *, *, #6546, .F. ) ;
#2007 = CARTESIAN_POINT ( 'NONE',  ( 15.14012843936624719, 2.079949199897994205, 17.68969280929237442 ) ) ;
#2008 = AXIS2_PLACEMENT_3D ( 'NONE', #9717, #2105, #5094 ) ;
#2009 = EDGE_LOOP ( 'NONE', ( #1201, #2860, #7787, #1335, #6657, #8703, #8759, #8051, #3365, #748, #5447, #6640, #2884, #277, #6529, #3157, #8021, #4721, #9166, #3122, #6939, #2622, #5747, #7666, #4172, #5087, #3442, #9500, #1326, #5726, #2218, #4405, #6652, #2840, #1317, #3539, #9541 ) ) ;
#2010 = CARTESIAN_POINT ( 'NONE',  ( -9.025690866952762903, -0.5200508001019926718, -0.5886311466976456019 ) ) ;
#2011 = VERTEX_POINT ( 'NONE', #9329 ) ;
#2012 = CARTESIAN_POINT ( 'NONE',  ( 25.57810035231661772, 1.079949199897993983, -5.406252687046021244 ) ) ;
#2013 = ORIENTED_EDGE ( 'NONE', *, *, #1841, .T. ) ;
#2014 = CARTESIAN_POINT ( 'NONE',  ( -8.332868353644146353, -0.3200508001019938820, 1.791466948019923677 ) ) ;
#2015 = VECTOR ( 'NONE', #8585, 1000.000000000000000 ) ;
#2016 = CARTESIAN_POINT ( 'NONE',  ( 17.23131124203193210, 0.000000000000000000, -18.86320297791347045 ) ) ;
#2017 = EDGE_CURVE ( 'NONE', #5211, #8598, #2585, .T. ) ;
#2018 = CARTESIAN_POINT ( 'NONE',  ( -6.655583383504426465, 0.6799491998980070617, 6.984112834591518215 ) ) ;
#2019 = VERTEX_POINT ( 'NONE', #8588 ) ;
#2020 = VERTEX_POINT ( 'NONE', #4098 ) ;
#2021 = CARTESIAN_POINT ( 'NONE',  ( 6.751470245997284181, 3.379949199898008239, 1.390533752467296047 ) ) ;
#2022 = VECTOR ( 'NONE', #7390, 1000.000000000000000 ) ;
#2023 = DIRECTION ( 'NONE',  ( 0.8660254037844418162, 0.000000000000000000, -0.4999999999999946154 ) ) ;
#2024 = CARTESIAN_POINT ( 'NONE',  ( 7.829487298332922229, 1.079949199897997758, 24.11061236562114729 ) ) ;
#2025 = ADVANCED_FACE ( 'NONE', ( #1215 ), #3407, .T. ) ;
#2026 = B_SPLINE_CURVE_WITH_KNOTS ( 'NONE', 3,
 ( #1351, #5879, #4467, #567 ),
 .UNSPECIFIED., .F., .F.,
 ( 4, 4 ),
 ( 0.000000000000000000, 0.08113900817550454003 ),
 .UNSPECIFIED. ) ;
#2027 = CARTESIAN_POINT ( 'NONE',  ( 9.695422977532139441, -0.5200508001019926718, -3.130631016077059847 ) ) ;
#2028 = CARTESIAN_POINT ( 'NONE',  ( 8.643111421703414621, 0.6799491998980071727, 2.781166458547172926 ) ) ;
#2029 = ORIENTED_EDGE ( 'NONE', *, *, #7937, .T. ) ;
#2030 = AXIS2_PLACEMENT_3D ( 'NONE', #3385, #1240, #4168 ) ;
#2031 = LINE ( 'NONE', #3549, #2361 ) ;
#2032 = VECTOR ( 'NONE', #8102, 1000.000000000000000 ) ;
#2033 = DIRECTION ( 'NONE',  ( 0.000000000000000000, 0.000000000000000000, -1.000000000000000000 ) ) ;
#2034 = CARTESIAN_POINT ( 'NONE',  ( -26.94194965626754978, 3.379949199898008239, -5.750551307542025370 ) ) ;
#2035 = CARTESIAN_POINT ( 'NONE',  ( 9.302620142891580457, -0.3200508001019938820, 0.9962816115679495876 ) ) ;
#2036 = ORIENTED_EDGE ( 'NONE', *, *, #6938, .F. ) ;
#2037 = CARTESIAN_POINT ( 'NONE',  ( 0.3562277380513259040, 1.077357469772644460, 22.41966933319937283 ) ) ;
#2038 = DIRECTION ( 'NONE',  ( -1.000000000000000000, -0.000000000000000000, -0.000000000000000000 ) ) ;
#2039 = CIRCLE ( 'NONE', #8633, 13.00000000000000355 ) ;
#2040 = CARTESIAN_POINT ( 'NONE',  ( -1.385777434302003064, 0.000000000000000000, 24.99930094919824697 ) ) ;
#2041 = CARTESIAN_POINT ( 'NONE',  ( 2.044987863812408602, -0.5200508001019926718, 10.01830590626130757 ) ) ;
#2042 = CIRCLE ( 'NONE', #5976, 27.75000000000000355 ) ;
#2043 = LINE ( 'NONE', #5034, #8178 ) ;
#2044 = ORIENTED_EDGE ( 'NONE', *, *, #8782, .F. ) ;
#2045 = DIRECTION ( 'NONE',  ( 0.000000000000000000, 0.000000000000000000, -1.000000000000000000 ) ) ;
#2046 = CARTESIAN_POINT ( 'NONE',  ( -15.94402185713570574, 1.079949199897995760, 18.28489019745086708 ) ) ;
#2047 = AXIS2_PLACEMENT_3D ( 'NONE', #2323, #718, #6723 ) ;
#2049 = DIRECTION ( 'NONE',  ( 0.000000000000000000, -1.000000000000000000, 0.000000000000000000 ) ) ;
#2048 = AXIS2_PLACEMENT_3D ( 'NONE', #6540, #5938, #8847 ) ;
#2050 = ORIENTED_EDGE ( 'NONE', *, *, #6546, .T. ) ;
#2051 = DIRECTION ( 'NONE',  ( -0.000000000000000000, -1.000000000000000000, 0.000000000000000000 ) ) ;
#2052 = CARTESIAN_POINT ( 'NONE',  ( -5.733834087201365115, -0.5200508001019920057, 5.985223703896535241 ) ) ;
#2053 = DIRECTION ( 'NONE',  ( 0.000000000000000000, 1.000000000000000000, -0.000000000000000000 ) ) ;
#2054 = DIRECTION ( 'NONE',  ( 0.000000000000000000, 1.000000000000000000, -0.000000000000000000 ) ) ;
#2055 = DIRECTION ( 'NONE',  ( 0.000000000000000000, 0.000000000000000000, -1.000000000000000000 ) ) ;
#2056 = ORIENTED_EDGE ( 'NONE', *, *, #6401, .T. ) ;
#2057 = VECTOR ( 'NONE', #7446, 1000.000000000000000 ) ;
#2058 = ADVANCED_FACE ( 'NONE', ( #5634 ), #8604, .F. ) ;
#2059 = AXIS2_PLACEMENT_3D ( 'NONE', #5420, #4024, #7043 ) ;
#2060 = CARTESIAN_POINT ( 'NONE',  ( 2.630887540188358020, -0.3200508001019938820, -8.121691742383282175 ) ) ;
#2061 = DIRECTION ( 'NONE',  ( -0.000000000000000000, 1.000000000000000000, -0.000000000000000000 ) ) ;
#2062 = CIRCLE ( 'NONE', #8657, 1.000000000000000666 ) ;
#2063 = EDGE_LOOP ( 'NONE', ( #2811, #8448, #8608, #4142 ) ) ;
#2064 = FACE_OUTER_BOUND ( 'NONE', #9416, .T. ) ;
#2065 = AXIS2_PLACEMENT_3D ( 'NONE', #8300, #7765, #3078 ) ;
#2066 = ORIENTED_EDGE ( 'NONE', *, *, #1825, .T. ) ;
#2067 = CARTESIAN_POINT ( 'NONE',  ( -9.547063912130525409, -0.5200508001019926718, -1.786235405114957819 ) ) ;
#2068 = CARTESIAN_POINT ( 'NONE',  ( 4.157332302905997423, 0.000000000000000000, 24.60120094879952291 ) ) ;
#2069 = ORIENTED_EDGE ( 'NONE', *, *, #3745, .T. ) ;
#2070 = CARTESIAN_POINT ( 'NONE',  ( -8.717287829099996443, 0.6799491998980070617, 1.518963748204974484 ) ) ;
#2071 = ORIENTED_EDGE ( 'NONE', *, *, #6775, .F. ) ;
#2072 = EDGE_CURVE ( 'NONE', #3057, #5265, #5692, .T. ) ;
#2073 = AXIS2_PLACEMENT_3D ( 'NONE', #9066, #8334, #6911 ) ;
#2074 = LINE ( 'NONE', #7923, #7200 ) ;
#2075 = CARTESIAN_POINT ( 'NONE',  ( -5.727171411836342152, 0.6799491998980070617, 6.148282261337946863 ) ) ;
#2076 = ORIENTED_EDGE ( 'NONE', *, *, #9658, .T. ) ;
#2077 = EDGE_LOOP ( 'NONE', ( #479, #544, #8237, #7353 ) ) ;
#2078 = CARTESIAN_POINT ( 'NONE',  ( 9.364479067422660563, 3.379949199898008239, -4.679536894392197333 ) ) ;
#2079 = VECTOR ( 'NONE', #4152, 1000.000000000000000 ) ;
#2080 = CARTESIAN_POINT ( 'NONE',  ( -4.542514404042868215, -0.3200508001019929383, -8.688788088827825717 ) ) ;
#2081 = CARTESIAN_POINT ( 'NONE',  ( 7.276775293261821709, -0.5200508001019926718, -7.002576490188578084 ) ) ;
#2082 = CARTESIAN_POINT ( 'NONE',  ( 9.572605509961658043, -0.5200508001019926718, -4.074305998878674728 ) ) ;
#2083 = CARTESIAN_POINT ( 'NONE',  ( -2.851360912295938466, 3.379949199898008239, -6.877789085325257012 ) ) ;
#2084 = ORIENTED_EDGE ( 'NONE', *, *, #8882, .T. ) ;
#2085 = DIRECTION ( 'NONE',  ( 0.000000000000000000, 0.000000000000000000, -1.000000000000000000 ) ) ;
#2086 = EDGE_CURVE ( 'NONE', #5928, #5690, #7368, .T. ) ;
#2087 = AXIS2_PLACEMENT_3D ( 'NONE', #2584, #532, #3359 ) ;
#2088 = CARTESIAN_POINT ( 'NONE',  ( 20.70000000000011653, 80.31423269831148559, 20.69999999999988916 ) ) ;
#2089 = ADVANCED_FACE ( 'NONE', ( #4439 ), #7501, .F. ) ;
#2090 = CARTESIAN_POINT ( 'NONE',  ( 9.929020243915301691, 0.6799491998974536155, 0.2206786702119736265 ) ) ;
#2091 = VERTEX_POINT ( 'NONE', #7461 ) ;
#2092 = CYLINDRICAL_SURFACE ( 'NONE', #8851, 5.324999999999958433 ) ;
#2093 = CARTESIAN_POINT ( 'NONE',  ( 24.56393291380496180, 2.079949199898003975, -5.420820902157615251 ) ) ;
#2094 = AXIS2_PLACEMENT_3D ( 'NONE', #2562, #5662, #2651 ) ;
#2095 = DIRECTION ( 'NONE',  ( -0.8237539505186967093, 0.000000000000000000, 0.5669474658245160503 ) ) ;
#2096 = CARTESIAN_POINT ( 'NONE',  ( 4.529829106058810950, -0.5200508001019926718, 5.976956525104663243 ) ) ;
#2097 = CARTESIAN_POINT ( 'NONE',  ( -8.102021880671902210, 1.669898693559165759, -18.82007629362589896 ) ) ;
#2098 = EDGE_CURVE ( 'NONE', #6105, #6023, #6099, .T. ) ;
#2099 = ORIENTED_EDGE ( 'NONE', *, *, #8376, .F. ) ;
#2100 = FACE_OUTER_BOUND ( 'NONE', #2254, .T. ) ;
#2101 = CARTESIAN_POINT ( 'NONE',  ( -14.95490891808015732, 2.079949199898056822, 17.90222329369824905 ) ) ;
#2102 = CYLINDRICAL_SURFACE ( 'NONE', #4048, 27.75000000000000355 ) ;
#2103 = ORIENTED_EDGE ( 'NONE', *, *, #8887, .T. ) ;
#2104 = CARTESIAN_POINT ( 'NONE',  ( -9.139715893921806611, -0.3200508001019800042, 1.179230053374935139 ) ) ;
#2105 = DIRECTION ( 'NONE',  ( 0.000000000000000000, -1.000000000000000000, 0.000000000000000000 ) ) ;
#2106 = CARTESIAN_POINT ( 'NONE',  ( 8.097978119328097080, 2.079949199898024403, -23.46122212252468131 ) ) ;
#2107 = CYLINDRICAL_SURFACE ( 'NONE', #7400, 1.000000000000000888 ) ;
#2108 = DIRECTION ( 'NONE',  ( 0.000000000000000000, 0.000000000000000000, -1.000000000000000000 ) ) ;
#2109 = CARTESIAN_POINT ( 'NONE',  ( 3.346431047445648232, 0.6799491998980070617, -9.474064913990014603 ) ) ;
#2110 = B_SPLINE_CURVE_WITH_KNOTS ( 'NONE', 3,
 ( #8348, #3172, #6974, #3908 ),
 .UNSPECIFIED., .F., .F.,
 ( 4, 4 ),
 ( -6.324555357452249659E-06, 0.0005220609495110489686 ),
 .UNSPECIFIED. ) ;
#2111 = CARTESIAN_POINT ( 'NONE',  ( -27.39328656719431265, 0.000000000000000000, -0.9422253234780512132 ) ) ;
#2112 = EDGE_CURVE ( 'NONE', #7697, #5628, #8768, .T. ) ;
#2113 = ORIENTED_EDGE ( 'NONE', *, *, #7010, .T. ) ;
#2114 = CARTESIAN_POINT ( 'NONE',  ( -25.53804063565163673, 2.168404344971008868E-16, -5.679273287216291877 ) ) ;
#2115 = EDGE_CURVE ( 'NONE', #931, #8340, #281, .T. ) ;
#2116 = ORIENTED_EDGE ( 'NONE', *, *, #278, .T. ) ;
#2117 = CARTESIAN_POINT ( 'NONE',  ( -7.902318187985288844, -0.5200508001019926718, -6.595332027783603834 ) ) ;
#2118 = ORIENTED_EDGE ( 'NONE', *, *, #8394, .T. ) ;
#2119 = DIRECTION ( 'NONE',  ( 0.000000000000000000, 1.000000000000000000, 0.000000000000000000 ) ) ;
#2120 = ORIENTED_EDGE ( 'NONE', *, *, #63, .F. ) ;
#2121 = CARTESIAN_POINT ( 'NONE',  ( -8.558436187924121086, 0.6799491998980070617, 2.829878808300080539 ) ) ;
#2122 = CARTESIAN_POINT ( 'NONE',  ( 5.465092451529657502, -0.3200508001019928828, 7.722222789146944599 ) ) ;
#2123 = CARTESIAN_POINT ( 'NONE',  ( -5.666608677661053584, -0.3200508001019938820, 6.833114055636480444 ) ) ;
#2124 = ORIENTED_EDGE ( 'NONE', *, *, #6709, .T. ) ;
#2125 = CARTESIAN_POINT ( 'NONE',  ( 15.12853249051594240, 2.079949199897997758, -17.70594342225096440 ) ) ;
#2126 = CARTESIAN_POINT ( 'NONE',  ( 3.763905484638076171, -0.3200508001019929383, -8.541615360372698973 ) ) ;
#2127 = CARTESIAN_POINT ( 'NONE',  ( 5.130597256004566731, -0.5200508001019926718, -7.523709311588551607 ) ) ;
#2128 = CARTESIAN_POINT ( 'NONE',  ( 6.276258032944415532, -0.5200508001019926718, 1.795969015902686872 ) ) ;
#2129 = CARTESIAN_POINT ( 'NONE',  ( -5.463483932593278247, 3.379949199898008239, 2.775260637788719453 ) ) ;
#2130 = ORIENTED_EDGE ( 'NONE', *, *, #9389, .F. ) ;
#2131 = CARTESIAN_POINT ( 'NONE',  ( 11.14710757860794033, 1.934801903556354397, 22.80096698521866472 ) ) ;
#2132 = EDGE_CURVE ( 'NONE', #9560, #8413, #2193, .T. ) ;
#2133 = DIRECTION ( 'NONE',  ( 0.000000000000000000, 0.000000000000000000, -1.000000000000000000 ) ) ;
#2134 = CARTESIAN_POINT ( 'NONE',  ( 8.977311688380639865, 0.6799491998980070617, 2.565621922104126540 ) ) ;
#2135 = ORIENTED_EDGE ( 'NONE', *, *, #7884, .F. ) ;
#2136 = DIRECTION ( 'NONE',  ( -0.000000000000000000, 1.000000000000000000, -0.000000000000000000 ) ) ;
#2137 = ADVANCED_FACE ( 'NONE', ( #630 ), #7194, .F. ) ;
#2138 = CARTESIAN_POINT ( 'NONE',  ( 8.097978119328097080, 1.669898693559165981, -18.82181661348524671 ) ) ;
#2139 = CARTESIAN_POINT ( 'NONE',  ( -26.96198792828153046, 0.000000000000000000, 5.617818037016040655 ) ) ;
#2140 = FACE_OUTER_BOUND ( 'NONE', #2205, .T. ) ;
#2141 = CARTESIAN_POINT ( 'NONE',  ( 13.85873403624072964, 2.079949199898003975, -18.77809241999321088 ) ) ;
#2142 = ORIENTED_EDGE ( 'NONE', *, *, #4351, .T. ) ;
#2143 = CARTESIAN_POINT ( 'NONE',  ( -10.24922251997922729, 1.079949199897997758, 23.15217264361941218 ) ) ;
#2144 = CARTESIAN_POINT ( 'NONE',  ( -15.84808036550695576, 1.079949199897977996, 18.40655955156602985 ) ) ;
#2145 = CARTESIAN_POINT ( 'NONE',  ( -4.543874453218104570, 1.079949199898004641, 2.623407138729297206 ) ) ;
#2146 = ORIENTED_EDGE ( 'NONE', *, *, #6088, .T. ) ;
#2147 = CARTESIAN_POINT ( 'NONE',  ( -9.139715893921806611, -0.5200508001019856774, 1.179230053374935139 ) ) ;
#2148 = CARTESIAN_POINT ( 'NONE',  ( -7.125189569519050359, 0.000000000000000000, -3.048634710557540650 ) ) ;
#2149 = EDGE_CURVE ( 'NONE', #2933, #8736, #7046, .T. ) ;
#2150 = CARTESIAN_POINT ( 'NONE',  ( 25.57847377689379442, 1.079949199897997758, 5.403601807681492453 ) ) ;
#2151 = CARTESIAN_POINT ( 'NONE',  ( 25.51331937384175674, 0.000000000000000000, 5.875506842993686085 ) ) ;
#2152 = CARTESIAN_POINT ( 'NONE',  ( 15.99407193982682962, 0.000000000000000000, 18.20803970888895051 ) ) ;
#2153 = EDGE_CURVE ( 'NONE', #171, #5978, #8842, .T. ) ;
#2154 = CARTESIAN_POINT ( 'NONE',  ( 8.915683448939143219, 0.6799491998980491392, -7.326439856084718372 ) ) ;
#2155 = CARTESIAN_POINT ( 'NONE',  ( -27.25012979621591569, 0.000000000000000000, 3.756855665739624150 ) ) ;
#2156 = ORIENTED_EDGE ( 'NONE', *, *, #3209, .T. ) ;
#2157 = CARTESIAN_POINT ( 'NONE',  ( -15.62587276064625996, -2.168404344971008868E-16, 18.64942885424156671 ) ) ;
#2158 = ORIENTED_EDGE ( 'NONE', *, *, #1127, .T. ) ;
#2159 = CARTESIAN_POINT ( 'NONE',  ( -8.422014941248306741, -0.5200508001019926718, 0.1842721795463520273 ) ) ;
#2160 = AXIS2_PLACEMENT_3D ( 'NONE', #3507, #2038, #6525 ) ;
#2161 = DIRECTION ( 'NONE',  ( 0.000000000000000000, 0.000000000000000000, 1.000000000000000000 ) ) ;
#2162 = ORIENTED_EDGE ( 'NONE', *, *, #7601, .T. ) ;
#2163 = CARTESIAN_POINT ( 'NONE',  ( -7.209421741538569961, 0.6799491998980075058, -8.343140499148551825 ) ) ;
#2164 = CARTESIAN_POINT ( 'NONE',  ( 6.874094254682566962, -0.3200508001019928828, 2.891367643600466497 ) ) ;
#2165 = CARTESIAN_POINT ( 'NONE',  ( -5.741387272569300926, 0.6799491998980233820, 5.668441100731838489 ) ) ;
#2166 = ORIENTED_EDGE ( 'NONE', *, *, #7196, .T. ) ;
#2167 = CARTESIAN_POINT ( 'NONE',  ( -2.930664836443541699, 3.379949199898008239, 9.432668622035484063 ) ) ;
#2168 = CARTESIAN_POINT ( 'NONE',  ( 15.13617085044664279, 2.079949199897994205, -17.69538796552824067 ) ) ;
#2169 = CARTESIAN_POINT ( 'NONE',  ( -5.007305336910791382, 3.379949199898008239, -7.513100848590894998 ) ) ;
#2170 = ORIENTED_EDGE ( 'NONE', *, *, #9357, .T. ) ;
#2171 = CIRCLE ( 'NONE', #5455, 2.000000000000003553 ) ;
#2172 = CARTESIAN_POINT ( 'NONE',  ( -17.23131124203197473, 1.730229264965327252, -18.86320297791349176 ) ) ;
#2173 = EDGE_CURVE ( 'NONE', #5265, #358, #2171, .T. ) ;
#2174 = CARTESIAN_POINT ( 'NONE',  ( 7.853088323723563136, -0.3200508001019800042, 2.086774348607976393 ) ) ;
#2175 = CARTESIAN_POINT ( 'NONE',  ( 5.749078780730092042, 0.6799491998980501384, 5.568871469994785883 ) ) ;
#2176 = ORIENTED_EDGE ( 'NONE', *, *, #5387, .T. ) ;
#2177 = AXIS2_PLACEMENT_3D ( 'NONE', #2625, #4641, #3871 ) ;
#2178 = CARTESIAN_POINT ( 'NONE',  ( -0.4446487901712223301, 1.079949179077484445, 22.43243046302682586 ) ) ;
#2179 = EDGE_LOOP ( 'NONE', ( #3334, #9164, #1924, #6789 ) ) ;
#2180 = CARTESIAN_POINT ( 'NONE',  ( 24.58987225573535085, 2.079949199898003975, -5.253265010655495004 ) ) ;
#2181 = FACE_OUTER_BOUND ( 'NONE', #1794, .T. ) ;
#2182 = CARTESIAN_POINT ( 'NONE',  ( 9.634643386017490485, -0.5200508001019926718, -2.176926837662050307 ) ) ;
#2183 = CYLINDRICAL_SURFACE ( 'NONE', #6456, 14.00000000000000000 ) ;
#2184 = VECTOR ( 'NONE', #722, 1000.000000000000000 ) ;
#2185 = EDGE_LOOP ( 'NONE', ( #2036, #1904, #9071, #8924 ) ) ;
#2186 = EDGE_CURVE ( 'NONE', #8949, #3458, #9388, .T. ) ;
#2187 = CARTESIAN_POINT ( 'NONE',  ( -8.102021880671898657, 2.044590300389984350, -19.50163301904285618 ) ) ;
#2188 = AXIS2_PLACEMENT_3D ( 'NONE', #2542, #4832, #7859 ) ;
#2189 = CARTESIAN_POINT ( 'NONE',  ( -15.08554135786874362, 2.079949199897973333, 17.75955108273735306 ) ) ;
#2190 = CARTESIAN_POINT ( 'NONE',  ( 0.000000000000000000, 0.000000000000000000, 0.000000000000000000 ) ) ;
#2191 = ORIENTED_EDGE ( 'NONE', *, *, #4788, .T. ) ;
#2192 = LINE ( 'NONE', #5230, #5533 ) ;
#2193 = LINE ( 'NONE', #4530, #756 ) ;
#2194 = B_SPLINE_CURVE_WITH_KNOTS ( 'NONE', 3,
 ( #4077, #1831, #4804, #1789, #2467, #6321, #9353, #8473, #1740, #4661, #9162, #1040, #4717, #7739, #8613, #1093, #3982, #256, #7783, #6265, #7100, #4760, #3594, #1976, #449, #9609, #3440, #6465, #7981, #1391, #8668, #1297, #7298, #7147, #7344, #402, #5074, #3386, #607, #1241, #1932, #1344, #4275, #4221, #3546, #6410, #9398, #8765, #2657, #4959, #6561, #2758, #7248, #6516, #8033, #558, #2128, #9551, #508, #5668, #2809, #5763, #2866, #5819, #2710, #6617, #8820, #4911, #4322, #3497, #9505, #8080, #2027, #5870, #1195, #2082, #8872, #5016 ),
 .UNSPECIFIED., .F., .F.,
 ( 4, 2, 2, 2, 2, 2, 2, 2, 2, 2, 2, 2, 2, 2, 2, 2, 2, 2, 2, 2, 2, 2, 2, 2, 2, 2, 2, 2, 2, 2, 2, 2, 2, 2, 2, 2, 2, 2, 4 ),
 ( 0.000000000000000000, 0.03125000000000020817, 0.04687500000000028449, 0.05468750000000030531, 0.06250000000000031919, 0.07812500000000033307, 0.09375000000000030531, 0.1093750000000003053, 0.1250000000000003053, 0.1406250000000003053, 0.1484375000000002776, 0.1562500000000002498, 0.1718750000000002220, 0.1875000000000001388, 0.2031250000000000833, 0.2187500000000000278, 0.2343749999999999722, 0.2421874999999999445, 0.2499999999999998890, 0.2656249999999999445, 0.2812500000000000000, 0.2890625000000000000, 0.2929687500000000555, 0.2968750000000001110, 0.3125000000000001110, 0.3281250000000001110, 0.3437500000000001110, 0.3593750000000001110, 0.3750000000000000000, 0.3906250000000000000, 0.3984375000000000555, 0.4062500000000000000, 0.4218750000000000000, 0.4375000000000000000, 0.4531250000000000000, 0.4687500000000000000, 0.4765625000000000555, 0.4843750000000000000, 0.5000000000000000000 ),
 .UNSPECIFIED. ) ;
#2195 = AXIS2_PLACEMENT_3D ( 'NONE', #2272, #4611, #1365 ) ;
#2196 = CARTESIAN_POINT ( 'NONE',  ( 25.95836921253837559, 1.079949199897994649, -1.812524809301651052 ) ) ;
#2197 = LINE ( 'NONE', #480, #7862 ) ;
#2198 = CARTESIAN_POINT ( 'NONE',  ( -17.10079925302489556, 2.079949199898003975, -18.12582460135802975 ) ) ;
#2199 = CARTESIAN_POINT ( 'NONE',  ( -9.613510213487948874, 0.000000000000000000, 22.48100474448443364 ) ) ;
#2200 = EDGE_CURVE ( 'NONE', #196, #4183, #2286, .T. ) ;
#2201 = CIRCLE ( 'NONE', #3444, 0.5000000000000004441 ) ;
#2202 = AXIS2_PLACEMENT_3D ( 'NONE', #6683, #3018, #2921 ) ;
#2203 = CARTESIAN_POINT ( 'NONE',  ( 15.71549193813000223, 7.703719777548810289E-30, 18.55442663774191203 ) ) ;
#2204 = ADVANCED_FACE ( 'NONE', ( #5891 ), #3712, .T. ) ;
#2205 = EDGE_LOOP ( 'NONE', ( #3942, #7903, #8724, #4617, #723 ) ) ;
#2206 = CARTESIAN_POINT ( 'NONE',  ( -25.55756929374808095, 1.079949199897997758, -5.542385031088387315 ) ) ;
#2207 = ORIENTED_EDGE ( 'NONE', *, *, #5434, .F. ) ;
#2208 = CARTESIAN_POINT ( 'NONE',  ( -5.463483932593278247, -0.5200508001019926718, 2.775260637788719453 ) ) ;
#2209 = AXIS2_PLACEMENT_3D ( 'NONE', #9366, #370, #2623 ) ;
#2210 = CIRCLE ( 'NONE', #4235, 1.199999999999999734 ) ;
#2211 = CARTESIAN_POINT ( 'NONE',  ( -11.33887718372481146, 2.048544611938345028, 22.61171319769352195 ) ) ;
#2212 = CARTESIAN_POINT ( 'NONE',  ( -9.520169612638314405, 0.6799491998980070617, -8.127133148278995023 ) ) ;
#2213 = EDGE_CURVE ( 'NONE', #8849, #7691, #1225, .T. ) ;
#2214 = CIRCLE ( 'NONE', #5343, 5.325000000000003730 ) ;
#2215 = AXIS2_PLACEMENT_3D ( 'NONE', #5314, #1639, #3800 ) ;
#2216 = CARTESIAN_POINT ( 'NONE',  ( 7.110529732396396518, -0.3200508001019928828, 2.653899905615604293 ) ) ;
#2217 = CARTESIAN_POINT ( 'NONE',  ( -13.99999999999999645, 0.000000000000000000, -25.49999999999999645 ) ) ;
#2218 = ORIENTED_EDGE ( 'NONE', *, *, #6009, .T. ) ;
#2219 = CARTESIAN_POINT ( 'NONE',  ( -1.587784891891298233, 3.379949199898008239, 10.20957904858071608 ) ) ;
#2220 = AXIS2_PLACEMENT_3D ( 'NONE', #2337, #1560, #6044 ) ;
#2221 = CARTESIAN_POINT ( 'NONE',  ( 15.13553276633394873, 2.079949199897994205, -17.69630588106761238 ) ) ;
#2222 = CARTESIAN_POINT ( 'NONE',  ( -9.672510392881955354, 3.379949199898008239, -2.424747783783888444 ) ) ;
#2223 = VERTEX_POINT ( 'NONE', #8244 ) ;
#2224 = CARTESIAN_POINT ( 'NONE',  ( 20.70000000000011653, 80.31423269831148559, 16.77499999999988844 ) ) ;
#2225 = CARTESIAN_POINT ( 'NONE',  ( 9.364479067422660563, 3.379949199898008239, -4.679536894392197333 ) ) ;
#2226 = AXIS2_PLACEMENT_3D ( 'NONE', #4555, #791, #6799 ) ;
#2227 = CARTESIAN_POINT ( 'NONE',  ( 5.868712162090687912, -0.3200508001019938820, 4.819240123673678156 ) ) ;
#2228 = ORIENTED_EDGE ( 'NONE', *, *, #1233, .F. ) ;
#2229 = FACE_OUTER_BOUND ( 'NONE', #3750, .T. ) ;
#2230 = ORIENTED_EDGE ( 'NONE', *, *, #6804, .F. ) ;
#2231 = ADVANCED_FACE ( 'NONE', ( #5274 ), #1856, .F. ) ;
#2232 = FACE_OUTER_BOUND ( 'NONE', #8044, .T. ) ;
#2233 = CARTESIAN_POINT ( 'NONE',  ( 25.51331937384175674, 0.000000000000000000, 5.875506842993677203 ) ) ;
#2234 = CARTESIAN_POINT ( 'NONE',  ( 9.364479067422646352, -0.5200508001019926718, -4.679536894392231972 ) ) ;
#2235 = ORIENTED_EDGE ( 'NONE', *, *, #9587, .T. ) ;
#2236 = CARTESIAN_POINT ( 'NONE',  ( 15.74678416164553418, 1.740360440411204079, 18.13735118798012635 ) ) ;
#2237 = VECTOR ( 'NONE', #2390, 1000.000000000000000 ) ;
#2238 = ORIENTED_EDGE ( 'NONE', *, *, #8700, .F. ) ;
#2239 = CARTESIAN_POINT ( 'NONE',  ( 14.69382637518850743, 1.079949199897991097, -19.42579992853037041 ) ) ;
#2240 = CARTESIAN_POINT ( 'NONE',  ( -15.86618263347743607, 1.079949199897838330, 18.38513319950127212 ) ) ;
#2241 = CARTESIAN_POINT ( 'NONE',  ( 24.77943190639377491, 80.31423269831148559, -8.961152514961149507 ) ) ;
#2242 = ORIENTED_EDGE ( 'NONE', *, *, #3356, .F. ) ;
#2243 = DIRECTION ( 'NONE',  ( 0.000000000000000000, 0.000000000000000000, 1.000000000000000000 ) ) ;
#2244 = DIRECTION ( 'NONE',  ( -0.000000000000000000, 1.000000000000000000, 0.000000000000000000 ) ) ;
#2245 = AXIS2_PLACEMENT_3D ( 'NONE', #7155, #4134, #9407 ) ;
#2246 = DIRECTION ( 'NONE',  ( 0.000000000000000000, 1.000000000000000000, 0.000000000000000000 ) ) ;
#2247 = CARTESIAN_POINT ( 'NONE',  ( -10.24922251997922729, 0.000000000000000000, 23.15217264361941218 ) ) ;
#2248 = CARTESIAN_POINT ( 'NONE',  ( 15.97641246708828433, -4.336808689942017736E-16, 18.23922647316629764 ) ) ;
#2249 = CARTESIAN_POINT ( 'NONE',  ( 4.497197204928450986, 0.6799491998980070617, -9.690891813464338256 ) ) ;
#2250 = VECTOR ( 'NONE', #1735, 1000.000000000000000 ) ;
#2251 = CARTESIAN_POINT ( 'NONE',  ( -20.87844544752097420, 1.079949199897997758, -14.37751771673020684 ) ) ;
#2252 = ORIENTED_EDGE ( 'NONE', *, *, #6098, .F. ) ;
#2253 = CARTESIAN_POINT ( 'NONE',  ( -25.53804063565163673, 1.079949199897997758, -5.679273287216291877 ) ) ;
#2254 = EDGE_LOOP ( 'NONE', ( #1236, #7695, #7455, #3485 ) ) ;
#2255 = CARTESIAN_POINT ( 'NONE',  ( -8.054747381789086447, 3.379949199898008239, 0.5109219919602268067 ) ) ;
#2256 = ADVANCED_FACE ( 'NONE', ( #8198 ), #7037, .F. ) ;
#2257 = DIRECTION ( 'NONE',  ( -0.000000000000000000, 1.000000000000000000, -0.000000000000000000 ) ) ;
#2258 = CARTESIAN_POINT ( 'NONE',  ( -9.555079610607561946, 0.6799491998981302965, -6.678755532970012787 ) ) ;
#2259 = CARTESIAN_POINT ( 'NONE',  ( 10.38270464662161174, -0.3200508001019929938, -0.5892431998432086093 ) ) ;
#2260 = CARTESIAN_POINT ( 'NONE',  ( -26.95155599991250384, 0.000000000000000000, -5.685442100512531738 ) ) ;
#2261 = CARTESIAN_POINT ( 'NONE',  ( -5.729972556035344944, 0.6799491998980070617, 6.055436927660694302 ) ) ;
#2262 = EDGE_LOOP ( 'NONE', ( #8683, #6889, #6030, #386 ) ) ;
#2263 = CARTESIAN_POINT ( 'NONE',  ( -3.762812954488832684, 3.379949199898008239, 8.506801728256922601 ) ) ;
#2264 = EDGE_CURVE ( 'NONE', #69, #2983, #2926, .T. ) ;
#2265 = CARTESIAN_POINT ( 'NONE',  ( 15.95879998146671674, 1.079949199897995760, -18.26397185512229271 ) ) ;
#2266 = CARTESIAN_POINT ( 'NONE',  ( -8.282649775082900234, 3.379949199898008239, -6.284596742491777022 ) ) ;
#2267 = EDGE_LOOP ( 'NONE', ( #2405, #9535, #9507, #6350 ) ) ;
#2268 = CARTESIAN_POINT ( 'NONE',  ( -25.81986051472896904, -2.168404344971008868E-16, -3.616198649677108801 ) ) ;
#2269 = CARTESIAN_POINT ( 'NONE',  ( -4.623886629484632138, 80.31423269831148559, 27.36205716750247419 ) ) ;
#2270 = CARTESIAN_POINT ( 'NONE',  ( 5.715103531517226720, -0.3200508001019938820, 6.388506927603847529 ) ) ;
#2271 = CARTESIAN_POINT ( 'NONE',  ( -16.92907648227608419, 0.000000000000000000, 19.43395646935886134 ) ) ;
#2272 = CARTESIAN_POINT ( 'NONE',  ( 9.297978119328096369, 2.579949199897999090, -23.46122212252468131 ) ) ;
#2273 = DIRECTION ( 'NONE',  ( 0.000000000000000000, 0.000000000000000000, 1.000000000000000000 ) ) ;
#2274 = CARTESIAN_POINT ( 'NONE',  ( -17.33053398919235732, 1.549790988820410220, -18.67582635247721612 ) ) ;
#2275 = CARTESIAN_POINT ( 'NONE',  ( 9.365853617970607559, 3.379949199898008239, -1.256254556216748641 ) ) ;
#2276 = ORIENTED_EDGE ( 'NONE', *, *, #6049, .T. ) ;
#2277 = FACE_OUTER_BOUND ( 'NONE', #5597, .T. ) ;
#2278 = ORIENTED_EDGE ( 'NONE', *, *, #4240, .F. ) ;
#2279 = EDGE_CURVE ( 'NONE', #7613, #6198, #9403, .T. ) ;
#2280 = EDGE_CURVE ( 'NONE', #4968, #7668, #6420, .T. ) ;
#2281 = DIRECTION ( 'NONE',  ( -0.000000000000000000, 1.000000000000000000, -0.000000000000000000 ) ) ;
#2282 = DIRECTION ( 'NONE',  ( 0.000000000000000000, 0.000000000000000000, 1.000000000000000000 ) ) ;
#2283 = CARTESIAN_POINT ( 'NONE',  ( -7.230971026567325488, -0.5200508001019920057, 2.546572495540383230 ) ) ;
#2284 = ORIENTED_EDGE ( 'NONE', *, *, #2743, .T. ) ;
#2285 = CARTESIAN_POINT ( 'NONE',  ( -11.07562210988922580, -0.5200508001019856774, -3.112996942900909669 ) ) ;
#2286 = LINE ( 'NONE', #4343, #6256 ) ;
#2287 = DIRECTION ( 'NONE',  ( 0.000000000000000000, -1.000000000000000000, 0.000000000000000000 ) ) ;
#2288 = DIRECTION ( 'NONE',  ( 0.000000000000000000, 0.000000000000000000, -1.000000000000000000 ) ) ;
#2289 = DIRECTION ( 'NONE',  ( -0.000000000000000000, 1.000000000000000000, -0.000000000000000000 ) ) ;
#2290 = CARTESIAN_POINT ( 'NONE',  ( 5.260355811664808812, -0.3200508001019938820, -8.722092616317667080 ) ) ;
#2291 = EDGE_CURVE ( 'NONE', #9437, #6152, #6577, .T. ) ;
#2292 = CARTESIAN_POINT ( 'NONE',  ( 20.69999999999989626, 3.379949199898008239, -20.70000000000010587 ) ) ;
#2293 = DIRECTION ( 'NONE',  ( 0.000000000000000000, -0.7071067811865376918, 0.7071067811865574537 ) ) ;
#2294 = FACE_OUTER_BOUND ( 'NONE', #8602, .T. ) ;
#2295 = ORIENTED_EDGE ( 'NONE', *, *, #758, .T. ) ;
#2296 = DIRECTION ( 'NONE',  ( 0.000000000000000000, 0.000000000000000000, 1.000000000000000000 ) ) ;
#2297 = CARTESIAN_POINT ( 'NONE',  ( -12.73119670201461595, 1.079949199898004197, 19.65107802997889408 ) ) ;
#2298 = CARTESIAN_POINT ( 'NONE',  ( -7.353159335490227377, -0.5200508001019926718, -6.951817232872429919 ) ) ;
#2299 = CARTESIAN_POINT ( 'NONE',  ( -14.45015257283010435, 1.079949199898004197, 20.62839693420014342 ) ) ;
#2300 = CARTESIAN_POINT ( 'NONE',  ( -6.597106019818010481, 0.6799491998980075058, -8.540034855142023318 ) ) ;
#2301 = ADVANCED_FACE ( 'NONE', ( #3501 ), #5303, .F. ) ;
#2302 = CARTESIAN_POINT ( 'NONE',  ( 6.203940879085098281, -0.3200508001019929383, 3.883695666710094585 ) ) ;
#2303 = CARTESIAN_POINT ( 'NONE',  ( 14.88316527472231954, 0.9899745999489978354, -20.37839693420014697 ) ) ;
#2304 = CARTESIAN_POINT ( 'NONE',  ( -5.738100997351851973, -0.3200508001019938820, 5.739877167295153626 ) ) ;
#2305 = ORIENTED_EDGE ( 'NONE', *, *, #3460, .T. ) ;
#2306 = CARTESIAN_POINT ( 'NONE',  ( -4.561828770676641831, 3.379949199898008239, 5.312196305281433162 ) ) ;
#2307 = CARTESIAN_POINT ( 'NONE',  ( 13.86899728391789210, 2.079949199898058598, 21.48359523605718024 ) ) ;
#2308 = DIRECTION ( 'NONE',  ( 0.000000000000000000, 1.000000000000000000, -0.000000000000000000 ) ) ;
#2309 = VERTEX_POINT ( 'NONE', #1247 ) ;
#2310 = DIRECTION ( 'NONE',  ( -1.000000000000000000, -0.000000000000000000, -0.000000000000000000 ) ) ;
#2311 = CIRCLE ( 'NONE', #5164, 1.999999999999998224 ) ;
#2312 = EDGE_CURVE ( 'NONE', #603, #9553, #2662, .T. ) ;
#2313 = CARTESIAN_POINT ( 'NONE',  ( 10.77921296318721289, -0.3200508001019800042, -4.381657472987293467 ) ) ;
#2314 = CARTESIAN_POINT ( 'NONE',  ( 5.730027561974110561, 0.6799491998980051743, 5.995466475737480927 ) ) ;
#2315 = CARTESIAN_POINT ( 'NONE',  ( -15.87902982125382856, 1.582291274037527229, 18.14121295866963735 ) ) ;
#2316 = ADVANCED_FACE ( 'NONE', ( #7253 ), #5023, .T. ) ;
#2317 = AXIS2_PLACEMENT_3D ( 'NONE', #5078, #1980, #6415 ) ;
#2318 = CARTESIAN_POINT ( 'NONE',  ( -15.39829126588791297, 2.028790669642049682, 17.88323175940837828 ) ) ;
#2319 = CARTESIAN_POINT ( 'NONE',  ( -17.23131124203197828, 1.740068548871501086, -18.86320297791350242 ) ) ;
#2320 = DIRECTION ( 'NONE',  ( 0.7071067811865376918, -0.7071067811865574537, 0.000000000000000000 ) ) ;
#2321 = ORIENTED_EDGE ( 'NONE', *, *, #8452, .F. ) ;
#2322 = CIRCLE ( 'NONE', #6888, 18.92010101267768363 ) ;
#2323 = CARTESIAN_POINT ( 'NONE',  ( -20.70000000000011298, 1.079949199897997758, -20.69999999999989271 ) ) ;
#2324 = ORIENTED_EDGE ( 'NONE', *, *, #7144, .T. ) ;
#2325 = CIRCLE ( 'NONE', #8610, 0.5000000000000004441 ) ;
#2326 = CARTESIAN_POINT ( 'NONE',  ( 26.95186291862489725, 3.379949199898008239, 5.683210348658890965 ) ) ;
#2327 = DIRECTION ( 'NONE',  ( 0.4999999999999946154, 0.000000000000000000, 0.8660254037844418162 ) ) ;
#2328 = CARTESIAN_POINT ( 'NONE',  ( -2.042987402220290960, -0.5200508001019920057, -7.802051076519773254 ) ) ;
#2329 = ORIENTED_EDGE ( 'NONE', *, *, #7465, .T. ) ;
#2330 = CARTESIAN_POINT ( 'NONE',  ( 1.555178752257928121, -0.3200508001019800042, -7.587415303688827883 ) ) ;
#2331 = ORIENTED_EDGE ( 'NONE', *, *, #48, .F. ) ;
#2332 = CARTESIAN_POINT ( 'NONE',  ( 25.57810035232023083, 1.079949199897997758, -5.406252687022702119 ) ) ;
#2333 = FACE_OUTER_BOUND ( 'NONE', #6405, .T. ) ;
#2334 = CARTESIAN_POINT ( 'NONE',  ( 0.000000000000000000, 0.6799491998980041751, 0.000000000000000000 ) ) ;
#2335 = AXIS2_PLACEMENT_3D ( 'NONE', #8195, #8385, #4436 ) ;
#2336 = CARTESIAN_POINT ( 'NONE',  ( 8.954916280954249075, 0.6799491998980069507, -8.557184587228780615 ) ) ;
#2337 = CARTESIAN_POINT ( 'NONE',  ( -6.916078164492592606, -0.3200508001019919391, 4.785527183007433294 ) ) ;
#2338 = AXIS2_PLACEMENT_3D ( 'NONE', #6144, #2539, #5541 ) ;
#2339 = DIRECTION ( 'NONE',  ( 0.000000000000000000, 0.000000000000000000, -1.000000000000000000 ) ) ;
#2340 = CARTESIAN_POINT ( 'NONE',  ( 1.268541429329163694, 3.379949199898004686, 24.60019403269592786 ) ) ;
#2341 = CARTESIAN_POINT ( 'NONE',  ( 25.63677080342491266, 2.059984127722458425E-14, -5.014736809551698649 ) ) ;
#2342 = VERTEX_POINT ( 'NONE', #5825 ) ;
#2343 = AXIS2_PLACEMENT_3D ( 'NONE', #2198, #2289, #826 ) ;
#2344 = EDGE_CURVE ( 'NONE', #7833, #216, #4865, .T. ) ;
#2345 = LINE ( 'NONE', #8353, #5651 ) ;
#2346 = CARTESIAN_POINT ( 'NONE',  ( -8.916341232660204952, -0.5200508001019926718, -5.541452308261794357 ) ) ;
#2347 = AXIS2_PLACEMENT_3D ( 'NONE', #2068, #5062, #6397 ) ;
#2348 = CARTESIAN_POINT ( 'NONE',  ( 4.157332302905997423, 1.079949199898004641, 24.60120094879952646 ) ) ;
#2349 = CIRCLE ( 'NONE', #3129, 2.499999999999998668 ) ;
#2350 = CARTESIAN_POINT ( 'NONE',  ( -10.62374203861195276, -0.3200508001019938820, -1.211560395326258588 ) ) ;
#2351 = CARTESIAN_POINT ( 'NONE',  ( 26.96161968753905569, 3.379949199898008239, -5.620435433936791014 ) ) ;
#2352 = DIRECTION ( 'NONE',  ( -1.000000000000000000, -0.000000000000000000, -0.000000000000000000 ) ) ;
#2353 = AXIS2_PLACEMENT_3D ( 'NONE', #1151, #7151, #9401 ) ;
#2354 = CARTESIAN_POINT ( 'NONE',  ( -5.825629825132089046, 0.6799491998980070617, 4.984243254049817828 ) ) ;
#2355 = AXIS2_PLACEMENT_3D ( 'NONE', #9332, #6292, #6436 ) ;
#2356 = EDGE_LOOP ( 'NONE', ( #3558, #2013, #8172, #258 ) ) ;
#2357 = CARTESIAN_POINT ( 'NONE',  ( 7.822881124318152857, -0.5200508001019926718, -6.664470312695807586 ) ) ;
#2358 = FACE_OUTER_BOUND ( 'NONE', #6539, .T. ) ;
#2359 = ORIENTED_EDGE ( 'NONE', *, *, #3037, .T. ) ;
#2360 = CARTESIAN_POINT ( 'NONE',  ( -16.70925739877612415, 1.730229264965327252, -19.84907255162304551 ) ) ;
#2361 = VECTOR ( 'NONE', #6564, 1000.000000000000000 ) ;
#2362 = AXIS2_PLACEMENT_3D ( 'NONE', #8777, #7944, #9564 ) ;
#2363 = CARTESIAN_POINT ( 'NONE',  ( -5.851106474519944811, -0.5200508001019787940, 4.844028221207500984 ) ) ;
#2364 = CARTESIAN_POINT ( 'NONE',  ( 5.760035171246828511, -0.3200508001019938820, 5.450027361590237263 ) ) ;
#2365 = DIRECTION ( 'NONE',  ( -0.000000000000000000, 1.000000000000000000, -0.000000000000000000 ) ) ;
#2366 = CARTESIAN_POINT ( 'NONE',  ( 0.000000000000000000, 1.079949199897997758, 0.000000000000000000 ) ) ;
#2367 = CIRCLE ( 'NONE', #4243, 6.324999999999959321 ) ;
#2368 = CARTESIAN_POINT ( 'NONE',  ( -15.34562715066512339, 2.048013504241246618, 17.84813286727610659 ) ) ;
#2369 = EDGE_CURVE ( 'NONE', #5591, #7833, #6698, .T. ) ;
#2370 = CYLINDRICAL_SURFACE ( 'NONE', #3778, 0.5000000000000004441 ) ;
#2371 = CARTESIAN_POINT ( 'NONE',  ( 10.68223522187144248, 0.000000000000000000, -22.90217264361940863 ) ) ;
#2372 = ORIENTED_EDGE ( 'NONE', *, *, #4871, .F. ) ;
#2373 = CARTESIAN_POINT ( 'NONE',  ( 26.93305267092948441, 3.379949199898008239, 5.814235021364770439 ) ) ;
#2374 = ORIENTED_EDGE ( 'NONE', *, *, #5675, .F. ) ;
#2375 = TOROIDAL_SURFACE ( 'NONE', #5355, 1.500000000000000000, 1.000000000000000000 ) ;
#2376 = CARTESIAN_POINT ( 'NONE',  ( -20.69999999999989271, 80.31423269831148559, 15.37500000000015454 ) ) ;
#2377 = DIRECTION ( 'NONE',  ( 0.000000000000000000, 0.000000000000000000, -1.000000000000000000 ) ) ;
#2378 = CARTESIAN_POINT ( 'NONE',  ( 0.7072641935019288173, -0.5200508001019920057, -7.319819611073327792 ) ) ;
#2379 = ORIENTED_EDGE ( 'NONE', *, *, #2112, .T. ) ;
#2380 = CARTESIAN_POINT ( 'NONE',  ( 3.053236102212768532, -0.3200508001019800042, -8.315154110800278886 ) ) ;
#2381 = ORIENTED_EDGE ( 'NONE', *, *, #5237, .F. ) ;
#2382 = CARTESIAN_POINT ( 'NONE',  ( 15.76930811959983991, 1.742224189528595479, 18.10269048705267636 ) ) ;
#2383 = VECTOR ( 'NONE', #4201, 1000.000000000000000 ) ;
#2384 = EDGE_CURVE ( 'NONE', #5872, #5663, #3634, .T. ) ;
#2385 = CARTESIAN_POINT ( 'NONE',  ( 15.94893020610289192, 1.079949199898053269, -18.27803342811781562 ) ) ;
#2386 = CARTESIAN_POINT ( 'NONE',  ( -2.428613773699728640, -0.5200508001019926718, 9.800604731441159956 ) ) ;
#2387 = CARTESIAN_POINT ( 'NONE',  ( 0.8808990454357775723, 0.6799491998980069507, -8.426482844284608476 ) ) ;
#2388 = CARTESIAN_POINT ( 'NONE',  ( 8.138342813060061687, 80.31423269831148559, 25.06172133467919139 ) ) ;
#2389 = VECTOR ( 'NONE', #6192, 1000.000000000000000 ) ;
#2390 = DIRECTION ( 'NONE',  ( -0.000000000000000000, -1.000000000000000000, -0.000000000000000000 ) ) ;
#2391 = CYLINDRICAL_SURFACE ( 'NONE', #5620, 0.5000000000000004441 ) ;
#2392 = CARTESIAN_POINT ( 'NONE',  ( 0.000000000000000000, 1.079949199897997758, 0.000000000000000000 ) ) ;
#2393 = VERTEX_POINT ( 'NONE', #7986 ) ;
#2394 = CARTESIAN_POINT ( 'NONE',  ( 6.383422944096966312, -0.3200508001019928828, -8.591952083095039328 ) ) ;
#2395 = CARTESIAN_POINT ( 'NONE',  ( 1.524344450334443213, -0.5200508001019926718, -6.317649405433848564 ) ) ;
#2396 = ORIENTED_EDGE ( 'NONE', *, *, #8323, .F. ) ;
#2397 = LINE ( 'NONE', #1713, #3281 ) ;
#2398 = CARTESIAN_POINT ( 'NONE',  ( -1.641291640120182693, 0.6799491998980070617, -8.727249192845563996 ) ) ;
#2399 = ADVANCED_FACE ( 'NONE', ( #1348 ), #7935, .T. ) ;
#2400 = ADVANCED_FACE ( 'NONE', ( #3600 ), #4666, .F. ) ;
#2401 = CARTESIAN_POINT ( 'NONE',  ( -20.87844544752078946, 2.079949199898003975, 14.37751771673046797 ) ) ;
#2402 = CARTESIAN_POINT ( 'NONE',  ( 15.15685912178876649, 1.079949199898004197, -20.79683650938152084 ) ) ;
#2403 = EDGE_LOOP ( 'NONE', ( #5055, #2372, #6057, #5671 ) ) ;
#2404 = CARTESIAN_POINT ( 'NONE',  ( 14.90548731448556197, 2.079949199897994205, 17.95120229034363746 ) ) ;
#2405 = ORIENTED_EDGE ( 'NONE', *, *, #365, .F. ) ;
#2406 = CARTESIAN_POINT ( 'NONE',  ( -2.922307743786626055, -0.5200508001019926718, -6.918744034654288555 ) ) ;
#2407 = ORIENTED_EDGE ( 'NONE', *, *, #7267, .T. ) ;
#2408 = CARTESIAN_POINT ( 'NONE',  ( 15.86618271776199229, 2.079949199897624279, -18.38513326746075194 ) ) ;
#2409 = CARTESIAN_POINT ( 'NONE',  ( 27.39338558896949394, 3.379949199898008239, 1.876892258793266821 ) ) ;
#2410 = VERTEX_POINT ( 'NONE', #4128 ) ;
#2411 = CARTESIAN_POINT ( 'NONE',  ( -7.548780778682364634, 0.6799491998980070617, 3.652518504960194257 ) ) ;
#2412 = CARTESIAN_POINT ( 'NONE',  ( -6.326916435308330477, -0.3200508001019800042, 3.659938406190045956 ) ) ;
#2413 = CARTESIAN_POINT ( 'NONE',  ( 5.849591494269691161, 0.6799491998980070617, 9.317701107466273669 ) ) ;
#2414 = FACE_OUTER_BOUND ( 'NONE', #3084, .T. ) ;
#2415 = DIRECTION ( 'NONE',  ( 0.4999999999999933387, 8.673617379883920101E-16, -0.8660254037844424824 ) ) ;
#2416 = CARTESIAN_POINT ( 'NONE',  ( -15.88002221791977675, 1.523728698054478414, 18.19988951091352547 ) ) ;
#2417 = EDGE_CURVE ( 'NONE', #1630, #1139, #1859, .T. ) ;
#2418 = CARTESIAN_POINT ( 'NONE',  ( 0.000000000000000000, 2.579949199898003975, 0.000000000000000000 ) ) ;
#2419 = CARTESIAN_POINT ( 'NONE',  ( -25.51311251866405172, 0.000000000000000000, -5.876835801766818079 ) ) ;
#2420 = ORIENTED_EDGE ( 'NONE', *, *, #4379, .F. ) ;
#2421 = DIRECTION ( 'NONE',  ( -0.000000000000000000, 1.000000000000000000, -0.000000000000000000 ) ) ;
#2422 = ORIENTED_EDGE ( 'NONE', *, *, #2615, .F. ) ;
#2423 = FACE_OUTER_BOUND ( 'NONE', #7687, .T. ) ;
#2424 = CARTESIAN_POINT ( 'NONE',  ( 15.99099185830266734, 0.000000000000000000, -18.21385627110458927 ) ) ;
#2425 = EDGE_CURVE ( 'NONE', #1435, #4961, #4327, .T. ) ;
#2426 = CARTESIAN_POINT ( 'NONE',  ( 9.249902622280623987, -0.5200508001019920057, -7.239604070217035670 ) ) ;
#2427 = EDGE_LOOP ( 'NONE', ( #4341, #4360, #8590, #4543 ) ) ;
#2428 = CARTESIAN_POINT ( 'NONE',  ( 20.70000000000011653, 80.31423269831148559, 15.37499999999988454 ) ) ;
#2429 = ORIENTED_EDGE ( 'NONE', *, *, #1282, .T. ) ;
#2430 = CARTESIAN_POINT ( 'NONE',  ( 15.12853249051583404, 2.079949199897997758, 17.70594342225109585 ) ) ;
#2431 = DIRECTION ( 'NONE',  ( -0.000000000000000000, -1.000000000000000000, -0.000000000000000000 ) ) ;
#2432 = CARTESIAN_POINT ( 'NONE',  ( -1.734785425633447398, -0.5200508001019926718, 10.15175079565704053 ) ) ;
#2433 = B_SPLINE_CURVE_WITH_KNOTS ( 'NONE', 3,
 ( #1209, #1503, #4620, #2187, #1458, #6726 ),
 .UNSPECIFIED., .F., .F.,
 ( 4, 2, 4 ),
 ( 0.000000000000000000, 0.0005842234821289794605, 0.001168446964257959138 ),
 .UNSPECIFIED. ) ;
#2434 = CARTESIAN_POINT ( 'NONE',  ( -5.321321195399606019, 0.6799491998980069507, -9.721038195230480738 ) ) ;
#2435 = CYLINDRICAL_SURFACE ( 'NONE', #807, 2.499999999999998668 ) ;
#2436 = EDGE_CURVE ( 'NONE', #2223, #9232, #2762, .T. ) ;
#2437 = FACE_OUTER_BOUND ( 'NONE', #1162, .T. ) ;
#2438 = DIRECTION ( 'NONE',  ( -0.000000000000000000, -1.000000000000000000, -0.000000000000000000 ) ) ;
#2439 = CARTESIAN_POINT ( 'NONE',  ( 20.69999999999989626, 1.079949199897997758, -20.70000000000010587 ) ) ;
#2440 = ORIENTED_EDGE ( 'NONE', *, *, #8782, .T. ) ;
#2441 = ADVANCED_FACE ( 'NONE', ( #6470 ), #1302, .T. ) ;
#2442 = DIRECTION ( 'NONE',  ( -0.000000000000000000, -1.000000000000000000, -0.000000000000000000 ) ) ;
#2443 = CARTESIAN_POINT ( 'NONE',  ( -5.395739651539061654, -0.5200508001019926718, 2.880759949170351053 ) ) ;
#2444 = CARTESIAN_POINT ( 'NONE',  ( 0.000000000000000000, 80.31423269831148559, 0.000000000000000000 ) ) ;
#2445 = CARTESIAN_POINT ( 'NONE',  ( -2.813866057985567437, -0.3200508001019938820, -8.208675086315338376 ) ) ;
#2446 = CARTESIAN_POINT ( 'NONE',  ( 24.58987225573535085, 2.079949199898003975, -5.253265010655495004 ) ) ;
#2447 = VERTEX_POINT ( 'NONE', #3837 ) ;
#2448 = CARTESIAN_POINT ( 'NONE',  ( 15.89686509445806273, 2.079949199898550649, 18.34707537933694255 ) ) ;
#2449 = B_SPLINE_CURVE_WITH_KNOTS ( 'NONE', 3,
 ( #7176, #5647, #5056, #8649, #1918, #6445, #6596, #4109, #3369, #7915, #7283, #2594 ),
 .UNSPECIFIED., .F., .F.,
 ( 4, 2, 2, 2, 2, 4 ),
 ( 0.0008888808327706475667, 0.001867779983992270878, 0.002846679135213894297, 0.003825578286435517717, 0.004315027862046326608, 0.004804477437657135933 ),
 .UNSPECIFIED. ) ;
#2450 = VERTEX_POINT ( 'NONE', #1536 ) ;
#2451 = CARTESIAN_POINT ( 'NONE',  ( -0.07427833882031341373, 3.379949199898008239, -6.100061353294050193 ) ) ;
#2452 = B_SPLINE_CURVE_WITH_KNOTS ( 'NONE', 3,
 ( #8248, #1513, #9677, #3071 ),
 .UNSPECIFIED., .F., .F.,
 ( 4, 4 ),
 ( 0.8656820595799308293, 1.000000000000000000 ),
 .UNSPECIFIED. ) ;
#2453 = CARTESIAN_POINT ( 'NONE',  ( 15.94402160336501595, 2.079949199897992429, -18.28489001326550323 ) ) ;
#2454 = CARTESIAN_POINT ( 'NONE',  ( 4.653151171335451863, 3.379949199898008239, -7.486786040105736895 ) ) ;
#2455 = ORIENTED_EDGE ( 'NONE', *, *, #8960, .F. ) ;
#2456 = CARTESIAN_POINT ( 'NONE',  ( 7.597978119328103297, 2.579949199898003975, -11.00611445143712253 ) ) ;
#2457 = B_SPLINE_CURVE_WITH_KNOTS ( 'NONE', 3,
 ( #1923, #8654, #7181, #5653, #1822, #7920, #436, #4794 ),
 .UNSPECIFIED., .F., .F.,
 ( 4, 2, 2, 4 ),
 ( 6.314488766312914258E-18, 0.0004610008138576644592, 0.0009220016277153226299, 0.001844003255430639405 ),
 .UNSPECIFIED. ) ;
#2458 = CIRCLE ( 'NONE', #7967, 0.4000000000000010214 ) ;
#2459 = DIRECTION ( 'NONE',  ( -0.000000000000000000, -1.000000000000000000, -0.000000000000000000 ) ) ;
#2460 = CARTESIAN_POINT ( 'NONE',  ( -0.9673443613056350587, 0.6799491998980290441, 11.61386231909780520 ) ) ;
#2461 = CARTESIAN_POINT ( 'NONE',  ( -16.05395504182821043, 0.000000000000000000, 20.21006210249904456 ) ) ;
#2462 = CARTESIAN_POINT ( 'NONE',  ( -15.12853249046230708, 2.079949199898003975, 17.70594342235056473 ) ) ;
#2463 = SURFACE_SIDE_STYLE ('',( #6262 ) ) ;
#2464 = CARTESIAN_POINT ( 'NONE',  ( -15.78097484509481241, 1.689520304248408600, 18.16104888109244087 ) ) ;
#2465 = EDGE_CURVE ( 'NONE', #9499, #1065, #4915, .T. ) ;
#2466 = AXIS2_PLACEMENT_3D ( 'NONE', #8693, #1953, #5275 ) ;
#2467 = CARTESIAN_POINT ( 'NONE',  ( -4.561828770676641831, -0.5200508001019926718, 5.312196305281433162 ) ) ;
#2468 = CARTESIAN_POINT ( 'NONE',  ( -6.808445261172342278, 0.6799491998980070617, 5.174840703570800393 ) ) ;
#2469 = ORIENTED_EDGE ( 'NONE', *, *, #2149, .T. ) ;
#2470 = DIRECTION ( 'NONE',  ( 0.1666265452066536257, 0.000000000000000000, 0.9860200781081971400 ) ) ;
#2471 = CARTESIAN_POINT ( 'NONE',  ( -17.19591162356468317, 1.807953718567575585, -18.93005318353629463 ) ) ;
#2472 = CARTESIAN_POINT ( 'NONE',  ( 15.99407193982678521, 1.079949199897997758, 18.20803970888903933 ) ) ;
#2473 = CARTESIAN_POINT ( 'NONE',  ( 10.87273167590883460, 0.6799491998980070617, -3.579241639393179408 ) ) ;
#2474 = EDGE_LOOP ( 'NONE', ( #4903, #4747, #3596, #4919 ) ) ;
#2475 = CARTESIAN_POINT ( 'NONE',  ( 4.923790290237420209, -0.5200508001019856774, -8.732962522738857203 ) ) ;
#2476 = DIRECTION ( 'NONE',  ( 0.000000000000000000, 1.000000000000000000, 0.000000000000000000 ) ) ;
#2477 = B_SPLINE_SURFACE_WITH_KNOTS ( 'NONE', 3, 1, ( 
 ( #3955, #6231 ),
 ( #2769, #9466 ),
 ( #8883, #2723 ),
 ( #5881, #5127 ),
 ( #4181, #1255 ),
 ( #5776, #7993 ),
 ( #5729, #8728 ),
 ( #9664, #2139 ) ),
 .UNSPECIFIED., .F., .F., .F.,
 ( 4, 2, 2, 4 ),
 ( 2, 2 ),
 ( 0.000000000000000000, 0.2500000000000000000, 0.5000000000000000000, 1.000000000000000000 ),
 ( 0.000000000000000000, 1.000000000000000000 ),
 .UNSPECIFIED. ) ;
#2478 = CARTESIAN_POINT ( 'NONE',  ( 15.55397162558654500, 1.935424530886089123, -18.00321123737794338 ) ) ;
#2479 = CARTESIAN_POINT ( 'NONE',  ( -0.3767042919812826907, -0.5200508001019926718, 10.48876276879989433 ) ) ;
#2480 = EDGE_CURVE ( 'NONE', #706, #7927, #6110, .T. ) ;
#2481 = AXIS2_PLACEMENT_3D ( 'NONE', #4952, #9445, #4269 ) ;
#2482 = CARTESIAN_POINT ( 'NONE',  ( 10.02538718874732027, 80.31423269831148559, 22.26447847739673591 ) ) ;
#2483 = FACE_OUTER_BOUND ( 'NONE', #7729, .T. ) ;
#2484 = DIRECTION ( 'NONE',  ( -0.000000000000000000, -1.000000000000000000, 0.000000000000000000 ) ) ;
#2485 = CARTESIAN_POINT ( 'NONE',  ( 1.143001720862374171, 3.379949199898006018, 24.38516563655074876 ) ) ;
#2486 = CARTESIAN_POINT ( 'NONE',  ( 25.85474537706308240, 1.079949199897997758, -3.162443295254917963 ) ) ;
#2487 = AXIS2_PLACEMENT_3D ( 'NONE', #3688, #1526, #8306 ) ;
#2488 = ORIENTED_EDGE ( 'NONE', *, *, #9411, .F. ) ;
#2489 = CARTESIAN_POINT ( 'NONE',  ( 0.000000000000000000, 1.669898693559164427, 0.000000000000000000 ) ) ;
#2490 = DIRECTION ( 'NONE',  ( -0.000000000000000000, -1.000000000000000000, -0.000000000000000000 ) ) ;
#2491 = EDGE_LOOP ( 'NONE', ( #6228, #1689, #9295, #1131 ) ) ;
#2492 = EDGE_CURVE ( 'NONE', #7468, #2020, #7401, .T. ) ;
#2493 = DIRECTION ( 'NONE',  ( -0.000000000000000000, 1.000000000000000000, -0.000000000000000000 ) ) ;
#2494 = CARTESIAN_POINT ( 'NONE',  ( -3.413641647550384572, -0.3200508001019938820, -8.447421780721047213 ) ) ;
#2495 = AXIS2_PLACEMENT_3D ( 'NONE', #6194, #1706, #4250 ) ;
#2496 = EDGE_CURVE ( 'NONE', #7067, #5284, #2325, .T. ) ;
#2497 = CARTESIAN_POINT ( 'NONE',  ( -21.15717546953937500, 80.31423269831148559, 14.79266425619381842 ) ) ;
#2498 = CIRCLE ( 'NONE', #8623, 3.924999999999956302 ) ;
#2499 = ORIENTED_EDGE ( 'NONE', *, *, #4764, .F. ) ;
#2500 = CARTESIAN_POINT ( 'NONE',  ( 15.09709405515968506, 2.079949199897994205, 17.74582134496877828 ) ) ;
#2501 = ORIENTED_EDGE ( 'NONE', *, *, #2173, .F. ) ;
#2502 = CARTESIAN_POINT ( 'NONE',  ( 4.025343917926746506, -0.5200508001019926718, -7.369790065371157439 ) ) ;
#2503 = CIRCLE ( 'NONE', #7689, 2.499999999999998668 ) ;
#2504 = VECTOR ( 'NONE', #361, 1000.000000000000000 ) ;
#2505 = ADVANCED_FACE ( 'NONE', ( #3654 ), #850, .T. ) ;
#2506 = CARTESIAN_POINT ( 'NONE',  ( 15.84808034666775889, 2.079949199898414758, -18.40655953527867084 ) ) ;
#2507 = CARTESIAN_POINT ( 'NONE',  ( 9.364479067422660563, 3.379949199898008239, -4.679536894392197333 ) ) ;
#2508 = ORIENTED_EDGE ( 'NONE', *, *, #2149, .F. ) ;
#2509 = CARTESIAN_POINT ( 'NONE',  ( -7.673880551259995464, 0.6799491998980070617, 3.514727673985721168 ) ) ;
#2510 = AXIS2_PLACEMENT_3D ( 'NONE', #5883, #2771, #8092 ) ;
#2511 = AXIS2_PLACEMENT_3D ( 'NONE', #8742, #2054, #2000 ) ;
#2512 = CARTESIAN_POINT ( 'NONE',  ( -5.734642451635168392, -0.5200508001019787940, 5.692048732825249147 ) ) ;
#2513 = CARTESIAN_POINT ( 'NONE',  ( 4.396391049917639293, -0.3200508001019938820, 9.655213232906387333 ) ) ;
#2514 = CARTESIAN_POINT ( 'NONE',  ( 15.35375182961548646, 2.047915940349968267, -17.83509866840624625 ) ) ;
#2515 = DIRECTION ( 'NONE',  ( 0.000000000000000000, 0.000000000000000000, -1.000000000000000000 ) ) ;
#2516 = CARTESIAN_POINT ( 'NONE',  ( -15.12853249051594950, 2.079949199897976886, 17.70594342225097151 ) ) ;
#2517 = VECTOR ( 'NONE', #7756, 1000.000000000000000 ) ;
#2518 = DIRECTION ( 'NONE',  ( 0.000000000000000000, 0.000000000000000000, -1.000000000000000000 ) ) ;
#2519 = CARTESIAN_POINT ( 'NONE',  ( -6.443411389039741088, 0.6799491998980070617, 7.951055862800371798 ) ) ;
#2520 = AXIS2_PLACEMENT_3D ( 'NONE', #2247, #3714, #867 ) ;
#2521 = ORIENTED_EDGE ( 'NONE', *, *, #8882, .F. ) ;
#2522 = CARTESIAN_POINT ( 'NONE',  ( 4.390609466195313004, 1.079949199897997758, 25.98162905815100032 ) ) ;
#2523 = DIRECTION ( 'NONE',  ( 0.000000000000000000, 1.000000000000000000, -0.000000000000000000 ) ) ;
#2524 = DIRECTION ( 'NONE',  ( 1.000000000000000000, 0.000000000000000000, 2.141633920959021247E-16 ) ) ;
#2525 = AXIS2_PLACEMENT_3D ( 'NONE', #2292, #1013, #6832 ) ;
#2526 = EDGE_CURVE ( 'NONE', #1179, #7086, #1586, .T. ) ;
#2527 = CARTESIAN_POINT ( 'NONE',  ( 10.32724531807196833, -0.3200508001019938820, -5.490044285389787504 ) ) ;
#2528 = VERTEX_POINT ( 'NONE', #2225 ) ;
#2529 = DIRECTION ( 'NONE',  ( -0.000000000000000000, -1.000000000000000000, -0.000000000000000000 ) ) ;
#2530 = CARTESIAN_POINT ( 'NONE',  ( 15.65113377458350996, 1.880294063999461196, 18.02979681761512865 ) ) ;
#2531 = CARTESIAN_POINT ( 'NONE',  ( 15.66005381428471210, 1.879914448147396611, -18.01408863263339200 ) ) ;
#2532 = CARTESIAN_POINT ( 'NONE',  ( -3.580050578086058088, 3.379949199898008239, 8.757862307282868741 ) ) ;
#2533 = VECTOR ( 'NONE', #3730, 1000.000000000000000 ) ;
#2534 = CARTESIAN_POINT ( 'NONE',  ( 1.766146711474322561, 0.6799491998980043972, -8.795217365870632520 ) ) ;
#2535 = FACE_OUTER_BOUND ( 'NONE', #1415, .T. ) ;
#2536 = CARTESIAN_POINT ( 'NONE',  ( -26.93307697989903104, 0.000000000000000000, 5.814078173911674696 ) ) ;
#2537 = DIRECTION ( 'NONE',  ( 0.000000000000000000, 0.000000000000000000, -1.000000000000000000 ) ) ;
#2538 = CIRCLE ( 'NONE', #6325, 1.000000000000000888 ) ;
#2539 = DIRECTION ( 'NONE',  ( 0.000000000000000000, -1.000000000000000000, 0.000000000000000000 ) ) ;
#2540 = ORIENTED_EDGE ( 'NONE', *, *, #1085, .F. ) ;
#2541 = SPHERICAL_SURFACE ( 'NONE', #1732, 1.000000000000000000 ) ;
#2542 = CARTESIAN_POINT ( 'NONE',  ( 1.905255239212023222, 22.26046457370629739, -1.099999625233993639 ) ) ;
#2543 = VERTEX_POINT ( 'NONE', #4422 ) ;
#2544 = ADVANCED_FACE ( 'NONE', ( #6673 ), #6884, .T. ) ;
#2545 = DIRECTION ( 'NONE',  ( -0.4999999999999942268, 0.000000000000000000, 0.8660254037844420383 ) ) ;
#2546 = CARTESIAN_POINT ( 'NONE',  ( -3.105579571438649822, 0.6799491998980070617, -9.400296197557786115 ) ) ;
#2547 = AXIS2_PLACEMENT_3D ( 'NONE', #2885, #1318, #31 ) ;
#2548 = FACE_OUTER_BOUND ( 'NONE', #1375, .T. ) ;
#2549 = EDGE_CURVE ( 'NONE', #1150, #4855, #5792, .T. ) ;
#2550 = ORIENTED_EDGE ( 'NONE', *, *, #6235, .T. ) ;
#2551 = CARTESIAN_POINT ( 'NONE',  ( 15.94404712130785207, 2.079949199897929368, 18.28485455896378298 ) ) ;
#2552 = ORIENTED_EDGE ( 'NONE', *, *, #7382, .T. ) ;
#2553 = CARTESIAN_POINT ( 'NONE',  ( 5.130597256004566731, 3.379949199898008239, -7.523709311588551607 ) ) ;
#2554 = AXIS2_PLACEMENT_3D ( 'NONE', #6626, #4330, #712 ) ;
#2555 = CARTESIAN_POINT ( 'NONE',  ( 15.41962524863110851, 1.079949199897995760, -18.84204593168892217 ) ) ;
#2556 = CARTESIAN_POINT ( 'NONE',  ( -7.602021880671909315, 2.579949199898003975, -11.00611445143712608 ) ) ;
#2557 = ORIENTED_EDGE ( 'NONE', *, *, #2264, .T. ) ;
#2558 = CARTESIAN_POINT ( 'NONE',  ( -13.85873403624072608, 2.079949199898003975, 18.77809241999321443 ) ) ;
#2559 = CARTESIAN_POINT ( 'NONE',  ( -5.476015229643349969, -0.5200508001019787940, 7.780583377464346029 ) ) ;
#2560 = ADVANCED_FACE ( 'NONE', ( #942 ), #6949, .T. ) ;
#2561 = CARTESIAN_POINT ( 'NONE',  ( 1.570166054889617024, 0.6799491998980070617, 11.48456223491673889 ) ) ;
#2562 = CARTESIAN_POINT ( 'NONE',  ( 0.000000000000000000, 0.000000000000000000, 0.000000000000000000 ) ) ;
#2563 = CARTESIAN_POINT ( 'NONE',  ( 15.23581934563164708, 2.073562310915280538, -17.78057232257584630 ) ) ;
#2564 = DIRECTION ( 'NONE',  ( -0.9404030846119376674, 0.000000000000000000, 0.3400618156340887155 ) ) ;
#2565 = DIRECTION ( 'NONE',  ( -0.000000000000000000, -1.000000000000000000, -0.000000000000000000 ) ) ;
#2566 = EDGE_CURVE ( 'NONE', #5309, #8713, #1733, .T. ) ;
#2567 = FACE_OUTER_BOUND ( 'NONE', #9083, .T. ) ;
#2568 = CARTESIAN_POINT ( 'NONE',  ( -4.522336337774184756, 0.6799491998980070617, 10.96356870145783624 ) ) ;
#2569 = ORIENTED_EDGE ( 'NONE', *, *, #7762, .F. ) ;
#2570 = CARTESIAN_POINT ( 'NONE',  ( 14.68284181377946673, 1.079949199898004197, 20.03142652189907125 ) ) ;
#2571 = EDGE_LOOP ( 'NONE', ( #5427, #2746, #3487, #6913, #8701, #9489, #8082, #2912, #3154, #1921, #2379, #1325, #5429, #9661, #4675, #905, #2071, #4113, #1553, #3301, #188, #9062, #5051, #7271, #7164, #9410, #4386, #6092, #6819, #2732, #6581, #3772, #4691, #4365, #3583, #7958, #9146 ) ) ;
#2572 = CARTESIAN_POINT ( 'NONE',  ( -8.789756262969252276, 2.079949199898003975, 21.91405727865991793 ) ) ;
#2573 = FACE_OUTER_BOUND ( 'NONE', #1882, .T. ) ;
#2574 = CARTESIAN_POINT ( 'NONE',  ( 4.112035914904700995, -0.5200508001019920057, -8.626283859362214201 ) ) ;
#2575 = EDGE_LOOP ( 'NONE', ( #1897, #3203, #1517 ) ) ;
#2576 = DIRECTION ( 'NONE',  ( -0.000000000000000000, -1.000000000000000000, -0.000000000000000000 ) ) ;
#2577 = CARTESIAN_POINT ( 'NONE',  ( 15.86617422684825485, 1.522736877398347621, 18.22014407919724022 ) ) ;
#2578 = FACE_OUTER_BOUND ( 'NONE', #1852, .T. ) ;
#2579 = FACE_OUTER_BOUND ( 'NONE', #9727, .T. ) ;
#2580 = ADVANCED_FACE ( 'NONE', ( #4017 ), #3977, .T. ) ;
#2581 = CARTESIAN_POINT ( 'NONE',  ( -11.15955056596308204, 0.6799491998980069507, 0.1028854711638807484 ) ) ;
#2582 = CARTESIAN_POINT ( 'NONE',  ( 6.897978119328096902, 2.579949199898003975, -11.00611445143712253 ) ) ;
#2583 = CARTESIAN_POINT ( 'NONE',  ( -3.706440507222164005, -0.3200508001019928273, 10.34670260455026458 ) ) ;
#2584 = CARTESIAN_POINT ( 'NONE',  ( 11.61388933753185704, 0.000000000000000000, -4.200008863748412757 ) ) ;
#2585 = LINE ( 'NONE', #5584, #7821 ) ;
#2586 = CARTESIAN_POINT ( 'NONE',  ( 10.77921296319352251, -0.5200508001019920057, -4.381657472951071775 ) ) ;
#2587 = ORIENTED_EDGE ( 'NONE', *, *, #9679, .F. ) ;
#2588 = CARTESIAN_POINT ( 'NONE',  ( -20.87844544752097420, 0.000000000000000000, -15.37751771673020684 ) ) ;
#2589 = PLANE ( 'NONE',  #1716 ) ;
#2590 = EDGE_CURVE ( 'NONE', #9680, #8598, #6261, .T. ) ;
#2591 = CARTESIAN_POINT ( 'NONE',  ( -3.720288359931036126, -0.3200508001019938820, -8.537352717354876219 ) ) ;
#2592 = LINE ( 'NONE', #6442, #5525 ) ;
#2593 = VERTEX_POINT ( 'NONE', #5514 ) ;
#2594 = CARTESIAN_POINT ( 'NONE',  ( -13.37653520018804087, 2.079949199897998646, -21.62483333992008028 ) ) ;
#2595 = ORIENTED_EDGE ( 'NONE', *, *, #5696, .F. ) ;
#2596 = CARTESIAN_POINT ( 'NONE',  ( -2.922307743786626055, 3.379949199898008239, -6.918744034654288555 ) ) ;
#2597 = CARTESIAN_POINT ( 'NONE',  ( 15.66622923947900681, 2.079949199898661671, -18.60548134002061360 ) ) ;
#2598 = DIRECTION ( 'NONE',  ( 0.000000000000000000, 0.000000000000000000, 1.000000000000000000 ) ) ;
#2599 = ORIENTED_EDGE ( 'NONE', *, *, #2897, .T. ) ;
#2600 = CARTESIAN_POINT ( 'NONE',  ( -20.69999999999989271, 0.000000000000000000, 20.70000000000010942 ) ) ;
#2601 = EDGE_CURVE ( 'NONE', #560, #9282, #3258, .T. ) ;
#2602 = DIRECTION ( 'NONE',  ( 0.000000000000000000, 1.000000000000000000, 0.000000000000000000 ) ) ;
#2603 = CARTESIAN_POINT ( 'NONE',  ( 3.401942794302196038, -0.3200508001019938820, 10.58776829513021767 ) ) ;
#2604 = ORIENTED_EDGE ( 'NONE', *, *, #6600, .T. ) ;
#2605 = CARTESIAN_POINT ( 'NONE',  ( 15.54877607621447844, 1.954136683190735191, -17.98276679517492838 ) ) ;
#2606 = CARTESIAN_POINT ( 'NONE',  ( -3.536677151855786683, -0.3200508001019929383, -8.486641690156732309 ) ) ;
#2607 = DIRECTION ( 'NONE',  ( 0.000000000000000000, 0.000000000000000000, -1.000000000000000000 ) ) ;
#2608 = FACE_OUTER_BOUND ( 'NONE', #1687, .T. ) ;
#2609 = CARTESIAN_POINT ( 'NONE',  ( 11.53021262423202309, 0.6799491998980072838, -5.201761792015696884 ) ) ;
#2610 = ORIENTED_EDGE ( 'NONE', *, *, #6544, .F. ) ;
#2611 = FACE_OUTER_BOUND ( 'NONE', #503, .T. ) ;
#2612 = ADVANCED_FACE ( 'NONE', ( #8711 ), #6359, .T. ) ;
#2613 = DIRECTION ( 'NONE',  ( -3.469446951953611033E-15, 0.000000000000000000, -1.000000000000000000 ) ) ;
#2614 = FACE_OUTER_BOUND ( 'NONE', #2950, .T. ) ;
#2615 = EDGE_CURVE ( 'NONE', #2020, #1179, #9237, .T. ) ;
#2616 = CARTESIAN_POINT ( 'NONE',  ( 10.47712141880531078, -0.5200508001019920057, -5.129011029253554454 ) ) ;
#2617 = ORIENTED_EDGE ( 'NONE', *, *, #1591, .F. ) ;
#2618 = LINE ( 'NONE', #2666, #3490 ) ;
#2619 = DIRECTION ( 'NONE',  ( 0.000000000000000000, -1.000000000000000000, 0.000000000000000000 ) ) ;
#2620 = LINE ( 'NONE', #7058, #9431 ) ;
#2621 = CARTESIAN_POINT ( 'NONE',  ( 6.053094336723154889, -0.5200508001019926718, 2.018804821670687755 ) ) ;
#2622 = ORIENTED_EDGE ( 'NONE', *, *, #562, .T. ) ;
#2623 = DIRECTION ( 'NONE',  ( -0.8236073154840555244, 0.000000000000000000, 0.5671604621984395189 ) ) ;
#2624 = CARTESIAN_POINT ( 'NONE',  ( -15.95282860114680190, 2.079949199898056378, 18.27253102534080398 ) ) ;
#2625 = CARTESIAN_POINT ( 'NONE',  ( 24.52029641909225077, 1.079949199898015300, -5.757139637013113820 ) ) ;
#2626 = FACE_OUTER_BOUND ( 'NONE', #7545, .T. ) ;
#2627 = CARTESIAN_POINT ( 'NONE',  ( 26.96161968753905569, 3.379949199898008239, -5.620435433936791014 ) ) ;
#2628 = CARTESIAN_POINT ( 'NONE',  ( 4.909909360775394305, -0.5200508001019920057, 8.996455854620910131 ) ) ;
#2629 = DIRECTION ( 'NONE',  ( 0.000000000000000000, 0.000000000000000000, -1.000000000000000000 ) ) ;
#2630 = LINE ( 'NONE', #423, #7239 ) ;
#2631 = CARTESIAN_POINT ( 'NONE',  ( -5.655206687625675244, -0.5200508001019926718, 2.501541426704192439 ) ) ;
#2632 = AXIS2_PLACEMENT_3D ( 'NONE', #7120, #376, #1951 ) ;
#2633 = EDGE_LOOP ( 'NONE', ( #6125, #5754, #7242, #5035 ) ) ;
#2634 = AXIS2_PLACEMENT_3D ( 'NONE', #4988, #6541, #5277 ) ;
#2635 = CARTESIAN_POINT ( 'NONE',  ( 1.624784304423563919, 0.6799491998980070617, -8.718728284025624831 ) ) ;
#2636 = AXIS2_PLACEMENT_3D ( 'NONE', #5875, #8876, #7197 ) ;
#2637 = CARTESIAN_POINT ( 'NONE',  ( 15.94893020610289192, 1.079949199898053269, -18.27803342811781562 ) ) ;
#2638 = EDGE_CURVE ( 'NONE', #8282, #3279, #7827, .T. ) ;
#2639 = ORIENTED_EDGE ( 'NONE', *, *, #8376, .T. ) ;
#2640 = CARTESIAN_POINT ( 'NONE',  ( -24.85901710816386156, 2.079949199898004419, -3.514716448337593224 ) ) ;
#2641 = VERTEX_POINT ( 'NONE', #5756 ) ;
#2642 = CARTESIAN_POINT ( 'NONE',  ( -3.282954474443377624, 3.379949199898008239, -7.105951886061734335 ) ) ;
#2643 = CARTESIAN_POINT ( 'NONE',  ( -15.71245523071410410, 1.782190372565580105, 18.11351143261297381 ) ) ;
#2644 = CARTESIAN_POINT ( 'NONE',  ( -4.157332302906001864, 0.000000000000000000, 24.60120094879952291 ) ) ;
#2645 = ORIENTED_EDGE ( 'NONE', *, *, #2369, .F. ) ;
#2646 = CARTESIAN_POINT ( 'NONE',  ( -7.474292015596346594, 0.6799491998980273788, 2.353363057970447425 ) ) ;
#2647 = AXIS2_PLACEMENT_3D ( 'NONE', #1662, #7660, #921 ) ;
#2648 = DIRECTION ( 'NONE',  ( -0.000000000000000000, -1.000000000000000000, -0.000000000000000000 ) ) ;
#2649 = CARTESIAN_POINT ( 'NONE',  ( -1.468819845200361573, -0.3200508001019938820, 11.50491358981926560 ) ) ;
#2650 = AXIS2_PLACEMENT_3D ( 'NONE', #2439, #5438, #8443 ) ;
#2651 = DIRECTION ( 'NONE',  ( 1.000000000000000000, 0.000000000000000000, 0.000000000000000000 ) ) ;
#2652 = ORIENTED_EDGE ( 'NONE', *, *, #3321, .T. ) ;
#2653 = CARTESIAN_POINT ( 'NONE',  ( 15.99407193982414732, 1.079949199898027068, -18.20803970889378576 ) ) ;
#2654 = CARTESIAN_POINT ( 'NONE',  ( -10.67013495972610393, -0.3200508001019928273, -1.358903030204352103 ) ) ;
#2655 = CARTESIAN_POINT ( 'NONE',  ( -20.70000000000011298, 0.000000000000000000, -20.69999999999989271 ) ) ;
#2656 = CIRCLE ( 'NONE', #2343, 1.500000000000001332 ) ;
#2657 = CARTESIAN_POINT ( 'NONE',  ( 4.596118029612570766, -0.5200508001019926718, 5.046640858607716495 ) ) ;
#2658 = CARTESIAN_POINT ( 'NONE',  ( 11.88948162202190773, 0.6799491998980071727, -2.507115185898957765 ) ) ;
#2659 = ORIENTED_EDGE ( 'NONE', *, *, #3086, .T. ) ;
#2660 = CARTESIAN_POINT ( 'NONE',  ( 1.905256537439542264, 1.079949199898004641, -1.100000374765998323 ) ) ;
#2661 = VECTOR ( 'NONE', #2545, 1000.000000000000000 ) ;
#2662 = LINE ( 'NONE', #4228, #4820 ) ;
#2663 = CARTESIAN_POINT ( 'NONE',  ( 8.097978119328097080, -0.01004049788285018771, -26.30611445143712857 ) ) ;
#2664 = CARTESIAN_POINT ( 'NONE',  ( 8.516161567069888250, 0.6799491998980070617, 2.855480091846978485 ) ) ;
#2665 = ORIENTED_EDGE ( 'NONE', *, *, #5258, .F. ) ;
#2666 = CARTESIAN_POINT ( 'NONE',  ( 14.45015257283010435, 0.000000000000000000, -20.62839693420013987 ) ) ;
#2667 = EDGE_CURVE ( 'NONE', #216, #425, #2695, .T. ) ;
#2668 = TOROIDAL_SURFACE ( 'NONE', #1106, 1.500000000000000000, 1.000000000000000000 ) ;
#2669 = AXIS2_PLACEMENT_3D ( 'NONE', #1218, #7022, #5638 ) ;
#2670 = CARTESIAN_POINT ( 'NONE',  ( -25.57847377632324282, 1.079949199897997758, 5.403601811366237406 ) ) ;
#2671 = CARTESIAN_POINT ( 'NONE',  ( 10.67303918438838117, 0.000000000000000000, 23.41746387032912580 ) ) ;
#2672 = CARTESIAN_POINT ( 'NONE',  ( 4.719504223523457220, 3.379949199898008239, 4.441826112242593716 ) ) ;
#2673 = ORIENTED_EDGE ( 'NONE', *, *, #1084, .T. ) ;
#2674 = CARTESIAN_POINT ( 'NONE',  ( -6.978348259094890871, 0.6799491998980040641, 4.592523937675331069 ) ) ;
#2675 = CIRCLE ( 'NONE', #5029, 3.925000000000001599 ) ;
#2676 = B_SPLINE_CURVE_WITH_KNOTS ( 'NONE', 3,
 ( #7908, #3411, #6241, #3363 ),
 .UNSPECIFIED., .F., .F.,
 ( 4, 4 ),
 ( 0.000000000000000000, 1.000000000000000000 ),
 .UNSPECIFIED. ) ;
#2677 = DIRECTION ( 'NONE',  ( 0.000000000000000000, -1.000000000000000000, 0.000000000000000000 ) ) ;
#2678 = CARTESIAN_POINT ( 'NONE',  ( -25.51277555537480879, 0.000000000000000000, -10.91607912489964249 ) ) ;
#2679 = CARTESIAN_POINT ( 'NONE',  ( -5.735654834681659153, -0.3200508001019929938, 5.829940599135642998 ) ) ;
#2680 = DIRECTION ( 'NONE',  ( -0.000000000000000000, -1.000000000000000000, -0.000000000000000000 ) ) ;
#2681 = CYLINDRICAL_SURFACE ( 'NONE', #7984, 1.000000000000000888 ) ;
#2682 = EDGE_CURVE ( 'NONE', #397, #1791, #446, .T. ) ;
#2683 = DIRECTION ( 'NONE',  ( -0.000000000000000000, 1.000000000000000000, -0.000000000000000000 ) ) ;
#2684 = CARTESIAN_POINT ( 'NONE',  ( -21.00285463593954560, 80.31423269831148559, 16.78670163806940607 ) ) ;
#2685 = DIRECTION ( 'NONE',  ( -0.5669474658245151621, 9.834970786113386057E-16, 0.8237539505186971533 ) ) ;
#2686 = CARTESIAN_POINT ( 'NONE',  ( -16.70925739877612415, 3.379949199898008239, -19.84907255162304551 ) ) ;
#2687 = ORIENTED_EDGE ( 'NONE', *, *, #3722, .T. ) ;
#2688 = CARTESIAN_POINT ( 'NONE',  ( 1.470319093390734855, 0.6799491998980072838, -7.567124079221190236 ) ) ;
#2689 = AXIS2_PLACEMENT_3D ( 'NONE', #9511, #3502, #4966 ) ;
#2690 = CARTESIAN_POINT ( 'NONE',  ( -25.57810035237141477, 0.000000000000000000, -5.406252686692033294 ) ) ;
#2691 = EDGE_LOOP ( 'NONE', ( #5404, #7027, #1190, #4197 ) ) ;
#2692 = CARTESIAN_POINT ( 'NONE',  ( 20.87844544752079656, 80.31423269831148559, -15.37751771673045909 ) ) ;
#2693 = ORIENTED_EDGE ( 'NONE', *, *, #6841, .T. ) ;
#2694 = CARTESIAN_POINT ( 'NONE',  ( -9.378262616523267425, -0.5200508001019926718, -4.676305178017313047 ) ) ;
#2695 = B_SPLINE_CURVE_WITH_KNOTS ( 'NONE', 3,
 ( #2016, #6459, #2703, #552 ),
 .UNSPECIFIED., .F., .F.,
 ( 4, 4 ),
 ( 0.000000000000000000, 0.5789340767438253543 ),
 .UNSPECIFIED. ) ;
#2696 = CIRCLE ( 'NONE', #7889, 21.47989898732234693 ) ;
#2697 = CARTESIAN_POINT ( 'NONE',  ( -15.71594057018245039, 1.777862931580563410, 18.11593146068171833 ) ) ;
#2698 = CARTESIAN_POINT ( 'NONE',  ( -25.51278645079302621, 0.000000000000000000, 10.91605366037708613 ) ) ;
#2699 = VERTEX_POINT ( 'NONE', #7292 ) ;
#2700 = CARTESIAN_POINT ( 'NONE',  ( -8.262075390009469444, -0.3200508001019938820, 1.836981713727584564 ) ) ;
#2701 = ADVANCED_FACE ( 'NONE', ( #1289 ), #8606, .F. ) ;
#2702 = EDGE_CURVE ( 'NONE', #7081, #16, #601, .T. ) ;
#2703 = CARTESIAN_POINT ( 'NONE',  ( 16.05395504182819977, 0.000000000000000000, -20.21006210249905521 ) ) ;
#2704 = VECTOR ( 'NONE', #4035, 1000.000000000000000 ) ;
#2705 = CARTESIAN_POINT ( 'NONE',  ( -5.713391474733195530, -0.3200508001019938820, 6.410847343663961695 ) ) ;
#2706 = VERTEX_POINT ( 'NONE', #441 ) ;
#2707 = FACE_OUTER_BOUND ( 'NONE', #366, .T. ) ;
#2708 = CARTESIAN_POINT ( 'NONE',  ( -1.017927950676259519, -0.3200508001019929383, -7.418926050164573738 ) ) ;
#2709 = LINE ( 'NONE', #1194, #8305 ) ;
#2710 = CARTESIAN_POINT ( 'NONE',  ( 8.515384284192865749, -0.5200508001019926718, 0.08462991695931693092 ) ) ;
#2711 = CARTESIAN_POINT ( 'NONE',  ( -5.330110156327411808, 3.379949199898008239, 2.987713317254983902 ) ) ;
#2712 = ORIENTED_EDGE ( 'NONE', *, *, #4732, .T. ) ;
#2713 = CARTESIAN_POINT ( 'NONE',  ( 14.40813922126655378, 0.000000000000000000, -19.61364848793045113 ) ) ;
#2714 = EDGE_CURVE ( 'NONE', #313, #4968, #3151, .T. ) ;
#2715 = CARTESIAN_POINT ( 'NONE',  ( -15.36107581053065374, 1.079949199897994427, 18.89344424691694257 ) ) ;
#2716 = DIRECTION ( 'NONE',  ( -0.000000000000000000, 1.000000000000000000, -0.000000000000000000 ) ) ;
#2717 = CARTESIAN_POINT ( 'NONE',  ( 8.413091171409094571, 0.6799491998979962926, 1.739842711556975896 ) ) ;
#2718 = ORIENTED_EDGE ( 'NONE', *, *, #2928, .F. ) ;
#2719 = CARTESIAN_POINT ( 'NONE',  ( -25.85553044361234853, 0.000000000000000000, 3.614233136025593041 ) ) ;
#2720 = ADVANCED_FACE ( 'NONE', ( #7973 ), #8813, .T. ) ;
#2721 = DIRECTION ( 'NONE',  ( 0.000000000000000000, 0.000000000000000000, -1.000000000000000000 ) ) ;
#2722 = EDGE_LOOP ( 'NONE', ( #5381, #9048, #4830, #885 ) ) ;
#2723 = CARTESIAN_POINT ( 'NONE',  ( -27.21301674343492749, 0.000000000000000000, -3.758989569242283224 ) ) ;
#2724 = CARTESIAN_POINT ( 'NONE',  ( 6.751470245997284181, -0.5200508001019926718, 1.390533752467296047 ) ) ;
#2725 = CARTESIAN_POINT ( 'NONE',  ( 11.61396751768383417, 0.9899745999490117132, 4.199792673238191831 ) ) ;
#2726 = ORIENTED_EDGE ( 'NONE', *, *, #4463, .T. ) ;
#2727 = CARTESIAN_POINT ( 'NONE',  ( -10.18930370942032937, 0.6799491998980070617, 1.498742680120198401 ) ) ;
#2728 = EDGE_CURVE ( 'NONE', #1928, #9123, #4213, .T. ) ;
#2729 = CARTESIAN_POINT ( 'NONE',  ( 15.03944478317257705, 2.079949199898035950, 17.81310176064107864 ) ) ;
#2730 = CARTESIAN_POINT ( 'NONE',  ( -15.13553276633393629, 2.079949199898056822, 17.69630588106763724 ) ) ;
#2731 = LINE ( 'NONE', #5784, #9722 ) ;
#2732 = ORIENTED_EDGE ( 'NONE', *, *, #4850, .T. ) ;
#2733 = CARTESIAN_POINT ( 'NONE',  ( 2.207192430248371115E-15, 2.579949199898003975, -10.30611445143711791 ) ) ;
#2734 = CARTESIAN_POINT ( 'NONE',  ( -24.59024938294668772, 2.079949199897991097, 5.250590215939055838 ) ) ;
#2735 = CARTESIAN_POINT ( 'NONE',  ( -6.017660140422891324, -0.5200508001019920057, 4.273928396912408445 ) ) ;
#2736 = DIRECTION ( 'NONE',  ( 0.000000000000000000, 0.000000000000000000, 1.000000000000000000 ) ) ;
#2737 = DIRECTION ( 'NONE',  ( -0.8660254037844425934, 0.000000000000000000, 0.4999999999999933942 ) ) ;
#2738 = CARTESIAN_POINT ( 'NONE',  ( -20.87844544752097420, 1.079949199897997758, -15.37751771673020684 ) ) ;
#2739 = ORIENTED_EDGE ( 'NONE', *, *, #677, .T. ) ;
#2740 = CARTESIAN_POINT ( 'NONE',  ( 1.406362414885580669, 0.6799491998980070617, -8.615339214597685924 ) ) ;
#2741 = EDGE_CURVE ( 'NONE', #3944, #5613, #1232, .T. ) ;
#2742 = CARTESIAN_POINT ( 'NONE',  ( 0.7228355895368472339, 2.079949199898003975, 21.46773321093940012 ) ) ;
#2743 = EDGE_CURVE ( 'NONE', #859, #706, #1427, .T. ) ;
#2744 = ORIENTED_EDGE ( 'NONE', *, *, #3488, .F. ) ;
#2745 = CARTESIAN_POINT ( 'NONE',  ( 4.157332302905997423, -6.832479122453917419, 24.60120094879952646 ) ) ;
#2746 = ORIENTED_EDGE ( 'NONE', *, *, #5227, .T. ) ;
#2747 = CARTESIAN_POINT ( 'NONE',  ( -7.063103060896724017, 3.379949199898008239, -7.098525712928863918 ) ) ;
#2748 = EDGE_LOOP ( 'NONE', ( #3395, #5065, #7671, #5841, #2739 ) ) ;
#2749 = CARTESIAN_POINT ( 'NONE',  ( -13.99999999999999645, 2.079949199898003975, -25.49999999999999645 ) ) ;
#2750 = ORIENTED_EDGE ( 'NONE', *, *, #5979, .T. ) ;
#2751 = CARTESIAN_POINT ( 'NONE',  ( -9.034872257507275961, 0.6799491998980070617, 2.524827321812566083 ) ) ;
#2752 = DIRECTION ( 'NONE',  ( -0.000000000000000000, -1.000000000000000000, -0.000000000000000000 ) ) ;
#2753 = CARTESIAN_POINT ( 'NONE',  ( -5.006662955300616780, 0.6799491998980934371, 8.757452162155349384 ) ) ;
#2754 = ORIENTED_EDGE ( 'NONE', *, *, #8106, .F. ) ;
#2755 = CARTESIAN_POINT ( 'NONE',  ( 9.572605509961658043, 3.379949199898008239, -4.074305998878674728 ) ) ;
#2756 = CARTESIAN_POINT ( 'NONE',  ( -7.415325333993905588, -0.3200508001019928828, 2.392584840291672510 ) ) ;
#2757 = CARTESIAN_POINT ( 'NONE',  ( 9.095682545581592393, -0.5200508001019926718, -5.255590992977749565 ) ) ;
#2758 = CARTESIAN_POINT ( 'NONE',  ( 5.025749273331452827, -0.5200508001019926718, 3.558171410393414558 ) ) ;
#2759 = CARTESIAN_POINT ( 'NONE',  ( 8.142851241897657744, 0.6799491998980071727, 3.100770656226124800 ) ) ;
#2760 = VERTEX_POINT ( 'NONE', #5809 ) ;
#2761 = CARTESIAN_POINT ( 'NONE',  ( 15.94547738416087590, -0.000000000000000000, -18.28390237817156816 ) ) ;
#2762 = LINE ( 'NONE', #8039, #8152 ) ;
#2763 = DIRECTION ( 'NONE',  ( -0.000000000000000000, -1.000000000000000000, -0.000000000000000000 ) ) ;
#2764 = CARTESIAN_POINT ( 'NONE',  ( 8.146804386426225619, 0.6799491998980070617, 3.101960967339854935 ) ) ;
#2765 = EDGE_LOOP ( 'NONE', ( #9017, #8534, #5866, #6772, #4593, #1582 ) ) ;
#2766 = CARTESIAN_POINT ( 'NONE',  ( -0.08992200546086465129, 1.071553683978624383, 22.39836688826563460 ) ) ;
#2767 = EDGE_CURVE ( 'NONE', #5591, #2933, #2074, .T. ) ;
#2768 = CARTESIAN_POINT ( 'NONE',  ( -25.57810035237141477, 1.079949199897997758, -5.406252686692033294 ) ) ;
#2769 = CARTESIAN_POINT ( 'NONE',  ( -27.10533863467400195, 3.379949199898008239, -4.692078949817560130 ) ) ;
#2770 = CARTESIAN_POINT ( 'NONE',  ( 3.070741462008126366, 3.379949199898008239, 9.309630773709153928 ) ) ;
#2771 = DIRECTION ( 'NONE',  ( -0.000000000000000000, -1.000000000000000000, -0.000000000000000000 ) ) ;
#2772 = EDGE_LOOP ( 'NONE', ( #9094, #9617, #3619, #9245, #8111 ) ) ;
#2773 = CARTESIAN_POINT ( 'NONE',  ( 10.45839989063954256, 0.000000000000000000, 22.51447847739674302 ) ) ;
#2774 = CARTESIAN_POINT ( 'NONE',  ( -15.66622922149945474, 1.079949199898674106, 18.60548132305833846 ) ) ;
#2775 = LINE ( 'NONE', #2883, #3902 ) ;
#2776 = ORIENTED_EDGE ( 'NONE', *, *, #5696, .T. ) ;
#2777 = LINE ( 'NONE', #4045, #8213 ) ;
#2778 = CARTESIAN_POINT ( 'NONE',  ( 16.70925739877612415, 0.000000000000000000, -19.84907255162304551 ) ) ;
#2779 = CARTESIAN_POINT ( 'NONE',  ( 14.88316527472233197, 2.079949199898003975, 20.37839693420014342 ) ) ;
#2780 = CARTESIAN_POINT ( 'NONE',  ( -20.87844544752097420, 1.079949199897997758, -14.37751771673020684 ) ) ;
#2781 = ADVANCED_FACE ( 'NONE', ( #1338 ), #1188, .F. ) ;
#2782 = DIRECTION ( 'NONE',  ( 0.000000000000000000, 0.000000000000000000, -1.000000000000000000 ) ) ;
#2783 = CARTESIAN_POINT ( 'NONE',  ( -24.56424221839778710, 2.079949199898003975, 5.418557325322607809 ) ) ;
#2784 = EDGE_LOOP ( 'NONE', ( #9715, #2750, #4698, #9313, #1972, #7331, #5524 ) ) ;
#2785 = CIRCLE ( 'NONE', #600, 5.324999999999956657 ) ;
#2786 = CARTESIAN_POINT ( 'NONE',  ( 2.086584259209912418, 0.6799491998980070617, -7.831562716151530879 ) ) ;
#2787 = PLANE ( 'NONE',  #4885 ) ;
#2788 = VERTEX_POINT ( 'NONE', #739 ) ;
#2789 = DIRECTION ( 'NONE',  ( 0.000000000000000000, 0.000000000000000000, -1.000000000000000000 ) ) ;
#2790 = AXIS2_PLACEMENT_3D ( 'NONE', #8148, #1417, #4394 ) ;
#2791 = VERTEX_POINT ( 'NONE', #1 ) ;
#2792 = CARTESIAN_POINT ( 'NONE',  ( -9.700926913221445957, -0.5200508001019926718, -2.755977779711039410 ) ) ;
#2793 = EDGE_CURVE ( 'NONE', #4487, #579, #7165, .T. ) ;
#2794 = ORIENTED_EDGE ( 'NONE', *, *, #2200, .T. ) ;
#2795 = DIRECTION ( 'NONE',  ( 0.000000000000000000, -1.000000000000000000, 0.000000000000000000 ) ) ;
#2796 = ORIENTED_EDGE ( 'NONE', *, *, #273, .F. ) ;
#2797 = CARTESIAN_POINT ( 'NONE',  ( -7.909768440728099925, 0.6799491998980070617, 2.055035252019561387 ) ) ;
#2798 = EDGE_CURVE ( 'NONE', #2641, #6650, #8294, .T. ) ;
#2799 = AXIS2_PLACEMENT_3D ( 'NONE', #8370, #4756, #3933 ) ;
#2800 = CARTESIAN_POINT ( 'NONE',  ( 8.097978119328098856, 2.044808431018307004, -19.50397823857840152 ) ) ;
#2801 = CARTESIAN_POINT ( 'NONE',  ( -4.518144260314962857, 0.6799491998980070617, 10.96735987361097564 ) ) ;
#2802 = VERTEX_POINT ( 'NONE', #372 ) ;
#2803 = ORIENTED_EDGE ( 'NONE', *, *, #6841, .F. ) ;
#2804 = CARTESIAN_POINT ( 'NONE',  ( 24.99348569145508137, 2.079949199897993761, 1.755034443957779633 ) ) ;
#2805 = ADVANCED_FACE ( 'NONE', ( #4094 ), #7851, .T. ) ;
#2806 = CIRCLE ( 'NONE', #7679, 1.000000000000000888 ) ;
#2807 = CARTESIAN_POINT ( 'NONE',  ( -8.438132853107575215, -0.3200508001019928273, -7.696480105219325019 ) ) ;
#2808 = CARTESIAN_POINT ( 'NONE',  ( 6.078338133407033439, -0.5200508001019926718, -7.430966110590246920 ) ) ;
#2809 = CARTESIAN_POINT ( 'NONE',  ( 7.543763355014132976, -0.5200508001019926718, 0.8756415132018243730 ) ) ;
#2810 = CARTESIAN_POINT ( 'NONE',  ( 6.754678125536331734, 0.6799491998980071727, 5.556696654180660389 ) ) ;
#2811 = ORIENTED_EDGE ( 'NONE', *, *, #1783, .F. ) ;
#2812 = AXIS2_PLACEMENT_3D ( 'NONE', #3293, #4220, #400 ) ;
#2813 = CARTESIAN_POINT ( 'NONE',  ( -9.549714511802713801, 2.579949199897999090, -25.13377984711290836 ) ) ;
#2814 = AXIS2_PLACEMENT_3D ( 'NONE', #6434, #9330, #5739 ) ;
#2815 = DIRECTION ( 'NONE',  ( 1.000000000000000000, 0.000000000000000000, 0.000000000000000000 ) ) ;
#2816 = CARTESIAN_POINT ( 'NONE',  ( 6.813201603211981983, -0.3200508001019938820, 2.967288854883117999 ) ) ;
#2817 = ORIENTED_EDGE ( 'NONE', *, *, #9464, .T. ) ;
#2818 = CARTESIAN_POINT ( 'NONE',  ( 0.1784969287731571208, 1.073149387603691496, 22.40262053106794582 ) ) ;
#2819 = AXIS2_PLACEMENT_3D ( 'NONE', #1911, #8743, #1955 ) ;
#2820 = CARTESIAN_POINT ( 'NONE',  ( 10.02538718874732027, 80.31423269831148559, 22.76447847739673946 ) ) ;
#2821 = CIRCLE ( 'NONE', #3432, 6.324999999999997513 ) ;
#2822 = CARTESIAN_POINT ( 'NONE',  ( 0.000000000000000000, 80.31423269831148559, 0.000000000000000000 ) ) ;
#2823 = CARTESIAN_POINT ( 'NONE',  ( 3.772336338493393004, 3.379949199898008239, 8.477862938623330180 ) ) ;
#2824 = CIRCLE ( 'NONE', #7233, 2.000000000000001776 ) ;
#2825 = DIRECTION ( 'NONE',  ( -0.000000000000000000, -1.000000000000000000, -0.000000000000000000 ) ) ;
#2826 = ORIENTED_EDGE ( 'NONE', *, *, #4230, .T. ) ;
#2827 = EDGE_CURVE ( 'NONE', #3969, #3984, #7117, .T. ) ;
#2828 = EDGE_CURVE ( 'NONE', #3758, #6987, #90, .T. ) ;
#2829 = LINE ( 'NONE', #4338, #787 ) ;
#2830 = CARTESIAN_POINT ( 'NONE',  ( -14.67309394614879992, 2.079949199901405255, 19.43943216573203614 ) ) ;
#2831 = AXIS2_PLACEMENT_3D ( 'NONE', #4963, #452, #7252 ) ;
#2832 = CARTESIAN_POINT ( 'NONE',  ( -20.70000000000011298, 80.31423269831148559, -20.69999999999989271 ) ) ;
#2833 = ORIENTED_EDGE ( 'NONE', *, *, #3082, .F. ) ;
#2834 = CARTESIAN_POINT ( 'NONE',  ( -6.326916435308330477, -0.3200508001019800042, 3.659938406190045956 ) ) ;
#2835 = DIRECTION ( 'NONE',  ( -0.4999999999999956146, 0.000000000000000000, -0.8660254037844412611 ) ) ;
#2836 = CARTESIAN_POINT ( 'NONE',  ( 21.00285463593973034, 3.379949199898008239, 16.78670163806913607 ) ) ;
#2837 = CARTESIAN_POINT ( 'NONE',  ( -20.69999999999989271, 1.079949199897997758, 20.70000000000010942 ) ) ;
#2838 = DIRECTION ( 'NONE',  ( -0.000000000000000000, 1.000000000000000000, -0.000000000000000000 ) ) ;
#2839 = CARTESIAN_POINT ( 'NONE',  ( -15.99407193982682607, 0.000000000000000000, 18.20803970888895051 ) ) ;
#2840 = ORIENTED_EDGE ( 'NONE', *, *, #5258, .T. ) ;
#2841 = CIRCLE ( 'NONE', #2209, 1.000000000000000666 ) ;
#2842 = AXIS2_PLACEMENT_3D ( 'NONE', #797, #7396, #8365 ) ;
#2843 = CARTESIAN_POINT ( 'NONE',  ( 1.799812105234100956, -0.3200508001019938820, -7.695740961105395961 ) ) ;
#2844 = DIRECTION ( 'NONE',  ( 0.000000000000000000, 0.000000000000000000, 1.000000000000000000 ) ) ;
#2845 = CIRCLE ( 'NONE', #4402, 0.7000000000000061728 ) ;
#2846 = EDGE_LOOP ( 'NONE', ( #6474, #409, #5041, #7813 ) ) ;
#2847 = DIRECTION ( 'NONE',  ( -0.000000000000000000, 1.000000000000000000, -0.000000000000000000 ) ) ;
#2848 = ORIENTED_EDGE ( 'NONE', *, *, #9587, .F. ) ;
#2849 = CARTESIAN_POINT ( 'NONE',  ( -7.353159335490227377, -0.5200508001019926718, -6.951817232872429919 ) ) ;
#2850 = EDGE_CURVE ( 'NONE', #1967, #5836, #1050, .T. ) ;
#2851 = ORIENTED_EDGE ( 'NONE', *, *, #8551, .T. ) ;
#2852 = DIRECTION ( 'NONE',  ( 0.000000000000000000, 0.000000000000000000, -1.000000000000000000 ) ) ;
#2853 = EDGE_LOOP ( 'NONE', ( #4376, #491, #6004 ) ) ;
#2854 = CARTESIAN_POINT ( 'NONE',  ( -8.280332455393464741, 0.6799491998980070617, 3.007612136069063080 ) ) ;
#2855 = ORIENTED_EDGE ( 'NONE', *, *, #1360, .F. ) ;
#2856 = AXIS2_PLACEMENT_3D ( 'NONE', #7106, #1154, #1836 ) ;
#2857 = ADVANCED_FACE ( 'NONE', ( #5349 ), #882, .F. ) ;
#2858 = CARTESIAN_POINT ( 'NONE',  ( 6.460193475768157612, -0.3200508001019927717, 3.436558112863980163 ) ) ;
#2859 = CARTESIAN_POINT ( 'NONE',  ( -5.974881660939551864, 0.6799491998980070617, 9.069358578010007221 ) ) ;
#2860 = ORIENTED_EDGE ( 'NONE', *, *, #9050, .T. ) ;
#2861 = CARTESIAN_POINT ( 'NONE',  ( 6.276258032944415532, 3.379949199898008239, 1.795969015902686872 ) ) ;
#2862 = AXIS2_PLACEMENT_3D ( 'NONE', #4258, #8065, #1176 ) ;
#2863 = CARTESIAN_POINT ( 'NONE',  ( 7.062198703370854425, -0.3200508001019929938, -8.400590451268399761 ) ) ;
#2864 = CARTESIAN_POINT ( 'NONE',  ( -5.169972431551889791, -0.5200508001019926718, -7.515608686399963823 ) ) ;
#2865 = ORIENTED_EDGE ( 'NONE', *, *, #7670, .F. ) ;
#2866 = CARTESIAN_POINT ( 'NONE',  ( 7.931941517259554431, -0.5200508001019926718, 0.6085236808796468111 ) ) ;
#2867 = CARTESIAN_POINT ( 'NONE',  ( -6.083240482449093101, 3.379949199898008239, 1.988582240188726535 ) ) ;
#2868 = ORIENTED_EDGE ( 'NONE', *, *, #6635, .F. ) ;
#2869 = DIRECTION ( 'NONE',  ( 0.000000000000000000, 0.000000000000000000, -1.000000000000000000 ) ) ;
#2870 = AXIS2_PLACEMENT_3D ( 'NONE', #5987, #6780, #2243 ) ;
#2871 = EDGE_CURVE ( 'NONE', #1065, #2309, #1401, .T. ) ;
#2872 = DIRECTION ( 'NONE',  ( -0.9928115591367026038, 0.000000000000000000, 0.1196879611512769725 ) ) ;
#2873 = CARTESIAN_POINT ( 'NONE',  ( 8.728418395007688346, 0.6799491998980070617, 2.726888910378681530 ) ) ;
#2874 = ORIENTED_EDGE ( 'NONE', *, *, #3876, .F. ) ;
#2875 = CARTESIAN_POINT ( 'NONE',  ( 0.5326156975534637184, 1.079949199898004197, 22.44947472105998898 ) ) ;
#2876 = EDGE_CURVE ( 'NONE', #5026, #3635, #3131, .T. ) ;
#2877 = DIRECTION ( 'NONE',  ( 0.000000000000000000, 1.000000000000000000, 0.000000000000000000 ) ) ;
#2878 = DIRECTION ( 'NONE',  ( 0.000000000000000000, 0.000000000000000000, -1.000000000000000000 ) ) ;
#2879 = PLANE ( 'NONE',  #5322 ) ;
#2880 = CARTESIAN_POINT ( 'NONE',  ( 0.000000000000000000, 1.079949199897997758, 0.000000000000000000 ) ) ;
#2881 = ORIENTED_EDGE ( 'NONE', *, *, #8204, .T. ) ;
#2882 = CARTESIAN_POINT ( 'NONE',  ( -15.93268493659063445, 2.079949199897993761, 18.30051234962380491 ) ) ;
#2883 = CARTESIAN_POINT ( 'NONE',  ( -8.805062429031243809, 80.31423269831148559, 24.33027839477196608 ) ) ;
#2884 = ORIENTED_EDGE ( 'NONE', *, *, #3876, .T. ) ;
#2885 = CARTESIAN_POINT ( 'NONE',  ( 10.24922251997925216, 0.000000000000000000, 23.15217264361945482 ) ) ;
#2886 = DIRECTION ( 'NONE',  ( 0.000000000000000000, 1.000000000000000000, -0.000000000000000000 ) ) ;
#2887 = CARTESIAN_POINT ( 'NONE',  ( -24.56423870164709200, 2.079949199897994205, 5.418580031565787714 ) ) ;
#2888 = CARTESIAN_POINT ( 'NONE',  ( -4.157332302906002752, 1.079949199897997758, 24.60120094879952646 ) ) ;
#2889 = FACE_OUTER_BOUND ( 'NONE', #8919, .T. ) ;
#2890 = CARTESIAN_POINT ( 'NONE',  ( 2.771554868603997690, -6.832479122453917419, 24.80025094899888671 ) ) ;
#2891 = CARTESIAN_POINT ( 'NONE',  ( 7.515961899475171570, -0.3200508001019938820, -8.218575356586843128 ) ) ;
#2892 = DIRECTION ( 'NONE',  ( -0.5671604621984291938, 0.000000000000000000, 0.8236073154840627408 ) ) ;
#2893 = ORIENTED_EDGE ( 'NONE', *, *, #830, .T. ) ;
#2894 = PLANE ( 'NONE',  #6270 ) ;
#2895 = VERTEX_POINT ( 'NONE', #2401 ) ;
#2896 = CARTESIAN_POINT ( 'NONE',  ( -6.083240482449093101, 3.379949199898008239, 1.988582240188726535 ) ) ;
#2897 = EDGE_CURVE ( 'NONE', #2791, #3802, #5388, .T. ) ;
#2898 = CARTESIAN_POINT ( 'NONE',  ( -11.61389763014318177, 0.9899745999490117132, -4.199985932899493513 ) ) ;
#2899 = ORIENTED_EDGE ( 'NONE', *, *, #4050, .F. ) ;
#2900 = CARTESIAN_POINT ( 'NONE',  ( -10.53102141070131204, 0.6799491998982967189, -5.015402529977744273 ) ) ;
#2901 = CARTESIAN_POINT ( 'NONE',  ( 5.064332120981001495, -0.3200508001019929383, 8.667863874178513228 ) ) ;
#2902 = CARTESIAN_POINT ( 'NONE',  ( -5.825629808790205644, -0.3200508001019938820, 4.984243251605409597 ) ) ;
#2903 = VERTEX_POINT ( 'NONE', #7664 ) ;
#2904 = CARTESIAN_POINT ( 'NONE',  ( -2.161078764043459444, 3.379949199898008239, 9.957472262389035933 ) ) ;
#2905 = ADVANCED_FACE ( 'NONE', ( #6936 ), #192, .F. ) ;
#2906 = DIRECTION ( 'NONE',  ( 0.000000000000000000, 0.000000000000000000, 1.000000000000000000 ) ) ;
#2907 = CARTESIAN_POINT ( 'NONE',  ( -5.758582356198819419, 3.379949199898008239, 2.369011831079294250 ) ) ;
#2908 = ORIENTED_EDGE ( 'NONE', *, *, #5876, .F. ) ;
#2909 = CARTESIAN_POINT ( 'NONE',  ( 15.97257734411744856, 0.000000000000000000, -18.24863105436569910 ) ) ;
#2910 = DIRECTION ( 'NONE',  ( 0.000000000000000000, -1.000000000000000000, 0.000000000000000000 ) ) ;
#2911 = CARTESIAN_POINT ( 'NONE',  ( 6.733344182526000310, 0.6799491998980070617, 5.856241227645253566 ) ) ;
#2912 = ORIENTED_EDGE ( 'NONE', *, *, #8988, .F. ) ;
#2913 = CARTESIAN_POINT ( 'NONE',  ( 0.6011621259169146470, 2.079949199898007084, 21.37679535159190536 ) ) ;
#2914 = CARTESIAN_POINT ( 'NONE',  ( -15.99407193982415087, 1.079949199897966450, 18.20803970889378576 ) ) ;
#2915 = EDGE_CURVE ( 'NONE', #8098, #489, #3417, .T. ) ;
#2916 = FACE_OUTER_BOUND ( 'NONE', #1277, .T. ) ;
#2917 = CARTESIAN_POINT ( 'NONE',  ( 8.294086170347863884, -0.5200508001019926718, 0.3091523553675518121 ) ) ;
#2918 = CARTESIAN_POINT ( 'NONE',  ( 26.95154657455322322, 0.000000000000000000, -5.685502983879683114 ) ) ;
#2919 = ORIENTED_EDGE ( 'NONE', *, *, #6491, .F. ) ;
#2920 = ADVANCED_FACE ( 'NONE', ( #7951 ), #2956, .F. ) ;
#2921 = DIRECTION ( 'NONE',  ( 0.000000000000000000, 0.000000000000000000, -1.000000000000000000 ) ) ;
#2922 = CARTESIAN_POINT ( 'NONE',  ( -15.11358239956439320, 2.079949199897994205, 17.72536707213289020 ) ) ;
#2923 = DIRECTION ( 'NONE',  ( -0.8660254037844418162, 0.000000000000000000, -0.4999999999999946154 ) ) ;
#2924 = VERTEX_POINT ( 'NONE', #8839 ) ;
#2925 = DIRECTION ( 'NONE',  ( -0.9755751306983579951, 0.000000000000000000, 0.2196660291508036600 ) ) ;
#2926 = LINE ( 'NONE', #8931, #5292 ) ;
#2927 = DIRECTION ( 'NONE',  ( -0.000000000000000000, -1.000000000000000000, 0.000000000000000000 ) ) ;
#2928 = EDGE_CURVE ( 'NONE', #6612, #7175, #2775, .T. ) ;
#2929 = DIRECTION ( 'NONE',  ( 0.000000000000000000, 1.000000000000000000, 0.000000000000000000 ) ) ;
#2930 = DIRECTION ( 'NONE',  ( 0.000000000000000000, 0.000000000000000000, -1.000000000000000000 ) ) ;
#2931 = DIRECTION ( 'NONE',  ( 1.778091562876227272E-15, 0.000000000000000000, -1.000000000000000000 ) ) ;
#2932 = CARTESIAN_POINT ( 'NONE',  ( 15.52811459193115340, 0.000000000000000000, 18.74317441662671158 ) ) ;
#2933 = VERTEX_POINT ( 'NONE', #5840 ) ;
#2934 = DIRECTION ( 'NONE',  ( 0.000000000000000000, 0.000000000000000000, 1.000000000000000000 ) ) ;
#2935 = EDGE_LOOP ( 'NONE', ( #2331, #5092, #5103, #982 ) ) ;
#2936 = CARTESIAN_POINT ( 'NONE',  ( -13.99999999999999645, 0.000000000000000000, -25.49999999999999645 ) ) ;
#2937 = AXIS2_PLACEMENT_3D ( 'NONE', #2780, #5789, #3567 ) ;
#2938 = CARTESIAN_POINT ( 'NONE',  ( 0.000000000000000000, 1.079949199897997758, 0.000000000000000000 ) ) ;
#2939 = CARTESIAN_POINT ( 'NONE',  ( -10.11422338066833859, 0.6799491998977614804, -5.886873534451615875 ) ) ;
#2940 = EDGE_LOOP ( 'NONE', ( #6595, #8338, #7819, #3929, #1373, #1125, #2645, #8133, #3822, #3533, #6176, #1020, #1474, #4522, #7921, #7084, #3890, #5267, #2396, #8881, #4095, #4431, #2796, #5814, #8115, #7943, #2099, #9355, #1007, #4562, #7379, #3684, #6547, #2422, #3231, #9581, #5699, #795, #8398, #5921, #4913, #4990, #3971, #8663, #338, #3187, #8929, #414, #4138, #7711 ) ) ;
#2941 = ADVANCED_FACE ( 'NONE', ( #7316 ), #1212, .F. ) ;
#2942 = AXIS2_PLACEMENT_3D ( 'NONE', #2148, #5843, #770 ) ;
#2943 = CARTESIAN_POINT ( 'NONE',  ( 5.769531649795903050, -0.3200508001019929383, 5.358588688210976336 ) ) ;
#2944 = LINE ( 'NONE', #6844, #9615 ) ;
#2945 = CARTESIAN_POINT ( 'NONE',  ( -5.733500166567468526, 0.6799491998980070617, 5.907920651303061987 ) ) ;
#2946 = ORIENTED_EDGE ( 'NONE', *, *, #5744, .T. ) ;
#2947 = CARTESIAN_POINT ( 'NONE',  ( -4.600344388657384265, 3.379949199898008239, 5.014575595627854376 ) ) ;
#2948 = CARTESIAN_POINT ( 'NONE',  ( -17.23131124203193210, 80.31423269831148559, 18.86320297791347045 ) ) ;
#2949 = CARTESIAN_POINT ( 'NONE',  ( -7.353159335490227377, 3.379949199898008239, -6.951817232872429919 ) ) ;
#2950 = EDGE_LOOP ( 'NONE', ( #352, #3424, #6752, #6563, #1725, #2284 ) ) ;
#2951 = AXIS2_PLACEMENT_3D ( 'NONE', #7902, #417, #3405 ) ;
#2952 = CARTESIAN_POINT ( 'NONE',  ( -2.771554868604003907, 1.079949199897997758, 24.80025094899888671 ) ) ;
#2953 = CARTESIAN_POINT ( 'NONE',  ( 6.750248446161347893, -0.3200508001019800042, 3.021526968427552529 ) ) ;
#2954 = CARTESIAN_POINT ( 'NONE',  ( 5.739137236176588885, -0.3200508001019938820, 5.719712940063806705 ) ) ;
#2955 = VERTEX_POINT ( 'NONE', #3562 ) ;
#2956 = TOROIDAL_SURFACE ( 'NONE', #5308, 13.00000000000000178, 1.000000000000000000 ) ;
#2957 = CARTESIAN_POINT ( 'NONE',  ( -20.69999999999989271, 2.079949199898003975, 20.70000000000010942 ) ) ;
#2958 = CARTESIAN_POINT ( 'NONE',  ( -4.157332302906001864, 0.000000000000000000, 27.40120094879952362 ) ) ;
#2959 = CARTESIAN_POINT ( 'NONE',  ( -9.302021880671901499, 2.579949199897999090, -23.45192124411338952 ) ) ;
#2960 = CARTESIAN_POINT ( 'NONE',  ( 7.806469671006824207, 3.379949199898008239, 0.7024206168879083556 ) ) ;
#2961 = DIRECTION ( 'NONE',  ( 0.000000000000000000, 0.000000000000000000, 1.000000000000000000 ) ) ;
#2962 = AXIS2_PLACEMENT_3D ( 'NONE', #2832, #1316, #578 ) ;
#2963 = B_SPLINE_CURVE_WITH_KNOTS ( 'NONE', 3,
 ( #1466, #5138, #633, #3025 ),
 .UNSPECIFIED., .F., .F.,
 ( 4, 4 ),
 ( 0.000000000000000000, 0.08092846827707157742 ),
 .UNSPECIFIED. ) ;
#2964 = EDGE_LOOP ( 'NONE', ( #8511, #1833, #4267, #6557 ) ) ;
#2965 = CARTESIAN_POINT ( 'NONE',  ( 25.55405821749191730, 1.079949199898491363, 5.561289545620924812 ) ) ;
#2966 = CIRCLE ( 'NONE', #3747, 26.35000000000000497 ) ;
#2967 = CARTESIAN_POINT ( 'NONE',  ( -15.94402160336501240, 2.079949199897993761, 18.28489001326552454 ) ) ;
#2968 = ADVANCED_FACE ( 'NONE', ( #3668, #9475 ), #8144, .T. ) ;
#2969 = DIRECTION ( 'NONE',  ( 0.000000000000000000, 0.000000000000000000, 1.000000000000000000 ) ) ;
#2970 = ORIENTED_EDGE ( 'NONE', *, *, #4432, .F. ) ;
#2971 = DIRECTION ( 'NONE',  ( -0.000000000000000000, 1.000000000000000000, -0.000000000000000000 ) ) ;
#2972 = DIRECTION ( 'NONE',  ( -0.000000000000000000, -1.000000000000000000, -0.000000000000000000 ) ) ;
#2973 = AXIS2_PLACEMENT_3D ( 'NONE', #2444, #8552, #6199 ) ;
#2974 = AXIS2_PLACEMENT_3D ( 'NONE', #2779, #2683, #3469 ) ;
#2975 = CARTESIAN_POINT ( 'NONE',  ( -24.56393351693408889, 2.079949199897991097, -5.420816999663306213 ) ) ;
#2976 = FACE_OUTER_BOUND ( 'NONE', #9594, .T. ) ;
#2977 = DIRECTION ( 'NONE',  ( -0.000000000000000000, 1.000000000000000000, 0.000000000000000000 ) ) ;
#2978 = CARTESIAN_POINT ( 'NONE',  ( -7.125189569519050359, 3.379949199898004242, -3.048634710557540650 ) ) ;
#2979 = VECTOR ( 'NONE', #7688, 1000.000000000000000 ) ;
#2980 = AXIS2_PLACEMENT_3D ( 'NONE', #3513, #1991, #576 ) ;
#2981 = ADVANCED_FACE ( 'NONE', ( #4246 ), #2102, .T. ) ;
#2982 = CARTESIAN_POINT ( 'NONE',  ( 4.157332302905997423, 1.079949199898004641, 26.00120094879952504 ) ) ;
#2983 = VERTEX_POINT ( 'NONE', #474 ) ;
#2984 = CARTESIAN_POINT ( 'NONE',  ( 14.40813922126653956, 0.000000000000000000, 19.61364848793045823 ) ) ;
#2985 = ORIENTED_EDGE ( 'NONE', *, *, #6531, .T. ) ;
#2986 = CARTESIAN_POINT ( 'NONE',  ( -6.822399544555387330, -0.5200508001019926718, 1.337113034651672638 ) ) ;
#2987 = AXIS2_PLACEMENT_3D ( 'NONE', #2978, #3676, #2931 ) ;
#2988 = CIRCLE ( 'NONE', #5021, 1.000000000000000222 ) ;
#2989 = DIRECTION ( 'NONE',  ( 0.000000000000000000, -1.000000000000000000, 0.000000000000000000 ) ) ;
#2990 = CARTESIAN_POINT ( 'NONE',  ( -8.591585931879448523, 0.6799491998980070617, -8.784581626388701991 ) ) ;
#2991 = TOROIDAL_SURFACE ( 'NONE', #1599, 6.325000000000003730, 1.000000000000000000 ) ;
#2992 = CIRCLE ( 'NONE', #4708, 6.324999999999955769 ) ;
#2993 = CARTESIAN_POINT ( 'NONE',  ( 8.758648793132095989, -0.3200508001019929383, 1.493537236487312736 ) ) ;
#2994 = DIRECTION ( 'NONE',  ( 0.000000000000000000, 0.000000000000000000, -1.000000000000000000 ) ) ;
#2995 = FACE_OUTER_BOUND ( 'NONE', #8331, .T. ) ;
#2996 = VERTEX_POINT ( 'NONE', #530 ) ;
#2997 = CARTESIAN_POINT ( 'NONE',  ( 9.364479067422614378, 3.379949199898008239, -4.679536894392304802 ) ) ;
#2998 = AXIS2_PLACEMENT_3D ( 'NONE', #6522, #1303, #4281 ) ;
#2999 = EDGE_CURVE ( 'NONE', #6549, #4975, #7211, .T. ) ;
#3000 = DIRECTION ( 'NONE',  ( -0.1902198919833818502, 0.000000000000000000, 0.9817415101205767547 ) ) ;
#3001 = CARTESIAN_POINT ( 'NONE',  ( -6.914150854374013555, 3.379949199898008239, -7.164139905725427582 ) ) ;
#3002 = ORIENTED_EDGE ( 'NONE', *, *, #7097, .T. ) ;
#3003 = EDGE_CURVE ( 'NONE', #1940, #7089, #8464, .T. ) ;
#3004 = CARTESIAN_POINT ( 'NONE',  ( -25.71629562272524439, 1.079949199897997758, -4.513576544366069143 ) ) ;
#3005 = CARTESIAN_POINT ( 'NONE',  ( 5.739878136054203495, -0.5200508001019787940, 5.676660058606021408 ) ) ;
#3006 = CIRCLE ( 'NONE', #9624, 27.75000000000000355 ) ;
#3007 = CARTESIAN_POINT ( 'NONE',  ( 5.725270552218157505, 0.6799491998980079499, 6.217148725307761303 ) ) ;
#3008 = ORIENTED_EDGE ( 'NONE', *, *, #9002, .T. ) ;
#3009 = DIRECTION ( 'NONE',  ( 0.000000000000000000, -1.000000000000000000, -0.000000000000000000 ) ) ;
#3010 = CARTESIAN_POINT ( 'NONE',  ( -5.964385371679431280, -0.3200508001019938820, 4.478475350074480943 ) ) ;
#3011 = EDGE_CURVE ( 'NONE', #2543, #719, #2731, .T. ) ;
#3012 = DIRECTION ( 'NONE',  ( 0.4999999999999940603, -0.000000000000000000, 0.8660254037844420383 ) ) ;
#3013 = CARTESIAN_POINT ( 'NONE',  ( 0.000000000000000000, 1.079949199897997758, 0.000000000000000000 ) ) ;
#3014 = ORIENTED_EDGE ( 'NONE', *, *, #9297, .T. ) ;
#3015 = CARTESIAN_POINT ( 'NONE',  ( 15.23581918302226512, 2.073562313300984616, 17.78057252680368450 ) ) ;
#3016 = AXIS2_PLACEMENT_3D ( 'NONE', #2733, #9525, #4190 ) ;
#3017 = ORIENTED_EDGE ( 'NONE', *, *, #562, .F. ) ;
#3018 = DIRECTION ( 'NONE',  ( 0.000000000000000000, -1.000000000000000000, -0.000000000000000000 ) ) ;
#3019 = CYLINDRICAL_SURFACE ( 'NONE', #3476, 0.9999999999999996669 ) ;
#3020 = DIRECTION ( 'NONE',  ( -0.8660254037844419273, 0.000000000000000000, 0.4999999999999945044 ) ) ;
#3021 = ORIENTED_EDGE ( 'NONE', *, *, #3859, .T. ) ;
#3022 = CARTESIAN_POINT ( 'NONE',  ( -22.43637778381108916, 80.31423269831148559, -16.33007813643610362 ) ) ;
#3023 = CARTESIAN_POINT ( 'NONE',  ( 14.88316527472231954, 1.079949199898004197, -20.37839693420014697 ) ) ;
#3024 = VECTOR ( 'NONE', #82, 1000.000000000000000 ) ;
#3025 = CARTESIAN_POINT ( 'NONE',  ( -26.93284165500675442, 3.379949199898008239, -5.815748524674013709 ) ) ;
#3026 = CARTESIAN_POINT ( 'NONE',  ( -7.829487298332885814, 1.079949199897997758, 24.11061236562116150 ) ) ;
#3027 = CARTESIAN_POINT ( 'NONE',  ( -20.69999999999989271, 80.31423269831148559, 20.70000000000010942 ) ) ;
#3028 = EDGE_CURVE ( 'NONE', #498, #3057, #7049, .T. ) ;
#3029 = CARTESIAN_POINT ( 'NONE',  ( 5.276611864429311183, 0.6799491998980070617, -9.723659384654821380 ) ) ;
#3030 = DIRECTION ( 'NONE',  ( 0.000000000000000000, 0.000000000000000000, 1.000000000000000000 ) ) ;
#3031 = CARTESIAN_POINT ( 'NONE',  ( -0.5057209851882584761, 2.072547322941288961, 21.32144207101606170 ) ) ;
#3032 = CARTESIAN_POINT ( 'NONE',  ( -25.56626358482601091, 1.079949199897997758, -5.483961129867421569 ) ) ;
#3033 = VERTEX_POINT ( 'NONE', #8054 ) ;
#3034 = CARTESIAN_POINT ( 'NONE',  ( -9.799999999999997158, 80.31423269831148559, -22.22652707358078317 ) ) ;
#3035 = DIRECTION ( 'NONE',  ( 0.000000000000000000, 0.000000000000000000, -1.000000000000000000 ) ) ;
#3036 = CARTESIAN_POINT ( 'NONE',  ( -2.851360912295938466, -0.5200508001019926718, -6.877789085325257012 ) ) ;
#3037 = EDGE_CURVE ( 'NONE', #2543, #8571, #1410, .T. ) ;
#3038 = CARTESIAN_POINT ( 'NONE',  ( -11.56104164229996023, 2.079949199898003975, 22.42475901279190253 ) ) ;
#3039 = CARTESIAN_POINT ( 'NONE',  ( -11.46790523137029894, 0.6799491998980070617, -5.369579401889136072 ) ) ;
#3040 = ADVANCED_FACE ( 'NONE', ( #6534 ), #6639, .F. ) ;
#3041 = CARTESIAN_POINT ( 'NONE',  ( -0.6151439006248686781, -0.3200508001019929938, 11.67014882827203515 ) ) ;
#3042 = CYLINDRICAL_SURFACE ( 'NONE', #9134, 0.5000000000000004441 ) ;
#3043 = CARTESIAN_POINT ( 'NONE',  ( -6.726614863593392890, 0.6799491998980070617, 6.183487938293869668 ) ) ;
#3044 = VERTEX_POINT ( 'NONE', #5091 ) ;
#3045 = CARTESIAN_POINT ( 'NONE',  ( 3.390918863645657755, 3.379949199898008239, 8.972443137289904058 ) ) ;
#3046 = CARTESIAN_POINT ( 'NONE',  ( 0.7228355895368455686, 1.079949199898004641, 21.46773321093941789 ) ) ;
#3047 = CARTESIAN_POINT ( 'NONE',  ( -4.037308022378816474, 3.379949199898008239, -7.382142491568018272 ) ) ;
#3048 = VERTEX_POINT ( 'NONE', #1361 ) ;
#3049 = CARTESIAN_POINT ( 'NONE',  ( -13.37653562345046332, 3.379949199898008239, -21.62483327182261306 ) ) ;
#3050 = CARTESIAN_POINT ( 'NONE',  ( 8.080751396994727997, -0.3200508001019800042, 1.950638793900640877 ) ) ;
#3051 = CARTESIAN_POINT ( 'NONE',  ( 5.708070506774712172, 0.6799491998979635410, 6.474733649819559567 ) ) ;
#3052 = DIRECTION ( 'NONE',  ( 0.000000000000000000, 0.000000000000000000, -1.000000000000000000 ) ) ;
#3053 = DIRECTION ( 'NONE',  ( 0.000000000000000000, 0.000000000000000000, -1.000000000000000000 ) ) ;
#3054 = CARTESIAN_POINT ( 'NONE',  ( -15.65113438989563299, 1.880293940521168050, 18.02979600833808504 ) ) ;
#3055 = DIRECTION ( 'NONE',  ( 0.000000000000000000, 0.000000000000000000, -1.000000000000000000 ) ) ;
#3056 = CARTESIAN_POINT ( 'NONE',  ( 9.365853617970607559, -0.5200508001019926718, -1.256254556216748641 ) ) ;
#3057 = VERTEX_POINT ( 'NONE', #7417 ) ;
#3058 = CARTESIAN_POINT ( 'NONE',  ( 15.94892563678512687, 1.211824703495614663, 18.27803984603511722 ) ) ;
#3059 = ORIENTED_EDGE ( 'NONE', *, *, #1051, .T. ) ;
#3060 = B_SPLINE_CURVE_WITH_KNOTS ( 'NONE', 3,
 ( #3038, #8946, #2211, #3779, #8214, #7571, #7434, #6005 ),
 .UNSPECIFIED., .F., .F.,
 ( 4, 2, 2, 4 ),
 ( 1.788112030672749005E-18, 0.0004341388734656349813, 0.0008682777469312683363, 0.001736555493862529517 ),
 .UNSPECIFIED. ) ;
#3061 = DIRECTION ( 'NONE',  ( 0.000000000000000000, 0.000000000000000000, -1.000000000000000000 ) ) ;
#3062 = CARTESIAN_POINT ( 'NONE',  ( 14.40813922126655378, 1.079949199898053269, -19.61364848793045113 ) ) ;
#3063 = ADVANCED_FACE ( 'NONE', ( #8097 ), #8890, .T. ) ;
#3064 = CARTESIAN_POINT ( 'NONE',  ( -2.695804706572649145, -0.5200508001019920057, -8.156822025975458246 ) ) ;
#3065 = EDGE_LOOP ( 'NONE', ( #1182, #8307, #8086, #5439, #7329, #3529, #2817 ) ) ;
#3066 = CARTESIAN_POINT ( 'NONE',  ( 2.046106017933627896, -0.5200508001019856774, -7.804081052735636348 ) ) ;
#3067 = EDGE_LOOP ( 'NONE', ( #9038, #392, #9524, #1429 ) ) ;
#3068 = LINE ( 'NONE', #1556, #3725 ) ;
#3069 = CARTESIAN_POINT ( 'NONE',  ( 15.73341224045306852, 1.755544900370723083, -18.12806464735339063 ) ) ;
#3070 = CARTESIAN_POINT ( 'NONE',  ( 15.88889922360203144, 1.387778780781445676E-14, 18.35848383869985412 ) ) ;
#3071 = CARTESIAN_POINT ( 'NONE',  ( 26.96198792745413542, 0.000000000000000000, 5.617818042358747377 ) ) ;
#3072 = FACE_OUTER_BOUND ( 'NONE', #1670, .T. ) ;
#3073 = CARTESIAN_POINT ( 'NONE',  ( 15.99407193982678521, 80.31423269831148559, 18.20803970888903933 ) ) ;
#3074 = CARTESIAN_POINT ( 'NONE',  ( 6.897978119328096902, 0.6799491998980041751, -9.806114451437123236 ) ) ;
#3075 = EDGE_LOOP ( 'NONE', ( #9483, #5400, #1674 ) ) ;
#3076 = CARTESIAN_POINT ( 'NONE',  ( -13.71072382247404597, 2.079949199897995982, 21.54438594644836868 ) ) ;
#3077 = CARTESIAN_POINT ( 'NONE',  ( -7.768532583743247066, -0.5200508001019926718, -6.692875143246167724 ) ) ;
#3078 = DIRECTION ( 'NONE',  ( 1.331959119420620136E-15, 0.000000000000000000, -1.000000000000000000 ) ) ;
#3079 = CARTESIAN_POINT ( 'NONE',  ( -6.279803429493952649, -0.3200508001019938820, -8.613092450265673605 ) ) ;
#3080 = CARTESIAN_POINT ( 'NONE',  ( 21.00285463593973034, 80.31423269831148559, 16.78670163806913607 ) ) ;
#3081 = DIRECTION ( 'NONE',  ( 0.000000000000000000, -1.000000000000000000, 0.000000000000000000 ) ) ;
#3082 = EDGE_CURVE ( 'NONE', #3846, #6362, #136, .T. ) ;
#3083 = CARTESIAN_POINT ( 'NONE',  ( -5.738101023436497528, 0.6799491998980133900, 5.739877168095566695 ) ) ;
#3084 = EDGE_LOOP ( 'NONE', ( #2855, #3531, #242, #9644, #2321, #8226 ) ) ;
#3085 = CARTESIAN_POINT ( 'NONE',  ( 4.507324813770448912, 3.379949199898008239, 6.445053239650708754 ) ) ;
#3086 = EDGE_CURVE ( 'NONE', #9069, #5586, #5158, .T. ) ;
#3087 = DIRECTION ( 'NONE',  ( -0.9817415101205769767, -1.703179705075551627E-15, -0.1902198919833816004 ) ) ;
#3088 = CARTESIAN_POINT ( 'NONE',  ( 2.920897971626200906, 3.379949199898008239, -6.917992696493579174 ) ) ;
#3089 = ORIENTED_EDGE ( 'NONE', *, *, #1003, .F. ) ;
#3090 = DIRECTION ( 'NONE',  ( 0.000000000000000000, 0.000000000000000000, 1.000000000000000000 ) ) ;
#3091 = CARTESIAN_POINT ( 'NONE',  ( 5.849077931320449508, -0.5200508001019787940, 4.862328324841770133 ) ) ;
#3092 = PRODUCT_DEFINITION_SHAPE ( 'NONE', 'NONE',  #8540 ) ;
#3093 = ADVANCED_FACE ( 'NONE', ( #8980 ), #29, .F. ) ;
#3094 = CARTESIAN_POINT ( 'NONE',  ( 5.760035166371865856, 0.6799491998979522167, 5.450027360952186761 ) ) ;
#3095 = CARTESIAN_POINT ( 'NONE',  ( 7.829487298332922229, 0.000000000000000000, 24.11061236562114729 ) ) ;
#3096 = CARTESIAN_POINT ( 'NONE',  ( -25.51333992287131025, 1.079949199897993983, 5.875394879198339915 ) ) ;
#3097 = CARTESIAN_POINT ( 'NONE',  ( -15.80498016476411216, 1.691460429709183089, 18.12454376292804525 ) ) ;
#3098 = CARTESIAN_POINT ( 'NONE',  ( -4.157332302906002752, 1.079949199897997758, 26.00120094879952504 ) ) ;
#3099 = DIRECTION ( 'NONE',  ( 0.000000000000000000, 0.000000000000000000, -1.000000000000000000 ) ) ;
#3100 = EDGE_LOOP ( 'NONE', ( #6395, #6204, #1720, #5119, #7910, #9652, #1095, #4127, #4949, #2142, #8409, #5320, #2118, #3008, #62, #8867, #5985, #3805, #2469, #2056, #5832, #1431, #8857, #5529, #7074, #8808, #4217, #1048, #2881, #1285, #6047, #4672, #6506, #8253, #5101, #9278, #984, #5944 ) ) ;
#3101 = AXIS2_PLACEMENT_3D ( 'NONE', #7625, #9098, #5301 ) ;
#3102 = CARTESIAN_POINT ( 'NONE',  ( 15.39357314154943701, 2.028570096939798617, 17.89087311900942368 ) ) ;
#3103 = LINE ( 'NONE', #2376, #3763 ) ;
#3104 = CARTESIAN_POINT ( 'NONE',  ( 14.79177809833739765, 0.000000000000000000, -19.36139349711870494 ) ) ;
#3105 = CARTESIAN_POINT ( 'NONE',  ( -6.451412165667318455, -0.5200508001019920057, 3.447605986294183023 ) ) ;
#3106 = ORIENTED_EDGE ( 'NONE', *, *, #4163, .F. ) ;
#3107 = CARTESIAN_POINT ( 'NONE',  ( -1.188321411360796498, -0.3200508001019800042, -7.464106654642707284 ) ) ;
#3108 = VERTEX_POINT ( 'NONE', #819 ) ;
#3109 = CARTESIAN_POINT ( 'NONE',  ( 15.56356031335553602, 1.954235538799457217, 17.95787345386778000 ) ) ;
#3110 = CARTESIAN_POINT ( 'NONE',  ( 0.000000000000000000, 80.31423269831148559, 0.000000000000000000 ) ) ;
#3111 = CARTESIAN_POINT ( 'NONE',  ( -5.287689757460261042, 3.379949199898008239, 3.059931812852650257 ) ) ;
#3112 = AXIS2_PLACEMENT_3D ( 'NONE', #5888, #6685, #1414 ) ;
#3113 = EDGE_CURVE ( 'NONE', #3108, #843, #4510, .T. ) ;
#3114 = EDGE_CURVE ( 'NONE', #6987, #340, #4200, .T. ) ;
#3115 = LINE ( 'NONE', #2482, #7080 ) ;
#3116 = CIRCLE ( 'NONE', #6439, 1.000000000000000444 ) ;
#3117 = DIRECTION ( 'NONE',  ( 0.000000000000000000, 0.000000000000000000, 1.000000000000000000 ) ) ;
#3118 = CIRCLE ( 'NONE', #5003, 2.800000000000000266 ) ;
#3119 = LINE ( 'NONE', #3073, #513 ) ;
#3120 = CARTESIAN_POINT ( 'NONE',  ( 1.302495038815942197, 3.379949199898004242, 24.67832468185854822 ) ) ;
#3121 = CARTESIAN_POINT ( 'NONE',  ( 25.85474537706308240, 0.000000000000000000, -3.162443295254917963 ) ) ;
#3122 = ORIENTED_EDGE ( 'NONE', *, *, #5810, .T. ) ;
#3123 = VECTOR ( 'NONE', #9152, 1000.000000000000000 ) ;
#3124 = CARTESIAN_POINT ( 'NONE',  ( 13.37653562345046332, 0.000000000000000000, 21.62483327182261306 ) ) ;
#3125 = CARTESIAN_POINT ( 'NONE',  ( -1.972995026445600431, -0.5200508001019926718, -6.463335568246934670 ) ) ;
#3126 = ORIENTED_EDGE ( 'NONE', *, *, #7056, .F. ) ;
#3127 = AXIS2_PLACEMENT_3D ( 'NONE', #3270, #1021, #1814 ) ;
#3128 = DIRECTION ( 'NONE',  ( 0.000000000000000000, -1.000000000000000000, 0.000000000000000000 ) ) ;
#3129 = AXIS2_PLACEMENT_3D ( 'NONE', #973, #7516, #5344 ) ;
#3130 = CARTESIAN_POINT ( 'NONE',  ( -1.295306447240516912, 0.6799491998980070617, -8.568174943824391931 ) ) ;
#3131 = LINE ( 'NONE', #4141, #2015 ) ;
#3132 = CARTESIAN_POINT ( 'NONE',  ( -27.25012979621591569, 3.379949199898008239, 3.756855665739624150 ) ) ;
#3133 = EDGE_CURVE ( 'NONE', #4789, #8767, #1238, .T. ) ;
#3134 = AXIS2_PLACEMENT_3D ( 'NONE', #952, #4864, #3943 ) ;
#3135 = CARTESIAN_POINT ( 'NONE',  ( 15.86649063656515146, 1.079949199897047407, 18.38476029689678271 ) ) ;
#3136 = CONICAL_SURFACE ( 'NONE', #4390, 0.7000000000000061728, 0.7853981633974624899 ) ;
#3137 = ORIENTED_EDGE ( 'NONE', *, *, #4999, .T. ) ;
#3138 = CARTESIAN_POINT ( 'NONE',  ( 2.636939910028039957, 3.379949199898008239, -6.764576644185178900 ) ) ;
#3139 = CARTESIAN_POINT ( 'NONE',  ( 15.66622922149929131, 1.079949199898574186, -18.60548132305848767 ) ) ;
#3140 = CARTESIAN_POINT ( 'NONE',  ( -10.13226014257303831, 3.379949199898008239, 24.83200793771867509 ) ) ;
#3141 = EDGE_LOOP ( 'NONE', ( #2120, #7021, #7000, #6018 ) ) ;
#3142 = CARTESIAN_POINT ( 'NONE',  ( -16.70925739877612415, 3.379949199898008239, -19.84907255162304551 ) ) ;
#3143 = ADVANCED_FACE ( 'NONE', ( #114 ), #6729, .F. ) ;
#3144 = AXIS2_PLACEMENT_3D ( 'NONE', #1491, #2310, #4462 ) ;
#3145 = AXIS2_PLACEMENT_3D ( 'NONE', #5520, #948, #8422 ) ;
#3146 = CARTESIAN_POINT ( 'NONE',  ( -5.717376612597870889, -0.5200508001019787940, 6.385648416180712772 ) ) ;
#3147 = CARTESIAN_POINT ( 'NONE',  ( 0.5611350902762843873, 0.6799491998978344220, 11.66825568465557161 ) ) ;
#3148 = CARTESIAN_POINT ( 'NONE',  ( -24.52052836373460920, 2.079949199897991097, 5.755706918047055254 ) ) ;
#3149 = DIRECTION ( 'NONE',  ( -1.000000000000000000, -0.000000000000000000, -0.000000000000000000 ) ) ;
#3150 = CYLINDRICAL_SURFACE ( 'NONE', #9247, 3.924999999999956302 ) ;
#3151 = B_SPLINE_CURVE_WITH_KNOTS ( 'NONE', 3,
 ( #7877, #1926, #7140, #3431, #500, #3537, #7337 ),
 .UNSPECIFIED., .F., .F.,
 ( 4, 3, 4 ),
 ( -5.999999997102506216E-08, 0.000000000000000000, 0.0004762079134996928032 ),
 .UNSPECIFIED. ) ;
#3152 = DIRECTION ( 'NONE',  ( 0.000000000000000000, -1.000000000000000000, 0.000000000000000000 ) ) ;
#3153 = CARTESIAN_POINT ( 'NONE',  ( -1.339637324960237352, 0.6799491998980070617, 12.56202468182682175 ) ) ;
#3154 = ORIENTED_EDGE ( 'NONE', *, *, #8436, .F. ) ;
#3155 = CARTESIAN_POINT ( 'NONE',  ( 15.63317970514351707, 1.878844081873497274, 18.05847693528298592 ) ) ;
#3156 = EDGE_CURVE ( 'NONE', #8586, #8352, #8095, .T. ) ;
#3157 = ORIENTED_EDGE ( 'NONE', *, *, #4871, .T. ) ;
#3158 = CIRCLE ( 'NONE', #3945, 1.500000000000001332 ) ;
#3159 = CARTESIAN_POINT ( 'NONE',  ( -14.00000000000000355, 1.079949199897997758, 25.49999999999999645 ) ) ;
#3160 = CARTESIAN_POINT ( 'NONE',  ( 2.100110734200421223E-15, 0.6799491998980041751, -9.806114451437125012 ) ) ;
#3161 = EDGE_CURVE ( 'NONE', #1441, #7339, #1552, .T. ) ;
#3162 = CARTESIAN_POINT ( 'NONE',  ( 25.55386330228300551, 0.000000000000000000, -5.562812577295366268 ) ) ;
#3163 = EDGE_LOOP ( 'NONE', ( #7227, #4762, #2455 ) ) ;
#3164 = CARTESIAN_POINT ( 'NONE',  ( 24.77959871181932883, 1.079949199897997758, 8.960691250188359547 ) ) ;
#3165 = ORIENTED_EDGE ( 'NONE', *, *, #9116, .T. ) ;
#3166 = CARTESIAN_POINT ( 'NONE',  ( 15.18388691188706829, 2.079949199897995982, 17.73996881173091111 ) ) ;
#3167 = CIRCLE ( 'NONE', #3954, 1.000000000000001776 ) ;
#3168 = CARTESIAN_POINT ( 'NONE',  ( -4.514344081559329425, 3.379949199898008239, 6.372011745356126688 ) ) ;
#3169 = CARTESIAN_POINT ( 'NONE',  ( 10.12095088678313104, 0.6799491998980070617, -7.534164092150736458 ) ) ;
#3170 = CARTESIAN_POINT ( 'NONE',  ( 7.829487298332924006, 1.079949199897997758, 24.11061236562115440 ) ) ;
#3171 = VECTOR ( 'NONE', #580, 1000.000000000000000 ) ;
#3172 = CARTESIAN_POINT ( 'NONE',  ( 15.07031928452483704, 1.222525758261356676, -20.85344067014954206 ) ) ;
#3173 = CARTESIAN_POINT ( 'NONE',  ( -25.57810035237141477, 2.079949199897993761, -5.406252686692033294 ) ) ;
#3174 = VERTEX_POINT ( 'NONE', #1646 ) ;
#3175 = CARTESIAN_POINT ( 'NONE',  ( 16.70925739877612060, 0.000000000000000000, 19.84907255162304551 ) ) ;
#3176 = CARTESIAN_POINT ( 'NONE',  ( -6.083240482449093101, -0.5200508001019926718, 1.988582240188726535 ) ) ;
#3177 = FACE_BOUND ( 'NONE', #115, .T. ) ;
#3178 = CARTESIAN_POINT ( 'NONE',  ( -2.600140083562509030, 0.6799491998979967367, -8.106263756702505319 ) ) ;
#3179 = B_SPLINE_SURFACE_WITH_KNOTS ( 'NONE', 3, 1, ( 
 ( #7128, #1959 ),
 ( #4837, #7864 ),
 ( #3326, #5746 ),
 ( #3418, #1916 ) ),
 .UNSPECIFIED., .F., .F., .F.,
 ( 4, 4 ),
 ( 2, 2 ),
 ( 0.000000000000000000, 1.000000000000000000 ),
 ( 0.000000000000000000, 1.000000000000000000 ),
 .UNSPECIFIED. ) ;
#3180 = DIRECTION ( 'NONE',  ( -0.000000000000000000, 1.000000000000000000, -0.000000000000000000 ) ) ;
#3181 = CARTESIAN_POINT ( 'NONE',  ( 0.000000000000000000, 3.379949199898008239, 0.000000000000000000 ) ) ;
#3182 = EDGE_CURVE ( 'NONE', #4466, #171, #6080, .T. ) ;
#3183 = ORIENTED_EDGE ( 'NONE', *, *, #9682, .F. ) ;
#3184 = CARTESIAN_POINT ( 'NONE',  ( 15.13568330363269610, 2.079949199897994205, 17.69608910054514084 ) ) ;
#3185 = ORIENTED_EDGE ( 'NONE', *, *, #2876, .T. ) ;
#3186 = CARTESIAN_POINT ( 'NONE',  ( 4.493075651196694054, -0.5200508001019926718, -7.465653863131326951 ) ) ;
#3187 = ORIENTED_EDGE ( 'NONE', *, *, #8050, .F. ) ;
#3188 = CARTESIAN_POINT ( 'NONE',  ( -20.87844544752078946, 1.079949199897997758, 14.37751771673047152 ) ) ;
#3189 = CARTESIAN_POINT ( 'NONE',  ( 20.87844544752080012, 2.079949199898003975, -14.37751771673046086 ) ) ;
#3190 = ORIENTED_EDGE ( 'NONE', *, *, #5059, .T. ) ;
#3191 = CARTESIAN_POINT ( 'NONE',  ( -25.79048925594346642, 1.079949199897997536, 3.833790708070784259 ) ) ;
#3192 = CARTESIAN_POINT ( 'NONE',  ( -3.485323624201534631, -0.5200508001019787940, 10.71957270515917315 ) ) ;
#3193 = CARTESIAN_POINT ( 'NONE',  ( 0.4590931157739645552, 0.6799491998980070617, 12.68040788526043272 ) ) ;
#3194 = CARTESIAN_POINT ( 'NONE',  ( 14.60922980755963785, 1.797685283666712541, -21.12974311807651517 ) ) ;
#3195 = CARTESIAN_POINT ( 'NONE',  ( 15.98116231891037664, 1.212527845885297495, -18.23241880802946113 ) ) ;
#3196 = ADVANCED_FACE ( 'NONE', ( #6035 ), #9122, .F. ) ;
#3197 = CYLINDRICAL_SURFACE ( 'NONE', #6472, 5.324999999999996625 ) ;
#3198 = CARTESIAN_POINT ( 'NONE',  ( -20.85023272854534682, 80.31423269831148559, -15.37711965874913034 ) ) ;
#3199 = DIRECTION ( 'NONE',  ( 0.000000000000000000, -1.000000000000000000, 0.000000000000000000 ) ) ;
#3200 = DIRECTION ( 'NONE',  ( 0.000000000000000000, -1.000000000000000000, 0.000000000000000000 ) ) ;
#3201 = ORIENTED_EDGE ( 'NONE', *, *, #2132, .F. ) ;
#3202 = CARTESIAN_POINT ( 'NONE',  ( -10.24922251997924860, 0.000000000000000000, -23.15217264361944771 ) ) ;
#3203 = ORIENTED_EDGE ( 'NONE', *, *, #5237, .T. ) ;
#3204 = FACE_OUTER_BOUND ( 'NONE', #4108, .T. ) ;
#3205 = CARTESIAN_POINT ( 'NONE',  ( 15.15685912178876649, 0.000000000000000000, -20.79683650938152084 ) ) ;
#3206 = CARTESIAN_POINT ( 'NONE',  ( 9.814615914711229294, 0.6799491998980070617, -6.345058168067449600 ) ) ;
#3207 = VERTEX_POINT ( 'NONE', #3709 ) ;
#3208 = CARTESIAN_POINT ( 'NONE',  ( 2.689700347838582584, -0.3200508001019800042, -8.153785073498390545 ) ) ;
#3209 = EDGE_CURVE ( 'NONE', #5690, #292, #4096, .T. ) ;
#3210 = CARTESIAN_POINT ( 'NONE',  ( 15.34960519005542068, 2.048024058461393793, 17.84199059450997993 ) ) ;
#3211 = CARTESIAN_POINT ( 'NONE',  ( 15.56356026986425789, 1.954235465720777443, -17.95787383774524670 ) ) ;
#3212 = CARTESIAN_POINT ( 'NONE',  ( -3.580050578086058088, -0.5200508001019926718, 8.757862307282868741 ) ) ;
#3213 = ADVANCED_FACE ( 'NONE', ( #6273 ), #5142, .F. ) ;
#3214 = CARTESIAN_POINT ( 'NONE',  ( 4.113938549398900690, 0.6799491998980070617, -9.641571661593468789 ) ) ;
#3215 = CARTESIAN_POINT ( 'NONE',  ( -20.87844544752078946, 0.000000000000000000, 14.37751771673047152 ) ) ;
#3216 = LINE ( 'NONE', #180, #2389 ) ;
#3217 = CARTESIAN_POINT ( 'NONE',  ( -14.68284181377946673, 0.000000000000000000, 20.03142652189907125 ) ) ;
#3218 = EDGE_CURVE ( 'NONE', #5710, #6287, #4556, .T. ) ;
#3219 = CARTESIAN_POINT ( 'NONE',  ( 25.58260031277892566, 1.079949199897997758, -5.377185068915361299 ) ) ;
#3220 = ORIENTED_EDGE ( 'NONE', *, *, #3601, .T. ) ;
#3221 = DIRECTION ( 'NONE',  ( 0.000000000000000000, 1.000000000000000000, 0.000000000000000000 ) ) ;
#3222 = FACE_OUTER_BOUND ( 'NONE', #779, .T. ) ;
#3223 = ORIENTED_EDGE ( 'NONE', *, *, #7483, .F. ) ;
#3224 = LINE ( 'NONE', #1663, #1884 ) ;
#3225 = CARTESIAN_POINT ( 'NONE',  ( -2.960152721433184642, 0.6799491998980070617, -8.271773131926165590 ) ) ;
#3226 = CARTESIAN_POINT ( 'NONE',  ( 0.000000000000000000, 0.000000000000000000, 0.000000000000000000 ) ) ;
#3227 = ORIENTED_EDGE ( 'NONE', *, *, #8384, .F. ) ;
#3228 = CARTESIAN_POINT ( 'NONE',  ( 15.95735280130808675, 2.079949199897991985, 18.26605442319836570 ) ) ;
#3229 = ORIENTED_EDGE ( 'NONE', *, *, #6117, .T. ) ;
#3230 = CARTESIAN_POINT ( 'NONE',  ( 0.5694618571381547811, 3.379949199898008239, -6.130601451594168694 ) ) ;
#3231 = ORIENTED_EDGE ( 'NONE', *, *, #1915, .T. ) ;
#3232 = CARTESIAN_POINT ( 'NONE',  ( -15.76490860317139919, 1.711463528050510829, 18.14994630063330661 ) ) ;
#3233 = CARTESIAN_POINT ( 'NONE',  ( 27.39338558896949394, 0.000000000000000000, 1.876892258793266821 ) ) ;
#3234 = VERTEX_POINT ( 'NONE', #4456 ) ;
#3235 = CARTESIAN_POINT ( 'NONE',  ( -7.087384213792367049, 0.6799491998980070617, 4.352072556692482053 ) ) ;
#3236 = ADVANCED_FACE ( 'NONE', ( #3785 ), #8119, .T. ) ;
#3237 = CARTESIAN_POINT ( 'NONE',  ( -4.157332302906002752, 2.079949199898003975, 24.60120094879952646 ) ) ;
#3238 = CARTESIAN_POINT ( 'NONE',  ( 2.829640826375902307, 0.6799491998979201313, 10.95775319399295178 ) ) ;
#3239 = CARTESIAN_POINT ( 'NONE',  ( 15.76930895782870756, 1.742224035040142116, -18.10268920298211981 ) ) ;
#3240 = SURFACE_STYLE_USAGE ( .BOTH. , #2463 ) ;
#3241 = CARTESIAN_POINT ( 'NONE',  ( -15.89407351279819380, 1.524610008603874967, 18.17909156666640413 ) ) ;
#3242 = AXIS2_PLACEMENT_3D ( 'NONE', #4395, #2927, #5989 ) ;
#3243 = CARTESIAN_POINT ( 'NONE',  ( 14.40813922126655378, 1.079949199898004197, -19.61364848793045113 ) ) ;
#3244 = CARTESIAN_POINT ( 'NONE',  ( -6.916078164492592606, 0.6799491998980041751, 4.785527183007433294 ) ) ;
#3245 = VERTEX_POINT ( 'NONE', #51 ) ;
#3246 = DIRECTION ( 'NONE',  ( 0.000000000000000000, -1.000000000000000000, 0.000000000000000000 ) ) ;
#3247 = ORIENTED_EDGE ( 'NONE', *, *, #4956, .F. ) ;
#3248 = CARTESIAN_POINT ( 'NONE',  ( 0.000000000000000000, 0.000000000000000000, 0.000000000000000000 ) ) ;
#3249 = DIRECTION ( 'NONE',  ( 0.000000000000000000, 1.000000000000000000, -0.000000000000000000 ) ) ;
#3250 = CARTESIAN_POINT ( 'NONE',  ( 10.90413542333555164, 0.6799491998980070617, -2.908902778254633059 ) ) ;
#3251 = ORIENTED_EDGE ( 'NONE', *, *, #4570, .T. ) ;
#3252 = AXIS2_PLACEMENT_3D ( 'NONE', #7905, #1168, #7167 ) ;
#3253 = CARTESIAN_POINT ( 'NONE',  ( -10.47561168127175613, -0.3200508001019800042, -5.573215990363257433 ) ) ;
#3254 = EDGE_CURVE ( 'NONE', #4581, #5011, #7519, .T. ) ;
#3255 = CARTESIAN_POINT ( 'NONE',  ( 15.39829085251585994, 2.028790675539096533, 17.88323232520570727 ) ) ;
#3256 = CARTESIAN_POINT ( 'NONE',  ( 15.99407193982682607, 1.079949199898025292, -18.20803970888895051 ) ) ;
#3257 = CARTESIAN_POINT ( 'NONE',  ( -4.533753329157106826, -0.5200508001019926718, 5.764797885261547350 ) ) ;
#3258 = CIRCLE ( 'NONE', #8453, 3.800000000000001155 ) ;
#3259 = CARTESIAN_POINT ( 'NONE',  ( 6.443896577535401349, 0.6799491998980071727, -9.600867707572295018 ) ) ;
#3260 = ADVANCED_FACE ( 'NONE', ( #3643 ), #6664, .T. ) ;
#3261 = CARTESIAN_POINT ( 'NONE',  ( 10.02538718874732027, 2.079949199898003975, 22.76447847739673946 ) ) ;
#3262 = DIRECTION ( 'NONE',  ( 0.000000000000000000, 0.000000000000000000, -1.000000000000000000 ) ) ;
#3263 = CARTESIAN_POINT ( 'NONE',  ( 4.157332302905997423, 3.379949199898004686, 27.40120094879952362 ) ) ;
#3264 = CARTESIAN_POINT ( 'NONE',  ( 25.58260031277892566, 0.000000000000000000, -5.377185068915361299 ) ) ;
#3265 = VECTOR ( 'NONE', #7565, 1000.000000000000000 ) ;
#3266 = ORIENTED_EDGE ( 'NONE', *, *, #1412, .F. ) ;
#3267 = FACE_OUTER_BOUND ( 'NONE', #8643, .T. ) ;
#3268 = FACE_OUTER_BOUND ( 'NONE', #8475, .T. ) ;
#3269 = AXIS2_PLACEMENT_3D ( 'NONE', #8612, #8716, #6320 ) ;
#3270 = CARTESIAN_POINT ( 'NONE',  ( -26.89999218718995522, 3.379949199898004242, -0.02028309486429660108 ) ) ;
#3271 = CARTESIAN_POINT ( 'NONE',  ( -4.211161881094176884, 0.6799491998980070617, -9.655633237225902832 ) ) ;
#3272 = ADVANCED_FACE ( 'NONE', ( #842 ), #7834, .F. ) ;
#3273 = AXIS2_PLACEMENT_3D ( 'NONE', #1089, #8566, #9394 ) ;
#3274 = DIRECTION ( 'NONE',  ( 0.000000000000000000, 1.000000000000000000, -0.000000000000000000 ) ) ;
#3275 = VECTOR ( 'NONE', #898, 1000.000000000000000 ) ;
#3276 = ADVANCED_FACE ( 'NONE', ( #2995 ), #6167, .F. ) ;
#3277 = VERTEX_POINT ( 'NONE', #1862 ) ;
#3278 = CARTESIAN_POINT ( 'NONE',  ( 15.60499020787823810, 1.079949199897995760, 18.66598674808184910 ) ) ;
#3279 = VERTEX_POINT ( 'NONE', #8748 ) ;
#3280 = CARTESIAN_POINT ( 'NONE',  ( 6.989970937829329323, -0.5200508001019926718, -7.140352645419697275 ) ) ;
#3281 = VECTOR ( 'NONE', #4693, 1000.000000000000000 ) ;
#3282 = AXIS2_PLACEMENT_3D ( 'NONE', #8686, #1947, #4928 ) ;
#3283 = CARTESIAN_POINT ( 'NONE',  ( -15.94893020610286705, 1.245590011805522757, 18.27803342811786180 ) ) ;
#3284 = DIRECTION ( 'NONE',  ( 0.000000000000000000, -1.000000000000000000, 0.000000000000000000 ) ) ;
#3285 = VERTEX_POINT ( 'NONE', #4897 ) ;
#3286 = CARTESIAN_POINT ( 'NONE',  ( -7.320565854783226634, 0.6799491998980070617, 3.951175373130366264 ) ) ;
#3287 = AXIS2_PLACEMENT_3D ( 'NONE', #4575, #762, #2961 ) ;
#3288 = AXIS2_PLACEMENT_3D ( 'NONE', #3026, #5385, #2288 ) ;
#3289 = CARTESIAN_POINT ( 'NONE',  ( 4.909909360775394305, -0.5200508001019787940, 8.996455854620910131 ) ) ;
#3290 = CARTESIAN_POINT ( 'NONE',  ( -0.5375158483694950640, 0.6799491998980070617, 12.68366785737943481 ) ) ;
#3291 = CARTESIAN_POINT ( 'NONE',  ( 15.34562715068256011, 2.048013504241045002, -17.84813286723885284 ) ) ;
#3292 = EDGE_CURVE ( 'NONE', #3577, #9288, #101, .T. ) ;
#3293 = CARTESIAN_POINT ( 'NONE',  ( 7.125189034579856973, 3.379949199898004242, 3.048635960803335987 ) ) ;
#3294 = CIRCLE ( 'NONE', #8491, 1.199999999999999734 ) ;
#3295 = DIRECTION ( 'NONE',  ( 0.000000000000000000, 0.000000000000000000, -1.000000000000000000 ) ) ;
#3296 = CARTESIAN_POINT ( 'NONE',  ( -5.576561991429053400, 0.6799491998980067287, 9.753254145874640457 ) ) ;
#3297 = CIRCLE ( 'NONE', #4547, 5.325000000000003730 ) ;
#3298 = ORIENTED_EDGE ( 'NONE', *, *, #7304, .F. ) ;
#3299 = CARTESIAN_POINT ( 'NONE',  ( 20.70000000000011653, 1.079949199897997758, 20.69999999999988916 ) ) ;
#3300 = ORIENTED_EDGE ( 'NONE', *, *, #9718, .T. ) ;
#3301 = ORIENTED_EDGE ( 'NONE', *, *, #3932, .F. ) ;
#3302 = CARTESIAN_POINT ( 'NONE',  ( -25.57847377632324282, 1.079949199897997758, 5.403601811366237406 ) ) ;
#3303 = CARTESIAN_POINT ( 'NONE',  ( -20.70000000000011298, 1.079949199897997758, -20.69999999999989271 ) ) ;
#3304 = VECTOR ( 'NONE', #6953, 1000.000000000000000 ) ;
#3305 = CARTESIAN_POINT ( 'NONE',  ( 10.10758163445689739, -0.3200508001019938820, -0.06303003614754605632 ) ) ;
#3306 = ORIENTED_EDGE ( 'NONE', *, *, #8184, .T. ) ;
#3307 = CARTESIAN_POINT ( 'NONE',  ( 8.097978119328097080, 1.089999706236839616, -18.18881143845984028 ) ) ;
#3308 = EDGE_CURVE ( 'NONE', #5663, #7030, #2806, .T. ) ;
#3309 = CARTESIAN_POINT ( 'NONE',  ( 15.89407243975863793, 1.524610176019723484, 18.17909341486479136 ) ) ;
#3310 = CARTESIAN_POINT ( 'NONE',  ( 15.20248516476669209, 2.079949199898004419, -17.75803351478750258 ) ) ;
#3311 = DIRECTION ( 'NONE',  ( 0.000000000000000000, 0.000000000000000000, -1.000000000000000000 ) ) ;
#3312 = CIRCLE ( 'NONE', #8826, 0.9999999999999998890 ) ;
#3313 = CARTESIAN_POINT ( 'NONE',  ( 2.991071800134498027, 0.6799491998980069507, -9.362644127349389223 ) ) ;
#3314 = DIRECTION ( 'NONE',  ( -0.000000000000000000, -1.000000000000000000, -0.000000000000000000 ) ) ;
#3315 = ORIENTED_EDGE ( 'NONE', *, *, #9236, .F. ) ;
#3316 = CARTESIAN_POINT ( 'NONE',  ( 15.75093465828337358, 1.774951367810245983, 18.06688908189524057 ) ) ;
#3317 = DIRECTION ( 'NONE',  ( 0.000000000000000000, -1.000000000000000000, 0.000000000000000000 ) ) ;
#3318 = AXIS2_PLACEMENT_3D ( 'NONE', #8746, #5644, #7961 ) ;
#3319 = CARTESIAN_POINT ( 'NONE',  ( 14.88316527472231954, 0.9899745999489978354, -20.87839693420014697 ) ) ;
#3320 = VERTEX_POINT ( 'NONE', #7130 ) ;
#3321 = EDGE_CURVE ( 'NONE', #8731, #5522, #387, .T. ) ;
#3322 = FACE_OUTER_BOUND ( 'NONE', #7393, .T. ) ;
#3323 = CARTESIAN_POINT ( 'NONE',  ( -5.287689757460261042, -0.5200508001019926718, 3.059931812852650257 ) ) ;
#3324 = CARTESIAN_POINT ( 'NONE',  ( -2.291449584381258120, 0.6799491998979966256, -7.942341991182539473 ) ) ;
#3325 = AXIS2_PLACEMENT_3D ( 'NONE', #9215, #4178, #1800 ) ;
#3326 = CARTESIAN_POINT ( 'NONE',  ( -14.47793423166683624, 3.379949199898008239, 21.44763243253714435 ) ) ;
#3327 = ORIENTED_EDGE ( 'NONE', *, *, #9177, .T. ) ;
#3328 = CARTESIAN_POINT ( 'NONE',  ( 15.94642551367910244, 1.079949199897965784, 18.28155653063271657 ) ) ;
#3329 = ORIENTED_EDGE ( 'NONE', *, *, #5251, .T. ) ;
#3330 = CARTESIAN_POINT ( 'NONE',  ( 2.920897971626200906, -0.5200508001019926718, -6.917992696493579174 ) ) ;
#3331 = EDGE_CURVE ( 'NONE', #526, #3589, #2449, .T. ) ;
#3332 = CARTESIAN_POINT ( 'NONE',  ( 15.12982751433699669, 2.079949199897994205, -17.70423835191318673 ) ) ;
#3333 = CARTESIAN_POINT ( 'NONE',  ( -9.799999999999997158, 2.079949199898003975, -22.22652707358078317 ) ) ;
#3334 = ORIENTED_EDGE ( 'NONE', *, *, #7799, .T. ) ;
#3335 = DIRECTION ( 'NONE',  ( -0.000000000000000000, -1.000000000000000000, -0.000000000000000000 ) ) ;
#3336 = ADVANCED_FACE ( 'NONE', ( #9381 ), #1178, .F. ) ;
#3337 = CARTESIAN_POINT ( 'NONE',  ( 5.729239850272191070, -0.5200508001019787940, 6.171010827325489778 ) ) ;
#3338 = CARTESIAN_POINT ( 'NONE',  ( 1.070264977097320713, 0.6799491998980070617, 11.59522676967527843 ) ) ;
#3339 = ORIENTED_EDGE ( 'NONE', *, *, #8697, .T. ) ;
#3340 = CARTESIAN_POINT ( 'NONE',  ( -11.61389763014318177, 2.079949199898003975, -4.199985932899493513 ) ) ;
#3341 = CARTESIAN_POINT ( 'NONE',  ( -13.58412716904566153, 1.079949199898004197, 21.12839693420013631 ) ) ;
#3342 = CARTESIAN_POINT ( 'NONE',  ( 25.57847377689379442, 1.079949199897997758, 5.403601807681492453 ) ) ;
#3343 = LINE ( 'NONE', #1148, #6467 ) ;
#3344 = CARTESIAN_POINT ( 'NONE',  ( 11.32525383520023610, 0.6799491998980073948, -0.2428525930808225208 ) ) ;
#3345 = ORIENTED_EDGE ( 'NONE', *, *, #772, .F. ) ;
#3346 = DIRECTION ( 'NONE',  ( 0.000000000000000000, 0.000000000000000000, -1.000000000000000000 ) ) ;
#3347 = CARTESIAN_POINT ( 'NONE',  ( -25.55438739263264480, 1.079949199897997758, 5.559163569605379607 ) ) ;
#3348 = DIRECTION ( 'NONE',  ( -0.000000000000000000, 1.000000000000000000, 0.000000000000000000 ) ) ;
#3349 = CARTESIAN_POINT ( 'NONE',  ( 11.70732481776144951, 0.6799491998980070617, -1.355373960474866690 ) ) ;
#3350 = EDGE_LOOP ( 'NONE', ( #7045, #1495, #5648, #7722 ) ) ;
#3351 = DIRECTION ( 'NONE',  ( -0.000000000000000000, 1.000000000000000000, -0.000000000000000000 ) ) ;
#3352 = CARTESIAN_POINT ( 'NONE',  ( 10.02538718874732027, 1.079949199897997758, 22.76447847739673946 ) ) ;
#3353 = CARTESIAN_POINT ( 'NONE',  ( 0.000000000000000000, 2.079949199898003975, 0.000000000000000000 ) ) ;
#3354 = CARTESIAN_POINT ( 'NONE',  ( 4.365579562741126907, 3.379949199898008239, 7.215318816427793713 ) ) ;
#3355 = CARTESIAN_POINT ( 'NONE',  ( -10.31303906501071843, 0.6799491998980071727, 1.356552936093342820 ) ) ;
#3356 = EDGE_CURVE ( 'NONE', #3552, #7179, #8302, .T. ) ;
#3357 = LINE ( 'NONE', #1059, #5837 ) ;
#3358 = CARTESIAN_POINT ( 'NONE',  ( -5.739350654412692876, -0.3200508001019928828, 5.657614297145364013 ) ) ;
#3359 = DIRECTION ( 'NONE',  ( 0.000000000000000000, 0.000000000000000000, 1.000000000000000000 ) ) ;
#3360 = CARTESIAN_POINT ( 'NONE',  ( -10.02538718874729540, 0.000000000000000000, 22.26447847739669328 ) ) ;
#3361 = CARTESIAN_POINT ( 'NONE',  ( 5.642665651958676420, -0.5200508001019920057, 7.058521496858927158 ) ) ;
#3362 = DIRECTION ( 'NONE',  ( 0.000000000000000000, 0.000000000000000000, -1.000000000000000000 ) ) ;
#3363 = CARTESIAN_POINT ( 'NONE',  ( -17.23131124203197473, 3.379949199898008239, 18.86320297791349176 ) ) ;
#3364 = CARTESIAN_POINT ( 'NONE',  ( -5.297048704471366776, -0.5200508001019926718, 3.043721878631140410 ) ) ;
#3365 = ORIENTED_EDGE ( 'NONE', *, *, #3881, .T. ) ;
#3366 = CARTESIAN_POINT ( 'NONE',  ( 1.470319092392748939, -0.3200508001019938820, -7.567124082299042875 ) ) ;
#3367 = CARTESIAN_POINT ( 'NONE',  ( 1.905255239212023222, 22.26046457370629739, 1.099999625233993639 ) ) ;
#3368 = EDGE_LOOP ( 'NONE', ( #6206, #8795, #865, #4688, #7459 ) ) ;
#3369 = CARTESIAN_POINT ( 'NONE',  ( -14.00444113029843862, 2.079949199897995982, -21.43236723118280906 ) ) ;
#3370 = ORIENTED_EDGE ( 'NONE', *, *, #6025, .F. ) ;
#3371 = CARTESIAN_POINT ( 'NONE',  ( -5.655349254814801441, -0.5200508001019926718, -7.497403415679475991 ) ) ;
#3372 = ORIENTED_EDGE ( 'NONE', *, *, #2480, .T. ) ;
#3373 = B_SPLINE_CURVE_WITH_KNOTS ( 'NONE', 3,
 ( #8494, #6833, #3959, #7017 ),
 .UNSPECIFIED., .F., .F.,
 ( 4, 4 ),
 ( 0.000000000000000000, 0.0004762444883921861929 ),
 .UNSPECIFIED. ) ;
#3374 = FACE_OUTER_BOUND ( 'NONE', #3350, .T. ) ;
#3375 = CARTESIAN_POINT ( 'NONE',  ( 14.00000000000000355, 0.000000000000000000, 25.49999999999999645 ) ) ;
#3376 = EDGE_LOOP ( 'NONE', ( #1890, #8976, #9139, #496 ) ) ;
#3377 = CARTESIAN_POINT ( 'NONE',  ( -9.822452760969840213, -0.3200508001019938820, 0.3610237309568606334 ) ) ;
#3378 = EDGE_CURVE ( 'NONE', #9209, #2706, #6500, .T. ) ;
#3379 = DIRECTION ( 'NONE',  ( -0.9898410245014288567, 0.000000000000000000, 0.1421785715709708298 ) ) ;
#3380 =( BOUNDED_SURFACE ( )  B_SPLINE_SURFACE ( 3, 2, ( 
 ( #765, #7456, #6033 ),
 ( #3707, #9712, #860 ),
 ( #2965, #8926, #5980 ),
 ( #3849, #112, #8978 ) ),
 .UNSPECIFIED., .F., .F., .T. ) 
 B_SPLINE_SURFACE_WITH_KNOTS ( ( 4, 4 ),
 ( 3, 3 ),
 ( 0.000000000000000000, 0.0005100135469152835936 ),
 ( 0.000000000000000000, 1.000000000000000000 ),
 .UNSPECIFIED. ) 
 GEOMETRIC_REPRESENTATION_ITEM ( )  RATIONAL_B_SPLINE_SURFACE ( (
 ( 1.000000000000000000, 0.7071067811865480168, 1.000000000000000000),
 ( 1.000000000000000000, 0.7071067811865480168, 1.000000000000000000),
 ( 1.000000000000000000, 0.7071067811865483499, 1.000000000000000000),
 ( 1.000000000000000000, 0.7071067811865483499, 1.000000000000000000) ) ) 
 REPRESENTATION_ITEM ( '' )  SURFACE ( )  );
#3381 = CARTESIAN_POINT ( 'NONE',  ( -3.845959217286207377, 0.6799491998980070617, 10.22458817946321474 ) ) ;
#3382 = ORIENTED_EDGE ( 'NONE', *, *, #8421, .F. ) ;
#3383 = CARTESIAN_POINT ( 'NONE',  ( 15.66005381428471210, 1.879914448147396611, -18.01408863263339200 ) ) ;
#3384 = CARTESIAN_POINT ( 'NONE',  ( 5.935450367472893340, 1.079949199898004197, 18.77413015718396849 ) ) ;
#3385 = CARTESIAN_POINT ( 'NONE',  ( 11.61396751768383417, 1.079949199898004197, 4.199792673238191831 ) ) ;
#3386 = CARTESIAN_POINT ( 'NONE',  ( 4.018872235270290361, -0.5200508001019926718, 8.079400182518030604 ) ) ;
#3387 = CARTESIAN_POINT ( 'NONE',  ( 10.12095088678313104, 0.6799491998980070617, -7.534164092150736458 ) ) ;
#3388 = ORIENTED_EDGE ( 'NONE', *, *, #2871, .T. ) ;
#3389 = DIRECTION ( 'NONE',  ( -0.000000000000000000, -1.000000000000000000, -0.000000000000000000 ) ) ;
#3390 = VECTOR ( 'NONE', #6386, 1000.000000000000000 ) ;
#3391 = ADVANCED_FACE ( 'NONE', ( #3530 ), #9436, .F. ) ;
#3392 = CARTESIAN_POINT ( 'NONE',  ( -15.73057721257954356, 1.079949199897994427, 18.54168371152114503 ) ) ;
#3393 = DIRECTION ( 'NONE',  ( -0.000000000000000000, -1.000000000000000000, -0.000000000000000000 ) ) ;
#3394 = CARTESIAN_POINT ( 'NONE',  ( 10.89034548974399996, -0.3200508001019938820, -2.578381252919947908 ) ) ;
#3395 = ORIENTED_EDGE ( 'NONE', *, *, #6088, .F. ) ;
#3396 = LINE ( 'NONE', #4920, #2704 ) ;
#3397 = CIRCLE ( 'NONE', #5448, 14.00000000000000000 ) ;
#3398 = CARTESIAN_POINT ( 'NONE',  ( -5.287689757460261042, 80.31423269831148559, 3.059931812852650257 ) ) ;
#3399 = CARTESIAN_POINT ( 'NONE',  ( 15.33031030411756745, 2.049369383983471238, -17.84647529003240507 ) ) ;
#3400 = CARTESIAN_POINT ( 'NONE',  ( 3.772336338493393004, -0.5200508001019926718, 8.477862938623330180 ) ) ;
#3401 = ORIENTED_EDGE ( 'NONE', *, *, #5324, .F. ) ;
#3402 = CARTESIAN_POINT ( 'NONE',  ( -26.96161968753904858, 1.694065894508600678E-18, -5.620435433936790126 ) ) ;
#3403 = FACE_OUTER_BOUND ( 'NONE', #743, .T. ) ;
#3404 = CARTESIAN_POINT ( 'NONE',  ( -15.95879998146672207, 2.079949199897990653, 18.26397185512229981 ) ) ;
#3405 = DIRECTION ( 'NONE',  ( -1.734723475976805517E-15, 0.000000000000000000, -1.000000000000000000 ) ) ;
#3406 = CARTESIAN_POINT ( 'NONE',  ( 15.79238491393695298, 1.721887158040813715, 18.09095318820024900 ) ) ;
#3407 = CYLINDRICAL_SURFACE ( 'NONE', #2632, 0.5000000000000004441 ) ;
#3408 = CARTESIAN_POINT ( 'NONE',  ( -5.476015229643349969, -0.5200508001019920057, 7.780583377464346029 ) ) ;
#3409 = CARTESIAN_POINT ( 'NONE',  ( 15.03921059094773049, 2.079949199897931589, -17.81335834056946865 ) ) ;
#3410 = EDGE_CURVE ( 'NONE', #1250, #4869, #5799, .T. ) ;
#3411 = CARTESIAN_POINT ( 'NONE',  ( -14.47793423166683624, 3.379949199898008239, 21.44763243253714435 ) ) ;
#3412 = EDGE_CURVE ( 'NONE', #3612, #8586, #587, .T. ) ;
#3413 = CARTESIAN_POINT ( 'NONE',  ( -15.71592509016972095, 2.081668171172170091E-14, 18.55396952954406942 ) ) ;
#3414 = AXIS2_PLACEMENT_3D ( 'NONE', #9133, #1807, #4778 ) ;
#3415 = ORIENTED_EDGE ( 'NONE', *, *, #9036, .T. ) ;
#3416 = CARTESIAN_POINT ( 'NONE',  ( 1.924403931519420130, 0.6799491998980070617, -8.881020663766006962 ) ) ;
#3417 = CIRCLE ( 'NONE', #2951, 1.000000000000000888 ) ;
#3418 = CARTESIAN_POINT ( 'NONE',  ( -13.37653562345046332, 3.379949199898008239, 21.62483327182261306 ) ) ;
#3419 = ORIENTED_EDGE ( 'NONE', *, *, #5412, .F. ) ;
#3420 = DIRECTION ( 'NONE',  ( -0.5494051850258234726, 0.000000000000000000, 0.8355560679372395771 ) ) ;
#3421 = ORIENTED_EDGE ( 'NONE', *, *, #3630, .T. ) ;
#3422 = CARTESIAN_POINT ( 'NONE',  ( -8.510433283146241479, 3.379949199898008239, -6.052744283897530941 ) ) ;
#3423 = ADVANCED_FACE ( 'NONE', ( #2064 ), #3967, .T. ) ;
#3424 = ORIENTED_EDGE ( 'NONE', *, *, #9389, .T. ) ;
#3425 = CARTESIAN_POINT ( 'NONE',  ( -15.25611202396140698, 2.068634187218483689, 17.79470432707818617 ) ) ;
#3426 = CARTESIAN_POINT ( 'NONE',  ( 27.39338558896949394, 0.000000000000000000, 1.876892258793266821 ) ) ;
#3427 = ORIENTED_EDGE ( 'NONE', *, *, #1478, .T. ) ;
#3428 = CARTESIAN_POINT ( 'NONE',  ( -8.717287828867950950, -0.3200508001019938820, 1.518963747891110216 ) ) ;
#3429 = AXIS2_PLACEMENT_3D ( 'NONE', #9530, #9428, #2108 ) ;
#3430 = EDGE_CURVE ( 'NONE', #9493, #397, #3679, .T. ) ;
#3431 = CARTESIAN_POINT ( 'NONE',  ( -25.57846459574471254, 1.079949199897932033, 5.403661104847956587 ) ) ;
#3432 = AXIS2_PLACEMENT_3D ( 'NONE', #4289, #4430, #1988 ) ;
#3433 = CARTESIAN_POINT ( 'NONE',  ( -5.718825295152839772, -0.3200508001019938820, 6.327777838905622509 ) ) ;
#3434 = CIRCLE ( 'NONE', #2495, 0.5000000000000004441 ) ;
#3435 = ORIENTED_EDGE ( 'NONE', *, *, #2828, .T. ) ;
#3436 = CARTESIAN_POINT ( 'NONE',  ( 24.95935652992820053, 2.079949199897994649, -1.761265030444633339 ) ) ;
#3437 = CARTESIAN_POINT ( 'NONE',  ( -10.87068093809725156, -0.3200508001019928273, -2.360540270978566557 ) ) ;
#3438 = DIRECTION ( 'NONE',  ( 0.000000000000000000, 0.000000000000000000, -1.000000000000000000 ) ) ;
#3439 = EDGE_CURVE ( 'NONE', #531, #4528, #9728, .T. ) ;
#3440 = CARTESIAN_POINT ( 'NONE',  ( 0.5586644748183475784, -0.5200508001019926718, 10.46950181792838208 ) ) ;
#3441 = CARTESIAN_POINT ( 'NONE',  ( 11.79020641051971552, 0.6799491998980070617, -1.736633825309278789 ) ) ;
#3442 = ORIENTED_EDGE ( 'NONE', *, *, #618, .T. ) ;
#3443 = CARTESIAN_POINT ( 'NONE',  ( 15.39735915068139782, -2.081668171172168829E-14, -18.86164299680538292 ) ) ;
#3444 = AXIS2_PLACEMENT_3D ( 'NONE', #215, #4081, #4763 ) ;
#3445 = AXIS2_PLACEMENT_3D ( 'NONE', #720, #7495, #4434 ) ;
#3446 = DIRECTION ( 'NONE',  ( -0.000000000000000000, -1.000000000000000000, -0.000000000000000000 ) ) ;
#3447 = DIRECTION ( 'NONE',  ( 0.4999999999999946154, 0.000000000000000000, -0.8660254037844418162 ) ) ;
#3448 = CARTESIAN_POINT ( 'NONE',  ( 8.937489113514930139, 0.6799491998980070617, 1.334291762078426036 ) ) ;
#3449 = VERTEX_POINT ( 'NONE', #3721 ) ;
#3450 = DIRECTION ( 'NONE',  ( 0.000000000000000000, 0.000000000000000000, 1.000000000000000000 ) ) ;
#3451 = AXIS2_PLACEMENT_3D ( 'NONE', #8630, #1898, #4877 ) ;
#3452 = AXIS2_PLACEMENT_3D ( 'NONE', #7604, #6040, #9127 ) ;
#3453 = CARTESIAN_POINT ( 'NONE',  ( -6.902021880671902920, -0.01004049788285018771, -11.00611445143712608 ) ) ;
#3454 = EDGE_CURVE ( 'NONE', #3635, #5494, #7430, .T. ) ;
#3455 = DIRECTION ( 'NONE',  ( 0.000000000000000000, 0.000000000000000000, -1.000000000000000000 ) ) ;
#3456 = CARTESIAN_POINT ( 'NONE',  ( 6.276258032944415532, -0.5200508001019926718, 1.795969015902686872 ) ) ;
#3457 = CARTESIAN_POINT ( 'NONE',  ( -17.10079925302489556, 1.913834247260198795, -19.07388644559624424 ) ) ;
#3458 = VERTEX_POINT ( 'NONE', #1564 ) ;
#3459 = CARTESIAN_POINT ( 'NONE',  ( -10.97829219817029056, 0.6799491998980069507, 0.4328087339964392100 ) ) ;
#3460 = EDGE_CURVE ( 'NONE', #4975, #5467, #293, .T. ) ;
#3461 = VECTOR ( 'NONE', #8347, 1000.000000000000000 ) ;
#3462 = CIRCLE ( 'NONE', #6304, 0.9999999999999994449 ) ;
#3463 = DIRECTION ( 'NONE',  ( 0.000000000000000000, 0.000000000000000000, -1.000000000000000000 ) ) ;
#3464 = CARTESIAN_POINT ( 'NONE',  ( -15.14015793835521428, 2.079949199897994205, 17.68965034170480877 ) ) ;
#3465 = DIRECTION ( 'NONE',  ( 0.4999999999999945044, -0.000000000000000000, 0.8660254037844419273 ) ) ;
#3466 = EDGE_LOOP ( 'NONE', ( #3247, #7887, #6706, #5469 ) ) ;
#3467 = CARTESIAN_POINT ( 'NONE',  ( 15.97595507349534572, 1.322199054060492873, 18.19743652645159671 ) ) ;
#3468 = CARTESIAN_POINT ( 'NONE',  ( -26.13167422844647803, 2.079949199940637872, 1.830760310263677137 ) ) ;
#3469 = DIRECTION ( 'NONE',  ( 2.312964634635740689E-15, 0.000000000000000000, -1.000000000000000000 ) ) ;
#3470 = VERTEX_POINT ( 'NONE', #7511 ) ;
#3471 = CIRCLE ( 'NONE', #963, 27.75000000000000355 ) ;
#3472 = CARTESIAN_POINT ( 'NONE',  ( 9.799999999999995381, 0.000000000000000000, -22.22652707358070856 ) ) ;
#3473 = LINE ( 'NONE', #1271, #8943 ) ;
#3474 = ORIENTED_EDGE ( 'NONE', *, *, #8624, .T. ) ;
#3475 = CARTESIAN_POINT ( 'NONE',  ( 2.269617257239066710, 0.6799491998980070617, -9.058559499129618331 ) ) ;
#3476 = AXIS2_PLACEMENT_3D ( 'NONE', #28, #2327, #6225 ) ;
#3477 = FACE_OUTER_BOUND ( 'NONE', #1121, .T. ) ;
#3478 = ORIENTED_EDGE ( 'NONE', *, *, #5022, .F. ) ;
#3479 = DIRECTION ( 'NONE',  ( 0.000000000000000000, 0.000000000000000000, -1.000000000000000000 ) ) ;
#3480 = VERTEX_POINT ( 'NONE', #8209 ) ;
#3481 = CARTESIAN_POINT ( 'NONE',  ( -3.282954474443377624, -0.5200508001019926718, -7.105951886061734335 ) ) ;
#3482 = AXIS2_PLACEMENT_3D ( 'NONE', #274, #872, #3861 ) ;
#3483 = CARTESIAN_POINT ( 'NONE',  ( 26.13118267955184848, 1.079949199907132451, -1.833602212098248474 ) ) ;
#3484 = CARTESIAN_POINT ( 'NONE',  ( 27.39333754361311435, 0.000000000000000000, -0.9399128949690361834 ) ) ;
#3485 = ORIENTED_EDGE ( 'NONE', *, *, #3937, .F. ) ;
#3486 = CARTESIAN_POINT ( 'NONE',  ( -8.799305442063880989, 0.6799491998980070617, 2.680449522279800156 ) ) ;
#3487 = ORIENTED_EDGE ( 'NONE', *, *, #8128, .T. ) ;
#3488 = EDGE_CURVE ( 'NONE', #8940, #5284, #3633, .T. ) ;
#3489 = CARTESIAN_POINT ( 'NONE',  ( 8.097978119328097080, 2.079949199898024403, -19.89494435489717361 ) ) ;
#3490 = VECTOR ( 'NONE', #2529, 1000.000000000000000 ) ;
#3491 = CARTESIAN_POINT ( 'NONE',  ( -5.574861742593741454, -0.3200508001019938820, 7.334381138371424136 ) ) ;
#3492 = ORIENTED_EDGE ( 'NONE', *, *, #8204, .F. ) ;
#3493 = ORIENTED_EDGE ( 'NONE', *, *, #9325, .F. ) ;
#3494 = CARTESIAN_POINT ( 'NONE',  ( 7.005203456258102257, 3.379949199898008239, 1.205794864782073983 ) ) ;
#3495 = CARTESIAN_POINT ( 'NONE',  ( -10.80138285217556415, -0.3200508001019928273, -4.064675445301146439 ) ) ;
#3496 = FACE_OUTER_BOUND ( 'NONE', #2633, .T. ) ;
#3497 = CARTESIAN_POINT ( 'NONE',  ( 9.634643386017490485, -0.5200508001019926718, -2.176926837662050307 ) ) ;
#3498 = CARTESIAN_POINT ( 'NONE',  ( 6.352543874817919267, 0.6799491998980071727, 8.224054869256031353 ) ) ;
#3499 = EDGE_LOOP ( 'NONE', ( #4795, #2604, #9170, #7976 ) ) ;
#3500 = LINE ( 'NONE', #664, #3776 ) ;
#3501 = FACE_OUTER_BOUND ( 'NONE', #1230, .T. ) ;
#3502 = DIRECTION ( 'NONE',  ( 0.000000000000000000, 1.000000000000000000, -0.000000000000000000 ) ) ;
#3503 = ADVANCED_FACE ( 'NONE', ( #6697 ), #2894, .F. ) ;
#3504 = CARTESIAN_POINT ( 'NONE',  ( 9.525111518316057513, 0.6799491998985603969, 0.7521226211897161784 ) ) ;
#3505 = ORIENTED_EDGE ( 'NONE', *, *, #25, .F. ) ;
#3506 = CARTESIAN_POINT ( 'NONE',  ( 25.57810035232023083, 1.079949199897997758, -5.406252687022702119 ) ) ;
#3507 = CARTESIAN_POINT ( 'NONE',  ( -17.10079925302489556, 1.079949199897997758, -19.62582460135802975 ) ) ;
#3508 = CARTESIAN_POINT ( 'NONE',  ( -4.157332302906001864, 80.31423269831149980, 24.60120094879952291 ) ) ;
#3509 = CARTESIAN_POINT ( 'NONE',  ( 4.441915958985392265, -0.5200508001019926718, 6.907806582042169019 ) ) ;
#3510 = FACE_OUTER_BOUND ( 'NONE', #8913, .T. ) ;
#3511 = ORIENTED_EDGE ( 'NONE', *, *, #2767, .F. ) ;
#3512 = CARTESIAN_POINT ( 'NONE',  ( -10.54999767574569702, 0.6799491998980071727, 1.059895976774052340 ) ) ;
#3513 = CARTESIAN_POINT ( 'NONE',  ( -2.846030702774449139E-15, 1.079949199898004641, 25.19835094939760722 ) ) ;
#3514 = CARTESIAN_POINT ( 'NONE',  ( -15.13310493692684133, 2.079949199897994205, 17.69972239581794327 ) ) ;
#3515 = ADVANCED_FACE ( 'NONE', ( #2294 ), #9700, .T. ) ;
#3516 = DIRECTION ( 'NONE',  ( 0.000000000000000000, 0.000000000000000000, -1.000000000000000000 ) ) ;
#3517 = ORIENTED_EDGE ( 'NONE', *, *, #6766, .T. ) ;
#3518 = CARTESIAN_POINT ( 'NONE',  ( 15.70578499062932210, 1.827196540697500371, 18.04065810963443184 ) ) ;
#3519 = DIRECTION ( 'NONE',  ( -0.000000000000000000, -1.000000000000000000, 0.000000000000000000 ) ) ;
#3520 = CARTESIAN_POINT ( 'NONE',  ( 9.686114566101197809, -0.5200508001019920057, 0.6089246578559808221 ) ) ;
#3521 = LINE ( 'NONE', #2684, #3717 ) ;
#3522 = ADVANCED_FACE ( 'NONE', ( #733 ), #205, .T. ) ;
#3523 = CARTESIAN_POINT ( 'NONE',  ( 10.02538718874732027, 0.000000000000000000, 22.26447847739673591 ) ) ;
#3524 = CARTESIAN_POINT ( 'NONE',  ( -15.39735915068140493, 7.703719777548944814E-30, 18.86164299680539003 ) ) ;
#3525 = EDGE_LOOP ( 'NONE', ( #9683, #4264, #6222, #2919 ) ) ;
#3526 = CARTESIAN_POINT ( 'NONE',  ( 2.630887541532671570, 0.6799491998980070617, -8.121691739771716101 ) ) ;
#3527 = EDGE_CURVE ( 'NONE', #1532, #130, #4000, .T. ) ;
#3528 = CARTESIAN_POINT ( 'NONE',  ( 6.897978119328096902, 0.6799491998980041751, -11.00611445143712253 ) ) ;
#3529 = ORIENTED_EDGE ( 'NONE', *, *, #7610, .T. ) ;
#3530 = FACE_OUTER_BOUND ( 'NONE', #3925, .T. ) ;
#3531 = ORIENTED_EDGE ( 'NONE', *, *, #8394, .F. ) ;
#3532 = CARTESIAN_POINT ( 'NONE',  ( -8.282649775082900234, 3.379949199898008239, -6.284596742491777022 ) ) ;
#3533 = ORIENTED_EDGE ( 'NONE', *, *, #7161, .T. ) ;
#3534 = CARTESIAN_POINT ( 'NONE',  ( -15.55397165527137027, 1.935424509008137672, 18.00321125788173759 ) ) ;
#3535 = VERTEX_POINT ( 'NONE', #6091 ) ;
#3536 = CARTESIAN_POINT ( 'NONE',  ( -9.076264567531913130, -0.3200508001019938820, 1.208371626359775020 ) ) ;
#3537 = CARTESIAN_POINT ( 'NONE',  ( -25.53233870762158730, 1.079949199897991097, 5.717799972173407852 ) ) ;
#3538 = CARTESIAN_POINT ( 'NONE',  ( -1.725197622296378963, 0.6799491998980070617, 12.47195744285909136 ) ) ;
#3539 = ORIENTED_EDGE ( 'NONE', *, *, #5995, .T. ) ;
#3540 = B_SPLINE_CURVE_WITH_KNOTS ( 'NONE', 3,
 ( #2839, #5698, #7324, #7371, #538, #1324, #3413, #9636, #3524, #4301, #5847, #585 ),
 .UNSPECIFIED., .F., .F.,
 ( 4, 2, 2, 2, 2, 4 ),
 ( 0.000000000000000000, 0.0001327169374564273537, 0.0002654338749128547074, 0.0005308677498257015001, 0.001061735499651391508, 0.002123470999302767403 ),
 .UNSPECIFIED. ) ;
#3541 = EDGE_LOOP ( 'NONE', ( #3415, #5197, #7429, #754 ) ) ;
#3542 = CARTESIAN_POINT ( 'NONE',  ( -2.846030702774449139E-15, 1.079949199898004641, 25.19835094939760722 ) ) ;
#3543 = CARTESIAN_POINT ( 'NONE',  ( -8.818661531358523931, -0.3200508001019929938, 1.448687801396088215 ) ) ;
#3544 = CARTESIAN_POINT ( 'NONE',  ( -8.282649775082900234, -0.5200508001019926718, -6.284596742491777022 ) ) ;
#3545 = ADVANCED_FACE ( 'NONE', ( #4687 ), #7656, .T. ) ;
#3546 = CARTESIAN_POINT ( 'NONE',  ( 4.529829106058810950, -0.5200508001019926718, 5.976956525104663243 ) ) ;
#3547 = CARTESIAN_POINT ( 'NONE',  ( 3.318737107480280724, 0.6799491998980069507, 11.83204129846118313 ) ) ;
#3548 = ORIENTED_EDGE ( 'NONE', *, *, #4768, .T. ) ;
#3549 = CARTESIAN_POINT ( 'NONE',  ( -21.00285463593972679, 80.31423269831148559, -16.78670163806914672 ) ) ;
#3550 = CARTESIAN_POINT ( 'NONE',  ( -24.52052836373460920, 1.079949199898015300, 5.755706918047053477 ) ) ;
#3551 = CARTESIAN_POINT ( 'NONE',  ( 7.951925555012712366, 0.6799491998980126128, 2.027896242745128141 ) ) ;
#3552 = VERTEX_POINT ( 'NONE', #8351 ) ;
#3553 = CARTESIAN_POINT ( 'NONE',  ( 7.125186704218966049, 3.379949199898004242, -3.048641407254132574 ) ) ;
#3554 = DIRECTION ( 'NONE',  ( 0.000000000000000000, 1.000000000000000000, 0.000000000000000000 ) ) ;
#3555 = CARTESIAN_POINT ( 'NONE',  ( -17.10079925302489556, 0.000000000000000000, -18.12582460135802975 ) ) ;
#3556 = CARTESIAN_POINT ( 'NONE',  ( 1.472265383345497725, -0.5200508001019926718, 10.25939922876456656 ) ) ;
#3557 = CARTESIAN_POINT ( 'NONE',  ( 25.55406776262889323, 1.079949199898025292, -5.561491860076562155 ) ) ;
#3558 = ORIENTED_EDGE ( 'NONE', *, *, #8858, .F. ) ;
#3559 = DIRECTION ( 'NONE',  ( -0.000000000000000000, 1.000000000000000000, 0.000000000000000000 ) ) ;
#3560 = ADVANCED_FACE ( 'NONE', ( #128 ), #3960, .F. ) ;
#3561 = CARTESIAN_POINT ( 'NONE',  ( -14.90506859045305532, 2.079949199897994205, 17.95160994983958247 ) ) ;
#3562 = CARTESIAN_POINT ( 'NONE',  ( -9.799999999999997158, 0.000000000000000000, -24.54371691761207686 ) ) ;
#3563 = ORIENTED_EDGE ( 'NONE', *, *, #137, .T. ) ;
#3564 = FACE_OUTER_BOUND ( 'NONE', #5177, .T. ) ;
#3565 = DIRECTION ( 'NONE',  ( 0.000000000000000000, 0.000000000000000000, -1.000000000000000000 ) ) ;
#3566 = DIRECTION ( 'NONE',  ( 0.000000000000000000, 1.000000000000000000, 0.000000000000000000 ) ) ;
#3567 = DIRECTION ( 'NONE',  ( 0.000000000000000000, 0.000000000000000000, 1.000000000000000000 ) ) ;
#3568 = DIRECTION ( 'NONE',  ( 0.000000000000000000, -1.000000000000000000, 0.000000000000000000 ) ) ;
#3569 = CARTESIAN_POINT ( 'NONE',  ( 23.83903600861796690, 2.079949199898003975, -8.621070825588827091 ) ) ;
#3570 = VERTEX_POINT ( 'NONE', #3074 ) ;
#3571 = ADVANCED_FACE ( 'NONE', ( #3910 ), #4829, .F. ) ;
#3572 = AXIS2_PLACEMENT_3D ( 'NONE', #8831, #6718, #5262 ) ;
#3573 = CARTESIAN_POINT ( 'NONE',  ( -1.027905662727335079, 0.6799491998980070617, -8.468014732086205143 ) ) ;
#3574 = CARTESIAN_POINT ( 'NONE',  ( 13.99999999999999645, 0.000000000000000000, -25.49999999999999645 ) ) ;
#3575 = ORIENTED_EDGE ( 'NONE', *, *, #2213, .T. ) ;
#3576 = CARTESIAN_POINT ( 'NONE',  ( -24.59024938304294139, 2.079949199898003975, 5.250590215316178089 ) ) ;
#3577 = VERTEX_POINT ( 'NONE', #9081 ) ;
#3578 = CARTESIAN_POINT ( 'NONE',  ( -6.914150854374013555, 3.379949199898008239, -7.164139905725427582 ) ) ;
#3579 = ORIENTED_EDGE ( 'NONE', *, *, #273, .T. ) ;
#3580 = VECTOR ( 'NONE', #868, 1000.000000000000000 ) ;
#3581 = EDGE_CURVE ( 'NONE', #1515, #6023, #1616, .T. ) ;
#3582 = CARTESIAN_POINT ( 'NONE',  ( -15.41038921097678838, 2.020026349440179558, 17.90266845806456431 ) ) ;
#3583 = ORIENTED_EDGE ( 'NONE', *, *, #6059, .T. ) ;
#3584 = CARTESIAN_POINT ( 'NONE',  ( -8.262075388584834812, 0.6799491998980274898, 1.836981711454137578 ) ) ;
#3585 = AXIS2_PLACEMENT_3D ( 'NONE', #4316, #7474, #1523 ) ;
#3586 = EDGE_CURVE ( 'NONE', #6152, #4461, #6124, .T. ) ;
#3587 = CARTESIAN_POINT ( 'NONE',  ( 10.60317634706917644, -0.3200508001019938820, -4.817159867984970312 ) ) ;
#3588 = CARTESIAN_POINT ( 'NONE',  ( -3.317088139660654633, 0.6799491998980070617, 10.64886896886095258 ) ) ;
#3589 = VERTEX_POINT ( 'NONE', #183 ) ;
#3590 = CARTESIAN_POINT ( 'NONE',  ( 24.85943553166915265, 2.079949199898003975, 3.512053235052920996 ) ) ;
#3591 = VECTOR ( 'NONE', #2847, 1000.000000000000000 ) ;
#3592 = CARTESIAN_POINT ( 'NONE',  ( -10.56259055916828160, -0.3200508001019927717, -1.028794401092855137 ) ) ;
#3593 = CARTESIAN_POINT ( 'NONE',  ( -0.07427833882031341373, -0.5200508001019926718, -6.100061353294050193 ) ) ;
#3594 = CARTESIAN_POINT ( 'NONE',  ( -1.142136006488409183, -0.5200508001019926718, 10.35019729928566790 ) ) ;
#3595 = CARTESIAN_POINT ( 'NONE',  ( -7.926573532466294481, 3.379949199898008239, 0.6130644210296914975 ) ) ;
#3596 = ORIENTED_EDGE ( 'NONE', *, *, #1787, .F. ) ;
#3597 = VECTOR ( 'NONE', #9310, 1000.000000000000000 ) ;
#3598 = CARTESIAN_POINT ( 'NONE',  ( -9.872871038077352779, 2.374556715940805418, -24.84831393975388991 ) ) ;
#3599 = CIRCLE ( 'NONE', #6604, 0.9999999999999991118 ) ;
#3600 = FACE_OUTER_BOUND ( 'NONE', #5238, .T. ) ;
#3601 = EDGE_CURVE ( 'NONE', #4855, #9588, #4055, .T. ) ;
#3602 = CARTESIAN_POINT ( 'NONE',  ( 7.847272106162632710, 0.6799491998980018437, 2.093668676947757490 ) ) ;
#3603 = ORIENTED_EDGE ( 'NONE', *, *, #9350, .T. ) ;
#3604 = CARTESIAN_POINT ( 'NONE',  ( 1.385777434301997513, 0.000000000000000000, 24.99930094919824697 ) ) ;
#3605 = AXIS2_PLACEMENT_3D ( 'NONE', #1790, #949, #3941 ) ;
#3606 = CARTESIAN_POINT ( 'NONE',  ( -10.68223522187146912, 2.079949199898003975, -22.90217264361945482 ) ) ;
#3607 = VECTOR ( 'NONE', #2119, 1000.000000000000000 ) ;
#3608 = DIRECTION ( 'NONE',  ( -0.000000000000000000, 1.000000000000000000, -0.000000000000000000 ) ) ;
#3609 = CARTESIAN_POINT ( 'NONE',  ( -9.799999999999997158, 2.079949199897998646, -24.54371691761207686 ) ) ;
#3610 = TOROIDAL_SURFACE ( 'NONE', #6760, 1.500000000000000000, 1.000000000000000000 ) ;
#3611 = CARTESIAN_POINT ( 'NONE',  ( 8.016659979266337999, 3.379949199898008239, -25.65900294825322803 ) ) ;
#3612 = VERTEX_POINT ( 'NONE', #1659 ) ;
#3613 = CARTESIAN_POINT ( 'NONE',  ( 14.94362792844831489, 2.079949199898035506, 17.91355973331345908 ) ) ;
#3614 = CARTESIAN_POINT ( 'NONE',  ( 20.69999999999989626, 2.079949199898003975, -20.70000000000010587 ) ) ;
#3615 = CIRCLE ( 'NONE', #8952, 2.499999999999998668 ) ;
#3616 = ADVANCED_FACE ( 'NONE', ( #4632 ), #6754, .F. ) ;
#3618 = CARTESIAN_POINT ( 'NONE',  ( -21.15717546953937500, 3.379949199898008239, 14.79266425619381842 ) ) ;
#3617 = AXIS2_PLACEMENT_3D ( 'NONE', #3353, #1842, #9412 ) ;
#3619 = ORIENTED_EDGE ( 'NONE', *, *, #6328, .F. ) ;
#3620 = CARTESIAN_POINT ( 'NONE',  ( 4.157332302905997423, 0.000000000000000000, 24.60120094879952291 ) ) ;
#3621 = CARTESIAN_POINT ( 'NONE',  ( 7.125186704218966049, 0.000000000000000000, -3.048641407254132574 ) ) ;
#3622 = CARTESIAN_POINT ( 'NONE',  ( -25.53225591910812753, 1.079949199906066637, 5.718486702838327496 ) ) ;
#3623 = CARTESIAN_POINT ( 'NONE',  ( -20.69999999999989271, 2.079949199898001311, 14.37500000000015454 ) ) ;
#3624 = CARTESIAN_POINT ( 'NONE',  ( 25.53197870691520421, 1.079949199904539192, -5.720416039464759628 ) ) ;
#3625 = DIRECTION ( 'NONE',  ( 0.000000000000000000, 1.000000000000000000, 0.000000000000000000 ) ) ;
#3626 = AXIS2_PLACEMENT_3D ( 'NONE', #415, #8684, #300 ) ;
#3627 = AXIS2_PLACEMENT_3D ( 'NONE', #3748, #3012, #6817 ) ;
#3628 = CARTESIAN_POINT ( 'NONE',  ( 5.664582568510338589, 0.6799491998980070617, -9.705763312089866091 ) ) ;
#3629 = CARTESIAN_POINT ( 'NONE',  ( -0.2632000557140802832, 2.057468741350497510, 21.22342750246776077 ) ) ;
#3630 = EDGE_CURVE ( 'NONE', #3277, #931, #3434, .T. ) ;
#3631 = AXIS2_PLACEMENT_3D ( 'NONE', #9309, #7098, #5463 ) ;
#3632 = ORIENTED_EDGE ( 'NONE', *, *, #5688, .T. ) ;
#3633 = LINE ( 'NONE', #2984, #9088 ) ;
#3634 = B_SPLINE_CURVE_WITH_KNOTS ( 'NONE', 3,
 ( #514, #1937, #3392, #4916, #2715, #6623, #7302, #4965 ),
 .UNSPECIFIED., .F., .F.,
 ( 4, 2, 2, 4 ),
 ( 0.000000000000000000, 0.0005101588492353564385, 0.001020317698470712877, 0.002040635396941429223 ),
 .UNSPECIFIED. ) ;
#3635 = VERTEX_POINT ( 'NONE', #7070 ) ;
#3636 = CARTESIAN_POINT ( 'NONE',  ( -5.362466863799540739, -0.5200508001019926718, 2.933921699987145804 ) ) ;
#3637 = DIRECTION ( 'NONE',  ( 0.000000000000000000, 0.000000000000000000, 1.000000000000000000 ) ) ;
#3638 = ORIENTED_EDGE ( 'NONE', *, *, #6864, .F. ) ;
#3639 = CARTESIAN_POINT ( 'NONE',  ( -10.26884636286707497, -0.3200508001019938820, -5.605854706337987103 ) ) ;
#3640 = AXIS2_PLACEMENT_3D ( 'NONE', #5024, #5768, #8219 ) ;
#3641 = CARTESIAN_POINT ( 'NONE',  ( 10.87882015136330693, -0.3200508001019928828, -3.518563474611511310 ) ) ;
#3642 = ADVANCED_FACE ( 'NONE', ( #1906 ), #8947, .T. ) ;
#3643 = FACE_OUTER_BOUND ( 'NONE', #9197, .T. ) ;
#3644 = ORIENTED_EDGE ( 'NONE', *, *, #6709, .F. ) ;
#3645 = CARTESIAN_POINT ( 'NONE',  ( 5.651421390278396295, 3.379949199898008239, 2.493871222290275913 ) ) ;
#3646 = AXIS2_PLACEMENT_3D ( 'NONE', #40, #2892, #8852 ) ;
#3647 = CARTESIAN_POINT ( 'NONE',  ( -9.700926913221445957, -0.5200508001019926718, -2.755977779711039410 ) ) ;
#3648 = EDGE_CURVE ( 'NONE', #9553, #3044, #8791, .T. ) ;
#3649 = DIRECTION ( 'NONE',  ( 0.000000000000000000, 1.000000000000000000, 0.000000000000000000 ) ) ;
#3650 = CARTESIAN_POINT ( 'NONE',  ( -9.187730493620119177, 3.379949199898008239, -0.8718716688696306338 ) ) ;
#3651 = EDGE_LOOP ( 'NONE', ( #3298, #9603, #7053, #5005 ) ) ;
#3652 = CARTESIAN_POINT ( 'NONE',  ( 11.56104164229994957, 2.079949199898003975, 22.42475901279188122 ) ) ;
#3653 = AXIS2_PLACEMENT_3D ( 'NONE', #1463, #8243, #629 ) ;
#3654 = FACE_OUTER_BOUND ( 'NONE', #3100, .T. ) ;
#3655 = EDGE_CURVE ( 'NONE', #931, #8828, #4828, .T. ) ;
#3656 = CARTESIAN_POINT ( 'NONE',  ( 8.613776862393729417, 0.6799491998980070617, 1.595540929930051366 ) ) ;
#3657 = ORIENTED_EDGE ( 'NONE', *, *, #6064, .T. ) ;
#3658 = CYLINDRICAL_SURFACE ( 'NONE', #9473, 1.000000000000000888 ) ;
#3659 = LINE ( 'NONE', #3606, #9223 ) ;
#3660 =( BOUNDED_SURFACE ( )  B_SPLINE_SURFACE ( 3, 2, ( 
 ( #7538, #9108, #8373 ),
 ( #5892, #631, #2887 ),
 ( #3622, #6855, #1539 ),
 ( #3096, #6116, #3148 ) ),
 .UNSPECIFIED., .F., .F., .F. ) 
 B_SPLINE_SURFACE_WITH_KNOTS ( ( 4, 4 ),
 ( 3, 3 ),
 ( -6.374431798378266123E-12, 0.0005099057730702673654 ),
 ( 0.000000000000000000, 1.000000000000000000 ),
 .UNSPECIFIED. ) 
 GEOMETRIC_REPRESENTATION_ITEM ( )  RATIONAL_B_SPLINE_SURFACE ( (
 ( 1.000000000000000000, 0.7071067811865467956, 1.000000000000000000),
 ( 1.000000000000000000, 0.7071067811865467956, 1.000000000000000000),
 ( 1.000000000000000000, 0.7071067811865484609, 1.000000000000000000),
 ( 1.000000000000000000, 0.7071067811865484609, 1.000000000000000000) ) ) 
 REPRESENTATION_ITEM ( '' )  SURFACE ( )  );
#3661 = VECTOR ( 'NONE', #1635, 1000.000000000000000 ) ;
#3662 = CYLINDRICAL_SURFACE ( 'NONE', #323, 26.35000000000000497 ) ;
#3663 = CARTESIAN_POINT ( 'NONE',  ( 8.294086170347863884, 3.379949199898008239, 0.3091523553675518121 ) ) ;
#3664 = FACE_OUTER_BOUND ( 'NONE', #7243, .T. ) ;
#3665 = EDGE_LOOP ( 'NONE', ( #6269, #7335, #8955, #8313 ) ) ;
#3666 = DIRECTION ( 'NONE',  ( -0.000000000000000000, -1.000000000000000000, -0.000000000000000000 ) ) ;
#3667 = CARTESIAN_POINT ( 'NONE',  ( -14.32113091090242207, 2.079949199897994205, 18.45677904067461839 ) ) ;
#3668 = FACE_BOUND ( 'NONE', #4262, .T. ) ;
#3669 = ORIENTED_EDGE ( 'NONE', *, *, #7010, .F. ) ;
#3670 = CARTESIAN_POINT ( 'NONE',  ( -7.598366446151796794, -0.5200508001019856774, 2.262243670864564127 ) ) ;
#3671 = DIRECTION ( 'NONE',  ( 0.000000000000000000, 0.000000000000000000, -1.000000000000000000 ) ) ;
#3672 = CARTESIAN_POINT ( 'NONE',  ( 25.99348746035159863, 1.079949199897993983, 1.806213823131618490 ) ) ;
#3673 = CARTESIAN_POINT ( 'NONE',  ( 25.53232556561453492, 0.000000000000000000, 5.717858389776848682 ) ) ;
#3674 = CARTESIAN_POINT ( 'NONE',  ( -11.54826062565588884, 2.079949199898003975, 22.40217264361942640 ) ) ;
#3675 = EDGE_CURVE ( 'NONE', #6287, #4189, #9270, .T. ) ;
#3676 = DIRECTION ( 'NONE',  ( -0.000000000000000000, 1.000000000000000000, 0.000000000000000000 ) ) ;
#3677 = DIRECTION ( 'NONE',  ( 0.4999999999999956146, 0.000000000000000000, -0.8660254037844412611 ) ) ;
#3678 = ORIENTED_EDGE ( 'NONE', *, *, #8678, .T. ) ;
#3679 = LINE ( 'NONE', #9681, #3591 ) ;
#3680 = ORIENTED_EDGE ( 'NONE', *, *, #4814, .F. ) ;
#3681 = CARTESIAN_POINT ( 'NONE',  ( -5.287689757460261042, 3.379949199898008239, 3.059931812852650257 ) ) ;
#3682 = DIRECTION ( 'NONE',  ( 0.000000000000000000, -1.000000000000000000, 0.000000000000000000 ) ) ;
#3683 = CARTESIAN_POINT ( 'NONE',  ( -11.90371979710133843, 0.6799491998980070617, -3.146589696301150596 ) ) ;
#3684 = ORIENTED_EDGE ( 'NONE', *, *, #6264, .T. ) ;
#3685 = CARTESIAN_POINT ( 'NONE',  ( 0.06274336553306249231, -0.3200508001019929938, 11.70264313974069559 ) ) ;
#3686 = CARTESIAN_POINT ( 'NONE',  ( 10.47712141880309922, -0.3200508001019938820, -5.129011029259026522 ) ) ;
#3687 = EDGE_CURVE ( 'NONE', #3449, #5684, #8165, .T. ) ;
#3688 = CARTESIAN_POINT ( 'NONE',  ( 10.02538718874732027, 2.079949199898003975, 22.76447847739673946 ) ) ;
#3689 = ORIENTED_EDGE ( 'NONE', *, *, #834, .F. ) ;
#3690 = CARTESIAN_POINT ( 'NONE',  ( 4.365579562741126907, 3.379949199898008239, 7.215318816427793713 ) ) ;
#3691 = CARTESIAN_POINT ( 'NONE',  ( 10.39893934016834365, 0.000000000000000000, -23.93859450359207131 ) ) ;
#3692 = CARTESIAN_POINT ( 'NONE',  ( -2.707815643084619417, 3.379949199898008239, -6.800786287622671011 ) ) ;
#3693 = EDGE_LOOP ( 'NONE', ( #244, #8484, #6184, #1032 ) ) ;
#3694 = LINE ( 'NONE', #6758, #8962 ) ;
#3695 = ADVANCED_FACE ( 'NONE', ( #7855 ), #5480, .F. ) ;
#3696 = CARTESIAN_POINT ( 'NONE',  ( 10.77921296318721289, -0.5200508001019787940, -4.381657472987293467 ) ) ;
#3697 = CARTESIAN_POINT ( 'NONE',  ( 6.345226354595358664, -0.3200508001019938820, 3.612160259864084733 ) ) ;
#3698 = ORIENTED_EDGE ( 'NONE', *, *, #8399, .T. ) ;
#3699 = DIRECTION ( 'NONE',  ( 0.000000000000000000, 0.000000000000000000, -1.000000000000000000 ) ) ;
#3700 = DIRECTION ( 'NONE',  ( 0.4999999999999960032, 0.000000000000000000, 0.8660254037844409281 ) ) ;
#3701 = ORIENTED_EDGE ( 'NONE', *, *, #1858, .F. ) ;
#3702 = CARTESIAN_POINT ( 'NONE',  ( 25.57847377689376955, 0.000000000000000000, 5.403601807681488900 ) ) ;
#3703 = CARTESIAN_POINT ( 'NONE',  ( 9.799999999999998934, 2.079949199898003975, -22.22652707358070856 ) ) ;
#3704 = CARTESIAN_POINT ( 'NONE',  ( 25.51331937384174964, 1.079949199898004197, 5.875506842993694967 ) ) ;
#3705 = EDGE_CURVE ( 'NONE', #292, #5690, #4785, .T. ) ;
#3706 = ORIENTED_EDGE ( 'NONE', *, *, #8755, .T. ) ;
#3707 = CARTESIAN_POINT ( 'NONE',  ( 25.53223939531980236, 1.079949199897995760, 5.718573136520407552 ) ) ;
#3708 = CARTESIAN_POINT ( 'NONE',  ( -15.66622923947924839, 2.079949199898787793, 18.60548134002053899 ) ) ;
#3709 = CARTESIAN_POINT ( 'NONE',  ( -13.37653562345046332, 3.379949199898008239, -21.62483327182261306 ) ) ;
#3710 = ORIENTED_EDGE ( 'NONE', *, *, #9253, .F. ) ;
#3711 = CARTESIAN_POINT ( 'NONE',  ( -8.503374646534282988, -0.5200508001019856774, 1.692828242934562466 ) ) ;
#3712 = CYLINDRICAL_SURFACE ( 'NONE', #7663, 5.324999999999956657 ) ;
#3713 = CYLINDRICAL_SURFACE ( 'NONE', #6093, 0.9999999999999991118 ) ;
#3714 = DIRECTION ( 'NONE',  ( -0.000000000000000000, -1.000000000000000000, 0.000000000000000000 ) ) ;
#3715 = CARTESIAN_POINT ( 'NONE',  ( 15.92528236285698995, 2.168404344971008868E-16, 18.31143984621661502 ) ) ;
#3716 = CARTESIAN_POINT ( 'NONE',  ( 6.578322704118797937, 0.6799491998980070617, -8.544835769436698314 ) ) ;
#3717 = VECTOR ( 'NONE', #7217, 1000.000000000000000 ) ;
#3718 = CARTESIAN_POINT ( 'NONE',  ( 15.39672609259037550, -0.000000000000000000, 18.86219300577866420 ) ) ;
#3719 = CIRCLE ( 'NONE', #1999, 2.800000000000000266 ) ;
#3720 = ORIENTED_EDGE ( 'NONE', *, *, #6775, .T. ) ;
#3721 = CARTESIAN_POINT ( 'NONE',  ( 13.58412716904566864, 2.079949199898003975, 21.12839693420014697 ) ) ;
#3722 = EDGE_CURVE ( 'NONE', #9386, #9406, #1952, .T. ) ;
#3723 = ORIENTED_EDGE ( 'NONE', *, *, #2743, .F. ) ;
#3724 = CARTESIAN_POINT ( 'NONE',  ( -7.516920954779542363, 3.379949199898008239, 0.8898689389679126371 ) ) ;
#3725 = VECTOR ( 'NONE', #2246, 1000.000000000000000 ) ;
#3726 = DIRECTION ( 'NONE',  ( 0.000000000000000000, 0.000000000000000000, -1.000000000000000000 ) ) ;
#3727 = CARTESIAN_POINT ( 'NONE',  ( -10.51450894603438435, -0.3200508001019938820, -0.9031035425646624093 ) ) ;
#3728 = TOROIDAL_SURFACE ( 'NONE', #4978, 21.47989898732234693, 1.399999999999999911 ) ;
#3729 = CARTESIAN_POINT ( 'NONE',  ( 5.995609434947427374, -0.3200508001019929938, 4.350902403878686542 ) ) ;
#3730 = DIRECTION ( 'NONE',  ( 0.000000000000000000, 1.000000000000000000, 0.000000000000000000 ) ) ;
#3731 = EDGE_CURVE ( 'NONE', #184, #3320, #5643, .T. ) ;
#3732 = DIRECTION ( 'NONE',  ( 0.000000000000000000, 0.000000000000000000, -1.000000000000000000 ) ) ;
#3733 = ORIENTED_EDGE ( 'NONE', *, *, #9092, .T. ) ;
#3734 = CARTESIAN_POINT ( 'NONE',  ( -1.734785425633447398, 3.379949199898008239, 10.15175079565704053 ) ) ;
#3735 = DIRECTION ( 'NONE',  ( -0.000000000000000000, -1.000000000000000000, -0.000000000000000000 ) ) ;
#3736 = CARTESIAN_POINT ( 'NONE',  ( -7.902318187985288844, 3.379949199898008239, -6.595332027783603834 ) ) ;
#3737 = EDGE_LOOP ( 'NONE', ( #521, #8251, #2610, #4806, #6461 ) ) ;
#3738 = AXIS2_PLACEMENT_3D ( 'NONE', #6521, #563, #7152 ) ;
#3739 = CARTESIAN_POINT ( 'NONE',  ( -25.57810035237141477, 1.079949199897997758, -5.406252686692033294 ) ) ;
#3740 = CARTESIAN_POINT ( 'NONE',  ( 25.53206496594572172, 1.079949199898018852, -5.719701074362556703 ) ) ;
#3741 = CARTESIAN_POINT ( 'NONE',  ( 5.727915476766324510, -0.3200508001019938820, 6.137414964150596397 ) ) ;
#3742 = VERTEX_POINT ( 'NONE', #4298 ) ;
#3743 = AXIS2_PLACEMENT_3D ( 'NONE', #4447, #8252, #4488 ) ;
#3744 = DIRECTION ( 'NONE',  ( 0.8660254037844385966, 0.000000000000000000, -0.5000000000000000000 ) ) ;
#3745 = EDGE_CURVE ( 'NONE', #9437, #9020, #4521, .T. ) ;
#3746 = LINE ( 'NONE', #5880, #6248 ) ;
#3747 = AXIS2_PLACEMENT_3D ( 'NONE', #6365, #5564, #2607 ) ;
#3748 = CARTESIAN_POINT ( 'NONE',  ( 13.38380370810280340, 1.079949199898004197, 20.78142652189906059 ) ) ;
#3749 = FACE_OUTER_BOUND ( 'NONE', #7525, .T. ) ;
#3750 = EDGE_LOOP ( 'NONE', ( #3300, #5063, #1226, #6130 ) ) ;
#3751 = CARTESIAN_POINT ( 'NONE',  ( -13.86899728391798980, 2.079949199898016854, 21.48359523605714116 ) ) ;
#3752 = AXIS2_PLACEMENT_3D ( 'NONE', #6643, #7631, #5311 ) ;
#3753 = ORIENTED_EDGE ( 'NONE', *, *, #1830, .F. ) ;
#3754 = CARTESIAN_POINT ( 'NONE',  ( -2.846030702774449139E-15, 2.079949199898003975, 25.19835094939760722 ) ) ;
#3755 = CIRCLE ( 'NONE', #9390, 2.000000000000001776 ) ;
#3756 = CARTESIAN_POINT ( 'NONE',  ( 14.40813922126655378, 0.000000000000000000, -19.61364848793045113 ) ) ;
#3757 = CARTESIAN_POINT ( 'NONE',  ( -7.824597335057743130, -0.5200508001019920057, 2.107661535706311984 ) ) ;
#3758 = VERTEX_POINT ( 'NONE', #2836 ) ;
#3759 = CARTESIAN_POINT ( 'NONE',  ( -6.451412165667318455, -0.3200508001019800042, 3.447605986294183023 ) ) ;
#3760 = CARTESIAN_POINT ( 'NONE',  ( -8.016659979266391289, 3.379949199898008239, -23.15900294825323513 ) ) ;
#3761 = EDGE_CURVE ( 'NONE', #8874, #859, #4512, .T. ) ;
#3762 = CIRCLE ( 'NONE', #7533, 1.399999999999998579 ) ;
#3763 = VECTOR ( 'NONE', #3666, 1000.000000000000000 ) ;
#3764 = CARTESIAN_POINT ( 'NONE',  ( 14.24982911188724621, 22.26046457370629739, -20.28142652189907125 ) ) ;
#3765 = B_SPLINE_CURVE_WITH_KNOTS ( 'NONE', 3,
 ( #7639, #163, #9165, #1688, #7047, #5672, #1744, #7103, #9210, #4664, #5468 ),
 .UNSPECIFIED., .F., .F.,
 ( 4, 2, 2, 1, 2, 4 ),
 ( 0.06500203692240358322, 0.06541502581389319060, 0.06562152025963799429, 0.06572476748251039613, 0.06577639109394660399, 0.06582801470538279798 ),
 .UNSPECIFIED. ) ;
#3766 = DIRECTION ( 'NONE',  ( 0.000000000000000000, 0.000000000000000000, -1.000000000000000000 ) ) ;
#3767 = ADVANCED_FACE ( 'NONE', ( #2414 ), #1418, .T. ) ;
#3768 = DIRECTION ( 'NONE',  ( 0.000000000000000000, 1.000000000000000000, -0.000000000000000000 ) ) ;
#3769 = AXIS2_PLACEMENT_3D ( 'NONE', #3299, #3246, #4720 ) ;
#3770 = AXIS2_PLACEMENT_3D ( 'NONE', #6783, #2431, #8287 ) ;
#3771 = DIRECTION ( 'NONE',  ( -0.7071067811865574537, -0.7071067811865376918, 0.000000000000000000 ) ) ;
#3772 = ORIENTED_EDGE ( 'NONE', *, *, #3156, .T. ) ;
#3773 = CARTESIAN_POINT ( 'NONE',  ( -15.62587276064625996, 1.079949199897997536, 18.64942885424156671 ) ) ;
#3774 = VERTEX_POINT ( 'NONE', #6585 ) ;
#3775 = CARTESIAN_POINT ( 'NONE',  ( -5.330110156327411808, 3.379949199898008239, 2.987713317254983902 ) ) ;
#3776 = VECTOR ( 'NONE', #4173, 1000.000000000000000 ) ;
#3777 = DIRECTION ( 'NONE',  ( 0.000000000000000000, 0.000000000000000000, 1.000000000000000000 ) ) ;
#3778 = AXIS2_PLACEMENT_3D ( 'NONE', #8973, #7452, #1498 ) ;
#3779 = CARTESIAN_POINT ( 'NONE',  ( -11.14709651602586682, 1.934793352629575303, 22.80097850938411952 ) ) ;
#3780 = CARTESIAN_POINT ( 'NONE',  ( -7.917169234431491454, 0.6799491998980070617, -9.133036944178847705 ) ) ;
#3781 = AXIS2_PLACEMENT_3D ( 'NONE', #5337, #3958, #7757 ) ;
#3782 = AXIS2_PLACEMENT_3D ( 'NONE', #8569, #1685, #3295 ) ;
#3783 = CARTESIAN_POINT ( 'NONE',  ( 0.4017246660812013315, -0.3200508001019931048, 11.68926221258552367 ) ) ;
#3784 = FACE_OUTER_BOUND ( 'NONE', #1450, .T. ) ;
#3785 = FACE_OUTER_BOUND ( 'NONE', #7137, .T. ) ;
#3786 = ORIENTED_EDGE ( 'NONE', *, *, #2850, .T. ) ;
#3787 = CARTESIAN_POINT ( 'NONE',  ( 8.739691509180811835, -0.5200508001019926718, -5.782132388302774650 ) ) ;
#3788 = B_SPLINE_CURVE_WITH_KNOTS ( 'NONE', 3,
 ( #2150, #1366, #3672, #5893, #2196, #5232, #9030, #2332 ),
 .UNSPECIFIED., .F., .F.,
 ( 4, 2, 2, 4 ),
 ( -5.999999999967718244E-08, 0.005426149739208794773, 0.008139254608813192848, 0.01085235947841758919 ),
 .UNSPECIFIED. ) ;
#3789 = DIRECTION ( 'NONE',  ( -0.000000000000000000, -1.000000000000000000, -0.000000000000000000 ) ) ;
#3790 = CARTESIAN_POINT ( 'NONE',  ( -2.635564022543980922, 3.379949199898008239, -6.763631367248699178 ) ) ;
#3791 = ORIENTED_EDGE ( 'NONE', *, *, #5923, .F. ) ;
#3792 = CYLINDRICAL_SURFACE ( 'NONE', #7704, 2.000000000000000000 ) ;
#3793 = EDGE_CURVE ( 'NONE', #675, #2393, #1246, .T. ) ;
#3794 = CARTESIAN_POINT ( 'NONE',  ( 8.423076504660944153, -0.3200508001019800042, 1.740938572024818498 ) ) ;
#3795 = AXIS2_PLACEMENT_3D ( 'NONE', #3528, #5796, #2004 ) ;
#3796 = CARTESIAN_POINT ( 'NONE',  ( 6.712449282491923519, 0.6799491998980070617, 6.462882438582078670 ) ) ;
#3797 = LINE ( 'NONE', #9107, #4112 ) ;
#3798 = DIRECTION ( 'NONE',  ( 0.000000000000000000, 1.000000000000000000, -0.000000000000000000 ) ) ;
#3799 = DIRECTION ( 'NONE',  ( -0.000000000000000000, 1.000000000000000000, -0.000000000000000000 ) ) ;
#3800 = DIRECTION ( 'NONE',  ( 0.000000000000000000, 0.000000000000000000, -1.000000000000000000 ) ) ;
#3801 = CARTESIAN_POINT ( 'NONE',  ( -8.102021880671902210, 1.089999706236840282, -18.18701054626839664 ) ) ;
#3802 = VERTEX_POINT ( 'NONE', #9633 ) ;
#3803 = CARTESIAN_POINT ( 'NONE',  ( 13.37653520018803555, 2.079949199897998646, 21.62483333992008028 ) ) ;
#3804 = AXIS2_PLACEMENT_3D ( 'NONE', #1759, #3998, #4591 ) ;
#3805 = ORIENTED_EDGE ( 'NONE', *, *, #7950, .T. ) ;
#3806 = ADVANCED_FACE ( 'NONE', ( #105 ), #7589, .T. ) ;
#3807 = CARTESIAN_POINT ( 'NONE',  ( 26.94220438769424675, 3.379949199898008239, 5.748688297582449813 ) ) ;
#3808 = CARTESIAN_POINT ( 'NONE',  ( 15.88889922360257145, 0.000000000000000000, -18.35848383869918976 ) ) ;
#3809 = CARTESIAN_POINT ( 'NONE',  ( -5.383696924591212962, -0.5200508001019920057, -8.752820880454251551 ) ) ;
#3810 = ORIENTED_EDGE ( 'NONE', *, *, #5203, .F. ) ;
#3811 = CARTESIAN_POINT ( 'NONE',  ( -1.669760350513127101, -0.3200508001019800042, -7.636998337666146774 ) ) ;
#3812 = ORIENTED_EDGE ( 'NONE', *, *, #5199, .F. ) ;
#3813 = AXIS2_PLACEMENT_3D ( 'NONE', #5364, #9157, #5415 ) ;
#3814 = CARTESIAN_POINT ( 'NONE',  ( -24.58987225577898528, 2.079949199897991097, -5.253265010373592503 ) ) ;
#3815 = CARTESIAN_POINT ( 'NONE',  ( 15.77884256668987994, 1.690125335928212236, -18.15963026106389577 ) ) ;
#3816 = DIRECTION ( 'NONE',  ( 0.000000000000000000, 1.000000000000000000, 0.000000000000000000 ) ) ;
#3817 = CARTESIAN_POINT ( 'NONE',  ( 8.104891120895210577, -0.3200508001019938820, -7.911849534952105856 ) ) ;
#3818 = CARTESIAN_POINT ( 'NONE',  ( 9.364479067422660563, -0.5200508001019926718, -4.679536894392197333 ) ) ;
#3819 = CARTESIAN_POINT ( 'NONE',  ( 8.097978119328097080, 2.079949199898024403, -11.00611445143712253 ) ) ;
#3820 = EDGE_CURVE ( 'NONE', #719, #6675, #9250, .T. ) ;
#3821 = CARTESIAN_POINT ( 'NONE',  ( -15.75262464466548451, -2.168404344971008868E-16, 18.51837490829983324 ) ) ;
#3822 = ORIENTED_EDGE ( 'NONE', *, *, #1006, .T. ) ;
#3823 = CARTESIAN_POINT ( 'NONE',  ( 6.032372361894976720, -0.3200508001019929938, -8.657247694108956892 ) ) ;
#3824 = CARTESIAN_POINT ( 'NONE',  ( -9.187730493620119177, -0.5200508001019926718, -0.8718716688696306338 ) ) ;
#3825 = CARTESIAN_POINT ( 'NONE',  ( -10.24922251997922729, 2.079949199898003975, 23.15217264361941218 ) ) ;
#3826 = CARTESIAN_POINT ( 'NONE',  ( -8.083480129892778976, -0.3200508001019938820, -7.921517177850013525 ) ) ;
#3827 = EDGE_CURVE ( 'NONE', #4209, #1150, #3599, .T. ) ;
#3828 = CARTESIAN_POINT ( 'NONE',  ( 20.70000000000011653, 0.000000000000000000, 20.69999999999988916 ) ) ;
#3829 = DIRECTION ( 'NONE',  ( -0.000000000000000000, -1.000000000000000000, -0.000000000000000000 ) ) ;
#3830 = CARTESIAN_POINT ( 'NONE',  ( -5.964385371679431280, -0.3200508001019938820, 4.478475350074480943 ) ) ;
#3831 = ORIENTED_EDGE ( 'NONE', *, *, #6963, .T. ) ;
#3832 = CARTESIAN_POINT ( 'NONE',  ( 1.168668865057709727, 3.379949199898008239, 10.35121876156493315 ) ) ;
#3833 = CARTESIAN_POINT ( 'NONE',  ( 9.297978119328096369, 0.000000000000000000, -23.46122212252468131 ) ) ;
#3834 = CARTESIAN_POINT ( 'NONE',  ( -0.5326156975534696025, 1.079949199898004197, 22.44947472105999253 ) ) ;
#3835 = ORIENTED_EDGE ( 'NONE', *, *, #7849, .F. ) ;
#3836 = CARTESIAN_POINT ( 'NONE',  ( -10.25780499208686614, 2.130616221993232973, -24.29226680714791087 ) ) ;
#3837 = CARTESIAN_POINT ( 'NONE',  ( 10.09309506776796894, 2.079949199898003975, -21.88175196393321897 ) ) ;
#3838 = CARTESIAN_POINT ( 'NONE',  ( 5.730027573959637799, -0.3200508001019938820, 5.995466475903238113 ) ) ;
#3839 = DIRECTION ( 'NONE',  ( 0.000000000000000000, 0.000000000000000000, 1.000000000000000000 ) ) ;
#3840 = CARTESIAN_POINT ( 'NONE',  ( -15.56356026986522600, 1.954235465720560061, 17.95787383774453971 ) ) ;
#3841 = ADVANCED_FACE ( 'NONE', ( #5844 ), #3660, .F. ) ;
#3842 = EDGE_CURVE ( 'NONE', #4975, #7657, #7527, .T. ) ;
#3843 = CARTESIAN_POINT ( 'NONE',  ( -15.39357382276624442, 2.028570115682711172, 17.89087207836403337 ) ) ;
#3844 = CARTESIAN_POINT ( 'NONE',  ( -20.69999999999989271, 1.079949199897997758, 15.37500000000015454 ) ) ;
#3845 = SPHERICAL_SURFACE ( 'NONE', #3605, 1.000000000000000000 ) ;
#3846 = VERTEX_POINT ( 'NONE', #8844 ) ;
#3847 = CARTESIAN_POINT ( 'NONE',  ( -26.93307697989903104, 3.379949199898007350, 5.814078173911672920 ) ) ;
#3848 = VERTEX_POINT ( 'NONE', #9158 ) ;
#3849 = CARTESIAN_POINT ( 'NONE',  ( 25.57847377667432198, 1.079949199897993761, 5.403601809098774744 ) ) ;
#3850 = FACE_OUTER_BOUND ( 'NONE', #4080, .T. ) ;
#3851 = CARTESIAN_POINT ( 'NONE',  ( 11.54826062565591371, 1.079949199898004197, 22.40217264361946192 ) ) ;
#3852 = ORIENTED_EDGE ( 'NONE', *, *, #344, .T. ) ;
#3853 = CARTESIAN_POINT ( 'NONE',  ( 9.249902622280623987, -0.5200508001019856774, -7.239604070217035670 ) ) ;
#3854 = ORIENTED_EDGE ( 'NONE', *, *, #4590, .F. ) ;
#3855 = CARTESIAN_POINT ( 'NONE',  ( 15.98111278485266418, 1.079949199900577250, 18.23251235046613417 ) ) ;
#3856 = DIRECTION ( 'NONE',  ( 0.02821271897562873526, 0.000000000000000000, -0.9996019420189229399 ) ) ;
#3857 = LINE ( 'NONE', #7558, #5006 ) ;
#3858 = CARTESIAN_POINT ( 'NONE',  ( 0.3152720480624888744, 0.6799491998980069507, -8.320682552150119093 ) ) ;
#3859 = EDGE_CURVE ( 'NONE', #9053, #8328, #6280, .T. ) ;
#3860 = CARTESIAN_POINT ( 'NONE',  ( 9.613510213487971967, 1.079949199897997758, 22.48100474448447983 ) ) ;
#3861 = DIRECTION ( 'NONE',  ( 0.000000000000000000, 0.000000000000000000, -1.000000000000000000 ) ) ;
#3862 = DIRECTION ( 'NONE',  ( 0.000000000000000000, 0.000000000000000000, -1.000000000000000000 ) ) ;
#3863 = CARTESIAN_POINT ( 'NONE',  ( 25.59523800506445568, -2.168404344971008868E-16, -5.294432166373836957 ) ) ;
#3864 = EDGE_LOOP ( 'NONE', ( #7289, #3327, #9 ) ) ;
#3865 = EDGE_CURVE ( 'NONE', #310, #437, #5986, .T. ) ;
#3866 = FACE_OUTER_BOUND ( 'NONE', #3065, .T. ) ;
#3867 = CARTESIAN_POINT ( 'NONE',  ( -2.271831819524089191, -0.5200508001019926718, -6.584687999720055807 ) ) ;
#3868 = CIRCLE ( 'NONE', #9368, 0.5000000000000004441 ) ;
#3869 = DIRECTION ( 'NONE',  ( -0.000000000000000000, -1.000000000000000000, -0.000000000000000000 ) ) ;
#3870 = CARTESIAN_POINT ( 'NONE',  ( -2.577804276076454570, 0.6799491998980070617, -9.195911991112833306 ) ) ;
#3871 = DIRECTION ( 'NONE',  ( 0.9928005447354124602, 0.000000000000000000, -0.1197792902511465585 ) ) ;
#3872 = CARTESIAN_POINT ( 'NONE',  ( 10.14076853418631252, 2.198559810943914172, -24.49677485316286507 ) ) ;
#3873 = CARTESIAN_POINT ( 'NONE',  ( 15.84843178729968294, 1.079949199897995760, 18.40614460530436602 ) ) ;
#3874 = ORIENTED_EDGE ( 'NONE', *, *, #7632, .F. ) ;
#3875 = CARTESIAN_POINT ( 'NONE',  ( 3.070741462008126366, 3.379949199898008239, 9.309630773709153928 ) ) ;
#3876 = EDGE_CURVE ( 'NONE', #9006, #2593, #5806, .T. ) ;
#3877 = CARTESIAN_POINT ( 'NONE',  ( 15.09691205889128263, 2.079949199897994205, -17.74604209361476137 ) ) ;
#3878 = CARTESIAN_POINT ( 'NONE',  ( 0.5326156975534642735, 1.079949199898004641, 22.44947472105999253 ) ) ;
#3879 = ORIENTED_EDGE ( 'NONE', *, *, #223, .F. ) ;
#3880 = FACE_OUTER_BOUND ( 'NONE', #5601, .T. ) ;
#3881 = EDGE_CURVE ( 'NONE', #2091, #7668, #7225, .T. ) ;
#3882 = CARTESIAN_POINT ( 'NONE',  ( -5.660984726666710820, -0.3200508001019800042, 6.950900875228573916 ) ) ;
#3883 = CARTESIAN_POINT ( 'NONE',  ( 1.894133103102707771, -0.3200508001019938820, 11.38160124155010422 ) ) ;
#3884 = CARTESIAN_POINT ( 'NONE',  ( -15.58394583149077128, 1.079949199898004197, -18.49855740762622958 ) ) ;
#3885 = VECTOR ( 'NONE', #4191, 1000.000000000000000 ) ;
#3886 = DIRECTION ( 'NONE',  ( 0.000000000000000000, 0.000000000000000000, 1.000000000000000000 ) ) ;
#3887 = CARTESIAN_POINT ( 'NONE',  ( -15.23581934565090279, 2.073562310916614582, 17.78057232253817332 ) ) ;
#3888 = DIRECTION ( 'NONE',  ( -0.000000000000000000, 1.000000000000000000, -0.000000000000000000 ) ) ;
#3889 = CARTESIAN_POINT ( 'NONE',  ( -1.922335653647499587, 0.6799491998980069507, 12.41641216941365045 ) ) ;
#3890 = ORIENTED_EDGE ( 'NONE', *, *, #1051, .F. ) ;
#3891 = AXIS2_PLACEMENT_3D ( 'NONE', #3013, #5315, #8423 ) ;
#3892 = DIRECTION ( 'NONE',  ( 0.000000000000000000, 0.000000000000000000, -1.000000000000000000 ) ) ;
#3893 = LINE ( 'NONE', #4723, #8317 ) ;
#3894 = CARTESIAN_POINT ( 'NONE',  ( 15.62587276064627417, 2.168404344971008868E-16, -18.64942885424157026 ) ) ;
#3895 = DIRECTION ( 'NONE',  ( 1.000000000000000000, 0.000000000000000000, -1.224646799147353207E-16 ) ) ;
#3896 = ORIENTED_EDGE ( 'NONE', *, *, #8906, .T. ) ;
#3897 = CARTESIAN_POINT ( 'NONE',  ( 4.112035914904700995, -0.5200508001019856774, -8.626283859362214201 ) ) ;
#3898 = ORIENTED_EDGE ( 'NONE', *, *, #976, .T. ) ;
#3899 = CARTESIAN_POINT ( 'NONE',  ( 15.64216124628484472, 1.879615681784636561, 18.04425078222899259 ) ) ;
#3900 = CARTESIAN_POINT ( 'NONE',  ( 15.74392524177464381, 1.741225015828477662, -18.13536764505841248 ) ) ;
#3901 = CARTESIAN_POINT ( 'NONE',  ( -4.524999015561868454, 3.379949199898008239, 6.221413923378031008 ) ) ;
#3902 = VECTOR ( 'NONE', #680, 1000.000000000000000 ) ;
#3903 = CARTESIAN_POINT ( 'NONE',  ( -1.875480986339745026, 0.6799491998980069507, -8.854146367783940264 ) ) ;
#3904 = AXIS2_PLACEMENT_3D ( 'NONE', #4347, #9482, #6589 ) ;
#3905 = EDGE_CURVE ( 'NONE', #5505, #7003, #777, .T. ) ;
#3906 = CARTESIAN_POINT ( 'NONE',  ( 21.00285463593954915, 3.379949199898008239, -16.78670163806940252 ) ) ;
#3907 = AXIS2_PLACEMENT_3D ( 'NONE', #3884, #6900, #154 ) ;
#3908 = CARTESIAN_POINT ( 'NONE',  ( 14.88316527472232131, 1.496977014985647836, -20.96950321024600683 ) ) ;
#3909 = DIRECTION ( 'NONE',  ( 0.5494051850258234726, 0.000000000000000000, -0.8355560679372395771 ) ) ;
#3910 = FACE_OUTER_BOUND ( 'NONE', #6164, .T. ) ;
#3911 = ORIENTED_EDGE ( 'NONE', *, *, #1084, .F. ) ;
#3912 = CARTESIAN_POINT ( 'NONE',  ( 2.318227167520071408, -0.3200508001019929383, -7.956203782718935358 ) ) ;
#3913 = CARTESIAN_POINT ( 'NONE',  ( 0.000000000000000000, 80.31423269831148559, -25.65699999999999648 ) ) ;
#3914 = VECTOR ( 'NONE', #3869, 1000.000000000000000 ) ;
#3915 = CARTESIAN_POINT ( 'NONE',  ( 10.09309506776796717, 0.000000000000000000, -21.88175196393321897 ) ) ;
#3916 = AXIS2_PLACEMENT_3D ( 'NONE', #1239, #2023, #1974 ) ;
#3917 = CARTESIAN_POINT ( 'NONE',  ( -3.720288359854902804, 0.6799491998980072838, -8.537352717734700391 ) ) ;
#3918 = ADVANCED_FACE ( 'NONE', ( #4799 ), #6969, .T. ) ;
#3919 = CARTESIAN_POINT ( 'NONE',  ( -26.94222438048353396, 0.000000000000000000, 5.748558777314423551 ) ) ;
#3920 = CARTESIAN_POINT ( 'NONE',  ( -9.549714511802713801, 2.579949199897999090, -25.13377984711290836 ) ) ;
#3921 = VECTOR ( 'NONE', #7492, 1000.000000000000000 ) ;
#3922 = ORIENTED_EDGE ( 'NONE', *, *, #7776, .T. ) ;
#3923 = CARTESIAN_POINT ( 'NONE',  ( 15.95755810680074838, 2.079949199897995982, 18.26576199283581303 ) ) ;
#3924 = TOROIDAL_SURFACE ( 'NONE', #3452, 1.500000000000000000, 1.000000000000000000 ) ;
#3925 = EDGE_LOOP ( 'NONE', ( #4876, #7940, #381, #3089 ) ) ;
#3926 = CARTESIAN_POINT ( 'NONE',  ( 2.708534342100519243, -0.5200508001019926718, -6.801304341999404812 ) ) ;
#3927 = CARTESIAN_POINT ( 'NONE',  ( 14.67309394950870960, 1.079949199890430256, -19.43943217010427560 ) ) ;
#3928 = LINE ( 'NONE', #247, #4358 ) ;
#3929 = ORIENTED_EDGE ( 'NONE', *, *, #4297, .F. ) ;
#3930 = CARTESIAN_POINT ( 'NONE',  ( -6.944957115333905584, 0.6799491998980080609, 4.696018229195572324 ) ) ;
#3931 = CIRCLE ( 'NONE', #8812, 1.199999999999999734 ) ;
#3932 = EDGE_CURVE ( 'NONE', #2760, #3174, #9496, .T. ) ;
#3933 = DIRECTION ( 'NONE',  ( 0.000000000000000000, 0.000000000000000000, -1.000000000000000000 ) ) ;
#3934 = CARTESIAN_POINT ( 'NONE',  ( 1.894133103184561184, 0.6799491998980070617, 11.38160124174614829 ) ) ;
#3935 = APPLICATION_PROTOCOL_DEFINITION ( 'draft international standard', 'automotive_design', 1998, #6694 ) ;
#3936 = CARTESIAN_POINT ( 'NONE',  ( 15.39829126589063790, 2.028790669640462951, -17.88323175940831788 ) ) ;
#3937 = EDGE_CURVE ( 'NONE', #7003, #1044, #3118, .T. ) ;
#3938 = CARTESIAN_POINT ( 'NONE',  ( 20.70000000000011653, 2.079949199898003975, 20.69999999999988916 ) ) ;
#3939 = CYLINDRICAL_SURFACE ( 'NONE', #7055, 1.399999999999998579 ) ;
#3940 = CARTESIAN_POINT ( 'NONE',  ( -14.88316527472233020, 1.079949199898004197, 20.37839693420014342 ) ) ;
#3941 = DIRECTION ( 'NONE',  ( 0.000000000000000000, 0.000000000000000000, -1.000000000000000000 ) ) ;
#3942 = ORIENTED_EDGE ( 'NONE', *, *, #8697, .F. ) ;
#3943 = DIRECTION ( 'NONE',  ( 0.000000000000000000, 0.000000000000000000, -1.000000000000000000 ) ) ;
#3944 = VERTEX_POINT ( 'NONE', #4366 ) ;
#3945 = AXIS2_PLACEMENT_3D ( 'NONE', #1887, #2716, #5617 ) ;
#3946 = EDGE_CURVE ( 'NONE', #8424, #3480, #6458, .T. ) ;
#3947 = CARTESIAN_POINT ( 'NONE',  ( -17.23131124203197828, 1.740068548871501086, -18.86320297791350242 ) ) ;
#3948 = CARTESIAN_POINT ( 'NONE',  ( 15.12853249046251491, 2.079949199898003975, 17.70594342235027696 ) ) ;
#3949 = CARTESIAN_POINT ( 'NONE',  ( 10.82810454760321228, 0.6799491998977121865, -3.908910531077846251 ) ) ;
#3950 = ORIENTED_EDGE ( 'NONE', *, *, #9056, .F. ) ;
#3951 = CARTESIAN_POINT ( 'NONE',  ( 10.47712141880752235, -0.5200508001019856774, -5.129011029248082387 ) ) ;
#3952 = ORIENTED_EDGE ( 'NONE', *, *, #4800, .T. ) ;
#3953 = CARTESIAN_POINT ( 'NONE',  ( 15.12853249051583404, 2.079949199897997758, 17.70594342225109585 ) ) ;
#3954 = AXIS2_PLACEMENT_3D ( 'NONE', #428, #6545, #8646 ) ;
#3955 = CARTESIAN_POINT ( 'NONE',  ( -26.96161968753904858, 3.379949199898008239, -5.620435433936790126 ) ) ;
#3956 = CARTESIAN_POINT ( 'NONE',  ( -4.988203453104849139, 3.379949199898008239, 3.578649707940959601 ) ) ;
#3957 = CARTESIAN_POINT ( 'NONE',  ( -2.557334456548746360, 0.6799491998980071727, -9.189365083848059612 ) ) ;
#3958 = DIRECTION ( 'NONE',  ( -0.000000000000000000, 1.000000000000000000, -0.000000000000000000 ) ) ;
#3959 = CARTESIAN_POINT ( 'NONE',  ( -25.53234067263369766, 0.000000000000000000, 5.717783672399313843 ) ) ;
#3960 = CYLINDRICAL_SURFACE ( 'NONE', #7216, 1.000000000000000888 ) ;
#3961 = ORIENTED_EDGE ( 'NONE', *, *, #3655, .T. ) ;
#3962 = ADVANCED_FACE ( 'NONE', ( #2707, #8761 ), #1973, .F. ) ;
#3963 = CARTESIAN_POINT ( 'NONE',  ( 7.389320705192643501, -0.3200508001019928828, -8.274876791086194672 ) ) ;
#3964 = CARTESIAN_POINT ( 'NONE',  ( -8.102021880671900433, 0.7141282597575155933, -17.49325660140573646 ) ) ;
#3965 = FACE_OUTER_BOUND ( 'NONE', #1280, .T. ) ;
#3966 = CARTESIAN_POINT ( 'NONE',  ( -2.291449573214516811, -0.3200508001019938820, -7.942342011724026207 ) ) ;
#3967 = B_SPLINE_SURFACE_WITH_KNOTS ( 'NONE', 3, 1, ( 
 ( #8068, #4941 ),
 ( #8941, #5102 ),
 ( #2253, #2114 ),
 ( #2206, #9589 ),
 ( #3032, #6651 ),
 ( #5283, #8159 ),
 ( #6046, #5146 ),
 ( #8900, #42 ) ),
 .UNSPECIFIED., .F., .F., .F.,
 ( 4, 1, 1, 2, 4 ),
 ( 2, 2 ),
 ( 0.000000000000000000, 0.4999999999999957812, 0.7499999999999952260, 0.8749999999999975575, 1.000000000000000000 ),
 ( 0.000000000000000000, 1.000000000000000000 ),
 .UNSPECIFIED. ) ;
#3968 = CARTESIAN_POINT ( 'NONE',  ( -26.93307697989903815, 3.379949199898008239, 5.814078173911672920 ) ) ;
#3969 = VERTEX_POINT ( 'NONE', #7394 ) ;
#3970 = CARTESIAN_POINT ( 'NONE',  ( 15.11369351089747681, 2.079949199897994205, 17.72522673995429798 ) ) ;
#3971 = ORIENTED_EDGE ( 'NONE', *, *, #7610, .F. ) ;
#3972 = CARTESIAN_POINT ( 'NONE',  ( 4.179607525701810822, -0.5200508001019926718, -7.407162139870888673 ) ) ;
#3973 = CARTESIAN_POINT ( 'NONE',  ( 15.92615634155078830, 2.079949199897949796, -18.30916389212563544 ) ) ;
#3974 = CARTESIAN_POINT ( 'NONE',  ( -16.88298393716743817, 0.000000000000000000, -17.74855740762624379 ) ) ;
#3975 = ORIENTED_EDGE ( 'NONE', *, *, #758, .F. ) ;
#3976 = CARTESIAN_POINT ( 'NONE',  ( -6.189748731891649314, -0.3200508001019938820, 3.910131868417527023 ) ) ;
#3977 = PLANE ( 'NONE',  #4362 ) ;
#3978 = CARTESIAN_POINT ( 'NONE',  ( 0.5611350902386033068, -0.3200508001019938820, 11.66825568436152061 ) ) ;
#3979 = CARTESIAN_POINT ( 'NONE',  ( 15.95861550453586730, 1.342616256299775879, -18.21901633764526096 ) ) ;
#3980 = CARTESIAN_POINT ( 'NONE',  ( -15.34178466357297665, 2.047872784732070350, 17.85436595082245503 ) ) ;
#3981 = EDGE_CURVE ( 'NONE', #2528, #8120, #6103, .T. ) ;
#3982 = CARTESIAN_POINT ( 'NONE',  ( -2.930664836443541699, -0.5200508001019926718, 9.432668622035484063 ) ) ;
#3983 = CARTESIAN_POINT ( 'NONE',  ( 13.38380370810280873, 1.079949199898004197, -20.78142652189907125 ) ) ;
#3984 = VERTEX_POINT ( 'NONE', #4558 ) ;
#3985 = DIRECTION ( 'NONE',  ( -0.000000000000000000, -1.000000000000000000, 0.000000000000000000 ) ) ;
#3986 = ORIENTED_EDGE ( 'NONE', *, *, #7632, .T. ) ;
#3987 = CARTESIAN_POINT ( 'NONE',  ( -8.102021880671902210, 0.6799491998980041751, -11.00611445143712608 ) ) ;
#3988 = DIRECTION ( 'NONE',  ( -0.000000000000000000, 1.000000000000000000, -0.000000000000000000 ) ) ;
#3989 = CARTESIAN_POINT ( 'NONE',  ( 11.04644037212320740, 0.6799491998980070617, -6.274515380624449357 ) ) ;
#3990 = ORIENTED_EDGE ( 'NONE', *, *, #1337, .T. ) ;
#3991 = CARTESIAN_POINT ( 'NONE',  ( 0.7072641935019288173, -0.3200508001019800042, -7.319819611073327792 ) ) ;
#3992 = CARTESIAN_POINT ( 'NONE',  ( 15.96482167545571684, 1.212090139992138882, 18.25571292888754371 ) ) ;
#3993 = EDGE_CURVE ( 'NONE', #3984, #6074, #4458, .T. ) ;
#3994 = CARTESIAN_POINT ( 'NONE',  ( 14.45015257283010257, 0.000000000000000000, 20.62839693420013987 ) ) ;
#3995 = CARTESIAN_POINT ( 'NONE',  ( 0.2496742951962224732, -0.5200508001019926718, 10.49766660023530207 ) ) ;
#3996 = CARTESIAN_POINT ( 'NONE',  ( -3.444951620087285171, 0.6799491998980071727, -9.500615729130947429 ) ) ;
#3997 = CARTESIAN_POINT ( 'NONE',  ( -26.93284847535496596, 6.938893903907228378E-15, -5.815749475225111098 ) ) ;
#3998 = DIRECTION ( 'NONE',  ( 0.000000000000000000, 1.000000000000000000, -0.000000000000000000 ) ) ;
#3999 = FACE_OUTER_BOUND ( 'NONE', #9642, .T. ) ;
#4000 = LINE ( 'NONE', #9281, #5795 ) ;
#4001 = ORIENTED_EDGE ( 'NONE', *, *, #923, .T. ) ;
#4002 = CARTESIAN_POINT ( 'NONE',  ( 14.96822471846723879, 1.079949199897994427, 19.22297641542743207 ) ) ;
#4003 = CARTESIAN_POINT ( 'NONE',  ( 7.597978119328103297, 2.579949199898003975, -23.46122212252468131 ) ) ;
#4004 = LINE ( 'NONE', #7717, #3914 ) ;
#4005 = CARTESIAN_POINT ( 'NONE',  ( -1.773136714106061218, -0.3200508001019938820, -7.683140736352676470 ) ) ;
#4006 = ADVANCED_FACE ( 'NONE', ( #6 ), #1467, .T. ) ;
#4007 = FACE_OUTER_BOUND ( 'NONE', #9184, .T. ) ;
#4008 = EDGE_LOOP ( 'NONE', ( #434, #3017, #1781, #3896 ) ) ;
#4009 = CARTESIAN_POINT ( 'NONE',  ( 15.13376001495587353, 2.079949199897994205, 17.69881245234829947 ) ) ;
#4010 = EDGE_LOOP ( 'NONE', ( #7300, #67, #7869, #2665 ) ) ;
#4011 = CARTESIAN_POINT ( 'NONE',  ( 6.078338133407033439, -0.5200508001019926718, -7.430966110590246920 ) ) ;
#4012 = CARTESIAN_POINT ( 'NONE',  ( 15.11907568536093471, 2.079949199897994205, -17.71840765233399040 ) ) ;
#4013 = CARTESIAN_POINT ( 'NONE',  ( 27.39333754361311435, 3.379949199898008239, -0.9399128949690361834 ) ) ;
#4014 = ORIENTED_EDGE ( 'NONE', *, *, #4696, .T. ) ;
#4015 = CARTESIAN_POINT ( 'NONE',  ( -25.60830140599622240, 2.168404344971008868E-16, 5.207821207608712477 ) ) ;
#4016 = ADVANCED_FACE ( 'NONE', ( #6792 ), #632, .F. ) ;
#4017 = FACE_OUTER_BOUND ( 'NONE', #2009, .T. ) ;
#4018 = CARTESIAN_POINT ( 'NONE',  ( 3.995020432644805553, 0.6799491998980070617, 11.39512653264586994 ) ) ;
#4019 = PRODUCT_CONTEXT ( 'NONE', #6694, 'mechanical' ) ;
#4020 = CARTESIAN_POINT ( 'NONE',  ( 15.88002221791739643, 1.523728698037858376, -18.19988951090912010 ) ) ;
#4021 = LINE ( 'NONE', #7042, #4551 ) ;
#4022 = CARTESIAN_POINT ( 'NONE',  ( -15.76930895782499498, 1.742224035041746832, 18.10268920298610240 ) ) ;
#4023 = AXIS2_PLACEMENT_3D ( 'NONE', #7843, #2619, #7111 ) ;
#4024 = DIRECTION ( 'NONE',  ( -0.000000000000000000, -1.000000000000000000, -0.000000000000000000 ) ) ;
#4025 = CARTESIAN_POINT ( 'NONE',  ( -5.977687994508800173, 0.6799491998980072838, 9.063954365604788066 ) ) ;
#4026 = ORIENTED_EDGE ( 'NONE', *, *, #9345, .F. ) ;
#4027 = CYLINDRICAL_SURFACE ( 'NONE', #7231, 0.5000000000000004441 ) ;
#4028 = VERTEX_POINT ( 'NONE', #9684 ) ;
#4029 = DIRECTION ( 'NONE',  ( -0.000000000000000000, 1.000000000000000000, -0.000000000000000000 ) ) ;
#4030 = CARTESIAN_POINT ( 'NONE',  ( 7.829487298332922229, 1.079949199897997758, 24.11061236562114729 ) ) ;
#4031 = EDGE_CURVE ( 'NONE', #8861, #2699, #44, .T. ) ;
#4032 = CARTESIAN_POINT ( 'NONE',  ( 10.41033196220379331, -0.3200508001019938820, -0.6506331034382522027 ) ) ;
#4033 = ORIENTED_EDGE ( 'NONE', *, *, #8577, .F. ) ;
#4034 = VECTOR ( 'NONE', #420, 1000.000000000000000 ) ;
#4035 = DIRECTION ( 'NONE',  ( -0.000000000000000000, -1.000000000000000000, -0.000000000000000000 ) ) ;
#4036 = CIRCLE ( 'NONE', #8605, 26.35000000000000497 ) ;
#4037 = CARTESIAN_POINT ( 'NONE',  ( 15.98116110149503832, 1.212527905340616385, 18.23242110705119501 ) ) ;
#4038 = CARTESIAN_POINT ( 'NONE',  ( 15.48113585122931113, 1.982986225477855191, -17.95228141816351197 ) ) ;
#4039 = CARTESIAN_POINT ( 'NONE',  ( -1.142136006488409183, 3.379949199898008239, 10.35019729928566790 ) ) ;
#4040 = AXIS2_PLACEMENT_3D ( 'NONE', #1903, #4930, #840 ) ;
#4041 = CARTESIAN_POINT ( 'NONE',  ( 8.016659979266337999, 3.379949199898008239, -23.15900294825323158 ) ) ;
#4042 = DIRECTION ( 'NONE',  ( 0.000000000000000000, 0.000000000000000000, -1.000000000000000000 ) ) ;
#4043 = EDGE_CURVE ( 'NONE', #69, #4446, #7385, .T. ) ;
#4044 = VERTEX_POINT ( 'NONE', #1477 ) ;
#4045 = CARTESIAN_POINT ( 'NONE',  ( -26.93284165500675797, 3.379949199897994028, -5.815748524674013709 ) ) ;
#4046 = CARTESIAN_POINT ( 'NONE',  ( 1.188970032271347010, 3.379949199898005574, 24.45402491859020344 ) ) ;
#4047 = DIRECTION ( 'NONE',  ( -0.000000000000000000, 1.000000000000000000, 0.000000000000000000 ) ) ;
#4048 = AXIS2_PLACEMENT_3D ( 'NONE', #7364, #4391, #3516 ) ;
#4049 = ORIENTED_EDGE ( 'NONE', *, *, #8223, .T. ) ;
#4050 = EDGE_CURVE ( 'NONE', #7852, #4028, #1520, .T. ) ;
#4051 = DIRECTION ( 'NONE',  ( 1.000000000000000000, 0.000000000000000000, 0.000000000000000000 ) ) ;
#4052 = CARTESIAN_POINT ( 'NONE',  ( -7.516920954779542363, -0.5200508001019926718, 0.8898689389679126371 ) ) ;
#4053 = CARTESIAN_POINT ( 'NONE',  ( -7.875148599050266540, 2.579949199897999090, -28.15699999999999292 ) ) ;
#4054 = CARTESIAN_POINT ( 'NONE',  ( -1.996159736512556071, 0.6799491998980072838, -7.785678675439320351 ) ) ;
#4055 = CIRCLE ( 'NONE', #6908, 26.35000000000000497 ) ;
#4056 = CYLINDRICAL_SURFACE ( 'NONE', #4099, 2.000000000000001776 ) ;
#4057 = AXIS2_PLACEMENT_3D ( 'NONE', #1610, #6784, #3766 ) ;
#4058 = ORIENTED_EDGE ( 'NONE', *, *, #3793, .T. ) ;
#4059 = CARTESIAN_POINT ( 'NONE',  ( 15.95878153260234456, 2.079949199897994205, 18.26399841117994782 ) ) ;
#4060 = ORIENTED_EDGE ( 'NONE', *, *, #7382, .F. ) ;
#4061 = CARTESIAN_POINT ( 'NONE',  ( -1.972995026445600431, 3.379949199898008239, -6.463335568246934670 ) ) ;
#4062 = CIRCLE ( 'NONE', #6314, 26.35000000000000497 ) ;
#4063 = CIRCLE ( 'NONE', #473, 0.5000000000000004441 ) ;
#4064 = ORIENTED_EDGE ( 'NONE', *, *, #211, .T. ) ;
#4065 = CARTESIAN_POINT ( 'NONE',  ( -15.73341225007923683, 1.755544887598964099, 18.12806465424639057 ) ) ;
#4066 = DIRECTION ( 'NONE',  ( -0.000000000000000000, -1.000000000000000000, -0.000000000000000000 ) ) ;
#4067 = VERTEX_POINT ( 'NONE', #7414 ) ;
#4068 = CARTESIAN_POINT ( 'NONE',  ( -25.57847377632342400, 0.000000000000000000, 5.403601811366265828 ) ) ;
#4069 = CIRCLE ( 'NONE', #2520, 0.5000000000000004441 ) ;
#4070 = CARTESIAN_POINT ( 'NONE',  ( 5.709905202213700903, -0.3200508001019800042, 6.475936633616035998 ) ) ;
#4071 = CARTESIAN_POINT ( 'NONE',  ( 5.663944978599115387, 0.6799491998981811447, 6.898825894509942103 ) ) ;
#4072 = CARTESIAN_POINT ( 'NONE',  ( 15.96496548226396683, 1.079949199898877499, -18.25551065168074771 ) ) ;
#4073 = CARTESIAN_POINT ( 'NONE',  ( 14.88316527472232131, 1.496977014985647836, -20.96950321024600683 ) ) ;
#4074 = DIRECTION ( 'NONE',  ( 0.000000000000000000, -1.000000000000000000, -0.000000000000000000 ) ) ;
#4075 = AXIS2_PLACEMENT_3D ( 'NONE', #6901, #6171, #1682 ) ;
#4076 = EDGE_CURVE ( 'NONE', #2996, #9361, #4373, .T. ) ;
#4077 = CARTESIAN_POINT ( 'NONE',  ( -5.287689757460261042, -0.5200508001019926718, 3.059931812852650257 ) ) ;
#4078 = CARTESIAN_POINT ( 'NONE',  ( 10.75986225224104764, 0.6799491998980072838, 0.7802957323862268479 ) ) ;
#4079 = CIRCLE ( 'NONE', #1585, 0.9999999999999991118 ) ;
#4080 = EDGE_LOOP ( 'NONE', ( #4086, #2230, #8139, #8904 ) ) ;
#4081 = DIRECTION ( 'NONE',  ( 0.000000000000000000, -1.000000000000000000, 0.000000000000000000 ) ) ;
#4082 = CARTESIAN_POINT ( 'NONE',  ( 6.897978119328096902, 2.579949199898003975, -10.30611445143711613 ) ) ;
#4083 = CARTESIAN_POINT ( 'NONE',  ( 10.24922251997922373, 2.079949199898003975, -23.15217264361940153 ) ) ;
#4084 = AXIS2_PLACEMENT_3D ( 'NONE', #6973, #8291, #9179 ) ;
#4085 = CARTESIAN_POINT ( 'NONE',  ( 11.79040856149358873, 0.6799491998980070617, -1.737731002736780050 ) ) ;
#4086 = ORIENTED_EDGE ( 'NONE', *, *, #9607, .T. ) ;
#4087 = DIRECTION ( 'NONE',  ( 0.000000000000000000, 1.000000000000000000, -0.000000000000000000 ) ) ;
#4088 = LINE ( 'NONE', #1253, #750 ) ;
#4089 = CARTESIAN_POINT ( 'NONE',  ( 15.29676772854838163, 2.058788489210607420, -17.82301634686501757 ) ) ;
#4090 = CARTESIAN_POINT ( 'NONE',  ( -4.781585005895323981, 3.379949199898008239, 4.135363024995432291 ) ) ;
#4091 = AXIS2_PLACEMENT_3D ( 'NONE', #4767, #3348, #8619 ) ;
#4092 = CARTESIAN_POINT ( 'NONE',  ( -6.916078164492592606, 0.6799491998980041751, 4.785527183007433294 ) ) ;
#4093 = CARTESIAN_POINT ( 'NONE',  ( -15.96007584959746417, 2.079949199897984435, 18.26213581549878739 ) ) ;
#4094 = FACE_OUTER_BOUND ( 'NONE', #5912, .T. ) ;
#4095 = ORIENTED_EDGE ( 'NONE', *, *, #4076, .F. ) ;
#4096 = B_SPLINE_CURVE_WITH_KNOTS ( 'NONE', 3,
 ( #9714, #3105, #4580, #2283, #4621, #3757, #6778, #904, #5271, #7598, #9169, #8281, #6129, #7551, #5182, #3809, #6824, #72, #1461, #3064, #9068, #2328, #5325, #8337, #862, #2378, #1798, #1749, #7694, #7891, #1155, #6329, #2574, #6418, #8620, #4769, #2426, #1837, #2616 ),
 .UNSPECIFIED., .F., .F.,
 ( 4, 1, 1, 1, 1, 1, 1, 1, 1, 1, 1, 1, 1, 1, 1, 1, 1, 1, 1, 1, 1, 1, 1, 1, 1, 1, 1, 1, 1, 1, 1, 1, 1, 1, 1, 1, 4 ),
 ( 0.000000000000000000, 0.01562500000000476702, 0.03125000000000953404, 0.03906250000001192102, 0.04296875000001310757, 0.04687500000001430106, 0.05468750000001668110, 0.06250000000001906808, 0.07812500000002384204, 0.09375000000002860212, 0.1250000000000381362, 0.1562500000000476841, 0.1875000000000572042, 0.2187500000000667244, 0.2343750000000714984, 0.2500000000000762723, 0.2578125000000786593, 0.2656250000000810463, 0.2695312500000822120, 0.2734375000000834333, 0.2812500000000858202, 0.2890625000000882072, 0.2968750000000905942, 0.3125000000000953682, 0.3437500000001048606, 0.3593750000001096345, 0.3671875000001120215, 0.3750000000001144085, 0.3789062500001155742, 0.3828125000001167955, 0.3906250000001191824, 0.3984375000001215694, 0.4062500000001239564, 0.4218750000001287304, 0.4375000000001334488, 0.4687500000001429967, 0.5000000000001525446 ),
 .UNSPECIFIED. ) ;
#4097 = CARTESIAN_POINT ( 'NONE',  ( 15.53118259170018867, 1.965464521718737423, 17.93890983355192859 ) ) ;
#4098 = CARTESIAN_POINT ( 'NONE',  ( -4.623886629484631250, 3.379949199898008239, 27.36205716750247063 ) ) ;
#4099 = AXIS2_PLACEMENT_3D ( 'NONE', #2497, #5548, #9144 ) ;
#4100 = CARTESIAN_POINT ( 'NONE',  ( 5.739878136054203495, -0.5200508001019920057, 5.676660058606021408 ) ) ;
#4101 = ORIENTED_EDGE ( 'NONE', *, *, #6520, .F. ) ;
#4102 = DIRECTION ( 'NONE',  ( 1.000000000000000000, 0.000000000000000000, 0.000000000000000000 ) ) ;
#4103 = DIRECTION ( 'NONE',  ( 0.4999999999999946154, -0.000000000000000000, -0.8660254037844418162 ) ) ;
#4104 = EDGE_CURVE ( 'NONE', #6567, #7643, #935, .T. ) ;
#4105 = CARTESIAN_POINT ( 'NONE',  ( 0.8865696207454917266, -0.3200508001019938820, -7.397145212124181413 ) ) ;
#4106 = CIRCLE ( 'NONE', #3653, 0.9999999999999995559 ) ;
#4107 = CARTESIAN_POINT ( 'NONE',  ( 25.51331937384175674, 0.000000000000000000, 5.875506842993686085 ) ) ;
#4108 = EDGE_LOOP ( 'NONE', ( #286, #4475, #9487, #2521 ) ) ;
#4109 = CARTESIAN_POINT ( 'NONE',  ( -14.15325100423916638, 2.079949199897995094, -21.36526225159969883 ) ) ;
#4110 = ORIENTED_EDGE ( 'NONE', *, *, #4315, .T. ) ;
#4111 = CARTESIAN_POINT ( 'NONE',  ( 0.5694618571381547811, -0.5200508001019926718, -6.130601451594168694 ) ) ;
#4112 = VECTOR ( 'NONE', #6813, 1000.000000000000000 ) ;
#4113 = ORIENTED_EDGE ( 'NONE', *, *, #3114, .T. ) ;
#4114 = ADVANCED_FACE ( 'NONE', ( #9471 ), #1260, .T. ) ;
#4115 = DIRECTION ( 'NONE',  ( 0.000000000000000000, 0.000000000000000000, -1.000000000000000000 ) ) ;
#4116 = CARTESIAN_POINT ( 'NONE',  ( -1.189166903101619877, 3.379949199898005574, 24.45430503421430757 ) ) ;
#4117 = VERTEX_POINT ( 'NONE', #5734 ) ;
#4118 = CARTESIAN_POINT ( 'NONE',  ( -6.785654406318726295, 0.6799491998980478069, 3.004196777579192901 ) ) ;
#4119 = CARTESIAN_POINT ( 'NONE',  ( 9.799999999999998934, 2.079949199898003975, -24.55116433719784652 ) ) ;
#4120 = CARTESIAN_POINT ( 'NONE',  ( -4.545811476732330547, 0.6799491998980070617, 9.468699213376474688 ) ) ;
#4121 = ORIENTED_EDGE ( 'NONE', *, *, #6636, .T. ) ;
#4122 = DIRECTION ( 'NONE',  ( 0.000000000000000000, 0.000000000000000000, -1.000000000000000000 ) ) ;
#4123 = CARTESIAN_POINT ( 'NONE',  ( -1.668591799070041848, -0.3200508001019929938, -7.638589884002794150 ) ) ;
#4124 = LINE ( 'NONE', #7146, #8784 ) ;
#4125 = CARTESIAN_POINT ( 'NONE',  ( -17.10079925302489556, 1.913834247260198795, -19.07388644559624424 ) ) ;
#4126 = CARTESIAN_POINT ( 'NONE',  ( 11.90576624010642881, 0.6799491998980072838, -2.896443789560506854 ) ) ;
#4127 = ORIENTED_EDGE ( 'NONE', *, *, #658, .T. ) ;
#4128 = CARTESIAN_POINT ( 'NONE',  ( -8.016659979266391289, 2.579949199897999090, -25.65900294825323158 ) ) ;
#4129 = LINE ( 'NONE', #8951, #666 ) ;
#4130 = ADVANCED_FACE ( 'NONE', ( #3403 ), #4387, .T. ) ;
#4131 = CARTESIAN_POINT ( 'NONE',  ( 10.10758163454262792, 0.6799491998983439034, -0.06303003610369707632 ) ) ;
#4132 = EDGE_CURVE ( 'NONE', #859, #6496, #8888, .T. ) ;
#4133 = EDGE_LOOP ( 'NONE', ( #3706, #5969, #8062, #7034 ) ) ;
#4134 = DIRECTION ( 'NONE',  ( 0.000000000000000000, 1.000000000000000000, -0.000000000000000000 ) ) ;
#4135 = DIRECTION ( 'NONE',  ( 0.000000000000000000, 1.000000000000000000, -0.000000000000000000 ) ) ;
#4136 = CARTESIAN_POINT ( 'NONE',  ( 15.40816618517885850, 2.028726639165801870, -17.86702342283238920 ) ) ;
#4137 = CARTESIAN_POINT ( 'NONE',  ( 4.532895967600847342, 3.379949199898008239, 5.820372001750326874 ) ) ;
#4138 = ORIENTED_EDGE ( 'NONE', *, *, #9521, .F. ) ;
#4139 = DIRECTION ( 'NONE',  ( -0.000000000000000000, -1.000000000000000000, -0.000000000000000000 ) ) ;
#4140 = DIRECTION ( 'NONE',  ( -0.000000000000000000, -1.000000000000000000, 0.000000000000000000 ) ) ;
#4141 = CARTESIAN_POINT ( 'NONE',  ( 0.000000000000000000, 3.379949199898008239, -25.65699999999999648 ) ) ;
#4142 = ORIENTED_EDGE ( 'NONE', *, *, #645, .T. ) ;
#4143 = CARTESIAN_POINT ( 'NONE',  ( 15.91396001994266030, 1.505296091679422243, 18.16145507486442412 ) ) ;
#4144 = CARTESIAN_POINT ( 'NONE',  ( -4.157332302906001864, 3.379949199898008239, 24.60120094879952291 ) ) ;
#4145 = CARTESIAN_POINT ( 'NONE',  ( -4.834673448592520018, -0.5200508001019920057, 9.214614740553079386 ) ) ;
#4146 = DIRECTION ( 'NONE',  ( -0.000000000000000000, -1.000000000000000000, 0.000000000000000000 ) ) ;
#4147 = FACE_OUTER_BOUND ( 'NONE', #373, .T. ) ;
#4148 = SPHERICAL_SURFACE ( 'NONE', #3904, 1.000000000000000000 ) ;
#4149 = ORIENTED_EDGE ( 'NONE', *, *, #5611, .F. ) ;
#4150 = ADVANCED_FACE ( 'NONE', ( #2100 ), #5497, .F. ) ;
#4151 = CARTESIAN_POINT ( 'NONE',  ( 2.182767321570268759, 0.6799491998980070617, -9.015729502225322989 ) ) ;
#4152 = DIRECTION ( 'NONE',  ( -0.000000000000000000, -1.000000000000000000, -0.000000000000000000 ) ) ;
#4153 = ADVANCED_FACE ( 'NONE', ( #1409 ), #4244, .F. ) ;
#4154 = ORIENTED_EDGE ( 'NONE', *, *, #2344, .T. ) ;
#4155 = DIRECTION ( 'NONE',  ( 0.000000000000000000, 0.000000000000000000, 1.000000000000000000 ) ) ;
#4156 = ORIENTED_EDGE ( 'NONE', *, *, #111, .F. ) ;
#4157 = CARTESIAN_POINT ( 'NONE',  ( -4.516397448915184576, -0.5200508001019926718, -7.469189936053055590 ) ) ;
#4158 = CARTESIAN_POINT ( 'NONE',  ( 26.96161968753905569, 80.31423269831148559, -5.620435433936791014 ) ) ;
#4159 = CARTESIAN_POINT ( 'NONE',  ( 26.96161968753904858, 3.379949199898008239, -5.620435433936790126 ) ) ;
#4160 = VERTEX_POINT ( 'NONE', #625 ) ;
#4161 = CARTESIAN_POINT ( 'NONE',  ( -7.859487339206732592, 0.6799491998980068397, 2.086391780395837170 ) ) ;
#4162 = CARTESIAN_POINT ( 'NONE',  ( -10.02538718874729540, 80.31423269831148559, 22.76447847739669328 ) ) ;
#4163 = EDGE_CURVE ( 'NONE', #489, #7613, #1426, .T. ) ;
#4164 = CARTESIAN_POINT ( 'NONE',  ( -6.547890624873542009, 0.6799491998980070617, 7.572501260729528560 ) ) ;
#4165 = ORIENTED_EDGE ( 'NONE', *, *, #1591, .T. ) ;
#4166 = CARTESIAN_POINT ( 'NONE',  ( 4.529829106058810950, 3.379949199898008239, 5.976956525104663243 ) ) ;
#4167 = CARTESIAN_POINT ( 'NONE',  ( -1.508557279773360627, -0.3200508001019929383, -7.577174250371794706 ) ) ;
#4168 = DIRECTION ( 'NONE',  ( 0.000000000000000000, 0.000000000000000000, -1.000000000000000000 ) ) ;
#4169 = EDGE_CURVE ( 'NONE', #3033, #3848, #8171, .T. ) ;
#4170 = DIRECTION ( 'NONE',  ( 0.000000000000000000, -1.000000000000000000, 0.000000000000000000 ) ) ;
#4171 = CARTESIAN_POINT ( 'NONE',  ( 1.252550625573835674, 0.6799491998980070617, 12.57894241278950709 ) ) ;
#4172 = ORIENTED_EDGE ( 'NONE', *, *, #155, .T. ) ;
#4173 = DIRECTION ( 'NONE',  ( 1.000000000000000000, 0.000000000000000000, 2.141633920959021247E-16 ) ) ;
#4174 = CARTESIAN_POINT ( 'NONE',  ( 0.000000000000000000, 1.079949199897997758, 0.000000000000000000 ) ) ;
#4175 = FACE_OUTER_BOUND ( 'NONE', #5567, .T. ) ;
#4176 = CARTESIAN_POINT ( 'NONE',  ( 10.76077142491718774, 0.6799491998980070617, 0.7789356365249078262 ) ) ;
#4177 = ORIENTED_EDGE ( 'NONE', *, *, #4315, .F. ) ;
#4178 = DIRECTION ( 'NONE',  ( -0.000000000000000000, -1.000000000000000000, -0.000000000000000000 ) ) ;
#4179 = CIRCLE ( 'NONE', #8280, 1.000000000000000888 ) ;
#4180 = CARTESIAN_POINT ( 'NONE',  ( -25.99333719928394260, 1.079949199897973999, 0.9048990078504079992 ) ) ;
#4181 = CARTESIAN_POINT ( 'NONE',  ( -27.39328656719431265, 3.379949199898008239, -0.9422253234780512132 ) ) ;
#4182 = CARTESIAN_POINT ( 'NONE',  ( 4.365579562741126907, -0.5200508001019926718, 7.215318816427793713 ) ) ;
#4183 = VERTEX_POINT ( 'NONE', #2773 ) ;
#4184 = CARTESIAN_POINT ( 'NONE',  ( -7.411094947627066887, 0.6799491998980072838, 3.831006674329933137 ) ) ;
#4185 = CIRCLE ( 'NONE', #5941, 1.000000000000000888 ) ;
#4186 = CARTESIAN_POINT ( 'NONE',  ( 13.85873403624071543, 2.079949199898003975, 18.77809241999321799 ) ) ;
#4187 = DIRECTION ( 'NONE',  ( -0.000000000000000000, -1.000000000000000000, -0.000000000000000000 ) ) ;
#4188 = DIRECTION ( 'NONE',  ( 0.000000000000000000, 0.000000000000000000, 1.000000000000000000 ) ) ;
#4189 = VERTEX_POINT ( 'NONE', #6578 ) ;
#4190 = DIRECTION ( 'NONE',  ( 1.000000000000000000, 0.000000000000000000, 2.141633920959021247E-16 ) ) ;
#4191 = DIRECTION ( 'NONE',  ( -0.000000000000000000, -1.000000000000000000, -0.000000000000000000 ) ) ;
#4192 = CARTESIAN_POINT ( 'NONE',  ( 7.853088323723563136, -0.5200508001019920057, 2.086774348607976393 ) ) ;
#4193 = CARTESIAN_POINT ( 'NONE',  ( 14.68284181377946673, 0.000000000000000000, 20.03142652189907125 ) ) ;
#4194 = CARTESIAN_POINT ( 'NONE',  ( 24.56392943107352878, 2.079949199897994205, -5.420843392254087512 ) ) ;
#4195 = CARTESIAN_POINT ( 'NONE',  ( -0.5326156975534696025, 1.079949199898004197, 22.44947472105999253 ) ) ;
#4196 = AXIS2_PLACEMENT_3D ( 'NONE', #6565, #8770, #2033 ) ;
#4197 = ORIENTED_EDGE ( 'NONE', *, *, #2496, .F. ) ;
#4198 = EDGE_CURVE ( 'NONE', #1919, #9053, #2829, .T. ) ;
#4199 = CARTESIAN_POINT ( 'NONE',  ( 1.126777242067579010, 0.6799491998980072838, -7.455732740103600875 ) ) ;
#4200 = CIRCLE ( 'NONE', #6593, 3.925000000000001599 ) ;
#4201 = DIRECTION ( 'NONE',  ( -0.000000000000000000, -1.000000000000000000, -0.000000000000000000 ) ) ;
#4202 = ORIENTED_EDGE ( 'NONE', *, *, #6808, .T. ) ;
#4203 = CARTESIAN_POINT ( 'NONE',  ( -24.72484442853669862, 2.079949199898003531, 4.381308993467473378 ) ) ;
#4204 = B_SPLINE_CURVE_WITH_KNOTS ( 'NONE', 3,
 ( #5720, #1933, #9453, #2711, #8718, #608, #2129, #5871, #8873, #2907, #2867, #798, #1444, #55, #5118, #1489, #3595, #8821, #9610, #5915, #5210, #3650, #8125, #4370, #2222, #9009, #7397, #1392, #7444, #7345, #8, #662, #6669, #2266, #3736, #4504, #5253, #2949, #6711, #3001, #8958, #8264, #9655, #8912, #1531, #2169, #5161, #8175, #3047, #6618, #4418, #705, #6756, #2083, #3692, #3790, #4460, #9694, #5960, #7529, #8225, #7480, #747, #6017, #6806, #5075, #8081, #1345, #4323, #8412, #7033, #3088, #8462, #847, #6061, #6849, #146, #2454, #9244, #1673, #1581, #9196, #6253, #1629, #97, #4650, #4561, #6990, #4605, #6108, #2507 ),
 .UNSPECIFIED., .F., .F.,
 ( 4, 2, 1, 2, 2, 2, 2, 2, 2, 2, 2, 2, 2, 2, 2, 2, 2, 2, 2, 2, 2, 2, 2, 2, 2, 2, 2, 2, 2, 2, 2, 2, 2, 2, 2, 2, 2, 2, 2, 2, 2, 2, 2, 2, 2, 4 ),
 ( 0.000000000000000000, 0.0009765625000000036863, 0.001953125000000007373, 0.003906250000000014745, 0.007812500000000029490, 0.01562499999999994796, 0.03124999999999989592, 0.04687499999999972938, 0.05468749999999965306, 0.06249999999999968081, 0.07812499999999962530, 0.09374999999999968081, 0.1093749999999996392, 0.1249999999999996947, 0.1406249999999996392, 0.1562499999999996947, 0.1718749999999996392, 0.1874999999999996947, 0.1953124999999996392, 0.2031249999999996669, 0.2109374999999996947, 0.2187499999999997224, 0.2343749999999996669, 0.2421874999999996947, 0.2499999999999997224, 0.2656249999999996669, 0.2734374999999997224, 0.2773437499999996114, 0.2812499999999995004, 0.2968749999999995559, 0.3124999999999995004, 0.3281249999999995559, 0.3437499999999995004, 0.3593749999999994449, 0.3671874999999995004, 0.3710937499999993894, 0.3749999999999992784, 0.3906249999999993894, 0.3984374999999992784, 0.4062499999999993339, 0.4218749999999995004, 0.4374999999999995559, 0.4531249999999997224, 0.4687499999999997780, 0.4843749999999999445, 0.5000000000000000000 ),
 .UNSPECIFIED. ) ;
#4205 = ORIENTED_EDGE ( 'NONE', *, *, #5898, .F. ) ;
#4206 = CARTESIAN_POINT ( 'NONE',  ( -6.914150854374013555, -0.5200508001019926718, -7.164139905725427582 ) ) ;
#4207 = CARTESIAN_POINT ( 'NONE',  ( 0.5326156975534642735, 1.079949199898004641, 22.44947472105999253 ) ) ;
#4208 = DIRECTION ( 'NONE',  ( -0.000000000000000000, 1.000000000000000000, -0.000000000000000000 ) ) ;
#4209 = VERTEX_POINT ( 'NONE', #7361 ) ;
#4210 = CARTESIAN_POINT ( 'NONE',  ( -7.710749200483783206, -0.3200508001019938820, 2.185603566442977819 ) ) ;
#4211 = EDGE_CURVE ( 'NONE', #9293, #9382, #5781, .T. ) ;
#4212 = VECTOR ( 'NONE', #1124, 1000.000000000000000 ) ;
#4213 = LINE ( 'NONE', #9545, #5952 ) ;
#4214 = AXIS2_PLACEMENT_3D ( 'NONE', #8998, #648, #3637 ) ;
#4215 = CARTESIAN_POINT ( 'NONE',  ( -5.484666533476664441, 0.6799491998981815888, 7.660540749164236551 ) ) ;
#4216 = VECTOR ( 'NONE', #1997, 1000.000000000000000 ) ;
#4217 = ORIENTED_EDGE ( 'NONE', *, *, #589, .T. ) ;
#4218 = CARTESIAN_POINT ( 'NONE',  ( 7.543763355014132976, 3.379949199898008239, 0.8756415132018243730 ) ) ;
#4219 = CARTESIAN_POINT ( 'NONE',  ( -8.712392472035427105, -0.3200508001019929383, -7.494814080320142402 ) ) ;
#4220 = DIRECTION ( 'NONE',  ( -0.000000000000000000, 1.000000000000000000, 0.000000000000000000 ) ) ;
#4221 = CARTESIAN_POINT ( 'NONE',  ( 4.529849029835427032, -0.5200508001019926718, 6.055442242930848984 ) ) ;
#4222 = CARTESIAN_POINT ( 'NONE',  ( 6.793831314253556464, 0.6799491998980069507, 5.255822520491834737 ) ) ;
#4223 = ORIENTED_EDGE ( 'NONE', *, *, #1957, .F. ) ;
#4224 = CARTESIAN_POINT ( 'NONE',  ( 15.77656999767912716, -0.000000000000000000, -18.48954378570033441 ) ) ;
#4225 = ADVANCED_FACE ( 'NONE', ( #5886 ), #3610, .F. ) ;
#4226 = CIRCLE ( 'NONE', #5973, 1.000000000000000444 ) ;
#4227 = AXIS2_PLACEMENT_3D ( 'NONE', #9626, #4979, #6532 ) ;
#4228 = CARTESIAN_POINT ( 'NONE',  ( -4.157332302906001864, 80.31423269831149980, 27.40120094879952362 ) ) ;
#4229 = CARTESIAN_POINT ( 'NONE',  ( -26.94194965626754978, 0.000000000000000000, -5.750551307542025370 ) ) ;
#4230 = EDGE_CURVE ( 'NONE', #5353, #603, #4384, .T. ) ;
#4231 = CARTESIAN_POINT ( 'NONE',  ( 8.413091171688467540, -0.3200508001019938820, 1.739842711952124477 ) ) ;
#4232 = ORIENTED_EDGE ( 'NONE', *, *, #6117, .F. ) ;
#4233 = CARTESIAN_POINT ( 'NONE',  ( 8.097978119328097080, 0.7145244661592334845, -17.49647864060369074 ) ) ;
#4234 = VECTOR ( 'NONE', #1446, 1000.000000000000114 ) ;
#4235 = AXIS2_PLACEMENT_3D ( 'NONE', #5741, #2838, #8150 ) ;
#4236 = CARTESIAN_POINT ( 'NONE',  ( 4.390609466195313004, 0.000000000000000000, 25.98162905815100032 ) ) ;
#4237 = CARTESIAN_POINT ( 'NONE',  ( -15.99091565748157429, 1.079949199898830425, 18.21400017210561728 ) ) ;
#4238 = CARTESIAN_POINT ( 'NONE',  ( 7.405624619607439563, 3.379949199898008239, 0.9538451586722260789 ) ) ;
#4239 = CARTESIAN_POINT ( 'NONE',  ( 25.57810035232023083, 0.000000000000000000, -5.406252687022702119 ) ) ;
#4240 = EDGE_CURVE ( 'NONE', #6382, #2706, #2433, .T. ) ;
#4241 = ORIENTED_EDGE ( 'NONE', *, *, #3308, .F. ) ;
#4242 = CARTESIAN_POINT ( 'NONE',  ( -8.440843019795966740, 0.6799491998980070617, 2.897108870813268400 ) ) ;
#4243 = AXIS2_PLACEMENT_3D ( 'NONE', #3614, #1459, #5132 ) ;
#4244 = CYLINDRICAL_SURFACE ( 'NONE', #6449, 14.00000000000000000 ) ;
#4245 = DIRECTION ( 'NONE',  ( -0.000000000000000000, 1.000000000000000000, -0.000000000000000000 ) ) ;
#4246 = FACE_OUTER_BOUND ( 'NONE', #493, .T. ) ;
#4247 = ORIENTED_EDGE ( 'NONE', *, *, #6897, .T. ) ;
#4248 = CARTESIAN_POINT ( 'NONE',  ( -7.602021880671909315, 2.579949199898003975, -23.45192124411338597 ) ) ;
#4249 = DIRECTION ( 'NONE',  ( 0.000000000000000000, 0.000000000000000000, -1.000000000000000000 ) ) ;
#4250 = DIRECTION ( 'NONE',  ( 0.000000000000000000, 0.000000000000000000, -1.000000000000000000 ) ) ;
#4251 = DIRECTION ( 'NONE',  ( 0.000000000000000000, -1.000000000000000000, 0.000000000000000000 ) ) ;
#4252 = AXIS2_PLACEMENT_3D ( 'NONE', #7836, #7748, #1005 ) ;
#4253 = DIRECTION ( 'NONE',  ( 0.000000000000000000, 0.000000000000000000, -1.000000000000000000 ) ) ;
#4254 = DIRECTION ( 'NONE',  ( -0.000000000000000000, -1.000000000000000000, 0.000000000000000000 ) ) ;
#4255 = ORIENTED_EDGE ( 'NONE', *, *, #3086, .F. ) ;
#4256 = CARTESIAN_POINT ( 'NONE',  ( -0.2753046630194446731, 0.6799491998980070617, -8.315322805505278581 ) ) ;
#4257 = AXIS2_PLACEMENT_3D ( 'NONE', #7913, #1275, #8015 ) ;
#4258 = CARTESIAN_POINT ( 'NONE',  ( -8.016659979266391289, 80.31423269831148559, -23.15900294825323513 ) ) ;
#4259 = EDGE_CURVE ( 'NONE', #9406, #1532, #4063, .T. ) ;
#4260 = ORIENTED_EDGE ( 'NONE', *, *, #5657, .F. ) ;
#4261 = CARTESIAN_POINT ( 'NONE',  ( 25.99317501555486842, -0.000000000000000000, -1.813657753309866560 ) ) ;
#4262 = EDGE_LOOP ( 'NONE', ( #919, #9319 ) ) ;
#4263 = CARTESIAN_POINT ( 'NONE',  ( -6.608217241885292026, 3.379949199898008239, -7.279531062323593815 ) ) ;
#4264 = ORIENTED_EDGE ( 'NONE', *, *, #3731, .T. ) ;
#4265 = VECTOR ( 'NONE', #5428, 1000.000000000000000 ) ;
#4266 = CARTESIAN_POINT ( 'NONE',  ( -1.385777434302003064, -6.832479122453917419, 24.99930094919824697 ) ) ;
#4267 = ORIENTED_EDGE ( 'NONE', *, *, #1057, .T. ) ;
#4268 = CARTESIAN_POINT ( 'NONE',  ( -10.63406428957647343, 0.6799491998980070617, 0.9459257004252774603 ) ) ;
#4269 = DIRECTION ( 'NONE',  ( 1.858632295689436004E-15, 0.000000000000000000, -1.000000000000000000 ) ) ;
#4270 = CARTESIAN_POINT ( 'NONE',  ( -5.713391474137458736, 0.6799491998979633189, 6.410847343609261451 ) ) ;
#4271 = ORIENTED_EDGE ( 'NONE', *, *, #1112, .F. ) ;
#4272 = CARTESIAN_POINT ( 'NONE',  ( 9.484200166192009007, 3.379949199898008239, -4.383175536709030595 ) ) ;
#4273 = DIRECTION ( 'NONE',  ( -0.4999999999999945044, 0.000000000000000000, -0.8660254037844419273 ) ) ;
#4274 = CARTESIAN_POINT ( 'NONE',  ( -3.282954474443377624, -0.5200508001019926718, -7.105951886061734335 ) ) ;
#4275 = CARTESIAN_POINT ( 'NONE',  ( 4.521200141732914624, -0.5200508001019926718, 6.289814812262489063 ) ) ;
#4276 = CARTESIAN_POINT ( 'NONE',  ( 11.04658055837552233, 0.6799491998980070617, -6.274273592639630692 ) ) ;
#4277 = ORIENTED_EDGE ( 'NONE', *, *, #3439, .T. ) ;
#4278 = LINE ( 'NONE', #7301, #4389 ) ;
#4279 = ADVANCED_FACE ( 'NONE', ( #70 ), #4577, .T. ) ;
#4280 = CARTESIAN_POINT ( 'NONE',  ( 14.47793423166683624, 3.379949199898008239, -21.44763243253714435 ) ) ;
#4281 = DIRECTION ( 'NONE',  ( 0.000000000000000000, 0.000000000000000000, -1.000000000000000000 ) ) ;
#4282 = CARTESIAN_POINT ( 'NONE',  ( 7.700263857226989472, 0.6799491998980070617, 3.484895648447026151 ) ) ;
#4283 = EDGE_LOOP ( 'NONE', ( #586, #1971, #8160, #2050 ) ) ;
#4284 = DIRECTION ( 'NONE',  ( 1.097058324728423223E-15, 0.000000000000000000, -1.000000000000000000 ) ) ;
#4285 = EDGE_CURVE ( 'NONE', #9382, #8530, #8798, .T. ) ;
#4286 = DIRECTION ( 'NONE',  ( 0.000000000000000000, 0.000000000000000000, -1.000000000000000000 ) ) ;
#4287 = CARTESIAN_POINT ( 'NONE',  ( 26.93305267093034416, 3.379949199898008239, 5.814235021358601152 ) ) ;
#4288 = CARTESIAN_POINT ( 'NONE',  ( 3.491947033443773218, -0.5200508001019926718, 8.854551475444953468 ) ) ;
#4289 = CARTESIAN_POINT ( 'NONE',  ( -20.70000000000011298, 2.079949199898003975, -20.69999999999989271 ) ) ;
#4290 = ORIENTED_EDGE ( 'NONE', *, *, #4570, .F. ) ;
#4291 = DIRECTION ( 'NONE',  ( -0.000000000000000000, -1.000000000000000000, -0.000000000000000000 ) ) ;
#4292 = CARTESIAN_POINT ( 'NONE',  ( -15.92615634155078119, 2.079949199897992429, 18.30916389212559992 ) ) ;
#4293 = DIRECTION ( 'NONE',  ( -0.4999999999999946154, 0.000000000000000000, 0.8660254037844418162 ) ) ;
#4294 = ORIENTED_EDGE ( 'NONE', *, *, #3648, .F. ) ;
#4295 = CARTESIAN_POINT ( 'NONE',  ( -6.326916435308330477, -0.5200508001019856774, 3.659938406190045956 ) ) ;
#4296 = CARTESIAN_POINT ( 'NONE',  ( 16.70925739877612415, 3.379949199898008239, -19.84907255162304551 ) ) ;
#4297 = EDGE_CURVE ( 'NONE', #6846, #598, #1885, .T. ) ;
#4298 = CARTESIAN_POINT ( 'NONE',  ( 21.15717546953937855, 0.000000000000000000, -16.79266425619381664 ) ) ;
#4299 = CARTESIAN_POINT ( 'NONE',  ( 8.574069581478983793, 2.079949199898003975, 17.25072264368863273 ) ) ;
#4300 = CARTESIAN_POINT ( 'NONE',  ( 24.54060820709039703, 2.079949199897991097, -5.588783712151433214 ) ) ;
#4301 = CARTESIAN_POINT ( 'NONE',  ( -14.99025681781555264, -0.000000000000000000, 19.20683139993017363 ) ) ;
#4302 = ORIENTED_EDGE ( 'NONE', *, *, #1551, .F. ) ;
#4303 = ADVANCED_FACE ( 'NONE', ( #7596 ), #3380, .F. ) ;
#4304 = CARTESIAN_POINT ( 'NONE',  ( -1.098356931227203459, -0.3200508001019938820, -7.445157029602998300 ) ) ;
#4305 = CARTESIAN_POINT ( 'NONE',  ( -26.96161968753904858, 3.379949199898008239, -5.620435433936790126 ) ) ;
#4306 = VERTEX_POINT ( 'NONE', #5376 ) ;
#4307 = CARTESIAN_POINT ( 'NONE',  ( 15.96132149934769551, 1.079949199897995760, 18.26034327870277352 ) ) ;
#4308 = ORIENTED_EDGE ( 'NONE', *, *, #9667, .T. ) ;
#4309 = CARTESIAN_POINT ( 'NONE',  ( -9.450482892799600521, 3.379949199898008239, -1.475565097142745419 ) ) ;
#4310 = ORIENTED_EDGE ( 'NONE', *, *, #7002, .F. ) ;
#4311 = CARTESIAN_POINT ( 'NONE',  ( -15.30808228761353185, 2.055846156346095022, 17.83091808672592293 ) ) ;
#4312 = EDGE_LOOP ( 'NONE', ( #6419, #4937, #9099, #7898 ) ) ;
#4313 = CARTESIAN_POINT ( 'NONE',  ( -7.944601662733934866, 0.6799491998980070617, 3.260685585959106181 ) ) ;
#4314 = ORIENTED_EDGE ( 'NONE', *, *, #3842, .F. ) ;
#4315 = EDGE_CURVE ( 'NONE', #8571, #5595, #5603, .T. ) ;
#4316 = CARTESIAN_POINT ( 'NONE',  ( -20.87844544752097420, 80.31423269831148559, -14.37751771673020684 ) ) ;
#4317 = CARTESIAN_POINT ( 'NONE',  ( -1.632419059050152166, -0.3200508001019938820, 11.45889006313546687 ) ) ;
#4318 = VERTEX_POINT ( 'NONE', #9117 ) ;
#4319 = CARTESIAN_POINT ( 'NONE',  ( 9.084716761247866756, 3.379949199898008239, -0.6875950358792026762 ) ) ;
#4320 = CARTESIAN_POINT ( 'NONE',  ( -5.903897449954713217, -0.3200508001019929938, -8.676121183921951641 ) ) ;
#4321 = CARTESIAN_POINT ( 'NONE',  ( 2.420640199896541667, -0.5200508001019926718, -6.658470421492949320 ) ) ;
#4322 = CARTESIAN_POINT ( 'NONE',  ( 9.478377253900498900, -0.5200508001019926718, -1.559915373907895253 ) ) ;
#4323 = CARTESIAN_POINT ( 'NONE',  ( 2.636939910028039957, 3.379949199898008239, -6.764576644185178900 ) ) ;
#4324 = EDGE_LOOP ( 'NONE', ( #698, #3220, #7221, #3493 ) ) ;
#4325 = LINE ( 'NONE', #8127, #1113 ) ;
#4326 = EDGE_CURVE ( 'NONE', #951, #6496, #6078, .T. ) ;
#4327 = LINE ( 'NONE', #9614, #4989 ) ;
#4328 = CARTESIAN_POINT ( 'NONE',  ( 6.813201597502165363, 0.6799491998979857454, 2.967288850449547155 ) ) ;
#4329 = ORIENTED_EDGE ( 'NONE', *, *, #6212, .F. ) ;
#4330 = DIRECTION ( 'NONE',  ( 0.000000000000000000, -1.000000000000000000, 0.000000000000000000 ) ) ;
#4331 = EDGE_LOOP ( 'NONE', ( #6512, #388, #8942, #8191 ) ) ;
#4332 = CARTESIAN_POINT ( 'NONE',  ( -16.68316361913661083, 2.079949199898020851, -19.56651210297200194 ) ) ;
#4333 = CARTESIAN_POINT ( 'NONE',  ( -14.45015257283010612, 0.000000000000000000, 20.62839693420014342 ) ) ;
#4334 = CARTESIAN_POINT ( 'NONE',  ( 3.390918863645657755, 3.379949199898008239, 8.972443137289904058 ) ) ;
#4335 = CARTESIAN_POINT ( 'NONE',  ( -2.771554868604003463, 0.000000000000000000, 24.80025094899888671 ) ) ;
#4336 = ORIENTED_EDGE ( 'NONE', *, *, #7387, .F. ) ;
#4337 = EDGE_CURVE ( 'NONE', #5502, #6307, #3103, .T. ) ;
#4338 = CARTESIAN_POINT ( 'NONE',  ( -7.602021880671909315, 2.579949199898003975, -23.45192124411338952 ) ) ;
#4339 = CARTESIAN_POINT ( 'NONE',  ( -15.29756087385880292, 2.079949199897993761, 18.94821873546481683 ) ) ;
#4340 = DIRECTION ( 'NONE',  ( 0.000000000000000000, 0.000000000000000000, -1.000000000000000000 ) ) ;
#4341 = ORIENTED_EDGE ( 'NONE', *, *, #5083, .F. ) ;
#4342 = DIRECTION ( 'NONE',  ( 0.000000000000000000, 0.000000000000000000, 1.000000000000000000 ) ) ;
#4343 = CARTESIAN_POINT ( 'NONE',  ( -1.905255239212023222, 0.000000000000000000, 1.099999625233993639 ) ) ;
#4344 = DIRECTION ( 'NONE',  ( 0.000000000000000000, 1.000000000000000000, -0.000000000000000000 ) ) ;
#4345 = CARTESIAN_POINT ( 'NONE',  ( -20.87844544752097420, 80.31423269831148559, -14.37751771673020684 ) ) ;
#4346 = CARTESIAN_POINT ( 'NONE',  ( 8.805062429031291771, 80.31423269831148559, 24.33027839477195897 ) ) ;
#4347 = CARTESIAN_POINT ( 'NONE',  ( -20.87844544752097420, 1.079949199897997758, -14.37751771673020684 ) ) ;
#4348 = CARTESIAN_POINT ( 'NONE',  ( 6.824376860793315736, 0.6799491998980070617, -9.515812621127865967 ) ) ;
#4349 = EDGE_CURVE ( 'NONE', #1362, #3207, #7534, .T. ) ;
#4350 = CARTESIAN_POINT ( 'NONE',  ( -24.52031145519825728, 1.079949199898004197, -5.757060811133435152 ) ) ;
#4351 = EDGE_CURVE ( 'NONE', #5613, #5328, #4532, .T. ) ;
#4352 = ORIENTED_EDGE ( 'NONE', *, *, #2915, .T. ) ;
#4353 = CARTESIAN_POINT ( 'NONE',  ( -15.88889922360257145, 1.079949199897997758, 18.35848383869919687 ) ) ;
#4354 = CIRCLE ( 'NONE', #7360, 0.5000000000000004441 ) ;
#4355 = ORIENTED_EDGE ( 'NONE', *, *, #2384, .T. ) ;
#4356 = CARTESIAN_POINT ( 'NONE',  ( -8.422014941248306741, 3.379949199898008239, 0.1842721795463520273 ) ) ;
#4357 = ORIENTED_EDGE ( 'NONE', *, *, #150, .F. ) ;
#4358 = VECTOR ( 'NONE', #6209, 1000.000000000000000 ) ;
#4359 = DIRECTION ( 'NONE',  ( 0.000000000000000000, 0.000000000000000000, -1.000000000000000000 ) ) ;
#4360 = ORIENTED_EDGE ( 'NONE', *, *, #185, .T. ) ;
#4361 = CARTESIAN_POINT ( 'NONE',  ( -9.076264568398714871, 0.6799491998980072838, 1.208371627334031917 ) ) ;
#4362 = AXIS2_PLACEMENT_3D ( 'NONE', #3237, #6257, #9305 ) ;
#4363 = CARTESIAN_POINT ( 'NONE',  ( 6.559185737486042278, -0.3200508001019929383, 3.293265794263746216 ) ) ;
#4364 = CARTESIAN_POINT ( 'NONE',  ( -5.756296029189396535, 0.6799491998979740881, 5.470682072110934158 ) ) ;
#4365 = ORIENTED_EDGE ( 'NONE', *, *, #5657, .T. ) ;
#4366 = CARTESIAN_POINT ( 'NONE',  ( 2.771554868603997690, 1.079949199898004641, 24.80025094899888671 ) ) ;
#4367 = AXIS2_PLACEMENT_3D ( 'NONE', #1263, #9523, #2969 ) ;
#4368 = CARTESIAN_POINT ( 'NONE',  ( -9.489905415789301912, -0.5200508001019926718, -4.368034375032027405 ) ) ;
#4369 = LINE ( 'NONE', #8263, #8336 ) ;
#4370 = CARTESIAN_POINT ( 'NONE',  ( -9.547063912130525409, 3.379949199898008239, -1.786235405114957819 ) ) ;
#4371 = ORIENTED_EDGE ( 'NONE', *, *, #1795, .T. ) ;
#4372 = DIRECTION ( 'NONE',  ( 0.000000000000000000, 0.000000000000000000, 1.000000000000000000 ) ) ;
#4373 = CIRCLE ( 'NONE', #144, 27.75000000000000355 ) ;
#4374 = CARTESIAN_POINT ( 'NONE',  ( -9.271337228896699756, 80.31423269831148559, 26.15539726305211943 ) ) ;
#4375 = CARTESIAN_POINT ( 'NONE',  ( 8.809962056138022746, 0.6799491998980070617, 1.442767476289296136 ) ) ;
#4376 = ORIENTED_EDGE ( 'NONE', *, *, #5278, .F. ) ;
#4377 = DIRECTION ( 'NONE',  ( 0.000000000000000000, 0.000000000000000000, -1.000000000000000000 ) ) ;
#4378 = CIRCLE ( 'NONE', #3101, 1.399999999999998579 ) ;
#4379 = EDGE_CURVE ( 'NONE', #4117, #1515, #5813, .T. ) ;
#4380 = CARTESIAN_POINT ( 'NONE',  ( 13.37653520018803555, 2.079949199897998646, 21.62483333992008028 ) ) ;
#4381 = AXIS2_PLACEMENT_3D ( 'NONE', #6096, #7661, #879 ) ;
#4382 = CARTESIAN_POINT ( 'NONE',  ( -15.99407193982682607, 1.079949199897969780, 18.20803970888895051 ) ) ;
#4383 = CARTESIAN_POINT ( 'NONE',  ( 7.543763355014132976, -0.5200508001019926718, 0.8756415132018243730 ) ) ;
#4384 = CIRCLE ( 'NONE', #3282, 2.800000000000000266 ) ;
#4385 = CARTESIAN_POINT ( 'NONE',  ( 26.93282224811209602, 3.379949199898008239, -5.815873627415224512 ) ) ;
#4386 = ORIENTED_EDGE ( 'NONE', *, *, #8384, .T. ) ;
#4387 = CYLINDRICAL_SURFACE ( 'NONE', #5966, 5.324999999999956657 ) ;
#4388 = CARTESIAN_POINT ( 'NONE',  ( -8.016659979266391289, 80.31423269831148559, -23.15900294825323513 ) ) ;
#4389 = VECTOR ( 'NONE', #5077, 1000.000000000000000 ) ;
#4391 = DIRECTION ( 'NONE',  ( -0.000000000000000000, -1.000000000000000000, -0.000000000000000000 ) ) ;
#4390 = AXIS2_PLACEMENT_3D ( 'NONE', #175, #5233, #1609 ) ;
#4392 = EDGE_LOOP ( 'NONE', ( #9469, #4954, #2002 ) ) ;
#4393 = CARTESIAN_POINT ( 'NONE',  ( -7.230971026567325488, -0.5200508001019856774, 2.546572495540383230 ) ) ;
#4394 = DIRECTION ( 'NONE',  ( 0.000000000000000000, 0.000000000000000000, -1.000000000000000000 ) ) ;
#4395 = CARTESIAN_POINT ( 'NONE',  ( 14.88316527472231954, 0.000000000000000000, -20.37839693420014697 ) ) ;
#4396 = LINE ( 'NONE', #4346, #6777 ) ;
#4397 = DIRECTION ( 'NONE',  ( 0.000000000000000000, -1.000000000000000000, 0.000000000000000000 ) ) ;
#4398 = PRESENTATION_LAYER_ASSIGNMENT (  '', '', ( #8647 ) ) ;
#4399 = CIRCLE ( 'NONE', #2842, 26.35000000000000497 ) ;
#4400 = DIRECTION ( 'NONE',  ( 0.000000000000000000, -1.000000000000000000, -0.000000000000000000 ) ) ;
#4401 = CARTESIAN_POINT ( 'NONE',  ( 8.097978119328097080, 0.6799491998980041751, -11.00611445143712253 ) ) ;
#4402 = AXIS2_PLACEMENT_3D ( 'NONE', #2582, #4140, #7064 ) ;
#4403 = ORIENTED_EDGE ( 'NONE', *, *, #7184, .T. ) ;
#4404 = CARTESIAN_POINT ( 'NONE',  ( -14.79177809833739587, 0.000000000000000000, 19.36139349711870494 ) ) ;
#4405 = ORIENTED_EDGE ( 'NONE', *, *, #3586, .T. ) ;
#4406 = CARTESIAN_POINT ( 'NONE',  ( -5.330110156327411808, -0.5200508001019926718, 2.987713317254983902 ) ) ;
#4407 = ADVANCED_FACE ( 'NONE', ( #8278 ), #8216, .F. ) ;
#4408 = DIRECTION ( 'NONE',  ( 0.000000000000000000, 1.000000000000000000, -0.000000000000000000 ) ) ;
#4409 = ORIENTED_EDGE ( 'NONE', *, *, #7442, .F. ) ;
#4410 = CARTESIAN_POINT ( 'NONE',  ( -11.57696752797095385, 0.6799491998980070617, -0.9041997443651988986 ) ) ;
#4411 = CARTESIAN_POINT ( 'NONE',  ( 10.69963681568949099, -0.3200508001019927162, -4.498836403316345489 ) ) ;
#4412 = CARTESIAN_POINT ( 'NONE',  ( 14.40813922126654312, 1.079949199897995760, 19.61364848793045823 ) ) ;
#4413 = ORIENTED_EDGE ( 'NONE', *, *, #3793, .F. ) ;
#4414 = CARTESIAN_POINT ( 'NONE',  ( -2.428613773699728640, 3.379949199898008239, 9.800604731441159956 ) ) ;
#4415 = CIRCLE ( 'NONE', #4729, 1.000000000000000888 ) ;
#4416 = EDGE_CURVE ( 'NONE', #5595, #8680, #6179, .T. ) ;
#4417 = CARTESIAN_POINT ( 'NONE',  ( 15.13601157954355081, 2.079949199897994205, -17.69561761823250023 ) ) ;
#4418 = CARTESIAN_POINT ( 'NONE',  ( -3.282954474443377624, 3.379949199898008239, -7.105951886061734335 ) ) ;
#4419 = VERTEX_POINT ( 'NONE', #1835 ) ;
#4420 = LINE ( 'NONE', #9696, #2057 ) ;
#4421 = AXIS2_PLACEMENT_3D ( 'NONE', #7201, #9266, #6421 ) ;
#4422 = CARTESIAN_POINT ( 'NONE',  ( 15.99407193982682607, 1.079949199898025292, -18.20803970888895051 ) ) ;
#4423 = B_SPLINE_SURFACE_WITH_KNOTS ( 'NONE', 3, 1, ( 
 ( #8189, #4239 ),
 ( #3557, #6575 ),
 ( #7358, #9566 ),
 ( #6481, #9468 ) ),
 .UNSPECIFIED., .F., .F., .F.,
 ( 4, 4 ),
 ( 2, 2 ),
 ( 0.000000000000000000, 1.000000000000000000 ),
 ( 0.000000000000000000, 1.000000000000000000 ),
 .UNSPECIFIED. ) ;
#4424 = CARTESIAN_POINT ( 'NONE',  ( 5.815056097426841042, 0.6799491998979739771, 5.069896699040345567 ) ) ;
#4425 = ORIENTED_EDGE ( 'NONE', *, *, #2566, .F. ) ;
#4426 = CARTESIAN_POINT ( 'NONE',  ( -0.08023447354177938584, 2.301165735640162691, 22.39836345443195142 ) ) ;
#4427 = CARTESIAN_POINT ( 'NONE',  ( -21.00285463593972679, 0.000000000000000000, -16.78670163806914672 ) ) ;
#4428 = FACE_OUTER_BOUND ( 'NONE', #133, .T. ) ;
#4429 = DIRECTION ( 'NONE',  ( -0.000000000000000000, -1.000000000000000000, -0.000000000000000000 ) ) ;
#4430 = DIRECTION ( 'NONE',  ( -0.000000000000000000, 1.000000000000000000, -0.000000000000000000 ) ) ;
#4431 = ORIENTED_EDGE ( 'NONE', *, *, #7133, .T. ) ;
#4432 = EDGE_CURVE ( 'NONE', #8815, #2543, #5010, .T. ) ;
#4433 = EDGE_CURVE ( 'NONE', #9293, #6446, #1571, .T. ) ;
#4434 = DIRECTION ( 'NONE',  ( 0.000000000000000000, 0.000000000000000000, 1.000000000000000000 ) ) ;
#4435 = CARTESIAN_POINT ( 'NONE',  ( -15.15685912178877892, 0.000000000000000000, 20.79683650938151374 ) ) ;
#4436 = DIRECTION ( 'NONE',  ( 0.4999999999999956146, 0.000000000000000000, 0.8660254037844412611 ) ) ;
#4437 = VERTEX_POINT ( 'NONE', #5471 ) ;
#4438 = LINE ( 'NONE', #7318, #6655 ) ;
#4439 = FACE_OUTER_BOUND ( 'NONE', #9691, .T. ) ;
#4440 = CARTESIAN_POINT ( 'NONE',  ( 25.51331937384174964, 0.000000000000000000, 5.875506842993694967 ) ) ;
#4441 = CARTESIAN_POINT ( 'NONE',  ( 26.93282224811140679, 3.379949199898008239, -5.815873627420203640 ) ) ;
#4442 = CARTESIAN_POINT ( 'NONE',  ( 15.62587276064558672, 1.079949199900551271, 18.64942885424222396 ) ) ;
#4443 = CARTESIAN_POINT ( 'NONE',  ( 9.159211616996374872, -0.3200508001019938820, -7.103395862501137081 ) ) ;
#4444 = EDGE_CURVE ( 'NONE', #675, #6928, #2824, .T. ) ;
#4445 = CARTESIAN_POINT ( 'NONE',  ( 15.97302828482873061, -0.000000000000000000, 18.24777947797652189 ) ) ;
#4446 = VERTEX_POINT ( 'NONE', #1796 ) ;
#4447 = CARTESIAN_POINT ( 'NONE',  ( -16.88298393716743817, 1.079949199897997758, -17.74855740762624379 ) ) ;
#4448 = EDGE_LOOP ( 'NONE', ( #4749, #5410, #1001, #8509 ) ) ;
#4449 = CARTESIAN_POINT ( 'NONE',  ( 15.12853249046251491, 2.079949199898003975, 17.70594342235027696 ) ) ;
#4450 = EDGE_CURVE ( 'NONE', #6591, #9123, #151, .T. ) ;
#4451 = CARTESIAN_POINT ( 'NONE',  ( 20.87844544752079656, 0.000000000000000000, -14.37751771673045909 ) ) ;
#4452 = CARTESIAN_POINT ( 'NONE',  ( -8.874060540621293569, -0.3200508001019938820, -7.361793848829340625 ) ) ;
#4453 = EDGE_CURVE ( 'NONE', #5574, #4643, #9612, .T. ) ;
#4454 = CARTESIAN_POINT ( 'NONE',  ( 10.88566113561897630, -0.3200508001019929383, -2.515903816165346640 ) ) ;
#4455 = DIRECTION ( 'NONE',  ( 0.000000000000000000, 0.000000000000000000, 1.000000000000000000 ) ) ;
#4456 = CARTESIAN_POINT ( 'NONE',  ( -20.69999999999989271, 0.000000000000000000, 16.77500000000015490 ) ) ;
#4457 = ORIENTED_EDGE ( 'NONE', *, *, #869, .T. ) ;
#4458 = LINE ( 'NONE', #9007, #8309 ) ;
#4459 = CARTESIAN_POINT ( 'NONE',  ( 15.13505182624732726, 2.079949199897994205, -17.69699266587208086 ) ) ;
#4460 = CARTESIAN_POINT ( 'NONE',  ( -2.271831819524089191, 3.379949199898008239, -6.584687999720055807 ) ) ;
#4461 = VERTEX_POINT ( 'NONE', #2572 ) ;
#4462 = DIRECTION ( 'NONE',  ( 0.000000000000000000, 0.000000000000000000, 1.000000000000000000 ) ) ;
#4463 = EDGE_CURVE ( 'NONE', #2924, #4446, #8575, .T. ) ;
#4464 = CARTESIAN_POINT ( 'NONE',  ( 7.189620572146070643, -0.5200508001019787940, 2.581012364937203429 ) ) ;
#4465 = CARTESIAN_POINT ( 'NONE',  ( 5.729725230300219074, -0.3200508001019938820, 6.019831251420634466 ) ) ;
#4466 = VERTEX_POINT ( 'NONE', #4082 ) ;
#4467 = CARTESIAN_POINT ( 'NONE',  ( 26.94220438769641390, 3.379949199898007794, 5.748688297567736250 ) ) ;
#4468 = ADVANCED_FACE ( 'NONE', ( #3204 ), #7503, .T. ) ;
#4469 = CYLINDRICAL_SURFACE ( 'NONE', #3572, 0.5000000000000004441 ) ;
#4470 = VERTEX_POINT ( 'NONE', #1745 ) ;
#4471 = CARTESIAN_POINT ( 'NONE',  ( 25.55787239625529139, 1.079949199898018852, 5.540195661379864411 ) ) ;
#4472 = CARTESIAN_POINT ( 'NONE',  ( 9.364479067422660563, 80.31423269831148559, -4.679536894392197333 ) ) ;
#4473 = EDGE_LOOP ( 'NONE', ( #1750, #8277, #3002, #5619 ) ) ;
#4474 = CARTESIAN_POINT ( 'NONE',  ( 15.78097176769932908, 1.689520103077108093, 18.16105345084635303 ) ) ;
#4475 = ORIENTED_EDGE ( 'NONE', *, *, #2714, .T. ) ;
#4476 = DIRECTION ( 'NONE',  ( -0.000000000000000000, -1.000000000000000000, -0.000000000000000000 ) ) ;
#4477 = DIRECTION ( 'NONE',  ( -0.1421785715709708853, 0.000000000000000000, 0.9898410245014288567 ) ) ;
#4478 = DIRECTION ( 'NONE',  ( -0.4999999999999967248, 5.141896656960252299E-15, -0.8660254037844405950 ) ) ;
#4479 = VERTEX_POINT ( 'NONE', #5616 ) ;
#4480 = CARTESIAN_POINT ( 'NONE',  ( 9.297978119328096369, 80.31423269831148559, -23.46122212252468131 ) ) ;
#4481 = CARTESIAN_POINT ( 'NONE',  ( -6.326916435308330477, 36.00942792662765868, 3.659938406190045956 ) ) ;
#4482 = LINE ( 'NONE', #6039, #4803 ) ;
#4483 = CARTESIAN_POINT ( 'NONE',  ( 26.95154657450019187, -1.387778780781445676E-14, -5.685502984222263301 ) ) ;
#4484 = FACE_OUTER_BOUND ( 'NONE', #6083, .T. ) ;
#4485 = CARTESIAN_POINT ( 'NONE',  ( 7.211358593473361722, 0.6799491998980070617, -8.344913808289877721 ) ) ;
#4486 = CARTESIAN_POINT ( 'NONE',  ( -7.602021880671909315, 2.579949199898003975, -23.45192124411338597 ) ) ;
#4487 = VERTEX_POINT ( 'NONE', #9316 ) ;
#4488 = DIRECTION ( 'NONE',  ( 0.000000000000000000, 0.000000000000000000, -1.000000000000000000 ) ) ;
#4489 = ORIENTED_EDGE ( 'NONE', *, *, #9325, .T. ) ;
#4490 = CARTESIAN_POINT ( 'NONE',  ( -7.516920954779542363, -0.5200508001019926718, 0.8898689389679126371 ) ) ;
#4491 = EDGE_CURVE ( 'NONE', #8282, #7927, #3893, .T. ) ;
#4492 = AXIS2_PLACEMENT_3D ( 'NONE', #2820, #1403, #8089 ) ;
#4493 = CARTESIAN_POINT ( 'NONE',  ( 17.23131124203197473, 0.000000000000000000, 18.86320297791349176 ) ) ;
#4494 = DIRECTION ( 'NONE',  ( 0.000000000000000000, 0.000000000000000000, -1.000000000000000000 ) ) ;
#4495 = CARTESIAN_POINT ( 'NONE',  ( -10.79680809811509867, -0.3200508001019938820, -4.082222679548989319 ) ) ;
#4496 = VECTOR ( 'NONE', #2438, 1000.000000000000000 ) ;
#4497 = CARTESIAN_POINT ( 'NONE',  ( 10.83744226323401882, -0.3200508001019928273, -3.850135725563880396 ) ) ;
#4498 = CARTESIAN_POINT ( 'NONE',  ( 10.34776754399081788, -0.3200508001019939375, -5.449023555785253770 ) ) ;
#4499 = DIRECTION ( 'NONE',  ( 1.000000000000000000, 0.000000000000000000, 0.000000000000000000 ) ) ;
#4500 = VERTEX_POINT ( 'NONE', #166 ) ;
#4501 = CARTESIAN_POINT ( 'NONE',  ( -4.988203453104849139, 3.379949199898008239, 3.578649707940959601 ) ) ;
#4502 = EDGE_CURVE ( 'NONE', #5972, #6612, #639, .T. ) ;
#4503 = CARTESIAN_POINT ( 'NONE',  ( 15.96135171772820449, 1.079949199897995760, -18.26029977587528208 ) ) ;
#4504 = CARTESIAN_POINT ( 'NONE',  ( -7.768532583743247066, 3.379949199898008239, -6.692875143246167724 ) ) ;
#4505 = EDGE_LOOP ( 'NONE', ( #5395, #4001 ) ) ;
#4506 = AXIS2_PLACEMENT_3D ( 'NONE', #9369, #138, #5581 ) ;
#4507 = CARTESIAN_POINT ( 'NONE',  ( -25.95844327459868239, 1.079949199897997536, -1.811819077863813243 ) ) ;
#4508 = DIRECTION ( 'NONE',  ( 0.000000000000000000, -1.000000000000000000, 0.000000000000000000 ) ) ;
#4509 = CARTESIAN_POINT ( 'NONE',  ( 5.715103532522142871, 0.6799491998980079499, 6.388506927663470059 ) ) ;
#4510 = CIRCLE ( 'NONE', #5470, 1.000000000000000444 ) ;
#4511 = DIRECTION ( 'NONE',  ( 0.000000000000000000, 0.000000000000000000, -1.000000000000000000 ) ) ;
#4512 = LINE ( 'NONE', #2106, #5319 ) ;
#4513 = CARTESIAN_POINT ( 'NONE',  ( -15.98116231890776895, 1.212527845933012660, 18.23241880803638892 ) ) ;
#4514 = ORIENTED_EDGE ( 'NONE', *, *, #4977, .T. ) ;
#4515 = CIRCLE ( 'NONE', #6276, 0.5000000000000004441 ) ;
#4516 = ADVANCED_FACE ( 'NONE', ( #2423 ), #4667, .T. ) ;
#4517 = DIRECTION ( 'NONE',  ( -0.000000000000000000, -1.000000000000000000, -0.000000000000000000 ) ) ;
#4518 = CYLINDRICAL_SURFACE ( 'NONE', #7062, 3.925000000000001599 ) ;
#4519 = ORIENTED_EDGE ( 'NONE', *, *, #1632, .F. ) ;
#4520 = LINE ( 'NONE', #1642, #4851 ) ;
#4521 = CIRCLE ( 'NONE', #9577, 26.35000000000000497 ) ;
#4522 = ORIENTED_EDGE ( 'NONE', *, *, #2186, .T. ) ;
#4523 = ADVANCED_FACE ( 'NONE', ( #261 ), #7692, .T. ) ;
#4524 = CARTESIAN_POINT ( 'NONE',  ( 15.94893020610289192, 1.079949199898053269, -18.27803342811781562 ) ) ;
#4525 = AXIS2_PLACEMENT_3D ( 'NONE', #1041, #213, #3099 ) ;
#4526 = DIRECTION ( 'NONE',  ( 0.000000000000000000, 1.000000000000000000, -0.000000000000000000 ) ) ;
#4527 = CARTESIAN_POINT ( 'NONE',  ( 25.51309696382764258, 0.000000000000000000, -5.876918927264313197 ) ) ;
#4528 = VERTEX_POINT ( 'NONE', #3987 ) ;
#4529 = CARTESIAN_POINT ( 'NONE',  ( -5.383696924591212962, -0.5200508001019856774, -8.752820880454251551 ) ) ;
#4530 = CARTESIAN_POINT ( 'NONE',  ( 1.905255239212023222, 0.000000000000000000, 1.099999625233993639 ) ) ;
#4531 = TOROIDAL_SURFACE ( 'NONE', #1723, 0.3999999999999999667, 1.000000000000000000 ) ;
#4532 = CIRCLE ( 'NONE', #309, 3.800000000000001155 ) ;
#4533 = CARTESIAN_POINT ( 'NONE',  ( -24.52031145519827504, 2.079949199897994205, -5.757060811133421829 ) ) ;
#4534 = EDGE_CURVE ( 'NONE', #7086, #7468, #2042, .T. ) ;
#4535 = CARTESIAN_POINT ( 'NONE',  ( 15.94893020610289902, 1.245590054261473956, -18.27803342811782983 ) ) ;
#4536 = CARTESIAN_POINT ( 'NONE',  ( 20.87844544752079656, 1.079949199897997758, -15.37751771673045909 ) ) ;
#4537 = CARTESIAN_POINT ( 'NONE',  ( -9.271337228896699756, 0.000000000000000000, 26.15539726305211943 ) ) ;
#4538 = CIRCLE ( 'NONE', #2047, 5.324999999999996625 ) ;
#4539 = AXIS2_PLACEMENT_3D ( 'NONE', #1765, #7858, #4740 ) ;
#4540 = CARTESIAN_POINT ( 'NONE',  ( 17.23131124203197828, 3.379949199898008239, 18.86320297791348821 ) ) ;
#4541 = CARTESIAN_POINT ( 'NONE',  ( -27.35706510254059154, 0.000000000000000000, -1.883446633294121320 ) ) ;
#4542 = CARTESIAN_POINT ( 'NONE',  ( -15.99407193982682607, 0.000000000000000000, 18.20803970888895051 ) ) ;
#4543 = ORIENTED_EDGE ( 'NONE', *, *, #3412, .F. ) ;
#4544 = CARTESIAN_POINT ( 'NONE',  ( -6.318594350640745816, -0.5200508001019926718, 1.757993006381758372 ) ) ;
#4545 = CIRCLE ( 'NONE', #3144, 1.000000000000000888 ) ;
#4546 = CARTESIAN_POINT ( 'NONE',  ( -13.86899728391798980, 2.079949199898016854, 21.48359523605714116 ) ) ;
#4547 = AXIS2_PLACEMENT_3D ( 'NONE', #7931, #4170, #9452 ) ;
#4548 = CARTESIAN_POINT ( 'NONE',  ( -1.037323153333318260, -0.5200508001019926718, -6.198933741207649284 ) ) ;
#4549 = CARTESIAN_POINT ( 'NONE',  ( -10.67303918438835630, 0.000000000000000000, 23.41746387032908316 ) ) ;
#4550 = CARTESIAN_POINT ( 'NONE',  ( -6.849917814636920177, 0.6799491998980070617, -9.509169410732337013 ) ) ;
#4551 = VECTOR ( 'NONE', #6089, 1000.000000000000000 ) ;
#4552 = ADVANCED_FACE ( 'NONE', ( #8531 ), #5665, .F. ) ;
#4553 = ADVANCED_FACE ( 'NONE', ( #5014 ), #1342, .F. ) ;
#4554 = CARTESIAN_POINT ( 'NONE',  ( -1.622117450701320296, -0.3200508001019929383, 11.46997480522942148 ) ) ;
#4555 = CARTESIAN_POINT ( 'NONE',  ( 21.15717546953937855, 3.379949199898008239, -14.79266425619381486 ) ) ;
#4556 = LINE ( 'NONE', #9651, #2022 ) ;
#4557 = ORIENTED_EDGE ( 'NONE', *, *, #5611, .T. ) ;
#4558 = CARTESIAN_POINT ( 'NONE',  ( -14.24982911188724621, 1.079949199898004641, 20.28142652189907125 ) ) ;
#4559 = CIRCLE ( 'NONE', #7422, 3.924999999999956302 ) ;
#4560 = CARTESIAN_POINT ( 'NONE',  ( 15.96007584959746950, 2.079949199897990209, -18.26213581549879450 ) ) ;
#4561 = CARTESIAN_POINT ( 'NONE',  ( 8.530788704135732203, 3.379949199898008239, -6.029881035023462843 ) ) ;
#4562 = ORIENTED_EDGE ( 'NONE', *, *, #903, .T. ) ;
#4563 = CARTESIAN_POINT ( 'NONE',  ( -25.95896845130050323, 1.079949199897997758, 1.805038463780672453 ) ) ;
#4564 = CARTESIAN_POINT ( 'NONE',  ( 6.019274490945710099, -0.5200508001019787940, 4.265607724915896348 ) ) ;
#4565 = AXIS2_PLACEMENT_3D ( 'NONE', #5500, #193, #9292 ) ;
#4566 = CARTESIAN_POINT ( 'NONE',  ( 5.749078784615469395, -0.3200508001019938820, 5.568871470250860156 ) ) ;
#4567 = CARTESIAN_POINT ( 'NONE',  ( 14.00000000000000355, 3.379949199898008239, 25.49999999999999645 ) ) ;
#4568 = CARTESIAN_POINT ( 'NONE',  ( -15.66005381428565713, 1.879914448147247175, 18.01408863263195315 ) ) ;
#4569 = CARTESIAN_POINT ( 'NONE',  ( -15.18491607416150835, 2.079949199897968892, 17.73824598560020149 ) ) ;
#4570 = EDGE_CURVE ( 'NONE', #5928, #517, #7150, .T. ) ;
#4571 = CYLINDRICAL_SURFACE ( 'NONE', #1279, 27.75000000000000355 ) ;
#4572 = DIRECTION ( 'NONE',  ( -0.4999999999999933942, -4.739352673451085319E-15, -0.8660254037844425934 ) ) ;
#4573 = ORIENTED_EDGE ( 'NONE', *, *, #111, .T. ) ;
#4574 = B_SPLINE_CURVE_WITH_KNOTS ( 'NONE', 3,
 ( #7246, #9503, #2757, #5762, #8764, #8031, #9138, #2081, #46, #5072, #2808, #9550, #2127, #6150, #6837, #8870, #5288, #8079, #7615, #6560, #877, #7342, #1343, #4321, #8123, #606, #2395, #6667, #5397, #3593, #87, #4548, #8401, #3125, #3867, #836, #6880, #3036, #5817, #6095, #4274, #9606, #6616, #6051, #8818, #5346, #2864, #5869, #4596, #9085, #132, #7297, #8299, #2298, #8354, #3077, #557, #3544, #9041, #2346, #5116, #1389, #4368, #7395, #659, #3647, #1569, #1619, #7570, #3824, #7715, #1067, #4782, #4741, #7023, #6388, #4052, #331, #5493, #9376, #3176, #7073, #2631, #9186, #280, #2443, #187, #6931, #9230, #3364, #3323 ),
 .UNSPECIFIED., .F., .F.,
 ( 4, 2, 2, 2, 2, 2, 2, 2, 2, 2, 2, 2, 2, 2, 2, 2, 2, 2, 2, 2, 2, 2, 2, 2, 2, 2, 2, 2, 2, 2, 2, 2, 2, 2, 2, 2, 2, 2, 2, 2, 2, 2, 2, 1, 2, 4 ),
 ( 0.5000000000000000000, 0.5156250000000001110, 0.5312500000000002220, 0.5468750000000003331, 0.5625000000000004441, 0.5781250000000005551, 0.5937500000000006661, 0.6015625000000006661, 0.6093750000000006661, 0.6250000000000006661, 0.6289062500000006661, 0.6328125000000004441, 0.6406250000000005551, 0.6562500000000004441, 0.6718750000000004441, 0.6875000000000004441, 0.7031250000000004441, 0.7187500000000004441, 0.7226562500000004441, 0.7265625000000003331, 0.7343750000000003331, 0.7500000000000002220, 0.7578125000000003331, 0.7656250000000003331, 0.7812500000000002220, 0.7890625000000003331, 0.7968750000000003331, 0.8046875000000004441, 0.8125000000000002220, 0.8281250000000003331, 0.8437500000000002220, 0.8593750000000003331, 0.8750000000000003331, 0.8906250000000004441, 0.9062500000000003331, 0.9218750000000004441, 0.9375000000000003331, 0.9453125000000003331, 0.9531250000000002220, 0.9687500000000001110, 0.9843750000000000000, 0.9921875000000000000, 0.9960937500000000000, 0.9980468750000000000, 0.9990234375000000000, 1.000000000000000000 ),
 .UNSPECIFIED. ) ;
#4575 = CARTESIAN_POINT ( 'NONE',  ( 13.99999999999999645, 0.000000000000000000, -25.49999999999999645 ) ) ;
#4576 = VERTEX_POINT ( 'NONE', #45 ) ;
#4577 = CYLINDRICAL_SURFACE ( 'NONE', #8954, 20.00000000000000000 ) ;
#4578 = FACE_OUTER_BOUND ( 'NONE', #6825, .T. ) ;
#4579 = ADVANCED_FACE ( 'NONE', ( #8400 ), #784, .T. ) ;
#4580 = CARTESIAN_POINT ( 'NONE',  ( -6.764634522576817410, -0.5200508001019920057, 2.999933877537228177 ) ) ;
#4581 = VERTEX_POINT ( 'NONE', #5868 ) ;
#4582 = CARTESIAN_POINT ( 'NONE',  ( 4.112035914904700995, -0.3200508001019800042, -8.626283859362214201 ) ) ;
#4583 = EDGE_LOOP ( 'NONE', ( #5080, #6305, #8760, #2374 ) ) ;
#4584 = CIRCLE ( 'NONE', #3813, 25.35000000000000497 ) ;
#4585 = CARTESIAN_POINT ( 'NONE',  ( 15.18274884599982322, 2.079949199897997314, 17.74168813928831767 ) ) ;
#4586 = CARTESIAN_POINT ( 'NONE',  ( 25.57847377689379442, 80.31423269831148559, 5.403601807681492453 ) ) ;
#4587 = CARTESIAN_POINT ( 'NONE',  ( 6.897978119328096902, -0.01004049788285018771, -11.00611445143712253 ) ) ;
#4588 = CARTESIAN_POINT ( 'NONE',  ( 7.572263412967013885, 0.6799491998980071727, -9.279275726972640470 ) ) ;
#4589 = CARTESIAN_POINT ( 'NONE',  ( 16.70925739877612060, 3.379949199898008239, 19.84907255162304551 ) ) ;
#4590 = EDGE_CURVE ( 'NONE', #2410, #8328, #2349, .T. ) ;
#4591 = DIRECTION ( 'NONE',  ( 0.000000000000000000, 0.000000000000000000, 1.000000000000000000 ) ) ;
#4592 = DIRECTION ( 'NONE',  ( -0.000000000000000000, 1.000000000000000000, -0.000000000000000000 ) ) ;
#4593 = ORIENTED_EDGE ( 'NONE', *, *, #8906, .F. ) ;
#4594 = ADVANCED_FACE ( 'NONE', ( #1661 ), #835, .T. ) ;
#4595 = DIRECTION ( 'NONE',  ( -0.4999999999999944489, 0.000000000000000000, -0.8660254037844419273 ) ) ;
#4596 = CARTESIAN_POINT ( 'NONE',  ( -5.975469824244458827, -0.5200508001019926718, -7.451307599385940783 ) ) ;
#4597 = DIRECTION ( 'NONE',  ( -0.000000000000000000, -1.000000000000000000, -0.000000000000000000 ) ) ;
#4598 = CARTESIAN_POINT ( 'NONE',  ( -10.53102141099773448, -0.3200508001019938820, -5.015402530109510870 ) ) ;
#4599 = DIRECTION ( 'NONE',  ( -0.000000000000000000, -1.000000000000000000, -0.000000000000000000 ) ) ;
#4600 = CARTESIAN_POINT ( 'NONE',  ( 10.25673448082277162, 2.127885236278773906, -24.29500292032842168 ) ) ;
#4601 = CARTESIAN_POINT ( 'NONE',  ( 15.05126761570291372, 2.079949199897994205, 17.79920601168258898 ) ) ;
#4602 = ORIENTED_EDGE ( 'NONE', *, *, #2186, .F. ) ;
#4603 = CARTESIAN_POINT ( 'NONE',  ( 3.682493360019453821, 3.379949199898008239, 8.607665899409749244 ) ) ;
#4604 = CARTESIAN_POINT ( 'NONE',  ( 15.13310493692684666, 2.079949199897994205, -17.69972239581792550 ) ) ;
#4605 = CARTESIAN_POINT ( 'NONE',  ( 9.095682545581592393, 3.379949199898008239, -5.255590992977749565 ) ) ;
#4606 = ORIENTED_EDGE ( 'NONE', *, *, #1171, .T. ) ;
#4607 = CARTESIAN_POINT ( 'NONE',  ( -10.34480784725613667, 2.092094524917806453, -24.06989674270723256 ) ) ;
#4608 = CARTESIAN_POINT ( 'NONE',  ( 5.642665651958676420, -0.3200508001019800042, 7.058521496858927158 ) ) ;
#4609 = CARTESIAN_POINT ( 'NONE',  ( 6.732403394217248760, 0.6799491998980070617, 5.881515285193615661 ) ) ;
#4610 = CARTESIAN_POINT ( 'NONE',  ( -26.93284165500675442, 3.379949199898008239, -5.815748524674013709 ) ) ;
#4611 = DIRECTION ( 'NONE',  ( -0.000000000000000000, 1.000000000000000000, -0.000000000000000000 ) ) ;
#4612 = LINE ( 'NONE', #6319, #3304 ) ;
#4613 = LINE ( 'NONE', #3198, #1252 ) ;
#4614 = EDGE_CURVE ( 'NONE', #6274, #6393, #6086, .T. ) ;
#4615 = CARTESIAN_POINT ( 'NONE',  ( -10.24922251997922729, 80.31423269831148559, 23.15217264361941218 ) ) ;
#4616 = CARTESIAN_POINT ( 'NONE',  ( -2.857081250753293222, 0.6799491998980068397, 12.07051983440582887 ) ) ;
#4617 = ORIENTED_EDGE ( 'NONE', *, *, #4198, .F. ) ;
#4618 = DIRECTION ( 'NONE',  ( 0.000000000000000000, 0.000000000000000000, 1.000000000000000000 ) ) ;
#4619 = ORIENTED_EDGE ( 'NONE', *, *, #991, .F. ) ;
#4620 = CARTESIAN_POINT ( 'NONE',  ( -8.102021880671903986, 1.905485931032907088, -19.13424221904402600 ) ) ;
#4621 = CARTESIAN_POINT ( 'NONE',  ( -7.598366446151796794, -0.5200508001019920057, 2.262243670864564127 ) ) ;
#4622 = ORIENTED_EDGE ( 'NONE', *, *, #6881, .F. ) ;
#4623 = CARTESIAN_POINT ( 'NONE',  ( -7.002861641453975494, -0.5200508001019856774, -8.518034572794224601 ) ) ;
#4624 = ORIENTED_EDGE ( 'NONE', *, *, #9558, .F. ) ;
#4625 = CARTESIAN_POINT ( 'NONE',  ( 15.87902978804685006, 1.582291454498178762, 18.14121279975622514 ) ) ;
#4626 = SPHERICAL_SURFACE ( 'NONE', #3288, 1.000000000000000000 ) ;
#4627 = ADVANCED_FACE ( 'NONE', ( #3866 ), #686, .F. ) ;
#4628 = DIRECTION ( 'NONE',  ( -0.000000000000000000, -1.000000000000000000, -0.000000000000000000 ) ) ;
#4629 = PLANE ( 'NONE',  #6634 ) ;
#4630 = CARTESIAN_POINT ( 'NONE',  ( 20.85023272854516208, 1.079949199897997758, -15.37711965874938613 ) ) ;
#4631 = DIRECTION ( 'NONE',  ( 0.8355560679372396882, -0.000000000000000000, 0.5494051850258233616 ) ) ;
#4632 = FACE_OUTER_BOUND ( 'NONE', #5216, .T. ) ;
#4633 = ORIENTED_EDGE ( 'NONE', *, *, #8508, .F. ) ;
#4634 = CARTESIAN_POINT ( 'NONE',  ( 16.70925739877612060, 3.379949199898008239, 19.84907255162304551 ) ) ;
#4635 = CARTESIAN_POINT ( 'NONE',  ( -26.93307697989903104, 3.379949199898007350, 5.814078173911672920 ) ) ;
#4636 = ORIENTED_EDGE ( 'NONE', *, *, #7123, .T. ) ;
#4637 = ADVANCED_FACE ( 'NONE', ( #6050 ), #9040, .F. ) ;
#4638 = DIRECTION ( 'NONE',  ( -0.000000000000000000, -1.000000000000000000, -0.000000000000000000 ) ) ;
#4639 = CARTESIAN_POINT ( 'NONE',  ( -6.475396607075883715, 0.6799491998980070617, -9.595461673079046960 ) ) ;
#4640 = EDGE_CURVE ( 'NONE', #4067, #6331, #2345, .T. ) ;
#4641 = DIRECTION ( 'NONE',  ( 0.1197792902511465585, 4.899373648252180281E-14, 0.9928005447354124602 ) ) ;
#4642 = CARTESIAN_POINT ( 'NONE',  ( -27.39328656719431265, 3.379949199898008239, -0.9422253234780512132 ) ) ;
#4643 = VERTEX_POINT ( 'NONE', #7614 ) ;
#4644 = CIRCLE ( 'NONE', #8438, 1.500000000000001332 ) ;
#4645 = CARTESIAN_POINT ( 'NONE',  ( 15.95651391651718320, 1.079949199897995760, 18.26726161815456351 ) ) ;
#4646 = EDGE_LOOP ( 'NONE', ( #1823, #2540, #5422, #220 ) ) ;
#4647 = CARTESIAN_POINT ( 'NONE',  ( -3.136945145172829630, 3.379949199898008239, -7.036270077619079188 ) ) ;
#4648 = ADVANCED_FACE ( 'NONE', ( #4147 ), #7124, .T. ) ;
#4649 = CARTESIAN_POINT ( 'NONE',  ( 14.40813922126654312, 2.079949199898015078, -19.61364848793046178 ) ) ;
#4650 = CARTESIAN_POINT ( 'NONE',  ( 8.073186969602916818, 3.379949199898008239, -6.469362131626117396 ) ) ;
#4651 = VERTEX_POINT ( 'NONE', #6978 ) ;
#4652 = CARTESIAN_POINT ( 'NONE',  ( -25.95896845130050323, 2.168404344971008868E-16, 1.805038463780672453 ) ) ;
#4653 = CARTESIAN_POINT ( 'NONE',  ( -6.326916435308330477, -0.5200508001019787940, 3.659938406190045956 ) ) ;
#4654 = B_SPLINE_SURFACE_WITH_KNOTS ( 'NONE', 3, 1, ( 
 ( #2834, #4295 ),
 ( #3759, #5934 ),
 ( #5184, #1416 ),
 ( #8892, #4393 ),
 ( #5042, #3670 ),
 ( #5842, #6037 ),
 ( #8056, #8841 ),
 ( #8930, #3711 ),
 ( #2104, #2147 ),
 ( #5137, #6687 ),
 ( #9672, #6731 ),
 ( #7553, #2285 ),
 ( #3253, #906 ),
 ( #116, #8283 ),
 ( #6826, #4623 ),
 ( #821, #4529 ),
 ( #1008, #1695 ),
 ( #9124, #7600 ),
 ( #7644, #5475 ),
 ( #5273, #6229 ),
 ( #4673, #172 ),
 ( #266, #6082 ),
 ( #3811, #9028 ),
 ( #3107, #1554 ),
 ( #74, #7696 ),
 ( #3991, #1751 ),
 ( #2330, #6131 ),
 ( #6867, #3066 ),
 ( #9070, #8387 ),
 ( #3208, #9171 ),
 ( #2380, #5327 ),
 ( #8339, #1604 ),
 ( #4582, #3897 ),
 ( #5380, #2475 ),
 ( #864, #4727 ),
 ( #8431, #8485 ),
 ( #958, #3853 ),
 ( #1648, #6914 ),
 ( #7009, #3951 ) ),
 .UNSPECIFIED., .F., .F., .F.,
 ( 4, 1, 1, 1, 1, 1, 1, 1, 1, 1, 1, 1, 1, 1, 1, 1, 1, 1, 1, 1, 1, 1, 1, 1, 1, 1, 1, 1, 1, 1, 1, 1, 1, 1, 1, 1, 4 ),
 ( 2, 2 ),
 ( -3.876254872636764048E-11, 0.01562500000000000000, 0.03125000000000000000, 0.03906250000000000000, 0.04296875000000000000, 0.04687500000000000000, 0.05468750000000000000, 0.06250000000000000000, 0.07812500000000000000, 0.09375000000000000000, 0.1250000000000000000, 0.1562500000000000000, 0.1875000000000000000, 0.2187500000000000000, 0.2343750000000000000, 0.2500000000000000000, 0.2578125000000000000, 0.2656250000000000000, 0.2695312500000000000, 0.2734375000000000000, 0.2812500000000000000, 0.2890625000000000000, 0.2968750000000000000, 0.3125000000000000000, 0.3437500000000000000, 0.3593750000000000000, 0.3671875000000000000, 0.3750000000000000000, 0.3789062500000000000, 0.3828125000000000000, 0.3906250000000000000, 0.3984375000000000000, 0.4062500000000000000, 0.4218750000000000000, 0.4375000000000000000, 0.4687500000000000000, 0.5000000000000000000 ),
 ( 0.000000000000000000, 1.000000000000000000 ),
 .UNSPECIFIED. ) ;
#4655 = CARTESIAN_POINT ( 'NONE',  ( 0.3913227285886741180, -0.3200508001019938820, 11.68227146000116257 ) ) ;
#4656 = CARTESIAN_POINT ( 'NONE',  ( -15.15685912178877892, 0.000000000000000000, 20.79683650938151374 ) ) ;
#4657 = CARTESIAN_POINT ( 'NONE',  ( 15.40305592247177913, 2.028887375409862859, -17.87554828051661815 ) ) ;
#4658 = AXIS2_PLACEMENT_3D ( 'NONE', #4826, #5738, #8738 ) ;
#4659 = DIRECTION ( 'NONE',  ( -0.000000000000000000, 1.000000000000000000, -0.000000000000000000 ) ) ;
#4660 = CARTESIAN_POINT ( 'NONE',  ( -15.63318169351407150, 1.878844213156612764, 18.05847386908705587 ) ) ;
#4661 = CARTESIAN_POINT ( 'NONE',  ( -4.459224883258029237, -0.5200508001019926718, 6.818994293679510932 ) ) ;
#4662 = CARTESIAN_POINT ( 'NONE',  ( -6.853696674010754997, 0.6799491998980043972, 4.978875694657262763 ) ) ;
#4663 = ORIENTED_EDGE ( 'NONE', *, *, #7110, .T. ) ;
#4664 = CARTESIAN_POINT ( 'NONE',  ( -6.318196086759758856, -0.3200508001019957693, 3.674811307503099478 ) ) ;
#4665 = ORIENTED_EDGE ( 'NONE', *, *, #4285, .F. ) ;
#4666 = TOROIDAL_SURFACE ( 'NONE', #4196, 25.35000000000000497, 1.000000000000000000 ) ;
#4667 = CYLINDRICAL_SURFACE ( 'NONE', #8486, 20.00000000000000355 ) ;
#4668 = FACE_OUTER_BOUND ( 'NONE', #1353, .T. ) ;
#4669 = ADVANCED_FACE ( 'NONE', ( #1954 ), #2541, .F. ) ;
#4670 = UNCERTAINTY_MEASURE_WITH_UNIT (LENGTH_MEASURE( 1.000000000000000082E-05 ), #4801, 'distance_accuracy_value', 'NONE');
#4671 = CARTESIAN_POINT ( 'NONE',  ( 11.81658712467443983, 0.6799491998980070617, -4.070736660864829659 ) ) ;
#4672 = ORIENTED_EDGE ( 'NONE', *, *, #7373, .T. ) ;
#4673 = CARTESIAN_POINT ( 'NONE',  ( -2.304543576352324763, -0.3200508001019800042, -7.952308916876944522 ) ) ;
#4674 = B_SPLINE_CURVE_WITH_KNOTS ( 'NONE', 3,
 ( #3244, #4662, #2468, #8526, #1741, #5466, #9256, #6858, #8570, #8474, #1640, #5421, #2519, #5521, #4761, #4025, #305, #3296, #9312, #6322, #2568, #5566, #9163, #4616, #7637, #3889, #160, #3153, #6175, #7830, #8766, #4912, #7932, #9506, #4171, #559, #5612, #1977, #3547, #7192, #1196, #5669, #7982, #5017, #450, #7101, #3498, #6562, #1881, #7249, #7299, #9552, #1832, #4861, #2810, #4222, #4960, #5820, #4805, #357, #1094, #5764, #1242, #6411, #2759, #6517, #2028, #9354, #8614, #7886, #8034, #4078, #9399, #3344, #6368, #1149, #3441, #2658, #4126, #7148, #1298, #6466, #2609, #509, #4276, #8669, #403, #3387 ),
 .UNSPECIFIED., .F., .F.,
 ( 4, 2, 2, 2, 2, 2, 2, 2, 2, 2, 2, 2, 2, 2, 2, 2, 2, 2, 2, 2, 2, 2, 2, 2, 2, 2, 2, 2, 2, 2, 2, 2, 2, 2, 2, 2, 2, 2, 2, 2, 2, 2, 2, 4 ),
 ( 0.0006774526110344835815, 0.001283681080111920411, 0.001586795314650640181, 0.001889909549189360168, 0.002496138018266799707, 0.003102366487344239247, 0.004314823425499120062, 0.004921051894576560469, 0.005527280363654000876, 0.006739737301808886027, 0.007952194239963770311, 0.009164651178118654595, 0.01037710811627353714, 0.01098333658535098102, 0.01158956505442842316, 0.01280202199258331092, 0.01340825046166075479, 0.01401447893073819694, 0.01522693586889308469, 0.01643939280704796724, 0.01765184974520285499, 0.01886430668335773581, 0.02007676362151262356, 0.02128922055966750090, 0.02250167749782237825, 0.02310790596689982213, 0.02341102020143854059, 0.02371413443597725906, 0.02432036290505469947, 0.02492659137413213988, 0.02553281984320958029, 0.02613904831228702416, 0.02674527678136446457, 0.02735150525044190498, 0.02856396218859678579, 0.02977641912675166314, 0.03098887606490654048, 0.03220133300306141783, 0.03341378994121629864, 0.03462624687937117252, 0.03583870381752605333, 0.03705116075568092721, 0.03826361769383580802, 0.03947607463199068190 ),
 .UNSPECIFIED. ) ;
#4675 = ORIENTED_EDGE ( 'NONE', *, *, #263, .T. ) ;
#4676 = CARTESIAN_POINT ( 'NONE',  ( 14.68284181377946673, 2.079949199898003975, 20.03142652189907125 ) ) ;
#4677 = FACE_OUTER_BOUND ( 'NONE', #5607, .T. ) ;
#4678 = CARTESIAN_POINT ( 'NONE',  ( -0.6881547795825440073, -0.5200508001019926718, 10.45160490713936596 ) ) ;
#4679 = AXIS2_PLACEMENT_3D ( 'NONE', #2745, #490, #4155 ) ;
#4680 = CARTESIAN_POINT ( 'NONE',  ( 20.70000000000011653, 0.000000000000000000, 20.69999999999988916 ) ) ;
#4681 = CIRCLE ( 'NONE', #461, 5.324999999999954881 ) ;
#4682 = CARTESIAN_POINT ( 'NONE',  ( -25.51278645079302621, 3.379949199898008239, 10.91605366037708613 ) ) ;
#4683 = VECTOR ( 'NONE', #6981, 1000.000000000000000 ) ;
#4684 = AXIS2_PLACEMENT_3D ( 'NONE', #5131, #5838, #7999 ) ;
#4685 = DIRECTION ( 'NONE',  ( 0.000000000000000000, 1.000000000000000000, -0.000000000000000000 ) ) ;
#4686 = CARTESIAN_POINT ( 'NONE',  ( 0.7903703658367194906, 3.379949199898004242, 24.03040227051902278 ) ) ;
#4687 = FACE_OUTER_BOUND ( 'NONE', #3499, .T. ) ;
#4688 = ORIENTED_EDGE ( 'NONE', *, *, #7512, .F. ) ;
#4689 = CARTESIAN_POINT ( 'NONE',  ( 2.471582693207898807, -0.3200508001019928828, -8.041473203882697263 ) ) ;
#4690 = FACE_OUTER_BOUND ( 'NONE', #8444, .T. ) ;
#4691 = ORIENTED_EDGE ( 'NONE', *, *, #9075, .T. ) ;
#4692 = CIRCLE ( 'NONE', #1262, 0.5000000000000004441 ) ;
#4693 = DIRECTION ( 'NONE',  ( -0.000000000000000000, -1.000000000000000000, -0.000000000000000000 ) ) ;
#4694 = CARTESIAN_POINT ( 'NONE',  ( -4.592825512182752590, 0.6799491998980070617, -9.698209582711148968 ) ) ;
#4695 = CARTESIAN_POINT ( 'NONE',  ( 9.865249847919239201, 2.372221837927016796, -24.85729218161828058 ) ) ;
#4696 = EDGE_CURVE ( 'NONE', #4437, #5467, #4781, .T. ) ;
#4697 = VECTOR ( 'NONE', #4139, 1000.000000000000000 ) ;
#4698 = ORIENTED_EDGE ( 'NONE', *, *, #7036, .T. ) ;
#4699 = CARTESIAN_POINT ( 'NONE',  ( 14.32065540419266725, 2.079949199897973333, 18.45714783168673279 ) ) ;
#4700 = AXIS2_PLACEMENT_3D ( 'NONE', #9529, #3568, #2782 ) ;
#4701 = VERTEX_POINT ( 'NONE', #1172 ) ;
#4702 = CARTESIAN_POINT ( 'NONE',  ( 5.130597256004566731, -0.5200508001019926718, -7.523709311588551607 ) ) ;
#4703 = CARTESIAN_POINT ( 'NONE',  ( -15.81982514243836668, 1.621336179514170972, 18.18812042901993919 ) ) ;
#4704 = CARTESIAN_POINT ( 'NONE',  ( 27.25002848017653889, 3.379949199898008239, 3.757510016559140631 ) ) ;
#4705 = ORIENTED_EDGE ( 'NONE', *, *, #5589, .T. ) ;
#4706 = CARTESIAN_POINT ( 'NONE',  ( -25.69208185577769754, 1.079949199897997758, 4.619681488027887362 ) ) ;
#4707 = CIRCLE ( 'NONE', #8192, 1.500000000000001332 ) ;
#4708 = AXIS2_PLACEMENT_3D ( 'NONE', #523, #1986, #7409 ) ;
#4709 = CARTESIAN_POINT ( 'NONE',  ( -1.288050882874017145, -0.3200508001019800042, 11.71531628763374400 ) ) ;
#4710 = ADVANCED_FACE ( 'NONE', ( #3267 ), #8806, .F. ) ;
#4711 = CARTESIAN_POINT ( 'NONE',  ( 6.353642882811511683, 0.6799491998980070617, 8.220933949456451728 ) ) ;
#4712 = DIRECTION ( 'NONE',  ( 0.000000000000000000, 0.000000000000000000, -1.000000000000000000 ) ) ;
#4713 = CARTESIAN_POINT ( 'NONE',  ( 15.77981387178338224, 1.741829325398215111, -18.08366881033223805 ) ) ;
#4714 = CIRCLE ( 'NONE', #6161, 3.924999999999935429 ) ;
#4715 = DIRECTION ( 'NONE',  ( -0.8660254037844425934, 0.000000000000000000, -0.4999999999999933942 ) ) ;
#4716 = CARTESIAN_POINT ( 'NONE',  ( -15.23782850916279408, 2.073592753446121595, 17.77730759217379486 ) ) ;
#4717 = CARTESIAN_POINT ( 'NONE',  ( -4.077869669792796969, -0.5200508001019926718, 7.963353714786881810 ) ) ;
#4718 = CARTESIAN_POINT ( 'NONE',  ( 20.87844544752097420, 2.079949199898003975, 14.37751771673019974 ) ) ;
#4719 = VERTEX_POINT ( 'NONE', #2588 ) ;
#4720 = DIRECTION ( 'NONE',  ( 0.000000000000000000, 0.000000000000000000, -1.000000000000000000 ) ) ;
#4721 = ORIENTED_EDGE ( 'NONE', *, *, #1208, .T. ) ;
#4722 = AXIS2_PLACEMENT_3D ( 'NONE', #5527, #1746, #8532 ) ;
#4723 = CARTESIAN_POINT ( 'NONE',  ( 0.000000000000000000, 0.5799491998979778851, 19.39999999999999858 ) ) ;
#4724 = DIRECTION ( 'NONE',  ( 0.000000000000000000, 0.000000000000000000, 1.000000000000000000 ) ) ;
#4725 = CARTESIAN_POINT ( 'NONE',  ( 10.12095088676910848, 0.6799491998980070617, -7.534164092166028226 ) ) ;
#4726 = ORIENTED_EDGE ( 'NONE', *, *, #1845, .F. ) ;
#4727 = CARTESIAN_POINT ( 'NONE',  ( 5.922320688123341448, -0.5200508001019856774, -8.704738941881270620 ) ) ;
#4728 = DIRECTION ( 'NONE',  ( 0.000000000000000000, 0.000000000000000000, -1.000000000000000000 ) ) ;
#4729 = AXIS2_PLACEMENT_3D ( 'NONE', #4350, #9586, #7376 ) ;
#4730 = CARTESIAN_POINT ( 'NONE',  ( 15.25611200289787561, 2.068634192316414211, -17.79470431243609596 ) ) ;
#4731 = CARTESIAN_POINT ( 'NONE',  ( -2.428613773699728640, 3.379949199898008239, 9.800604731441159956 ) ) ;
#4732 = EDGE_CURVE ( 'NONE', #7691, #2996, #2630, .T. ) ;
#4733 = LINE ( 'NONE', #7606, #2517 ) ;
#4734 = DIRECTION ( 'NONE',  ( -0.9511089690580337708, 1.071557824164119434E-15, 0.3088555147271360157 ) ) ;
#4735 = CIRCLE ( 'NONE', #7280, 0.5000000000000004441 ) ;
#4736 = DIRECTION ( 'NONE',  ( 0.4999999999999956146, 0.000000000000000000, 0.8660254037844412611 ) ) ;
#4737 = DIRECTION ( 'NONE',  ( 0.000000000000000000, -1.000000000000000000, 0.000000000000000000 ) ) ;
#4738 = CARTESIAN_POINT ( 'NONE',  ( 25.60791236637294688, 1.079949199897991097, -5.210547158924092592 ) ) ;
#4739 = ORIENTED_EDGE ( 'NONE', *, *, #5884, .F. ) ;
#4740 = DIRECTION ( 'NONE',  ( 0.000000000000000000, 0.000000000000000000, -1.000000000000000000 ) ) ;
#4741 = CARTESIAN_POINT ( 'NONE',  ( -8.054747381789086447, -0.5200508001019926718, 0.5109219919602268067 ) ) ;
#4742 = EDGE_LOOP ( 'NONE', ( #6478, #8981, #3975 ) ) ;
#4743 = ADVANCED_FACE ( 'NONE', ( #3322 ), #6457, .F. ) ;
#4744 = CYLINDRICAL_SURFACE ( 'NONE', #2973, 26.35000000000000497 ) ;
#4745 = CARTESIAN_POINT ( 'NONE',  ( -1.335056808535931783, 0.6799491998980277119, -7.515214795718643259 ) ) ;
#4746 = DIRECTION ( 'NONE',  ( 0.000000000000000000, -1.000000000000000000, 0.000000000000000000 ) ) ;
#4747 = ORIENTED_EDGE ( 'NONE', *, *, #3430, .T. ) ;
#4748 = CARTESIAN_POINT ( 'NONE',  ( 15.93276799029251478, 1.079949199897942025, 18.30039695810202360 ) ) ;
#4749 = ORIENTED_EDGE ( 'NONE', *, *, #5630, .T. ) ;
#4750 = CARTESIAN_POINT ( 'NONE',  ( -2.271831819524089191, -0.5200508001019926718, -6.584687999720055807 ) ) ;
#4751 = CARTESIAN_POINT ( 'NONE',  ( -15.94893020610289192, 1.079949199897997758, 18.27803342811781206 ) ) ;
#4752 = CARTESIAN_POINT ( 'NONE',  ( 26.96198792745413542, 0.000000000000000000, 5.617818042358747377 ) ) ;
#4753 = EDGE_LOOP ( 'NONE', ( #7418, #4602, #8621, #9257 ) ) ;
#4754 = CARTESIAN_POINT ( 'NONE',  ( -6.916078164492592606, 0.6799491998980080609, 4.785527183007433294 ) ) ;
#4755 = EDGE_CURVE ( 'NONE', #7879, #7365, #2676, .T. ) ;
#4756 = DIRECTION ( 'NONE',  ( 0.000000000000000000, 1.000000000000000000, 0.000000000000000000 ) ) ;
#4757 = CARTESIAN_POINT ( 'NONE',  ( -0.4582631903423795561, 0.6799491998979636520, 11.68502360480840530 ) ) ;
#4758 = CARTESIAN_POINT ( 'NONE',  ( -15.40816618517820835, 2.028726639165907120, 17.86702342283306777 ) ) ;
#4759 = CARTESIAN_POINT ( 'NONE',  ( -15.87902982125382856, 1.582291274037527229, 18.14121295866963735 ) ) ;
#4760 = CARTESIAN_POINT ( 'NONE',  ( -1.291815022503818966, -0.5200508001019926718, 10.30863926301921474 ) ) ;
#4761 = CARTESIAN_POINT ( 'NONE',  ( -6.151540913151203327, 0.6799491998980069507, 8.702671612481941210 ) ) ;
#4762 = ORIENTED_EDGE ( 'NONE', *, *, #9480, .T. ) ;
#4763 = DIRECTION ( 'NONE',  ( 0.000000000000000000, 0.000000000000000000, -1.000000000000000000 ) ) ;
#4764 = EDGE_CURVE ( 'NONE', #3234, #358, #9113, .T. ) ;
#4765 = ORIENTED_EDGE ( 'NONE', *, *, #7539, .F. ) ;
#4766 = CARTESIAN_POINT ( 'NONE',  ( -25.53249790808648356, 1.084202172485504434E-15, 5.716479404421691335 ) ) ;
#4767 = CARTESIAN_POINT ( 'NONE',  ( 4.157332302905997423, 3.379949199898004686, 24.60120094879952291 ) ) ;
#4768 = EDGE_CURVE ( 'NONE', #7927, #6382, #647, .T. ) ;
#4769 = CARTESIAN_POINT ( 'NONE',  ( 7.510013234709152385, -0.5200508001019920057, -8.321198206776852402 ) ) ;
#4770 = ORIENTED_EDGE ( 'NONE', *, *, #1757, .T. ) ;
#4771 = CARTESIAN_POINT ( 'NONE',  ( -10.68223522187144425, 22.26046457370629739, 22.90217264361941218 ) ) ;
#4772 = CARTESIAN_POINT ( 'NONE',  ( 15.35375202054145660, 2.047915945280231131, 17.83509826287931688 ) ) ;
#4773 = CARTESIAN_POINT ( 'NONE',  ( 15.71245522920869320, 1.782190374437210734, -18.11351143153495968 ) ) ;
#4774 = CARTESIAN_POINT ( 'NONE',  ( -1.291815022503818966, 3.379949199898008239, 10.30863926301921474 ) ) ;
#4775 = CARTESIAN_POINT ( 'NONE',  ( 4.507243688905806955, 0.6799491998980070617, -9.691855362652608719 ) ) ;
#4776 = CARTESIAN_POINT ( 'NONE',  ( -13.37653562345044733, 80.31423269831148559, 21.62483327182252069 ) ) ;
#4777 = DIRECTION ( 'NONE',  ( -0.4999999999999956146, 0.000000000000000000, -0.8660254037844412611 ) ) ;
#4778 = DIRECTION ( 'NONE',  ( 0.8660254037844407060, 0.000000000000000000, 0.4999999999999967804 ) ) ;
#4779 = CARTESIAN_POINT ( 'NONE',  ( -14.00000000000000355, 2.079949199898003975, 25.49999999999999645 ) ) ;
#4780 = ORIENTED_EDGE ( 'NONE', *, *, #7974, .T. ) ;
#4781 = LINE ( 'NONE', #7072, #9269 ) ;
#4782 = CARTESIAN_POINT ( 'NONE',  ( -8.422014941248306741, -0.5200508001019926718, 0.1842721795463520273 ) ) ;
#4783 = VERTEX_POINT ( 'NONE', #7763 ) ;
#4784 = DIRECTION ( 'NONE',  ( 0.000000000000000000, 0.000000000000000000, -1.000000000000000000 ) ) ;
#4785 = B_SPLINE_CURVE_WITH_KNOTS ( 'NONE', 3,
 ( #327, #2586, #5788, #4985, #3520, #1120, #9527, #1216, #4192, #5585, #7274, #8589, #1267, #1851, #6538, #7906, #4100, #7121, #8790, #377, #3361, #6385, #2628, #8692, #5635, #1169, #6492, #9425, #4145, #3408, #4933, #7215, #2052, #9478, #7169, #8639, #2735, #5044, #421 ),
 .UNSPECIFIED., .F., .F.,
 ( 4, 1, 1, 1, 1, 1, 1, 1, 1, 1, 1, 1, 1, 1, 1, 1, 1, 1, 1, 1, 1, 1, 1, 1, 1, 1, 1, 1, 1, 1, 1, 1, 1, 1, 1, 1, 4 ),
 ( 0.5000000000001525446, 0.5312500000001429967, 0.5625000000001334488, 0.5781250000001286748, 0.5937500000001239009, 0.6015625000001215694, 0.6054687500001203482, 0.6093750000001192380, 0.6171875000001167955, 0.6250000000001143530, 0.6406250000001096900, 0.6562500000001048051, 0.6718750000001001421, 0.6875000000000953682, 0.6953125000000929257, 0.7031250000000905942, 0.7070312500000893730, 0.7109375000000881517, 0.7148437500000870415, 0.7187500000000858202, 0.7343750000000810463, 0.7500000000000762723, 0.7656250000000714984, 0.7812500000000667244, 0.8125000000000571765, 0.8437500000000477396, 0.8750000000000381917, 0.9062500000000286438, 0.9218750000000237588, 0.9375000000000190958, 0.9414062500000178746, 0.9453125000000166533, 0.9531250000000143219, 0.9609375000000119904, 0.9687500000000095479, 0.9843750000000047740, 1.000000000000000000 ),
 .UNSPECIFIED. ) ;
#4786 = CARTESIAN_POINT ( 'NONE',  ( -2.368383342131643143, -0.3200508001019938820, -7.984445185678463730 ) ) ;
#4787 = CARTESIAN_POINT ( 'NONE',  ( -26.93307697989903815, 0.000000000000000000, 5.814078173911672920 ) ) ;
#4788 = EDGE_CURVE ( 'NONE', #7613, #5011, #5336, .T. ) ;
#4789 = VERTEX_POINT ( 'NONE', #379 ) ;
#4790 = CARTESIAN_POINT ( 'NONE',  ( 15.60499020365169898, 2.079949199897995094, 18.66598674363258681 ) ) ;
#4791 = EDGE_LOOP ( 'NONE', ( #6062, #4255, #7481, #7770 ) ) ;
#4792 = CARTESIAN_POINT ( 'NONE',  ( -1.357281228917792681, 3.379949199898008239, -6.270728258305322100 ) ) ;
#4793 = CARTESIAN_POINT ( 'NONE',  ( -21.00285463593972679, 3.379949199898008239, -16.78670163806914672 ) ) ;
#4794 = CARTESIAN_POINT ( 'NONE',  ( 15.15685912178877537, 1.079949199898004197, 20.79683650938151729 ) ) ;
#4795 = ORIENTED_EDGE ( 'NONE', *, *, #9297, .F. ) ;
#4796 = CARTESIAN_POINT ( 'NONE',  ( -25.63717852689076437, 0.000000000000000000, 5.011904811940019577 ) ) ;
#4797 = CARTESIAN_POINT ( 'NONE',  ( -5.660984726666710820, -0.5200508001019787940, 6.950900875228573916 ) ) ;
#4798 = CARTESIAN_POINT ( 'NONE',  ( 4.308999758118873480, 0.6799491998980070617, 11.14963298134457759 ) ) ;
#4799 = FACE_OUTER_BOUND ( 'NONE', #2575, .T. ) ;
#4800 = EDGE_CURVE ( 'NONE', #5284, #8208, #7840, .T. ) ;
#4801 =( LENGTH_UNIT ( ) NAMED_UNIT ( * ) SI_UNIT ( .MILLI., .METRE. ) );
#4802 = CARTESIAN_POINT ( 'NONE',  ( 21.15717546953937855, 80.31423269831148559, -16.79266425619381664 ) ) ;
#4803 = VECTOR ( 'NONE', #5331, 1000.000000000000000 ) ;
#4804 = CARTESIAN_POINT ( 'NONE',  ( -4.781585005895323981, -0.5200508001019926718, 4.135363024995432291 ) ) ;
#4805 = CARTESIAN_POINT ( 'NONE',  ( 7.025765974090079524, 0.6799491998980071727, 4.481491337369415184 ) ) ;
#4806 = ORIENTED_EDGE ( 'NONE', *, *, #7063, .F. ) ;
#4807 = FACE_OUTER_BOUND ( 'NONE', #1813, .T. ) ;
#4808 = CARTESIAN_POINT ( 'NONE',  ( -17.10079925302489556, 1.913834247260198795, -19.07388644559624424 ) ) ;
#4809 = CARTESIAN_POINT ( 'NONE',  ( 21.15717546953953132, 3.379949199898008239, 14.79266425619359460 ) ) ;
#4810 = CARTESIAN_POINT ( 'NONE',  ( 11.90577317682283542, 0.6799491998980070617, -2.897354527111268840 ) ) ;
#4811 = ORIENTED_EDGE ( 'NONE', *, *, #1192, .F. ) ;
#4812 = CIRCLE ( 'NONE', #440, 0.5000000000000004441 ) ;
#4813 = CARTESIAN_POINT ( 'NONE',  ( -25.85510896775420875, 0.000000000000000000, -3.616907931709752777 ) ) ;
#4814 = EDGE_CURVE ( 'NONE', #73, #3234, #9229, .T. ) ;
#4815 = AXIS2_PLACEMENT_3D ( 'NONE', #5991, #4397, #2930 ) ;
#4816 = CARTESIAN_POINT ( 'NONE',  ( 15.97567186981306975, 1.079949199900560375, 18.24047319618412644 ) ) ;
#4817 = CARTESIAN_POINT ( 'NONE',  ( -13.99999999999999645, 80.31423269831148559, -25.49999999999999645 ) ) ;
#4818 = DIRECTION ( 'NONE',  ( 0.000000000000000000, -1.000000000000000000, 0.000000000000000000 ) ) ;
#4819 = ADVANCED_FACE ( 'NONE', ( #1854 ), #4831, .T. ) ;
#4820 = VECTOR ( 'NONE', #5673, 1000.000000000000000 ) ;
#4821 = CARTESIAN_POINT ( 'NONE',  ( -7.251299259529172758, 0.6799491998980070617, 4.062423492543991266 ) ) ;
#4822 = CARTESIAN_POINT ( 'NONE',  ( -15.13760620209372476, 2.079949199897994205, 17.69332242095181584 ) ) ;
#4823 = CARTESIAN_POINT ( 'NONE',  ( -4.198512214195909031, -0.3200508001019929383, 9.877185575311484556 ) ) ;
#4824 = EDGE_LOOP ( 'NONE', ( #5827, #7622, #7983, #248 ) ) ;
#4825 = CARTESIAN_POINT ( 'NONE',  ( -10.34480784725613667, 2.092094524917806453, -24.06989674270723256 ) ) ;
#4826 = CARTESIAN_POINT ( 'NONE',  ( 0.000000000000000000, 80.31423269831148559, 0.000000000000000000 ) ) ;
#4827 = EDGE_CURVE ( 'NONE', #7997, #5494, #330, .T. ) ;
#4828 = LINE ( 'NONE', #3319, #4216 ) ;
#4829 = TOROIDAL_SURFACE ( 'NONE', #2338, 1.500000000000000000, 1.000000000000000000 ) ;
#4830 = ORIENTED_EDGE ( 'NONE', *, *, #6476, .F. ) ;
#4831 = CYLINDRICAL_SURFACE ( 'NONE', #4539, 0.5000000000000004441 ) ;
#4832 = DIRECTION ( 'NONE',  ( 0.8660254037844412611, 0.000000000000000000, -0.4999999999999956146 ) ) ;
#4833 = ORIENTED_EDGE ( 'NONE', *, *, #3527, .T. ) ;
#4834 = AXIS2_PLACEMENT_3D ( 'NONE', #1019, #2490, #974 ) ;
#4835 = CARTESIAN_POINT ( 'NONE',  ( 0.2981607339696526471, 0.6799491998980070617, -8.318993174087077946 ) ) ;
#4836 = AXIS2_PLACEMENT_3D ( 'NONE', #806, #3798, #6814 ) ;
#4837 = CARTESIAN_POINT ( 'NONE',  ( -16.70925739877612415, 3.379949199898008239, 19.84907255162304551 ) ) ;
#4838 = CIRCLE ( 'NONE', #1422, 2.499999999999998668 ) ;
#4839 = ORIENTED_EDGE ( 'NONE', *, *, #6366, .T. ) ;
#4840 = CARTESIAN_POINT ( 'NONE',  ( -8.102021880671902210, 2.079949199898003975, 24.60120094879952646 ) ) ;
#4841 = ORIENTED_EDGE ( 'NONE', *, *, #4534, .F. ) ;
#4842 = CARTESIAN_POINT ( 'NONE',  ( -1.037323153333318260, -0.5200508001019926718, -6.198933741207649284 ) ) ;
#4843 = CIRCLE ( 'NONE', #9420, 2.499999999999998668 ) ;
#4844 = ORIENTED_EDGE ( 'NONE', *, *, #2072, .F. ) ;
#4845 = CARTESIAN_POINT ( 'NONE',  ( -11.32442529442395696, 2.079949199898003975, 22.01447847739669683 ) ) ;
#4846 = CARTESIAN_POINT ( 'NONE',  ( -1.268590190213989999, 3.379949199898005130, 24.60019501661674468 ) ) ;
#4847 = ORIENTED_EDGE ( 'NONE', *, *, #4764, .T. ) ;
#4848 = CARTESIAN_POINT ( 'NONE',  ( -25.57847377632342400, 1.079949199897997758, 5.403601811366265828 ) ) ;
#4849 = EDGE_CURVE ( 'NONE', #9020, #5113, #6140, .T. ) ;
#4850 = EDGE_CURVE ( 'NONE', #8530, #3612, #5359, .T. ) ;
#4851 = VECTOR ( 'NONE', #23, 999.9999999999998863 ) ;
#4852 = CIRCLE ( 'NONE', #161, 0.5000000000000004441 ) ;
#4853 = DIRECTION ( 'NONE',  ( -0.000000000000000000, -1.000000000000000000, -0.000000000000000000 ) ) ;
#4854 = CARTESIAN_POINT ( 'NONE',  ( 5.284264367105548921, 0.6799491998980513596, 8.208793880462675219 ) ) ;
#4855 = VERTEX_POINT ( 'NONE', #5048 ) ;
#4856 = CARTESIAN_POINT ( 'NONE',  ( 15.97147836695145529, 1.342379025241501767, -18.19483319085714257 ) ) ;
#4857 = CARTESIAN_POINT ( 'NONE',  ( -3.865288781652434391, -0.3200508001019930493, -8.574448911931497719 ) ) ;
#4858 = DIRECTION ( 'NONE',  ( -0.000000000000000000, -1.000000000000000000, 0.000000000000000000 ) ) ;
#4859 = AXIS2_PLACEMENT_3D ( 'NONE', #9160, #9205, #6364 ) ;
#4860 = CARTESIAN_POINT ( 'NONE',  ( -9.302021880671901499, 0.000000000000000000, -23.45192124411338952 ) ) ;
#4861 = CARTESIAN_POINT ( 'NONE',  ( 6.745362361048396593, 0.6799491998980069507, 5.657319028641064840 ) ) ;
#4862 = AXIS2_PLACEMENT_3D ( 'NONE', #4860, #8525, #7885 ) ;
#4863 = ORIENTED_EDGE ( 'NONE', *, *, #4640, .F. ) ;
#4864 = DIRECTION ( 'NONE',  ( 1.000000000000000000, 0.000000000000000000, 0.000000000000000000 ) ) ;
#4865 = LINE ( 'NONE', #1153, #7206 ) ;
#4866 = CARTESIAN_POINT ( 'NONE',  ( -5.287689757460261042, 3.379949199898008239, 3.059931812852650257 ) ) ;
#4867 = AXIS2_PLACEMENT_3D ( 'NONE', #1656, #7016, #7707 ) ;
#4868 = CARTESIAN_POINT ( 'NONE',  ( 9.929020244196024692, -0.3200508001019938820, 0.2206786704247302444 ) ) ;
#4869 = VERTEX_POINT ( 'NONE', #5097 ) ;
#4870 = CARTESIAN_POINT ( 'NONE',  ( -25.99327739007172511, -0.000000000000000000, 1.810993969931589120 ) ) ;
#4871 = EDGE_CURVE ( 'NONE', #5908, #7657, #5504, .T. ) ;
#4872 = CARTESIAN_POINT ( 'NONE',  ( 1.385898256097221282, 3.379961699898006433, 24.99928400808719076 ) ) ;
#4873 = CARTESIAN_POINT ( 'NONE',  ( 15.77981387178338224, 1.741829325398215111, -18.08366881033223805 ) ) ;
#4874 = CARTESIAN_POINT ( 'NONE',  ( 4.521200141732914624, -0.5200508001019926718, 6.289814812262489063 ) ) ;
#4875 = AXIS2_PLACEMENT_3D ( 'NONE', #2663, #262, #7936 ) ;
#4876 = ORIENTED_EDGE ( 'NONE', *, *, #1512, .T. ) ;
#4877 = DIRECTION ( 'NONE',  ( 0.000000000000000000, 0.000000000000000000, -1.000000000000000000 ) ) ;
#4878 = ADVANCED_FACE ( 'NONE', ( #7276 ), #1649, .F. ) ;
#4879 = CARTESIAN_POINT ( 'NONE',  ( -15.13505182624732015, 2.079949199898056822, 17.69699266587210218 ) ) ;
#4880 = B_SPLINE_CURVE_WITH_KNOTS ( 'NONE', 3,
 ( #6188, #9031, #6735, #9175 ),
 .UNSPECIFIED., .F., .F.,
 ( 4, 4 ),
 ( 0.9189570521664774949, 1.000000000000000000 ),
 .UNSPECIFIED. ) ;
#4881 = CARTESIAN_POINT ( 'NONE',  ( -26.93308216297253566, 6.938893903907228378E-15, 5.814078896691624365 ) ) ;
#4882 = ORIENTED_EDGE ( 'NONE', *, *, #6948, .F. ) ;
#4883 = CYLINDRICAL_SURFACE ( 'NONE', #7112, 20.00000000000000000 ) ;
#4884 = CARTESIAN_POINT ( 'NONE',  ( 21.70205276300504238, 0.000000000000000000, 14.94467817892862627 ) ) ;
#4885 = AXIS2_PLACEMENT_3D ( 'NONE', #3367, #8799, #7226 ) ;
#4886 = DIRECTION ( 'NONE',  ( 9.293161478447180018E-16, 0.000000000000000000, -1.000000000000000000 ) ) ;
#4887 = CARTESIAN_POINT ( 'NONE',  ( 14.94338216119155938, 2.079949199897932033, -17.91380630538339247 ) ) ;
#4888 = DIRECTION ( 'NONE',  ( -0.000000000000000000, -1.000000000000000000, -0.000000000000000000 ) ) ;
#4889 = CARTESIAN_POINT ( 'NONE',  ( -24.59024938304294139, 2.079949199898003975, 5.250590215316178089 ) ) ;
#4890 = ORIENTED_EDGE ( 'NONE', *, *, #3722, .F. ) ;
#4891 = CARTESIAN_POINT ( 'NONE',  ( 2.010183783913274791, 0.6799491998980070617, -8.926894309309501452 ) ) ;
#4892 = AXIS2_PLACEMENT_3D ( 'NONE', #3620, #2051, #682 ) ;
#4893 = EDGE_CURVE ( 'NONE', #502, #489, #4396, .T. ) ;
#4894 = DIRECTION ( 'NONE',  ( 0.000000000000000000, 0.000000000000000000, -1.000000000000000000 ) ) ;
#4895 = EDGE_CURVE ( 'NONE', #6549, #6730, #2988, .T. ) ;
#4896 = ORIENTED_EDGE ( 'NONE', *, *, #6308, .F. ) ;
#4897 = CARTESIAN_POINT ( 'NONE',  ( -15.99407193982682607, 0.000000000000000000, 18.20803970888895051 ) ) ;
#4898 = EDGE_LOOP ( 'NONE', ( #5218, #5060, #1743, #1387, #8379, #8036, #3517 ) ) ;
#4899 = CARTESIAN_POINT ( 'NONE',  ( -7.494286254877687625, -0.5200508001019926718, -6.870768018790511356 ) ) ;
#4900 = ORIENTED_EDGE ( 'NONE', *, *, #9637, .T. ) ;
#4901 = FACE_OUTER_BOUND ( 'NONE', #7595, .T. ) ;
#4902 = CARTESIAN_POINT ( 'NONE',  ( 26.96161968753904858, 0.000000000000000000, -5.620435433936790126 ) ) ;
#4903 = ORIENTED_EDGE ( 'NONE', *, *, #830, .F. ) ;
#4904 = CARTESIAN_POINT ( 'NONE',  ( -9.725267542434522738, -0.3200508001019938820, 0.4917813952086922402 ) ) ;
#4905 = DIRECTION ( 'NONE',  ( -0.1421785715709708853, 0.000000000000000000, -0.9898410245014289677 ) ) ;
#4906 = CARTESIAN_POINT ( 'NONE',  ( -3.033138661180229789, -0.3200508001019938820, 10.83764186709284694 ) ) ;
#4907 = VERTEX_POINT ( 'NONE', #9635 ) ;
#4908 = CARTESIAN_POINT ( 'NONE',  ( 4.536035844304010745, 3.379949199898008239, 5.742370345040561652 ) ) ;
#4909 = CARTESIAN_POINT ( 'NONE',  ( -9.881332556253589416, -0.3200508001019930493, -6.253800657080907932 ) ) ;
#4910 = DIRECTION ( 'NONE',  ( 0.000000000000000000, -1.000000000000000000, -0.000000000000000000 ) ) ;
#4911 = CARTESIAN_POINT ( 'NONE',  ( 9.365853617970607559, -0.5200508001019926718, -1.256254556216748641 ) ) ;
#4912 = CARTESIAN_POINT ( 'NONE',  ( 0.4544129976784233582, 0.6799491998980070617, 12.68072491420824122 ) ) ;
#4913 = ORIENTED_EDGE ( 'NONE', *, *, #6816, .F. ) ;
#4914 = DIRECTION ( 'NONE',  ( -0.000000000000000000, 1.000000000000000000, -0.000000000000000000 ) ) ;
#4915 = B_SPLINE_CURVE_WITH_KNOTS ( 'NONE', 3,
 ( #9012, #5967, #8268, #5121, #6113, #3740, #8130 ),
 .UNSPECIFIED., .F., .F.,
 ( 4, 3, 4 ),
 ( -6.000000002852364385E-08, 3.004319984792596515E-21, 0.0004750738315024425392 ),
 .UNSPECIFIED. ) ;
#4916 = CARTESIAN_POINT ( 'NONE',  ( -15.48796113928156082, 1.079949199897994205, 18.78006333624395907 ) ) ;
#4917 = DIRECTION ( 'NONE',  ( 0.000000000000000000, -1.000000000000000000, 0.000000000000000000 ) ) ;
#4918 = CARTESIAN_POINT ( 'NONE',  ( 9.302620142802554781, 0.6799491998980070617, 0.9962816114717396587 ) ) ;
#4919 = ORIENTED_EDGE ( 'NONE', *, *, #5849, .T. ) ;
#4920 = CARTESIAN_POINT ( 'NONE',  ( 13.37653562345045799, 80.31423269831148559, 21.62483327182256687 ) ) ;
#4921 = ADVANCED_FACE ( 'NONE', ( #2889 ), #5894, .T. ) ;
#4922 = CARTESIAN_POINT ( 'NONE',  ( 8.805062429031291771, 0.000000000000000000, 24.33027839477195897 ) ) ;
#4923 = B_SPLINE_CURVE_WITH_KNOTS ( 'NONE', 3,
 ( #1184, #7136, #3426, #3484, #8708, #1966, #1138, #6505 ),
 .UNSPECIFIED., .F., .F.,
 ( 4, 2, 2, 4 ),
 ( 0.000000000000000000, 0.5000000000000000000, 0.7500000000000000000, 1.000000000000000000 ),
 .UNSPECIFIED. ) ;
#4924 = DIRECTION ( 'NONE',  ( -0.000000000000000000, -1.000000000000000000, -0.000000000000000000 ) ) ;
#4925 = CARTESIAN_POINT ( 'NONE',  ( 3.682493360019453821, -0.5200508001019926718, 8.607665899409749244 ) ) ;
#4926 = VERTEX_POINT ( 'NONE', #3523 ) ;
#4927 = CARTESIAN_POINT ( 'NONE',  ( -9.494648661340420404, 0.6799491998980067287, -8.148530626369236529 ) ) ;
#4928 = DIRECTION ( 'NONE',  ( -1.858632295689436004E-15, 0.000000000000000000, 1.000000000000000000 ) ) ;
#4929 = CARTESIAN_POINT ( 'NONE',  ( -15.95736462981963477, 1.079949199897995760, 18.26603739969874241 ) ) ;
#4930 = DIRECTION ( 'NONE',  ( -0.000000000000000000, -1.000000000000000000, -0.000000000000000000 ) ) ;
#4931 = DIRECTION ( 'NONE',  ( 0.000000000000000000, -1.000000000000000000, 0.000000000000000000 ) ) ;
#4932 = FACE_OUTER_BOUND ( 'NONE', #813, .T. ) ;
#4933 = CARTESIAN_POINT ( 'NONE',  ( -5.660984726666710820, -0.5200508001019920057, 6.950900875228573916 ) ) ;
#4934 = CARTESIAN_POINT ( 'NONE',  ( 14.63809137096147595, 2.079949199897994205, -18.19608472393660037 ) ) ;
#4935 = EDGE_CURVE ( 'NONE', #531, #5978, #2210, .T. ) ;
#4936 = CARTESIAN_POINT ( 'NONE',  ( -13.99999999999999645, 2.079949199898003975, -25.49999999999999645 ) ) ;
#4937 = ORIENTED_EDGE ( 'NONE', *, *, #80, .T. ) ;
#4938 = CARTESIAN_POINT ( 'NONE',  ( 1.581743192965154865, 0.6799491998980069507, -7.607944405373091357 ) ) ;
#4939 = DIRECTION ( 'NONE',  ( 0.000000000000000000, 0.000000000000000000, 1.000000000000000000 ) ) ;
#4940 = ORIENTED_EDGE ( 'NONE', *, *, #5049, .T. ) ;
#4941 = CARTESIAN_POINT ( 'NONE',  ( -25.51311251866405172, 0.000000000000000000, -5.876835801766823408 ) ) ;
#4942 = ORIENTED_EDGE ( 'NONE', *, *, #155, .F. ) ;
#4943 = ORIENTED_EDGE ( 'NONE', *, *, #5964, .T. ) ;
#4944 = CARTESIAN_POINT ( 'NONE',  ( -9.450482892799600521, -0.5200508001019926718, -1.475565097142745419 ) ) ;
#4945 = ADVANCED_FACE ( 'NONE', ( #687 ), #2107, .F. ) ;
#4946 = ORIENTED_EDGE ( 'NONE', *, *, #4491, .T. ) ;
#4947 = CARTESIAN_POINT ( 'NONE',  ( -13.58412716904566331, 2.079949199898003975, 21.12839693420013631 ) ) ;
#4948 = LINE ( 'NONE', #3333, #246 ) ;
#4949 = ORIENTED_EDGE ( 'NONE', *, *, #8332, .T. ) ;
#4950 = CARTESIAN_POINT ( 'NONE',  ( -10.51953469526941021, 0.6799491998980070617, 1.099990575828128314 ) ) ;
#4951 = EDGE_CURVE ( 'NONE', #6612, #9437, #316, .T. ) ;
#4952 = CARTESIAN_POINT ( 'NONE',  ( 4.157332302905997423, 3.379949199898004686, 24.60120094879952291 ) ) ;
#4953 = CARTESIAN_POINT ( 'NONE',  ( -6.683139962223227037, 0.6799491998980070617, 6.786129061251039651 ) ) ;
#4954 = ORIENTED_EDGE ( 'NONE', *, *, #1187, .F. ) ;
#4955 = CARTESIAN_POINT ( 'NONE',  ( 10.47712141880309922, -0.5200508001019920057, -5.129011029259026522 ) ) ;
#4956 = EDGE_CURVE ( 'NONE', #1065, #8352, #2197, .T. ) ;
#4957 = CARTESIAN_POINT ( 'NONE',  ( -10.82351493238824069, -0.3200508001019927717, -2.023871720487494308 ) ) ;
#4958 = CARTESIAN_POINT ( 'NONE',  ( 14.24982911188724444, 0.000000000000000000, -20.28142652189906414 ) ) ;
#4959 = CARTESIAN_POINT ( 'NONE',  ( 4.719504223523457220, -0.5200508001019926718, 4.441826112242593716 ) ) ;
#4960 = CARTESIAN_POINT ( 'NONE',  ( 6.836591489218101891, 0.6799491998980071727, 5.055193431285782246 ) ) ;
#4961 = VERTEX_POINT ( 'NONE', #3472 ) ;
#4962 =( BOUNDED_SURFACE ( )  B_SPLINE_SURFACE ( 3, 2, ( 
 ( #8920, #5170, #8231 ),
 ( #2178, #9562, #8134 ),
 ( #8183, #5217, #5922 ),
 ( #7487, #7404, #1496 ),
 ( #2766, #4426, #8775 ),
 ( #7352, #6568, #5970 ),
 ( #2818, #617, #5773 ),
 ( #2037, #5027, #7307 ),
 ( #9618, #6717, #2913 ),
 ( #2875, #5828, #8045 ) ),
 .UNSPECIFIED., .F., .F., .F. ) 
 B_SPLINE_SURFACE_WITH_KNOTS ( ( 4, 2, 2, 2, 4 ),
 ( 3, 3 ),
 ( -3.252606517456513302E-19, 0.0003627468993310559143, 0.0007254937986621121538, 0.001088240697993168339, 0.001450987597324224741 ),
 ( 0.000000000000000000, 1.000000000000000000 ),
 .UNSPECIFIED. ) 
 GEOMETRIC_REPRESENTATION_ITEM ( )  RATIONAL_B_SPLINE_SURFACE ( (
 ( 1.000000000000000000, 0.7071067811865607844, 1.000000000000000000),
 ( 1.000000000000000000, 0.6837148515428583817, 1.000000000000000000),
 ( 1.000000000000000000, 0.6644806409114311085, 1.000000000000000000),
 ( 1.000000000000000000, 0.6380560648989467287, 1.000000000000000000),
 ( 1.000000000000000000, 0.6309497588593526718, 1.000000000000000000),
 ( 1.000000000000000000, 0.6308981609548560687, 1.000000000000000000),
 ( 1.000000000000000000, 0.6379989133325383310, 1.000000000000000000),
 ( 1.000000000000000000, 0.6644520757153833390, 1.000000000000000000),
 ( 1.000000000000000000, 0.6837128615480994043, 1.000000000000000000),
 ( 1.000000000000000000, 0.7071067811865607844, 1.000000000000000000) ) ) 
 REPRESENTATION_ITEM ( '' )  SURFACE ( )  );
#4963 = CARTESIAN_POINT ( 'NONE',  ( 0.000000000000000000, 80.31423269831148559, 0.000000000000000000 ) ) ;
#4964 = TOROIDAL_SURFACE ( 'NONE', #741, 6.324999999999956657, 1.000000000000000000 ) ;
#4965 = CARTESIAN_POINT ( 'NONE',  ( -14.40813922126655022, 1.079949199898004197, 19.61364848793045468 ) ) ;
#4966 = DIRECTION ( 'NONE',  ( 0.000000000000000000, 0.000000000000000000, 1.000000000000000000 ) ) ;
#4967 = CARTESIAN_POINT ( 'NONE',  ( 8.937489113470416413, -0.3200508001019938820, 1.334291762030322070 ) ) ;
#4968 = VERTEX_POINT ( 'NONE', #7323 ) ;
#4969 = DIRECTION ( 'NONE',  ( 0.000000000000000000, 0.000000000000000000, 1.000000000000000000 ) ) ;
#4970 = AXIS2_PLACEMENT_3D ( 'NONE', #6629, #3799, #6815 ) ;
#4971 = SPHERICAL_SURFACE ( 'NONE', #6402, 1.000000000000000000 ) ;
#4972 = DIRECTION ( 'NONE',  ( 0.000000000000000000, 0.000000000000000000, 1.000000000000000000 ) ) ;
#4973 = CARTESIAN_POINT ( 'NONE',  ( 6.276258032944415532, 3.379949199898008239, 1.795969015902686872 ) ) ;
#4974 = CARTESIAN_POINT ( 'NONE',  ( -16.98782222882904236, 2.020544580310724037, -19.23510768062160636 ) ) ;
#4975 = VERTEX_POINT ( 'NONE', #6494 ) ;
#4976 = CARTESIAN_POINT ( 'NONE',  ( -8.923933257145321818, 0.6799491998980042862, 2.601213303470997662 ) ) ;
#4977 = EDGE_CURVE ( 'NONE', #5860, #3944, #5824, .T. ) ;
#4978 = AXIS2_PLACEMENT_3D ( 'NONE', #8637, #7319, #3565 ) ;
#4979 = DIRECTION ( 'NONE',  ( 0.000000000000000000, -1.000000000000000000, 0.000000000000000000 ) ) ;
#4980 = LINE ( 'NONE', #4776, #7091 ) ;
#4981 = DIRECTION ( 'NONE',  ( 1.156482317317870344E-15, 0.000000000000000000, -1.000000000000000000 ) ) ;
#4982 = ORIENTED_EDGE ( 'NONE', *, *, #5305, .T. ) ;
#4983 = CARTESIAN_POINT ( 'NONE',  ( 14.24982911188724444, 0.000000000000000000, 20.28142652189906414 ) ) ;
#4984 = CARTESIAN_POINT ( 'NONE',  ( -25.57847377622698204, 1.079949199897993761, 5.403601811989115156 ) ) ;
#4985 = CARTESIAN_POINT ( 'NONE',  ( 10.55800210959866270, -0.5200508001019920057, -0.7656364993802394769 ) ) ;
#4986 = CARTESIAN_POINT ( 'NONE',  ( 13.38380370810280517, 2.079949199898003975, -20.78142652189907835 ) ) ;
#4987 = DIRECTION ( 'NONE',  ( -0.000000000000000000, -1.000000000000000000, -0.000000000000000000 ) ) ;
#4988 = CARTESIAN_POINT ( 'NONE',  ( 20.87844544752079656, 1.079949199897997758, -14.37751771673045909 ) ) ;
#4989 = VECTOR ( 'NONE', #455, 1000.000000000000000 ) ;
#4990 = ORIENTED_EDGE ( 'NONE', *, *, #9704, .T. ) ;
#4991 = CARTESIAN_POINT ( 'NONE',  ( -0.6091278072521407738, -0.3200508001019938820, -7.345697688276342063 ) ) ;
#4992 = AXIS2_PLACEMENT_3D ( 'NONE', #742, #7576, #655 ) ;
#4993 = CARTESIAN_POINT ( 'NONE',  ( 0.5051764891362132692, 2.072508086022907481, 21.32102848464320388 ) ) ;
#4994 = ORIENTED_EDGE ( 'NONE', *, *, #38, .F. ) ;
#4995 = CARTESIAN_POINT ( 'NONE',  ( -24.82541696118729035, 2.079949199897972889, 3.509034645370776584 ) ) ;
#4996 = ORIENTED_EDGE ( 'NONE', *, *, #3488, .T. ) ;
#4997 = CIRCLE ( 'NONE', #929, 0.4000000000000010214 ) ;
#4998 = CARTESIAN_POINT ( 'NONE',  ( -8.644264276974698902, 3.379949199898008239, -0.06187961847708331464 ) ) ;
#4999 = EDGE_CURVE ( 'NONE', #6354, #1378, #1577, .T. ) ;
#5000 = ORIENTED_EDGE ( 'NONE', *, *, #9679, .T. ) ;
#5001 = CARTESIAN_POINT ( 'NONE',  ( 25.57847377689379442, 2.079949199897993761, 5.403601807681491564 ) ) ;
#5002 = ORIENTED_EDGE ( 'NONE', *, *, #80, .F. ) ;
#5003 = AXIS2_PLACEMENT_3D ( 'NONE', #3542, #9604, #5815 ) ;
#5004 = CARTESIAN_POINT ( 'NONE',  ( -8.332868354811688860, 0.6799491998980070617, 1.791466949762540173 ) ) ;
#5005 = ORIENTED_EDGE ( 'NONE', *, *, #7980, .F. ) ;
#5006 = VECTOR ( 'NONE', #3816, 1000.000000000000000 ) ;
#5007 = EDGE_CURVE ( 'NONE', #4306, #6105, #7075, .T. ) ;
#5008 = CARTESIAN_POINT ( 'NONE',  ( -2.846030702774449139E-15, 2.079949199898003975, 25.19835094939760722 ) ) ;
#5009 = CARTESIAN_POINT ( 'NONE',  ( -6.228821602640985056, 0.6799491998980070617, 8.522118221562550389 ) ) ;
#5011 = VERTEX_POINT ( 'NONE', #727 ) ;
#5010 = CIRCLE ( 'NONE', #7066, 5.324999999999958433 ) ;
#5012 = ORIENTED_EDGE ( 'NONE', *, *, #4416, .T. ) ;
#5013 = CARTESIAN_POINT ( 'NONE',  ( 9.654722577941551975, 3.379949199898008239, -3.606222225541392490 ) ) ;
#5014 = FACE_OUTER_BOUND ( 'NONE', #7257, .T. ) ;
#5015 = CARTESIAN_POINT ( 'NONE',  ( -20.69999999999989271, 3.379949199898008239, 20.70000000000010942 ) ) ;
#5016 = CARTESIAN_POINT ( 'NONE',  ( 9.364479067422660563, -0.5200508001019926718, -4.679536894392197333 ) ) ;
#5017 = CARTESIAN_POINT ( 'NONE',  ( 5.638841495798354586, 0.6799491998980069507, 9.660253748333577306 ) ) ;
#5018 = ORIENTED_EDGE ( 'NONE', *, *, #7523, .T. ) ;
#5019 = CARTESIAN_POINT ( 'NONE',  ( 10.02538718874732027, 80.31423269831148559, 22.76447847739673946 ) ) ;
#5020 = CIRCLE ( 'NONE', #2353, 3.924999999999935429 ) ;
#5021 = AXIS2_PLACEMENT_3D ( 'NONE', #6690, #537, #2737 ) ;
#5022 = EDGE_CURVE ( 'NONE', #5961, #9560, #4069, .T. ) ;
#5023 = PLANE ( 'NONE',  #9711 ) ;
#5024 = CARTESIAN_POINT ( 'NONE',  ( 0.000000000000000000, 1.079949199897997758, 0.000000000000000000 ) ) ;
#5025 = CARTESIAN_POINT ( 'NONE',  ( 8.202581618754768655, 0.6799491998980070617, 1.876194861097208122 ) ) ;
#5026 = VERTEX_POINT ( 'NONE', #6918 ) ;
#5027 = CARTESIAN_POINT ( 'NONE',  ( 0.3330269475332739426, 2.202148657097970919, 22.41680861088812193 ) ) ;
#5028 = CIRCLE ( 'NONE', #8335, 1.000000000000000888 ) ;
#5029 = AXIS2_PLACEMENT_3D ( 'NONE', #9516, #1354, #8681 ) ;
#5030 = FACE_OUTER_BOUND ( 'NONE', #7346, .T. ) ;
#5031 = ORIENTED_EDGE ( 'NONE', *, *, #1957, .T. ) ;
#5032 = DIRECTION ( 'NONE',  ( 1.387778780781444413E-14, 0.000000000000000000, 1.000000000000000000 ) ) ;
#5033 = CARTESIAN_POINT ( 'NONE',  ( 4.521200141732914624, 3.379949199898008239, 6.289814812262489063 ) ) ;
#5034 = CARTESIAN_POINT ( 'NONE',  ( -25.51278645079302976, 80.31423269831148559, 10.91605366037708791 ) ) ;
#5035 = ORIENTED_EDGE ( 'NONE', *, *, #4433, .F. ) ;
#5036 = CIRCLE ( 'NONE', #2220, 1.000000000000000000 ) ;
#5037 = TOROIDAL_SURFACE ( 'NONE', #5485, 1.500000000000000000, 1.000000000000000000 ) ;
#5038 = DIRECTION ( 'NONE',  ( -0.000000000000000000, -1.000000000000000000, -0.000000000000000000 ) ) ;
#5039 = CARTESIAN_POINT ( 'NONE',  ( -15.60447487533906497, 1.079949199897995760, 18.66648827349829887 ) ) ;
#5040 = DIRECTION ( 'NONE',  ( -0.000000000000000000, -1.000000000000000000, 0.000000000000000000 ) ) ;
#5041 = ORIENTED_EDGE ( 'NONE', *, *, #38, .T. ) ;
#5042 = CARTESIAN_POINT ( 'NONE',  ( -7.598366446151796794, -0.3200508001019800042, 2.262243670864564127 ) ) ;
#5043 = CARTESIAN_POINT ( 'NONE',  ( 13.37653562345046332, 3.379949199898008239, -21.62483327182261306 ) ) ;
#5044 = CARTESIAN_POINT ( 'NONE',  ( -6.202420704949342500, -0.5200508001019920057, 3.872270826085909334 ) ) ;
#5045 = LINE ( 'NONE', #7321, #7646 ) ;
#5046 = CIRCLE ( 'NONE', #4091, 2.800000000000000266 ) ;
#5047 = ADVANCED_FACE ( 'NONE', ( #2976 ), #3136, .F. ) ;
#5048 = CARTESIAN_POINT ( 'NONE',  ( -21.70205276300503527, 1.079949199897997758, -14.94467817892863515 ) ) ;
#5049 = EDGE_CURVE ( 'NONE', #5309, #3470, #794, .T. ) ;
#5050 = CARTESIAN_POINT ( 'NONE',  ( 25.51277363994716652, 80.31423269831148559, 10.91608360158611291 ) ) ;
#5051 = ORIENTED_EDGE ( 'NONE', *, *, #100, .T. ) ;
#5052 = CARTESIAN_POINT ( 'NONE',  ( -0.4652399338882706181, 0.6799491998980070617, -8.336901395119500791 ) ) ;
#5053 = AXIS2_PLACEMENT_3D ( 'NONE', #690, #8108, #3677 ) ;
#5054 = LINE ( 'NONE', #8699, #7104 ) ;
#5055 = ORIENTED_EDGE ( 'NONE', *, *, #3842, .T. ) ;
#5056 = CARTESIAN_POINT ( 'NONE',  ( -16.20771056632368357, 2.079949199897995982, -20.01728934196388110 ) ) ;
#5057 = ORIENTED_EDGE ( 'NONE', *, *, #2871, .F. ) ;
#5058 = CARTESIAN_POINT ( 'NONE',  ( -6.608217241885292026, -0.5200508001019926718, -7.279531062323593815 ) ) ;
#5059 = EDGE_CURVE ( 'NONE', #6389, #1967, #4880, .T. ) ;
#5060 = ORIENTED_EDGE ( 'NONE', *, *, #9464, .F. ) ;
#5061 = CIRCLE ( 'NONE', #829, 27.75000000000000355 ) ;
#5062 = DIRECTION ( 'NONE',  ( -0.000000000000000000, -1.000000000000000000, 0.000000000000000000 ) ) ;
#5063 = ORIENTED_EDGE ( 'NONE', *, *, #4432, .T. ) ;
#5064 = CARTESIAN_POINT ( 'NONE',  ( -8.397697546006941849, 0.6799491998980070617, 2.929312467798293795 ) ) ;
#5065 = ORIENTED_EDGE ( 'NONE', *, *, #1006, .F. ) ;
#5066 = CARTESIAN_POINT ( 'NONE',  ( 8.097978119328097080, 1.803731222291406810, -18.96751040121282728 ) ) ;
#5067 = AXIS2_PLACEMENT_3D ( 'NONE', #3095, #6215, #3839 ) ;
#5068 = CARTESIAN_POINT ( 'NONE',  ( -4.093042159768438992, 0.6799491998980070617, 9.987734501442776747 ) ) ;
#5069 = ORIENTED_EDGE ( 'NONE', *, *, #5073, .F. ) ;
#5070 = CARTESIAN_POINT ( 'NONE',  ( 9.695422977532139441, 3.379949199898008239, -3.130631016077059847 ) ) ;
#5071 = CARTESIAN_POINT ( 'NONE',  ( -10.89054594197123649, -0.3200508001019928828, -3.389351630525904380 ) ) ;
#5072 = CARTESIAN_POINT ( 'NONE',  ( 6.393033620152013263, -0.5200508001019926718, -7.354539416196422152 ) ) ;
#5073 = EDGE_CURVE ( 'NONE', #5011, #3552, #8179, .T. ) ;
#5074 = CARTESIAN_POINT ( 'NONE',  ( 3.772336338493393004, -0.5200508001019926718, 8.477862938623330180 ) ) ;
#5075 = CARTESIAN_POINT ( 'NONE',  ( 1.829438355046065334, 3.379949199898008239, -6.414241855829594385 ) ) ;
#5076 = ORIENTED_EDGE ( 'NONE', *, *, #4240, .T. ) ;
#5077 = DIRECTION ( 'NONE',  ( 0.4999999999999946154, 0.000000000000000000, 0.8660254037844418162 ) ) ;
#5078 = CARTESIAN_POINT ( 'NONE',  ( -7.829487298332885814, 1.079949199897997758, 24.11061236562116150 ) ) ;
#5079 = CARTESIAN_POINT ( 'NONE',  ( 7.548719175648040292, -0.3200508001019938820, 2.300180628356231161 ) ) ;
#5080 = ORIENTED_EDGE ( 'NONE', *, *, #903, .F. ) ;
#5081 = CARTESIAN_POINT ( 'NONE',  ( 20.69999999999989626, 80.31423269831148559, -20.70000000000010587 ) ) ;
#5082 = CARTESIAN_POINT ( 'NONE',  ( 24.54060521807383566, 2.079949199898003975, -5.588808478516652301 ) ) ;
#5083 = EDGE_CURVE ( 'NONE', #5951, #3612, #5431, .T. ) ;
#5084 = CARTESIAN_POINT ( 'NONE',  ( -22.43637778381093284, 0.000000000000000000, 16.33007813643631323 ) ) ;
#5085 = CARTESIAN_POINT ( 'NONE',  ( 4.557721267903827922, -0.5200508001019926718, 5.353579499273717346 ) ) ;
#5086 = CARTESIAN_POINT ( 'NONE',  ( -13.37653512674494927, 2.079949199897998646, 21.62483335173612531 ) ) ;
#5087 = ORIENTED_EDGE ( 'NONE', *, *, #3378, .T. ) ;
#5088 = EDGE_CURVE ( 'NONE', #4209, #2342, #9593, .T. ) ;
#5089 = CARTESIAN_POINT ( 'NONE',  ( 0.000000000000000000, 3.379949199898008239, 0.000000000000000000 ) ) ;
#5090 = CARTESIAN_POINT ( 'NONE',  ( -15.12982751433692918, 2.079949199897994205, 17.70423835191325423 ) ) ;
#5091 = CARTESIAN_POINT ( 'NONE',  ( -1.385879524133029950, 3.379961699898006433, 24.99928654876118372 ) ) ;
#5092 = ORIENTED_EDGE ( 'NONE', *, *, #5570, .T. ) ;
#5093 = CYLINDRICAL_SURFACE ( 'NONE', #9465, 1.199999999999999734 ) ;
#5094 = DIRECTION ( 'NONE',  ( 0.000000000000000000, 0.000000000000000000, -1.000000000000000000 ) ) ;
#5095 = DIRECTION ( 'NONE',  ( 0.000000000000000000, 0.000000000000000000, 1.000000000000000000 ) ) ;
#5096 = DIRECTION ( 'NONE',  ( 0.000000000000000000, -1.000000000000000000, 0.000000000000000000 ) ) ;
#5097 = CARTESIAN_POINT ( 'NONE',  ( 20.87844544752079656, 0.000000000000000000, -15.37751771673045909 ) ) ;
#5098 = CARTESIAN_POINT ( 'NONE',  ( 25.51309696382764258, 1.079949199898015300, -5.876918927264294545 ) ) ;
#5099 = CARTESIAN_POINT ( 'NONE',  ( 3.617746631463585327, -0.3200508001019938820, -8.509791121552330750 ) ) ;
#5100 = CARTESIAN_POINT ( 'NONE',  ( 13.86899728391797737, 2.079949199898016854, -21.48359523605714827 ) ) ;
#5101 = ORIENTED_EDGE ( 'NONE', *, *, #333, .T. ) ;
#5102 = CARTESIAN_POINT ( 'NONE',  ( -25.52267629096363422, -2.168404344971008868E-16, -5.797562797781898425 ) ) ;
#5103 = ORIENTED_EDGE ( 'NONE', *, *, #426, .F. ) ;
#5104 = CARTESIAN_POINT ( 'NONE',  ( -8.916341232660204952, 3.379949199898008239, -5.541452308261794357 ) ) ;
#5105 = ORIENTED_EDGE ( 'NONE', *, *, #48, .T. ) ;
#5106 = CYLINDRICAL_SURFACE ( 'NONE', #785, 14.00000000000000178 ) ;
#5107 = EDGE_LOOP ( 'NONE', ( #8126, #8093, #4314, #1647 ) ) ;
#5108 = CARTESIAN_POINT ( 'NONE',  ( -9.482162337980946987, 0.6799491998980070617, 2.185735155668543594 ) ) ;
#5109 = ORIENTED_EDGE ( 'NONE', *, *, #3410, .T. ) ;
#5110 = ADVANCED_FACE ( 'NONE', ( #8343 ), #3924, .F. ) ;
#5111 = CARTESIAN_POINT ( 'NONE',  ( 9.477797078433519928, -0.3200508001019929938, 0.8066673865268807475 ) ) ;
#5112 = CARTESIAN_POINT ( 'NONE',  ( -5.338370563275065983, 0.6799491998980070617, 10.08137147121547983 ) ) ;
#5113 = VERTEX_POINT ( 'NONE', #6136 ) ;
#5114 = CARTESIAN_POINT ( 'NONE',  ( 4.596118029612570766, 3.379949199898008239, 5.046640858607716495 ) ) ;
#5115 = CARTESIAN_POINT ( 'NONE',  ( -0.1602401832911141411, -0.3200508001019929383, -7.309192157333763262 ) ) ;
#5116 = CARTESIAN_POINT ( 'NONE',  ( -9.093302295844331695, -0.5200508001019926718, -5.260652592231884306 ) ) ;
#5117 = CARTESIAN_POINT ( 'NONE',  ( 23.83919648366678956, 1.079949199897997758, 8.620627066120487569 ) ) ;
#5118 = CARTESIAN_POINT ( 'NONE',  ( -7.516920954779542363, 3.379949199898008239, 0.8898689389679126371 ) ) ;
#5119 = ORIENTED_EDGE ( 'NONE', *, *, #7658, .T. ) ;
#5120 = DIRECTION ( 'NONE',  ( -0.000000000000000000, -1.000000000000000000, 0.000000000000000000 ) ) ;
#5121 = CARTESIAN_POINT ( 'NONE',  ( 25.57809117317586356, 1.079949199897994427, -5.406311980726516531 ) ) ;
#5122 = CARTESIAN_POINT ( 'NONE',  ( 7.565403859468271541, 0.6799491998980070617, 3.629072232885235838 ) ) ;
#5123 = EDGE_LOOP ( 'NONE', ( #4519, #4833, #7989, #1350 ) ) ;
#5124 = CARTESIAN_POINT ( 'NONE',  ( 13.37653562345046332, 3.379949199898008239, 21.62483327182261306 ) ) ;
#5125 = CYLINDRICAL_SURFACE ( 'NONE', #4492, 0.5000000000000004441 ) ;
#5126 = CIRCLE ( 'NONE', #1377, 0.5000000000000004441 ) ;
#5127 = CARTESIAN_POINT ( 'NONE',  ( -27.35706510254059154, 0.000000000000000000, -1.883446633294121320 ) ) ;
#5128 = CARTESIAN_POINT ( 'NONE',  ( 9.572605509961658043, 3.379949199898008239, -4.074305998878674728 ) ) ;
#5129 = CARTESIAN_POINT ( 'NONE',  ( -25.57847377632324282, 0.000000000000000000, 5.403601811366237406 ) ) ;
#5130 = ORIENTED_EDGE ( 'NONE', *, *, #7196, .F. ) ;
#5131 = CARTESIAN_POINT ( 'NONE',  ( 8.097978119328097080, -0.01004049788285018771, -9.806114451437123236 ) ) ;
#5132 = DIRECTION ( 'NONE',  ( 1.645587487092633848E-15, 0.000000000000000000, -1.000000000000000000 ) ) ;
#5133 = ADVANCED_FACE ( 'NONE', ( #6829 ), #9001, .F. ) ;
#5134 = CIRCLE ( 'NONE', #2937, 0.9999999999999991118 ) ;
#5135 = CARTESIAN_POINT ( 'NONE',  ( 15.99407193982682607, 1.079949199898025292, -18.20803970888895051 ) ) ;
#5136 = VERTEX_POINT ( 'NONE', #120 ) ;
#5137 = CARTESIAN_POINT ( 'NONE',  ( -9.845662866750824804, -0.3200508001019800042, 0.4032856144999129033 ) ) ;
#5138 = CARTESIAN_POINT ( 'NONE',  ( -26.95155599991250384, 3.379949199898008239, -5.685442100512532626 ) ) ;
#5139 = DIRECTION ( 'NONE',  ( 0.000000000000000000, 0.000000000000000000, -1.000000000000000000 ) ) ;
#5140 = CARTESIAN_POINT ( 'NONE',  ( -8.016659979266391289, 3.379949199898008239, -23.15900294825323513 ) ) ;
#5141 = CARTESIAN_POINT ( 'NONE',  ( 6.247035171860934710, -0.3200508001019938820, -8.618752361204892409 ) ) ;
#5142 =( BOUNDED_SURFACE ( )  B_SPLINE_SURFACE ( 3, 2, ( 
 ( #7749, #1102, #4725 ),
 ( #9264, #6227, #7791 ),
 ( #9213, #3206, #5618 ),
 ( #5473, #956, #3989 ),
 ( #2527, #7007, #9318 ),
 ( #5573, #8578, #5426 ),
 ( #8429, #364, #1692 ),
 ( #5528, #3949, #4671 ),
 ( #6965, #2473, #219 ),
 ( #8483, #3250, #4810 ),
 ( #3394, #7153, #264 ),
 ( #7838, #408, #4085 ),
 ( #8533, #7107, #3349 ),
 ( #6373, #1047, #9360 ),
 ( #4032, #7052, #312 ),
 ( #3305, #4131, #1889 ),
 ( #4868, #2090, #4176 ),
 ( #458, #3504, #5826 ),
 ( #2035, #4918, #1349 ),
 ( #4967, #3448, #7198 ),
 ( #565, #4375, #6473 ),
 ( #667, #3656, #7938 ),
 ( #7350, #615, #1200 ),
 ( #4231, #2717, #2134 ),
 ( #5725, #516, #9405 ),
 ( #9460, #5025, #2873 ),
 ( #8723, #9616, #8877 ),
 ( #1982, #7988, #2664 ),
 ( #1249, #3551, #7256 ),
 ( #6523, #3602, #6624 ),
 ( #8827, #1399, #1939 ),
 ( #9512, #5677, #5877 ),
 ( #5079, #8675, #2764 ),
 ( #5770, #8772, #8085 ),
 ( #8043, #1304, #6566 ),
 ( #7402, #9559, #4282 ),
 ( #2816, #4328, #5122 ),
 ( #7305, #8132, #8181 ),
 ( #3697, #6715, #753 ),
 ( #8371, #9013, #7630 ),
 ( #9057, #1449, #6674 ),
 ( #851, #5363, #1494 ),
 ( #2227, #59, #6853 ),
 ( #7449, #4424, #9660 ),
 ( #1634, #9701, #103 ),
 ( #2364, #3094, #804 ),
 ( #4566, #2175, #6114 ),
 ( #2954, #9106, #5968 ),
 ( #7485, #892, #710 ),
 ( #8965, #1587, #2911 ),
 ( #7587, #5215, #4609 ),
 ( #5307, #5920, #5259 ),
 ( #8229, #8918, #8269 ),
 ( #3838, #2314, #5168 ),
 ( #4465, #6812, #1537 ),
 ( #3741, #6762, #6066 ),
 ( #15, #3007, #6022 ),
 ( #2270, #4509, #3796 ),
 ( #7536, #3051, #8319 ),
 ( #7878, #4071, #7734 ),
 ( #7825, #1035, #995 ),
 ( #6214, #8416, #4711 ),
 ( #1827, #4854, #8607 ),
 ( #9249, #1677, #2413 ),
 ( #1734, #5606, #6316 ),
 ( #2513, #9347, #297 ),
 ( #351, #7778, #153 ),
 ( #6994, #252, #4798 ),
 ( #2603, #7678, #4018 ),
 ( #5515, #3238, #1088 ),
 ( #1873, #8467, #206 ),
 ( #3883, #3934, #9307 ),
 ( #8521, #2561, #8565 ),
 ( #7093, #3338, #6898 ),
 ( #7039, #1785, #6361 ),
 ( #3978, #3147, #6169 ),
 ( #4655, #944, #3193 ),
 ( #9156, #6258, #5414 ),
 ( #6951, #4757, #3290 ),
 ( #9201, #2460, #5458 ),
 ( #5560, #9498, #553 ),
 ( #2649, #8814, #3538 ),
 ( #4317, #7924, #5660 ),
 ( #9446, #6556, #7338 ),
 ( #9546, #442, #1339 ),
 ( #4906, #6511, #602 ),
 ( #1927, #3588, #6610 ),
 ( #1143, #3381, #2801 ),
 ( #7241, #5068, #8027 ),
 ( #7293, #4120, #5112 ),
 ( #7141, #8712, #5812 ),
 ( #8661, #2753, #1189 ),
 ( #6404, #1970, #2859 ),
 ( #5713, #5758, #9602 ),
 ( #6460, #5864, #5009 ),
 ( #8075, #4215, #501 ),
 ( #3491, #8865, #4164 ),
 ( #2123, #8758, #2018 ),
 ( #396, #9392, #4953 ),
 ( #2705, #4270, #7186 ),
 ( #3433, #7975, #1235 ),
 ( #1290, #2075, #3043 ),
 ( #1576, #2261, #6012 ),
 ( #8260, #2945, #6056 ),
 ( #9047, #5911, #5155 ),
 ( #2304, #3083, #5955 ),
 ( #6102, #2165, #7476 ),
 ( #1386, #4364, #9093 ),
 ( #6800, #6845, #6751 ),
 ( #2902, #2354, #3 ),
 ( #5296, #793, #92 ),
 ( #3830, #6705, #7524 ) ),
 .UNSPECIFIED., .F., .F., .F. ) 
 B_SPLINE_SURFACE_WITH_KNOTS ( ( 4, 2, 2, 2, 2, 2, 2, 2, 2, 2, 2, 2, 2, 2, 2, 2, 2, 2, 2, 2, 2, 2, 2, 2, 2, 2, 2, 2, 2, 2, 2, 2, 2, 2, 2, 2, 2, 2, 2, 2, 2, 2, 2, 2, 2, 2, 2, 2, 2, 2, 2, 2, 2, 2, 2, 4 ),
 ( 3, 3 ),
 ( 0.03558434615883954849, 0.03669635697630328763, 0.03780836779376701984, 0.03892037861123075898, 0.04003238942869449812, 0.04114440024615823033, 0.04225641106362196947, 0.04336842188108570861, 0.04448043269854944082, 0.04559244351601317302, 0.04614844892474503912, 0.04642645162911097911, 0.04670445433347691216, 0.04698245703784284522, 0.04712145839002581521, 0.04726045974220878521, 0.04753846244657471826, 0.04781646515094065131, 0.04837247055967251741, 0.04892847596840438351, 0.04948448137713624961, 0.04976248408150218266, 0.05004048678586811572, 0.05031848949023404877, 0.05038799016632553029, 0.05045749084241701876, 0.05052699151850850029, 0.05059649219459998182, 0.05087449489896592181, 0.05115249760333185486, 0.05226450842079559400, 0.05337651923825932621, 0.05448853005572305841, 0.05560054087318679755, 0.05671255169065053670, 0.05782456250811426890, 0.05893657332557800804, 0.05949257873430988108, 0.06004858414304174719, 0.06116059496050547939, 0.06171660036923734549, 0.06227260577796921853, 0.06338461659543295768, 0.06449662741289668988, 0.06560863823036042208, 0.06672064904782416817, 0.06727665445655603427, 0.06783265986528791425, 0.06894467068275164645, 0.06950067609148351255, 0.06977867879584945254, 0.07005668150021537866, 0.07019568285239834171, 0.07033468420458130477, 0.07061268690894724476, 0.07116869231767911086 ),
 ( 0.000000000000000000, 1.000000000000000000 ),
 .UNSPECIFIED. ) 
 GEOMETRIC_REPRESENTATION_ITEM ( )  RATIONAL_B_SPLINE_SURFACE ( (
 ( 1.000000000000000000, 0.7071067811865471286, 1.000000000000000000),
 ( 1.000000000000000000, 0.7071067811865471286, 1.000000000000000000),
 ( 1.000000000000000000, 0.7071067811865471286, 1.000000000000000000),
 ( 1.000000000000000000, 0.7071067811865471286, 1.000000000000000000),
 ( 1.000000000000000000, 0.7071067811865471286, 1.000000000000000000),
 ( 1.000000000000000000, 0.7071067811865471286, 1.000000000000000000),
 ( 1.000000000000000000, 0.7071067811865471286, 1.000000000000000000),
 ( 1.000000000000000000, 0.7071067811865471286, 1.000000000000000000),
 ( 1.000000000000000000, 0.7071067811865471286, 1.000000000000000000),
 ( 1.000000000000000000, 0.7071067811865471286, 1.000000000000000000),
 ( 1.000000000000000000, 0.7071067811865465735, 1.000000000000000000),
 ( 1.000000000000000000, 0.7071067811865465735, 1.000000000000000000),
 ( 1.000000000000000000, 0.7071067811865471286, 1.000000000000000000),
 ( 1.000000000000000000, 0.7071067811865471286, 1.000000000000000000),
 ( 1.000000000000000000, 0.7071067811865471286, 1.000000000000000000),
 ( 1.000000000000000000, 0.7071067811865471286, 1.000000000000000000),
 ( 1.000000000000000000, 0.7071067811865471286, 1.000000000000000000),
 ( 1.000000000000000000, 0.7071067811865471286, 1.000000000000000000),
 ( 1.000000000000000000, 0.7071067811865471286, 1.000000000000000000),
 ( 1.000000000000000000, 0.7071067811865471286, 1.000000000000000000),
 ( 1.000000000000000000, 0.7071067811865471286, 1.000000000000000000),
 ( 1.000000000000000000, 0.7071067811865471286, 1.000000000000000000),
 ( 1.000000000000000000, 0.7071067811865471286, 1.000000000000000000),
 ( 1.000000000000000000, 0.7071067811865471286, 1.000000000000000000),
 ( 1.000000000000000000, 0.7071067811865471286, 1.000000000000000000),
 ( 1.000000000000000000, 0.7071067811865471286, 1.000000000000000000),
 ( 1.000000000000000000, 0.7071067811865471286, 1.000000000000000000),
 ( 1.000000000000000000, 0.7071067811865471286, 1.000000000000000000),
 ( 1.000000000000000000, 0.7071067811865471286, 1.000000000000000000),
 ( 1.000000000000000000, 0.7071067811865471286, 1.000000000000000000),
 ( 1.000000000000000000, 0.7071067811865473507, 1.000000000000000000),
 ( 1.000000000000000000, 0.7071067811865473507, 1.000000000000000000),
 ( 1.000000000000000000, 0.7071067811865471286, 1.000000000000000000),
 ( 1.000000000000000000, 0.7071067811865471286, 1.000000000000000000),
 ( 1.000000000000000000, 0.7071067811865471286, 1.000000000000000000),
 ( 1.000000000000000000, 0.7071067811865471286, 1.000000000000000000),
 ( 1.000000000000000000, 0.7071067811865471286, 1.000000000000000000),
 ( 1.000000000000000000, 0.7071067811865471286, 1.000000000000000000),
 ( 1.000000000000000000, 0.7071067811865471286, 1.000000000000000000),
 ( 1.000000000000000000, 0.7071067811865471286, 1.000000000000000000),
 ( 1.000000000000000000, 0.7071067811865471286, 1.000000000000000000),
 ( 1.000000000000000000, 0.7071067811865471286, 1.000000000000000000),
 ( 1.000000000000000000, 0.7071067811865471286, 1.000000000000000000),
 ( 1.000000000000000000, 0.7071067811865471286, 1.000000000000000000),
 ( 1.000000000000000000, 0.7071067811865472397, 1.000000000000000000),
 ( 1.000000000000000000, 0.7071067811865472397, 1.000000000000000000),
 ( 1.000000000000000000, 0.7071067811865474617, 1.000000000000000000),
 ( 1.000000000000000000, 0.7071067811865474617, 1.000000000000000000),
 ( 1.000000000000000000, 0.7071067811865474617, 1.000000000000000000),
 ( 1.000000000000000000, 0.7071067811865474617, 1.000000000000000000),
 ( 1.000000000000000000, 0.7071067811865471286, 1.000000000000000000),
 ( 1.000000000000000000, 0.7071067811865471286, 1.000000000000000000),
 ( 1.000000000000000000, 0.7071067811865467956, 1.000000000000000000),
 ( 1.000000000000000000, 0.7071067811865467956, 1.000000000000000000),
 ( 1.000000000000000000, 0.7071067811865467956, 1.000000000000000000),
 ( 1.000000000000000000, 0.7071067811865467956, 1.000000000000000000),
 ( 1.000000000000000000, 0.7071067811865469066, 1.000000000000000000),
 ( 1.000000000000000000, 0.7071067811865469066, 1.000000000000000000),
 ( 1.000000000000000000, 0.7071067811865471286, 1.000000000000000000),
 ( 1.000000000000000000, 0.7071067811865471286, 1.000000000000000000),
 ( 1.000000000000000000, 0.7071067811865471286, 1.000000000000000000),
 ( 1.000000000000000000, 0.7071067811865471286, 1.000000000000000000),
 ( 1.000000000000000000, 0.7071067811865469066, 1.000000000000000000),
 ( 1.000000000000000000, 0.7071067811865469066, 1.000000000000000000),
 ( 1.000000000000000000, 0.7071067811865471286, 1.000000000000000000),
 ( 1.000000000000000000, 0.7071067811865471286, 1.000000000000000000),
 ( 1.000000000000000000, 0.7071067811865471286, 1.000000000000000000),
 ( 1.000000000000000000, 0.7071067811865471286, 1.000000000000000000),
 ( 1.000000000000000000, 0.7071067811865471286, 1.000000000000000000),
 ( 1.000000000000000000, 0.7071067811865471286, 1.000000000000000000),
 ( 1.000000000000000000, 0.7071067811865471286, 1.000000000000000000),
 ( 1.000000000000000000, 0.7071067811865471286, 1.000000000000000000),
 ( 1.000000000000000000, 0.7071067811865471286, 1.000000000000000000),
 ( 1.000000000000000000, 0.7071067811865471286, 1.000000000000000000),
 ( 1.000000000000000000, 0.7071067811865465735, 1.000000000000000000),
 ( 1.000000000000000000, 0.7071067811865465735, 1.000000000000000000),
 ( 1.000000000000000000, 0.7071067811865471286, 1.000000000000000000),
 ( 1.000000000000000000, 0.7071067811865471286, 1.000000000000000000),
 ( 1.000000000000000000, 0.7071067811865471286, 1.000000000000000000),
 ( 1.000000000000000000, 0.7071067811865471286, 1.000000000000000000),
 ( 1.000000000000000000, 0.7071067811865471286, 1.000000000000000000),
 ( 1.000000000000000000, 0.7071067811865471286, 1.000000000000000000),
 ( 1.000000000000000000, 0.7071067811865471286, 1.000000000000000000),
 ( 1.000000000000000000, 0.7071067811865471286, 1.000000000000000000),
 ( 1.000000000000000000, 0.7071067811865471286, 1.000000000000000000),
 ( 1.000000000000000000, 0.7071067811865471286, 1.000000000000000000),
 ( 1.000000000000000000, 0.7071067811865471286, 1.000000000000000000),
 ( 1.000000000000000000, 0.7071067811865471286, 1.000000000000000000),
 ( 1.000000000000000000, 0.7071067811865471286, 1.000000000000000000),
 ( 1.000000000000000000, 0.7071067811865471286, 1.000000000000000000),
 ( 1.000000000000000000, 0.7071067811865471286, 1.000000000000000000),
 ( 1.000000000000000000, 0.7071067811865471286, 1.000000000000000000),
 ( 1.000000000000000000, 0.7071067811865471286, 1.000000000000000000),
 ( 1.000000000000000000, 0.7071067811865471286, 1.000000000000000000),
 ( 1.000000000000000000, 0.7071067811865471286, 1.000000000000000000),
 ( 1.000000000000000000, 0.7071067811865471286, 1.000000000000000000),
 ( 1.000000000000000000, 0.7071067811865467956, 1.000000000000000000),
 ( 1.000000000000000000, 0.7071067811865467956, 1.000000000000000000),
 ( 1.000000000000000000, 0.7071067811865471286, 1.000000000000000000),
 ( 1.000000000000000000, 0.7071067811865471286, 1.000000000000000000),
 ( 1.000000000000000000, 0.7071067811865471286, 1.000000000000000000),
 ( 1.000000000000000000, 0.7071067811865471286, 1.000000000000000000),
 ( 1.000000000000000000, 0.7071067811865471286, 1.000000000000000000),
 ( 1.000000000000000000, 0.7071067811865471286, 1.000000000000000000),
 ( 1.000000000000000000, 0.7071067811865467956, 1.000000000000000000),
 ( 1.000000000000000000, 0.7071067811865467956, 1.000000000000000000),
 ( 1.000000000000000000, 0.7071067811865471286, 1.000000000000000000),
 ( 1.000000000000000000, 0.7071067811865471286, 1.000000000000000000),
 ( 1.000000000000000000, 0.7071067811865471286, 1.000000000000000000),
 ( 1.000000000000000000, 0.7071067811865471286, 1.000000000000000000),
 ( 1.000000000000000000, 0.7071067811865467956, 1.000000000000000000),
 ( 1.000000000000000000, 0.7071067811865467956, 1.000000000000000000) ) ) 
 REPRESENTATION_ITEM ( '' )  SURFACE ( )  );
#5143 = ADVANCED_FACE ( 'NONE', ( #7463 ), #4626, .F. ) ;
#5144 = CARTESIAN_POINT ( 'NONE',  ( -0.1331323103102764194, 2.050581169041540086, 21.19464102066214295 ) ) ;
#5145 = ORIENTED_EDGE ( 'NONE', *, *, #6390, .F. ) ;
#5146 = CARTESIAN_POINT ( 'NONE',  ( -25.57537319453513902, -4.336808689942017736E-16, -5.423868837624000072 ) ) ;
#5147 = AXIS2_PLACEMENT_3D ( 'NONE', #3760, #2244, #1555 ) ;
#5148 = EDGE_LOOP ( 'NONE', ( #7118, #7510, #3329, #8550 ) ) ;
#5149 = CARTESIAN_POINT ( 'NONE',  ( -5.510243224440257492, 3.379949199898008239, 2.706025421298513756 ) ) ;
#5150 = CARTESIAN_POINT ( 'NONE',  ( 25.57847377689379442, 1.079949199897997758, 5.403601807681492453 ) ) ;
#5151 = ORIENTED_EDGE ( 'NONE', *, *, #8503, .T. ) ;
#5152 = CARTESIAN_POINT ( 'NONE',  ( -10.97807308808843629, 0.6799491998980070617, -6.393721420307297620 ) ) ;
#5153 = VECTOR ( 'NONE', #1034, 1000.000000000000000 ) ;
#5154 = CARTESIAN_POINT ( 'NONE',  ( 1.079765151001822909, -0.3200508001019929383, 11.60123931647060935 ) ) ;
#5155 = CARTESIAN_POINT ( 'NONE',  ( -6.734281420377462801, 0.6799491998980070617, 5.879694575375237875 ) ) ;
#5156 = VERTEX_POINT ( 'NONE', #825 ) ;
#5157 = CARTESIAN_POINT ( 'NONE',  ( -4.393328513257206858, 3.379949199898008239, 7.110925952302642905 ) ) ;
#5158 = CIRCLE ( 'NONE', #4367, 1.399999999999998579 ) ;
#5159 = ADVANCED_FACE ( 'NONE', ( #2333 ), #5276, .F. ) ;
#5160 = CARTESIAN_POINT ( 'NONE',  ( -24.77962127952455873, 80.31423269831148559, 8.960628841958246937 ) ) ;
#5161 = CARTESIAN_POINT ( 'NONE',  ( -4.680119986780360009, 3.379949199898008239, -7.489937399371506821 ) ) ;
#5162 = ORIENTED_EDGE ( 'NONE', *, *, #4211, .T. ) ;
#5163 = EDGE_CURVE ( 'NONE', #8571, #5229, #1029, .T. ) ;
#5164 = AXIS2_PLACEMENT_3D ( 'NONE', #8232, #6678, #2273 ) ;
#5165 = LINE ( 'NONE', #2224, #5982 ) ;
#5166 = VECTOR ( 'NONE', #8546, 1000.000000000000000 ) ;
#5167 = CARTESIAN_POINT ( 'NONE',  ( 7.853088323723563136, -0.5200508001019787940, 2.086774348607976393 ) ) ;
#5168 = CARTESIAN_POINT ( 'NONE',  ( 6.729948679488787278, 0.6799491998980070617, 6.008084884042999008 ) ) ;
#5169 = ORIENTED_EDGE ( 'NONE', *, *, #7110, .F. ) ;
#5170 = CARTESIAN_POINT ( 'NONE',  ( -0.5326156975534780402, 2.079949199897966228, 22.44947472105999253 ) ) ;
#5171 = DIRECTION ( 'NONE',  ( -0.000000000000000000, 1.000000000000000000, -0.000000000000000000 ) ) ;
#5172 = AXIS2_PLACEMENT_3D ( 'NONE', #6882, #282, #5545 ) ;
#5173 = CARTESIAN_POINT ( 'NONE',  ( 25.57573688151069291, -2.168404344971008868E-16, 5.421278029423110212 ) ) ;
#5174 = FACE_OUTER_BOUND ( 'NONE', #1912, .T. ) ;
#5175 = VECTOR ( 'NONE', #6126, 1000.000000000000000 ) ;
#5176 = DIRECTION ( 'NONE',  ( 0.000000000000000000, 1.000000000000000000, -0.000000000000000000 ) ) ;
#5177 = EDGE_LOOP ( 'NONE', ( #8457, #3315, #5130, #2754 ) ) ;
#5178 = CARTESIAN_POINT ( 'NONE',  ( 14.40813922126655378, 1.079949199898004197, -19.61364848793045113 ) ) ;
#5179 = EDGE_CURVE ( 'NONE', #9288, #9006, #8897, .T. ) ;
#5180 = CARTESIAN_POINT ( 'NONE',  ( -15.79532611645819884, 1.079949199897977996, 18.46757968383829507 ) ) ;
#5181 = AXIS2_PLACEMENT_3D ( 'NONE', #8975, #9063, #9115 ) ;
#5182 = CARTESIAN_POINT ( 'NONE',  ( -7.002861641453975494, -0.5200508001019920057, -8.518034572794224601 ) ) ;
#5183 = ORIENTED_EDGE ( 'NONE', *, *, #211, .F. ) ;
#5184 = CARTESIAN_POINT ( 'NONE',  ( -6.764634522576817410, -0.3200508001019800042, 2.999933877537228177 ) ) ;
#5185 = CARTESIAN_POINT ( 'NONE',  ( -20.69999999999989271, 80.31423269831148559, 20.70000000000010942 ) ) ;
#5186 = CARTESIAN_POINT ( 'NONE',  ( -25.51311251866404817, 1.079949199897995760, -5.876835801766812750 ) ) ;
#5187 = DIRECTION ( 'NONE',  ( -0.000000000000000000, 1.000000000000000000, -0.000000000000000000 ) ) ;
#5188 = DIRECTION ( 'NONE',  ( 0.000000000000000000, 0.000000000000000000, 1.000000000000000000 ) ) ;
#5189 = EDGE_CURVE ( 'NONE', #4907, #6928, #6278, .T. ) ;
#5190 = TOROIDAL_SURFACE ( 'NONE', #1584, 1.500000000000000000, 1.000000000000000000 ) ;
#5191 = CIRCLE ( 'NONE', #4862, 1.199999999999999734 ) ;
#5192 = CARTESIAN_POINT ( 'NONE',  ( 0.000000000000000000, 0.000000000000000000, 0.000000000000000000 ) ) ;
#5193 = CARTESIAN_POINT ( 'NONE',  ( 15.89190444549910097, -6.933347799794093913E-30, 18.35404877423460590 ) ) ;
#5194 = CIRCLE ( 'NONE', #7247, 1.000000000000000666 ) ;
#5195 = EDGE_LOOP ( 'NONE', ( #7126, #43, #8670, #444 ) ) ;
#5196 = DIRECTION ( 'NONE',  ( -0.000000000000000000, -1.000000000000000000, 0.000000000000000000 ) ) ;
#5197 = ORIENTED_EDGE ( 'NONE', *, *, #8678, .F. ) ;
#5198 = CARTESIAN_POINT ( 'NONE',  ( -5.297048704471366776, 3.379949199898008239, 3.043721878631140410 ) ) ;
#5199 = EDGE_CURVE ( 'NONE', #2895, #2091, #6622, .T. ) ;
#5200 = CARTESIAN_POINT ( 'NONE',  ( -21.70205276300485409, 0.000000000000000000, 14.94467817892890338 ) ) ;
#5201 = CARTESIAN_POINT ( 'NONE',  ( -10.51450894591997454, 0.6799491998980072838, -0.9031035426163266377 ) ) ;
#5202 = TOROIDAL_SURFACE ( 'NONE', #7255, 6.324999999999996625, 1.000000000000000000 ) ;
#5203 = EDGE_CURVE ( 'NONE', #3207, #3589, #2620, .T. ) ;
#5204 = CARTESIAN_POINT ( 'NONE',  ( 5.217093281813427907, -0.3200508001019929383, 8.361178294970899927 ) ) ;
#5205 = CARTESIAN_POINT ( 'NONE',  ( 13.85873403624072076, 2.079949199897994205, 18.77809241999321799 ) ) ;
#5206 = ORIENTED_EDGE ( 'NONE', *, *, #3113, .F. ) ;
#5207 = CARTESIAN_POINT ( 'NONE',  ( -4.781585005895323981, 3.379949199898008239, 4.135363024995432291 ) ) ;
#5208 = AXIS2_PLACEMENT_3D ( 'NONE', #831, #968, #2339 ) ;
#5209 = CARTESIAN_POINT ( 'NONE',  ( 15.95282940189289178, 1.079949199897995760, -18.27253158614853135 ) ) ;
#5210 = CARTESIAN_POINT ( 'NONE',  ( -9.025690866952762903, 3.379949199898008239, -0.5886311466976456019 ) ) ;
#5211 = VERTEX_POINT ( 'NONE', #3994 ) ;
#5212 = DIRECTION ( 'NONE',  ( 0.000000000000000000, 0.000000000000000000, 1.000000000000000000 ) ) ;
#5213 = CIRCLE ( 'NONE', #1142, 0.9999999999999997780 ) ;
#5214 = CARTESIAN_POINT ( 'NONE',  ( 6.333187371549678701, -0.5200508001019787940, 3.607728680331762749 ) ) ;
#5215 = CARTESIAN_POINT ( 'NONE',  ( 5.732936608708483206, 0.6799491998980070617, 5.848207774940785697 ) ) ;
#5216 = EDGE_LOOP ( 'NONE', ( #2381, #2970, #7970, #2569 ) ) ;
#5217 = CARTESIAN_POINT ( 'NONE',  ( -0.3331503770506822892, 2.202064967826230291, 22.41682844004943220 ) ) ;
#5218 = ORIENTED_EDGE ( 'NONE', *, *, #7837, .F. ) ;
#5219 = CARTESIAN_POINT ( 'NONE',  ( 24.52029641909222946, 2.079949199898003975, -5.757139637013160893 ) ) ;
#5220 = CARTESIAN_POINT ( 'NONE',  ( 25.52289599700742428, 1.079949199897997758, 5.796072738194750329 ) ) ;
#5221 = CARTESIAN_POINT ( 'NONE',  ( 9.478377253900498900, -0.5200508001019926718, -1.559915373907895253 ) ) ;
#5222 = VERTEX_POINT ( 'NONE', #318 ) ;
#5223 = CARTESIAN_POINT ( 'NONE',  ( -8.016659979266391289, 2.579949199897999090, -23.15900294825323513 ) ) ;
#5224 = ORIENTED_EDGE ( 'NONE', *, *, #1112, .T. ) ;
#5225 = CARTESIAN_POINT ( 'NONE',  ( 7.597978119328097968, 2.579949199898003975, -23.46122212252468131 ) ) ;
#5226 = CARTESIAN_POINT ( 'NONE',  ( -15.76266721020372330, 1.079949199897737078, 18.50325783173271432 ) ) ;
#5227 = EDGE_CURVE ( 'NONE', #8680, #907, #4852, .T. ) ;
#5228 = CARTESIAN_POINT ( 'NONE',  ( 25.53206692149721846, 2.081668171172168513E-14, -5.719684865612447489 ) ) ;
#5229 = VERTEX_POINT ( 'NONE', #961 ) ;
#5230 = CARTESIAN_POINT ( 'NONE',  ( 20.85023272854534682, 80.31423269831148559, 15.37711965874911968 ) ) ;
#5231 = DIRECTION ( 'NONE',  ( 0.000000000000000000, 0.000000000000000000, -1.000000000000000000 ) ) ;
#5232 = CARTESIAN_POINT ( 'NONE',  ( 25.82005310978415480, 1.079949199897994427, -3.613949373340740845 ) ) ;
#5233 = DIRECTION ( 'NONE',  ( 0.000000000000000000, -1.000000000000000000, 0.000000000000000000 ) ) ;
#5234 = CARTESIAN_POINT ( 'NONE',  ( -10.02538718874729540, 2.079949199898001311, 21.26447847739668973 ) ) ;
#5235 = CARTESIAN_POINT ( 'NONE',  ( 9.383859339293044499, 0.6799491998980070617, -6.858371187024711269 ) ) ;
#5236 = CARTESIAN_POINT ( 'NONE',  ( -26.96198792828134927, 0.000000000000000000, 5.617818037016008681 ) ) ;
#5237 = EDGE_CURVE ( 'NONE', #2543, #5229, #6794, .T. ) ;
#5238 = EDGE_LOOP ( 'NONE', ( #6915, #2420, #7004, #3812 ) ) ;
#5239 = CARTESIAN_POINT ( 'NONE',  ( -8.102021880671902210, 0.6799491998980041751, -11.00611445143712608 ) ) ;
#5240 = VERTEX_POINT ( 'NONE', #2671 ) ;
#5241 = CARTESIAN_POINT ( 'NONE',  ( -8.644264276974698902, -0.5200508001019926718, -0.06187961847708331464 ) ) ;
#5242 = ADVANCED_FACE ( 'NONE', ( #2578 ), #5577, .F. ) ;
#5243 = CARTESIAN_POINT ( 'NONE',  ( -10.02538718874729540, 1.079949199897997758, 22.76447847739669328 ) ) ;
#5244 = CARTESIAN_POINT ( 'NONE',  ( -8.361216038688713326, -0.3200508001019938820, -7.747313234473565124 ) ) ;
#5245 = CARTESIAN_POINT ( 'NONE',  ( 5.731444240147292923, -0.3200508001019929383, 5.872626234439865200 ) ) ;
#5246 = CARTESIAN_POINT ( 'NONE',  ( 24.59024938363638313, 2.079949199898003975, 5.250590211483449288 ) ) ;
#5247 = ADVANCED_FACE ( 'NONE', ( #4677 ), #2477, .F. ) ;
#5248 = CARTESIAN_POINT ( 'NONE',  ( 14.92557317092905222, 1.079949199895477108, 19.25442148514655116 ) ) ;
#5249 = ORIENTED_EDGE ( 'NONE', *, *, #2827, .T. ) ;
#5250 = CARTESIAN_POINT ( 'NONE',  ( 9.244757968653246394, -0.5200508001019926718, -4.975898252075503514 ) ) ;
#5251 = EDGE_CURVE ( 'NONE', #5972, #4461, #950, .T. ) ;
#5252 = CARTESIAN_POINT ( 'NONE',  ( 15.95756307570400701, 1.079949199897988210, -18.26575182590152124 ) ) ;
#5253 = CARTESIAN_POINT ( 'NONE',  ( -7.494286254877687625, 3.379949199898008239, -6.870768018790511356 ) ) ;
#5254 = ORIENTED_EDGE ( 'NONE', *, *, #1680, .F. ) ;
#5255 = DIRECTION ( 'NONE',  ( 0.000000000000000000, 1.000000000000000000, 0.000000000000000000 ) ) ;
#5256 = CARTESIAN_POINT ( 'NONE',  ( 8.984195293127710258, -0.3200508001019800042, 1.321219238493202885 ) ) ;
#5257 = B_SPLINE_CURVE_WITH_KNOTS ( 'NONE', 3,
 ( #486, #1222, #9486, #2690 ),
 .UNSPECIFIED., .F., .F.,
 ( 4, 4 ),
 ( 0.001013093712783571382, 0.001488063771862147520 ),
 .UNSPECIFIED. ) ;
#5258 = EDGE_CURVE ( 'NONE', #1340, #5857, #8970, .T. ) ;
#5259 = CARTESIAN_POINT ( 'NONE',  ( 6.731050342782839202, 0.6799491998980070617, 5.932110234585219466 ) ) ;
#5260 = DIRECTION ( 'NONE',  ( 0.000000000000000000, 0.000000000000000000, -1.000000000000000000 ) ) ;
#5261 = DIRECTION ( 'NONE',  ( 0.000000000000000000, 0.000000000000000000, 1.000000000000000000 ) ) ;
#5262 = DIRECTION ( 'NONE',  ( 0.000000000000000000, 0.000000000000000000, -1.000000000000000000 ) ) ;
#5263 = CARTESIAN_POINT ( 'NONE',  ( -17.50748860296559783, 80.31423269831148559, -18.41669187804072649 ) ) ;
#5264 = CARTESIAN_POINT ( 'NONE',  ( 9.679470475704443189, 3.379949199898008239, -2.490731261057278267 ) ) ;
#5265 = VERTEX_POINT ( 'NONE', #5084 ) ;
#5266 = DIRECTION ( 'NONE',  ( -0.02821271897562873526, 0.000000000000000000, 0.9996019420189229399 ) ) ;
#5267 = ORIENTED_EDGE ( 'NONE', *, *, #1037, .T. ) ;
#5268 = DIRECTION ( 'NONE',  ( -1.776356839400250465E-15, 0.000000000000000000, -1.000000000000000000 ) ) ;
#5269 = CARTESIAN_POINT ( 'NONE',  ( -13.38380370810280695, 1.079949199898004197, 20.78142652189907125 ) ) ;
#5270 = UNCERTAINTY_MEASURE_WITH_UNIT (LENGTH_MEASURE( 1.000000000000000082E-05 ), #6068, 'distance_accuracy_value', 'NONE');
#5271 = CARTESIAN_POINT ( 'NONE',  ( -9.139715893921806611, -0.5200508001019920057, 1.179230053374935139 ) ) ;
#5272 = ORIENTED_EDGE ( 'NONE', *, *, #9723, .F. ) ;
#5273 = CARTESIAN_POINT ( 'NONE',  ( -2.695804706572649145, -0.3200508001019800042, -8.156822025975458246 ) ) ;
#5274 = FACE_OUTER_BOUND ( 'NONE', #2356, .T. ) ;
#5275 = DIRECTION ( 'NONE',  ( 0.000000000000000000, 0.000000000000000000, -1.000000000000000000 ) ) ;
#5276 = CYLINDRICAL_SURFACE ( 'NONE', #1107, 26.35000000000000497 ) ;
#5277 = DIRECTION ( 'NONE',  ( -0.02821271897563567069, 0.000000000000000000, -0.9996019420189227178 ) ) ;
#5278 = EDGE_CURVE ( 'NONE', #310, #5872, #570, .T. ) ;
#5279 = CARTESIAN_POINT ( 'NONE',  ( 5.588947297398005887, -0.3200508001019938820, -8.706958444259150554 ) ) ;
#5280 = CYLINDRICAL_SURFACE ( 'NONE', #4084, 1.000000000000000444 ) ;
#5281 = DIRECTION ( 'NONE',  ( 0.000000000000000000, 1.000000000000000000, -0.000000000000000000 ) ) ;
#5282 = B_SPLINE_CURVE_WITH_KNOTS ( 'NONE', 3,
 ( #755, #2271, #2461, #4656 ),
 .UNSPECIFIED., .F., .F.,
 ( 4, 4 ),
 ( 0.000000000000000000, 0.5789340767438232449 ),
 .UNSPECIFIED. ) ;
#5283 = CARTESIAN_POINT ( 'NONE',  ( -25.57212989703570472, 1.079949199897997758, -5.445066121216212807 ) ) ;
#5284 = VERTEX_POINT ( 'NONE', #6679 ) ;
#5285 = CARTESIAN_POINT ( 'NONE',  ( -5.297048704471366776, -0.5200508001019926718, 3.043721878631140410 ) ) ;
#5286 = VECTOR ( 'NONE', #6422, 1000.000000000000000 ) ;
#5287 = CARTESIAN_POINT ( 'NONE',  ( 1.852089052220175613, -0.3200508001019929383, -7.716825619375518919 ) ) ;
#5288 = CARTESIAN_POINT ( 'NONE',  ( 4.025343917926746506, -0.5200508001019926718, -7.369790065371157439 ) ) ;
#5289 = PLANE ( 'NONE',  #2065 ) ;
#5290 = B_SPLINE_CURVE_WITH_KNOTS ( 'NONE', 3,
 ( #6979, #6345, #3964, #1855, #1766, #8446 ),
 .UNSPECIFIED., .F., .F.,
 ( 4, 2, 4 ),
 ( 0.000000000000000000, 0.0005919693853461240659, 0.001183938770692248132 ),
 .UNSPECIFIED. ) ;
#5291 = CARTESIAN_POINT ( 'NONE',  ( -11.90171674533777058, 0.6799491998980070617, -2.762381932798217310 ) ) ;
#5292 = VECTOR ( 'NONE', #1464, 1000.000000000000000 ) ;
#5293 = CARTESIAN_POINT ( 'NONE',  ( -0.9574847569498746713, -0.3200508001019929383, 11.62331446146988689 ) ) ;
#5294 = DIRECTION ( 'NONE',  ( -0.000000000000000000, -1.000000000000000000, -0.000000000000000000 ) ) ;
#5295 = EDGE_CURVE ( 'NONE', #340, #3174, #2675, .T. ) ;
#5296 = CARTESIAN_POINT ( 'NONE',  ( -5.885660503314340097, -0.3200508001019938820, 4.722479396956631881 ) ) ;
#5297 = CIRCLE ( 'NONE', #1397, 0.5000000000000004441 ) ;
#5298 = VERTEX_POINT ( 'NONE', #4333 ) ;
#5299 = CARTESIAN_POINT ( 'NONE',  ( 3.491947033443773218, 3.379949199898008239, 8.854551475444953468 ) ) ;
#5300 = CARTESIAN_POINT ( 'NONE',  ( 15.96007584959746595, 1.079949199897995760, -18.26213581549877674 ) ) ;
#5301 = DIRECTION ( 'NONE',  ( 0.000000000000000000, 0.000000000000000000, 1.000000000000000000 ) ) ;
#5302 = ORIENTED_EDGE ( 'NONE', *, *, #6520, .T. ) ;
#5303 = TOROIDAL_SURFACE ( 'NONE', #6894, 25.35000000000000497, 1.000000000000000000 ) ;
#5304 = FACE_OUTER_BOUND ( 'NONE', #7638, .T. ) ;
#5305 = EDGE_CURVE ( 'NONE', #7613, #2019, #8185, .T. ) ;
#5306 = CARTESIAN_POINT ( 'NONE',  ( 6.750248446161347893, -0.5200508001019787940, 3.021526968427552529 ) ) ;
#5307 = CARTESIAN_POINT ( 'NONE',  ( 5.731231921209642088, -0.3200508001019938820, 5.911951689521538711 ) ) ;
#5309 = VERTEX_POINT ( 'NONE', #7261 ) ;
#5308 = AXIS2_PLACEMENT_3D ( 'NONE', #8735, #2049, #4340 ) ;
#5310 = CARTESIAN_POINT ( 'NONE',  ( -24.77944959953634552, 1.079949199897997758, -8.961103589627693822 ) ) ;
#5311 = DIRECTION ( 'NONE',  ( 0.000000000000000000, 0.000000000000000000, 1.000000000000000000 ) ) ;
#5312 = CARTESIAN_POINT ( 'NONE',  ( -15.86617802219935136, 1.522737072901449551, 18.22013859337591768 ) ) ;
#5313 = CIRCLE ( 'NONE', #3269, 1.399999999999998579 ) ;
#5314 = CARTESIAN_POINT ( 'NONE',  ( -20.69999999999989271, 3.379949199898008239, 20.70000000000010942 ) ) ;
#5315 = DIRECTION ( 'NONE',  ( -0.000000000000000000, 1.000000000000000000, -0.000000000000000000 ) ) ;
#5316 = ORIENTED_EDGE ( 'NONE', *, *, #5936, .F. ) ;
#5317 = CARTESIAN_POINT ( 'NONE',  ( 7.597978119328103297, 2.579949199898003975, -11.00611445143712253 ) ) ;
#5318 = EDGE_CURVE ( 'NONE', #162, #2895, #2992, .T. ) ;
#5319 = VECTOR ( 'NONE', #5365, 1000.000000000000000 ) ;
#5320 = ORIENTED_EDGE ( 'NONE', *, *, #4132, .T. ) ;
#5321 = DIRECTION ( 'NONE',  ( -0.000000000000000000, -1.000000000000000000, 0.000000000000000000 ) ) ;
#5322 = AXIS2_PLACEMENT_3D ( 'NONE', #812, #2320, #760 ) ;
#5323 = CARTESIAN_POINT ( 'NONE',  ( 15.97641246708857921, 1.079949199898053269, -18.23922647316586065 ) ) ;
#5324 = EDGE_CURVE ( 'NONE', #5732, #6331, #1439, .T. ) ;
#5325 = CARTESIAN_POINT ( 'NONE',  ( -1.669760350513127101, -0.5200508001019920057, -7.636998337666146774 ) ) ;
#5326 = ORIENTED_EDGE ( 'NONE', *, *, #9375, .F. ) ;
#5327 = CARTESIAN_POINT ( 'NONE',  ( 3.053236102212768532, -0.5200508001019856774, -8.315154110800278886 ) ) ;
#5328 = VERTEX_POINT ( 'NONE', #671 ) ;
#5329 = VECTOR ( 'NONE', #7180, 1000.000000000000000 ) ;
#5330 = VECTOR ( 'NONE', #4291, 1000.000000000000000 ) ;
#5331 = DIRECTION ( 'NONE',  ( 0.000000000000000000, 1.000000000000000000, 0.000000000000000000 ) ) ;
#5332 = DIRECTION ( 'NONE',  ( 8.227937435463169239E-16, 0.000000000000000000, -1.000000000000000000 ) ) ;
#5333 = CARTESIAN_POINT ( 'NONE',  ( 8.138342813060074121, 0.000000000000000000, 25.06172133467918073 ) ) ;
#5334 = CARTESIAN_POINT ( 'NONE',  ( 2.281366921287558025, 0.6799491998980040641, -9.066125703215742959 ) ) ;
#5335 = CIRCLE ( 'NONE', #6139, 1.000000000000001554 ) ;
#5336 = CIRCLE ( 'NONE', #5658, 1.000000000000000000 ) ;
#5337 = CARTESIAN_POINT ( 'NONE',  ( 20.70000000000011653, 2.079949199898003975, 20.69999999999988916 ) ) ;
#5338 = CARTESIAN_POINT ( 'NONE',  ( -9.799999999999998934, 2.079949199898003975, -22.22652707358078317 ) ) ;
#5339 = DIRECTION ( 'NONE',  ( -1.000000000000000000, -0.000000000000000000, -0.000000000000000000 ) ) ;
#5340 = EDGE_CURVE ( 'NONE', #5026, #8949, #7868, .T. ) ;
#5341 = CARTESIAN_POINT ( 'NONE',  ( 25.57810035232022372, 1.079949199897997758, -5.406252687022702119 ) ) ;
#5342 = VERTEX_POINT ( 'NONE', #4287 ) ;
#5343 = AXIS2_PLACEMENT_3D ( 'NONE', #4680, #7061, #270 ) ;
#5344 = DIRECTION ( 'NONE',  ( 0.000000000000000000, 0.000000000000000000, -1.000000000000000000 ) ) ;
#5345 = CIRCLE ( 'NONE', #1114, 1.199999999999999734 ) ;
#5346 = CARTESIAN_POINT ( 'NONE',  ( -5.007305336910791382, -0.5200508001019926718, -7.513100848590894998 ) ) ;
#5347 = CARTESIAN_POINT ( 'NONE',  ( -13.85873403624072608, 2.079949199898003975, 18.77809241999321443 ) ) ;
#5348 = CARTESIAN_POINT ( 'NONE',  ( -10.90072162692826652, 0.6799491998976812113, -2.796078895921680019 ) ) ;
#5349 = FACE_OUTER_BOUND ( 'NONE', #52, .T. ) ;
#5350 = DIRECTION ( 'NONE',  ( 0.000000000000000000, 0.000000000000000000, 1.000000000000000000 ) ) ;
#5351 = ADVANCED_FACE ( 'NONE', ( #7355 ), #3662, .F. ) ;
#5352 = CARTESIAN_POINT ( 'NONE',  ( 15.41987372641802168, 2.079949199897995094, 18.84183403123560652 ) ) ;
#5353 = VERTEX_POINT ( 'NONE', #2040 ) ;
#5354 = CARTESIAN_POINT ( 'NONE',  ( -1.142136006488409183, 3.379949199898008239, 10.35019729928566790 ) ) ;
#5355 = AXIS2_PLACEMENT_3D ( 'NONE', #6011, #8259, #7521 ) ;
#5356 = CARTESIAN_POINT ( 'NONE',  ( 15.96135171772820271, 2.079949199897995982, -18.26029977587527853 ) ) ;
#5357 = CYLINDRICAL_SURFACE ( 'NONE', #8631, 2.000000000000000000 ) ;
#5358 = ORIENTED_EDGE ( 'NONE', *, *, #3454, .F. ) ;
#5359 = B_SPLINE_CURVE_WITH_KNOTS ( 'NONE', 3,
 ( #2151, #3673, #1269, #9675 ),
 .UNSPECIFIED., .F., .F.,
 ( 4, 4 ),
 ( 0.001013459947533508227, 0.001489762009665137124 ),
 .UNSPECIFIED. ) ;
#5360 = DIRECTION ( 'NONE',  ( -0.000000000000000000, -1.000000000000000000, -0.000000000000000000 ) ) ;
#5361 = CARTESIAN_POINT ( 'NONE',  ( -6.017660140422891324, -0.3200508001019800042, 4.273928396912408445 ) ) ;
#5362 = CIRCLE ( 'NONE', #1608, 2.000000000000000000 ) ;
#5363 = CARTESIAN_POINT ( 'NONE',  ( 5.900495969297154808, 0.6799491998980400354, 4.694887803704044238 ) ) ;
#5364 = CARTESIAN_POINT ( 'NONE',  ( 0.000000000000000000, 2.079949199898003975, 0.000000000000000000 ) ) ;
#5365 = DIRECTION ( 'NONE',  ( 0.000000000000000000, 0.000000000000000000, -1.000000000000000000 ) ) ;
#5366 = ADVANCED_FACE ( 'NONE', ( #7309 ), #8047, .T. ) ;
#5367 = B_SPLINE_CURVE_WITH_KNOTS ( 'NONE', 3,
 ( #464, #6479, #7636, #8274, #897, #855, #8187, #9111 ),
 .UNSPECIFIED., .F., .F.,
 ( 4, 2, 2, 4 ),
 ( -6.324555357449108861E-06, 0.0009194054181891304434, 0.001382270404962420264, 0.001845135391735709977 ),
 .UNSPECIFIED. ) ;
#5368 =( NAMED_UNIT ( * ) PLANE_ANGLE_UNIT ( ) SI_UNIT ( $, .RADIAN. ) );
#5369 = CARTESIAN_POINT ( 'NONE',  ( -15.12853249051594950, 2.079949199897976886, 17.70594342225097151 ) ) ;
#5370 = CARTESIAN_POINT ( 'NONE',  ( 25.57248147021924467, 0.000000000000000000, 5.442552349322518523 ) ) ;
#5371 = DIRECTION ( 'NONE',  ( -0.8660254037844425934, 0.000000000000000000, 0.4999999999999933942 ) ) ;
#5372 = ORIENTED_EDGE ( 'NONE', *, *, #385, .T. ) ;
#5373 = CARTESIAN_POINT ( 'NONE',  ( -16.66778655113267504, 1.079949199898004197, -18.37582460135802620 ) ) ;
#5374 = CIRCLE ( 'NONE', #350, 0.9999999999999986677 ) ;
#5375 = VERTEX_POINT ( 'NONE', #571 ) ;
#5376 = CARTESIAN_POINT ( 'NONE',  ( -25.51333992287129604, 2.081668171172168513E-14, 5.875394879198398534 ) ) ;
#5377 = CARTESIAN_POINT ( 'NONE',  ( 0.000000000000000000, 1.669898693559164427, 20.48994949366117524 ) ) ;
#5378 = DIRECTION ( 'NONE',  ( -0.8660254037844407060, 0.000000000000000000, 0.4999999999999967804 ) ) ;
#5379 = EDGE_LOOP ( 'NONE', ( #2130, #5406, #5145, #1264, #1457 ) ) ;
#5380 = CARTESIAN_POINT ( 'NONE',  ( 4.923790290237420209, -0.3200508001019800042, -8.732962522738857203 ) ) ;
#5381 = ORIENTED_EDGE ( 'NONE', *, *, #8804, .T. ) ;
#5382 = CIRCLE ( 'NONE', #6503, 1.000000000000000888 ) ;
#5383 = ADVANCED_FACE ( 'NONE', ( #6573 ), #1943, .T. ) ;
#5384 = CARTESIAN_POINT ( 'NONE',  ( 15.78097176769932908, 1.689520103077108093, 18.16105345084635303 ) ) ;
#5385 = DIRECTION ( 'NONE',  ( 1.000000000000000000, 0.000000000000000000, 0.000000000000000000 ) ) ;
#5386 = CARTESIAN_POINT ( 'NONE',  ( 1.168668865057709727, 3.379949199898008239, 10.35121876156493315 ) ) ;
#5387 = EDGE_CURVE ( 'NONE', #6686, #6393, #5367, .T. ) ;
#5388 = B_SPLINE_CURVE_WITH_KNOTS ( 'NONE', 3,
 ( #5632, #927, #3919, #4881 ),
 .UNSPECIFIED., .F., .F.,
 ( 4, 4 ),
 ( 0.000000000000000000, 0.1343646106308115373 ),
 .UNSPECIFIED. ) ;
#5389 = CARTESIAN_POINT ( 'NONE',  ( -1.014302846927306989, 0.6799491998980069507, -8.446431504033975912 ) ) ;
#5390 = FACE_OUTER_BOUND ( 'NONE', #2571, .T. ) ;
#5391 = DIRECTION ( 'NONE',  ( 0.000000000000000000, 1.000000000000000000, 0.000000000000000000 ) ) ;
#5392 = CARTESIAN_POINT ( 'NONE',  ( -16.88298393716743817, 80.31423269831148559, -17.74855740762624379 ) ) ;
#5393 = EDGE_CURVE ( 'NONE', #4643, #7384, #1853, .T. ) ;
#5394 = DIRECTION ( 'NONE',  ( -0.000000000000000000, 1.000000000000000000, -0.000000000000000000 ) ) ;
#5395 = ORIENTED_EDGE ( 'NONE', *, *, #5604, .T. ) ;
#5396 = CARTESIAN_POINT ( 'NONE',  ( 9.145813648015799657, -0.3200508001019928828, -7.118009111047881809 ) ) ;
#5397 = CARTESIAN_POINT ( 'NONE',  ( 0.5694618571381547811, -0.5200508001019926718, -6.130601451594168694 ) ) ;
#5398 = ORIENTED_EDGE ( 'NONE', *, *, #854, .F. ) ;
#5399 = DIRECTION ( 'NONE',  ( 0.000000000000000000, 0.000000000000000000, -1.000000000000000000 ) ) ;
#5400 = ORIENTED_EDGE ( 'NONE', *, *, #6417, .T. ) ;
#5401 = CARTESIAN_POINT ( 'NONE',  ( -1.335056812812526417, -0.3200508001019938820, -7.515214784301289974 ) ) ;
#5402 = CARTESIAN_POINT ( 'NONE',  ( -5.791005169755283788, -0.3200508001019928828, 5.146164500971097233 ) ) ;
#5403 = CARTESIAN_POINT ( 'NONE',  ( -26.96198792828134927, 3.379949199898008239, 5.617818037016008681 ) ) ;
#5404 = ORIENTED_EDGE ( 'NONE', *, *, #5512, .T. ) ;
#5405 = CARTESIAN_POINT ( 'NONE',  ( 15.94642657579266398, 2.079949199897959566, 18.28155728581724659 ) ) ;
#5406 = ORIENTED_EDGE ( 'NONE', *, *, #2638, .F. ) ;
#5407 = CARTESIAN_POINT ( 'NONE',  ( 5.447457981494244983, 3.379949199898008239, -7.514857651260600235 ) ) ;
#5408 = CARTESIAN_POINT ( 'NONE',  ( 15.89664950496879925, 2.079949199898177170, -18.34734738696153045 ) ) ;
#5409 = CARTESIAN_POINT ( 'NONE',  ( 27.39333754361311435, 0.000000000000000000, -0.9399128949690361834 ) ) ;
#5410 = ORIENTED_EDGE ( 'NONE', *, *, #4351, .F. ) ;
#5411 = CARTESIAN_POINT ( 'NONE',  ( -6.952723220047762887, -0.3200508001019938820, 2.820113634119679968 ) ) ;
#5412 = EDGE_CURVE ( 'NONE', #4528, #1393, #3931, .T. ) ;
#5413 = CARTESIAN_POINT ( 'NONE',  ( 4.909909360775394305, -0.3200508001019800042, 8.996455854620910131 ) ) ;
#5414 = CARTESIAN_POINT ( 'NONE',  ( -0.1388983707316661098, 0.6799491998980070617, 12.70333418651046564 ) ) ;
#5415 = DIRECTION ( 'NONE',  ( 0.000000000000000000, 0.000000000000000000, -1.000000000000000000 ) ) ;
#5416 = DIRECTION ( 'NONE',  ( -0.000000000000000000, -1.000000000000000000, -0.000000000000000000 ) ) ;
#5417 = B_SPLINE_CURVE_WITH_KNOTS ( 'NONE', 3,
 ( #9362, #4813, #6275, #4870, #2719, #410 ),
 .UNSPECIFIED., .F., .F.,
 ( 4, 2, 4 ),
 ( 0.000000000000000000, 0.005427226819528506094, 0.01085445363905701219 ),
 .UNSPECIFIED. ) ;
#5418 = PRESENTATION_STYLE_ASSIGNMENT (( #3240 ) ) ;
#5419 = CARTESIAN_POINT ( 'NONE',  ( 8.097978119328097080, 1.669898693559165981, -18.82181661348524671 ) ) ;
#5420 = CARTESIAN_POINT ( 'NONE',  ( -14.00000000000000355, 80.31423269831148559, 25.49999999999999645 ) ) ;
#5421 = CARTESIAN_POINT ( 'NONE',  ( -6.549403876456887375, 0.6799491998980070617, 7.566326189603544528 ) ) ;
#5422 = ORIENTED_EDGE ( 'NONE', *, *, #2280, .F. ) ;
#5423 = CARTESIAN_POINT ( 'NONE',  ( 8.097978119328098856, 2.079949199898003975, -23.46122212252467776 ) ) ;
#5424 = CARTESIAN_POINT ( 'NONE',  ( 7.125186704218966049, 1.689974599949004119, -3.048641407254132574 ) ) ;
#5425 = CARTESIAN_POINT ( 'NONE',  ( 15.92528236285746246, 1.079949199898053047, -18.31143984621599685 ) ) ;
#5426 = CARTESIAN_POINT ( 'NONE',  ( 11.53004487385757493, 0.6799491998980070617, -5.202230451209048923 ) ) ;
#5427 = ORIENTED_EDGE ( 'NONE', *, *, #6864, .T. ) ;
#5428 = DIRECTION ( 'NONE',  ( -0.000000000000000000, -1.000000000000000000, -0.000000000000000000 ) ) ;
#5429 = ORIENTED_EDGE ( 'NONE', *, *, #1730, .F. ) ;
#5430 = FACE_OUTER_BOUND ( 'NONE', #3075, .T. ) ;
#5431 = LINE ( 'NONE', #4586, #6924 ) ;
#5432 = CARTESIAN_POINT ( 'NONE',  ( -5.287689757460261042, -0.5200508001019926718, 3.059931812852650257 ) ) ;
#5433 = CARTESIAN_POINT ( 'NONE',  ( 9.857491304859783199, 0.6799491998980071727, -7.821521105620346859 ) ) ;
#5434 = EDGE_CURVE ( 'NONE', #498, #73, #802, .T. ) ;
#5435 = CARTESIAN_POINT ( 'NONE',  ( -26.95155599998821927, 1.387778780781445676E-14, -5.685442100023453627 ) ) ;
#5436 = FACE_OUTER_BOUND ( 'NONE', #922, .T. ) ;
#5437 = CARTESIAN_POINT ( 'NONE',  ( 0.1686232147474205079, 3.379949199898006018, 23.79829952560004358 ) ) ;
#5438 = DIRECTION ( 'NONE',  ( 0.000000000000000000, -1.000000000000000000, 0.000000000000000000 ) ) ;
#5439 = ORIENTED_EDGE ( 'NONE', *, *, #3932, .T. ) ;
#5440 = CARTESIAN_POINT ( 'NONE',  ( 1.371200669744998768, -0.3200508001019928273, -7.523103450115193880 ) ) ;
#5441 = CYLINDRICAL_SURFACE ( 'NONE', #4834, 0.5000000000000004441 ) ;
#5442 = ORIENTED_EDGE ( 'NONE', *, *, #854, .T. ) ;
#5443 = CARTESIAN_POINT ( 'NONE',  ( -14.89396319725868700, 2.079949199897973333, 17.96241905781799630 ) ) ;
#5444 = CARTESIAN_POINT ( 'NONE',  ( -2.110229684582412002, 0.6799491998980072838, -7.843867507928713678 ) ) ;
#5445 = ADVANCED_FACE ( 'NONE', ( #9060 ), #5830, .T. ) ;
#5446 = DIRECTION ( 'NONE',  ( 0.000000000000000000, -1.000000000000000000, -0.000000000000000000 ) ) ;
#5447 = ORIENTED_EDGE ( 'NONE', *, *, #3292, .T. ) ;
#5448 = AXIS2_PLACEMENT_3D ( 'NONE', #1159, #4135, #7156 ) ;
#5449 = CARTESIAN_POINT ( 'NONE',  ( 15.95735280130809031, 1.079949199897995760, 18.26605442319836570 ) ) ;
#5450 = ORIENTED_EDGE ( 'NONE', *, *, #1551, .T. ) ;
#5451 = CARTESIAN_POINT ( 'NONE',  ( 2.708534342100519243, 3.379949199898008239, -6.801304341999404812 ) ) ;
#5452 = CARTESIAN_POINT ( 'NONE',  ( 14.32113091090364421, 2.079949199897994205, -18.45677904067461128 ) ) ;
#5453 = CARTESIAN_POINT ( 'NONE',  ( 0.1783442621405729733, 1.071537427650306906, 22.39831804142791327 ) ) ;
#5454 = ORIENTED_EDGE ( 'NONE', *, *, #4827, .T. ) ;
#5455 = AXIS2_PLACEMENT_3D ( 'NONE', #9575, #2886, #8284 ) ;
#5456 = CARTESIAN_POINT ( 'NONE',  ( -5.772616132690109758, -0.5200508001019787940, 5.317298711490815677 ) ) ;
#5457 = B_SPLINE_SURFACE_WITH_KNOTS ( 'NONE', 3, 1, ( 
 ( #9074, #36 ),
 ( #78, #6830 ),
 ( #6871, #774 ),
 ( #4442, #7464 ),
 ( #121, #7424 ),
 ( #728, #3070 ),
 ( #6736, #3715 ),
 ( #9032, #2248 ),
 ( #8895, #6085 ),
 ( #9721, #2152 ) ),
 .UNSPECIFIED., .F., .F., .F.,
 ( 4, 2, 2, 2, 4 ),
 ( 2, 2 ),
 ( 0.000000000000000000, 0.5000000000000031086, 0.7500000000000016653, 0.8750000000000008882, 1.000000000000000000 ),
 ( 0.000000000000000000, 1.000000000000000000 ),
 .UNSPECIFIED. ) ;
#5458 = CARTESIAN_POINT ( 'NONE',  ( -1.135374745914380368, 0.6799491998980070617, 12.60009688620625212 ) ) ;
#5459 = DIRECTION ( 'NONE',  ( -0.000000000000000000, -1.000000000000000000, 0.000000000000000000 ) ) ;
#5460 = CARTESIAN_POINT ( 'NONE',  ( 15.99407194726475900, 1.212435731909749626, -18.20803969484260776 ) ) ;
#5461 = EDGE_CURVE ( 'NONE', #7384, #2393, #5974, .T. ) ;
#5462 = ADVANCED_FACE ( 'NONE', ( #4428 ), #1542, .T. ) ;
#5463 = DIRECTION ( 'NONE',  ( 0.9928108468684228027, 0.000000000000000000, 0.1196938692682508465 ) ) ;
#5464 = CARTESIAN_POINT ( 'NONE',  ( -15.85397087872774513, 1.581731509856374007, 18.18279634097203967 ) ) ;
#5465 = CARTESIAN_POINT ( 'NONE',  ( 13.37653562345044733, 3.379949199898008239, -21.62483327182251713 ) ) ;
#5466 = CARTESIAN_POINT ( 'NONE',  ( -6.736217515936863798, 0.6799491998980069507, 5.772438949368342342 ) ) ;
#5467 = VERTEX_POINT ( 'NONE', #6904 ) ;
#5468 = CARTESIAN_POINT ( 'NONE',  ( -6.326916435308327813, -0.3200508001019958249, 3.659938406190052174 ) ) ;
#5469 = ORIENTED_EDGE ( 'NONE', *, *, #9075, .F. ) ;
#5470 = AXIS2_PLACEMENT_3D ( 'NONE', #3851, #4478, #5378 ) ;
#5471 = CARTESIAN_POINT ( 'NONE',  ( -16.48743823117441210, 0.000000000000000000, -17.44270843432327212 ) ) ;
#5472 = FACE_OUTER_BOUND ( 'NONE', #5803, .T. ) ;
#5473 = CARTESIAN_POINT ( 'NONE',  ( 10.17282824296835209, -0.3200508001019938820, -5.784505174185557763 ) ) ;
#5474 = ORIENTED_EDGE ( 'NONE', *, *, #4163, .T. ) ;
#5475 = CARTESIAN_POINT ( 'NONE',  ( -3.062440119029973484, -0.5200508001019856774, -8.318723057359077799 ) ) ;
#5476 = ADVANCED_FACE ( 'NONE', ( #2916 ), #4571, .T. ) ;
#5477 = CARTESIAN_POINT ( 'NONE',  ( 15.85396856092736328, 1.581731494431350082, 18.18279982532616401 ) ) ;
#5478 = CARTESIAN_POINT ( 'NONE',  ( -24.52031145519827504, 2.079949199898003975, -5.757060811133437817 ) ) ;
#5479 = DIRECTION ( 'NONE',  ( 0.000000000000000000, 0.000000000000000000, -1.000000000000000000 ) ) ;
#5480 = TOROIDAL_SURFACE ( 'NONE', #298, 1.500000000000000000, 1.000000000000000000 ) ;
#5481 = CARTESIAN_POINT ( 'NONE',  ( -8.805062429031243809, 0.000000000000000000, 24.33027839477196963 ) ) ;
#5482 = VECTOR ( 'NONE', #5791, 1000.000000000000000 ) ;
#5484 = ORIENTED_EDGE ( 'NONE', *, *, #7962, .F. ) ;
#5483 = CARTESIAN_POINT ( 'NONE',  ( -7.875148599050266540, 80.31423269831148559, -28.15699999999999292 ) ) ;
#5485 = AXIS2_PLACEMENT_3D ( 'NONE', #88, #2989, #4359 ) ;
#5486 = AXIS2_PLACEMENT_3D ( 'NONE', #27, #2281, #5268 ) ;
#5487 = CARTESIAN_POINT ( 'NONE',  ( 17.23131124203197828, 80.31423269831148559, 18.86320297791348821 ) ) ;
#5488 = CARTESIAN_POINT ( 'NONE',  ( -26.13187767993597177, 1.079949200276195453, -1.829112838039810285 ) ) ;
#5489 = CARTESIAN_POINT ( 'NONE',  ( 25.78994499872555934, 1.079949199897997536, -3.837651452576783306 ) ) ;
#5490 = VERTEX_POINT ( 'NONE', #811 ) ;
#5491 = ADVANCED_FACE ( 'NONE', ( #7591 ), #2370, .T. ) ;
#5492 = CARTESIAN_POINT ( 'NONE',  ( 15.84888626876658790, 1.079949199897963119, 18.41855099411551677 ) ) ;
#5493 = CARTESIAN_POINT ( 'NONE',  ( -6.822399544555387330, -0.5200508001019926718, 1.337113034651672638 ) ) ;
#5494 = VERTEX_POINT ( 'NONE', #5925 ) ;
#5495 = CIRCLE ( 'NONE', #792, 1.500000000000001332 ) ;
#5496 = CARTESIAN_POINT ( 'NONE',  ( -14.94338216119153806, 2.079949199897995094, 17.91380630538344221 ) ) ;
#5497 = TOROIDAL_SURFACE ( 'NONE', #2980, 3.799999999999999822, 1.000000000000000000 ) ;
#5498 = B_SPLINE_CURVE_WITH_KNOTS ( 'NONE', 3,
 ( #8690, #1950, #3467, #4143, #419, #8636, #1167, #3406, #7068, #7166, #3316, #5583, #3518, #8737, #7272, #1118, #4097, #6488, #9476, #7119, #1265, #1995, #6383, #9370 ),
 .UNSPECIFIED., .F., .F.,
 ( 4, 2, 2, 2, 1, 2, 2, 2, 2, 1, 2, 2, 4 ),
 ( 0.000000000000000000, 0.2499999999999983347, 0.3749999999999958367, 0.4374999999999937828, 0.4687499999999936717, 0.4843749999999926170, 0.4999999999999915623, 0.6250000000000019984, 0.6875000000000087708, 0.7187500000000117684, 0.7343750000000133227, 0.7500000000000148770, 1.000000000000000000 ),
 .UNSPECIFIED. ) ;
#5499 = CARTESIAN_POINT ( 'NONE',  ( -1.383277654895224140, 0.6799491998980070617, -8.604374467352414513 ) ) ;
#5500 = CARTESIAN_POINT ( 'NONE',  ( 0.000000000000000000, 3.379949199898008239, 0.000000000000000000 ) ) ;
#5501 = CIRCLE ( 'NONE', #651, 26.35000000000000497 ) ;
#5502 = VERTEX_POINT ( 'NONE', #3844 ) ;
#5503 = CARTESIAN_POINT ( 'NONE',  ( 15.66678302843593329, 2.079949199899455703, 18.60491986760977667 ) ) ;
#5504 = CIRCLE ( 'NONE', #1893, 1.500000000000001332 ) ;
#5505 = VERTEX_POINT ( 'NONE', #3098 ) ;
#5506 = CARTESIAN_POINT ( 'NONE',  ( 6.393033620152013263, -0.5200508001019926718, -7.354539416196422152 ) ) ;
#5507 = ADVANCED_FACE ( 'NONE', ( #2181 ), #909, .T. ) ;
#5508 = CARTESIAN_POINT ( 'NONE',  ( 14.90506859045404831, 2.079949199897994205, -17.95160994983942970 ) ) ;
#5509 = CARTESIAN_POINT ( 'NONE',  ( 0.3566312557608801170, 1.079949199898005530, 22.41537639562152506 ) ) ;
#5510 = ORIENTED_EDGE ( 'NONE', *, *, #5902, .T. ) ;
#5511 = CARTESIAN_POINT ( 'NONE',  ( -25.59561998450926978, 1.079949199897997536, 5.291741955182224011 ) ) ;
#5512 = EDGE_CURVE ( 'NONE', #7067, #7724, #1900, .T. ) ;
#5513 = CIRCLE ( 'NONE', #1276, 1.000000000000000444 ) ;
#5514 = CARTESIAN_POINT ( 'NONE',  ( -23.83905303029393963, 2.079949199898003975, -8.621023757004236288 ) ) ;
#5515 = CARTESIAN_POINT ( 'NONE',  ( 2.829640826519644214, -0.3200508001019938820, 10.95775319421494665 ) ) ;
#5516 = CARTESIAN_POINT ( 'NONE',  ( 15.90605045685765084, 1.524271641053140947, -18.15687266151114443 ) ) ;
#5517 = VECTOR ( 'NONE', #2524, 1000.000000000000000 ) ;
#5518 = CARTESIAN_POINT ( 'NONE',  ( 10.09309506776796894, 2.079949199898003975, -21.88175196393321897 ) ) ;
#5519 = CARTESIAN_POINT ( 'NONE',  ( -15.84067037092739838, 1.580708524856924146, 18.20244469066589943 ) ) ;
#5520 = CARTESIAN_POINT ( 'NONE',  ( -10.02538718874729540, 80.31423269831148559, 22.76447847739669328 ) ) ;
#5521 = CARTESIAN_POINT ( 'NONE',  ( -6.231201769889445963, 0.6799491998980070617, 8.516318782192424663 ) ) ;
#5522 = VERTEX_POINT ( 'NONE', #65 ) ;
#5523 = FACE_OUTER_BOUND ( 'NONE', #2691, .T. ) ;
#5524 = ORIENTED_EDGE ( 'NONE', *, *, #7676, .T. ) ;
#5525 = VECTOR ( 'NONE', #9433, 1000.000000000000000 ) ;
#5526 = DIRECTION ( 'NONE',  ( 0.000000000000000000, 0.000000000000000000, 1.000000000000000000 ) ) ;
#5527 = CARTESIAN_POINT ( 'NONE',  ( 14.88316527472233197, 0.000000000000000000, 20.37839693420014342 ) ) ;
#5528 = CARTESIAN_POINT ( 'NONE',  ( 10.82810454753997220, -0.3200508001019938820, -3.908910531063491511 ) ) ;
#5529 = ORIENTED_EDGE ( 'NONE', *, *, #7762, .T. ) ;
#5530 = CARTESIAN_POINT ( 'NONE',  ( 8.097978119328097080, 0.6799491998980041751, -17.09950211874048875 ) ) ;
#5531 = CARTESIAN_POINT ( 'NONE',  ( 15.40816632882373050, 2.028726658322771215, 17.86702302030667155 ) ) ;
#5532 = B_SPLINE_CURVE_WITH_KNOTS ( 'NONE', 3,
 ( #1295, #1829, #7828, #3342 ),
 .UNSPECIFIED., .F., .F.,
 ( 4, 4 ),
 ( 5.204170427930421283E-18, 0.0004763816303562420354 ),
 .UNSPECIFIED. ) ;
#5533 = VECTOR ( 'NONE', #6641, 1000.000000000000000 ) ;
#5534 = CARTESIAN_POINT ( 'NONE',  ( -21.15717546953952422, 80.31423269831148559, -16.79266425619360348 ) ) ;
#5535 = CARTESIAN_POINT ( 'NONE',  ( -4.393328513257206858, -0.5200508001019926718, 7.110925952302642905 ) ) ;
#5536 = DIRECTION ( 'NONE',  ( -1.331959119420620333E-15, 0.000000000000000000, 1.000000000000000000 ) ) ;
#5537 = ADVANCED_FACE ( 'NONE', ( #2567 ), #7685, .T. ) ;
#5538 = DIRECTION ( 'NONE',  ( 0.000000000000000000, -1.000000000000000000, 0.000000000000000000 ) ) ;
#5539 = CYLINDRICAL_SURFACE ( 'NONE', #1301, 2.800000000000000266 ) ;
#5540 = CARTESIAN_POINT ( 'NONE',  ( 1.385898256097221282, 3.379961699898006433, 24.99928400808719076 ) ) ;
#5541 = DIRECTION ( 'NONE',  ( 0.000000000000000000, 0.000000000000000000, -1.000000000000000000 ) ) ;
#5542 = ORIENTED_EDGE ( 'NONE', *, *, #8960, .T. ) ;
#5543 = LINE ( 'NONE', #1812, #6119 ) ;
#5544 = ORIENTED_EDGE ( 'NONE', *, *, #5083, .T. ) ;
#5545 = DIRECTION ( 'NONE',  ( 0.000000000000000000, 0.000000000000000000, -1.000000000000000000 ) ) ;
#5546 = CARTESIAN_POINT ( 'NONE',  ( -3.035899514976392322, -0.3200508001019938820, -8.302545331355512204 ) ) ;
#5547 = EDGE_CURVE ( 'NONE', #4446, #2955, #5191, .T. ) ;
#5548 = DIRECTION ( 'NONE',  ( -0.000000000000000000, -1.000000000000000000, -0.000000000000000000 ) ) ;
#5549 = EDGE_LOOP ( 'NONE', ( #418, #9625, #1712, #2868 ) ) ;
#5550 = CARTESIAN_POINT ( 'NONE',  ( 15.95278383454337678, 2.079949199897993761, 18.27259478681364158 ) ) ;
#5551 = VERTEX_POINT ( 'NONE', #212 ) ;
#5552 = CARTESIAN_POINT ( 'NONE',  ( 3.569763106655731821, -0.5200508001019926718, -7.233957525080598749 ) ) ;
#5553 = ADVANCED_FACE ( 'NONE', ( #2608 ), #5565, .T. ) ;
#5554 = CARTESIAN_POINT ( 'NONE',  ( 14.92610797925554422, 1.079949199900525514, -19.25400706842837550 ) ) ;
#5555 = CARTESIAN_POINT ( 'NONE',  ( -25.51311251866405172, 0.000000000000000000, -5.876835801766821632 ) ) ;
#5556 = ORIENTED_EDGE ( 'NONE', *, *, #677, .F. ) ;
#5557 = CARTESIAN_POINT ( 'NONE',  ( -25.85531223403373602, 1.079949199897997536, 3.158099328716446941 ) ) ;
#5558 = ADVANCED_FACE ( 'NONE', ( #356 ), #9311, .T. ) ;
#5559 = CARTESIAN_POINT ( 'NONE',  ( 5.642665651958676420, -0.5200508001019787940, 7.058521496858927158 ) ) ;
#5560 = CARTESIAN_POINT ( 'NONE',  ( -1.136851732277121441, -0.3200508001019938820, 11.58232871268862318 ) ) ;
#5561 = CARTESIAN_POINT ( 'NONE',  ( 15.54141101046608497, 1.953620257795444015, -17.99458787388001113 ) ) ;
#5562 = EDGE_CURVE ( 'NONE', #4183, #1962, #3343, .T. ) ;
#5563 = FILL_AREA_STYLE ('',( #1090 ) ) ;
#5564 = DIRECTION ( 'NONE',  ( -0.000000000000000000, 1.000000000000000000, -0.000000000000000000 ) ) ;
#5565 = PLANE ( 'NONE',  #8035 ) ;
#5566 = CARTESIAN_POINT ( 'NONE',  ( -3.900917837048896164, 0.6799491998980069507, 11.46294491422905359 ) ) ;
#5567 = EDGE_LOOP ( 'NONE', ( #6827, #6625, #8747, #8463 ) ) ;
#5568 = DIRECTION ( 'NONE',  ( 0.000000000000000000, -1.000000000000000000, 0.000000000000000000 ) ) ;
#5569 = ORIENTED_EDGE ( 'NONE', *, *, #6766, .F. ) ;
#5570 = EDGE_CURVE ( 'NONE', #6074, #6686, #652, .T. ) ;
#5571 = CARTESIAN_POINT ( 'NONE',  ( 20.87844544752097420, 1.079949199897997758, 14.37751771673019974 ) ) ;
#5572 = CARTESIAN_POINT ( 'NONE',  ( -7.829487298332885814, 0.000000000000000000, 24.11061236562116150 ) ) ;
#5573 = CARTESIAN_POINT ( 'NONE',  ( 10.58396210418285222, -0.3200508001019938820, -4.872918751119550862 ) ) ;
#5574 = VERTEX_POINT ( 'NONE', #4125 ) ;
#5575 = CARTESIAN_POINT ( 'NONE',  ( 8.097978119328104185, 0.9549334331153793709, -18.04096360746495620 ) ) ;
#5576 = CARTESIAN_POINT ( 'NONE',  ( 15.99407193982678521, 1.079949199897997758, 18.20803970888903933 ) ) ;
#5577 = CYLINDRICAL_SURFACE ( 'NONE', #8963, 3.924999999999956302 ) ;
#5578 = CARTESIAN_POINT ( 'NONE',  ( 0.5586644748183475784, -0.5200508001019926718, 10.46950181792838208 ) ) ;
#5579 = CARTESIAN_POINT ( 'NONE',  ( -9.776420341785060586, 0.6799491998980069507, -7.898982870039258586 ) ) ;
#5580 = CYLINDRICAL_SURFACE ( 'NONE', #1909, 26.35000000000000497 ) ;
#5581 = DIRECTION ( 'NONE',  ( 0.000000000000000000, 0.000000000000000000, 1.000000000000000000 ) ) ;
#5582 = ORIENTED_EDGE ( 'NONE', *, *, #8577, .T. ) ;
#5583 = CARTESIAN_POINT ( 'NONE',  ( 15.74422473322231752, 1.782862902803140193, 18.06299136857523635 ) ) ;
#5584 = CARTESIAN_POINT ( 'NONE',  ( 14.45015257283010612, 22.26046457370629739, 20.62839693420014697 ) ) ;
#5585 = CARTESIAN_POINT ( 'NONE',  ( 7.586791086754526958, -0.5200508001019920057, 2.268323672212459563 ) ) ;
#5586 = VERTEX_POINT ( 'NONE', #6955 ) ;
#5587 = ADVANCED_FACE ( 'NONE', ( #304 ), #7714, .F. ) ;
#5588 = DIRECTION ( 'NONE',  ( 0.000000000000000000, -1.000000000000000000, 0.000000000000000000 ) ) ;
#5589 = EDGE_CURVE ( 'NONE', #8899, #2895, #3462, .T. ) ;
#5590 = CARTESIAN_POINT ( 'NONE',  ( 0.000000000000000000, 80.31423269831148559, 0.000000000000000000 ) ) ;
#5591 = VERTEX_POINT ( 'NONE', #5465 ) ;
#5592 = CARTESIAN_POINT ( 'NONE',  ( -2.960152721882214788, -0.3200508001019938820, -8.271773130885049952 ) ) ;
#5593 = ADVANCED_FACE ( 'NONE', ( #6174 ), #6999, .F. ) ;
#5594 = CARTESIAN_POINT ( 'NONE',  ( 6.897978119328096902, 2.079949199898024403, -9.806114451437123236 ) ) ;
#5595 = VERTEX_POINT ( 'NONE', #3243 ) ;
#5596 = CARTESIAN_POINT ( 'NONE',  ( 15.96005151597502270, 1.079949199897995760, 18.26217084494136955 ) ) ;
#5597 = EDGE_LOOP ( 'NONE', ( #6323, #2833, #1099, #5002 ) ) ;
#5598 = CARTESIAN_POINT ( 'NONE',  ( 4.653151171335451863, 3.379949199898008239, -7.486786040105736895 ) ) ;
#5599 = CARTESIAN_POINT ( 'NONE',  ( 15.60447487107574638, 2.079949199897993761, -18.66648826900819813 ) ) ;
#5600 = CARTESIAN_POINT ( 'NONE',  ( -1.374265225099906784, 3.379949199898004686, 24.91721188796748976 ) ) ;
#5601 = EDGE_LOOP ( 'NONE', ( #7645, #1357, #9334, #9393, #3059, #5779 ) ) ;
#5602 = FACE_OUTER_BOUND ( 'NONE', #6807, .T. ) ;
#5603 = B_SPLINE_CURVE_WITH_KNOTS ( 'NONE', 3,
 ( #4524, #6862, #1644, #8382, #8193, #9023, #2239, #5178 ),
 .UNSPECIFIED., .F., .F.,
 ( 4, 2, 2, 4 ),
 ( 0.000000000000000000, 0.0005101588492353575227, 0.001020317698470715045, 0.002040635396941430091 ),
 .UNSPECIFIED. ) ;
#5604 = EDGE_CURVE ( 'NONE', #6254, #7445, #2194, .T. ) ;
#5605 = DIRECTION ( 'NONE',  ( 0.000000000000000000, 0.000000000000000000, 1.000000000000000000 ) ) ;
#5606 = CARTESIAN_POINT ( 'NONE',  ( 4.802986118918146197, 0.6799491998981803675, 9.108122702126314252 ) ) ;
#5607 = EDGE_LOOP ( 'NONE', ( #4619, #8999, #4121, #1809 ) ) ;
#5608 = CARTESIAN_POINT ( 'NONE',  ( 15.94893020610341239, 1.079949199900596568, -18.27803342811830944 ) ) ;
#5609 = CARTESIAN_POINT ( 'NONE',  ( -3.057419941934188756, -0.3200508001019928828, -8.313084074853060557 ) ) ;
#5610 = CARTESIAN_POINT ( 'NONE',  ( 11.54826062565591194, 2.079949199898003975, 22.40217264361946903 ) ) ;
#5611 = EDGE_CURVE ( 'NONE', #7866, #184, #3297, .T. ) ;
#5612 = CARTESIAN_POINT ( 'NONE',  ( 2.220960416611358568, 0.6799491998980073948, 12.32853104996269344 ) ) ;
#5613 = VERTEX_POINT ( 'NONE', #5719 ) ;
#5614 = CARTESIAN_POINT ( 'NONE',  ( -17.10079925302489556, 80.31423269831148559, -18.12582460135802975 ) ) ;
#5615 = B_SPLINE_CURVE_WITH_KNOTS ( 'NONE', 3,
 ( #5897, #8898, #1428, #4541, #2111, #1372, #2155, #5236 ),
 .UNSPECIFIED., .F., .F.,
 ( 4, 2, 2, 4 ),
 ( 0.000000000000000000, 0.2500000000000000000, 0.5000000000000000000, 1.000000000000000000 ),
 .UNSPECIFIED. ) ;
#5616 = CARTESIAN_POINT ( 'NONE',  ( -10.68223522187146912, 0.000000000000000000, -22.90217264361945482 ) ) ;
#5617 = DIRECTION ( 'NONE',  ( -3.469446951953611033E-15, 0.000000000000000000, -1.000000000000000000 ) ) ;
#5618 = CARTESIAN_POINT ( 'NONE',  ( 10.62628547080903374, 0.6799491998980070617, -6.931999976224132887 ) ) ;
#5619 = ORIENTED_EDGE ( 'NONE', *, *, #385, .F. ) ;
#5620 = AXIS2_PLACEMENT_3D ( 'NONE', #5392, #969, #181 ) ;
#5621 = CARTESIAN_POINT ( 'NONE',  ( 11.32442529442398005, 2.079949199898003975, 22.01447847739674302 ) ) ;
#5622 = VECTOR ( 'NONE', #7044, 1000.000000000000000 ) ;
#5623 = DIRECTION ( 'NONE',  ( 0.000000000000000000, 0.000000000000000000, -1.000000000000000000 ) ) ;
#5624 = EDGE_CURVE ( 'NONE', #9293, #1490, #4079, .T. ) ;
#5625 = CARTESIAN_POINT ( 'NONE',  ( 15.99407194726475900, 1.212435731909749626, -18.20803969484260776 ) ) ;
#5626 = CARTESIAN_POINT ( 'NONE',  ( 2.044987863812408602, 3.379949199898008239, 10.01830590626130757 ) ) ;
#5627 = VECTOR ( 'NONE', #4599, 1000.000000000000000 ) ;
#5628 = VERTEX_POINT ( 'NONE', #8124 ) ;
#5629 = CARTESIAN_POINT ( 'NONE',  ( -7.541104310649386910, 0.6799491998980069507, -9.288559314340048445 ) ) ;
#5630 = EDGE_CURVE ( 'NONE', #5860, #5328, #7083, .T. ) ;
#5631 = CARTESIAN_POINT ( 'NONE',  ( 13.38380370810280162, 2.079949199898003975, 20.78142652189906059 ) ) ;
#5632 = CARTESIAN_POINT ( 'NONE',  ( -26.96198792828134927, 0.000000000000000000, 5.617818037016008681 ) ) ;
#5633 = DIRECTION ( 'NONE',  ( -0.000000000000000000, 1.000000000000000000, -0.000000000000000000 ) ) ;
#5634 = FACE_OUTER_BOUND ( 'NONE', #1502, .T. ) ;
#5635 = CARTESIAN_POINT ( 'NONE',  ( 2.977501531297661597, -0.5200508001019920057, 10.97102326449591736 ) ) ;
#5636 = AXIS2_PLACEMENT_3D ( 'NONE', #6912, #3020, #767 ) ;
#5637 = CARTESIAN_POINT ( 'NONE',  ( 14.89396319725872608, 2.079949199897994205, -17.96241905781795012 ) ) ;
#5638 = DIRECTION ( 'NONE',  ( 0.000000000000000000, 0.000000000000000000, -1.000000000000000000 ) ) ;
#5639 = CARTESIAN_POINT ( 'NONE',  ( -26.94222438044276657, 3.379949199898008239, 5.748558777590792701 ) ) ;
#5640 = ORIENTED_EDGE ( 'NONE', *, *, #9418, .T. ) ;
#5641 = CIRCLE ( 'NONE', #2647, 2.499999999999998668 ) ;
#5642 = CARTESIAN_POINT ( 'NONE',  ( 2.477394748163381344, -0.3200508001019938820, -8.042683260444190907 ) ) ;
#5643 = CIRCLE ( 'NONE', #3752, 1.000000000000000888 ) ;
#5644 = DIRECTION ( 'NONE',  ( 0.000000000000000000, 1.000000000000000000, -0.000000000000000000 ) ) ;
#5645 = AXIS2_PLACEMENT_3D ( 'NONE', #8934, #8344, #5188 ) ;
#5646 = ORIENTED_EDGE ( 'NONE', *, *, #9102, .T. ) ;
#5647 = CARTESIAN_POINT ( 'NONE',  ( -16.45517567958285099, 2.079949199897995538, -19.80017814644682872 ) ) ;
#5648 = ORIENTED_EDGE ( 'NONE', *, *, #6786, .F. ) ;
#5649 = CARTESIAN_POINT ( 'NONE',  ( -4.037308022378816474, 3.379949199898008239, -7.382142491568018272 ) ) ;
#5650 = CIRCLE ( 'NONE', #463, 5.324999999999956657 ) ;
#5651 = VECTOR ( 'NONE', #4595, 1000.000000000000000 ) ;
#5652 = LINE ( 'NONE', #4266, #9584 ) ;
#5653 = CARTESIAN_POINT ( 'NONE',  ( 14.41292390996414419, 1.942429636951845229, 21.23693967474192945 ) ) ;
#5654 = ORIENTED_EDGE ( 'NONE', *, *, #878, .T. ) ;
#5655 = CARTESIAN_POINT ( 'NONE',  ( -8.530138382080856729, 0.6799491998980070617, 1.657318339301297128 ) ) ;
#5656 = CIRCLE ( 'NONE', #472, 19.91005050633885887 ) ;
#5657 = EDGE_CURVE ( 'NONE', #1441, #3048, #4399, .T. ) ;
#5658 = AXIS2_PLACEMENT_3D ( 'NONE', #8591, #2685, #6387 ) ;
#5659 = DIRECTION ( 'NONE',  ( -0.000000000000000000, 1.000000000000000000, -0.000000000000000000 ) ) ;
#5660 = CARTESIAN_POINT ( 'NONE',  ( -1.917434085190637738, 0.6799491998980070617, 12.41786996927640452 ) ) ;
#5661 = ORIENTED_EDGE ( 'NONE', *, *, #1158, .F. ) ;
#5662 = DIRECTION ( 'NONE',  ( 0.000000000000000000, 0.000000000000000000, 1.000000000000000000 ) ) ;
#5663 = VERTEX_POINT ( 'NONE', #7528 ) ;
#5664 = CARTESIAN_POINT ( 'NONE',  ( 24.72444646854636829, 2.079949199898004419, -4.383979188925478887 ) ) ;
#5665 = CYLINDRICAL_SURFACE ( 'NONE', #7391, 0.9999999999999995559 ) ;
#5666 = DIRECTION ( 'NONE',  ( 0.000000000000000000, 1.000000000000000000, -0.000000000000000000 ) ) ;
#5667 = MECHANICAL_DESIGN_GEOMETRIC_PRESENTATION_REPRESENTATION (  '', ( #8647 ), #329 ) ;
#5668 = CARTESIAN_POINT ( 'NONE',  ( 7.405624619607439563, -0.5200508001019926718, 0.9538451586722260789 ) ) ;
#5669 = CARTESIAN_POINT ( 'NONE',  ( 4.890126027025696764, 0.6799491998980069507, 10.60587522441479180 ) ) ;
#5670 = VECTOR ( 'NONE', #1580, 1000.000000000000000 ) ;
#5671 = ORIENTED_EDGE ( 'NONE', *, *, #3460, .F. ) ;
#5672 = CARTESIAN_POINT ( 'NONE',  ( -6.235825326761054832, -0.3200508001019929383, 3.823573707553277856 ) ) ;
#5673 = DIRECTION ( 'NONE',  ( -0.000000000000000000, 1.000000000000000000, -0.000000000000000000 ) ) ;
#5674 = SPHERICAL_SURFACE ( 'NONE', #1288, 1.000000000000000000 ) ;
#5675 = EDGE_CURVE ( 'NONE', #7365, #5375, #8311, .T. ) ;
#5676 = TOROIDAL_SURFACE ( 'NONE', #8977, 1.500000000000000000, 1.000000000000000000 ) ;
#5677 = CARTESIAN_POINT ( 'NONE',  ( 7.644666234163633334, 0.6799491998979854124, 2.230121536334085608 ) ) ;
#5678 = ORIENTED_EDGE ( 'NONE', *, *, #4169, .F. ) ;
#5679 = CARTESIAN_POINT ( 'NONE',  ( -10.34480784725613667, 2.092094524917806453, -24.06989674270723256 ) ) ;
#5680 = CARTESIAN_POINT ( 'NONE',  ( 8.805062429031291771, 1.079949199897997758, 24.33027839477195897 ) ) ;
#5681 = DIRECTION ( 'NONE',  ( 0.000000000000000000, 0.000000000000000000, -1.000000000000000000 ) ) ;
#5682 = CARTESIAN_POINT ( 'NONE',  ( 4.536035844304010745, -0.5200508001019926718, 5.742370345040561652 ) ) ;
#5683 = TOROIDAL_SURFACE ( 'NONE', #1448, 0.3999999999999999667, 1.000000000000000000 ) ;
#5684 = VERTEX_POINT ( 'NONE', #2307 ) ;
#5685 = CARTESIAN_POINT ( 'NONE',  ( -9.527405142181653019, 0.6799491998980069507, 2.159211072489477523 ) ) ;
#5686 = DIRECTION ( 'NONE',  ( 0.000000000000000000, 0.000000000000000000, -1.000000000000000000 ) ) ;
#5687 = DIRECTION ( 'NONE',  ( 0.000000000000000000, -1.000000000000000000, 0.000000000000000000 ) ) ;
#5688 = EDGE_CURVE ( 'NONE', #3458, #2410, #4369, .T. ) ;
#5689 = CARTESIAN_POINT ( 'NONE',  ( -5.003516324325727460, -0.3200508001019928828, 8.778629311349195774 ) ) ;
#5690 = VERTEX_POINT ( 'NONE', #6805 ) ;
#5691 = CARTESIAN_POINT ( 'NONE',  ( -11.61397809495740141, 0.9899745999490255910, 4.199763423080987934 ) ) ;
#5692 = LINE ( 'NONE', #9424, #3885 ) ;
#5693 = CIRCLE ( 'NONE', #979, 0.7000000000000061728 ) ;
#5694 = DIRECTION ( 'NONE',  ( 0.000000000000000000, -1.000000000000000000, 0.000000000000000000 ) ) ;
#5695 = DIRECTION ( 'NONE',  ( 0.000000000000000000, -1.000000000000000000, 0.000000000000000000 ) ) ;
#5696 = EDGE_CURVE ( 'NONE', #6105, #4117, #7479, .T. ) ;
#5697 = CARTESIAN_POINT ( 'NONE',  ( 15.36103075323481804, 1.079949199897994427, 18.89349714166341698 ) ) ;
#5698 = CARTESIAN_POINT ( 'NONE',  ( -15.97257734411745211, 0.000000000000000000, 18.24863105436569910 ) ) ;
#5699 = ORIENTED_EDGE ( 'NONE', *, *, #1787, .T. ) ;
#5700 = CARTESIAN_POINT ( 'NONE',  ( 0.8865696212485970618, 0.6799491998980070617, -7.397145208824190021 ) ) ;
#5701 = AXIS2_PLACEMENT_3D ( 'NONE', #1891, #4087, #8622 ) ;
#5702 = EDGE_CURVE ( 'NONE', #4783, #1791, #9097, .T. ) ;
#5703 = CARTESIAN_POINT ( 'NONE',  ( 0.6170529413852797740, 2.079949199898003975, 21.38867203224120317 ) ) ;
#5704 = ORIENTED_EDGE ( 'NONE', *, *, #2279, .T. ) ;
#5705 = DIRECTION ( 'NONE',  ( -0.000000000000000000, -1.000000000000000000, -0.000000000000000000 ) ) ;
#5706 = VERTEX_POINT ( 'NONE', #5959 ) ;
#5707 = CARTESIAN_POINT ( 'NONE',  ( -9.489905415789301912, -0.5200508001019926718, -4.368034375032027405 ) ) ;
#5708 = CARTESIAN_POINT ( 'NONE',  ( 25.57847377689379442, 1.079949199897995760, 5.403601807681492453 ) ) ;
#5709 = DIRECTION ( 'NONE',  ( 0.000000000000000000, 1.000000000000000000, -0.000000000000000000 ) ) ;
#5710 = VERTEX_POINT ( 'NONE', #3691 ) ;
#5711 = CARTESIAN_POINT ( 'NONE',  ( -9.521217126577393941, -0.3200508001019938820, 0.7433898216665912884 ) ) ;
#5712 = DIRECTION ( 'NONE',  ( 1.000000000000000000, 0.000000000000000000, 0.000000000000000000 ) ) ;
#5713 = CARTESIAN_POINT ( 'NONE',  ( -5.235396180740375272, -0.3200508001019938820, 8.300677828635381061 ) ) ;
#5714 = ORIENTED_EDGE ( 'NONE', *, *, #845, .T. ) ;
#5715 = CARTESIAN_POINT ( 'NONE',  ( 7.806469671006824207, 3.379949199898008239, 0.7024206168879083556 ) ) ;
#5716 = CARTESIAN_POINT ( 'NONE',  ( -0.6736041436491971846, -0.3200508001019929938, -7.348500866268389053 ) ) ;
#5717 = DIRECTION ( 'NONE',  ( 0.9755751306983573290, 0.000000000000000000, 0.2196660291508069629 ) ) ;
#5718 = EDGE_CURVE ( 'NONE', #16, #5710, #5345, .T. ) ;
#5719 = CARTESIAN_POINT ( 'NONE',  ( 3.761395893105426325, 2.079949199898003975, 24.65807237742791358 ) ) ;
#5720 = CARTESIAN_POINT ( 'NONE',  ( -5.287689757460261042, 3.379949199898008239, 3.059931812852650257 ) ) ;
#5721 = ORIENTED_EDGE ( 'NONE', *, *, #8726, .T. ) ;
#5722 = CARTESIAN_POINT ( 'NONE',  ( 10.75889053694159792, 1.322913012165211732, 23.28031182679798050 ) ) ;
#5723 = CARTESIAN_POINT ( 'NONE',  ( 16.70925739877612415, 3.379949199898008239, -19.84907255162304551 ) ) ;
#5724 = DIRECTION ( 'NONE',  ( -0.000000000000000000, 1.000000000000000000, -0.000000000000000000 ) ) ;
#5725 = CARTESIAN_POINT ( 'NONE',  ( 8.346548213208516032, -0.3200508001019938820, 1.784478383468832696 ) ) ;
#5726 = ORIENTED_EDGE ( 'NONE', *, *, #63, .T. ) ;
#5727 = DIRECTION ( 'NONE',  ( 0.000000000000000000, 0.000000000000000000, -1.000000000000000000 ) ) ;
#5728 = FACE_OUTER_BOUND ( 'NONE', #6444, .T. ) ;
#5729 = CARTESIAN_POINT ( 'NONE',  ( -27.25012979621591569, 3.379949199898008239, 3.756855665739624150 ) ) ;
#5730 = CARTESIAN_POINT ( 'NONE',  ( 4.596118029612570766, -0.5200508001019926718, 5.046640858607716495 ) ) ;
#5731 = DIRECTION ( 'NONE',  ( 0.000000000000000000, 0.000000000000000000, 1.000000000000000000 ) ) ;
#5732 = VERTEX_POINT ( 'NONE', #6016 ) ;
#5733 = CARTESIAN_POINT ( 'NONE',  ( -9.079693984978227661, 0.6799491998980070617, 2.496427177257606544 ) ) ;
#5734 = CARTESIAN_POINT ( 'NONE',  ( -24.77962127952455873, 1.079949199897997758, 8.960628841958246937 ) ) ;
#5735 = CARTESIAN_POINT ( 'NONE',  ( -15.96007584959746950, 1.079949199897995760, 18.26213581549879095 ) ) ;
#5736 = DIRECTION ( 'NONE',  ( -0.000000000000000000, 1.000000000000000000, -0.000000000000000000 ) ) ;
#5737 = PLANE ( 'NONE',  #3016 ) ;
#5738 = DIRECTION ( 'NONE',  ( -0.000000000000000000, -1.000000000000000000, -0.000000000000000000 ) ) ;
#5739 = DIRECTION ( 'NONE',  ( 0.000000000000000000, 0.000000000000000000, 1.000000000000000000 ) ) ;
#5740 = DIRECTION ( 'NONE',  ( -0.4999999999999946154, 0.000000000000000000, 0.8660254037844418162 ) ) ;
#5741 = CARTESIAN_POINT ( 'NONE',  ( -6.902021880671902920, 2.079949199898024403, -11.00611445143712608 ) ) ;
#5742 = CARTESIAN_POINT ( 'NONE',  ( -14.88316527472233020, 0.000000000000000000, 20.37839693420014342 ) ) ;
#5743 = ORIENTED_EDGE ( 'NONE', *, *, #6672, .F. ) ;
#5744 = EDGE_CURVE ( 'NONE', #310, #3285, #96, .T. ) ;
#5745 = CARTESIAN_POINT ( 'NONE',  ( 0.8654929008266414314, 0.6799491998980070617, -8.422266471403611732 ) ) ;
#5746 = CARTESIAN_POINT ( 'NONE',  ( -14.47793423166683624, 0.000000000000000000, 21.44763243253714435 ) ) ;
#5747 = ORIENTED_EDGE ( 'NONE', *, *, #1062, .T. ) ;
#5748 = DIRECTION ( 'NONE',  ( -0.8660254037844421493, 0.000000000000000000, -0.4999999999999941158 ) ) ;
#5749 = ORIENTED_EDGE ( 'NONE', *, *, #6219, .F. ) ;
#5750 = CARTESIAN_POINT ( 'NONE',  ( -9.645070551183874130, -0.5200508001019926718, -3.729512064367662916 ) ) ;
#5751 = ORIENTED_EDGE ( 'NONE', *, *, #1233, .T. ) ;
#5752 = ADVANCED_FACE ( 'NONE', ( #6107 ), #6060, .F. ) ;
#5753 = DIRECTION ( 'NONE',  ( -0.000000000000000000, 1.000000000000000000, 0.000000000000000000 ) ) ;
#5754 = ORIENTED_EDGE ( 'NONE', *, *, #453, .F. ) ;
#5755 = CARTESIAN_POINT ( 'NONE',  ( -9.822452760780516101, 0.6799491998978629548, 0.3610237308285820235 ) ) ;
#5756 = CARTESIAN_POINT ( 'NONE',  ( 20.85023272854535037, 0.000000000000000000, 15.37711965874911968 ) ) ;
#5757 = B_SPLINE_CURVE_WITH_KNOTS ( 'NONE', 3,
 ( #7873, #5600, #8601, #1866, #4846, #4116, #7803, #8495, #7655, #8545, #6237, #8349, #9280, #5437, #8442, #275, #4686, #1061, #6143, #2485, #4046, #2340, #3120, #6193, #1760, #5540 ),
 .UNSPECIFIED., .F., .F.,
 ( 4, 2, 2, 2, 2, 2, 2, 2, 2, 2, 2, 2, 4 ),
 ( 0.04533617268523136568, 0.1021729377450733001, 0.1590097028049152206, 0.2158464678647571411, 0.2726832329245990616, 0.3863567630442845680, 0.5000302931639700743, 0.6137038232836556917, 0.7273773534033413091, 0.7842141184631832296, 0.8410508835230250391, 0.8978876485828670706, 0.9547244136427091021 ),
 .UNSPECIFIED. ) ;
#5758 = CARTESIAN_POINT ( 'NONE',  ( -5.235396180617851947, 0.6799491998980938812, 8.300677828576285222 ) ) ;
#5759 = ORIENTED_EDGE ( 'NONE', *, *, #3410, .F. ) ;
#5760 = CARTESIAN_POINT ( 'NONE',  ( 9.634643386017490485, 3.379949199898008239, -2.176926837662050307 ) ) ;
#5761 = CARTESIAN_POINT ( 'NONE',  ( -7.830315922649679905, -0.3200508001019928273, 2.102294900772211150 ) ) ;
#5762 = CARTESIAN_POINT ( 'NONE',  ( 8.739691509180811835, -0.5200508001019926718, -5.782132388302774650 ) ) ;
#5763 = CARTESIAN_POINT ( 'NONE',  ( 7.806469671006824207, -0.5200508001019926718, 0.7024206168879083556 ) ) ;
#5764 = CARTESIAN_POINT ( 'NONE',  ( 7.563806001771043341, 0.6799491998980071727, 3.630883373432259198 ) ) ;
#5765 = ORIENTED_EDGE ( 'NONE', *, *, #6984, .F. ) ;
#5766 = CARTESIAN_POINT ( 'NONE',  ( 15.52890462368003277, 8.730882414555375781E-30, -18.74241990827937698 ) ) ;
#5767 = DIRECTION ( 'NONE',  ( -0.000000000000000000, -1.000000000000000000, -0.000000000000000000 ) ) ;
#5769 = VECTOR ( 'NONE', #4066, 1000.000000000000000 ) ;
#5768 = DIRECTION ( 'NONE',  ( 0.000000000000000000, -1.000000000000000000, 0.000000000000000000 ) ) ;
#5770 = CARTESIAN_POINT ( 'NONE',  ( 7.357073464416011177, -0.3200508001019938820, 2.450308153704848557 ) ) ;
#5771 = ADVANCED_FACE ( 'NONE', ( #8174 ), #6692, .F. ) ;
#5772 = ORIENTED_EDGE ( 'NONE', *, *, #8482, .F. ) ;
#5773 = CARTESIAN_POINT ( 'NONE',  ( 0.2399398554727359967, 2.056149838647121530, 21.21735422185128073 ) ) ;
#5774 = AXIS2_PLACEMENT_3D ( 'NONE', #8932, #9072, #33 ) ;
#5775 = CYLINDRICAL_SURFACE ( 'NONE', #9544, 3.924999999999956302 ) ;
#5776 = CARTESIAN_POINT ( 'NONE',  ( -27.39348727938613592, 3.379949199898008239, 1.875572393208587707 ) ) ;
#5777 = CARTESIAN_POINT ( 'NONE',  ( 2.316970560531085077, -0.5200508001019926718, 9.869165417780823901 ) ) ;
#5778 = CARTESIAN_POINT ( 'NONE',  ( -16.68316361913661083, 2.079949199898020851, -19.56651210297200194 ) ) ;
#5779 = ORIENTED_EDGE ( 'NONE', *, *, #5203, .T. ) ;
#5780 = VECTOR ( 'NONE', #9673, 999.9999999999998863 ) ;
#5781 = LINE ( 'NONE', #6429, #5330 ) ;
#5782 = CARTESIAN_POINT ( 'NONE',  ( -14.92610798253625148, 2.079949199897993761, 19.25400707241507803 ) ) ;
#5783 = EDGE_CURVE ( 'NONE', #1515, #8899, #308, .T. ) ;
#5784 = CARTESIAN_POINT ( 'NONE',  ( 15.99407193982682607, 80.31423269831148559, -18.20803970888895051 ) ) ;
#5785 = ORIENTED_EDGE ( 'NONE', *, *, #6786, .T. ) ;
#5786 = DIRECTION ( 'NONE',  ( -0.000000000000000000, -1.000000000000000000, -0.000000000000000000 ) ) ;
#5787 = CARTESIAN_POINT ( 'NONE',  ( 14.47793423166683624, 0.000000000000000000, -21.44763243253714435 ) ) ;
#5788 = CARTESIAN_POINT ( 'NONE',  ( 11.06245188861047701, -0.5200508001019920057, -2.755482732415162950 ) ) ;
#5789 = DIRECTION ( 'NONE',  ( -1.000000000000000000, -0.000000000000000000, -0.000000000000000000 ) ) ;
#5790 = CARTESIAN_POINT ( 'NONE',  ( -11.61397809495740141, 0.000000000000000000, 4.199763423080987934 ) ) ;
#5791 = DIRECTION ( 'NONE',  ( 0.000000000000000000, -1.000000000000000000, 0.000000000000000000 ) ) ;
#5792 = CIRCLE ( 'NONE', #2799, 0.9999999999999991118 ) ;
#5793 = VERTEX_POINT ( 'NONE', #4793 ) ;
#5794 = CARTESIAN_POINT ( 'NONE',  ( 2.139977218375345824, 0.6799491998980070617, -7.860194189037841284 ) ) ;
#5795 = VECTOR ( 'NONE', #6877, 1000.000000000000000 ) ;
#5796 = DIRECTION ( 'NONE',  ( -0.000000000000000000, 1.000000000000000000, -0.000000000000000000 ) ) ;
#5797 = EDGE_CURVE ( 'NONE', #5872, #437, #6006, .T. ) ;
#5798 = ORIENTED_EDGE ( 'NONE', *, *, #4788, .F. ) ;
#5799 = LINE ( 'NONE', #2692, #454 ) ;
#5800 = ORIENTED_EDGE ( 'NONE', *, *, #5624, .F. ) ;
#5801 = AXIS2_PLACEMENT_3D ( 'NONE', #448, #7190, #3438 ) ;
#5802 = CARTESIAN_POINT ( 'NONE',  ( -9.672510392881955354, -0.5200508001019926718, -2.424747783783888444 ) ) ;
#5803 = EDGE_LOOP ( 'NONE', ( #8158, #2359, #4110, #5012, #3638 ) ) ;
#5804 = CARTESIAN_POINT ( 'NONE',  ( -15.20248518598929799, 2.079949199898003531, 17.75803353006667251 ) ) ;
#5805 = ORIENTED_EDGE ( 'NONE', *, *, #2132, .T. ) ;
#5806 = CIRCLE ( 'NONE', #9734, 13.00000000000000178 ) ;
#5807 = CARTESIAN_POINT ( 'NONE',  ( -8.114519566980973764, -0.3200508001019938820, 1.929446253438959591 ) ) ;
#5808 = CIRCLE ( 'NONE', #6582, 2.499999999999998668 ) ;
#5809 = CARTESIAN_POINT ( 'NONE',  ( 15.15685912178877537, 0.000000000000000000, 20.79683650938151729 ) ) ;
#5810 = EDGE_CURVE ( 'NONE', #3589, #2983, #9259, .T. ) ;
#5811 = AXIS2_PLACEMENT_3D ( 'NONE', #9188, #4597, #9086 ) ;
#5812 = CARTESIAN_POINT ( 'NONE',  ( -5.573213357287885472, 0.6799491998980070617, 9.758152380775182877 ) ) ;
#5813 = CIRCLE ( 'NONE', #5486, 26.35000000000000497 ) ;
#5814 = ORIENTED_EDGE ( 'NONE', *, *, #8460, .F. ) ;
#5815 = DIRECTION ( 'NONE',  ( 0.000000000000000000, 0.000000000000000000, -1.000000000000000000 ) ) ;
#5816 = CARTESIAN_POINT ( 'NONE',  ( -7.542438957952311895, -0.3200508001019930493, -8.204341480097562922 ) ) ;
#5817 = CARTESIAN_POINT ( 'NONE',  ( -2.922307743786626055, -0.5200508001019926718, -6.918744034654288555 ) ) ;
#5818 = ADVANCED_FACE ( 'NONE', ( #4901 ), #4531, .F. ) ;
#5819 = CARTESIAN_POINT ( 'NONE',  ( 8.294086170347863884, -0.5200508001019926718, 0.3091523553675518121 ) ) ;
#5820 = CARTESIAN_POINT ( 'NONE',  ( 6.952322062600494235, 0.6799491998980071727, 4.668394490260859619 ) ) ;
#5821 = ORIENTED_EDGE ( 'NONE', *, *, #8223, .F. ) ;
#5822 = CARTESIAN_POINT ( 'NONE',  ( 10.02538718874732027, 0.000000000000000000, 22.76447847739673946 ) ) ;
#5823 = TOROIDAL_SURFACE ( 'NONE', #9267, 25.35000000000000497, 1.000000000000000000 ) ;
#5824 = CIRCLE ( 'NONE', #4700, 2.800000000000000266 ) ;
#5825 = CARTESIAN_POINT ( 'NONE',  ( -20.87844544752097420, 2.079949199898003975, -14.37751771673020684 ) ) ;
#5826 = CARTESIAN_POINT ( 'NONE',  ( 10.28566838074189072, 0.6799491998980070617, 1.404053695982542482 ) ) ;
#5827 = ORIENTED_EDGE ( 'NONE', *, *, #2702, .F. ) ;
#5828 = CARTESIAN_POINT ( 'NONE',  ( 0.5326156975534718230, 2.079949199897966228, 22.44947472105999253 ) ) ;
#5829 = AXIS2_PLACEMENT_3D ( 'NONE', #776, #4400, #7425 ) ;
#5830 = CONICAL_SURFACE ( 'NONE', #1748, 1.699999999999993072, 0.7853981633974689291 ) ;
#5831 = FACE_OUTER_BOUND ( 'NONE', #8176, .T. ) ;
#5832 = ORIENTED_EDGE ( 'NONE', *, *, #41, .T. ) ;
#5833 = DIRECTION ( 'NONE',  ( -0.000000000000000000, -1.000000000000000000, -0.000000000000000000 ) ) ;
#5834 = CARTESIAN_POINT ( 'NONE',  ( 4.536035844304010745, 3.379949199898008239, 5.742370345040561652 ) ) ;
#5835 = DIRECTION ( 'NONE',  ( 0.000000000000000000, -1.000000000000000000, 0.000000000000000000 ) ) ;
#5836 = VERTEX_POINT ( 'NONE', #1865 ) ;
#5837 = VECTOR ( 'NONE', #4187, 1000.000000000000000 ) ;
#5838 = DIRECTION ( 'NONE',  ( 2.141633920959021247E-16, 0.000000000000000000, -1.000000000000000000 ) ) ;
#5839 = CARTESIAN_POINT ( 'NONE',  ( -15.93268392150787349, 1.079949199897995760, 18.30051161288243833 ) ) ;
#5840 = CARTESIAN_POINT ( 'NONE',  ( 13.37653512674495104, 2.079949199897998646, -21.62483335173612531 ) ) ;
#5841 = ORIENTED_EDGE ( 'NONE', *, *, #8452, .T. ) ;
#5842 = CARTESIAN_POINT ( 'NONE',  ( -7.824597335057743130, -0.3200508001019800042, 2.107661535706311984 ) ) ;
#5843 = DIRECTION ( 'NONE',  ( -0.000000000000000000, -1.000000000000000000, 0.000000000000000000 ) ) ;
#5844 = FACE_OUTER_BOUND ( 'NONE', #4646, .T. ) ;
#5845 = DIRECTION ( 'NONE',  ( 0.000000000000000000, 0.000000000000000000, -1.000000000000000000 ) ) ;
#5846 = CARTESIAN_POINT ( 'NONE',  ( 25.55374855413068858, 2.079949199903289081, -5.563553790679679700 ) ) ;
#5847 = CARTESIAN_POINT ( 'NONE',  ( -14.70516226053406506, 0.000000000000000000, 19.41834621665551808 ) ) ;
#5848 = ORIENTED_EDGE ( 'NONE', *, *, #4732, .F. ) ;
#5849 = EDGE_CURVE ( 'NONE', #3044, #5353, #5652, .T. ) ;
#5850 = CARTESIAN_POINT ( 'NONE',  ( 1.667681687780122157, 0.6799491998980070617, -8.741643896320631768 ) ) ;
#5851 = CIRCLE ( 'NONE', #6008, 27.75000000000000355 ) ;
#5852 = CARTESIAN_POINT ( 'NONE',  ( 0.2606725688401580476, 2.057317047171563384, 21.22260199713022644 ) ) ;
#5853 = ORIENTED_EDGE ( 'NONE', *, *, #4768, .F. ) ;
#5854 = CARTESIAN_POINT ( 'NONE',  ( -14.79177809833739587, 1.079949199897997758, 19.36139349711870494 ) ) ;
#5855 = ORIENTED_EDGE ( 'NONE', *, *, #2496, .T. ) ;
#5856 = CARTESIAN_POINT ( 'NONE',  ( -4.037308022378816474, -0.5200508001019926718, -7.382142491568018272 ) ) ;
#5857 = VERTEX_POINT ( 'NONE', #4845 ) ;
#5858 = AXIS2_PLACEMENT_3D ( 'NONE', #7213, #5633, #8003 ) ;
#5859 = DIRECTION ( 'NONE',  ( -0.000000000000000000, -1.000000000000000000, -0.000000000000000000 ) ) ;
#5860 = VERTEX_POINT ( 'NONE', #4207 ) ;
#5861 = CARTESIAN_POINT ( 'NONE',  ( -8.319055691935270502, 0.6799491998980070617, 2.981046870076100141 ) ) ;
#5862 = ORIENTED_EDGE ( 'NONE', *, *, #25, .T. ) ;
#5863 = CARTESIAN_POINT ( 'NONE',  ( 5.730674964962775064, -0.3200508001019929383, 5.958826535547152581 ) ) ;
#5864 = CARTESIAN_POINT ( 'NONE',  ( -5.303451416011959019, 0.6799491998979197982, 8.141883195351127256 ) ) ;
#5865 = VERTEX_POINT ( 'NONE', #4947 ) ;
#5866 = ORIENTED_EDGE ( 'NONE', *, *, #6938, .T. ) ;
#5867 = CARTESIAN_POINT ( 'NONE',  ( 5.159809027420885208, 3.379949199898008239, 3.276748648010133547 ) ) ;
#5868 = CARTESIAN_POINT ( 'NONE',  ( 10.02538718874732027, 2.079949199898001311, 21.26447847739673591 ) ) ;
#5869 = CARTESIAN_POINT ( 'NONE',  ( -5.655349254814801441, -0.5200508001019926718, -7.497403415679475991 ) ) ;
#5870 = CARTESIAN_POINT ( 'NONE',  ( 9.673845272167200804, -0.5200508001019926718, -3.448698917444567691 ) ) ;
#5871 = CARTESIAN_POINT ( 'NONE',  ( -5.510243224440257492, 3.379949199898008239, 2.706025421298513756 ) ) ;
#5872 = VERTEX_POINT ( 'NONE', #7919 ) ;
#5873 = CARTESIAN_POINT ( 'NONE',  ( 11.06412285769492954, 1.853125810461421441, 22.89265382949057326 ) ) ;
#5874 = ADVANCED_FACE ( 'NONE', ( #3374 ), #654, .F. ) ;
#5875 = CARTESIAN_POINT ( 'NONE',  ( 0.000000000000000000, 2.079949199898003975, 0.000000000000000000 ) ) ;
#5876 = EDGE_CURVE ( 'NONE', #4783, #9493, #7224, .T. ) ;
#5877 = CARTESIAN_POINT ( 'NONE',  ( 8.226180175345675138, 0.6799491998980070617, 3.043991949488898285 ) ) ;
#5878 = EDGE_LOOP ( 'NONE', ( #1598, #933, #1767, #8676 ) ) ;
#5879 = CARTESIAN_POINT ( 'NONE',  ( 26.95186291862603767, 3.379949199898007794, 5.683210348651544841 ) ) ;
#5880 = CARTESIAN_POINT ( 'NONE',  ( 10.67303918438838295, 80.31423269831148559, 23.41746387032912580 ) ) ;
#5881 = CARTESIAN_POINT ( 'NONE',  ( -27.35706510254059154, 3.379949199898008239, -1.883446633294121320 ) ) ;
#5882 = CARTESIAN_POINT ( 'NONE',  ( 8.914647403222632605, -0.5200508001019926718, -0.4181013114181424406 ) ) ;
#5883 = CARTESIAN_POINT ( 'NONE',  ( 8.161437285285428445, 80.31423269831148559, 24.49162981681099183 ) ) ;
#5884 = EDGE_CURVE ( 'NONE', #1393, #5978, #9492, .T. ) ;
#5885 = VERTEX_POINT ( 'NONE', #9384 ) ;
#5886 = FACE_OUTER_BOUND ( 'NONE', #5549, .T. ) ;
#5887 = CARTESIAN_POINT ( 'NONE',  ( -15.76266720121383713, 2.079949199897690892, 18.50325782325161228 ) ) ;
#5888 = CARTESIAN_POINT ( 'NONE',  ( 0.000000000000000000, 0.6799491998980041751, 0.000000000000000000 ) ) ;
#5889 = EDGE_LOOP ( 'NONE', ( #1989, #7768, #2191, #164 ) ) ;
#5890 = DIRECTION ( 'NONE',  ( 0.000000000000000000, 1.000000000000000000, 0.000000000000000000 ) ) ;
#5891 = FACE_OUTER_BOUND ( 'NONE', #768, .T. ) ;
#5892 = CARTESIAN_POINT ( 'NONE',  ( -25.55406652437125814, 1.079949199879712385, 5.561235895262289120 ) ) ;
#5893 = CARTESIAN_POINT ( 'NONE',  ( 25.99328647099421374, 1.079949199897994427, -0.9075500107058057653 ) ) ;
#5894 = CYLINDRICAL_SURFACE ( 'NONE', #8492, 2.000000000000005329 ) ;
#5895 = DIRECTION ( 'NONE',  ( 0.000000000000000000, 0.000000000000000000, -1.000000000000000000 ) ) ;
#5896 = CARTESIAN_POINT ( 'NONE',  ( 7.926395189906736860, 0.6799491998980070617, -9.132312233063485607 ) ) ;
#5897 = CARTESIAN_POINT ( 'NONE',  ( -26.96161968753904858, 1.694065894508600678E-18, -5.620435433936790126 ) ) ;
#5898 = EDGE_CURVE ( 'NONE', #1967, #4044, #1183, .T. ) ;
#5899 = ORIENTED_EDGE ( 'NONE', *, *, #9689, .F. ) ;
#5900 = ADVANCED_BREP_SHAPE_REPRESENTATION ( 'Orbi_Diffuser', ( #7357, #2094 ), #7752 ) ;
#5901 = DIRECTION ( 'NONE',  ( 0.000000000000000000, 1.000000000000000000, -0.000000000000000000 ) ) ;
#5902 = EDGE_CURVE ( 'NONE', #5502, #310, #5650, .T. ) ;
#5903 = ORIENTED_EDGE ( 'NONE', *, *, #519, .F. ) ;
#5904 = CARTESIAN_POINT ( 'NONE',  ( -14.00000000000000355, 1.079949199897997758, 25.49999999999999645 ) ) ;
#5905 = CARTESIAN_POINT ( 'NONE',  ( -6.326916435308327813, -0.3200508001019958249, 3.659938406190052174 ) ) ;
#5906 = ORIENTED_EDGE ( 'NONE', *, *, #7343, .T. ) ;
#5907 = CARTESIAN_POINT ( 'NONE',  ( -9.112240685677821972, -0.3200508001019938820, -7.148677242732816239 ) ) ;
#5908 = VERTEX_POINT ( 'NONE', #9646 ) ;
#5909 = AXIS2_PLACEMENT_3D ( 'NONE', #391, #3284, #8560 ) ;
#5910 = CARTESIAN_POINT ( 'NONE',  ( 1.415724045882955862, -0.3200508001019929383, 11.52604019699059634 ) ) ;
#5911 = CARTESIAN_POINT ( 'NONE',  ( -5.734507795730549695, 0.6799491998980022878, 5.856978169665084444 ) ) ;
#5912 = EDGE_LOOP ( 'NONE', ( #4633, #8800, #8221, #8773 ) ) ;
#5913 = CARTESIAN_POINT ( 'NONE',  ( 4.018872235270290361, 3.379949199898008239, 8.079400182518030604 ) ) ;
#5914 = CARTESIAN_POINT ( 'NONE',  ( 4.157332302905997423, -6.832479122453917419, 27.40120094879952362 ) ) ;
#5915 = CARTESIAN_POINT ( 'NONE',  ( -8.644264276974698902, 3.379949199898008239, -0.06187961847708331464 ) ) ;
#5916 = ORIENTED_EDGE ( 'NONE', *, *, #1270, .F. ) ;
#5917 = DIRECTION ( 'NONE',  ( 0.000000000000000000, 0.000000000000000000, -1.000000000000000000 ) ) ;
#5918 = ADVANCED_FACE ( 'NONE', ( #6656 ), #5106, .F. ) ;
#5919 = CARTESIAN_POINT ( 'NONE',  ( 11.06245188861497297, -0.5200508001019787940, -2.755482732432891435 ) ) ;
#5920 = CARTESIAN_POINT ( 'NONE',  ( 5.731231910795332674, 0.6799491998980070617, 5.911951689243021946 ) ) ;
#5921 = ORIENTED_EDGE ( 'NONE', *, *, #5049, .F. ) ;
#5922 = CARTESIAN_POINT ( 'NONE',  ( -0.4807240756723438202, 2.070889305847450679, 21.30866527186249115 ) ) ;
#5923 = EDGE_CURVE ( 'NONE', #5156, #3635, #4843, .T. ) ;
#5924 = CARTESIAN_POINT ( 'NONE',  ( -15.98111400883466970, 1.079949199899689072, 18.23251003904431400 ) ) ;
#5925 = CARTESIAN_POINT ( 'NONE',  ( 7.875148599050264764, 2.579949199897999090, -25.65699999999999648 ) ) ;
#5926 = CARTESIAN_POINT ( 'NONE',  ( 8.515384284192865749, -0.5200508001019926718, 0.08462991695931693092 ) ) ;
#5927 = FACE_OUTER_BOUND ( 'NONE', #7398, .T. ) ;
#5928 = VERTEX_POINT ( 'NONE', #5905 ) ;
#5929 = DIRECTION ( 'NONE',  ( 3.552713678800499746E-15, 0.000000000000000000, -1.000000000000000000 ) ) ;
#5930 = CARTESIAN_POINT ( 'NONE',  ( -15.09691205889141230, 2.079949199897994205, 17.74604209361461926 ) ) ;
#5931 = AXIS2_PLACEMENT_3D ( 'NONE', #3352, #7894, #5623 ) ;
#5932 = CARTESIAN_POINT ( 'NONE',  ( 14.68284181377946496, 2.079949199898003975, -20.03142652189907125 ) ) ;
#5933 = ORIENTED_EDGE ( 'NONE', *, *, #278, .F. ) ;
#5934 = CARTESIAN_POINT ( 'NONE',  ( -6.451412165667318455, -0.5200508001019856774, 3.447605986294183023 ) ) ;
#5935 = DIRECTION ( 'NONE',  ( 0.000000000000000000, 1.000000000000000000, -0.000000000000000000 ) ) ;
#5936 = EDGE_CURVE ( 'NONE', #4869, #6675, #1097, .T. ) ;
#5937 = CARTESIAN_POINT ( 'NONE',  ( -15.99407193982682607, 1.079949199897969780, 18.20803970888895051 ) ) ;
#5938 = DIRECTION ( 'NONE',  ( 0.000000000000000000, 1.000000000000000000, 0.000000000000000000 ) ) ;
#5939 = CARTESIAN_POINT ( 'NONE',  ( -10.34480784725613489, 3.379949199898008239, -24.06989674270723256 ) ) ;
#5940 = EDGE_CURVE ( 'NONE', #9123, #9293, #4062, .T. ) ;
#5941 = AXIS2_PLACEMENT_3D ( 'NONE', #916, #5339, #7018 ) ;
#5942 = CARTESIAN_POINT ( 'NONE',  ( 3.304977420779211528, 0.6799491998980070617, -8.411561198130707240 ) ) ;
#5943 = CARTESIAN_POINT ( 'NONE',  ( 14.40813922126655378, 0.000000000000000000, -19.61364848793045113 ) ) ;
#5944 = ORIENTED_EDGE ( 'NONE', *, *, #6509, .T. ) ;
#5945 = CARTESIAN_POINT ( 'NONE',  ( -15.99099185830266734, 2.168404344971008868E-16, 18.21385627110458927 ) ) ;
#5946 = AXIS2_PLACEMENT_3D ( 'NONE', #683, #5935, #725 ) ;
#5947 = ORIENTED_EDGE ( 'NONE', *, *, #165, .T. ) ;
#5948 = CARTESIAN_POINT ( 'NONE',  ( -5.655206687625675244, 3.379949199898008239, 2.501541426704192439 ) ) ;
#5949 = CARTESIAN_POINT ( 'NONE',  ( 10.34480784725608693, 80.31423269831148559, -24.06989674270722190 ) ) ;
#5950 = CARTESIAN_POINT ( 'NONE',  ( -10.85000328604820474, -0.3200508001019938820, -3.765248519923684700 ) ) ;
#5951 = VERTEX_POINT ( 'NONE', #5150 ) ;
#5952 = VECTOR ( 'NONE', #394, 1000.000000000000000 ) ;
#5953 = CARTESIAN_POINT ( 'NONE',  ( 5.688911991524788547, -0.3200508001019928828, 6.730260397416450324 ) ) ;
#5954 = CARTESIAN_POINT ( 'NONE',  ( -26.96161968753904503, 0.000000000000000000, -5.620435433936789238 ) ) ;
#5955 = CARTESIAN_POINT ( 'NONE',  ( -6.737386529934619617, 0.6799491998980070617, 5.778500718251608603 ) ) ;
#5956 = ORIENTED_EDGE ( 'NONE', *, *, #6173, .F. ) ;
#5957 = CARTESIAN_POINT ( 'NONE',  ( -0.6881547795825440073, 3.379949199898008239, 10.45160490713936596 ) ) ;
#5958 = AXIS2_PLACEMENT_3D ( 'NONE', #7867, #9488, #5748 ) ;
#5959 = CARTESIAN_POINT ( 'NONE',  ( 13.58412716904565620, 2.079949199898003975, -21.12839693420013631 ) ) ;
#5960 = CARTESIAN_POINT ( 'NONE',  ( -1.357281228917792681, 3.379949199898008239, -6.270728258305322100 ) ) ;
#5961 = VERTEX_POINT ( 'NONE', #4549 ) ;
#5962 = CIRCLE ( 'NONE', #9408, 0.9999999999999986677 ) ;
#5963 = CIRCLE ( 'NONE', #1717, 5.324999999999958433 ) ;
#5964 = EDGE_CURVE ( 'NONE', #574, #3048, #838, .T. ) ;
#5965 = VECTOR ( 'NONE', #5753, 1000.000000000000000 ) ;
#5966 = AXIS2_PLACEMENT_3D ( 'NONE', #8733, #8837, #7948 ) ;
#5967 = CARTESIAN_POINT ( 'NONE',  ( 25.57809729260544174, 1.079949199898000867, -5.406272451590639960 ) ) ;
#5968 = CARTESIAN_POINT ( 'NONE',  ( 6.737299178292227353, 0.6799491998980070617, 5.780519420960521515 ) ) ;
#5969 = ORIENTED_EDGE ( 'NONE', *, *, #5179, .F. ) ;
#5970 = CARTESIAN_POINT ( 'NONE',  ( 0.1195363360202807285, 2.050527866229530538, 21.19439598009025616 ) ) ;
#5971 = CARTESIAN_POINT ( 'NONE',  ( -15.96482461851074852, 1.212090152367432783, 18.25570850529088318 ) ) ;
#5972 = VERTEX_POINT ( 'NONE', #1434 ) ;
#5973 = AXIS2_PLACEMENT_3D ( 'NONE', #6268, #9356, #2470 ) ;
#5974 = LINE ( 'NONE', #5263, #8025 ) ;
#5975 = CARTESIAN_POINT ( 'NONE',  ( 8.914647403222632605, 3.379949199898008239, -0.4181013114181424406 ) ) ;
#5976 = AXIS2_PLACEMENT_3D ( 'NONE', #3248, #2523, #5526 ) ;
#5977 = CARTESIAN_POINT ( 'NONE',  ( 15.94892562139289893, 1.079949199900551271, 18.27803986765316679 ) ) ;
#5978 = VERTEX_POINT ( 'NONE', #696 ) ;
#5979 = EDGE_CURVE ( 'NONE', #6374, #548, #3060, .T. ) ;
#5980 = CARTESIAN_POINT ( 'NONE',  ( 24.56423320469536264, 2.079949199897991097, 5.418615533766565129 ) ) ;
#5981 = CYLINDRICAL_SURFACE ( 'NONE', #177, 2.499999999999998668 ) ;
#5982 = VECTOR ( 'NONE', #8177, 1000.000000000000000 ) ;
#5984 = CARTESIAN_POINT ( 'NONE',  ( 20.70000000000011653, 0.000000000000000000, 20.69999999999988916 ) ) ;
#5983 = AXIS2_PLACEMENT_3D ( 'NONE', #2489, #5588, #8641 ) ;
#5985 = ORIENTED_EDGE ( 'NONE', *, *, #8066, .T. ) ;
#5986 = B_SPLINE_CURVE_WITH_KNOTS ( 'NONE', 3,
 ( #61, #6069, #852, #9058, #2315, #8321, #1590, #4568, #3840, #4758, #6363, #1036, #7143, #2462 ),
 .UNSPECIFIED., .F., .F.,
 ( 4, 2, 2, 2, 2, 2, 4 ),
 ( 0.000000000000000000, 0.2502111565945950300, 0.3751491991007600002, 0.5000872416069249704, 0.7497395533542148272, 0.8748697766771074136, 1.000000000000000000 ),
 .UNSPECIFIED. ) ;
#5987 = CARTESIAN_POINT ( 'NONE',  ( -7.125192612383756341, 0.000000000000000000, 3.048627598844102060 ) ) ;
#5988 = CARTESIAN_POINT ( 'NONE',  ( 0.000000000000000000, 0.000000000000000000, 0.000000000000000000 ) ) ;
#5989 = DIRECTION ( 'NONE',  ( 1.040834085586083310E-14, 0.000000000000000000, 1.000000000000000000 ) ) ;
#5990 = DIRECTION ( 'NONE',  ( 0.9996019420189229399, 4.894126592815909810E-17, 0.02821271897562868669 ) ) ;
#5991 = CARTESIAN_POINT ( 'NONE',  ( 9.297978119328096369, 2.079949199898026180, -23.46122212252468131 ) ) ;
#5992 = AXIS2_PLACEMENT_3D ( 'NONE', #5269, #9024, #8279 ) ;
#5993 = AXIS2_PLACEMENT_3D ( 'NONE', #3508, #6526, #4972 ) ;
#5994 = CARTESIAN_POINT ( 'NONE',  ( 4.597461561356416482, 0.6799491998980070617, -8.694223709365106245 ) ) ;
#5995 = EDGE_CURVE ( 'NONE', #2788, #6374, #7850, .T. ) ;
#5996 = DIRECTION ( 'NONE',  ( 0.000000000000000000, 1.000000000000000000, -0.000000000000000000 ) ) ;
#5997 = B_SPLINE_CURVE_WITH_KNOTS ( 'NONE', 3,
 ( #1624, #4600, #3872, #4695, #6886, #139 ),
 .UNSPECIFIED., .F., .F.,
 ( 4, 2, 4 ),
 ( 4.336808689942017736E-19, 0.0007236089809449344811, 0.001447217961889868528 ),
 .UNSPECIFIED. ) ;
#5998 = EDGE_CURVE ( 'NONE', #4189, #6966, #8114, .T. ) ;
#5999 = CIRCLE ( 'NONE', #9291, 0.5000000000000247580 ) ;
#6000 = ORIENTED_EDGE ( 'NONE', *, *, #2098, .F. ) ;
#6001 = CARTESIAN_POINT ( 'NONE',  ( 25.85543165984236680, 0.000000000000000000, 3.614871132128897546 ) ) ;
#6002 = ORIENTED_EDGE ( 'NONE', *, *, #8257, .F. ) ;
#6003 = DIRECTION ( 'NONE',  ( 0.000000000000000000, -1.000000000000000000, 0.000000000000000000 ) ) ;
#6004 = ORIENTED_EDGE ( 'NONE', *, *, #5797, .F. ) ;
#6005 = CARTESIAN_POINT ( 'NONE',  ( -10.67303918438835453, 1.079949199897997758, 23.41746387032908316 ) ) ;
#6006 = B_SPLINE_CURVE_WITH_KNOTS ( 'NONE', 3,
 ( #4751, #3283, #6309, #7817, #4703, #1079, #3232, #6252, #4065, #8653, #2697, #2643, #597, #1228, #9595, #3534, #8600, #9439, #6552, #1922, #1334, #7334, #7288, #3582, #7234, #8020, #7968, #4311, #1965, #3425, #5804, #1284 ),
 .UNSPECIFIED., .F., .F.,
 ( 4, 2, 2, 2, 1, 1, 2, 2, 2, 2, 1, 1, 2, 2, 2, 2, 2, 4 ),
 ( 0.000000000000000000, 0.2500000000000355271, 0.3750000000000540679, 0.4375000000000648370, 0.4687500000000724421, 0.4843750000000740519, 0.4921875000000705547, 0.5000000000000670575, 0.6250000000000481837, 0.6875000000000387468, 0.7187500000000355271, 0.7343750000000357492, 0.7421875000000339728, 0.7500000000000321965, 0.8125000000000232037, 0.8437500000000187628, 0.8750000000000143219, 1.000000000000000000 ),
 .UNSPECIFIED. ) ;
#6007 = CARTESIAN_POINT ( 'NONE',  ( -10.90072162721374838, -0.3200508001019938820, -2.796078895896110694 ) ) ;
#6008 = AXIS2_PLACEMENT_3D ( 'NONE', #3226, #6937, #5350 ) ;
#6009 = EDGE_CURVE ( 'NONE', #5113, #6152, #9103, .T. ) ;
#6010 = CARTESIAN_POINT ( 'NONE',  ( 10.51229348174096501, -0.3200508001019929383, -0.8949766440167770121 ) ) ;
#6011 = CARTESIAN_POINT ( 'NONE',  ( -17.10079925302489556, 1.079949199897997758, -18.12582460135802975 ) ) ;
#6012 = CARTESIAN_POINT ( 'NONE',  ( -6.729616511998615991, 0.6799491998980070617, 6.082280791161690736 ) ) ;
#6013 = ORIENTED_EDGE ( 'NONE', *, *, #5251, .F. ) ;
#6014 = CARTESIAN_POINT ( 'NONE',  ( 9.364479067422614378, -0.5200508001019926718, -4.679536894392304802 ) ) ;
#6015 = VECTOR ( 'NONE', #126, 1000.000000000000000 ) ;
#6016 = CARTESIAN_POINT ( 'NONE',  ( -17.10079925302489556, 0.000000000000000000, -18.62582460135802975 ) ) ;
#6017 = CARTESIAN_POINT ( 'NONE',  ( 0.8950925900749713282, 3.379949199898008239, -6.175718104018454113 ) ) ;
#6018 = ORIENTED_EDGE ( 'NONE', *, *, #4849, .T. ) ;
#6019 = CARTESIAN_POINT ( 'NONE',  ( -25.71629562272524439, 0.000000000000000000, -4.513576544366069143 ) ) ;
#6020 = CIRCLE ( 'NONE', #2245, 3.925000000000004707 ) ;
#6021 = CARTESIAN_POINT ( 'NONE',  ( 0.000000000000000000, 1.669898693559164427, 0.000000000000000000 ) ) ;
#6022 = CARTESIAN_POINT ( 'NONE',  ( 6.724413785323250181, 0.6799491998980070617, 6.261228862041181564 ) ) ;
#6023 = VERTEX_POINT ( 'NONE', #5200 ) ;
#6024 = DIRECTION ( 'NONE',  ( 1.000000000000000000, 0.000000000000000000, -1.224646799147353207E-16 ) ) ;
#6025 = EDGE_CURVE ( 'NONE', #5951, #3480, #6133, .T. ) ;
#6026 = CARTESIAN_POINT ( 'NONE',  ( 0.000000000000000000, 2.079949199898003975, 0.000000000000000000 ) ) ;
#6027 = TOROIDAL_SURFACE ( 'NONE', #2554, 0.3999999999999999667, 1.000000000000000000 ) ;
#6028 = CARTESIAN_POINT ( 'NONE',  ( -17.50748860296559783, 1.079949199897997758, -18.41669187804072649 ) ) ;
#6029 = CARTESIAN_POINT ( 'NONE',  ( 9.572605509961658043, -0.5200508001019926718, -4.074305998878674728 ) ) ;
#6030 = ORIENTED_EDGE ( 'NONE', *, *, #5604, .F. ) ;
#6031 = CARTESIAN_POINT ( 'NONE',  ( 14.68284181377946496, 1.079949199898004197, -20.03142652189907125 ) ) ;
#6032 = ORIENTED_EDGE ( 'NONE', *, *, #7705, .T. ) ;
#6033 = CARTESIAN_POINT ( 'NONE',  ( 24.52050852697332317, 2.079949199897994205, 5.755812973725486614 ) ) ;
#6034 = DIRECTION ( 'NONE',  ( 0.000000000000000000, -1.000000000000000000, 0.000000000000000000 ) ) ;
#6035 = FACE_OUTER_BOUND ( 'NONE', #1453, .T. ) ;
#6036 = ORIENTED_EDGE ( 'NONE', *, *, #8050, .T. ) ;
#6037 = CARTESIAN_POINT ( 'NONE',  ( -7.824597335057743130, -0.5200508001019856774, 2.107661535706311984 ) ) ;
#6038 = DIRECTION ( 'NONE',  ( 0.000000000000000000, -1.000000000000000000, 0.000000000000000000 ) ) ;
#6039 = CARTESIAN_POINT ( 'NONE',  ( 26.93282224811279590, 0.000000000000000000, -5.815873627410246272 ) ) ;
#6040 = DIRECTION ( 'NONE',  ( 0.000000000000000000, -1.000000000000000000, 0.000000000000000000 ) ) ;
#6041 = DIRECTION ( 'NONE',  ( -0.000000000000000000, -1.000000000000000000, -0.000000000000000000 ) ) ;
#6042 = CARTESIAN_POINT ( 'NONE',  ( 9.159211616601069750, 0.6799491998980070617, -7.103395862097708680 ) ) ;
#6043 = ADVANCED_FACE ( 'NONE', ( #737 ), #5037, .F. ) ;
#6044 = DIRECTION ( 'NONE',  ( 0.9516927928131611036, 0.000000000000000000, -0.3070518329329526841 ) ) ;
#6045 = CARTESIAN_POINT ( 'NONE',  ( 14.40813922126654489, 0.000000000000000000, 19.61364848793045823 ) ) ;
#6046 = CARTESIAN_POINT ( 'NONE',  ( -25.57537319453513902, 1.079949199897997314, -5.423868837624000072 ) ) ;
#6047 = ORIENTED_EDGE ( 'NONE', *, *, #9697, .T. ) ;
#6048 = CARTESIAN_POINT ( 'NONE',  ( -8.054747381789086447, -0.5200508001019926718, 0.5109219919602268067 ) ) ;
#6049 = EDGE_CURVE ( 'NONE', #8596, #3570, #6795, .T. ) ;
#6050 = FACE_OUTER_BOUND ( 'NONE', #2179, .T. ) ;
#6051 = CARTESIAN_POINT ( 'NONE',  ( -4.516397448915184576, -0.5200508001019926718, -7.469189936053055590 ) ) ;
#6052 = CARTESIAN_POINT ( 'NONE',  ( 21.70205276300486119, 80.31423269831148559, -14.94467817892890338 ) ) ;
#6053 = CARTESIAN_POINT ( 'NONE',  ( -7.209421741421823349, -0.3200508001019938820, -8.343140498785158954 ) ) ;
#6054 = CARTESIAN_POINT ( 'NONE',  ( 10.90310798052192531, -0.3200508001019928828, -2.847704784734331973 ) ) ;
#6055 = FACE_OUTER_BOUND ( 'NONE', #2267, .T. ) ;
#6056 = CARTESIAN_POINT ( 'NONE',  ( -6.733249488905286739, 0.6799491998980070617, 5.930358380150875242 ) ) ;
#6057 = ORIENTED_EDGE ( 'NONE', *, *, #764, .F. ) ;
#6058 = CARTESIAN_POINT ( 'NONE',  ( 4.521200141732914624, 3.379949199898008239, 6.289814812262489063 ) ) ;
#6059 = EDGE_CURVE ( 'NONE', #3048, #4869, #8477, .T. ) ;
#6060 = CYLINDRICAL_SURFACE ( 'NONE', #1425, 1.399999999999998579 ) ;
#6061 = CARTESIAN_POINT ( 'NONE',  ( 4.025343917926746506, 3.379949199898008239, -7.369790065371157439 ) ) ;
#6062 = ORIENTED_EDGE ( 'NONE', *, *, #6808, .F. ) ;
#6063 = FACE_OUTER_BOUND ( 'NONE', #4010, .T. ) ;
#6064 = EDGE_CURVE ( 'NONE', #6551, #5972, #8316, .T. ) ;
#6065 = CARTESIAN_POINT ( 'NONE',  ( 8.080751396994727997, -0.5200508001019787940, 1.950638793900640877 ) ) ;
#6066 = CARTESIAN_POINT ( 'NONE',  ( 6.727685841320045768, 0.6799491998980070617, 6.160028909451488843 ) ) ;
#6067 = ORIENTED_EDGE ( 'NONE', *, *, #4433, .T. ) ;
#6068 =( LENGTH_UNIT ( ) NAMED_UNIT ( * ) SI_UNIT ( .MILLI., .METRE. ) );
#6069 = CARTESIAN_POINT ( 'NONE',  ( -15.99407194726161485, 1.212435731910087133, 18.20803969484854790 ) ) ;
#6070 = ORIENTED_EDGE ( 'NONE', *, *, #9658, .F. ) ;
#6071 = CARTESIAN_POINT ( 'NONE',  ( -15.64216254839094766, 1.879615693330452197, 18.04424883689929970 ) ) ;
#6072 = CARTESIAN_POINT ( 'NONE',  ( -6.902021880671902920, 0.6799491998980041751, -11.00611445143712608 ) ) ;
#6073 = CARTESIAN_POINT ( 'NONE',  ( 7.931941517259554431, -0.5200508001019926718, 0.6085236808796468111 ) ) ;
#6074 = VERTEX_POINT ( 'NONE', #2299 ) ;
#6075 = DIRECTION ( 'NONE',  ( 0.000000000000000000, 1.000000000000000000, -0.000000000000000000 ) ) ;
#6076 = ORIENTED_EDGE ( 'NONE', *, *, #8140, .T. ) ;
#6077 = ADVANCED_FACE ( 'NONE', ( #786 ), #5289, .F. ) ;
#6078 = LINE ( 'NONE', #5225, #5175 ) ;
#6079 = FACE_OUTER_BOUND ( 'NONE', #9298, .T. ) ;
#6080 = LINE ( 'NONE', #7498, #6747 ) ;
#6081 = EDGE_LOOP ( 'NONE', ( #7716, #2803, #8579, #265 ) ) ;
#6082 = CARTESIAN_POINT ( 'NONE',  ( -2.042987402220290960, -0.5200508001019856774, -7.802051076519773254 ) ) ;
#6083 = EDGE_LOOP ( 'NONE', ( #3680, #2207, #4573, #2499 ) ) ;
#6084 = DIRECTION ( 'NONE',  ( 0.000000000000000000, 0.000000000000000000, -1.000000000000000000 ) ) ;
#6085 = CARTESIAN_POINT ( 'NONE',  ( 15.99099185830266734, -4.336808689942017736E-16, 18.21385627110458216 ) ) ;
#6086 = B_SPLINE_CURVE_WITH_KNOTS ( 'NONE', 3,
 ( #9084, #8122, #3076, #4546 ),
 .UNSPECIFIED., .F., .F.,
 ( 4, 4 ),
 ( 0.000000000000000000, 0.0005082635337358000320 ),
 .UNSPECIFIED. ) ;
#6087 = CARTESIAN_POINT ( 'NONE',  ( 6.578322704141239541, -0.3200508001019938820, -8.544835769507757917 ) ) ;
#6088 = EDGE_CURVE ( 'NONE', #6267, #6893, #3224, .T. ) ;
#6089 = DIRECTION ( 'NONE',  ( -0.000000000000000000, -1.000000000000000000, -0.000000000000000000 ) ) ;
#6090 = CARTESIAN_POINT ( 'NONE',  ( -24.77944959953634552, 80.31423269831148559, -8.961103589627693822 ) ) ;
#6091 = CARTESIAN_POINT ( 'NONE',  ( -13.38380370810280517, 2.079949199898003975, 20.78142652189906414 ) ) ;
#6092 = ORIENTED_EDGE ( 'NONE', *, *, #7139, .T. ) ;
#6093 = AXIS2_PLACEMENT_3D ( 'NONE', #4345, #8149, #6782 ) ;
#6094 = CARTESIAN_POINT ( 'NONE',  ( 4.454488612767249833, -0.3200508001019928828, -8.671198890385406699 ) ) ;
#6095 = CARTESIAN_POINT ( 'NONE',  ( -3.136945145172829630, -0.5200508001019926718, -7.036270077619079188 ) ) ;
#6096 = CARTESIAN_POINT ( 'NONE',  ( 4.157332302905997423, 1.079949199898004641, 24.60120094879952646 ) ) ;
#6097 = CARTESIAN_POINT ( 'NONE',  ( -10.84321725442807427, 0.6799491998983362429, -2.155357509260414250 ) ) ;
#6098 = EDGE_CURVE ( 'NONE', #1378, #8767, #8450, .T. ) ;
#6099 = CIRCLE ( 'NONE', #5946, 26.35000000000000497 ) ;
#6100 = CARTESIAN_POINT ( 'NONE',  ( -5.719974323990167697, -0.3200508001019928828, 6.346484773922409950 ) ) ;
#6101 = DIRECTION ( 'NONE',  ( 0.000000000000000000, 0.000000000000000000, -1.000000000000000000 ) ) ;
#6102 = CARTESIAN_POINT ( 'NONE',  ( -5.741387260120182745, -0.3200508001019938820, 5.668441099793338545 ) ) ;
#6103 = B_SPLINE_CURVE_WITH_KNOTS ( 'NONE', 3,
 ( #2078, #4272, #2755, #5013, #6558, #5070, #657, #8077, #5760, #7928, #1341, #4319, #7340, #604, #9448, #6613, #5715, #4218, #7244, #3494, #2021, #2861, #8029, #3645, #7295, #5867, #8664, #555, #8868, #5114, #8121, #4908, #1191, #4166, #8222, #6058, #3085, #1486, #3690, #7441, #5913, #7578, #4603, #5299, #3045, #3875, #6890, #8173, #7623, #844, #3832, #1442, #9095, #7478, #5957, #5354, #8956, #2219, #3734, #2904, #4414, #2167, #886, #6707, #2263, #744, #8910, #5157, #703, #1627, #1579, #9692, #1528, #2306, #2947, #5207, #4501, #8308 ),
 .UNSPECIFIED., .F., .F.,
 ( 4, 2, 2, 2, 2, 2, 2, 2, 2, 2, 2, 2, 2, 2, 2, 2, 2, 2, 2, 2, 2, 2, 2, 2, 2, 2, 2, 2, 2, 2, 2, 2, 2, 2, 2, 2, 2, 2, 4 ),
 ( 0.5000000000000000000, 0.5156250000000000000, 0.5234375000000000000, 0.5312500000000000000, 0.5468749999999998890, 0.5625000000000000000, 0.5781250000000000000, 0.5937500000000000000, 0.6015625000000000000, 0.6093749999999998890, 0.6250000000000000000, 0.6406249999999998890, 0.6562500000000000000, 0.6718749999999998890, 0.6874999999999998890, 0.7031249999999998890, 0.7070312500000000000, 0.7109375000000000000, 0.7187500000000000000, 0.7343750000000001110, 0.7500000000000000000, 0.7578125000000000000, 0.7656250000000000000, 0.7812500000000000000, 0.7968749999999998890, 0.8124999999999997780, 0.8281249999999997780, 0.8437499999999997780, 0.8515624999999996669, 0.8593749999999996669, 0.8749999999999997780, 0.8906249999999997780, 0.9062499999999996669, 0.9218749999999995559, 0.9374999999999996669, 0.9453124999999996669, 0.9531249999999997780, 0.9687499999999997780, 1.000000000000000000 ),
 .UNSPECIFIED. ) ;
#6104 =( BOUNDED_SURFACE ( )  B_SPLINE_SURFACE ( 3, 2, ( 
 ( #272, #1847, #3464 ),
 ( #5735, #4093, #1164 ),
 ( #416, #3404, #4822 ),
 ( #4929, #7949, #7848 ),
 ( #1115, #1210, #8543 ),
 ( #7116, #371, #6380 ),
 ( #9367, #9472, #2730 ),
 ( #6430, #2624, #4879 ),
 ( #7162, #1948, #9419 ),
 ( #8687, #8096, #721 ),
 ( #2046, #2967, #3514 ),
 ( #5839, #2882, #5090 ),
 ( #8240, #4292, #9669 ),
 ( #7269, #8053, #1359 ),
 ( #679, #529, #2922 ),
 ( #2240, #7314, #5930 ),
 ( #2144, #8927, #2189 ),
 ( #5180, #7415, #1504 ),
 ( #5226, #5887, #6533 ),
 ( #2774, #3708, #2101 ),
 ( #5039, #577, #3561 ),
 ( #8785, #1315, #6579 ),
 ( #9522, #4339, #7363 ),
 ( #8194, #5782, #3667 ),
 ( #9570, #2830, #8838 ),
 ( #626, #8889, #6684 ) ),
 .UNSPECIFIED., .F., .F., .F. ) 
 B_SPLINE_SURFACE_WITH_KNOTS ( ( 4, 2, 2, 2, 2, 2, 2, 2, 2, 2, 2, 2, 4 ),
 ( 3, 3 ),
 ( 0.01341185865557302341, 0.01341856610880618611, 0.01341940454046033210, 0.01342024297211447809, 0.01342191983542276833, 0.01342527356203935054, 0.01343868846850567941, 0.01346551828143833368, 0.01351917790730364569, 0.01362649715903426970, 0.01384113566249551772, 0.01427041266941801029, 0.01512896668326299543 ),
 ( 0.000000000000000000, 1.000000000000000000 ),
 .UNSPECIFIED. ) 
 GEOMETRIC_REPRESENTATION_ITEM ( )  RATIONAL_B_SPLINE_SURFACE ( (
 ( 1.000000000000000000, 0.7071067811865480168, 1.000000000000000000),
 ( 1.000000000000000000, 0.7071067811865480168, 1.000000000000000000),
 ( 1.000000000000000000, 0.7071067811865484609, 1.000000000000000000),
 ( 1.000000000000000000, 0.7071067811865484609, 1.000000000000000000),
 ( 1.000000000000000000, 0.7071067811865480168, 1.000000000000000000),
 ( 1.000000000000000000, 0.7071067811865480168, 1.000000000000000000),
 ( 1.000000000000000000, 0.7071067811865450192, 1.000000000000000000),
 ( 1.000000000000000000, 0.7071067811865450192, 1.000000000000000000),
 ( 1.000000000000000000, 0.7071067811865484609, 1.000000000000000000),
 ( 1.000000000000000000, 0.7071067811865484609, 1.000000000000000000),
 ( 1.000000000000000000, 0.7071067811865480168, 1.000000000000000000),
 ( 1.000000000000000000, 0.7071067811865480168, 1.000000000000000000),
 ( 1.000000000000000000, 0.7071067811865484609, 1.000000000000000000),
 ( 1.000000000000000000, 0.7071067811865484609, 1.000000000000000000),
 ( 1.000000000000000000, 0.7071067811865475727, 1.000000000000000000),
 ( 1.000000000000000000, 0.7071067811865475727, 1.000000000000000000),
 ( 1.000000000000000000, 0.7071067811865494601, 1.000000000000000000),
 ( 1.000000000000000000, 0.7071067811865494601, 1.000000000000000000),
 ( 1.000000000000000000, 0.7071067811865450192, 1.000000000000000000),
 ( 1.000000000000000000, 0.7071067811865450192, 1.000000000000000000),
 ( 1.000000000000000000, 0.7071067811865480168, 1.000000000000000000),
 ( 1.000000000000000000, 0.7071067811865480168, 1.000000000000000000),
 ( 1.000000000000000000, 0.7071067811865480168, 1.000000000000000000),
 ( 1.000000000000000000, 0.7071067811865480168, 1.000000000000000000),
 ( 1.000000000000000000, 0.7071067811865480168, 1.000000000000000000),
 ( 1.000000000000000000, 0.7071067811865480168, 1.000000000000000000) ) ) 
 REPRESENTATION_ITEM ( '' )  SURFACE ( )  );
#6105 = VERTEX_POINT ( 'NONE', #8403 ) ;
#6106 = CARTESIAN_POINT ( 'NONE',  ( 7.822881124318152857, 3.379949199898008239, -6.664470312695807586 ) ) ;
#6107 = FACE_OUTER_BOUND ( 'NONE', #4791, .T. ) ;
#6108 = CARTESIAN_POINT ( 'NONE',  ( 9.244757968653285474, 3.379949199898008239, -4.975898252075435124 ) ) ;
#6109 = ORIENTED_EDGE ( 'NONE', *, *, #7260, .F. ) ;
#6110 = CIRCLE ( 'NONE', #284, 20.48994949366117524 ) ;
#6111 = LINE ( 'NONE', #8961, #8811 ) ;
#6112 = ADVANCED_FACE ( 'NONE', ( #3965 ), #4744, .F. ) ;
#6113 = CARTESIAN_POINT ( 'NONE',  ( 25.55386497279039659, 1.079949199897994427, -5.562805845111864933 ) ) ;
#6114 = CARTESIAN_POINT ( 'NONE',  ( 6.745606848339175343, 0.6799491998980070617, 5.654468470938606828 ) ) ;
#6115 = DIRECTION ( 'NONE',  ( 0.000000000000000000, -1.000000000000000000, 0.000000000000000000 ) ) ;
#6116 = CARTESIAN_POINT ( 'NONE',  ( -25.51333992287130670, 2.079949199897991097, 5.875394879198339027 ) ) ;
#6117 = EDGE_CURVE ( 'NONE', #7997, #3774, #2503, .T. ) ;
#6118 = CARTESIAN_POINT ( 'NONE',  ( -15.54877607622052160, 1.954136683187571055, 17.98276679517392651 ) ) ;
#6119 = VECTOR ( 'NONE', #4103, 1000.000000000000000 ) ;
#6120 = CARTESIAN_POINT ( 'NONE',  ( 25.57248147021924467, 1.079949199897997758, 5.442552349322518523 ) ) ;
#6121 = LINE ( 'NONE', #2419, #3275 ) ;
#6122 = ORIENTED_EDGE ( 'NONE', *, *, #5718, .T. ) ;
#6123 = CARTESIAN_POINT ( 'NONE',  ( 15.18169801287834275, 2.079949199897997314, 17.74339183587742497 ) ) ;
#6124 = CIRCLE ( 'NONE', #9725, 6.325000000000004619 ) ;
#6125 = ORIENTED_EDGE ( 'NONE', *, *, #5624, .T. ) ;
#6126 = DIRECTION ( 'NONE',  ( 0.7071067811865622277, -0.7071067811865328068, 0.000000000000000000 ) ) ;
#6127 = AXIS2_PLACEMENT_3D ( 'NONE', #257, #3200, #9208 ) ;
#6128 = CYLINDRICAL_SURFACE ( 'NONE', #2073, 5.324999999999958433 ) ;
#6129 = CARTESIAN_POINT ( 'NONE',  ( -10.47561168127175613, -0.5200508001019920057, -5.573215990363257433 ) ) ;
#6130 = ORIENTED_EDGE ( 'NONE', *, *, #3820, .T. ) ;
#6131 = CARTESIAN_POINT ( 'NONE',  ( 1.555178752257928121, -0.5200508001019856774, -7.587415303688827883 ) ) ;
#6132 = EDGE_LOOP ( 'NONE', ( #8388, #4202, #6932, #1287 ) ) ;
#6133 = CIRCLE ( 'NONE', #7389, 0.9999999999999988898 ) ;
#6134 = AXIS2_PLACEMENT_3D ( 'NONE', #8094, #9520, #1358 ) ;
#6135 = CARTESIAN_POINT ( 'NONE',  ( 15.66005380423528237, 1.879914576109874336, 18.01408829485486152 ) ) ;
#6136 = CARTESIAN_POINT ( 'NONE',  ( -4.223982920988664347, 2.079949199898003975, 24.99560898004280318 ) ) ;
#6137 = CARTESIAN_POINT ( 'NONE',  ( -3.762812954488832684, 3.379949199898008239, 8.506801728256922601 ) ) ;
#6138 = CARTESIAN_POINT ( 'NONE',  ( 5.285350351015291714, 0.6799491998980070617, -9.723472354870507317 ) ) ;
#6139 = AXIS2_PLACEMENT_3D ( 'NONE', #1198, #1347, #7399 ) ;
#6140 = CIRCLE ( 'NONE', #1742, 1.000000000000000444 ) ;
#6141 = LINE ( 'NONE', #6191, #1747 ) ;
#6142 = DIRECTION ( 'NONE',  ( -0.000000000000000000, 1.000000000000000000, -0.000000000000000000 ) ) ;
#6143 = CARTESIAN_POINT ( 'NONE',  ( 1.038699872284298165, 3.379949199898004686, 24.25589762249863668 ) ) ;
#6144 = CARTESIAN_POINT ( 'NONE',  ( -14.88316527472233020, 1.079949199898004197, 20.37839693420014342 ) ) ;
#6145 = ORIENTED_EDGE ( 'NONE', *, *, #6443, .F. ) ;
#6146 = CIRCLE ( 'NONE', #1899, 1.000000000000000222 ) ;
#6147 = ADVANCED_FACE ( 'NONE', ( #3177, #9233 ), #134, .F. ) ;
#6148 = CARTESIAN_POINT ( 'NONE',  ( 2.939509768766999098, -0.3200508001019929938, -8.275431353091791564 ) ) ;
#6149 = AXIS2_PLACEMENT_3D ( 'NONE', #3940, #1880, #2518 ) ;
#6150 = CARTESIAN_POINT ( 'NONE',  ( 4.653151171335451863, -0.5200508001019926718, -7.486786040105736895 ) ) ;
#6151 = CARTESIAN_POINT ( 'NONE',  ( -7.829487298332887590, 2.079949199898003975, 24.11061236562116505 ) ) ;
#6152 = VERTEX_POINT ( 'NONE', #6151 ) ;
#6153 = CARTESIAN_POINT ( 'NONE',  ( -2.158766792247767352, -0.3200508001019938820, -7.870213274556241423 ) ) ;
#6154 = AXIS2_PLACEMENT_3D ( 'NONE', #3215, #967, #8493 ) ;
#6155 = CARTESIAN_POINT ( 'NONE',  ( 27.35721577872326904, 3.379949199898008239, -1.880537549863756208 ) ) ;
#6156 = CARTESIAN_POINT ( 'NONE',  ( -26.94222438044277013, 3.379949199898008239, 5.748558777590792701 ) ) ;
#6157 = CARTESIAN_POINT ( 'NONE',  ( 15.84843176848111845, 2.079949199897992429, 18.40614458904170192 ) ) ;
#6158 = ORIENTED_EDGE ( 'NONE', *, *, #1037, .F. ) ;
#6159 = CARTESIAN_POINT ( 'NONE',  ( -0.3956337780086755518, 3.379949199898008239, -6.113815952712745805 ) ) ;
#6160 = ORIENTED_EDGE ( 'NONE', *, *, #4104, .F. ) ;
#6161 = AXIS2_PLACEMENT_3D ( 'NONE', #9404, #5724, #1938 ) ;
#6162 = CARTESIAN_POINT ( 'NONE',  ( 15.29756087549917076, 1.079949199896730772, -18.94821873745814500 ) ) ;
#6163 = LINE ( 'NONE', #1727, #3123 ) ;
#6164 = EDGE_LOOP ( 'NONE', ( #6569, #1156, #7333, #8235 ) ) ;
#6165 = CARTESIAN_POINT ( 'NONE',  ( -25.58297599301346281, 2.168404344971008868E-16, 5.374524274292102888 ) ) ;
#6166 = CARTESIAN_POINT ( 'NONE',  ( -6.017660140422891324, -0.5200508001019787940, 4.273928396912408445 ) ) ;
#6167 =( BOUNDED_SURFACE ( )  B_SPLINE_SURFACE ( 3, 2, ( 
 ( #4412, #9005, #5205 ),
 ( #7439, #701, #8220 ),
 ( #5248, #1484, #4699 ),
 ( #1719, #7769, #7621 ),
 ( #7723, #5352, #884 ),
 ( #3278, #4790, #2404 ),
 ( #9240, #5503, #9338 ),
 ( #8361, #6303, #1625 ),
 ( #9192, #6887, #4601 ),
 ( #3873, #6157, #141 ),
 ( #3135, #6205, #2500 ),
 ( #983, #2448, #3970 ),
 ( #8510, #339, #1775 ),
 ( #1026, #195, #6986 ),
 ( #4748, #932, #1818 ),
 ( #9147, #2551, #8456 ),
 ( #3328, #5405, #4009 ),
 ( #241, #7029, #287 ),
 ( #9294, #5550, #6351 ),
 ( #8408, #1669, #8556 ),
 ( #4645, #7814, #3184 ),
 ( #7667, #3923, #6940 ),
 ( #5449, #3228, #6249 ),
 ( #1076, #4059, #7082 ),
 ( #5596, #7330, #1330 ),
 ( #4307, #1224, #2007 ) ),
 .UNSPECIFIED., .F., .F., .F. ) 
 B_SPLINE_SURFACE_WITH_KNOTS ( ( 4, 2, 2, 2, 2, 2, 2, 2, 2, 2, 2, 2, 4 ),
 ( 3, 3 ),
 ( -3.577867169202164632E-17, 0.0008430908905859350834, 0.001264636335878920569, 0.001475409058525413257, 0.001580795419848659601, 0.001633488600510282773, 0.001659835190841094359, 0.001673008486006500152, 0.001676301809797851438, 0.001677948471693527189, 0.001678771802641365173, 0.001679595133589202940, 0.001686181781171905945 ),
 ( 0.000000000000000000, 1.000000000000000000 ),
 .UNSPECIFIED. ) 
 GEOMETRIC_REPRESENTATION_ITEM ( )  RATIONAL_B_SPLINE_SURFACE ( (
 ( 1.000000000000000000, 0.7071067811865480168, 1.000000000000000000),
 ( 1.000000000000000000, 0.7071067811865480168, 1.000000000000000000),
 ( 1.000000000000000000, 0.7071067811865490160, 1.000000000000000000),
 ( 1.000000000000000000, 0.7071067811865490160, 1.000000000000000000),
 ( 1.000000000000000000, 0.7071067811865475727, 1.000000000000000000),
 ( 1.000000000000000000, 0.7071067811865475727, 1.000000000000000000),
 ( 1.000000000000000000, 0.7071067811865480168, 1.000000000000000000),
 ( 1.000000000000000000, 0.7071067811865480168, 1.000000000000000000),
 ( 1.000000000000000000, 0.7071067811865483499, 1.000000000000000000),
 ( 1.000000000000000000, 0.7071067811865483499, 1.000000000000000000),
 ( 1.000000000000000000, 0.7071067811865480168, 1.000000000000000000),
 ( 1.000000000000000000, 0.7071067811865480168, 1.000000000000000000),
 ( 1.000000000000000000, 0.7071067811865450192, 1.000000000000000000),
 ( 1.000000000000000000, 0.7071067811865450192, 1.000000000000000000),
 ( 1.000000000000000000, 0.7071067811865515695, 1.000000000000000000),
 ( 1.000000000000000000, 0.7071067811865515695, 1.000000000000000000),
 ( 1.000000000000000000, 0.7071067811865480168, 1.000000000000000000),
 ( 1.000000000000000000, 0.7071067811865480168, 1.000000000000000000),
 ( 1.000000000000000000, 0.7071067811865480168, 1.000000000000000000),
 ( 1.000000000000000000, 0.7071067811865480168, 1.000000000000000000),
 ( 1.000000000000000000, 0.7071067811865474617, 1.000000000000000000),
 ( 1.000000000000000000, 0.7071067811865474617, 1.000000000000000000),
 ( 1.000000000000000000, 0.7071067811865484609, 1.000000000000000000),
 ( 1.000000000000000000, 0.7071067811865484609, 1.000000000000000000),
 ( 1.000000000000000000, 0.7071067811865480168, 1.000000000000000000),
 ( 1.000000000000000000, 0.7071067811865480168, 1.000000000000000000) ) ) 
 REPRESENTATION_ITEM ( '' )  SURFACE ( )  );
#6168 = AXIS2_PLACEMENT_3D ( 'NONE', #2251, #7509, #8250 ) ;
#6169 = CARTESIAN_POINT ( 'NONE',  ( 0.6584345731538223667, 0.6799491998980070617, 12.66396105582285614 ) ) ;
#6170 = DIRECTION ( 'NONE',  ( -0.000000000000000000, 1.000000000000000000, -0.000000000000000000 ) ) ;
#6171 = DIRECTION ( 'NONE',  ( -0.000000000000000000, -1.000000000000000000, -0.000000000000000000 ) ) ;
#6172 = CARTESIAN_POINT ( 'NONE',  ( -20.69999999999989271, 80.31423269831148559, 20.70000000000010942 ) ) ;
#6173 = EDGE_CURVE ( 'NONE', #1139, #2309, #2039, .T. ) ;
#6174 = FACE_OUTER_BOUND ( 'NONE', #2784, .T. ) ;
#6175 = CARTESIAN_POINT ( 'NONE',  ( -1.140339200650648976, 0.6799491998980069507, 12.59925086803971439 ) ) ;
#6176 = ORIENTED_EDGE ( 'NONE', *, *, #5923, .T. ) ;
#6177 = DIRECTION ( 'NONE',  ( 0.7071067811865574537, -0.7071067811865376918, 0.000000000000000000 ) ) ;
#6178 = AXIS2_PLACEMENT_3D ( 'NONE', #7367, #2971, #9716 ) ;
#6179 = LINE ( 'NONE', #7640, #9260 ) ;
#6180 = CARTESIAN_POINT ( 'NONE',  ( 15.75262464466549517, 2.168404344971008868E-16, -18.51837490829983324 ) ) ;
#6181 = DIRECTION ( 'NONE',  ( -1.000000000000000000, 0.000000000000000000, -2.141633920959021247E-16 ) ) ;
#6182 = EDGE_LOOP ( 'NONE', ( #1728, #5654, #4896, #6311 ) ) ;
#6183 = LINE ( 'NONE', #2428, #4265 ) ;
#6184 = ORIENTED_EDGE ( 'NONE', *, *, #1915, .F. ) ;
#6185 = CIRCLE ( 'NONE', #837, 1.000000000000000888 ) ;
#6186 = CARTESIAN_POINT ( 'NONE',  ( 15.18491613900238235, 2.079949199897995982, 17.73824585529114017 ) ) ;
#6187 = EDGE_CURVE ( 'NONE', #3944, #8767, #8013, .T. ) ;
#6188 = CARTESIAN_POINT ( 'NONE',  ( 26.93282224811209602, 3.379949199898008239, -5.815873627415224512 ) ) ;
#6189 = CARTESIAN_POINT ( 'NONE',  ( -4.524999015561868454, -0.5200508001019926718, 6.221413923378031008 ) ) ;
#6190 = DIRECTION ( 'NONE',  ( 0.000000000000000000, 0.000000000000000000, -1.000000000000000000 ) ) ;
#6191 = CARTESIAN_POINT ( 'NONE',  ( 8.097978119328097080, 2.579949199898003975, -11.00611445143712253 ) ) ;
#6192 = DIRECTION ( 'NONE',  ( -6.461922969640551338E-16, 0.000000000000000000, 1.000000000000000000 ) ) ;
#6193 = CARTESIAN_POINT ( 'NONE',  ( 1.355273390383300969, 3.379949199898004686, 24.83654455415070572 ) ) ;
#6194 = CARTESIAN_POINT ( 'NONE',  ( 14.88316527472231954, 1.079949199898004197, -20.37839693420014697 ) ) ;
#6195 = VERTEX_POINT ( 'NONE', #3915 ) ;
#6196 = CARTESIAN_POINT ( 'NONE',  ( 17.23131124203197473, 3.379949199898008239, 18.86320297791349176 ) ) ;
#6197 = DIRECTION ( 'NONE',  ( 1.000000000000000000, 0.000000000000000000, -0.000000000000000000 ) ) ;
#6198 = VERTEX_POINT ( 'NONE', #7809 ) ;
#6199 = DIRECTION ( 'NONE',  ( 0.000000000000000000, 0.000000000000000000, -1.000000000000000000 ) ) ;
#6200 = CARTESIAN_POINT ( 'NONE',  ( -2.147037026471913634, 0.6799491998980070617, -8.997852157440963339 ) ) ;
#6201 = EDGE_CURVE ( 'NONE', #8767, #6712, #3762, .T. ) ;
#6202 = ADVANCED_FACE ( 'NONE', ( #236 ), #9289, .F. ) ;
#6203 = DIRECTION ( 'NONE',  ( 0.000000000000000000, -1.000000000000000000, -0.000000000000000000 ) ) ;
#6204 = ORIENTED_EDGE ( 'NONE', *, *, #7651, .T. ) ;
#6205 = CARTESIAN_POINT ( 'NONE',  ( 15.86649072091571355, 2.079949199896881318, 18.38476036488436804 ) ) ;
#6206 = ORIENTED_EDGE ( 'NONE', *, *, #8249, .F. ) ;
#6207 = CARTESIAN_POINT ( 'NONE',  ( 2.420640199896541667, 3.379949199898008239, -6.658470421492949320 ) ) ;
#6208 = CARTESIAN_POINT ( 'NONE',  ( 15.90722708503525240, 1.079949199898074808, -18.33400459057122944 ) ) ;
#6209 = DIRECTION ( 'NONE',  ( -0.000000000000000000, -1.000000000000000000, -0.000000000000000000 ) ) ;
#6210 = ORIENTED_EDGE ( 'NONE', *, *, #2667, .T. ) ;
#6211 = LINE ( 'NONE', #2456, #11 ) ;
#6212 = EDGE_CURVE ( 'NONE', #3969, #5298, #1070, .T. ) ;
#6213 = CARTESIAN_POINT ( 'NONE',  ( -5.476015229643349969, -0.3200508001019800042, 7.780583377464346029 ) ) ;
#6214 = CARTESIAN_POINT ( 'NONE',  ( 5.409197512355977011, -0.3200508001019938820, 7.887058696912371936 ) ) ;
#6215 = DIRECTION ( 'NONE',  ( 0.000000000000000000, 1.000000000000000000, -0.000000000000000000 ) ) ;
#6216 = CARTESIAN_POINT ( 'NONE',  ( 15.24217126302407976, 2.073539259600542195, -17.77064583738472692 ) ) ;
#6217 = DIRECTION ( 'NONE',  ( -0.000000000000000000, -1.000000000000000000, -0.000000000000000000 ) ) ;
#6218 = CARTESIAN_POINT ( 'NONE',  ( -15.90605045685673424, 1.524271641053282833, 18.15687266151274315 ) ) ;
#6219 = EDGE_CURVE ( 'NONE', #7030, #437, #8698, .T. ) ;
#6220 = DIRECTION ( 'NONE',  ( 0.000000000000000000, 0.000000000000000000, -1.000000000000000000 ) ) ;
#6221 = CARTESIAN_POINT ( 'NONE',  ( 23.83919648366678956, 2.079949199898003975, 8.620627066120489346 ) ) ;
#6222 = ORIENTED_EDGE ( 'NONE', *, *, #7373, .F. ) ;
#6223 = CARTESIAN_POINT ( 'NONE',  ( 25.51276529575110885, 80.31423269831148559, -10.91610310339354228 ) ) ;
#6224 = DIRECTION ( 'NONE',  ( 0.000000000000000000, 0.000000000000000000, 1.000000000000000000 ) ) ;
#6225 = DIRECTION ( 'NONE',  ( 0.8660254037844413721, 0.000000000000000000, -0.4999999999999953926 ) ) ;
#6226 = EDGE_CURVE ( 'NONE', #9020, #9069, #2397, .T. ) ;
#6227 = CARTESIAN_POINT ( 'NONE',  ( 9.609217533308784809, 0.6799491998980070617, -6.612571596442426980 ) ) ;
#6228 = ORIENTED_EDGE ( 'NONE', *, *, #4463, .F. ) ;
#6229 = CARTESIAN_POINT ( 'NONE',  ( -2.695804706572649145, -0.5200508001019856774, -8.156822025975458246 ) ) ;
#6230 = CARTESIAN_POINT ( 'NONE',  ( 20.70000000000011653, 0.000000000000000000, 16.77499999999988844 ) ) ;
#6231 = CARTESIAN_POINT ( 'NONE',  ( -26.96161968753904858, 0.000000000000000000, -5.620435433936790126 ) ) ;
#6232 = CARTESIAN_POINT ( 'NONE',  ( -4.203197930952759620, 3.379949199898008239, 7.682668091809809141 ) ) ;
#6233 = CARTESIAN_POINT ( 'NONE',  ( -6.822169379615246498, 0.6799491998980070617, -9.516314211034984538 ) ) ;
#6234 = DIRECTION ( 'NONE',  ( -0.000000000000000000, 1.000000000000000000, -0.000000000000000000 ) ) ;
#6235 = EDGE_CURVE ( 'NONE', #1617, #8878, #4004, .T. ) ;
#6236 = CARTESIAN_POINT ( 'NONE',  ( -24.52031145519827504, 2.079949199898003975, -5.757060811133437817 ) ) ;
#6237 = CARTESIAN_POINT ( 'NONE',  ( -0.6457932148827592034, 3.379949199898004686, 23.94513638883214313 ) ) ;
#6238 = CARTESIAN_POINT ( 'NONE',  ( -21.70205276300484698, 80.31423269831148559, 14.94467817892891048 ) ) ;
#6239 = ORIENTED_EDGE ( 'NONE', *, *, #3003, .F. ) ;
#6240 = ADVANCED_FACE ( 'NONE', ( #977 ), #7024, .F. ) ;
#6241 = CARTESIAN_POINT ( 'NONE',  ( -16.70925739877612415, 3.379949199898008239, 19.84907255162304551 ) ) ;
#6242 = ORIENTED_EDGE ( 'NONE', *, *, #618, .F. ) ;
#6243 = CIRCLE ( 'NONE', #9217, 27.75000000000000355 ) ;
#6244 = CARTESIAN_POINT ( 'NONE',  ( 4.157332302905997423, -6.832479122453917419, 26.00120094879952504 ) ) ;
#6245 = CARTESIAN_POINT ( 'NONE',  ( -2.158766786664397586, 0.6799491998980121688, -7.870213284826984790 ) ) ;
#6246 = DIRECTION ( 'NONE',  ( 0.000000000000000000, 0.000000000000000000, 1.000000000000000000 ) ) ;
#6247 = ORIENTED_EDGE ( 'NONE', *, *, #9222, .F. ) ;
#6248 = VECTOR ( 'NONE', #2877, 1000.000000000000000 ) ;
#6249 = CARTESIAN_POINT ( 'NONE',  ( 15.13615974132664732, 2.079949199897994205, 17.69540395378796660 ) ) ;
#6250 = ORIENTED_EDGE ( 'NONE', *, *, #7670, .T. ) ;
#6251 = CARTESIAN_POINT ( 'NONE',  ( -0.3956337780086755518, -0.5200508001019926718, -6.113815952712745805 ) ) ;
#6252 = CARTESIAN_POINT ( 'NONE',  ( -15.74392525464839920, 1.741224997945184150, 18.13536765427305397 ) ) ;
#6253 = CARTESIAN_POINT ( 'NONE',  ( 6.989970937829329323, 3.379949199898008239, -7.140352645419697275 ) ) ;
#6254 = VERTEX_POINT ( 'NONE', #7263 ) ;
#6255 = DIRECTION ( 'NONE',  ( -0.000000000000000000, -1.000000000000000000, -0.000000000000000000 ) ) ;
#6256 = VECTOR ( 'NONE', #2835, 1000.000000000000000 ) ;
#6257 = DIRECTION ( 'NONE',  ( 0.000000000000000000, -1.000000000000000000, 0.000000000000000000 ) ) ;
#6258 = CARTESIAN_POINT ( 'NONE',  ( -0.1182896847400594920, 0.6799491998983530072, 11.70180940978167783 ) ) ;
#6259 = VERTEX_POINT ( 'NONE', #4335 ) ;
#6260 = CARTESIAN_POINT ( 'NONE',  ( 15.75802853368885437, 1.741350040999880111, -18.12015122647153120 ) ) ;
#6261 = CIRCLE ( 'NONE', #6742, 0.5000000000000004441 ) ;
#6262 = SURFACE_STYLE_FILL_AREA ( #5563 ) ;
#6263 = CARTESIAN_POINT ( 'NONE',  ( 8.016659979266337999, 2.579949199897999090, -23.15900294825323158 ) ) ;
#6264 = EDGE_CURVE ( 'NONE', #7879, #1617, #808, .T. ) ;
#6265 = CARTESIAN_POINT ( 'NONE',  ( -1.734785425633447398, -0.5200508001019926718, 10.15175079565704053 ) ) ;
#6266 = FACE_OUTER_BOUND ( 'NONE', #6081, .T. ) ;
#6267 = VERTEX_POINT ( 'NONE', #3611 ) ;
#6268 = CARTESIAN_POINT ( 'NONE',  ( 4.223982920988659018, 1.079949199898004641, 24.99560898004280318 ) ) ;
#6269 = ORIENTED_EDGE ( 'NONE', *, *, #3655, .F. ) ;
#6270 = AXIS2_PLACEMENT_3D ( 'NONE', #9643, #5901, #2934 ) ;
#6271 = DIRECTION ( 'NONE',  ( 0.000000000000000000, 1.000000000000000000, -0.000000000000000000 ) ) ;
#6272 = LINE ( 'NONE', #9263, #8350 ) ;
#6273 = FACE_OUTER_BOUND ( 'NONE', #3368, .T. ) ;
#6274 = VERTEX_POINT ( 'NONE', #5086 ) ;
#6275 = CARTESIAN_POINT ( 'NONE',  ( -25.99342967679379512, -0.000000000000000000, -1.808671294923771322 ) ) ;
#6276 = AXIS2_PLACEMENT_3D ( 'NONE', #6409, #4858, #9352 ) ;
#6277 = CARTESIAN_POINT ( 'NONE',  ( 15.90605042794619450, 1.524271817677814056, 18.15687253262224132 ) ) ;
#6278 = LINE ( 'NONE', #5534, #8327 ) ;
#6279 = CARTESIAN_POINT ( 'NONE',  ( -3.165692773065857502, -0.5200508001019926718, 9.219995453349143943 ) ) ;
#6280 = CIRCLE ( 'NONE', #4836, 1.700000000000000178 ) ;
#6281 = EDGE_CURVE ( 'NONE', #2342, #5908, #2821, .T. ) ;
#6282 = CARTESIAN_POINT ( 'NONE',  ( 2.022753830784095541, 0.6799491998980043972, -8.933524336579887759 ) ) ;
#6283 = CONICAL_SURFACE ( 'NONE', #9582, 19.39999999999999858, 0.7853981633974433940 ) ;
#6284 = DIRECTION ( 'NONE',  ( 0.000000000000000000, 0.000000000000000000, -1.000000000000000000 ) ) ;
#6285 = AXIS2_PLACEMENT_3D ( 'NONE', #5243, #8255, #7517 ) ;
#6286 = AXIS2_PLACEMENT_3D ( 'NONE', #6961, #7747, #217 ) ;
#6287 = VERTEX_POINT ( 'NONE', #8730 ) ;
#6288 = LINE ( 'NONE', #6090, #2237 ) ;
#6289 = CARTESIAN_POINT ( 'NONE',  ( -25.51311251866405172, 1.079949199897994427, -5.876835801766818079 ) ) ;
#6290 = DIRECTION ( 'NONE',  ( -0.000000000000000000, -1.000000000000000000, -0.000000000000000000 ) ) ;
#6291 = ORIENTED_EDGE ( 'NONE', *, *, #7555, .F. ) ;
#6292 = DIRECTION ( 'NONE',  ( 0.000000000000000000, 1.000000000000000000, -0.000000000000000000 ) ) ;
#6293 = CARTESIAN_POINT ( 'NONE',  ( -26.95187520539652226, 3.379949199898008239, 5.683130994442786132 ) ) ;
#6294 = ADVANCED_FACE ( 'NONE', ( #3664 ), #2183, .F. ) ;
#6295 = AXIS2_PLACEMENT_3D ( 'NONE', #1501, #7454, #5266 ) ;
#6296 = CARTESIAN_POINT ( 'NONE',  ( 11.61388933753185704, 2.079949199898003975, -4.200008863748412757 ) ) ;
#6297 = AXIS2_PLACEMENT_3D ( 'NONE', #35, #7648, #5332 ) ;
#6298 = CARTESIAN_POINT ( 'NONE',  ( -3.467223302494825798, 0.6799491998980070617, -9.506518680039548030 ) ) ;
#6299 = EDGE_CURVE ( 'NONE', #4044, #5628, #7168, .T. ) ;
#6300 = CARTESIAN_POINT ( 'NONE',  ( -26.95187520539652581, 0.000000000000000000, 5.683130994442786132 ) ) ;
#6301 = VECTOR ( 'NONE', #5536, 1000.000000000000000 ) ;
#6302 = ORIENTED_EDGE ( 'NONE', *, *, #1575, .T. ) ;
#6303 = CARTESIAN_POINT ( 'NONE',  ( 15.76316343924401764, 2.079949199897263679, 18.50271889100281442 ) ) ;
#6304 = AXIS2_PLACEMENT_3D ( 'NONE', #999, #6367, #9207 ) ;
#6305 = ORIENTED_EDGE ( 'NONE', *, *, #4814, .T. ) ;
#6306 = CARTESIAN_POINT ( 'NONE',  ( 4.653151171335451863, -0.5200508001019926718, -7.486786040105736895 ) ) ;
#6307 = VERTEX_POINT ( 'NONE', #6681 ) ;
#6308 = EDGE_CURVE ( 'NONE', #1272, #4719, #9430, .T. ) ;
#6309 = CARTESIAN_POINT ( 'NONE',  ( -15.91532658390515742, 1.391997978290495208, 18.25457847596384298 ) ) ;
#6310 = DIRECTION ( 'NONE',  ( 0.000000000000000000, 0.000000000000000000, -1.000000000000000000 ) ) ;
#6311 = ORIENTED_EDGE ( 'NONE', *, *, #695, .F. ) ;
#6312 = CARTESIAN_POINT ( 'NONE',  ( -6.494540833776444089, -0.3200508001019938820, 3.385166903784300185 ) ) ;
#6313 = CIRCLE ( 'NONE', #6154, 0.9999999999999991118 ) ;
#6314 = AXIS2_PLACEMENT_3D ( 'NONE', #2938, #2257, #8860 ) ;
#6315 = CARTESIAN_POINT ( 'NONE',  ( -4.834673448592520018, -0.5200508001019787940, 9.214614740553079386 ) ) ;
#6316 = CARTESIAN_POINT ( 'NONE',  ( 5.640796327878372374, 0.6799491998980070617, 9.657263500036265214 ) ) ;
#6317 = CARTESIAN_POINT ( 'NONE',  ( 15.34178466359499460, 2.047872784733398177, -17.85436595078105171 ) ) ;
#6318 = CIRCLE ( 'NONE', #2689, 27.75000000000000355 ) ;
#6319 = CARTESIAN_POINT ( 'NONE',  ( -10.68223522187146735, 0.000000000000000000, -22.90217264361945126 ) ) ;
#6320 = DIRECTION ( 'NONE',  ( 0.000000000000000000, 0.000000000000000000, 1.000000000000000000 ) ) ;
#6321 = CARTESIAN_POINT ( 'NONE',  ( -4.533753329157106826, -0.5200508001019926718, 5.764797885261547350 ) ) ;
#6322 = CARTESIAN_POINT ( 'NONE',  ( -4.811731577798028070, 0.6799491998980069507, 10.68561264136033273 ) ) ;
#6323 = ORIENTED_EDGE ( 'NONE', *, *, #1902, .T. ) ;
#6324 = CARTESIAN_POINT ( 'NONE',  ( -15.15685912178877714, 1.079949199898004197, 20.79683650938151374 ) ) ;
#6325 = AXIS2_PLACEMENT_3D ( 'NONE', #883, #2352, #6983 ) ;
#6326 = CARTESIAN_POINT ( 'NONE',  ( -25.55438739263264480, 0.000000000000000000, 5.559163569605379607 ) ) ;
#6327 = DIRECTION ( 'NONE',  ( 0.000000000000000000, -1.000000000000000000, 0.000000000000000000 ) ) ;
#6328 = EDGE_CURVE ( 'NONE', #526, #5574, #9649, .T. ) ;
#6329 = CARTESIAN_POINT ( 'NONE',  ( 3.528362109383202050, -0.5200508001019920057, -8.484856422913141571 ) ) ;
#6330 = ADVANCED_FACE ( 'NONE', ( #5927 ), #8885, .T. ) ;
#6331 = VERTEX_POINT ( 'NONE', #7995 ) ;
#6332 = DIRECTION ( 'NONE',  ( 0.000000000000000000, 1.000000000000000000, -0.000000000000000000 ) ) ;
#6333 = CARTESIAN_POINT ( 'NONE',  ( 15.81591149409507580, 1.691070290683585498, 18.10461081370568692 ) ) ;
#6334 = CIRCLE ( 'NONE', #2087, 14.00000000000000000 ) ;
#6335 = CARTESIAN_POINT ( 'NONE',  ( 15.90605045685765084, 1.524271641053140947, -18.15687266151114443 ) ) ;
#6336 = CARTESIAN_POINT ( 'NONE',  ( 4.157332302905997423, 0.000000000000000000, 26.00120094879952504 ) ) ;
#6337 = CARTESIAN_POINT ( 'NONE',  ( -7.889440264482801446, 0.6799491998980069507, -9.145355332382015590 ) ) ;
#6338 = AXIS2_PLACEMENT_3D ( 'NONE', #60, #2365, #3052 ) ;
#6339 = CARTESIAN_POINT ( 'NONE',  ( -5.424761033140844013, -0.3200508001019928828, 7.842793476451359602 ) ) ;
#6340 = CARTESIAN_POINT ( 'NONE',  ( -0.7228355895368503425, 1.079949199898004641, 21.46773321093941789 ) ) ;
#6341 = CARTESIAN_POINT ( 'NONE',  ( 10.24922251997925216, 1.079949199897997758, 23.15217264361945482 ) ) ;
#6342 = DIRECTION ( 'NONE',  ( 0.000000000000000000, 0.000000000000000000, -1.000000000000000000 ) ) ;
#6343 = ORIENTED_EDGE ( 'NONE', *, *, #8332, .F. ) ;
#6344 = CARTESIAN_POINT ( 'NONE',  ( -11.61389763014318177, 1.079949199898004197, -4.199985932899493513 ) ) ;
#6345 = CARTESIAN_POINT ( 'NONE',  ( -8.102021880671902210, 0.6799491998980040641, -17.29765055348363845 ) ) ;
#6346 = ADVANCED_FACE ( 'NONE', ( #3510 ), #4423, .T. ) ;
#6347 = CARTESIAN_POINT ( 'NONE',  ( -1.513289178312053007, 0.6799491998980070617, -8.663381030368961788 ) ) ;
#6348 = CARTESIAN_POINT ( 'NONE',  ( -20.87844544752097420, 0.000000000000000000, -14.37751771673020684 ) ) ;
#6349 = ADVANCED_FACE ( 'NONE', ( #622 ), #6528, .T. ) ;
#6350 = ORIENTED_EDGE ( 'NONE', *, *, #4453, .F. ) ;
#6351 = CARTESIAN_POINT ( 'NONE',  ( 15.13504613378050578, 2.079949199897994205, 17.69700074309016458 ) ) ;
#6352 = ORIENTED_EDGE ( 'NONE', *, *, #2098, .T. ) ;
#6353 = CARTESIAN_POINT ( 'NONE',  ( -2.707815643084619417, -0.5200508001019926718, -6.800786287622671011 ) ) ;
#6354 = VERTEX_POINT ( 'NONE', #8779 ) ;
#6355 = CARTESIAN_POINT ( 'NONE',  ( 15.84808036550701793, 1.079949199898349033, -18.40655955156595169 ) ) ;
#6356 = CARTESIAN_POINT ( 'NONE',  ( -25.57810035237141477, 80.31423269831148559, -5.406252686692033294 ) ) ;
#6357 = ORIENTED_EDGE ( 'NONE', *, *, #8140, .F. ) ;
#6358 = CARTESIAN_POINT ( 'NONE',  ( -6.189748737673703260, 0.6799491998979968477, 3.910131871502065426 ) ) ;
#6359 = CYLINDRICAL_SURFACE ( 'NONE', #7372, 0.5000000000000004441 ) ;
#6360 = ADVANCED_FACE ( 'NONE', ( #1456 ), #5823, .F. ) ;
#6361 = CARTESIAN_POINT ( 'NONE',  ( 1.057140089503010527, 0.6799491998980070617, 12.61291348745969998 ) ) ;
#6362 = VERTEX_POINT ( 'NONE', #2141 ) ;
#6363 = CARTESIAN_POINT ( 'NONE',  ( -15.35375182959288054, 2.047915940351281883, 17.83509866843443703 ) ) ;
#6364 = DIRECTION ( 'NONE',  ( 0.000000000000000000, 0.000000000000000000, 1.000000000000000000 ) ) ;
#6365 = CARTESIAN_POINT ( 'NONE',  ( 0.000000000000000000, 1.079949199897997758, 0.000000000000000000 ) ) ;
#6366 = EDGE_CURVE ( 'NONE', #7643, #1693, #2043, .T. ) ;
#6367 = DIRECTION ( 'NONE',  ( -0.9996019420189228288, 0.000000000000000000, 0.02821271897563567069 ) ) ;
#6368 = CARTESIAN_POINT ( 'NONE',  ( 11.47313874466085082, 0.6799491998980073948, -0.6030956253662923539 ) ) ;
#6369 = VERTEX_POINT ( 'NONE', #5129 ) ;
#6370 = DIRECTION ( 'NONE',  ( 0.000000000000000000, 0.000000000000000000, -1.000000000000000000 ) ) ;
#6371 = CARTESIAN_POINT ( 'NONE',  ( 26.95186291862489725, 0.000000000000000000, 5.683210348658890965 ) ) ;
#6372 = CARTESIAN_POINT ( 'NONE',  ( -20.87844544752078946, 80.31423269831148559, 14.37751771673047152 ) ) ;
#6373 = CARTESIAN_POINT ( 'NONE',  ( 10.53608311378432205, -0.3200508001019938820, -0.9571147346573898318 ) ) ;
#6374 = VERTEX_POINT ( 'NONE', #8049 ) ;
#6375 = CARTESIAN_POINT ( 'NONE',  ( 8.097978119328097080, 0.6799491998980040641, -17.29947499041304937 ) ) ;
#6376 = CARTESIAN_POINT ( 'NONE',  ( 15.99091547712291472, 1.079949199900569701, 18.21400051270292408 ) ) ;
#6377 = CARTESIAN_POINT ( 'NONE',  ( 15.71163490636285509, 1.783209708704792673, -18.11294183974551331 ) ) ;
#6378 = CARTESIAN_POINT ( 'NONE',  ( 5.472556235500118049, 3.379949199898008239, 2.745328114647923812 ) ) ;
#6379 = CARTESIAN_POINT ( 'NONE',  ( -9.803316978100964363, 0.6799491998980070617, 1.908049026898912981 ) ) ;
#6380 = CARTESIAN_POINT ( 'NONE',  ( -15.13569218728436638, 2.079949199897994205, 17.69607633263574087 ) ) ;
#6381 = CARTESIAN_POINT ( 'NONE',  ( 27.39333754361311435, 3.379949199898008239, -0.9399128949690361834 ) ) ;
#6382 = VERTEX_POINT ( 'NONE', #2097 ) ;
#6383 = CARTESIAN_POINT ( 'NONE',  ( 15.25483161510986641, 2.079949199897996426, 17.77830073017147328 ) ) ;
#6384 = CARTESIAN_POINT ( 'NONE',  ( -7.875148599050266540, 80.31423269831148559, -25.65699999999999648 ) ) ;
#6385 = CARTESIAN_POINT ( 'NONE',  ( 5.425963380943364278, -0.5200508001019920057, 7.933408028067268525 ) ) ;
#6386 = DIRECTION ( 'NONE',  ( -0.4999999999999956146, 0.000000000000000000, -0.8660254037844412611 ) ) ;
#6387 = DIRECTION ( 'NONE',  ( 0.8237539505186967093, 0.000000000000000000, 0.5669474658245160503 ) ) ;
#6388 = CARTESIAN_POINT ( 'NONE',  ( -7.658580719970859541, -0.5200508001019926718, 0.8037006315980701476 ) ) ;
#6389 = VERTEX_POINT ( 'NONE', #4385 ) ;
#6390 = EDGE_CURVE ( 'NONE', #781, #8282, #5656, .T. ) ;
#6391 = CARTESIAN_POINT ( 'NONE',  ( 2.232777395862027170, -0.3200508001019938820, -7.910406671467317352 ) ) ;
#6392 = LINE ( 'NONE', #384, #2079 ) ;
#6393 = VERTEX_POINT ( 'NONE', #3751 ) ;
#6394 = CARTESIAN_POINT ( 'NONE',  ( -24.58987225578654190, 2.079949199898003975, -5.253265010324822626 ) ) ;
#6395 = ORIENTED_EDGE ( 'NONE', *, *, #7837, .T. ) ;
#6396 = CARTESIAN_POINT ( 'NONE',  ( -5.975469824244458827, 3.379949199898008239, -7.451307599385940783 ) ) ;
#6397 = DIRECTION ( 'NONE',  ( 0.000000000000000000, 0.000000000000000000, 1.000000000000000000 ) ) ;
#6398 = DIRECTION ( 'NONE',  ( 0.000000000000000000, 0.000000000000000000, 1.000000000000000000 ) ) ;
#6399 = ORIENTED_EDGE ( 'NONE', *, *, #7448, .T. ) ;
#6400 = CARTESIAN_POINT ( 'NONE',  ( -7.758086859767231225, -0.3200508001019938820, 2.153097911090371852 ) ) ;
#6401 = EDGE_CURVE ( 'NONE', #8736, #5706, #5495, .T. ) ;
#6402 = AXIS2_PLACEMENT_3D ( 'NONE', #8776, #7942, #1108 ) ;
#6403 = CARTESIAN_POINT ( 'NONE',  ( 8.097978119328097080, 1.669898693559165981, -18.82181661348524671 ) ) ;
#6404 = CARTESIAN_POINT ( 'NONE',  ( -5.087097336203401987, -0.3200508001019938820, 8.608139455623016190 ) ) ;
#6405 = EDGE_LOOP ( 'NONE', ( #7674, #9153, #4943, #4260 ) ) ;
#6406 = AXIS2_PLACEMENT_3D ( 'NONE', #1229, #4208, #2598 ) ;
#6407 = CARTESIAN_POINT ( 'NONE',  ( 15.64216254839355003, 1.879615693341807114, -18.04424883690304782 ) ) ;
#6408 = CARTESIAN_POINT ( 'NONE',  ( -7.159990142403629854, -0.3200508001019928273, 2.608930533445985578 ) ) ;
#6409 = CARTESIAN_POINT ( 'NONE',  ( 14.88316527472231954, 0.000000000000000000, -20.37839693420014697 ) ) ;
#6410 = CARTESIAN_POINT ( 'NONE',  ( 4.532895967600847342, -0.5200508001019926718, 5.820372001750326874 ) ) ;
#6411 = CARTESIAN_POINT ( 'NONE',  ( 7.987998123963197195, 0.6799491998980071727, 3.221370867248126935 ) ) ;
#6412 = ORIENTED_EDGE ( 'NONE', *, *, #4999, .F. ) ;
#6413 = DIRECTION ( 'NONE',  ( -0.000000000000000000, -1.000000000000000000, -0.000000000000000000 ) ) ;
#6414 = ADVANCED_FACE ( 'NONE', ( #2277 ), #2668, .F. ) ;
#6415 = DIRECTION ( 'NONE',  ( -0.3088555147271360157, 0.000000000000000000, 0.9511089690580338818 ) ) ;
#6416 = DIRECTION ( 'NONE',  ( 0.000000000000000000, 0.000000000000000000, -1.000000000000000000 ) ) ;
#6417 = EDGE_CURVE ( 'NONE', #8208, #7852, #7629, .T. ) ;
#6418 = CARTESIAN_POINT ( 'NONE',  ( 4.923790290237420209, -0.5200508001019920057, -8.732962522738857203 ) ) ;
#6419 = ORIENTED_EDGE ( 'NONE', *, *, #4416, .F. ) ;
#6420 = CIRCLE ( 'NONE', #1068, 0.9999999999999993339 ) ;
#6421 = DIRECTION ( 'NONE',  ( 0.000000000000000000, 0.000000000000000000, -1.000000000000000000 ) ) ;
#6422 = DIRECTION ( 'NONE',  ( -0.000000000000000000, -1.000000000000000000, -0.000000000000000000 ) ) ;
#6423 = CARTESIAN_POINT ( 'NONE',  ( 15.18491607416529021, 2.079949199897990653, -17.73824598560227983 ) ) ;
#6424 = CARTESIAN_POINT ( 'NONE',  ( 4.153879372919157653, -0.5200508001019926718, 7.800291737514212009 ) ) ;
#6425 = EDGE_CURVE ( 'NONE', #3774, #2410, #3615, .T. ) ;
#6426 = AXIS2_PLACEMENT_3D ( 'NONE', #3828, #6843, #8688 ) ;
#6427 = ORIENTED_EDGE ( 'NONE', *, *, #4444, .T. ) ;
#6428 = CARTESIAN_POINT ( 'NONE',  ( -11.90300697656442352, 0.6799491998980069507, -2.805646131304278423 ) ) ;
#6429 = CARTESIAN_POINT ( 'NONE',  ( 24.77959871181932883, 80.31423269831148559, 8.960691250188359547 ) ) ;
#6430 = CARTESIAN_POINT ( 'NONE',  ( -15.95282940189284737, 1.079949199898049494, 18.27253158614860240 ) ) ;
#6431 = CARTESIAN_POINT ( 'NONE',  ( -5.964385371679431280, -0.3200508001019938820, 4.478475350074480943 ) ) ;
#6432 = DIRECTION ( 'NONE',  ( -0.000000000000000000, -1.000000000000000000, -0.000000000000000000 ) ) ;
#6433 = CYLINDRICAL_SURFACE ( 'NONE', #4658, 26.35000000000000497 ) ;
#6434 = CARTESIAN_POINT ( 'NONE',  ( 0.000000000000000000, 0.5799491998979778851, 0.000000000000000000 ) ) ;
#6435 = DIRECTION ( 'NONE',  ( 0.000000000000000000, -1.000000000000000000, 0.000000000000000000 ) ) ;
#6436 = DIRECTION ( 'NONE',  ( 0.000000000000000000, 0.000000000000000000, 1.000000000000000000 ) ) ;
#6437 = DIRECTION ( 'NONE',  ( 0.000000000000000000, 1.000000000000000000, 0.000000000000000000 ) ) ;
#6438 = ORIENTED_EDGE ( 'NONE', *, *, #4951, .T. ) ;
#6439 = AXIS2_PLACEMENT_3D ( 'NONE', #2024, #9451, #5717 ) ;
#6440 = CARTESIAN_POINT ( 'NONE',  ( 0.6795369615899802263, 0.6799491998980070617, -8.377136469417779452 ) ) ;
#6441 = AXIS2_PLACEMENT_3D ( 'NONE', #1636, #582, #5095 ) ;
#6442 = CARTESIAN_POINT ( 'NONE',  ( -17.23131124203197828, 80.31423269831148559, -18.86320297791350242 ) ) ;
#6443 = EDGE_CURVE ( 'NONE', #5342, #4651, #8329, .T. ) ;
#6444 = EDGE_LOOP ( 'NONE', ( #5249, #863, #5105, #4329 ) ) ;
#6445 = CARTESIAN_POINT ( 'NONE',  ( -14.87700143203221970, 2.079949199897995538, -20.97966650008767786 ) ) ;
#6446 = VERTEX_POINT ( 'NONE', #3704 ) ;
#6447 = CARTESIAN_POINT ( 'NONE',  ( -9.093302295844331695, 3.379949199898008239, -5.260652592231884306 ) ) ;
#6448 = AXIS2_PLACEMENT_3D ( 'NONE', #6958, #8572, #7888 ) ;
#6449 = AXIS2_PLACEMENT_3D ( 'NONE', #9569, #5038, #7268 ) ;
#6450 = EDGE_LOOP ( 'NONE', ( #8863, #1696, #4739, #3419 ) ) ;
#6451 = EDGE_CURVE ( 'NONE', #7657, #6730, #4520, .T. ) ;
#6452 = CARTESIAN_POINT ( 'NONE',  ( 25.12832980393217852, 2.079949199897994205, 1.775401338743753721 ) ) ;
#6453 = DIRECTION ( 'NONE',  ( -0.7071067811865574537, -0.7071067811865376918, 0.000000000000000000 ) ) ;
#6454 = ORIENTED_EDGE ( 'NONE', *, *, #8041, .T. ) ;
#6455 = CARTESIAN_POINT ( 'NONE',  ( -10.15549460049311392, 0.6799491998980070617, 1.536313482158408794 ) ) ;
#6456 = AXIS2_PLACEMENT_3D ( 'NONE', #2725, #9623, #573 ) ;
#6457 = TOROIDAL_SURFACE ( 'NONE', #2669, 6.324999999999956657, 1.000000000000000000 ) ;
#6458 = B_SPLINE_CURVE_WITH_KNOTS ( 'NONE', 3,
 ( #6462, #5664, #7977, #3436, #6513, #2804, #3590, #6666 ),
 .UNSPECIFIED., .F., .F.,
 ( 4, 2, 2, 4 ),
 ( 0.000000000000000000, 0.002633210145794690968, 0.005266420291589381936, 0.01053284058317876387 ),
 .UNSPECIFIED. ) ;
#6459 = CARTESIAN_POINT ( 'NONE',  ( 16.92907648227608064, 0.000000000000000000, -19.43395646935886134 ) ) ;
#6460 = CARTESIAN_POINT ( 'NONE',  ( -5.303451416210254621, -0.3200508001019938820, 8.141883195425780428 ) ) ;
#6461 = ORIENTED_EDGE ( 'NONE', *, *, #4326, .T. ) ;
#6462 = CARTESIAN_POINT ( 'NONE',  ( 24.58987225573535085, 2.079949199898003975, -5.253265010655495004 ) ) ;
#6463 = CARTESIAN_POINT ( 'NONE',  ( -6.497898077675664297, -0.3200508001019959359, 3.368322414110267449 ) ) ;
#6464 = DIRECTION ( 'NONE',  ( 0.000000000000000000, 0.000000000000000000, -1.000000000000000000 ) ) ;
#6465 = CARTESIAN_POINT ( 'NONE',  ( 1.168668865057709727, -0.5200508001019926718, 10.35121876156493315 ) ) ;
#6466 = CARTESIAN_POINT ( 'NONE',  ( 11.64754168896451070, 0.6799491998980072838, -4.828529028343020002 ) ) ;
#6467 = VECTOR ( 'NONE', #7829, 1000.000000000000000 ) ;
#6468 = ORIENTED_EDGE ( 'NONE', *, *, #3865, .F. ) ;
#6469 = CARTESIAN_POINT ( 'NONE',  ( 14.99025681781555264, -2.081668171172170407E-14, -19.20683139993016297 ) ) ;
#6470 = FACE_OUTER_BOUND ( 'NONE', #1177, .T. ) ;
#6471 = FACE_OUTER_BOUND ( 'NONE', #5878, .T. ) ;
#6472 = AXIS2_PLACEMENT_3D ( 'NONE', #1737, #6217, #2515 ) ;
#6473 = CARTESIAN_POINT ( 'NONE',  ( 9.447749241558792477, 0.6799491998980070617, 2.213550095725076883 ) ) ;
#6474 = ORIENTED_EDGE ( 'NONE', *, *, #7465, .F. ) ;
#6475 = DIRECTION ( 'NONE',  ( -0.000000000000000000, -1.000000000000000000, -0.000000000000000000 ) ) ;
#6476 = EDGE_CURVE ( 'NONE', #9588, #2593, #646, .T. ) ;
#6477 = DIRECTION ( 'NONE',  ( 0.000000000000000000, -1.000000000000000000, 0.000000000000000000 ) ) ;
#6478 = ORIENTED_EDGE ( 'NONE', *, *, #2915, .F. ) ;
#6479 = CARTESIAN_POINT ( 'NONE',  ( -15.00524156126187059, 1.329742944014222106, 20.89600684575672673 ) ) ;
#6480 = CARTESIAN_POINT ( 'NONE',  ( 6.751470245997284181, 3.379949199898008239, 1.390533752467296047 ) ) ;
#6481 = CARTESIAN_POINT ( 'NONE',  ( 25.51309696382764969, 1.079949199898039280, -5.876918927264312309 ) ) ;
#6482 = AXIS2_PLACEMENT_3D ( 'NONE', #7987, #3081, #2994 ) ;
#6483 = ORIENTED_EDGE ( 'NONE', *, *, #2827, .F. ) ;
#6484 = CARTESIAN_POINT ( 'NONE',  ( -10.66306184202249163, 0.6799491998980070617, 0.9053439087079010461 ) ) ;
#6485 = CARTESIAN_POINT ( 'NONE',  ( -7.125192612383756341, 3.379949199898004242, 3.048627598844102060 ) ) ;
#6486 = CARTESIAN_POINT ( 'NONE',  ( 25.51276529575110885, 0.000000000000000000, -10.91610310339354228 ) ) ;
#6487 = CARTESIAN_POINT ( 'NONE',  ( 1.905256537439542264, 22.26046457370629739, 1.100000374765998323 ) ) ;
#6488 = CARTESIAN_POINT ( 'NONE',  ( 15.51061713962283761, 1.977707181515082402, 17.92690471744786507 ) ) ;
#6489 = CARTESIAN_POINT ( 'NONE',  ( -25.12765359130126797, 2.079949199897991097, 1.779768651756576281 ) ) ;
#6490 = AXIS2_PLACEMENT_3D ( 'NONE', #9090, #5446, #6101 ) ;
#6491 = EDGE_CURVE ( 'NONE', #6591, #1544, #7698, .T. ) ;
#6492 = CARTESIAN_POINT ( 'NONE',  ( -1.288050882874017145, -0.5200508001019920057, 11.71531628763374400 ) ) ;
#6493 = ORIENTED_EDGE ( 'NONE', *, *, #2526, .T. ) ;
#6494 = CARTESIAN_POINT ( 'NONE',  ( -16.44997123527521410, 1.079949199897997758, -17.99855740762623668 ) ) ;
#6495 = CARTESIAN_POINT ( 'NONE',  ( 4.390609466195313004, 80.31423269831148559, 25.98162905815100032 ) ) ;
#6496 = VERTEX_POINT ( 'NONE', #5423 ) ;
#6497 = CARTESIAN_POINT ( 'NONE',  ( 2.848321321276737095, 0.6799491998980070617, -8.224079977350926995 ) ) ;
#6498 = CYLINDRICAL_SURFACE ( 'NONE', #4257, 5.325000000000006395 ) ;
#6499 = EDGE_LOOP ( 'NONE', ( #6670, #1978, #5169, #84 ) ) ;
#6500 = LINE ( 'NONE', #4840, #775 ) ;
#6501 = ORIENTED_EDGE ( 'NONE', *, *, #6636, .F. ) ;
#6502 = CARTESIAN_POINT ( 'NONE',  ( -3.729114290800195963, -0.5200508001019926718, -7.290836768216249375 ) ) ;
#6503 = AXIS2_PLACEMENT_3D ( 'NONE', #207, #1678, #3744 ) ;
#6504 = CARTESIAN_POINT ( 'NONE',  ( 25.12719120412087648, 2.079949199897991097, -1.782438512439848743 ) ) ;
#6505 = CARTESIAN_POINT ( 'NONE',  ( 26.96161968753905569, 0.000000000000000000, -5.620435433936791014 ) ) ;
#6506 = ORIENTED_EDGE ( 'NONE', *, *, #7555, .T. ) ;
#6507 = B_SPLINE_CURVE_WITH_KNOTS ( 'NONE', 3,
 ( #568, #4816, #6376, #5576 ),
 .UNSPECIFIED., .F., .F.,
 ( 4, 4 ),
 ( 0.000000000000000000, 1.000000000000000000 ),
 .UNSPECIFIED. ) ;
#6508 = CARTESIAN_POINT ( 'NONE',  ( -8.878628241228845752, 0.6799491998980070617, 2.629510420985059493 ) ) ;
#6509 = EDGE_CURVE ( 'NONE', #5684, #628, #1063, .T. ) ;
#6510 = CARTESIAN_POINT ( 'NONE',  ( 8.097978119328097080, 2.079949199898024403, -19.69728942786803572 ) ) ;
#6511 = CARTESIAN_POINT ( 'NONE',  ( -3.033138660867636727, 0.6799491998980070617, 10.83764186651553807 ) ) ;
#6512 = ORIENTED_EDGE ( 'NONE', *, *, #2291, .T. ) ;
#6513 = CARTESIAN_POINT ( 'NONE',  ( 24.99328735514387034, 2.079949199897994205, -0.8819083460480394709 ) ) ;
#6514 = CARTESIAN_POINT ( 'NONE',  ( -2.899730883805635262, -0.3200508001019928828, -8.248910681862266614 ) ) ;
#6515 = CARTESIAN_POINT ( 'NONE',  ( -20.87844544752097420, 80.31423269831148559, -15.37751771673020684 ) ) ;
#6516 = CARTESIAN_POINT ( 'NONE',  ( 5.472556235500118049, -0.5200508001019926718, 2.745328114647923812 ) ) ;
#6517 = CARTESIAN_POINT ( 'NONE',  ( 8.468880654234215655, 0.6799491998980069507, 2.878863341324286562 ) ) ;
#6518 = ORIENTED_EDGE ( 'NONE', *, *, #6587, .T. ) ;
#6519 = CARTESIAN_POINT ( 'NONE',  ( 21.15717546953953132, 0.000000000000000000, 14.79266425619359460 ) ) ;
#6520 = EDGE_CURVE ( 'NONE', #3245, #4528, #1597, .T. ) ;
#6521 = CARTESIAN_POINT ( 'NONE',  ( -21.15717546953952422, 80.31423269831148559, -14.79266425619360348 ) ) ;
#6522 = CARTESIAN_POINT ( 'NONE',  ( -2.846030702774449139E-15, 1.079949199898004641, 25.19835094939760722 ) ) ;
#6523 = CARTESIAN_POINT ( 'NONE',  ( 7.847272106758437893, -0.3200508001019938820, 2.093668677895769825 ) ) ;
#6524 = ORIENTED_EDGE ( 'NONE', *, *, #8436, .T. ) ;
#6525 = DIRECTION ( 'NONE',  ( 0.000000000000000000, 0.000000000000000000, 1.000000000000000000 ) ) ;
#6526 = DIRECTION ( 'NONE',  ( -0.000000000000000000, 1.000000000000000000, -0.000000000000000000 ) ) ;
#6527 = CARTESIAN_POINT ( 'NONE',  ( 1.472265383345497725, 3.379949199898008239, 10.25939922876456656 ) ) ;
#6528 = CYLINDRICAL_SURFACE ( 'NONE', #2510, 1.999999999999998224 ) ;
#6529 = ORIENTED_EDGE ( 'NONE', *, *, #6281, .T. ) ;
#6530 = CARTESIAN_POINT ( 'NONE',  ( -11.59109738002494616, 0.6799491998980069507, -0.9487056535078361996 ) ) ;
#6531 = EDGE_CURVE ( 'NONE', #5467, #4209, #4538, .T. ) ;
#6532 = DIRECTION ( 'NONE',  ( 0.000000000000000000, 0.000000000000000000, -1.000000000000000000 ) ) ;
#6533 = CARTESIAN_POINT ( 'NONE',  ( -15.02724078697532484, 2.079949199898056822, 17.82555206802918590 ) ) ;
#6534 = FACE_OUTER_BOUND ( 'NONE', #7871, .T. ) ;
#6535 = ORIENTED_EDGE ( 'NONE', *, *, #3527, .F. ) ;
#6536 = FACE_OUTER_BOUND ( 'NONE', #7860, .T. ) ;
#6537 = DIRECTION ( 'NONE',  ( -0.000000000000000000, -1.000000000000000000, -0.000000000000000000 ) ) ;
#6538 = CARTESIAN_POINT ( 'NONE',  ( 5.849077931320449508, -0.5200508001019920057, 4.862328324841770133 ) ) ;
#6539 = EDGE_LOOP ( 'NONE', ( #8822, #7785, #4606, #6247 ) ) ;
#6540 = CARTESIAN_POINT ( 'NONE',  ( -7.829487298332885814, 1.079949199897997758, 24.11061236562116150 ) ) ;
#6541 = DIRECTION ( 'NONE',  ( 0.9996019420189228288, 0.000000000000000000, -0.02821271897563567069 ) ) ;
#6542 = ORIENTED_EDGE ( 'NONE', *, *, #4956, .T. ) ;
#6543 = CARTESIAN_POINT ( 'NONE',  ( 2.477394746819069127, 0.6799491998980070617, -8.042683263055751652 ) ) ;
#6544 = EDGE_CURVE ( 'NONE', #5490, #8874, #9709, .T. ) ;
#6545 = DIRECTION ( 'NONE',  ( -0.1530115960500591510, -3.262824117486964748E-16, -0.9882243932802983188 ) ) ;
#6546 = EDGE_CURVE ( 'NONE', #4961, #6195, #158, .T. ) ;
#6547 = ORIENTED_EDGE ( 'NONE', *, *, #7123, .F. ) ;
#6548 = CARTESIAN_POINT ( 'NONE',  ( 25.57847377689379442, 0.000000000000000000, 5.403601807681492453 ) ) ;
#6549 = VERTEX_POINT ( 'NONE', #5373 ) ;
#6550 = CARTESIAN_POINT ( 'NONE',  ( -9.378262616523267425, 3.379949199898008239, -4.676305178017313047 ) ) ;
#6551 = VERTEX_POINT ( 'NONE', #7594 ) ;
#6552 = CARTESIAN_POINT ( 'NONE',  ( -15.48113586721070689, 1.982986216351224629, 17.95228142933088478 ) ) ;
#6553 = ORIENTED_EDGE ( 'NONE', *, *, #9182, .F. ) ;
#6554 = CARTESIAN_POINT ( 'NONE',  ( -8.530138382196881253, -0.3200508001019938820, 1.657318339458230483 ) ) ;
#6555 = DIRECTION ( 'NONE',  ( 0.000000000000000000, 0.000000000000000000, -1.000000000000000000 ) ) ;
#6556 = CARTESIAN_POINT ( 'NONE',  ( -2.115987272001941477, 0.6799491998976615603, 11.29945545451928801 ) ) ;
#6557 = ORIENTED_EDGE ( 'NONE', *, *, #9397, .F. ) ;
#6558 = CARTESIAN_POINT ( 'NONE',  ( 9.673845272167200804, 3.379949199898008239, -3.448698917444567691 ) ) ;
#6559 = CARTESIAN_POINT ( 'NONE',  ( -9.747130957016789665, -0.3200508001019928828, 0.4634871107231901544 ) ) ;
#6560 = CARTESIAN_POINT ( 'NONE',  ( 2.920897971626200906, -0.5200508001019926718, -6.917992696493579174 ) ) ;
#6561 = CARTESIAN_POINT ( 'NONE',  ( 4.804359450755955940, -0.5200508001019926718, 4.143923902926369252 ) ) ;
#6562 = CARTESIAN_POINT ( 'NONE',  ( 6.574537100734070272, 0.6799491998980069507, 7.456701475529299294 ) ) ;
#6563 = ORIENTED_EDGE ( 'NONE', *, *, #7633, .T. ) ;
#6564 = DIRECTION ( 'NONE',  ( -0.000000000000000000, -1.000000000000000000, -0.000000000000000000 ) ) ;
#6565 = CARTESIAN_POINT ( 'NONE',  ( 0.000000000000000000, 1.079949199897997758, 0.000000000000000000 ) ) ;
#6566 = CARTESIAN_POINT ( 'NONE',  ( 7.917388710466873647, 0.6799491998980070617, 3.286164765775180907 ) ) ;
#6567 = VERTEX_POINT ( 'NONE', #3847 ) ;
#6568 = CARTESIAN_POINT ( 'NONE',  ( 0.07935283053093651617, 2.301323067544950973, 22.39833851274982024 ) ) ;
#6569 = ORIENTED_EDGE ( 'NONE', *, *, #5387, .F. ) ;
#6570 = EDGE_CURVE ( 'NONE', #579, #5928, #3765, .T. ) ;
#6571 = AXIS2_PLACEMENT_3D ( 'NONE', #6026, #5171, #1352 ) ;
#6572 = CARTESIAN_POINT ( 'NONE',  ( -15.12853249046230708, 2.079949199898003975, 17.70594342235056473 ) ) ;
#6573 = FACE_OUTER_BOUND ( 'NONE', #2491, .T. ) ;
#6574 = CARTESIAN_POINT ( 'NONE',  ( 3.682493360019453821, 3.379949199898008239, 8.607665899409749244 ) ) ;
#6575 = CARTESIAN_POINT ( 'NONE',  ( 25.55406776262889323, 0.000000000000000000, -5.561491860076562155 ) ) ;
#6576 = ORIENTED_EDGE ( 'NONE', *, *, #810, .F. ) ;
#6577 = CIRCLE ( 'NONE', #2317, 1.000000000000000444 ) ;
#6578 = CARTESIAN_POINT ( 'NONE',  ( 10.34480784725608693, 2.090873339771440076, -24.06989674270722190 ) ) ;
#6579 = CARTESIAN_POINT ( 'NONE',  ( -14.75249555532868584, 2.079949199897994205, 18.09651350266665659 ) ) ;
#6580 = DIRECTION ( 'NONE',  ( 0.000000000000000000, -1.000000000000000000, -0.000000000000000000 ) ) ;
#6581 = ORIENTED_EDGE ( 'NONE', *, *, #3412, .T. ) ;
#6582 = AXIS2_PLACEMENT_3D ( 'NONE', #5140, #2977, #6691 ) ;
#6583 = CARTESIAN_POINT ( 'NONE',  ( -3.761395893105431654, 2.079949199898003975, 24.65807237742791358 ) ) ;
#6584 = DIRECTION ( 'NONE',  ( 0.4999999999999956146, 0.000000000000000000, -0.8660254037844412611 ) ) ;
#6585 = CARTESIAN_POINT ( 'NONE',  ( -7.945904289158329803, 2.579949199897999090, -25.65800147412661758 ) ) ;
#6586 = CARTESIAN_POINT ( 'NONE',  ( 13.85873403624072964, 2.079949199898003975, -18.77809241999321088 ) ) ;
#6587 = EDGE_CURVE ( 'NONE', #8598, #7067, #1002, .T. ) ;
#6588 = CARTESIAN_POINT ( 'NONE',  ( -16.88298393716743817, 2.079949199898003975, -17.74855740762624379 ) ) ;
#6589 = DIRECTION ( 'NONE',  ( 0.000000000000000000, 0.000000000000000000, -1.000000000000000000 ) ) ;
#6590 = AXIS2_PLACEMENT_3D ( 'NONE', #803, #6852, #751 ) ;
#6591 = VERTEX_POINT ( 'NONE', #8476 ) ;
#6592 = CARTESIAN_POINT ( 'NONE',  ( -0.3576979641961222645, -0.3200508001019938820, -7.316969629600929004 ) ) ;
#6593 = AXIS2_PLACEMENT_3D ( 'NONE', #5984, #9026, #1602 ) ;
#6594 = CARTESIAN_POINT ( 'NONE',  ( 15.94598675804316201, -0.000000000000000000, 18.28320239894949495 ) ) ;
#6595 = ORIENTED_EDGE ( 'NONE', *, *, #5059, .F. ) ;
#6596 = CARTESIAN_POINT ( 'NONE',  ( -14.59257310213707193, 2.079949199897995982, -21.14742137331580096 ) ) ;
#6597 = EDGE_LOOP ( 'NONE', ( #3852, #5109, #7306, #1144 ) ) ;
#6598 = VECTOR ( 'NONE', #2565, 1000.000000000000000 ) ;
#6599 = CARTESIAN_POINT ( 'NONE',  ( -4.516397448915184576, 3.379949199898008239, -7.469189936053055590 ) ) ;
#6600 = EDGE_CURVE ( 'NONE', #184, #6591, #6621, .T. ) ;
#6601 = EDGE_LOOP ( 'NONE', ( #9172, #7278, #663, #6427 ) ) ;
#6602 = CARTESIAN_POINT ( 'NONE',  ( -4.157332302906002752, 1.079949199897997758, 24.60120094879952646 ) ) ;
#6603 = EDGE_LOOP ( 'NONE', ( #443, #8381, #6454, #6757, #2587 ) ) ;
#6604 = AXIS2_PLACEMENT_3D ( 'NONE', #8271, #3566, #9576 ) ;
#6605 = CARTESIAN_POINT ( 'NONE',  ( -10.09368136218749434, -0.3200508001019938820, -0.03904916876710178703 ) ) ;
#6606 = ADVANCED_FACE ( 'NONE', ( #8671 ), #1792, .F. ) ;
#6607 = CIRCLE ( 'NONE', #7847, 0.9999999999999993339 ) ;
#6608 = CARTESIAN_POINT ( 'NONE',  ( 5.723990958055888534, -0.3200508001019929383, 6.389559784988759539 ) ) ;
#6609 = AXIS2_PLACEMENT_3D ( 'NONE', #3188, #936, #6944 ) ;
#6610 = CARTESIAN_POINT ( 'NONE',  ( -3.896421469364623302, 0.6799491998980070617, 11.46612989062621502 ) ) ;
#6611 = ORIENTED_EDGE ( 'NONE', *, *, #7974, .F. ) ;
#6612 = VERTEX_POINT ( 'NONE', #7743 ) ;
#6613 = CARTESIAN_POINT ( 'NONE',  ( 7.931941517259554431, 3.379949199898008239, 0.6085236808796468111 ) ) ;
#6614 = ADVANCED_FACE ( 'NONE', ( #4807 ), #7786, .T. ) ;
#6615 = CARTESIAN_POINT ( 'NONE',  ( -10.51964818076024955, -0.3200508001019928828, -5.048084026964068549 ) ) ;
#6616 = CARTESIAN_POINT ( 'NONE',  ( -4.037308022378816474, -0.5200508001019926718, -7.382142491568018272 ) ) ;
#6617 = CARTESIAN_POINT ( 'NONE',  ( 8.914647403222632605, -0.5200508001019926718, -0.4181013114181424406 ) ) ;
#6618 = CARTESIAN_POINT ( 'NONE',  ( -3.729114290800195963, 3.379949199898008239, -7.290836768216249375 ) ) ;
#6619 = ORIENTED_EDGE ( 'NONE', *, *, #8937, .T. ) ;
#6620 = CARTESIAN_POINT ( 'NONE',  ( -10.14151733200098526, 2.202959199408904833, -24.49476952643474448 ) ) ;
#6621 = CIRCLE ( 'NONE', #3769, 5.325000000000003730 ) ;
#6622 = CIRCLE ( 'NONE', #3617, 25.35000000000000497 ) ;
#6623 = CARTESIAN_POINT ( 'NONE',  ( -14.96935277873239123, 1.079949199897994205, 19.22206034945683939 ) ) ;
#6624 = CARTESIAN_POINT ( 'NONE',  ( 8.389793686857412780, 0.6799491998980070617, 2.933800455067051338 ) ) ;
#6625 = ORIENTED_EDGE ( 'NONE', *, *, #6531, .F. ) ;
#6626 = CARTESIAN_POINT ( 'NONE',  ( 4.157332302905997423, 1.079949199898004641, 24.60120094879952646 ) ) ;
#6627 = CIRCLE ( 'NONE', #4859, 3.924999999999956302 ) ;
#6628 = AXIS2_PLACEMENT_3D ( 'NONE', #620, #3608, #3455 ) ;
#6629 = CARTESIAN_POINT ( 'NONE',  ( -2.846030702774449139E-15, -6.832479122453917419, 25.19835094939760722 ) ) ;
#6630 = CARTESIAN_POINT ( 'NONE',  ( -7.875148599050266540, 3.379949199898008239, -28.15699999999999292 ) ) ;
#6631 = CARTESIAN_POINT ( 'NONE',  ( 20.70000000000011653, 80.31423269831148559, 20.69999999999988916 ) ) ;
#6632 = CARTESIAN_POINT ( 'NONE',  ( -20.87844544752097420, 0.000000000000000000, -14.37751771673020684 ) ) ;
#6633 = ORIENTED_EDGE ( 'NONE', *, *, #3581, .T. ) ;
#6634 = AXIS2_PLACEMENT_3D ( 'NONE', #871, #7653, #3030 ) ;
#6635 = EDGE_CURVE ( 'NONE', #548, #2903, #2201, .T. ) ;
#6636 = EDGE_CURVE ( 'NONE', #8455, #7265, #8528, .T. ) ;
#6637 = CARTESIAN_POINT ( 'NONE',  ( 14.31524989121682268, 2.079949199897973333, 18.46108052166259483 ) ) ;
#6638 = LINE ( 'NONE', #7457, #7876 ) ;
#6639 = CYLINDRICAL_SURFACE ( 'NONE', #2962, 3.924999999999998046 ) ;
#6640 = ORIENTED_EDGE ( 'NONE', *, *, #5179, .T. ) ;
#6641 = DIRECTION ( 'NONE',  ( -0.000000000000000000, -1.000000000000000000, -0.000000000000000000 ) ) ;
#6642 = DIRECTION ( 'NONE',  ( 0.000000000000000000, -1.000000000000000000, 0.000000000000000000 ) ) ;
#6643 = CARTESIAN_POINT ( 'NONE',  ( 20.70000000000011653, 1.079949199897997758, 14.37499999999988454 ) ) ;
#6644 = CIRCLE ( 'NONE', #6490, 2.000000000000000000 ) ;
#6645 = DIRECTION ( 'NONE',  ( -0.1666265452066536257, 0.000000000000000000, 0.9860200781081971400 ) ) ;
#6646 = DIRECTION ( 'NONE',  ( 0.000000000000000000, 0.000000000000000000, 1.000000000000000000 ) ) ;
#6647 = CARTESIAN_POINT ( 'NONE',  ( 7.515961899617468411, 0.6799491998980493612, -8.218575356859723513 ) ) ;
#6648 = CIRCLE ( 'NONE', #7264, 1.199999999999999734 ) ;
#6649 = CARTESIAN_POINT ( 'NONE',  ( -0.6172016199133234515, 2.079949199903660784, 21.38878315348259918 ) ) ;
#6650 = VERTEX_POINT ( 'NONE', #1834 ) ;
#6651 = CARTESIAN_POINT ( 'NONE',  ( -25.56626358482601091, 2.168404344971008868E-16, -5.483961129867421569 ) ) ;
#6652 = ORIENTED_EDGE ( 'NONE', *, *, #7959, .T. ) ;
#6653 = CARTESIAN_POINT ( 'NONE',  ( -5.287689757460261042, -0.5200508001019926718, 3.059931812852650257 ) ) ;
#6654 = ADVANCED_FACE ( 'NONE', ( #2611 ), #7832, .F. ) ;
#6655 = VECTOR ( 'NONE', #7419, 1000.000000000000000 ) ;
#6656 = FACE_OUTER_BOUND ( 'NONE', #5195, .T. ) ;
#6657 = ORIENTED_EDGE ( 'NONE', *, *, #6219, .T. ) ;
#6658 = CARTESIAN_POINT ( 'NONE',  ( -9.801167034621602880, 0.6799491998980070617, -7.875717742157363865 ) ) ;
#6659 = B_SPLINE_SURFACE_WITH_KNOTS ( 'NONE', 3, 1, ( 
 ( #3111, #5432 ),
 ( #3956, #7013 ),
 ( #4090, #7845 ),
 ( #8489, #911 ),
 ( #8391, #962 ),
 ( #269, #3257 ),
 ( #8539, #7649 ),
 ( #3901, #6189 ),
 ( #3168, #6971 ),
 ( #1110, #1754 ),
 ( #176, #5535 ),
 ( #6232, #1055 ),
 ( #7702, #9323 ),
 ( #6137, #9176 ),
 ( #2532, #3212 ),
 ( #7059, #6279 ),
 ( #9273, #9128 ),
 ( #4731, #2386 ),
 ( #1803, #7755 ),
 ( #1011, #2432 ),
 ( #1653, #225 ),
 ( #4774, #7797 ),
 ( #4039, #8435 ),
 ( #1700, #4678 ),
 ( #9220, #2479 ),
 ( #7114, #3995 ),
 ( #319, #5578 ),
 ( #5386, #1843 ),
 ( #6527, #3556 ),
 ( #5626, #2041 ),
 ( #413, #5777 ),
 ( #8627, #1310 ),
 ( #2770, #524 ),
 ( #4334, #1896 ),
 ( #8048, #4288 ),
 ( #6574, #4925 ),
 ( #2823, #3400 ),
 ( #1205, #369 ),
 ( #1161, #6424 ),
 ( #3354, #4182 ),
 ( #9517, #3509 ),
 ( #8778, #8833 ),
 ( #5033, #4874 ),
 ( #8729, #7310 ),
 ( #572, #2096 ),
 ( #4137, #9565 ),
 ( #5834, #5682 ),
 ( #9413, #5085 ),
 ( #7158, #5730 ),
 ( #2672, #8682 ),
 ( #8091, #1944 ),
 ( #7897, #9467 ),
 ( #7945, #1355 ),
 ( #6378, #1987 ),
 ( #7204, #465 ),
 ( #9365, #2621 ),
 ( #4973, #3456 ),
 ( #6480, #2724 ),
 ( #7994, #1256 ),
 ( #4238, #7262 ),
 ( #8326, #4383 ),
 ( #2960, #717 ),
 ( #1543, #6073 ),
 ( #3663, #2917 ),
 ( #7543, #5926 ),
 ( #5975, #5882 ),
 ( #8923, #7410 ),
 ( #2275, #3056 ),
 ( #1499, #5221 ),
 ( #7490, #2182 ),
 ( #5264, #8275 ),
 ( #672, #8188 ),
 ( #8884, #8137 ),
 ( #1405, #6722 ),
 ( #6680, #9665 ),
 ( #5128, #6029 ),
 ( #8974, #6768 ),
 ( #1595, #2234 ) ),
 .UNSPECIFIED., .F., .F., .F.,
 ( 4, 2, 2, 2, 2, 2, 2, 2, 2, 2, 2, 2, 2, 2, 2, 2, 2, 2, 2, 2, 2, 2, 2, 2, 2, 2, 2, 2, 2, 2, 2, 2, 2, 2, 2, 2, 2, 2, 4 ),
 ( 2, 2 ),
 ( 0.000000000000000000, 0.03125000000000032613, 0.04687500000000046491, 0.05468750000000051348, 0.06250000000000055511, 0.07812500000000062450, 0.09375000000000066613, 0.1093750000000007216, 0.1250000000000007772, 0.1406250000000008327, 0.1484375000000008327, 0.1562500000000008327, 0.1718750000000008604, 0.1875000000000008604, 0.2031250000000008604, 0.2187500000000008604, 0.2343750000000008604, 0.2421875000000008604, 0.2500000000000008327, 0.2656250000000009437, 0.2812500000000010547, 0.2890625000000011102, 0.2929687500000011657, 0.2968750000000012212, 0.3125000000000012768, 0.3281250000000013323, 0.3437500000000013878, 0.3593750000000014433, 0.3750000000000014433, 0.3906250000000014988, 0.3984375000000015543, 0.4062500000000015543, 0.4218750000000016098, 0.4375000000000016653, 0.4531250000000017208, 0.4687500000000017764, 0.4765625000000018319, 0.4843750000000018319, 0.5000000000000018874 ),
 ( 0.000000000000000000, 1.000000000000000000 ),
 .UNSPECIFIED. ) ;
#6660 = EDGE_LOOP ( 'NONE', ( #6801, #9702, #432, #3911 ) ) ;
#6661 = ADVANCED_FACE ( 'NONE', ( #7001 ), #4027, .T. ) ;
#6662 = CARTESIAN_POINT ( 'NONE',  ( 4.507588032077084250, -0.3200508001019929383, 9.518882741720371854 ) ) ;
#6663 = AXIS2_PLACEMENT_3D ( 'NONE', #669, #5459, #104 ) ;
#6664 = CYLINDRICAL_SURFACE ( 'NONE', #4992, 5.324999999999958433 ) ;
#6665 = ORIENTED_EDGE ( 'NONE', *, *, #3182, .F. ) ;
#6666 = CARTESIAN_POINT ( 'NONE',  ( 24.59024938363638313, 2.079949199898003975, 5.250590211483449288 ) ) ;
#6667 = CARTESIAN_POINT ( 'NONE',  ( 0.8950925900749713282, -0.5200508001019926718, -6.175718104018454113 ) ) ;
#6668 = CARTESIAN_POINT ( 'NONE',  ( 15.95652688125503538, 2.079949199898003531, -18.26724004225410525 ) ) ;
#6669 = CARTESIAN_POINT ( 'NONE',  ( -8.510433283146241479, 3.379949199898008239, -6.052744283897530941 ) ) ;
#6670 = ORIENTED_EDGE ( 'NONE', *, *, #7291, .T. ) ;
#6671 = CARTESIAN_POINT ( 'NONE',  ( 11.33888403066053918, 2.048546683534638646, 22.61170704729552483 ) ) ;
#6672 = EDGE_CURVE ( 'NONE', #4479, #69, #4692, .T. ) ;
#6673 = FACE_OUTER_BOUND ( 'NONE', #8196, .T. ) ;
#6674 = CARTESIAN_POINT ( 'NONE',  ( 6.953229004061932450, 0.6799491998980070617, 4.665888205229361319 ) ) ;
#6675 = VERTEX_POINT ( 'NONE', #259 ) ;
#6676 = CARTESIAN_POINT ( 'NONE',  ( 20.87844544752079656, 80.31423269831148559, -14.37751771673045909 ) ) ;
#6677 = EDGE_CURVE ( 'NONE', #6374, #6274, #5020, .T. ) ;
#6678 = DIRECTION ( 'NONE',  ( 0.000000000000000000, 1.000000000000000000, -0.000000000000000000 ) ) ;
#6679 = CARTESIAN_POINT ( 'NONE',  ( 14.40813922126653956, 1.079949199898004197, 19.61364848793045823 ) ) ;
#6680 = CARTESIAN_POINT ( 'NONE',  ( 9.654722577941551975, 3.379949199898008239, -3.606222225541392490 ) ) ;
#6681 = CARTESIAN_POINT ( 'NONE',  ( -20.69999999999989271, 0.000000000000000000, 15.37500000000015454 ) ) ;
#6682 = ORIENTED_EDGE ( 'NONE', *, *, #4198, .T. ) ;
#6683 = CARTESIAN_POINT ( 'NONE',  ( -13.99999999999999645, 3.379949199898008239, -25.49999999999999645 ) ) ;
#6684 = CARTESIAN_POINT ( 'NONE',  ( -13.85873403624072253, 2.079949199897994205, 18.77809241999321799 ) ) ;
#6685 = DIRECTION ( 'NONE',  ( 0.000000000000000000, -1.000000000000000000, 0.000000000000000000 ) ) ;
#6686 = VERTEX_POINT ( 'NONE', #6324 ) ;
#6687 = CARTESIAN_POINT ( 'NONE',  ( -9.845662866750824804, -0.5200508001019856774, 0.4032856144999129033 ) ) ;
#6688 = CARTESIAN_POINT ( 'NONE',  ( 13.37653512674495104, 2.079949199897998646, -21.62483335173612531 ) ) ;
#6689 = DIRECTION ( 'NONE',  ( 0.000000000000000000, 1.000000000000000000, 0.000000000000000000 ) ) ;
#6690 = CARTESIAN_POINT ( 'NONE',  ( -15.80176114734823223, 1.079949199897997758, -18.87582460135801909 ) ) ;
#6691 = DIRECTION ( 'NONE',  ( 0.000000000000000000, 0.000000000000000000, -1.000000000000000000 ) ) ;
#6692 =( BOUNDED_SURFACE ( )  B_SPLINE_SURFACE ( 3, 2, ( 
 ( #4503, #5356, #9008 ),
 ( #5300, #4560, #7580 ),
 ( #2265, #704, #846 ),
 ( #8957, #1443, #2168 ),
 ( #5252, #661, #4417 ),
 ( #6848, #6668, #8224 ),
 ( #6710, #9654, #2221 ),
 ( #5209, #1488, #4459 ),
 ( #746, #6755, #1530 ),
 ( #9195, #887, #9341 ),
 ( #987, #2453, #4604 ),
 ( #345, #290, #3332 ),
 ( #1030, #3973, #7087 ),
 ( #6208, #8559, #4012 ),
 ( #1672, #5408, #1779 ),
 ( #199, #2408, #3877 ),
 ( #6355, #2506, #9243 ),
 ( #6989, #6891, #7727 ),
 ( #145, #7624, #245 ),
 ( #3139, #2597, #9300 ),
 ( #8411, #5599, #5508 ),
 ( #2555, #1628, #7772 ),
 ( #6162, #7032, #1726 ),
 ( #5554, #8514, #5452 ),
 ( #3927, #9151, #8461 ),
 ( #1821, #4649, #7672 ) ),
 .UNSPECIFIED., .F., .F., .T. ) 
 B_SPLINE_SURFACE_WITH_KNOTS ( ( 4, 2, 2, 2, 2, 2, 2, 2, 2, 2, 2, 2, 4 ),
 ( 3, 3 ),
 ( 0.01341185865557294535, 0.01341856610880610978, 0.01341940454046025577, 0.01342024297211440176, 0.01342191983542269200, 0.01342527356203927422, 0.01343868846850560135, 0.01346551828143825735, 0.01351917790730356936, 0.01362649715903419337, 0.01384113566249544139, 0.01427041266941793916, 0.01512896668326293298 ),
 ( 0.000000000000000000, 1.000000000000000000 ),
 .UNSPECIFIED. ) 
 GEOMETRIC_REPRESENTATION_ITEM ( )  RATIONAL_B_SPLINE_SURFACE ( (
 ( 1.000000000000000000, 0.7071067811865474617, 1.000000000000000000),
 ( 1.000000000000000000, 0.7071067811865474617, 1.000000000000000000),
 ( 1.000000000000000000, 0.7071067811865480168, 1.000000000000000000),
 ( 1.000000000000000000, 0.7071067811865480168, 1.000000000000000000),
 ( 1.000000000000000000, 0.7071067811865480168, 1.000000000000000000),
 ( 1.000000000000000000, 0.7071067811865480168, 1.000000000000000000),
 ( 1.000000000000000000, 0.7071067811865474617, 1.000000000000000000),
 ( 1.000000000000000000, 0.7071067811865474617, 1.000000000000000000),
 ( 1.000000000000000000, 0.7071067811865454633, 1.000000000000000000),
 ( 1.000000000000000000, 0.7071067811865454633, 1.000000000000000000),
 ( 1.000000000000000000, 0.7071067811865484609, 1.000000000000000000),
 ( 1.000000000000000000, 0.7071067811865484609, 1.000000000000000000),
 ( 1.000000000000000000, 0.7071067811865484609, 1.000000000000000000),
 ( 1.000000000000000000, 0.7071067811865484609, 1.000000000000000000),
 ( 1.000000000000000000, 0.7071067811865484609, 1.000000000000000000),
 ( 1.000000000000000000, 0.7071067811865484609, 1.000000000000000000),
 ( 1.000000000000000000, 0.7071067811865460184, 1.000000000000000000),
 ( 1.000000000000000000, 0.7071067811865460184, 1.000000000000000000),
 ( 1.000000000000000000, 0.7071067811865514585, 1.000000000000000000),
 ( 1.000000000000000000, 0.7071067811865514585, 1.000000000000000000),
 ( 1.000000000000000000, 0.7071067811865480168, 1.000000000000000000),
 ( 1.000000000000000000, 0.7071067811865480168, 1.000000000000000000),
 ( 1.000000000000000000, 0.7071067811865480168, 1.000000000000000000),
 ( 1.000000000000000000, 0.7071067811865480168, 1.000000000000000000),
 ( 1.000000000000000000, 0.7071067811865470176, 1.000000000000000000),
 ( 1.000000000000000000, 0.7071067811865470176, 1.000000000000000000) ) ) 
 REPRESENTATION_ITEM ( '' )  SURFACE ( )  );
#6693 = CARTESIAN_POINT ( 'NONE',  ( 8.618307363639093666, 0.6799491998980070617, -8.771950881102180020 ) ) ;
#6694 = APPLICATION_CONTEXT ( 'automotive_design' ) ;
#6695 = CARTESIAN_POINT ( 'NONE',  ( 15.86350251843119530, -2.081668171172168513E-14, 18.38856825290307384 ) ) ;
#6696 = ORIENTED_EDGE ( 'NONE', *, *, #4640, .T. ) ;
#6697 = FACE_OUTER_BOUND ( 'NONE', #9495, .T. ) ;
#6698 = B_SPLINE_CURVE_WITH_KNOTS ( 'NONE', 3,
 ( #8825, #4280, #5723, #8084 ),
 .UNSPECIFIED., .F., .F.,
 ( 4, 4 ),
 ( 0.000000000000000000, 1.000000000000000000 ),
 .UNSPECIFIED. ) ;
#6699 = ORIENTED_EDGE ( 'NONE', *, *, #7063, .T. ) ;
#6700 = EDGE_CURVE ( 'NONE', #4576, #7697, #405, .T. ) ;
#6701 = DIRECTION ( 'NONE',  ( 0.000000000000000000, 0.000000000000000000, -1.000000000000000000 ) ) ;
#6702 = CARTESIAN_POINT ( 'NONE',  ( -11.77962867297227056, 0.6799491998980070617, -4.275002848821764623 ) ) ;
#6703 = CARTESIAN_POINT ( 'NONE',  ( -1.944230989210532279, -0.3200508001019929383, 11.36439722028440968 ) ) ;
#6704 = CARTESIAN_POINT ( 'NONE',  ( 9.825793978701543807, -0.3200508001019929383, -6.330447583906136266 ) ) ;
#6705 = CARTESIAN_POINT ( 'NONE',  ( -5.964385371679430392, 0.6799491998980081719, 4.478475350074480055 ) ) ;
#6706 = ORIENTED_EDGE ( 'NONE', *, *, #3161, .F. ) ;
#6707 = CARTESIAN_POINT ( 'NONE',  ( -3.580050578086058088, 3.379949199898008239, 8.757862307282868741 ) ) ;
#6708 = B_SPLINE_CURVE_WITH_KNOTS ( 'NONE', 3,
 ( #3997, #81, #5435, #7562 ),
 .UNSPECIFIED., .F., .F.,
 ( 4, 4 ),
 ( 0.8660119559020433844, 1.000000000000000000 ),
 .UNSPECIFIED. ) ;
#6709 = EDGE_CURVE ( 'NONE', #6712, #7179, #4226, .T. ) ;
#6710 = CARTESIAN_POINT ( 'NONE',  ( 15.95528597530399750, 1.079949199897995760, -18.26902398255763771 ) ) ;
#6711 = CARTESIAN_POINT ( 'NONE',  ( -7.063103060896724017, 3.379949199898008239, -7.098525712928863918 ) ) ;
#6712 = VERTEX_POINT ( 'NONE', #2522 ) ;
#6713 = CARTESIAN_POINT ( 'NONE',  ( 1.905256537439542264, 0.000000000000000000, -1.100000374765998323 ) ) ;
#6714 = CARTESIAN_POINT ( 'NONE',  ( 8.423076504660944153, -0.5200508001019787940, 1.740938572024818498 ) ) ;
#6715 = CARTESIAN_POINT ( 'NONE',  ( 6.345226357604201617, 0.6799491998980287111, 3.612160261390058746 ) ) ;
#6716 = ORIENTED_EDGE ( 'NONE', *, *, #5393, .T. ) ;
#6717 = CARTESIAN_POINT ( 'NONE',  ( 0.4261982074763355222, 2.148386043237848764, 22.42885553537557897 ) ) ;
#6718 = DIRECTION ( 'NONE',  ( -0.000000000000000000, -1.000000000000000000, -0.000000000000000000 ) ) ;
#6719 = ADVANCED_FACE ( 'NONE', ( #5523 ), #1731, .F. ) ;
#6720 = AXIS2_PLACEMENT_3D ( 'NONE', #7955, #378, #1907 ) ;
#6721 = DIRECTION ( 'NONE',  ( 0.000000000000000000, 0.000000000000000000, 1.000000000000000000 ) ) ;
#6722 = CARTESIAN_POINT ( 'NONE',  ( 9.673845272167200804, -0.5200508001019926718, -3.448698917444567691 ) ) ;
#6723 = DIRECTION ( 'NONE',  ( 0.000000000000000000, 0.000000000000000000, -1.000000000000000000 ) ) ;
#6724 = ORIENTED_EDGE ( 'NONE', *, *, #5318, .F. ) ;
#6725 = ADVANCED_FACE ( 'NONE', ( #1096 ), #1396, .T. ) ;
#6726 = CARTESIAN_POINT ( 'NONE',  ( -8.102021880671902210, 2.079949199898003975, -19.89329791539565662 ) ) ;
#6727 = DIRECTION ( 'NONE',  ( 0.000000000000000000, -1.000000000000000000, -0.000000000000000000 ) ) ;
#6728 = AXIS2_PLACEMENT_3D ( 'NONE', #3453, #6477, #2721 ) ;
#6729 = PLANE ( 'NONE',  #2335 ) ;
#6730 = VERTEX_POINT ( 'NONE', #1935 ) ;
#6731 = CARTESIAN_POINT ( 'NONE',  ( -10.66523940634287548, -0.5200508001019856774, -1.036196501816243121 ) ) ;
#6732 = CARTESIAN_POINT ( 'NONE',  ( -25.53199140013545687, 1.079949199897995760, -5.720350933742665234 ) ) ;
#6733 = B_SPLINE_SURFACE_WITH_KNOTS ( 'NONE', 3, 1, ( 
 ( #8691, #1266 ),
 ( #4296, #2778 ),
 ( #7854, #5787 ),
 ( #5043, #8789 ) ),
 .UNSPECIFIED., .F., .F., .F.,
 ( 4, 4 ),
 ( 2, 2 ),
 ( 0.000000000000000000, 1.000000000000000000 ),
 ( 0.000000000000000000, 1.000000000000000000 ),
 .UNSPECIFIED. ) ;
#6734 = ADVANCED_FACE ( 'NONE', ( #9613 ), #8875, .T. ) ;
#6735 = CARTESIAN_POINT ( 'NONE',  ( 26.95154657449993607, 3.379949199898008239, -5.685502984223918865 ) ) ;
#6736 = CARTESIAN_POINT ( 'NONE',  ( 15.92528236285698995, 1.079949199900551271, 18.31143984621661502 ) ) ;
#6737 = AXIS2_PLACEMENT_3D ( 'NONE', #7759, #4631, #3909 ) ;
#6738 = CARTESIAN_POINT ( 'NONE',  ( 9.857069655021426513, 0.6799491998980070617, -7.821981000933717176 ) ) ;
#6739 = LINE ( 'NONE', #9726, #8206 ) ;
#6740 = ORIENTED_EDGE ( 'NONE', *, *, #9397, .T. ) ;
#6741 = CARTESIAN_POINT ( 'NONE',  ( 25.57847377689379442, 1.079949199897997758, 5.403601807681492453 ) ) ;
#6742 = AXIS2_PLACEMENT_3D ( 'NONE', #251, #8564, #9248 ) ;
#6743 = ORIENTED_EDGE ( 'NONE', *, *, #745, .T. ) ;
#6744 = CARTESIAN_POINT ( 'NONE',  ( -5.362466863799540739, 3.379949199898008239, 2.933921699987145804 ) ) ;
#6745 = DIRECTION ( 'NONE',  ( -0.000000000000000000, 1.000000000000000000, -0.000000000000000000 ) ) ;
#6746 = CARTESIAN_POINT ( 'NONE',  ( -8.083480129699115224, 0.6799491998979659835, -7.921517177475186244 ) ) ;
#6747 = VECTOR ( 'NONE', #6181, 1000.000000000000000 ) ;
#6748 = EDGE_CURVE ( 'NONE', #6198, #4926, #8324, .T. ) ;
#6749 = CARTESIAN_POINT ( 'NONE',  ( 5.793084365234557609, -0.3200508001019929383, 5.188269200172369366 ) ) ;
#6750 = FACE_OUTER_BOUND ( 'NONE', #4448, .T. ) ;
#6751 = CARTESIAN_POINT ( 'NONE',  ( -6.763045913093242767, 0.6799491998980070617, 5.477018608066645200 ) ) ;
#6752 = ORIENTED_EDGE ( 'NONE', *, *, #3321, .F. ) ;
#6753 = DIRECTION ( 'NONE',  ( -0.4999999999999942268, -0.000000000000000000, 0.8660254037844420383 ) ) ;
#6754 = TOROIDAL_SURFACE ( 'NONE', #2650, 6.324999999999958433, 1.000000000000000000 ) ;
#6755 = CARTESIAN_POINT ( 'NONE',  ( 15.95089512100502915, 2.079949199898054601, -18.27526916737406992 ) ) ;
#6756 = CARTESIAN_POINT ( 'NONE',  ( -2.922307743786626055, 3.379949199898008239, -6.918744034654288555 ) ) ;
#6757 = ORIENTED_EDGE ( 'NONE', *, *, #6401, .F. ) ;
#6758 = CARTESIAN_POINT ( 'NONE',  ( -9.799999999999997158, 0.000000000000000000, 0.000000000000000000 ) ) ;
#6759 = AXIS2_PLACEMENT_3D ( 'NONE', #4451, #4408, #2161 ) ;
#6760 = AXIS2_PLACEMENT_3D ( 'NONE', #2143, #2677, #5686 ) ;
#6761 = CARTESIAN_POINT ( 'NONE',  ( 5.739878136054203495, -0.3200508001019800042, 5.676660058606021408 ) ) ;
#6762 = CARTESIAN_POINT ( 'NONE',  ( 5.727915463211664004, 0.6799491998980078389, 6.137414963941974833 ) ) ;
#6763 = ORIENTED_EDGE ( 'NONE', *, *, #6570, .F. ) ;
#6764 = CARTESIAN_POINT ( 'NONE',  ( 14.88316527472232131, 1.496977014985647836, -20.96950321024600683 ) ) ;
#6765 = CARTESIAN_POINT ( 'NONE',  ( -15.95861550454950439, 1.342616256272652020, 18.21901633764404593 ) ) ;
#6766 = EDGE_CURVE ( 'NONE', #7403, #8802, #8574, .T. ) ;
#6767 = DIRECTION ( 'NONE',  ( -0.000000000000000000, 1.000000000000000000, -0.000000000000000000 ) ) ;
#6768 = CARTESIAN_POINT ( 'NONE',  ( 9.484200166192009007, -0.5200508001019926718, -4.383175536709030595 ) ) ;
#6769 = AXIS2_PLACEMENT_3D ( 'NONE', #6344, #7806, #233 ) ;
#6770 = ORIENTED_EDGE ( 'NONE', *, *, #6748, .F. ) ;
#6771 = CARTESIAN_POINT ( 'NONE',  ( 15.12853249046251491, 2.079949199898003975, 17.70594342235027696 ) ) ;
#6772 = ORIENTED_EDGE ( 'NONE', *, *, #8184, .F. ) ;
#6773 = DIRECTION ( 'NONE',  ( -0.000000000000000000, 1.000000000000000000, -0.000000000000000000 ) ) ;
#6774 = CARTESIAN_POINT ( 'NONE',  ( -3.761395893105431654, 1.079949199897997758, 24.65807237742791358 ) ) ;
#6775 = EDGE_CURVE ( 'NONE', #6987, #214, #6923, .T. ) ;
#6776 = CIRCLE ( 'NONE', #7238, 2.800000000000000266 ) ;
#6778 = CARTESIAN_POINT ( 'NONE',  ( -8.029586376685230675, -0.5200508001019920057, 1.980782904847790293 ) ) ;
#6777 = VECTOR ( 'NONE', #2929, 1000.000000000000000 ) ;
#6779 = EDGE_LOOP ( 'NONE', ( #4205, #3786, #5372, #7287 ) ) ;
#6780 = DIRECTION ( 'NONE',  ( -0.000000000000000000, -1.000000000000000000, 0.000000000000000000 ) ) ;
#6781 = DIRECTION ( 'NONE',  ( -0.000000000000000000, -1.000000000000000000, 0.000000000000000000 ) ) ;
#6782 = DIRECTION ( 'NONE',  ( 0.000000000000000000, 0.000000000000000000, -1.000000000000000000 ) ) ;
#6783 = CARTESIAN_POINT ( 'NONE',  ( 0.000000000000000000, 3.379949199898008239, 0.000000000000000000 ) ) ;
#6784 = DIRECTION ( 'NONE',  ( -0.000000000000000000, 1.000000000000000000, -0.000000000000000000 ) ) ;
#6785 = DIRECTION ( 'NONE',  ( 0.000000000000000000, 0.000000000000000000, 1.000000000000000000 ) ) ;
#6786 = EDGE_CURVE ( 'NONE', #9499, #8424, #5335, .T. ) ;
#6787 = CARTESIAN_POINT ( 'NONE',  ( 0.1308491683701155928, 2.050511788409225655, 21.19432206780045647 ) ) ;
#6788 = TOROIDAL_SURFACE ( 'NONE', #3640, 25.35000000000000497, 1.000000000000000000 ) ;
#6789 = ORIENTED_EDGE ( 'NONE', *, *, #3993, .F. ) ;
#6790 = CARTESIAN_POINT ( 'NONE',  ( 25.85543165984236680, 1.079949199897997758, 3.614871132128897546 ) ) ;
#6791 = ORIENTED_EDGE ( 'NONE', *, *, #6417, .F. ) ;
#6792 = FACE_OUTER_BOUND ( 'NONE', #5148, .T. ) ;
#6793 = CARTESIAN_POINT ( 'NONE',  ( 1.041218060835157555, -0.3200508001019929383, -7.425983155092272803 ) ) ;
#6794 = B_SPLINE_CURVE_WITH_KNOTS ( 'NONE', 3,
 ( #3256, #5625, #6970, #6335, #7844, #9272, #4873, #2531, #3211, #4136, #8538, #1160, #6423, #9322 ),
 .UNSPECIFIED., .F., .F.,
 ( 4, 2, 2, 2, 2, 2, 4 ),
 ( 0.000000000000000000, 0.2502111565946476546, 0.3751491991008333304, 0.5000872416070190063, 0.7497395533542925428, 0.8748697766771462714, 1.000000000000000000 ),
 .UNSPECIFIED. ) ;
#6795 = LINE ( 'NONE', #1379, #8797 ) ;
#6796 = CARTESIAN_POINT ( 'NONE',  ( -10.90240862553303991, -0.3200508001019938820, -3.122014816257317360 ) ) ;
#6797 = CIRCLE ( 'NONE', #9142, 3.925000000000004707 ) ;
#6798 = CARTESIAN_POINT ( 'NONE',  ( 8.060665229247183206, -0.3200508001019929383, 1.963735426581471932 ) ) ;
#6799 = DIRECTION ( 'NONE',  ( 0.000000000000000000, 0.000000000000000000, -1.000000000000000000 ) ) ;
#6800 = CARTESIAN_POINT ( 'NONE',  ( -5.770622548323491863, -0.3200508001019938820, 5.351989745959945921 ) ) ;
#6801 = ORIENTED_EDGE ( 'NONE', *, *, #1563, .F. ) ;
#6802 = CARTESIAN_POINT ( 'NONE',  ( 8.530788704135732203, -0.5200508001019926718, -6.029881035023462843 ) ) ;
#6803 = CIRCLE ( 'NONE', #198, 5.325000000000003730 ) ;
#6804 = EDGE_CURVE ( 'NONE', #7724, #3449, #4278, .T. ) ;
#6805 = CARTESIAN_POINT ( 'NONE',  ( -6.326916435308330477, -0.5200508001019920057, 3.659938406190045956 ) ) ;
#6806 = CARTESIAN_POINT ( 'NONE',  ( 1.524344450334443213, 3.379949199898008239, -6.317649405433848564 ) ) ;
#6807 = EDGE_LOOP ( 'NONE', ( #889, #4290, #6763, #9148, #6109 ) ) ;
#6808 = EDGE_CURVE ( 'NONE', #5586, #5505, #4325, .T. ) ;
#6809 = CARTESIAN_POINT ( 'NONE',  ( -2.846030702774449139E-15, 0.000000000000000000, 25.19835094939760722 ) ) ;
#6810 = AXIS2_PLACEMENT_3D ( 'NONE', #2957, #2136, #4284 ) ;
#6811 = CARTESIAN_POINT ( 'NONE',  ( 9.686114566101197809, -0.3200508001019800042, 0.6089246578559808221 ) ) ;
#6812 = CARTESIAN_POINT ( 'NONE',  ( 5.729725233688882646, 0.6799491998980078389, 6.019831251472790079 ) ) ;
#6813 = DIRECTION ( 'NONE',  ( 0.000000000000000000, 1.000000000000000000, 0.000000000000000000 ) ) ;
#6814 = DIRECTION ( 'NONE',  ( 0.000000000000000000, 0.000000000000000000, -1.000000000000000000 ) ) ;
#6815 = DIRECTION ( 'NONE',  ( 0.000000000000000000, 0.000000000000000000, 1.000000000000000000 ) ) ;
#6816 = EDGE_CURVE ( 'NONE', #5551, #5309, #7550, .T. ) ;
#6817 = DIRECTION ( 'NONE',  ( 0.8660254037844425934, 0.000000000000000000, -0.4999999999999933942 ) ) ;
#6818 = CARTESIAN_POINT ( 'NONE',  ( 24.77943190639377491, 0.000000000000000000, -8.961152514961149507 ) ) ;
#6819 = ORIENTED_EDGE ( 'NONE', *, *, #4285, .T. ) ;
#6820 = CARTESIAN_POINT ( 'NONE',  ( -8.102021880671902210, 0.6799491998980041751, 0.000000000000000000 ) ) ;
#6821 = EDGE_LOOP ( 'NONE', ( #7359, #1861, #2276, #1333 ) ) ;
#6822 = DIRECTION ( 'NONE',  ( 0.000000000000000000, 0.000000000000000000, -1.000000000000000000 ) ) ;
#6823 = CARTESIAN_POINT ( 'NONE',  ( 15.75262464466549517, 1.079949199898053269, -18.51837490829983324 ) ) ;
#6824 = CARTESIAN_POINT ( 'NONE',  ( -4.336944746455612787, -0.5200508001019920057, -8.678943244958029268 ) ) ;
#6825 = EDGE_LOOP ( 'NONE', ( #306, #2235, #5358, #3791 ) ) ;
#6826 = CARTESIAN_POINT ( 'NONE',  ( -7.002861641453975494, -0.3200508001019800042, -8.518034572794224601 ) ) ;
#6827 = ORIENTED_EDGE ( 'NONE', *, *, #5088, .F. ) ;
#6828 = CARTESIAN_POINT ( 'NONE',  ( 10.68223522187147445, 0.000000000000000000, 22.90217264361946548 ) ) ;
#6829 = FACE_OUTER_BOUND ( 'NONE', #8651, .T. ) ;
#6830 = CARTESIAN_POINT ( 'NONE',  ( 14.79177809833712409, 0.000000000000000000, 19.36139349711889679 ) ) ;
#6831 = CARTESIAN_POINT ( 'NONE',  ( 10.12095088678312749, 0.6799491998980070617, -7.534164092150738234 ) ) ;
#6832 = DIRECTION ( 'NONE',  ( 0.000000000000000000, 0.000000000000000000, -1.000000000000000000 ) ) ;
#6833 = CARTESIAN_POINT ( 'NONE',  ( -25.55417503713363914, 0.000000000000000000, 5.560535066265984483 ) ) ;
#6834 = CARTESIAN_POINT ( 'NONE',  ( 25.58672029201543552, 1.079949199897997980, -5.350348029190032051 ) ) ;
#6835 = ORIENTED_EDGE ( 'NONE', *, *, #645, .F. ) ;
#6836 = CARTESIAN_POINT ( 'NONE',  ( 14.47793423166683624, 0.000000000000000000, 21.44763243253714435 ) ) ;
#6837 = CARTESIAN_POINT ( 'NONE',  ( 4.493075651196694054, -0.5200508001019926718, -7.465653863131326951 ) ) ;
#6838 = EDGE_CURVE ( 'NONE', #5978, #8596, #3500, .T. ) ;
#6839 = CARTESIAN_POINT ( 'NONE',  ( 0.000000000000000000, 2.079949199898003975, 0.000000000000000000 ) ) ;
#6840 = CARTESIAN_POINT ( 'NONE',  ( -8.361216038714875509, 0.6799491998980070617, -7.747313234508367508 ) ) ;
#6841 = EDGE_CURVE ( 'NONE', #8596, #8874, #3294, .T. ) ;
#6842 = B_SPLINE_CURVE_WITH_KNOTS ( 'NONE', 3,
 ( #3307, #5575, #460, #4233, #6375, #5530 ),
 .UNSPECIFIED., .F., .F.,
 ( 4, 2, 4 ),
 ( 1.084202172485504434E-18, 0.0005916913565086520102, 0.001183382713017302936 ),
 .UNSPECIFIED. ) ;
#6843 = DIRECTION ( 'NONE',  ( 0.000000000000000000, 1.000000000000000000, -0.000000000000000000 ) ) ;
#6844 = CARTESIAN_POINT ( 'NONE',  ( 21.00285463593954915, 80.31423269831148559, -16.78670163806940252 ) ) ;
#6845 = CARTESIAN_POINT ( 'NONE',  ( -5.770622540152547941, 0.6799491998980070617, 5.351989744737743138 ) ) ;
#6846 = VERTEX_POINT ( 'NONE', #9508 ) ;
#6847 = CARTESIAN_POINT ( 'NONE',  ( 9.244757968653246394, 3.379949199898008239, -4.975898252075503514 ) ) ;
#6848 = CARTESIAN_POINT ( 'NONE',  ( 15.95652824986988705, 1.079949199898003309, -18.26724099330769491 ) ) ;
#6849 = CARTESIAN_POINT ( 'NONE',  ( 4.179607525701810822, 3.379949199898008239, -7.407162139870888673 ) ) ;
#6850 = ORIENTED_EDGE ( 'NONE', *, *, #1983, .F. ) ;
#6851 = CARTESIAN_POINT ( 'NONE',  ( -21.15717546953952422, 0.000000000000000000, -16.79266425619360348 ) ) ;
#6852 = DIRECTION ( 'NONE',  ( 0.000000000000000000, -1.000000000000000000, 0.000000000000000000 ) ) ;
#6853 = CARTESIAN_POINT ( 'NONE',  ( 6.841039392329581581, 0.6799491998980070617, 5.054346878880682681 ) ) ;
#6854 = CARTESIAN_POINT ( 'NONE',  ( 22.43637778381110337, 3.379949199898008239, 16.33007813643608586 ) ) ;
#6855 = CARTESIAN_POINT ( 'NONE',  ( -25.53225591987493814, 2.079949199907611845, 5.718486702945952516 ) ) ;
#6856 = CARTESIAN_POINT ( 'NONE',  ( -15.55604586184136195, 1.954545243978482727, 17.97074926554017793 ) ) ;
#6857 = CARTESIAN_POINT ( 'NONE',  ( 25.55787239625529139, 2.125036258071588691E-14, 5.540195661379864411 ) ) ;
#6858 = CARTESIAN_POINT ( 'NONE',  ( -6.727389257092006858, 0.6799491998980069507, 6.176844175138924697 ) ) ;
#6859 = EDGE_LOOP ( 'NONE', ( #6868, #8426, #1329, #6524 ) ) ;
#6860 = DIRECTION ( 'NONE',  ( 0.000000000000000000, -1.000000000000000000, 0.000000000000000000 ) ) ;
#6861 = ORIENTED_EDGE ( 'NONE', *, *, #8685, .T. ) ;
#6862 = CARTESIAN_POINT ( 'NONE',  ( 15.84855203909045152, 1.079949199898053491, -18.41902226998108105 ) ) ;
#6863 = DIRECTION ( 'NONE',  ( 0.9898410245014288567, 0.000000000000000000, 0.1421785715709708853 ) ) ;
#6864 = EDGE_CURVE ( 'NONE', #719, #8680, #7508, .T. ) ;
#6865 = DIRECTION ( 'NONE',  ( 0.000000000000000000, 0.000000000000000000, -1.000000000000000000 ) ) ;
#6866 = VERTEX_POINT ( 'NONE', #8769 ) ;
#6867 = CARTESIAN_POINT ( 'NONE',  ( 2.046106017933627896, -0.3200508001019800042, -7.804081052735636348 ) ) ;
#6868 = ORIENTED_EDGE ( 'NONE', *, *, #845, .F. ) ;
#6869 = CARTESIAN_POINT ( 'NONE',  ( 15.88001975375729202, 1.523728684973525871, 18.19989321080924682 ) ) ;
#6870 = CARTESIAN_POINT ( 'NONE',  ( 26.96161968753905569, 3.379949199898008239, -5.620435433936791014 ) ) ;
#6871 = CARTESIAN_POINT ( 'NONE',  ( 15.17887324216674294, 1.079949199900551271, 19.06130870443213254 ) ) ;
#6872 = CARTESIAN_POINT ( 'NONE',  ( 0.1230881901990263788, 0.6799491998980071727, -8.307128772650052895 ) ) ;
#6873 = CIRCLE ( 'NONE', #8129, 25.35000000000000497 ) ;
#6874 = CARTESIAN_POINT ( 'NONE',  ( 13.85873403624069056, 1.079949199898004197, 18.77809241999323575 ) ) ;
#6875 = CARTESIAN_POINT ( 'NONE',  ( 1.905255239212023222, 0.000000000000000000, -1.099999625233993639 ) ) ;
#6876 = FACE_OUTER_BOUND ( 'NONE', #7212, .T. ) ;
#6877 = DIRECTION ( 'NONE',  ( -0.000000000000000000, 1.000000000000000000, -0.000000000000000000 ) ) ;
#6878 = ORIENTED_EDGE ( 'NONE', *, *, #7776, .F. ) ;
#6879 = CARTESIAN_POINT ( 'NONE',  ( 5.334036702493039961, -0.3200508001019928828, -8.721553847642528723 ) ) ;
#6880 = CARTESIAN_POINT ( 'NONE',  ( -2.707815643084619417, -0.5200508001019926718, -6.800786287622671011 ) ) ;
#6881 = EDGE_CURVE ( 'NONE', #5793, #675, #2031, .T. ) ;
#6882 = CARTESIAN_POINT ( 'NONE',  ( 7.829487298332922229, 80.31423269831148559, 24.11061236562114729 ) ) ;
#6883 = CARTESIAN_POINT ( 'NONE',  ( -2.524357604266972199, -0.3200508001019938820, -8.067172559362031592 ) ) ;
#6884 = B_SPLINE_SURFACE_WITH_KNOTS ( 'NONE', 3, 1, ( 
 ( #8180, #7447 ),
 ( #2313, #3696 ),
 ( #9659, #5919 ),
 ( #102, #8916 ),
 ( #6811, #7586 ),
 ( #5256, #14 ),
 ( #3794, #6714 ),
 ( #3050, #6065 ),
 ( #2174, #5167 ),
 ( #1447, #9699 ),
 ( #9055, #4464 ),
 ( #2953, #5306 ),
 ( #8964, #5214 ),
 ( #8318, #4564 ),
 ( #8228, #3091 ),
 ( #1492, #7484 ),
 ( #6761, #3005 ),
 ( #1087, #1784 ),
 ( #349, #3337 ),
 ( #4070, #7038 ),
 ( #4608, #5559 ),
 ( #296, #6896 ),
 ( #5413, #3289 ),
 ( #152, #8415 ),
 ( #9105, #204 ),
 ( #9155, #1826 ),
 ( #4709, #7092 ),
 ( #7777, #3192 ),
 ( #891, #6315 ),
 ( #6213, #2559 ),
 ( #3882, #4797 ),
 ( #7677, #3146 ),
 ( #8518, #7824 ),
 ( #6993, #2512 ),
 ( #7628, #5456 ),
 ( #1633, #2363 ),
 ( #5361, #6166 ),
 ( #1676, #7732 ),
 ( #2412, #4653 ) ),
 .UNSPECIFIED., .F., .F., .F.,
 ( 4, 1, 1, 1, 1, 1, 1, 1, 1, 1, 1, 1, 1, 1, 1, 1, 1, 1, 1, 1, 1, 1, 1, 1, 1, 1, 1, 1, 1, 1, 1, 1, 1, 1, 1, 1, 4 ),
 ( 2, 2 ),
 ( 0.5000000000000000000, 0.5312500000000000000, 0.5625000000000000000, 0.5781250000000000000, 0.5937500000000000000, 0.6015625000000000000, 0.6054687500000000000, 0.6093750000000000000, 0.6171875000000000000, 0.6250000000000000000, 0.6406250000000000000, 0.6562500000000000000, 0.6718750000000000000, 0.6875000000000000000, 0.6953125000000000000, 0.7031250000000000000, 0.7070312500000000000, 0.7109375000000000000, 0.7148437500000000000, 0.7187500000000000000, 0.7343750000000000000, 0.7500000000000000000, 0.7656250000000000000, 0.7812500000000000000, 0.8125000000000000000, 0.8437500000000000000, 0.8750000000000000000, 0.9062500000000000000, 0.9218750000000000000, 0.9375000000000000000, 0.9414062500000000000, 0.9453125000000000000, 0.9531250000000000000, 0.9609375000000000000, 0.9687500000000000000, 0.9843750000000000000, 1.000000000000000000 ),
 ( 0.000000000000000000, 1.000000000000000000 ),
 .UNSPECIFIED. ) ;
#6885 = CARTESIAN_POINT ( 'NONE',  ( 27.21330090588120854, 3.379949199898008239, -3.756234096847764548 ) ) ;
#6886 = CARTESIAN_POINT ( 'NONE',  ( 9.709441378516881826, 2.472690318980951485, -25.01164809416172474 ) ) ;
#6887 = CARTESIAN_POINT ( 'NONE',  ( 15.79578456944829945, 2.079949199897992429, 18.46706611945322862 ) ) ;
#6888 = AXIS2_PLACEMENT_3D ( 'NONE', #2334, #8247, #1421 ) ;
#6889 = ORIENTED_EDGE ( 'NONE', *, *, #1412, .T. ) ;
#6890 = CARTESIAN_POINT ( 'NONE',  ( 2.832149739430405599, 3.379949199898008239, 9.513638862070582292 ) ) ;
#6891 = CARTESIAN_POINT ( 'NONE',  ( 15.79532615413661389, 2.079949199897278334, -18.46757971641300600 ) ) ;
#6892 = DIRECTION ( 'NONE',  ( -0.000000000000000000, -1.000000000000000000, -0.000000000000000000 ) ) ;
#6893 = VERTEX_POINT ( 'NONE', #8823 ) ;
#6894 = AXIS2_PLACEMENT_3D ( 'NONE', #4174, #406, #614 ) ;
#6895 = LINE ( 'NONE', #6713, #4234 ) ;
#6896 = CARTESIAN_POINT ( 'NONE',  ( 5.425963380943364278, -0.5200508001019787940, 7.933408028067268525 ) ) ;
#6897 = EDGE_CURVE ( 'NONE', #8328, #9429, #1771, .T. ) ;
#6898 = CARTESIAN_POINT ( 'NONE',  ( 1.257057186748969935, 0.6799491998980070617, 12.57808595582112332 ) ) ;
#6899 = VECTOR ( 'NONE', #3479, 1000.000000000000000 ) ;
#6900 = DIRECTION ( 'NONE',  ( -0.4999999999999933387, 0.000000000000000000, -0.8660254037844424824 ) ) ;
#6901 = CARTESIAN_POINT ( 'NONE',  ( 21.15717546953937855, 80.31423269831148559, -14.79266425619381486 ) ) ;
#6902 = CARTESIAN_POINT ( 'NONE',  ( -15.18169809385222102, 2.079949199897971557, 17.74339171256881542 ) ) ;
#6903 = CIRCLE ( 'NONE', #2812, 20.00000000000000000 ) ;
#6904 = CARTESIAN_POINT ( 'NONE',  ( -16.48743823117441210, 1.079949199897997758, -17.44270843432327212 ) ) ;
#6905 = LINE ( 'NONE', #108, #5622 ) ;
#6906 = ORIENTED_EDGE ( 'NONE', *, *, #6635, .T. ) ;
#6907 = CARTESIAN_POINT ( 'NONE',  ( 15.34178420328348125, 2.047872779217683181, 17.85436662370553407 ) ) ;
#6908 = AXIS2_PLACEMENT_3D ( 'NONE', #2392, #5394, #8397 ) ;
#6909 = DIRECTION ( 'NONE',  ( 0.000000000000000000, 0.7071067811865510144, 0.7071067811865441310 ) ) ;
#6910 = CIRCLE ( 'NONE', #5909, 0.5000000000000004441 ) ;
#6911 = DIRECTION ( 'NONE',  ( 0.000000000000000000, 0.000000000000000000, -1.000000000000000000 ) ) ;
#6912 = CARTESIAN_POINT ( 'NONE',  ( -4.543874453218104570, 22.26046457370629739, 2.623407138729297206 ) ) ;
#6913 = ORIENTED_EDGE ( 'NONE', *, *, #320, .T. ) ;
#6914 = CARTESIAN_POINT ( 'NONE',  ( 10.17502987441857698, -0.5200508001019856774, -5.876364585552388498 ) ) ;
#6915 = ORIENTED_EDGE ( 'NONE', *, *, #7267, .F. ) ;
#6916 = AXIS2_PLACEMENT_3D ( 'NONE', #2297, #8298, #1568 ) ;
#6917 = CARTESIAN_POINT ( 'NONE',  ( 15.40305579007133474, 2.028887396305906421, 17.87554838136210478 ) ) ;
#6918 = CARTESIAN_POINT ( 'NONE',  ( -7.875148599050266540, 3.379949199898008239, -25.65699999999999648 ) ) ;
#6919 = CARTESIAN_POINT ( 'NONE',  ( 14.00000000000000355, 1.079949199897997758, 25.49999999999999645 ) ) ;
#6920 = EDGE_CURVE ( 'NONE', #2011, #4855, #6111, .T. ) ;
#6921 = ADVANCED_FACE ( 'NONE', ( #3880 ), #8286, .F. ) ;
#6922 = CARTESIAN_POINT ( 'NONE',  ( -5.697283334818239453, 0.6799491998980071727, -9.702753591629301511 ) ) ;
#6923 = CIRCLE ( 'NONE', #8644, 1.999999999999998224 ) ;
#6924 = VECTOR ( 'NONE', #9720, 1000.000000000000000 ) ;
#6925 = DIRECTION ( 'NONE',  ( 0.5671604621984395189, -5.390021916865477186E-16, 0.8236073154840556354 ) ) ;
#6926 = CARTESIAN_POINT ( 'NONE',  ( -26.93284847535496596, 6.938893903907228378E-15, -5.815749475225111098 ) ) ;
#6927 = CARTESIAN_POINT ( 'NONE',  ( -25.55387478686689562, 1.079949199897991097, -5.562738392310293101 ) ) ;
#6928 = VERTEX_POINT ( 'NONE', #6851 ) ;
#6929 = CARTESIAN_POINT ( 'NONE',  ( 4.983213227400280054, -0.3200508001019928828, -8.721051771493359084 ) ) ;
#6930 = AXIS2_PLACEMENT_3D ( 'NONE', #1309, #1404, #2095 ) ;
#6931 = CARTESIAN_POINT ( 'NONE',  ( -5.330110156327411808, -0.5200508001019926718, 2.987713317254983902 ) ) ;
#6932 = ORIENTED_EDGE ( 'NONE', *, *, #3905, .T. ) ;
#6933 = CARTESIAN_POINT ( 'NONE',  ( -14.09127107869920614, 2.079949199898003975, 18.62519178083843485 ) ) ;
#6934 = CARTESIAN_POINT ( 'NONE',  ( -2.743643742273744301, -0.3200508001019938820, -8.176461334342523202 ) ) ;
#6935 = CIRCLE ( 'NONE', #3631, 1.000000000000000000 ) ;
#6936 = FACE_OUTER_BOUND ( 'NONE', #109, .T. ) ;
#6937 = DIRECTION ( 'NONE',  ( 0.000000000000000000, 1.000000000000000000, -0.000000000000000000 ) ) ;
#6938 = EDGE_CURVE ( 'NONE', #2955, #2699, #3694, .T. ) ;
#6939 = ORIENTED_EDGE ( 'NONE', *, *, #9411, .T. ) ;
#6940 = CARTESIAN_POINT ( 'NONE',  ( 15.13600118733426569, 2.079949199897994205, 17.69563259015009749 ) ) ;
#6941 = ORIENTED_EDGE ( 'NONE', *, *, #8810, .T. ) ;
#6942 = CARTESIAN_POINT ( 'NONE',  ( 3.569763106655731821, 3.379949199898008239, -7.233957525080598749 ) ) ;
#6943 = CIRCLE ( 'NONE', #336, 2.000000000000000000 ) ;
#6944 = DIRECTION ( 'NONE',  ( 3.469446951953617344E-15, 0.000000000000000000, -1.000000000000000000 ) ) ;
#6945 = CARTESIAN_POINT ( 'NONE',  ( 27.35721577872326904, 3.379949199898008239, -1.880537549863756208 ) ) ;
#6946 = ORIENTED_EDGE ( 'NONE', *, *, #3133, .T. ) ;
#6947 = CARTESIAN_POINT ( 'NONE',  ( -6.040958927166919956, -0.3200508001019938820, 4.254554707464222041 ) ) ;
#6948 = EDGE_CURVE ( 'NONE', #3848, #340, #5165, .T. ) ;
#6949 = CYLINDRICAL_SURFACE ( 'NONE', #918, 0.5000000000000004441 ) ;
#6950 = AXIS2_PLACEMENT_3D ( 'NONE', #7078, #8360, #1773 ) ;
#6951 = CARTESIAN_POINT ( 'NONE',  ( -0.4582631902582370298, -0.3200508001019938820, 11.68502360420595387 ) ) ;
#6952 = CARTESIAN_POINT ( 'NONE',  ( 15.34960520891536717, 2.048024052211421253, -17.84199061285549348 ) ) ;
#6953 = DIRECTION ( 'NONE',  ( -0.000000000000000000, -1.000000000000000000, -0.000000000000000000 ) ) ;
#6954 = CARTESIAN_POINT ( 'NONE',  ( 4.157332302905997423, -6.832479122453917419, 24.60120094879952646 ) ) ;
#6955 = CARTESIAN_POINT ( 'NONE',  ( -4.157332302906002752, 0.000000000000000000, 26.00120094879952504 ) ) ;
#6956 = DIRECTION ( 'NONE',  ( 0.000000000000000000, -1.000000000000000000, 0.000000000000000000 ) ) ;
#6957 = EDGE_LOOP ( 'NONE', ( #3474, #2652, #8497, #5302, #7965, #972 ) ) ;
#6958 = CARTESIAN_POINT ( 'NONE',  ( -2.846030702774449139E-15, -6.832479122453917419, 25.19835094939760722 ) ) ;
#6959 = AXIS2_PLACEMENT_3D ( 'NONE', #314, #1104, #3450 ) ;
#6960 = ADVANCED_FACE ( 'NONE', ( #6063 ), #5190, .F. ) ;
#6961 = CARTESIAN_POINT ( 'NONE',  ( -14.68284181377946673, 0.9899745999490117132, 20.03142652189907125 ) ) ;
#6962 = CARTESIAN_POINT ( 'NONE',  ( 15.88889922360257145, 1.079949199898053269, -18.35848383869918976 ) ) ;
#6963 = EDGE_CURVE ( 'NONE', #9114, #5211, #6895, .T. ) ;
#6964 = PRODUCT_DEFINITION_CONTEXT ( 'detailed design', #8190, 'design' ) ;
#6965 = CARTESIAN_POINT ( 'NONE',  ( 10.87273167644196370, -0.3200508001019938820, -3.579241639418155430 ) ) ;
#6966 = VERTEX_POINT ( 'NONE', #1583 ) ;
#6967 = FACE_OUTER_BOUND ( 'NONE', #5, .T. ) ;
#6968 = CARTESIAN_POINT ( 'NONE',  ( 15.54877517545826926, 1.954136674770266646, 17.98276815030967413 ) ) ;
#6969 = B_SPLINE_SURFACE_WITH_KNOTS ( 'NONE', 3, 3, ( 
 ( #2653, #7040, #4072, #5608 ),
 ( #5460, #3195, #398, #6995 ),
 ( #4856, #3979, #7095, #7735 ),
 ( #5516, #8469, #4020, #1876 ),
 ( #9204, #8609, #7880, #1736 ),
 ( #253, #1679, #8522, #996 ),
 ( #4713, #3239, #6260, #9349 ),
 ( #3383, #353, #6407, #945 ),
 ( #1786, #7779, #2605, #5561 ),
 ( #1145, #4657, #3936, #299 ),
 ( #2514, #6952, #3291, #6317 ),
 ( #6216, #208, #9308, #2563 ),
 ( #1828, #504, #1292, #1388 ),
 ( #1237, #2125, #9548, #1929 ) ),
 .UNSPECIFIED., .F., .F., .F.,
 ( 4, 2, 2, 2, 2, 2, 4 ),
 ( 4, 4 ),
 ( 0.000000000000000000, 0.2502111565946476546, 0.3751491991008333304, 0.5000872416070190063, 0.7497395533542925428, 0.8748697766771462714, 1.000000000000000000 ),
 ( 0.000000000000000000, 1.000000000000000000 ),
 .UNSPECIFIED. ) ;
#6970 = CARTESIAN_POINT ( 'NONE',  ( 15.97147836695145529, 1.342379025241501767, -18.19483319085714257 ) ) ;
#6971 = CARTESIAN_POINT ( 'NONE',  ( -4.514344081559329425, -0.5200508001019926718, 6.372011745356126688 ) ) ;
#6972 = CARTESIAN_POINT ( 'NONE',  ( -6.447659453816884323, 0.6799491998980069507, -9.600876213599216058 ) ) ;
#6973 = CARTESIAN_POINT ( 'NONE',  ( -10.65273573293194787, 1.079949199898004197, 20.85107802997887205 ) ) ;
#6974 = CARTESIAN_POINT ( 'NONE',  ( 14.98239991406611438, 1.365598022950774926, -20.90922257175907362 ) ) ;
#6975 = CARTESIAN_POINT ( 'NONE',  ( -25.57810035237141477, 1.079949199897995760, -5.406252686692033294 ) ) ;
#6976 = CARTESIAN_POINT ( 'NONE',  ( 25.69163044785978300, 4.336808689942017736E-16, -4.622800070196348976 ) ) ;
#6977 = VERTEX_POINT ( 'NONE', #7627 ) ;
#6978 = CARTESIAN_POINT ( 'NONE',  ( 26.93305909162422296, -6.938893903907228378E-15, 5.814235915836791335 ) ) ;
#6979 = CARTESIAN_POINT ( 'NONE',  ( -8.102021880671902210, 0.6799491998980041751, -17.09758648976634987 ) ) ;
#6980 = ORIENTED_EDGE ( 'NONE', *, *, #1433, .T. ) ;
#6981 = DIRECTION ( 'NONE',  ( 0.000000000000000000, 1.000000000000000000, 0.000000000000000000 ) ) ;
#6982 = CARTESIAN_POINT ( 'NONE',  ( -1.996159752177091296, -0.3200508001019938820, -7.785678644731533815 ) ) ;
#6983 = DIRECTION ( 'NONE',  ( 0.000000000000000000, 0.000000000000000000, 1.000000000000000000 ) ) ;
#6984 = EDGE_CURVE ( 'NONE', #5502, #162, #4545, .T. ) ;
#6985 = ORIENTED_EDGE ( 'NONE', *, *, #7322, .T. ) ;
#6986 = CARTESIAN_POINT ( 'NONE',  ( 15.12720061339916633, 2.079949199898056822, 17.70774441421082557 ) ) ;
#6987 = VERTEX_POINT ( 'NONE', #8266 ) ;
#6988 = CARTESIAN_POINT ( 'NONE',  ( 2.274423560257619048, -0.5200508001019926718, -6.593155184191872742 ) ) ;
#6989 = CARTESIAN_POINT ( 'NONE',  ( 15.79532611645808871, 1.079949199897396905, -18.46757968383842297 ) ) ;
#6990 = CARTESIAN_POINT ( 'NONE',  ( 8.739691509180811835, 3.379949199898008239, -5.782132388302774650 ) ) ;
#6991 = ORIENTED_EDGE ( 'NONE', *, *, #7633, .F. ) ;
#6992 = CARTESIAN_POINT ( 'NONE',  ( -25.85531223403373602, -2.168404344971008868E-16, 3.158099328716446941 ) ) ;
#6993 = CARTESIAN_POINT ( 'NONE',  ( -5.734642451635168392, -0.3200508001019800042, 5.692048732825249147 ) ) ;
#6994 = CARTESIAN_POINT ( 'NONE',  ( 3.669032265435536289, -0.3200508001019938820, 10.37892571432804800 ) ) ;
#6995 = CARTESIAN_POINT ( 'NONE',  ( 15.94893020610331469, 1.211824781101297877, -18.27803342811844445 ) ) ;
#6996 = ADVANCED_FACE ( 'NONE', ( #5304 ), #3792, .T. ) ;
#6997 = CARTESIAN_POINT ( 'NONE',  ( -26.96198792828134927, 3.379949199898008239, 5.617818037016008681 ) ) ;
#6998 = DIRECTION ( 'NONE',  ( -0.000000000000000000, -1.000000000000000000, -0.000000000000000000 ) ) ;
#6999 = CYLINDRICAL_SURFACE ( 'NONE', #2059, 3.925000000000004707 ) ;
#7000 = ORIENTED_EDGE ( 'NONE', *, *, #9173, .F. ) ;
#7001 = FACE_OUTER_BOUND ( 'NONE', #7815, .T. ) ;
#7002 = EDGE_CURVE ( 'NONE', #7089, #5972, #4420, .T. ) ;
#7003 = VERTEX_POINT ( 'NONE', #2952 ) ;
#7004 = ORIENTED_EDGE ( 'NONE', *, *, #7362, .T. ) ;
#7005 = CARTESIAN_POINT ( 'NONE',  ( 26.96198792745411055, 0.000000000000000000, 5.617818042358742936 ) ) ;
#7006 = CARTESIAN_POINT ( 'NONE',  ( -7.875148599050266540, 2.579949199897999090, -25.65699999999999648 ) ) ;
#7007 = CARTESIAN_POINT ( 'NONE',  ( 10.32724531869990869, 0.6799491998981777030, -5.490044285650521161 ) ) ;
#7008 = ORIENTED_EDGE ( 'NONE', *, *, #7077, .F. ) ;
#7009 = CARTESIAN_POINT ( 'NONE',  ( 10.47712141880752235, -0.3200508001019800042, -5.129011029248082387 ) ) ;
#7010 = EDGE_CURVE ( 'NONE', #6354, #6259, #6776, .T. ) ;
#7011 = CARTESIAN_POINT ( 'NONE',  ( 15.95861431568993183, 1.342616391348119720, 18.21901851091545410 ) ) ;
#7012 = CARTESIAN_POINT ( 'NONE',  ( 15.44809040276453693, 2.000913542579623172, -17.92911812945469308 ) ) ;
#7013 = CARTESIAN_POINT ( 'NONE',  ( -4.988203453104849139, -0.5200508001019926718, 3.578649707940959601 ) ) ;
#7014 = EDGE_CURVE ( 'NONE', #2447, #6195, #1631, .T. ) ;
#7015 = LINE ( 'NONE', #8490, #6301 ) ;
#7016 = DIRECTION ( 'NONE',  ( -0.000000000000000000, 1.000000000000000000, -0.000000000000000000 ) ) ;
#7017 = CARTESIAN_POINT ( 'NONE',  ( -25.51333992287129604, 2.081668171172168513E-14, 5.875394879198398534 ) ) ;
#7018 = DIRECTION ( 'NONE',  ( 0.000000000000000000, 0.000000000000000000, 1.000000000000000000 ) ) ;
#7019 = ADVANCED_FACE ( 'NONE', ( #749 ), #994, .T. ) ;
#7020 = DIRECTION ( 'NONE',  ( -0.000000000000000000, -1.000000000000000000, -0.000000000000000000 ) ) ;
#7021 = ORIENTED_EDGE ( 'NONE', *, *, #9601, .T. ) ;
#7022 = DIRECTION ( 'NONE',  ( 0.000000000000000000, -1.000000000000000000, 0.000000000000000000 ) ) ;
#7023 = CARTESIAN_POINT ( 'NONE',  ( -7.926573532466294481, -0.5200508001019926718, 0.6130644210296914975 ) ) ;
#7024 = CYLINDRICAL_SURFACE ( 'NONE', #5172, 1.000000000000000888 ) ;
#7025 = CARTESIAN_POINT ( 'NONE',  ( -1.683361829482773686, 0.6799491998980070617, -8.749983943239149298 ) ) ;
#7026 = DIRECTION ( 'NONE',  ( 0.000000000000000000, -1.000000000000000000, 0.000000000000000000 ) ) ;
#7027 = ORIENTED_EDGE ( 'NONE', *, *, #333, .F. ) ;
#7028 = CIRCLE ( 'NONE', #2466, 1.199999999999999734 ) ;
#7029 = CARTESIAN_POINT ( 'NONE',  ( 15.95087739863237175, 2.079949199898011525, 18.27529414524202878 ) ) ;
#7030 = VERTEX_POINT ( 'NONE', #2558 ) ;
#7031 = CARTESIAN_POINT ( 'NONE',  ( 2.636939910028039957, -0.5200508001019926718, -6.764576644185178900 ) ) ;
#7032 = CARTESIAN_POINT ( 'NONE',  ( 15.29756087385796093, 2.079949199896530931, -18.94821873546479907 ) ) ;
#7033 = CARTESIAN_POINT ( 'NONE',  ( 2.850721539414947880, 3.379949199898008239, -6.877452713579394583 ) ) ;
#7034 = ORIENTED_EDGE ( 'NONE', *, *, #1810, .F. ) ;
#7035 = CARTESIAN_POINT ( 'NONE',  ( -25.60830140599622240, 1.079949199897997758, 5.207821207608712477 ) ) ;
#7036 = EDGE_CURVE ( 'NONE', #548, #5961, #7820, .T. ) ;
#7037 = TOROIDAL_SURFACE ( 'NONE', #2790, 1.500000000000000000, 1.000000000000000000 ) ;
#7038 = CARTESIAN_POINT ( 'NONE',  ( 5.709905202213700903, -0.5200508001019787940, 6.475936633616035998 ) ) ;
#7039 = CARTESIAN_POINT ( 'NONE',  ( 0.9004463811098251114, -0.3200508001019938820, 11.62481255316208362 ) ) ;
#7040 = CARTESIAN_POINT ( 'NONE',  ( 15.98111400883465905, 1.079949199899763679, -18.23251003904432466 ) ) ;
#7041 = VECTOR ( 'NONE', #4853, 1000.000000000000000 ) ;
#7042 = CARTESIAN_POINT ( 'NONE',  ( -25.51333992287130314, 1.979949199897995671, 5.875394879198343467 ) ) ;
#7043 = DIRECTION ( 'NONE',  ( 0.000000000000000000, 0.000000000000000000, -1.000000000000000000 ) ) ;
#7044 = DIRECTION ( 'NONE',  ( 0.4999999999999956146, -0.000000000000000000, -0.8660254037844412611 ) ) ;
#7045 = ORIENTED_EDGE ( 'NONE', *, *, #6025, .T. ) ;
#7046 = B_SPLINE_CURVE_WITH_KNOTS ( 'NONE', 3,
 ( #6688, #822, #8100, #9631 ),
 .UNSPECIFIED., .F., .F.,
 ( 4, 4 ),
 ( 0.000000000000000000, 0.0005082635337357845279 ),
 .UNSPECIFIED. ) ;
#7047 = CARTESIAN_POINT ( 'NONE',  ( -6.184753727424056713, -0.3200508001019928273, 3.923341832811657603 ) ) ;
#7048 = ORIENTED_EDGE ( 'NONE', *, *, #7133, .F. ) ;
#7049 = CIRCLE ( 'NONE', #9402, 2.000000000000001776 ) ;
#7050 = CARTESIAN_POINT ( 'NONE',  ( 26.96198792745411055, 3.379949199898008239, 5.617818042358742936 ) ) ;
#7051 = DIRECTION ( 'NONE',  ( 0.000000000000000000, 0.000000000000000000, -1.000000000000000000 ) ) ;
#7052 = CARTESIAN_POINT ( 'NONE',  ( 10.41033196211806278, 0.6799491998976701090, -0.6506331034821021264 ) ) ;
#7053 = ORIENTED_EDGE ( 'NONE', *, *, #2017, .F. ) ;
#7054 = FACE_OUTER_BOUND ( 'NONE', #2748, .T. ) ;
#7055 = AXIS2_PLACEMENT_3D ( 'NONE', #6954, #210, #255 ) ;
#7056 = EDGE_CURVE ( 'NONE', #3285, #6307, #483, .T. ) ;
#7057 = CARTESIAN_POINT ( 'NONE',  ( 15.99407194726732939, 1.212435802548349262, 18.20803969483781160 ) ) ;
#7058 = CARTESIAN_POINT ( 'NONE',  ( -13.37653562345045621, 80.31423269831148559, -21.62483327182256687 ) ) ;
#7059 = CARTESIAN_POINT ( 'NONE',  ( -3.165692773065857502, 3.379949199898008239, 9.219995453349143943 ) ) ;
#7060 = AXIS2_PLACEMENT_3D ( 'NONE', #4955, #9501, #9653 ) ;
#7061 = DIRECTION ( 'NONE',  ( 0.000000000000000000, 1.000000000000000000, -0.000000000000000000 ) ) ;
#7062 = AXIS2_PLACEMENT_3D ( 'NONE', #6631, #4429, #7453 ) ;
#7063 = EDGE_CURVE ( 'NONE', #951, #5490, #6211, .T. ) ;
#7064 = DIRECTION ( 'NONE',  ( 0.000000000000000000, 0.000000000000000000, -1.000000000000000000 ) ) ;
#7065 = AXIS2_PLACEMENT_3D ( 'NONE', #466, #1311, #8138 ) ;
#7066 = AXIS2_PLACEMENT_3D ( 'NONE', #1045, #9167, #953 ) ;
#7067 = VERTEX_POINT ( 'NONE', #7730 ) ;
#7068 = CARTESIAN_POINT ( 'NONE',  ( 15.77742799891985648, 1.742173920314580515, 18.08227326332305296 ) ) ;
#7069 = DIRECTION ( 'NONE',  ( 0.000000000000000000, 0.000000000000000000, 1.000000000000000000 ) ) ;
#7070 = CARTESIAN_POINT ( 'NONE',  ( 7.875148599050264764, 3.379949199898008239, -25.65699999999999648 ) ) ;
#7071 = EDGE_LOOP ( 'NONE', ( #3421, #3961, #616, #5326 ) ) ;
#7072 = CARTESIAN_POINT ( 'NONE',  ( -16.48743823117441210, 80.31423269831148559, -17.44270843432327212 ) ) ;
#7073 = CARTESIAN_POINT ( 'NONE',  ( -5.758582356198819419, -0.5200508001019926718, 2.369011831079294250 ) ) ;
#7074 = ORIENTED_EDGE ( 'NONE', *, *, #2417, .T. ) ;
#7075 = CIRCLE ( 'NONE', #7706, 13.99999999999999822 ) ;
#7076 = CARTESIAN_POINT ( 'NONE',  ( -1.556281560347561044, 0.6799491998980070617, -8.683884225862032125 ) ) ;
#7077 = EDGE_CURVE ( 'NONE', #5156, #1445, #9246, .T. ) ;
#7078 = CARTESIAN_POINT ( 'NONE',  ( -11.61389763014318177, 1.079949199898004197, -4.199985932899493513 ) ) ;
#7079 = ADVANCED_FACE ( 'NONE', ( #5602 ), #7742, .F. ) ;
#7080 = VECTOR ( 'NONE', #1058, 1000.000000000000000 ) ;
#7081 = VERTEX_POINT ( 'NONE', #8290 ) ;
#7082 = CARTESIAN_POINT ( 'NONE',  ( 15.13758847262090512, 2.079949199897994205, 17.69334794176954873 ) ) ;
#7083 = CIRCLE ( 'NONE', #8650, 0.9999999999999987788 ) ;
#7084 = ORIENTED_EDGE ( 'NONE', *, *, #4349, .T. ) ;
#7085 = CARTESIAN_POINT ( 'NONE',  ( -2.635564022543980922, 3.379949199898008239, -6.763631367248699178 ) ) ;
#7086 = VERTEX_POINT ( 'NONE', #4537 ) ;
#7087 = CARTESIAN_POINT ( 'NONE',  ( 15.12715838039563288, 2.079949199897994205, -17.70780076071658016 ) ) ;
#7088 = DIRECTION ( 'NONE',  ( 0.000000000000000000, 0.000000000000000000, 1.000000000000000000 ) ) ;
#7089 = VERTEX_POINT ( 'NONE', #2199 ) ;
#7090 = CARTESIAN_POINT ( 'NONE',  ( -6.135254860926965925, 0.6799491998979666496, 4.026199671266343927 ) ) ;
#7091 = VECTOR ( 'NONE', #9277, 1000.000000000000000 ) ;
#7092 = CARTESIAN_POINT ( 'NONE',  ( -1.288050882874017145, -0.5200508001019787940, 11.71531628763374400 ) ) ;
#7093 = CARTESIAN_POINT ( 'NONE',  ( 1.070264977160047426, -0.3200508001019938820, 11.59522676995880452 ) ) ;
#7094 = ORIENTED_EDGE ( 'NONE', *, *, #7232, .T. ) ;
#7095 = CARTESIAN_POINT ( 'NONE',  ( 15.94330215071592960, 1.341888598848974823, -18.24108854786203437 ) ) ;
#7096 = CIRCLE ( 'NONE', #4252, 1.000000000000000888 ) ;
#7097 = EDGE_CURVE ( 'NONE', #4651, #5885, #2452, .T. ) ;
#7098 = DIRECTION ( 'NONE',  ( -0.1196938692682508326, 2.280455121237214965E-14, 0.9928108468684228027 ) ) ;
#7099 = DIRECTION ( 'NONE',  ( 0.000000000000000000, 0.000000000000000000, -1.000000000000000000 ) ) ;
#7100 = CARTESIAN_POINT ( 'NONE',  ( -1.587784891891298233, -0.5200508001019926718, 10.20957904858071608 ) ) ;
#7101 = CARTESIAN_POINT ( 'NONE',  ( 6.205039904445603938, 0.6799491998980069507, 8.603499078277451417 ) ) ;
#7102 = ORIENTED_EDGE ( 'NONE', *, *, #9637, .F. ) ;
#7103 = CARTESIAN_POINT ( 'NONE',  ( -6.289531725139593910, -0.3200508001019928828, 3.724972538174063263 ) ) ;
#7104 = VECTOR ( 'NONE', #1328, 1000.000000000000000 ) ;
#7105 = CARTESIAN_POINT ( 'NONE',  ( -25.53249790808648356, 1.079949199897998646, 5.716479404421691335 ) ) ;
#7106 = CARTESIAN_POINT ( 'NONE',  ( 13.58412716904566331, 1.079949199898004197, -21.12839693420013631 ) ) ;
#7107 = CARTESIAN_POINT ( 'NONE',  ( 10.73517983814222276, 0.6799491998976658902, -1.596887053830080561 ) ) ;
#7108 = ORIENTED_EDGE ( 'NONE', *, *, #5876, .T. ) ;
#7109 = CARTESIAN_POINT ( 'NONE',  ( -10.34480784725613667, 80.31423269831148559, -24.06989674270723256 ) ) ;
#7110 = EDGE_CURVE ( 'NONE', #2393, #5732, #322, .T. ) ;
#7111 = DIRECTION ( 'NONE',  ( 0.000000000000000000, 0.000000000000000000, -1.000000000000000000 ) ) ;
#7112 = AXIS2_PLACEMENT_3D ( 'NONE', #7904, #6432, #9423 ) ;
#7113 = CARTESIAN_POINT ( 'NONE',  ( 15.12853249046231952, 2.079949199898003975, -17.70594342235054341 ) ) ;
#7114 = CARTESIAN_POINT ( 'NONE',  ( 0.2496742951962224732, 3.379949199898008239, 10.49766660023530207 ) ) ;
#7115 = CARTESIAN_POINT ( 'NONE',  ( -11.77167201799537644, 0.6799491998980069507, -4.314796737816342542 ) ) ;
#7116 = CARTESIAN_POINT ( 'NONE',  ( -15.95652824986989238, 1.079949199898003309, 18.26724099330770201 ) ) ;
#7117 = LINE ( 'NONE', #9422, #9561 ) ;
#7118 = ORIENTED_EDGE ( 'NONE', *, *, #9177, .F. ) ;
#7119 = CARTESIAN_POINT ( 'NONE',  ( 15.47457479931627589, 1.996758403389506720, 17.90584731611000535 ) ) ;
#7120 = CARTESIAN_POINT ( 'NONE',  ( -14.88316527472233020, 0.9899745999489978354, 20.37839693420014342 ) ) ;
#7121 = CARTESIAN_POINT ( 'NONE',  ( 5.730034392347838512, -0.5200508001019920057, 5.906934525641203138 ) ) ;
#7122 = CARTESIAN_POINT ( 'NONE',  ( 15.12853249046231952, 2.079949199898003975, -17.70594342235054341 ) ) ;
#7123 = EDGE_CURVE ( 'NONE', #1179, #1617, #168, .T. ) ;
#7124 = CYLINDRICAL_SURFACE ( 'NONE', #941, 0.5000000000000004441 ) ;
#7125 = PLANE ( 'NONE',  #2188 ) ;
#7126 = ORIENTED_EDGE ( 'NONE', *, *, #8846, .F. ) ;
#7127 = CARTESIAN_POINT ( 'NONE',  ( -0.3576979641733631365, 0.6799491998980070617, -7.316969630578808115 ) ) ;
#7128 = CARTESIAN_POINT ( 'NONE',  ( -17.23131124203197473, 3.379949199898008239, 18.86320297791349176 ) ) ;
#7129 = ORIENTED_EDGE ( 'NONE', *, *, #1655, .F. ) ;
#7130 = CARTESIAN_POINT ( 'NONE',  ( 20.70000000000011653, 2.079949199898001311, 14.37499999999988454 ) ) ;
#7131 = ORIENTED_EDGE ( 'NONE', *, *, #8762, .T. ) ;
#7132 = CARTESIAN_POINT ( 'NONE',  ( -5.007305336910791382, -0.5200508001019926718, -7.513100848590894998 ) ) ;
#7133 = EDGE_CURVE ( 'NONE', #2996, #9629, #7712, .T. ) ;
#7134 = ORIENTED_EDGE ( 'NONE', *, *, #439, .F. ) ;
#7135 = CARTESIAN_POINT ( 'NONE',  ( 25.57810035231661416, 2.079949199897987544, -5.406252687046021244 ) ) ;
#7136 = CARTESIAN_POINT ( 'NONE',  ( 27.25002848017653889, 0.000000000000000000, 3.757510016559140631 ) ) ;
#7137 = EDGE_LOOP ( 'NONE', ( #4101, #1596, #6980, #5076, #3339, #4277 ) ) ;
#7138 = CARTESIAN_POINT ( 'NONE',  ( -6.976880259415151997, 0.6799491998980070617, 4.608078237887790252 ) ) ;
#7139 = EDGE_CURVE ( 'NONE', #1928, #9382, #5501, .T. ) ;
#7140 = CARTESIAN_POINT ( 'NONE',  ( -25.57846765589859928, 1.079949199897932033, 5.403641340348018574 ) ) ;
#7141 = CARTESIAN_POINT ( 'NONE',  ( -4.745997731973728762, -0.3200508001019938820, 9.193057930737476013 ) ) ;
#7142 = ORIENTED_EDGE ( 'NONE', *, *, #1810, .T. ) ;
#7143 = CARTESIAN_POINT ( 'NONE',  ( -15.18491607416150835, 2.079949199897968892, 17.73824598560020149 ) ) ;
#7144 = EDGE_CURVE ( 'NONE', #2019, #4926, #3115, .T. ) ;
#7145 = CARTESIAN_POINT ( 'NONE',  ( -6.580616082888439244, -0.3200508001019928273, -8.545897550290483480 ) ) ;
#7146 = CARTESIAN_POINT ( 'NONE',  ( -10.02538718874729540, 80.31423269831148559, 22.26447847739669328 ) ) ;
#7147 = CARTESIAN_POINT ( 'NONE',  ( 3.390918863645657755, -0.5200508001019926718, 8.972443137289904058 ) ) ;
#7148 = CARTESIAN_POINT ( 'NONE',  ( 11.86898895968275269, 0.6799491998980072838, -3.683600482699197709 ) ) ;
#7149 = EDGE_LOOP ( 'NONE', ( #3427, #8994, #5206, #5899 ) ) ;
#7150 = B_SPLINE_CURVE_WITH_KNOTS ( 'NONE', 3,
 ( #8078, #6463, #506, #6408, #2756, #5761, #7189, #556, #7296, #3543, #399, #9395, #8666, #6559, #605, #447, #1877, #3592, #2654, #4957, #3437, #1930, #5071, #3495, #7978, #6615, #8030, #1294, #4909, #9549, #1146, #4219, #2807, #9450, #5816, #7929, #7145, #4320, #1193, #8817, #2080, #4857, #2606, #5609, #6514, #9502, #8763, #7245, #7882, #8715, #8611, #4123, #4167, #2708, #5716, #5115, #8445, #7659, #9185, #6793, #5440, #5287, #920, #3912, #4689, #6148, #1710, #2126, #9137, #86, #6094, #6929, #6879, #3823, #2394, #2863, #3963, #1618, #9605, #7569, #5396, #7713 ),
 .UNSPECIFIED., .F., .F.,
 ( 4, 2, 2, 2, 2, 2, 2, 2, 2, 2, 2, 2, 2, 2, 2, 2, 2, 2, 2, 2, 2, 2, 2, 2, 2, 2, 2, 2, 2, 2, 2, 2, 2, 2, 2, 2, 2, 2, 2, 2, 4 ),
 ( 0.000000000000000000, 0.001012194618040099248, 0.002024389236080198495, 0.002530486545100245517, 0.003036583854120292972, 0.004048778472160388317, 0.004554875781180434471, 0.005060973090200480626, 0.006073167708240568598, 0.007085362326280657437, 0.008097556944320743674, 0.009109751562360834248, 0.01012194618040092135, 0.01113414079844101019, 0.01214633541648109730, 0.01315853003452118614, 0.01417072465256127671, 0.01518291927060136381, 0.01619511388864145265, 0.01720730850668154149, 0.01821950312472163033, 0.01923169774276171917, 0.01973779505178176186, 0.02024389236080180107, 0.02049694101531182588, 0.02074998966982184723, 0.02125608697884189685, 0.02226828159688198916, 0.02277437890590203184, 0.02328047621492207800, 0.02429267083296217378, 0.02479876814198222340, 0.02530486545100226956, 0.02631706006904235839, 0.02682315737806240455, 0.02732925468708245070, 0.02834144930512254301, 0.02935364392316263532, 0.03036583854120272763, 0.03137803315924281994, 0.03239022777728291225 ),
 .UNSPECIFIED. ) ;
#7151 = DIRECTION ( 'NONE',  ( -0.000000000000000000, 1.000000000000000000, -0.000000000000000000 ) ) ;
#7152 = DIRECTION ( 'NONE',  ( 0.000000000000000000, 0.000000000000000000, -1.000000000000000000 ) ) ;
#7153 = CARTESIAN_POINT ( 'NONE',  ( 10.89034548970404614, 0.6799491998980088381, -2.578381252925133094 ) ) ;
#7154 = ORIENTED_EDGE ( 'NONE', *, *, #3827, .F. ) ;
#7155 = CARTESIAN_POINT ( 'NONE',  ( -14.00000000000000355, 0.000000000000000000, 25.49999999999999645 ) ) ;
#7156 = DIRECTION ( 'NONE',  ( 0.000000000000000000, 0.000000000000000000, 1.000000000000000000 ) ) ;
#7157 = CARTESIAN_POINT ( 'NONE',  ( 15.62151427529059333, 1.881717722672881843, -18.05031904637104745 ) ) ;
#7158 = CARTESIAN_POINT ( 'NONE',  ( 4.596118029612570766, 3.379949199898008239, 5.046640858607716495 ) ) ;
#7159 = VERTEX_POINT ( 'NONE', #1612 ) ;
#7160 = CARTESIAN_POINT ( 'NONE',  ( -11.84045422214540366, 0.6799491998980069507, -2.054061633559618905 ) ) ;
#7161 = EDGE_CURVE ( 'NONE', #6267, #5156, #7865, .T. ) ;
#7162 = CARTESIAN_POINT ( 'NONE',  ( -15.95089565482220628, 1.079949199897995760, 18.27526954692068983 ) ) ;
#7163 = DIRECTION ( 'NONE',  ( -0.000000000000000000, -1.000000000000000000, -0.000000000000000000 ) ) ;
#7164 = ORIENTED_EDGE ( 'NONE', *, *, #7232, .F. ) ;
#7165 = B_SPLINE_CURVE_WITH_KNOTS ( 'NONE', 3,
 ( #8258, #3587, #4411, #4497, #3641, #6054, #4454, #8950, #8303, #6010, #2259, #7436, #1573, #5111, #7520, #2993, #700, #6798, #653, #8118, #9045, #2216, #2164, #4363, #2858, #9003, #2302, #3729, #1481, #6749, #2943, #8864, #9687, #5245, #5863, #6608, #5953, #9600, #2122, #5204, #2901, #8217, #6662, #7388, #8907, #790, #49, #9650, #1385, #5910, #5154, #3783, #3685, #3041, #5293, #4554, #6703, #7574, #8169, #1440, #2583, #4823, #8634, #1949, #5689, #8359, #6339, #1623, #9089, #6100, #8405, #2679, #3358, #5402, #9327, #6431 ),
 .UNSPECIFIED., .F., .F.,
 ( 4, 2, 2, 2, 2, 2, 2, 2, 2, 2, 2, 2, 2, 2, 2, 2, 2, 2, 2, 2, 2, 2, 2, 2, 2, 2, 2, 2, 2, 2, 2, 2, 2, 2, 2, 2, 2, 4 ),
 ( 0.03435574802322564902, 0.03531344455132495730, 0.03627114107942427251, 0.03722883760752358079, 0.03818653413562288906, 0.03914423066372220428, 0.04010192719182151255, 0.04105962371992082083, 0.04201732024802012910, 0.04249616851206979018, 0.04297501677611944432, 0.04393271330421875953, 0.04441156156826842061, 0.04489040983231807475, 0.04584810636041738302, 0.04632695462446703716, 0.04656637875649186770, 0.04680580288851669823, 0.04776349941661599957, 0.04872119594471531479, 0.04967889247281462306, 0.05063658900091393134, 0.05159428552901323961, 0.05255198205711255482, 0.05350967858521186310, 0.05446737511331117831, 0.05542507164141048659, 0.05638276816950979486, 0.05734046469760910314, 0.05829816122570841141, 0.05925585775380772663, 0.06021355428190704184, 0.06117125081000635012, 0.06212894733810565839, 0.06308664386620496667, 0.06356549213025462775, 0.06404434039430427494, 0.06500203692240358322 ),
 .UNSPECIFIED. ) ;
#7166 = CARTESIAN_POINT ( 'NONE',  ( 15.76164180196663445, 1.761917430836561493, 18.07310726189717442 ) ) ;
#7167 = DIRECTION ( 'NONE',  ( 0.000000000000000000, 0.000000000000000000, -1.000000000000000000 ) ) ;
#7168 = B_SPLINE_CURVE_WITH_KNOTS ( 'NONE', 3,
 ( #525, #2918, #1356, #1406 ),
 .UNSPECIFIED., .F., .F.,
 ( 4, 4 ),
 ( 0.000000000000000000, 0.1339920627708169887 ),
 .UNSPECIFIED. ) ;
#7169 = CARTESIAN_POINT ( 'NONE',  ( -5.772616132690109758, -0.5200508001019920057, 5.317298711490815677 ) ) ;
#7170 = CARTESIAN_POINT ( 'NONE',  ( 14.09127107869922035, 2.079949199898004863, -18.62519178083843485 ) ) ;
#7171 = CARTESIAN_POINT ( 'NONE',  ( -24.52052836373459854, 2.079949199898003975, 5.755706918047076570 ) ) ;
#7172 = ORIENTED_EDGE ( 'NONE', *, *, #8358, .T. ) ;
#7173 = CARTESIAN_POINT ( 'NONE',  ( 2.702559643657511668, -0.3200508001019938820, -8.156990021184562067 ) ) ;
#7174 = CARTESIAN_POINT ( 'NONE',  ( 25.57810035232023083, 0.000000000000000000, -5.406252687022702119 ) ) ;
#7175 = VERTEX_POINT ( 'NONE', #5481 ) ;
#7176 = CARTESIAN_POINT ( 'NONE',  ( -16.68316361913661083, 2.079949199898020851, -19.56651210297200194 ) ) ;
#7177 = ORIENTED_EDGE ( 'NONE', *, *, #426, .T. ) ;
#7178 = CARTESIAN_POINT ( 'NONE',  ( -7.902318187985288844, 3.379949199898008239, -6.595332027783603834 ) ) ;
#7179 = VERTEX_POINT ( 'NONE', #123 ) ;
#7180 = DIRECTION ( 'NONE',  ( -0.000000000000000000, -1.000000000000000000, -0.000000000000000000 ) ) ;
#7181 = CARTESIAN_POINT ( 'NONE',  ( 14.15368314696016228, 2.050721371240796120, 21.36455094717453917 ) ) ;
#7182 = EDGE_LOOP ( 'NONE', ( #5646, #5442, #8859, #3689 ) ) ;
#7183 = CARTESIAN_POINT ( 'NONE',  ( -9.725267542048003477, 0.6799491998980070617, 0.4917813948952202696 ) ) ;
#7184 = EDGE_CURVE ( 'NONE', #16, #4961, #7015, .T. ) ;
#7185 = CARTESIAN_POINT ( 'NONE',  ( 0.000000000000000000, 1.089999706236841170, 0.000000000000000000 ) ) ;
#7186 = CARTESIAN_POINT ( 'NONE',  ( -6.710689402361973421, 0.6799491998980070617, 6.486088748559589057 ) ) ;
#7187 = ORIENTED_EDGE ( 'NONE', *, *, #4211, .F. ) ;
#7188 = CARTESIAN_POINT ( 'NONE',  ( 15.15685912178877537, 0.000000000000000000, 20.79683650938151729 ) ) ;
#7189 = CARTESIAN_POINT ( 'NONE',  ( -7.976311467147771950, -0.3200508001019929383, 2.014613312793905209 ) ) ;
#7190 = DIRECTION ( 'NONE',  ( 0.000000000000000000, -1.000000000000000000, 0.000000000000000000 ) ) ;
#7191 = DIRECTION ( 'NONE',  ( -0.3400641840678699235, -1.631337822037090895E-15, 0.9404022281525359350 ) ) ;
#7192 = CARTESIAN_POINT ( 'NONE',  ( 3.991797146594532553, 0.6799491998980068397, 11.39749993518220528 ) ) ;
#7193 = ORIENTED_EDGE ( 'NONE', *, *, #1181, .T. ) ;
#7194 = TOROIDAL_SURFACE ( 'NONE', #9705, 25.35000000000000497, 1.000000000000000000 ) ;
#7195 = CARTESIAN_POINT ( 'NONE',  ( 15.89145088756157342, -0.000000000000000000, -18.35460962093620907 ) ) ;
#7196 = EDGE_CURVE ( 'NONE', #3470, #8242, #1756, .T. ) ;
#7197 = DIRECTION ( 'NONE',  ( 0.000000000000000000, 0.000000000000000000, -1.000000000000000000 ) ) ;
#7198 = CARTESIAN_POINT ( 'NONE',  ( 9.595982382580615422, 0.6799491998980070617, 2.087413718597424417 ) ) ;
#7199 = ORIENTED_EDGE ( 'NONE', *, *, #2465, .T. ) ;
#7200 = VECTOR ( 'NONE', #8074, 1000.000000000000000 ) ;
#7201 = CARTESIAN_POINT ( 'NONE',  ( 13.99999999999999645, 3.379949199898008239, -25.49999999999999645 ) ) ;
#7202 = FACE_OUTER_BOUND ( 'NONE', #6450, .T. ) ;
#7203 = DIRECTION ( 'NONE',  ( 0.000000000000000000, 0.000000000000000000, -1.000000000000000000 ) ) ;
#7204 = CARTESIAN_POINT ( 'NONE',  ( 5.651421390278396295, 3.379949199898008239, 2.493871222290275913 ) ) ;
#7205 = CARTESIAN_POINT ( 'NONE',  ( -1.905256537439552034, 0.000000000000000000, -1.100000374766002542 ) ) ;
#7206 = VECTOR ( 'NONE', #8673, 1000.000000000000000 ) ;
#7207 = ORIENTED_EDGE ( 'NONE', *, *, #1902, .F. ) ;
#7208 = CARTESIAN_POINT ( 'NONE',  ( -7.977992528568275787, 0.6799491998980072838, 3.216643186920641551 ) ) ;
#7209 = CARTESIAN_POINT ( 'NONE',  ( 14.74269133254641773, 2.079949199897994205, 18.10521258238845377 ) ) ;
#7210 = CARTESIAN_POINT ( 'NONE',  ( 0.000000000000000000, 1.079949199897997758, 0.000000000000000000 ) ) ;
#7211 = LINE ( 'NONE', #2145, #7375 ) ;
#7212 = EDGE_LOOP ( 'NONE', ( #1817, #2305, #9377, #2617 ) ) ;
#7213 = CARTESIAN_POINT ( 'NONE',  ( -14.88316527472233020, 2.079949199898003975, 20.37839693420014342 ) ) ;
#7214 = CARTESIAN_POINT ( 'NONE',  ( -7.602021880671909315, 2.579949199898003975, -11.00611445143712608 ) ) ;
#7215 = CARTESIAN_POINT ( 'NONE',  ( -5.717376612597870889, -0.5200508001019920057, 6.385648416180712772 ) ) ;
#7216 = AXIS2_PLACEMENT_3D ( 'NONE', #7710, #6290, #231 ) ;
#7217 = DIRECTION ( 'NONE',  ( -0.000000000000000000, -1.000000000000000000, -0.000000000000000000 ) ) ;
#7218 = DIRECTION ( 'NONE',  ( -0.000000000000000000, -1.000000000000000000, -0.000000000000000000 ) ) ;
#7219 = EDGE_CURVE ( 'NONE', #5865, #3535, #4733, .T. ) ;
#7220 = DIRECTION ( 'NONE',  ( -0.000000000000000000, -1.000000000000000000, -0.000000000000000000 ) ) ;
#7221 = ORIENTED_EDGE ( 'NONE', *, *, #8846, .T. ) ;
#7222 = VECTOR ( 'NONE', #6437, 1000.000000000000000 ) ;
#7223 = CARTESIAN_POINT ( 'NONE',  ( 2.397860433419003456, -0.3200508001019938820, -8.000194736998029299 ) ) ;
#7224 = CIRCLE ( 'NONE', #2347, 2.800000000000000266 ) ;
#7225 = CIRCLE ( 'NONE', #3273, 13.00000000000000178 ) ;
#7226 = DIRECTION ( 'NONE',  ( -0.4999999999999956146, 0.000000000000000000, 0.8660254037844412611 ) ) ;
#7227 = ORIENTED_EDGE ( 'NONE', *, *, #2115, .F. ) ;
#7228 = CARTESIAN_POINT ( 'NONE',  ( 8.097978119328097080, 0.6799491998980041751, 0.000000000000000000 ) ) ;
#7229 = ORIENTED_EDGE ( 'NONE', *, *, #2615, .T. ) ;
#7230 = CARTESIAN_POINT ( 'NONE',  ( -9.025690866952762903, 3.379949199898008239, -0.5886311466976456019 ) ) ;
#7231 = AXIS2_PLACEMENT_3D ( 'NONE', #5614, #8616, #3346 ) ;
#7232 = EDGE_CURVE ( 'NONE', #6650, #9400, #2214, .T. ) ;
#7233 = AXIS2_PLACEMENT_3D ( 'NONE', #311, #6271, #6224 ) ;
#7234 = CARTESIAN_POINT ( 'NONE',  ( -15.38105858520819957, 2.031972352903409273, 17.88206909508747344 ) ) ;
#7235 = DIRECTION ( 'NONE',  ( -0.000000000000000000, -1.000000000000000000, 0.000000000000000000 ) ) ;
#7236 = ORIENTED_EDGE ( 'NONE', *, *, #2590, .F. ) ;
#7237 = CARTESIAN_POINT ( 'NONE',  ( -8.437749603194291126, 0.6799491998980070617, 2.904299180629428268 ) ) ;
#7238 = AXIS2_PLACEMENT_3D ( 'NONE', #6809, #849, #3090 ) ;
#7239 = VECTOR ( 'NONE', #3221, 1000.000000000000000 ) ;
#7240 = CARTESIAN_POINT ( 'NONE',  ( 3.761395893105426325, 1.079949199898004641, 24.65807237742791358 ) ) ;
#7241 = CARTESIAN_POINT ( 'NONE',  ( -4.093042160203458124, -0.3200508001019938820, 9.987734501822256306 ) ) ;
#7242 = ORIENTED_EDGE ( 'NONE', *, *, #7416, .F. ) ;
#7243 = EDGE_LOOP ( 'NONE', ( #7187, #6067, #5933, #4665 ) ) ;
#7244 = CARTESIAN_POINT ( 'NONE',  ( 7.405624619607439563, 3.379949199898008239, 0.9538451586722260789 ) ) ;
#7245 = CARTESIAN_POINT ( 'NONE',  ( -2.210550993048105983, -0.3200508001019929383, -7.898403890938483052 ) ) ;
#7246 = CARTESIAN_POINT ( 'NONE',  ( 9.364479067422660563, -0.5200508001019926718, -4.679536894392197333 ) ) ;
#7247 = AXIS2_PLACEMENT_3D ( 'NONE', #8470, #209, #2564 ) ;
#7248 = CARTESIAN_POINT ( 'NONE',  ( 5.159809027420885208, -0.5200508001019926718, 3.276748648010133547 ) ) ;
#7249 = CARTESIAN_POINT ( 'NONE',  ( 6.714430021507655333, 0.6799491998980069507, 6.466370678438671860 ) ) ;
#7250 = AXIS2_PLACEMENT_3D ( 'NONE', #1204, #4924, #7203 ) ;
#7251 = ORIENTED_EDGE ( 'NONE', *, *, #7676, .F. ) ;
#7252 = DIRECTION ( 'NONE',  ( 0.000000000000000000, 0.000000000000000000, -1.000000000000000000 ) ) ;
#7253 = FACE_OUTER_BOUND ( 'NONE', #2185, .T. ) ;
#7254 = CARTESIAN_POINT ( 'NONE',  ( 9.383859339288829204, -0.3200508001019928828, -6.858371187029309368 ) ) ;
#7255 = AXIS2_PLACEMENT_3D ( 'NONE', #3303, #6327, #9317 ) ;
#7256 = CARTESIAN_POINT ( 'NONE',  ( 8.473634201569849367, 0.6799491998980070617, 2.881108500373838144 ) ) ;
#7257 = EDGE_LOOP ( 'NONE', ( #8067, #6518, #6076, #3831 ) ) ;
#7258 = CARTESIAN_POINT ( 'NONE',  ( 10.67303918438835098, 0.000000000000000000, -23.41746387032907606 ) ) ;
#7259 = CARTESIAN_POINT ( 'NONE',  ( -25.85481425864316662, 1.079949199898000867, -3.618801487449120113 ) ) ;
#7260 = EDGE_CURVE ( 'NONE', #5136, #4419, #8330, .T. ) ;
#7261 = CARTESIAN_POINT ( 'NONE',  ( 9.271337228896717519, 3.379949199898008239, 26.15539726305211232 ) ) ;
#7262 = CARTESIAN_POINT ( 'NONE',  ( 7.405624619607439563, -0.5200508001019926718, 0.9538451586722260789 ) ) ;
#7263 = CARTESIAN_POINT ( 'NONE',  ( -5.287689757460261042, -0.5200508001019926718, 3.059931812852650257 ) ) ;
#7264 = AXIS2_PLACEMENT_3D ( 'NONE', #9190, #7026, #285 ) ;
#7265 = VERTEX_POINT ( 'NONE', #3402 ) ;
#7266 = CARTESIAN_POINT ( 'NONE',  ( -11.58132636226747358, 0.6799491998980069507, -5.044339718367443659 ) ) ;
#7267 = EDGE_CURVE ( 'NONE', #1515, #2895, #2841, .T. ) ;
#7268 = DIRECTION ( 'NONE',  ( 0.000000000000000000, 0.000000000000000000, -1.000000000000000000 ) ) ;
#7269 = CARTESIAN_POINT ( 'NONE',  ( -15.90722708503516181, 1.079949199897995760, 18.33400459057135379 ) ) ;
#7270 = DIRECTION ( 'NONE',  ( -0.000000000000000000, -1.000000000000000000, -0.000000000000000000 ) ) ;
#7271 = ORIENTED_EDGE ( 'NONE', *, *, #8741, .T. ) ;
#7272 = CARTESIAN_POINT ( 'NONE',  ( 15.59597702946299158, 1.922312212400475229, 17.97670638500412110 ) ) ;
#7273 = DIRECTION ( 'NONE',  ( -0.000000000000000000, 1.000000000000000000, 0.000000000000000000 ) ) ;
#7274 = CARTESIAN_POINT ( 'NONE',  ( 7.189620572146070643, -0.5200508001019920057, 2.581012364937203429 ) ) ;
#7275 = DIRECTION ( 'NONE',  ( -0.000000000000000000, -1.000000000000000000, -0.000000000000000000 ) ) ;
#7276 = FACE_OUTER_BOUND ( 'NONE', #7294, .T. ) ;
#7277 = DIRECTION ( 'NONE',  ( 0.000000000000000000, -1.000000000000000000, 0.000000000000000000 ) ) ;
#7278 = ORIENTED_EDGE ( 'NONE', *, *, #8323, .T. ) ;
#7279 = CARTESIAN_POINT ( 'NONE',  ( 1.796030365446742438, 0.6799491998980070617, -8.811367675216034812 ) ) ;
#7280 = AXIS2_PLACEMENT_3D ( 'NONE', #8587, #4931, #8788 ) ;
#7281 = FACE_OUTER_BOUND ( 'NONE', #30, .T. ) ;
#7282 = ORIENTED_EDGE ( 'NONE', *, *, #2173, .T. ) ;
#7283 = CARTESIAN_POINT ( 'NONE',  ( -13.54270751866503275, 2.079949199897994205, -21.59809835580037429 ) ) ;
#7284 = ORIENTED_EDGE ( 'NONE', *, *, #991, .T. ) ;
#7285 = CARTESIAN_POINT ( 'NONE',  ( -4.680119986780360009, -0.5200508001019926718, -7.489937399371506821 ) ) ;
#7286 = CIRCLE ( 'NONE', #6810, 6.324999999999955769 ) ;
#7287 = ORIENTED_EDGE ( 'NONE', *, *, #1730, .T. ) ;
#7288 = CARTESIAN_POINT ( 'NONE',  ( -15.44665403216956001, 2.001661986847134589, 17.92811078385087953 ) ) ;
#7289 = ORIENTED_EDGE ( 'NONE', *, *, #4951, .F. ) ;
#7290 = CARTESIAN_POINT ( 'NONE',  ( -9.761286389101249128, 0.6799491998980070617, 1.937401928278382091 ) ) ;
#7291 = EDGE_CURVE ( 'NONE', #7384, #1103, #8024, .T. ) ;
#7292 = CARTESIAN_POINT ( 'NONE',  ( -9.799999999999997158, 0.000000000000000000, -22.22652707358078317 ) ) ;
#7293 = CARTESIAN_POINT ( 'NONE',  ( -4.545811476297313192, -0.3200508001019938820, 9.468699212996995129 ) ) ;
#7294 = EDGE_LOOP ( 'NONE', ( #5785, #8028, #5057, #7856 ) ) ;
#7295 = CARTESIAN_POINT ( 'NONE',  ( 5.472556235500118049, 3.379949199898008239, 2.745328114647923812 ) ) ;
#7296 = CARTESIAN_POINT ( 'NONE',  ( -8.408262176174774893, -0.3200508001019928828, 1.744417326851897654 ) ) ;
#7297 = CARTESIAN_POINT ( 'NONE',  ( -6.914150854374013555, -0.5200508001019926718, -7.164139905725427582 ) ) ;
#7298 = CARTESIAN_POINT ( 'NONE',  ( 3.070741462008126366, -0.5200508001019926718, 9.309630773709153928 ) ) ;
#7299 = CARTESIAN_POINT ( 'NONE',  ( 6.726037378541433576, 0.6799491998980070617, 6.264293823295967734 ) ) ;
#7300 = ORIENTED_EDGE ( 'NONE', *, *, #7322, .F. ) ;
#7301 = CARTESIAN_POINT ( 'NONE',  ( 10.65253055056166254, 2.079949199898003975, 16.05072264368865476 ) ) ;
#7302 = CARTESIAN_POINT ( 'NONE',  ( -14.69382637518851631, 1.079949199897991319, 19.42579992853037751 ) ) ;
#7303 = CARTESIAN_POINT ( 'NONE',  ( 4.623886629484626809, 0.000000000000000000, 27.36205716750247063 ) ) ;
#7304 = EDGE_CURVE ( 'NONE', #9680, #2760, #7899, .T. ) ;
#7305 = CARTESIAN_POINT ( 'NONE',  ( 6.492098529844877675, -0.3200508001019938820, 3.380810076222466876 ) ) ;
#7306 = ORIENTED_EDGE ( 'NONE', *, *, #6059, .F. ) ;
#7307 = CARTESIAN_POINT ( 'NONE',  ( 0.4805815878833022969, 2.070878162679981482, 21.30856254340568512 ) ) ;
#7308 = LINE ( 'NONE', #7992, #9698 ) ;
#7309 = FACE_OUTER_BOUND ( 'NONE', #546, .T. ) ;
#7310 = CARTESIAN_POINT ( 'NONE',  ( 4.529849029835427032, -0.5200508001019926718, 6.055442242930848984 ) ) ;
#7311 = DIRECTION ( 'NONE',  ( 0.000000000000000000, 0.000000000000000000, -1.000000000000000000 ) ) ;
#7312 = ORIENTED_EDGE ( 'NONE', *, *, #4076, .T. ) ;
#7313 = CARTESIAN_POINT ( 'NONE',  ( 8.097978119328098856, 2.079949199898003975, 24.60120094879952646 ) ) ;
#7314 = CARTESIAN_POINT ( 'NONE',  ( -15.86618271776217703, 2.079949199897800138, 18.38513326746058496 ) ) ;
#7315 = EDGE_CURVE ( 'NONE', #3848, #3758, #9275, .T. ) ;
#7316 = FACE_OUTER_BOUND ( 'NONE', #2765, .T. ) ;
#7317 = ORIENTED_EDGE ( 'NONE', *, *, #5324, .T. ) ;
#7318 = CARTESIAN_POINT ( 'NONE',  ( -20.85023272854515497, 80.31423269831148559, 15.37711965874938969 ) ) ;
#7319 = DIRECTION ( 'NONE',  ( 0.000000000000000000, -1.000000000000000000, 0.000000000000000000 ) ) ;
#7320 = CARTESIAN_POINT ( 'NONE',  ( -7.125189569519050359, 1.689974599949017886, -3.048634710557540650 ) ) ;
#7321 = CARTESIAN_POINT ( 'NONE',  ( -14.45015257283010435, 0.000000000000000000, 20.62839693420014342 ) ) ;
#7322 = EDGE_CURVE ( 'NONE', #6551, #1340, #5028, .T. ) ;
#7323 = CARTESIAN_POINT ( 'NONE',  ( -25.51333992287130314, 1.079949199898004197, 5.875394879198343467 ) ) ;
#7324 = CARTESIAN_POINT ( 'NONE',  ( -15.94547738416087945, -0.000000000000000000, 18.28390237817157171 ) ) ;
#7325 = ORIENTED_EDGE ( 'NONE', *, *, #1606, .F. ) ;
#7326 = CARTESIAN_POINT ( 'NONE',  ( 2.445045298950248913, 0.6799491998980070617, -9.139304040519524719 ) ) ;
#7327 = ADVANCED_FACE ( 'NONE', ( #156 ), #9351, .T. ) ;
#7328 = DIRECTION ( 'NONE',  ( 0.000000000000000000, 1.000000000000000000, -0.000000000000000000 ) ) ;
#7329 = ORIENTED_EDGE ( 'NONE', *, *, #8972, .F. ) ;
#7330 = CARTESIAN_POINT ( 'NONE',  ( 15.96005151597502447, 2.079949199898002199, 18.26217084494136600 ) ) ;
#7331 = ORIENTED_EDGE ( 'NONE', *, *, #6264, .F. ) ;
#7332 = CARTESIAN_POINT ( 'NONE',  ( -5.007305336910791382, 3.379949199898008239, -7.513100848590894998 ) ) ;
#7333 = ORIENTED_EDGE ( 'NONE', *, *, #7347, .T. ) ;
#7334 = CARTESIAN_POINT ( 'NONE',  ( -15.44809040537462863, 2.000913541237435478, 17.92911813128528209 ) ) ;
#7335 = ORIENTED_EDGE ( 'NONE', *, *, #2115, .T. ) ;
#7336 = CARTESIAN_POINT ( 'NONE',  ( -7.758086850826582115, 0.6799491998980068397, 2.153097897499628655 ) ) ;
#7337 = CARTESIAN_POINT ( 'NONE',  ( -25.51333992287130314, 1.079949199898004197, 5.875394879198343467 ) ) ;
#7338 = CARTESIAN_POINT ( 'NONE',  ( -2.485330272427160647, 0.6799491998980070617, 12.23063204947169424 ) ) ;
#7339 = VERTEX_POINT ( 'NONE', #8567 ) ;
#7340 = CARTESIAN_POINT ( 'NONE',  ( 8.914647403222632605, 3.379949199898008239, -0.4181013114181424406 ) ) ;
#7341 = DIRECTION ( 'NONE',  ( -0.8660254037844422603, 0.000000000000000000, 0.4999999999999937272 ) ) ;
#7342 = CARTESIAN_POINT ( 'NONE',  ( 2.708534342100519243, -0.5200508001019926718, -6.801304341999404812 ) ) ;
#7343 = EDGE_CURVE ( 'NONE', #5240, #4318, #6627, .T. ) ;
#7344 = CARTESIAN_POINT ( 'NONE',  ( 3.491947033443773218, -0.5200508001019926718, 8.854551475444953468 ) ) ;
#7345 = CARTESIAN_POINT ( 'NONE',  ( -9.378262616523267425, 3.379949199898008239, -4.676305178017313047 ) ) ;
#7346 = EDGE_LOOP ( 'NONE', ( #4765, #9590, #3835, #8117 ) ) ;
#7347 = EDGE_CURVE ( 'NONE', #6074, #5865, #6146, .T. ) ;
#7348 = CARTESIAN_POINT ( 'NONE',  ( 6.897978119328096902, 2.079949199898024403, -11.00611445143712253 ) ) ;
#7349 = DIRECTION ( 'NONE',  ( -0.000000000000000000, -1.000000000000000000, -0.000000000000000000 ) ) ;
#7350 = CARTESIAN_POINT ( 'NONE',  ( 8.547521514137665477, -0.3200508001019938820, 1.644801569677004194 ) ) ;
#7351 = EDGE_LOOP ( 'NONE', ( #1541, #8164, #5903, #3372 ) ) ;
#7352 = CARTESIAN_POINT ( 'NONE',  ( 0.08892663900189898274, 1.071543104577956429, 22.39833509898979003 ) ) ;
#7353 = ORIENTED_EDGE ( 'NONE', *, *, #1825, .F. ) ;
#7354 = CARTESIAN_POINT ( 'NONE',  ( -8.102021880671902210, 2.079949199898024403, -11.00611445143712608 ) ) ;
#7355 = FACE_OUTER_BOUND ( 'NONE', #592, .T. ) ;
#7356 = CARTESIAN_POINT ( 'NONE',  ( 0.000000000000000000, 0.5799491998979778851, 0.000000000000000000 ) ) ;
#7357 = MANIFOLD_SOLID_BREP ( '\X2\570689d2\X0\12', #1052 ) ;
#7358 = CARTESIAN_POINT ( 'NONE',  ( 25.53222205937285594, 1.079949199898039280, -5.718398992511076528 ) ) ;
#7359 = ORIENTED_EDGE ( 'NONE', *, *, #5884, .T. ) ;
#7360 = AXIS2_PLACEMENT_3D ( 'NONE', #9181, #3317, #3862 ) ;
#7361 = CARTESIAN_POINT ( 'NONE',  ( -20.85023272854534682, 1.079949199897997758, -15.37711965874913034 ) ) ;
#7362 = EDGE_CURVE ( 'NONE', #4117, #2091, #5194, .T. ) ;
#7363 = CARTESIAN_POINT ( 'NONE',  ( -14.64670043040444014, 2.079949199897994205, 18.18876292454461918 ) ) ;
#7364 = CARTESIAN_POINT ( 'NONE',  ( 0.000000000000000000, 80.31423269831148559, 0.000000000000000000 ) ) ;
#7365 = VERTEX_POINT ( 'NONE', #8374 ) ;
#7366 = CONICAL_SURFACE ( 'NONE', #6127, 0.7000000000000061728, 0.7853981633974624899 ) ;
#7367 = CARTESIAN_POINT ( 'NONE',  ( -4.157332302906002752, 1.079949199897997758, 24.60120094879952646 ) ) ;
#7368 = LINE ( 'NONE', #4481, #8141 ) ;
#7369 = FACE_OUTER_BOUND ( 'NONE', #3141, .T. ) ;
#7370 = CARTESIAN_POINT ( 'NONE',  ( 25.51309696382763903, 2.079949199897991097, -5.876918927264333625 ) ) ;
#7371 = CARTESIAN_POINT ( 'NONE',  ( -15.89145088756157165, -0.000000000000000000, 18.35460962093619841 ) ) ;
#7372 = AXIS2_PLACEMENT_3D ( 'NONE', #4162, #2752, #1969 ) ;
#7373 = EDGE_CURVE ( 'NONE', #1544, #3320, #1592, .T. ) ;
#7374 = CARTESIAN_POINT ( 'NONE',  ( 7.211358593450921006, -0.3200508001019938820, -8.344913808218818119 ) ) ;
#7375 = VECTOR ( 'NONE', #3465, 999.9999999999998863 ) ;
#7376 = DIRECTION ( 'NONE',  ( -0.9928010634657749023, 0.000000000000000000, -0.1197749906333803460 ) ) ;
#7377 = VERTEX_POINT ( 'NONE', #4073 ) ;
#7378 = CARTESIAN_POINT ( 'NONE',  ( 25.57847377689379442, 0.000000000000000000, 5.403601807681492453 ) ) ;
#7379 = ORIENTED_EDGE ( 'NONE', *, *, #4755, .F. ) ;
#7380 = AXIS2_PLACEMENT_3D ( 'NONE', #8420, #1683, #7683 ) ;
#7381 = CARTESIAN_POINT ( 'NONE',  ( -5.655206687625675244, -0.5200508001019926718, 2.501541426704192439 ) ) ;
#7382 = EDGE_CURVE ( 'NONE', #8242, #8713, #3471, .T. ) ;
#7383 = DIRECTION ( 'NONE',  ( 0.000000000000000000, -1.000000000000000000, -0.000000000000000000 ) ) ;
#7384 = VERTEX_POINT ( 'NONE', #354 ) ;
#7385 = CIRCLE ( 'NONE', #8628, 3.924999999999956302 ) ;
#7386 = CARTESIAN_POINT ( 'NONE',  ( -9.414381687482025640, -0.3200508001019938820, 0.8643948962948768688 ) ) ;
#7387 = EDGE_CURVE ( 'NONE', #4160, #4479, #4612, .T. ) ;
#7388 = CARTESIAN_POINT ( 'NONE',  ( 4.050532081912423976, -0.3200508001019928828, 10.03225237902155165 ) ) ;
#7389 = AXIS2_PLACEMENT_3D ( 'NONE', #1479, #9043, #7472 ) ;
#7390 = DIRECTION ( 'NONE',  ( 0.000000000000000000, 1.000000000000000000, 0.000000000000000000 ) ) ;
#7392 = ORIENTED_EDGE ( 'NONE', *, *, #7002, .T. ) ;
#7391 = AXIS2_PLACEMENT_3D ( 'NONE', #3384, #4273, #7341 ) ;
#7393 = EDGE_LOOP ( 'NONE', ( #5765, #4357, #4705, #6724 ) ) ;
#7394 = CARTESIAN_POINT ( 'NONE',  ( -14.24982911188724621, 0.000000000000000000, 20.28142652189907125 ) ) ;
#7395 = CARTESIAN_POINT ( 'NONE',  ( -9.645070551183874130, -0.5200508001019926718, -3.729512064367662916 ) ) ;
#7396 = DIRECTION ( 'NONE',  ( 0.000000000000000000, 1.000000000000000000, -0.000000000000000000 ) ) ;
#7397 = CARTESIAN_POINT ( 'NONE',  ( -9.686731031075179743, 3.379949199898008239, -3.407052322335027306 ) ) ;
#7398 = EDGE_LOOP ( 'NONE', ( #2639, #4839, #5862, #4844 ) ) ;
#7399 = DIRECTION ( 'NONE',  ( 0.9882280965483136725, 0.000000000000000000, -0.1529876766033688440 ) ) ;
#7400 = AXIS2_PLACEMENT_3D ( 'NONE', #8007, #1420, #7423 ) ;
#7401 = LINE ( 'NONE', #2269, #9082 ) ;
#7402 = CARTESIAN_POINT ( 'NONE',  ( 6.985903509384296939, -0.3200508001019938820, 2.783103774753353132 ) ) ;
#7403 = VERTEX_POINT ( 'NONE', #7737 ) ;
#7404 = CARTESIAN_POINT ( 'NONE',  ( -0.1583109092923418171, 2.280054244667655272, 22.40133311044393238 ) ) ;
#7405 = COLOUR_RGB ( '',0.7921568627450980005, 0.8196078431372548767, 0.9333333333333333481 ) ;
#7406 = AXIS2_PLACEMENT_3D ( 'NONE', #4615, #9707, #8325 ) ;
#7407 = CARTESIAN_POINT ( 'NONE',  ( -20.85023272854515497, 0.000000000000000000, 15.37711965874938969 ) ) ;
#7408 = ORIENTED_EDGE ( 'NONE', *, *, #9357, .F. ) ;
#7409 = DIRECTION ( 'NONE',  ( 0.000000000000000000, 0.000000000000000000, -1.000000000000000000 ) ) ;
#7410 = CARTESIAN_POINT ( 'NONE',  ( 9.084716761247866756, -0.5200508001019926718, -0.6875950358792026762 ) ) ;
#7411 = CARTESIAN_POINT ( 'NONE',  ( 0.000000000000000000, 1.089999706236841170, 0.000000000000000000 ) ) ;
#7412 = VERTEX_POINT ( 'NONE', #6997 ) ;
#7413 = CIRCLE ( 'NONE', #487, 2.000000000000000000 ) ;
#7414 = CARTESIAN_POINT ( 'NONE',  ( -16.44997123527521765, 0.000000000000000000, -17.99855740762624379 ) ) ;
#7415 = CARTESIAN_POINT ( 'NONE',  ( -15.79532615413678798, 2.079949199897948908, 18.46757971641288520 ) ) ;
#7416 = EDGE_CURVE ( 'NONE', #6446, #9339, #6935, .T. ) ;
#7417 = CARTESIAN_POINT ( 'NONE',  ( -22.43637778381093284, 3.379949199898008239, 16.33007813643631323 ) ) ;
#7418 = ORIENTED_EDGE ( 'NONE', *, *, #5688, .F. ) ;
#7419 = DIRECTION ( 'NONE',  ( 0.000000000000000000, 1.000000000000000000, 0.000000000000000000 ) ) ;
#7420 = DIRECTION ( 'NONE',  ( 0.000000000000000000, 1.000000000000000000, -0.000000000000000000 ) ) ;
#7421 = DIRECTION ( 'NONE',  ( -0.000000000000000000, 1.000000000000000000, -0.000000000000000000 ) ) ;
#7422 = AXIS2_PLACEMENT_3D ( 'NONE', #954, #4526, #2282 ) ;
#7423 = DIRECTION ( 'NONE',  ( 0.000000000000000000, 0.000000000000000000, -1.000000000000000000 ) ) ;
#7424 = CARTESIAN_POINT ( 'NONE',  ( 15.75262464466481482, 1.387778780781445676E-14, 18.51837490830054733 ) ) ;
#7425 = DIRECTION ( 'NONE',  ( 0.000000000000000000, 0.000000000000000000, -1.000000000000000000 ) ) ;
#7426 = CIRCLE ( 'NONE', #6950, 14.00000000000000178 ) ;
#7427 = CARTESIAN_POINT ( 'NONE',  ( 15.77634124221046363, -2.081668171172169144E-14, 18.48981556254649661 ) ) ;
#7428 = ADVANCED_FACE ( 'NONE', ( #7634 ), #3197, .T. ) ;
#7429 = ORIENTED_EDGE ( 'NONE', *, *, #5630, .F. ) ;
#7430 = LINE ( 'NONE', #642, #3265 ) ;
#7431 = EDGE_LOOP ( 'NONE', ( #3266, #4302, #959, #1223 ) ) ;
#7432 = CARTESIAN_POINT ( 'NONE',  ( -5.395739651539061654, 3.379949199898008239, 2.880759949170351053 ) ) ;
#7433 = AXIS2_PLACEMENT_3D ( 'NONE', #7853, #4777, #1849 ) ;
#7434 = CARTESIAN_POINT ( 'NONE',  ( -10.75815941377098284, 1.320843895388924327, 23.28147983445229130 ) ) ;
#7435 = CARTESIAN_POINT ( 'NONE',  ( -10.79680809827955201, 0.6799491998979660945, -4.082222679590777226 ) ) ;
#7436 = CARTESIAN_POINT ( 'NONE',  ( 10.07189668597349019, -0.3200508001019928828, -0.003323444384599385376 ) ) ;
#7437 = AXIS2_PLACEMENT_3D ( 'NONE', #805, #6115, #4712 ) ;
#7438 = EDGE_CURVE ( 'NONE', #2447, #130, #254, .T. ) ;
#7439 = CARTESIAN_POINT ( 'NONE',  ( 14.67388898183923374, 1.079949199887976663, 19.43890941058948130 ) ) ;
#7440 = ORIENTED_EDGE ( 'NONE', *, *, #5898, .T. ) ;
#7441 = CARTESIAN_POINT ( 'NONE',  ( 4.153879372919157653, 3.379949199898008239, 7.800291737514212009 ) ) ;
#7442 = EDGE_CURVE ( 'NONE', #4968, #4306, #4021, .T. ) ;
#7443 = DIRECTION ( 'NONE',  ( -0.000000000000000000, -1.000000000000000000, 0.000000000000000000 ) ) ;
#7444 = CARTESIAN_POINT ( 'NONE',  ( -9.489905415789301912, 3.379949199898008239, -4.368034375032027405 ) ) ;
#7445 = VERTEX_POINT ( 'NONE', #3818 ) ;
#7446 = DIRECTION ( 'NONE',  ( 0.000000000000000000, 1.000000000000000000, 0.000000000000000000 ) ) ;
#7447 = CARTESIAN_POINT ( 'NONE',  ( 10.47712141878733760, -0.5200508001019787940, -5.129011029298021995 ) ) ;
#7448 = EDGE_CURVE ( 'NONE', #8098, #1331, #9079, .T. ) ;
#7449 = CARTESIAN_POINT ( 'NONE',  ( 5.815056098594904022, -0.3200508001019938820, 5.069896699290383779 ) ) ;
#7450 = ORIENTED_EDGE ( 'NONE', *, *, #5295, .F. ) ;
#7451 = CARTESIAN_POINT ( 'NONE',  ( -15.94893020610339818, 1.079949199900575696, 18.27803342811832721 ) ) ;
#7452 = DIRECTION ( 'NONE',  ( -0.000000000000000000, -1.000000000000000000, -0.000000000000000000 ) ) ;
#7453 = DIRECTION ( 'NONE',  ( 0.000000000000000000, 0.000000000000000000, -1.000000000000000000 ) ) ;
#7454 = DIRECTION ( 'NONE',  ( -0.9996019420189229399, 0.000000000000000000, -0.02821271897562873873 ) ) ;
#7455 = ORIENTED_EDGE ( 'NONE', *, *, #9036, .F. ) ;
#7456 = CARTESIAN_POINT ( 'NONE',  ( 25.51331937384174608, 2.079949199897993761, 5.875506842993734935 ) ) ;
#7457 = CARTESIAN_POINT ( 'NONE',  ( -14.40813922126655022, 1.979949199898009660, 19.61364848793045468 ) ) ;
#7458 = CARTESIAN_POINT ( 'NONE',  ( 25.57810035232023083, 0.000000000000000000, -5.406252687022702119 ) ) ;
#7459 = ORIENTED_EDGE ( 'NONE', *, *, #2793, .F. ) ;
#7460 = DIRECTION ( 'NONE',  ( -0.2196660291508036600, 0.000000000000000000, -0.9755751306983579951 ) ) ;
#7461 = CARTESIAN_POINT ( 'NONE',  ( -23.83921819491261829, 2.079949199898003975, 8.620567026324156501 ) ) ;
#7462 = FACE_OUTER_BOUND ( 'NONE', #6182, .T. ) ;
#7463 = FACE_OUTER_BOUND ( 'NONE', #3864, .T. ) ;
#7464 = CARTESIAN_POINT ( 'NONE',  ( 15.62587276064558672, 0.000000000000000000, 18.64942885424222396 ) ) ;
#7465 = EDGE_CURVE ( 'NONE', #574, #1630, #8345, .T. ) ;
#7466 = CARTESIAN_POINT ( 'NONE',  ( 3.304977420848169700, -0.3200508001019938820, -8.411561197961107794 ) ) ;
#7467 = FACE_OUTER_BOUND ( 'NONE', #5123, .T. ) ;
#7468 = VERTEX_POINT ( 'NONE', #179 ) ;
#7469 = CARTESIAN_POINT ( 'NONE',  ( -15.17887324216729361, 1.079949199897997758, 19.06130870443169201 ) ) ;
#7470 = ORIENTED_EDGE ( 'NONE', *, *, #1158, .T. ) ;
#7471 = CARTESIAN_POINT ( 'NONE',  ( -6.318594350640745816, 3.379949199898008239, 1.757993006381758372 ) ) ;
#7472 = DIRECTION ( 'NONE',  ( 0.9882243943189460422, 0.000000000000000000, 0.1530115893419588535 ) ) ;
#7473 = CARTESIAN_POINT ( 'NONE',  ( -11.84208733950099202, 0.6799491998980070617, -3.903078925702473612 ) ) ;
#7474 = DIRECTION ( 'NONE',  ( -0.000000000000000000, -1.000000000000000000, -0.000000000000000000 ) ) ;
#7475 = CARTESIAN_POINT ( 'NONE',  ( 24.54085702557714654, 2.079949199898003975, 5.587030643812789243 ) ) ;
#7476 = CARTESIAN_POINT ( 'NONE',  ( -6.739734451054514963, 0.6799491998980070617, 5.728005957775219592 ) ) ;
#7477 = ORIENTED_EDGE ( 'NONE', *, *, #2492, .T. ) ;
#7478 = CARTESIAN_POINT ( 'NONE',  ( -0.3767042919812826907, 3.379949199898008239, 10.48876276879989433 ) ) ;
#7479 = LINE ( 'NONE', #5160, #5670 ) ;
#7480 = CARTESIAN_POINT ( 'NONE',  ( -0.07427833882031341373, 3.379949199898008239, -6.100061353294050193 ) ) ;
#7481 = ORIENTED_EDGE ( 'NONE', *, *, #6226, .F. ) ;
#7482 = CARTESIAN_POINT ( 'NONE',  ( 10.09309506776796717, 80.31423269831148559, -21.88175196393321542 ) ) ;
#7483 = EDGE_CURVE ( 'NONE', #8098, #3552, #5513, .T. ) ;
#7484 = CARTESIAN_POINT ( 'NONE',  ( 5.768584668424082018, -0.5200508001019787940, 5.346989849822679552 ) ) ;
#7485 = CARTESIAN_POINT ( 'NONE',  ( 5.737343483648827736, -0.3200508001019938820, 5.749867201976333497 ) ) ;
#7486 = ORIENTED_EDGE ( 'NONE', *, *, #9444, .T. ) ;
#7487 = CARTESIAN_POINT ( 'NONE',  ( -0.1789686915366790476, 1.073159835012273300, 22.40265655810233270 ) ) ;
#7488 = CARTESIAN_POINT ( 'NONE',  ( -15.94893020610333245, 1.211824781098899129, 18.27803342811842313 ) ) ;
#7489 = CARTESIAN_POINT ( 'NONE',  ( 25.57573688151069291, 1.079949199897997536, 5.421278029423110212 ) ) ;
#7490 = CARTESIAN_POINT ( 'NONE',  ( 9.634643386017490485, 3.379949199898008239, -2.176926837662050307 ) ) ;
#7491 = ORIENTED_EDGE ( 'NONE', *, *, #8128, .F. ) ;
#7492 = DIRECTION ( 'NONE',  ( -0.000000000000000000, -1.000000000000000000, -0.000000000000000000 ) ) ;
#7493 = ADVANCED_FACE ( 'NONE', ( #2483 ), #2435, .F. ) ;
#7494 = EDGE_LOOP ( 'NONE', ( #7582, #3492, #3370, #3345 ) ) ;
#7495 = DIRECTION ( 'NONE',  ( 0.000000000000000000, 1.000000000000000000, -0.000000000000000000 ) ) ;
#7496 = DIRECTION ( 'NONE',  ( 0.000000000000000000, 0.000000000000000000, -1.000000000000000000 ) ) ;
#7497 = CIRCLE ( 'NONE', #6571, 21.47989898732234693 ) ;
#7498 = CARTESIAN_POINT ( 'NONE',  ( -6.902021880671902920, 2.579949199898003975, -10.30611445143711968 ) ) ;
#7499 = ORIENTED_EDGE ( 'NONE', *, *, #5562, .F. ) ;
#7500 = CYLINDRICAL_SURFACE ( 'NONE', #8519, 2.800000000000000266 ) ;
#7501 = PLANE ( 'NONE',  #122 ) ;
#7502 = CARTESIAN_POINT ( 'NONE',  ( 22.43637778381109982, 0.000000000000000000, 16.33007813643608230 ) ) ;
#7503 = B_SPLINE_SURFACE_WITH_KNOTS ( 'NONE', 3, 1, ( 
 ( #3302, #8480 ),
 ( #3347, #6326 ),
 ( #7105, #4766 ),
 ( #1100, #1004 ) ),
 .UNSPECIFIED., .F., .F., .F.,
 ( 4, 4 ),
 ( 2, 2 ),
 ( 0.000000000000000000, 1.000000000000000000 ),
 ( 0.000000000000000000, 1.000000000000000000 ),
 .UNSPECIFIED. ) ;
#7504 = CARTESIAN_POINT ( 'NONE',  ( 26.94193403549820687, 3.379949199898008239, -5.750652153632183960 ) ) ;
#7505 = CYLINDRICAL_SURFACE ( 'NONE', #782, 3.924999999999956302 ) ;
#7506 = CIRCLE ( 'NONE', #3414, 1.000000000000000444 ) ;
#7507 = CARTESIAN_POINT ( 'NONE',  ( 8.104891120752911959, 0.6799491998979646512, -7.911849534679226359 ) ) ;
#7508 = B_SPLINE_CURVE_WITH_KNOTS ( 'NONE', 3,
 ( #9657, #2909, #2761, #7195, #7934, #4224, #561, #5766, #3443, #6469, #9455, #2713 ),
 .UNSPECIFIED., .F., .F.,
 ( 4, 2, 2, 2, 2, 4 ),
 ( 0.000000000000000000, 0.0001327169374564266490, 0.0002654338749128532979, 0.0005308677498256986812, 0.001061735499651385870, 0.002123470999302760030 ),
 .UNSPECIFIED. ) ;
#7509 = DIRECTION ( 'NONE',  ( 0.5671604621984291938, 0.000000000000000000, -0.8236073154840627408 ) ) ;
#7510 = ORIENTED_EDGE ( 'NONE', *, *, #4502, .F. ) ;
#7511 = CARTESIAN_POINT ( 'NONE',  ( 4.623886629484626809, 3.379949199898008239, 27.36205716750247063 ) ) ;
#7512 = EDGE_CURVE ( 'NONE', #579, #4419, #5036, .T. ) ;
#7513 = AXIS2_PLACEMENT_3D ( 'NONE', #2088, #7349, #2133 ) ;
#7514 = VERTEX_POINT ( 'NONE', #3906 ) ;
#7515 = CARTESIAN_POINT ( 'NONE',  ( -7.926573532466294481, -0.5200508001019926718, 0.6130644210296914975 ) ) ;
#7516 = DIRECTION ( 'NONE',  ( 0.000000000000000000, 1.000000000000000000, -0.000000000000000000 ) ) ;
#7517 = DIRECTION ( 'NONE',  ( 0.000000000000000000, 0.000000000000000000, -1.000000000000000000 ) ) ;
#7518 = CARTESIAN_POINT ( 'NONE',  ( -9.758379415718145822, -0.3200508001019938820, -6.422376429416202015 ) ) ;
#7519 = CIRCLE ( 'NONE', #2487, 1.500000000000001332 ) ;
#7520 = CARTESIAN_POINT ( 'NONE',  ( 9.251143003080921190, -0.3200508001019929383, 1.048985434896100966 ) ) ;
#7521 = DIRECTION ( 'NONE',  ( 0.000000000000000000, 0.000000000000000000, -1.000000000000000000 ) ) ;
#7522 = CIRCLE ( 'NONE', #1411, 27.75000000000000355 ) ;
#7523 = EDGE_CURVE ( 'NONE', #8849, #7265, #6708, .T. ) ;
#7524 = CARTESIAN_POINT ( 'NONE',  ( -6.916078164492592606, 0.6799491998980080609, 4.785527183007433294 ) ) ;
#7525 = EDGE_LOOP ( 'NONE', ( #4882, #5678, #8386, #7450 ) ) ;
#7526 = CARTESIAN_POINT ( 'NONE',  ( 9.095682545581571077, -0.5200508001019926718, -5.255590992977781539 ) ) ;
#7527 = CIRCLE ( 'NONE', #3907, 1.000000000000000222 ) ;
#7528 = CARTESIAN_POINT ( 'NONE',  ( -14.40813922126655022, 1.079949199898004197, 19.61364848793045468 ) ) ;
#7529 = CARTESIAN_POINT ( 'NONE',  ( -1.037323153333318260, 3.379949199898008239, -6.198933741207649284 ) ) ;
#7530 = ORIENTED_EDGE ( 'NONE', *, *, #5940, .F. ) ;
#7531 = AXIS2_PLACEMENT_3D ( 'NONE', #9112, #4572, #5371 ) ;
#7532 = CARTESIAN_POINT ( 'NONE',  ( -25.95844327459868239, -2.168404344971008868E-16, -1.811819077863813243 ) ) ;
#7533 = AXIS2_PLACEMENT_3D ( 'NONE', #2348, #2493, #4784 ) ;
#7534 = CIRCLE ( 'NONE', #2202, 3.924999999999956302 ) ;
#7535 = DIRECTION ( 'NONE',  ( 0.000000000000000000, 0.000000000000000000, -1.000000000000000000 ) ) ;
#7536 = CARTESIAN_POINT ( 'NONE',  ( 5.708070506673933231, -0.3200508001019938820, 6.474733649809073732 ) ) ;
#7537 = CARTESIAN_POINT ( 'NONE',  ( 15.15685912178877537, 1.079949199898004197, 20.79683650938151729 ) ) ;
#7538 = CARTESIAN_POINT ( 'NONE',  ( -25.57847377632323926, 1.079949199897995760, 5.403601811366236518 ) ) ;
#7539 = EDGE_CURVE ( 'NONE', #7514, #7833, #7560, .T. ) ;
#7540 = CARTESIAN_POINT ( 'NONE',  ( 21.70205276300486119, 1.079949199897997758, -14.94467817892890338 ) ) ;
#7541 = VECTOR ( 'NONE', #68, 1000.000000000000000 ) ;
#7542 = CARTESIAN_POINT ( 'NONE',  ( 25.53828913000124601, 0.000000000000000000, 5.677495824755493636 ) ) ;
#7543 = CARTESIAN_POINT ( 'NONE',  ( 8.515384284192865749, 3.379949199898008239, 0.08462991695931693092 ) ) ;
#7544 = AXIS2_PLACEMENT_3D ( 'NONE', #8246, #5990, #3856 ) ;
#7545 = EDGE_LOOP ( 'NONE', ( #6160, #240, #6553, #7916 ) ) ;
#7546 = CARTESIAN_POINT ( 'NONE',  ( 13.86899728391789210, 2.079949199898058598, 21.48359523605718024 ) ) ;
#7547 = EDGE_LOOP ( 'NONE', ( #4049, #2712, #7312, #957 ) ) ;
#7548 = CARTESIAN_POINT ( 'NONE',  ( 7.125189034579856973, 1.689974599949004119, 3.048635960803335987 ) ) ;
#7549 = CARTESIAN_POINT ( 'NONE',  ( 15.99407193982682607, 0.000000000000000000, -18.20803970888895051 ) ) ;
#7550 = CIRCLE ( 'NONE', #955, 1.999999999999998224 ) ;
#7551 = CARTESIAN_POINT ( 'NONE',  ( -8.908139190586950917, -0.5200508001019920057, -7.560882453976804918 ) ) ;
#7552 = ORIENTED_EDGE ( 'NONE', *, *, #8871, .F. ) ;
#7553 = CARTESIAN_POINT ( 'NONE',  ( -11.07562210988922580, -0.3200508001019800042, -3.112996942900909669 ) ) ;
#7554 = DIRECTION ( 'NONE',  ( -0.000000000000000000, -1.000000000000000000, -0.000000000000000000 ) ) ;
#7555 = EDGE_CURVE ( 'NONE', #3320, #7852, #8032, .T. ) ;
#7556 = CARTESIAN_POINT ( 'NONE',  ( -25.55375496419871695, 1.079949199898490031, -5.563512390125753271 ) ) ;
#7557 = CARTESIAN_POINT ( 'NONE',  ( 15.84608406427897442, 1.569066730991305780, -18.20638563465272242 ) ) ;
#7558 = CARTESIAN_POINT ( 'NONE',  ( -7.945904289158329803, 80.31423269831148559, -25.65800147412661403 ) ) ;
#7559 = EDGE_CURVE ( 'NONE', #3535, #7030, #9284, .T. ) ;
#7560 = CIRCLE ( 'NONE', #2525, 3.924999999999956302 ) ;
#7561 = CARTESIAN_POINT ( 'NONE',  ( 4.597461561351096293, -0.3200508001019938820, -8.694223709491311070 ) ) ;
#7562 = CARTESIAN_POINT ( 'NONE',  ( -26.96161968753904858, 1.694065894508600678E-18, -5.620435433936790126 ) ) ;
#7563 = CARTESIAN_POINT ( 'NONE',  ( -20.85023272854515497, 1.079949199897997758, 15.37711965874938969 ) ) ;
#7564 = VECTOR ( 'NONE', #3447, 1000.000000000000114 ) ;
#7565 = DIRECTION ( 'NONE',  ( -0.000000000000000000, -1.000000000000000000, -0.000000000000000000 ) ) ;
#7566 = ORIENTED_EDGE ( 'NONE', *, *, #8624, .F. ) ;
#7567 = CARTESIAN_POINT ( 'NONE',  ( -6.822399544555387330, 3.379949199898008239, 1.337113034651672638 ) ) ;
#7568 = CIRCLE ( 'NONE', #8925, 0.5000000000000004441 ) ;
#7569 = CARTESIAN_POINT ( 'NONE',  ( 8.886182204510234328, -0.3200508001019929383, -7.353328060948116196 ) ) ;
#7570 = CARTESIAN_POINT ( 'NONE',  ( -9.450482892799600521, -0.5200508001019926718, -1.475565097142745419 ) ) ;
#7571 = CARTESIAN_POINT ( 'NONE',  ( -10.85279386986982431, 1.567419126576428567, 23.14442476763968060 ) ) ;
#7572 = CARTESIAN_POINT ( 'NONE',  ( -11.44884610143441250, 0.6799491998980070617, -0.5422495047003532687 ) ) ;
#7573 = AXIS2_PLACEMENT_3D ( 'NONE', #1074, #8454, #8507 ) ;
#7574 = CARTESIAN_POINT ( 'NONE',  ( -2.568620528208124476, -0.3200508001019929383, 11.09703608194834601 ) ) ;
#7575 = DIRECTION ( 'NONE',  ( -0.6757929051282963728, -0.000000000000000000, -0.7370915474880019858 ) ) ;
#7576 = DIRECTION ( 'NONE',  ( -0.000000000000000000, -1.000000000000000000, -0.000000000000000000 ) ) ;
#7577 = ORIENTED_EDGE ( 'NONE', *, *, #9375, .T. ) ;
#7578 = CARTESIAN_POINT ( 'NONE',  ( 3.772336338493393004, 3.379949199898008239, 8.477862938623330180 ) ) ;
#7579 = CIRCLE ( 'NONE', #2870, 20.00000000000000000 ) ;
#7580 = CARTESIAN_POINT ( 'NONE',  ( 15.13888207022447929, 2.079949199897994205, -17.69148638132829277 ) ) ;
#7581 = DIRECTION ( 'NONE',  ( 0.000000000000000000, 0.000000000000000000, 1.000000000000000000 ) ) ;
#7582 = ORIENTED_EDGE ( 'NONE', *, *, #7416, .T. ) ;
#7583 = CARTESIAN_POINT ( 'NONE',  ( 21.15717546953937855, 80.31423269831148559, -14.79266425619381486 ) ) ;
#7584 = ADVANCED_FACE ( 'NONE', ( #5390 ), #4629, .F. ) ;
#7585 = CIRCLE ( 'NONE', #360, 3.924999999999956302 ) ;
#7586 = CARTESIAN_POINT ( 'NONE',  ( 9.686114566101197809, -0.5200508001019787940, 0.6089246578559808221 ) ) ;
#7587 = CARTESIAN_POINT ( 'NONE',  ( 5.732936598294174679, -0.3200508001019938820, 5.848207774662269820 ) ) ;
#7588 = CARTESIAN_POINT ( 'NONE',  ( 14.75469450036888297, 1.656734899630344593, -21.04657884188999617 ) ) ;
#7589 = CYLINDRICAL_SURFACE ( 'NONE', #8005, 20.00000000000000000 ) ;
#7590 = CARTESIAN_POINT ( 'NONE',  ( -15.56356026986522600, 1.954235465720560061, 17.95787383774453971 ) ) ;
#7591 = FACE_OUTER_BOUND ( 'NONE', #4312, .T. ) ;
#7592 = LINE ( 'NONE', #7784, #1092 ) ;
#7593 = EDGE_LOOP ( 'NONE', ( #5759, #7750, #1380, #5316 ) ) ;
#7594 = CARTESIAN_POINT ( 'NONE',  ( -10.02538718874729540, 1.079949199897997758, 22.26447847739669328 ) ) ;
#7595 = EDGE_LOOP ( 'NONE', ( #9241, #6002, #2135, #475 ) ) ;
#7596 = FACE_OUTER_BOUND ( 'NONE', #7494, .T. ) ;
#7597 = CYLINDRICAL_SURFACE ( 'NONE', #1755, 2.499999999999998668 ) ;
#7598 = CARTESIAN_POINT ( 'NONE',  ( -9.845662866750824804, -0.5200508001019920057, 0.4032856144999129033 ) ) ;
#7599 = ORIENTED_EDGE ( 'NONE', *, *, #8755, .F. ) ;
#7600 = CARTESIAN_POINT ( 'NONE',  ( -3.543302841235765221, -0.5200508001019856774, -8.489869710390882673 ) ) ;
#7601 = EDGE_CURVE ( 'NONE', #6023, #649, #6313, .T. ) ;
#7602 = EDGE_LOOP ( 'NONE', ( #4996, #3952, #1945, #1660, #1299 ) ) ;
#7603 = CARTESIAN_POINT ( 'NONE',  ( 15.74678416164553418, 1.740360440411204079, 18.13735118798012635 ) ) ;
#7604 = CARTESIAN_POINT ( 'NONE',  ( 14.88316527472231954, 1.079949199898004197, -20.37839693420014697 ) ) ;
#7605 = DIRECTION ( 'NONE',  ( 0.000000000000000000, -1.000000000000000000, 0.000000000000000000 ) ) ;
#7606 = CARTESIAN_POINT ( 'NONE',  ( -13.38380370810280517, 2.079949199898003975, 20.78142652189906414 ) ) ;
#7607 = ADVANCED_FACE ( 'NONE', ( #3072 ), #5280, .F. ) ;
#7608 = CARTESIAN_POINT ( 'NONE',  ( 14.47793423166683624, 3.379949199898008239, 21.44763243253714435 ) ) ;
#7609 = CARTESIAN_POINT ( 'NONE',  ( 13.99999999999999645, 2.079949199898003975, -25.49999999999999645 ) ) ;
#7610 = EDGE_CURVE ( 'NONE', #3033, #9568, #228, .T. ) ;
#7611 = CARTESIAN_POINT ( 'NONE',  ( 10.47712141880309922, 36.00942792662765868, -5.129011029259026522 ) ) ;
#7612 = CARTESIAN_POINT ( 'NONE',  ( 25.99338436484189074, 1.079949199897997758, 1.805135512049809376 ) ) ;
#7613 = VERTEX_POINT ( 'NONE', #3860 ) ;
#7614 = CARTESIAN_POINT ( 'NONE',  ( -17.23131124203197828, 1.740068548871501086, -18.86320297791350242 ) ) ;
#7615 = CARTESIAN_POINT ( 'NONE',  ( 3.275052800219853566, -0.5200508001019926718, -7.111894061741624640 ) ) ;
#7616 = DIRECTION ( 'NONE',  ( 0.000000000000000000, 0.000000000000000000, -1.000000000000000000 ) ) ;
#7617 = CARTESIAN_POINT ( 'NONE',  ( -4.677227697697513342, -0.3200508001019938820, -8.700263431092055910 ) ) ;
#7618 = EDGE_CURVE ( 'NONE', #5284, #4028, #2062, .T. ) ;
#7619 = CARTESIAN_POINT ( 'NONE',  ( 26.96198792745413542, 3.379949199898008239, 5.617818042358747377 ) ) ;
#7620 = DIRECTION ( 'NONE',  ( -0.7370915474880016527, 0.000000000000000000, 0.6757929051282968169 ) ) ;
#7621 = CARTESIAN_POINT ( 'NONE',  ( 14.64642751388163511, 2.079949199897973333, 18.18899889728355745 ) ) ;
#7622 = ORIENTED_EDGE ( 'NONE', *, *, #1360, .T. ) ;
#7623 = CARTESIAN_POINT ( 'NONE',  ( 2.044987863812408602, 3.379949199898008239, 10.01830590626130757 ) ) ;
#7624 = CARTESIAN_POINT ( 'NONE',  ( 15.76266720121395970, 2.079949199897564771, -18.50325782325150925 ) ) ;
#7625 = CARTESIAN_POINT ( 'NONE',  ( 4.157332302905997423, 0.000000000000000000, 24.60120094879952646 ) ) ;
#7626 = ORIENTED_EDGE ( 'NONE', *, *, #5902, .F. ) ;
#7627 = CARTESIAN_POINT ( 'NONE',  ( 25.51277363994716652, 0.000000000000000000, 10.91608360158611291 ) ) ;
#7628 = CARTESIAN_POINT ( 'NONE',  ( -5.772616132690109758, -0.3200508001019800042, 5.317298711490815677 ) ) ;
#7629 = B_SPLINE_CURVE_WITH_KNOTS ( 'NONE', 3,
 ( #5977, #3058, #110, #1545, #900, #4474, #2236, #3155, #9021, #3102, #6907, #3015, #6123, #6771 ),
 .UNSPECIFIED., .F., .F.,
 ( 4, 2, 2, 2, 2, 2, 4 ),
 ( 0.000000000000000000, 0.2502111562625195518, 0.3751491981393855202, 0.5000872400162514886, 0.7497395623607139292, 0.8748697811803569646, 1.000000000000000000 ),
 .UNSPECIFIED. ) ;
#7630 = CARTESIAN_POINT ( 'NONE',  ( 7.026806521716261855, 0.6799491998980070617, 4.479079745854353867 ) ) ;
#7631 = DIRECTION ( 'NONE',  ( -1.000000000000000000, -0.000000000000000000, -0.000000000000000000 ) ) ;
#7632 = EDGE_CURVE ( 'NONE', #429, #1331, #9608, .T. ) ;
#7633 = EDGE_CURVE ( 'NONE', #8731, #8874, #6141, .T. ) ;
#7634 = FACE_OUTER_BOUND ( 'NONE', #1998, .T. ) ;
#7635 = CARTESIAN_POINT ( 'NONE',  ( -15.40816618517820835, 2.028726639165907120, 17.86702342283306777 ) ) ;
#7636 = CARTESIAN_POINT ( 'NONE',  ( -14.84826674322872364, 1.579830166682207437, 20.99463615938765315 ) ) ;
#7637 = CARTESIAN_POINT ( 'NONE',  ( -2.490181574056603342, 0.6799491998980070617, 12.22870980903093674 ) ) ;
#7638 = EDGE_LOOP ( 'NONE', ( #8502, #5714, #899, #8992 ) ) ;
#7639 = CARTESIAN_POINT ( 'NONE',  ( -5.964385371679431280, -0.3200508001019938820, 4.478475350074480943 ) ) ;
#7640 = CARTESIAN_POINT ( 'NONE',  ( 14.40813922126655378, 1.979949199898009660, -19.61364848793045113 ) ) ;
#7641 = CARTESIAN_POINT ( 'NONE',  ( 17.23131124203197473, 3.379949199898008239, -18.86320297791349176 ) ) ;
#7642 = DIRECTION ( 'NONE',  ( -0.000000000000000000, -1.000000000000000000, -0.000000000000000000 ) ) ;
#7643 = VERTEX_POINT ( 'NONE', #4682 ) ;
#7644 = CARTESIAN_POINT ( 'NONE',  ( -3.062440119029973484, -0.3200508001019800042, -8.318723057359077799 ) ) ;
#7645 = ORIENTED_EDGE ( 'NONE', *, *, #3331, .F. ) ;
#7646 = VECTOR ( 'NONE', #7275, 1000.000000000000000 ) ;
#7647 = CARTESIAN_POINT ( 'NONE',  ( 15.79294481311861809, 1.690548818815231114, 18.14295891095290614 ) ) ;
#7648 = DIRECTION ( 'NONE',  ( -0.000000000000000000, 1.000000000000000000, -0.000000000000000000 ) ) ;
#7649 = CARTESIAN_POINT ( 'NONE',  ( -4.532543826185495561, -0.5200508001019926718, 5.917358236942991567 ) ) ;
#7650 = CARTESIAN_POINT ( 'NONE',  ( 4.623886629484627697, 80.31423269831148559, 27.36205716750247419 ) ) ;
#7651 = EDGE_CURVE ( 'NONE', #8802, #843, #8819, .T. ) ;
#7652 = TOROIDAL_SURFACE ( 'NONE', #5931, 1.500000000000000000, 1.000000000000000000 ) ;
#7653 = DIRECTION ( 'NONE',  ( 0.000000000000000000, 1.000000000000000000, -0.000000000000000000 ) ) ;
#7654 = DIRECTION ( 'NONE',  ( -0.000000000000000000, -1.000000000000000000, -0.000000000000000000 ) ) ;
#7655 = CARTESIAN_POINT ( 'NONE',  ( -0.9795554814591980186, 3.379949199898004686, 24.19466381895268370 ) ) ;
#7656 = CYLINDRICAL_SURFACE ( 'NONE', #623, 5.325000000000003730 ) ;
#7657 = VERTEX_POINT ( 'NONE', #8734 ) ;
#7658 = EDGE_CURVE ( 'NONE', #9380, #4581, #4707, .T. ) ;
#7659 = CARTESIAN_POINT ( 'NONE',  ( 0.3551548278028829331, -0.3200508001019928828, -7.322176658627794765 ) ) ;
#7660 = DIRECTION ( 'NONE',  ( -0.000000000000000000, 1.000000000000000000, 0.000000000000000000 ) ) ;
#7661 = DIRECTION ( 'NONE',  ( -0.000000000000000000, 1.000000000000000000, -0.000000000000000000 ) ) ;
#7662 = CARTESIAN_POINT ( 'NONE',  ( -5.321891864042948228, 0.6799491998980070617, -8.719269453625264177 ) ) ;
#7663 = AXIS2_PLACEMENT_3D ( 'NONE', #5185, #7554, #5231 ) ;
#7664 = CARTESIAN_POINT ( 'NONE',  ( -10.68223522187144425, 1.079949199898004641, 22.90217264361941218 ) ) ;
#7665 = CARTESIAN_POINT ( 'NONE',  ( -27.21301674343492749, 3.379949199898008239, -3.758989569242283224 ) ) ;
#7666 = ORIENTED_EDGE ( 'NONE', *, *, #1702, .T. ) ;
#7667 = CARTESIAN_POINT ( 'NONE',  ( 15.95755669441267521, 1.079949199897995760, 18.26576101136147301 ) ) ;
#7668 = VERTEX_POINT ( 'NONE', #1805 ) ;
#7669 = CARTESIAN_POINT ( 'NONE',  ( 0.8950925900749713282, -0.5200508001019926718, -6.175718104018454113 ) ) ;
#7670 = EDGE_CURVE ( 'NONE', #9619, #214, #3357, .T. ) ;
#7671 = ORIENTED_EDGE ( 'NONE', *, *, #5998, .F. ) ;
#7672 = CARTESIAN_POINT ( 'NONE',  ( 13.85873403624072253, 2.079949199898015078, -18.77809241999322154 ) ) ;
#7673 = FACE_OUTER_BOUND ( 'NONE', #6779, .T. ) ;
#7674 = ORIENTED_EDGE ( 'NONE', *, *, #3161, .T. ) ;
#7675 = CARTESIAN_POINT ( 'NONE',  ( -6.952723225994785317, 0.6799491998979667606, 2.820113640457152737 ) ) ;
#7676 = EDGE_CURVE ( 'NONE', #7879, #6274, #4980, .T. ) ;
#7677 = CARTESIAN_POINT ( 'NONE',  ( -5.717376612597870889, -0.3200508001019800042, 6.385648416180712772 ) ) ;
#7678 = CARTESIAN_POINT ( 'NONE',  ( 3.401942794445936613, 0.6799491998980938812, 10.58776829535221431 ) ) ;
#7679 = AXIS2_PLACEMENT_3D ( 'NONE', #1278, #7964, #3420 ) ;
#7680 = CARTESIAN_POINT ( 'NONE',  ( 14.52914376578094391, 1.861684794502951767, -21.17408365780952195 ) ) ;
#7681 = CARTESIAN_POINT ( 'NONE',  ( -4.157332302906002752, 1.079949199897997758, 24.60120094879952646 ) ) ;
#7682 = DIRECTION ( 'NONE',  ( -2.029557900747567204E-14, 0.000000000000000000, -1.000000000000000000 ) ) ;
#7683 = DIRECTION ( 'NONE',  ( 0.8660254037844385966, 0.000000000000000000, 0.5000000000000000000 ) ) ;
#7684 = CIRCLE ( 'NONE', #3429, 3.924999999999998046 ) ;
#7685 = CYLINDRICAL_SURFACE ( 'NONE', #3145, 0.5000000000000004441 ) ;
#7686 = DIRECTION ( 'NONE',  ( 0.8660254037844381525, 0.000000000000000000, 0.5000000000000007772 ) ) ;
#7687 = EDGE_LOOP ( 'NONE', ( #8753, #5183, #8615, #8145 ) ) ;
#7688 = DIRECTION ( 'NONE',  ( -0.4999999999999946154, -0.000000000000000000, -0.8660254037844418162 ) ) ;
#7689 = AXIS2_PLACEMENT_3D ( 'NONE', #4053, #189, #5399 ) ;
#7690 = AXIS2_PLACEMENT_3D ( 'NONE', #6485, #3559, #2045 ) ;
#7691 = VERTEX_POINT ( 'NONE', #2678 ) ;
#7692 = CYLINDRICAL_SURFACE ( 'NONE', #6286, 0.5000000000000004441 ) ;
#7693 = DIRECTION ( 'NONE',  ( -0.000000000000000000, 1.000000000000000000, -0.000000000000000000 ) ) ;
#7694 = CARTESIAN_POINT ( 'NONE',  ( 2.304117147459027848, -0.5200508001019920057, -7.951898081281736808 ) ) ;
#7695 = ORIENTED_EDGE ( 'NONE', *, *, #2601, .F. ) ;
#7696 = CARTESIAN_POINT ( 'NONE',  ( -0.3078688347614837451, -0.5200508001019856774, -7.266001752005319503 ) ) ;
#7697 = VERTEX_POINT ( 'NONE', #6486 ) ;
#7698 = CIRCLE ( 'NONE', #6295, 0.9999999999999992228 ) ;
#7699 = AXIS2_PLACEMENT_3D ( 'NONE', #8869, #1519, #3777 ) ;
#7700 = CARTESIAN_POINT ( 'NONE',  ( 15.77981384004264598, 1.741829490048628637, 18.08366856052117555 ) ) ;
#7701 = CARTESIAN_POINT ( 'NONE',  ( -24.54061632552928529, 2.079949199898003975, -5.588756086152414149 ) ) ;
#7702 = CARTESIAN_POINT ( 'NONE',  ( -4.077869669792796969, 3.379949199898008239, 7.963353714786881810 ) ) ;
#7703 = CARTESIAN_POINT ( 'NONE',  ( 9.571519596309133959, 0.6799491998980070617, -8.083514506163959723 ) ) ;
#7704 = AXIS2_PLACEMENT_3D ( 'NONE', #7583, #99, #890 ) ;
#7705 = EDGE_CURVE ( 'NONE', #5490, #4466, #2845, .T. ) ;
#7706 = AXIS2_PLACEMENT_3D ( 'NONE', #5790, #8793, #1652 ) ;
#7707 = DIRECTION ( 'NONE',  ( -2.312964634635740689E-15, 0.000000000000000000, -1.000000000000000000 ) ) ;
#7708 = DIRECTION ( 'NONE',  ( 0.000000000000000000, 0.000000000000000000, 1.000000000000000000 ) ) ;
#7709 = DIRECTION ( 'NONE',  ( -0.000000000000000000, -1.000000000000000000, 0.000000000000000000 ) ) ;
#7710 = CARTESIAN_POINT ( 'NONE',  ( 20.87844544752079656, 80.31423269831148559, -14.37751771673045909 ) ) ;
#7711 = ORIENTED_EDGE ( 'NONE', *, *, #2850, .F. ) ;
#7712 = CIRCLE ( 'NONE', #2987, 20.00000000000000000 ) ;
#7713 = CARTESIAN_POINT ( 'NONE',  ( 9.383859339288829204, -0.3200508001019928828, -6.858371187029309368 ) ) ;
#7714 = TOROIDAL_SURFACE ( 'NONE', #9276, 6.325000000000003730, 1.000000000000000000 ) ;
#7715 = CARTESIAN_POINT ( 'NONE',  ( -9.025690866952762903, -0.5200508001019926718, -0.5886311466976456019 ) ) ;
#7716 = ORIENTED_EDGE ( 'NONE', *, *, #6544, .T. ) ;
#7717 = CARTESIAN_POINT ( 'NONE',  ( -10.13226014257303831, 80.31423269831148559, 24.83200793771867509 ) ) ;
#7718 = CARTESIAN_POINT ( 'NONE',  ( -2.524357605723733577, 0.6799491998980174978, -8.067172556615368251 ) ) ;
#7719 = ADVANCED_FACE ( 'NONE', ( #2535 ), #5676, .F. ) ;
#7720 = CIRCLE ( 'NONE', #5992, 1.000000000000000888 ) ;
#7721 = CARTESIAN_POINT ( 'NONE',  ( -26.96161968753904858, 3.379949199898008239, -5.620435433936790126 ) ) ;
#7722 = ORIENTED_EDGE ( 'NONE', *, *, #185, .F. ) ;
#7723 = CARTESIAN_POINT ( 'NONE',  ( 15.41987371796495054, 1.079949199897995760, 18.84183402233708549 ) ) ;
#7724 = VERTEX_POINT ( 'NONE', #5631 ) ;
#7725 = CARTESIAN_POINT ( 'NONE',  ( 5.447457981494244983, -0.5200508001019926718, -7.514857651260600235 ) ) ;
#7726 = AXIS2_PLACEMENT_3D ( 'NONE', #1550, #7693, #9168 ) ;
#7727 = CARTESIAN_POINT ( 'NONE',  ( 15.05094810334784583, 2.079949199898035950, -17.79956468107807055 ) ) ;
#7728 = CARTESIAN_POINT ( 'NONE',  ( 27.35721577872326904, 0.000000000000000000, -1.880537549863756208 ) ) ;
#7729 = EDGE_LOOP ( 'NONE', ( #8527, #3229, #2429, #8555 ) ) ;
#7730 = CARTESIAN_POINT ( 'NONE',  ( 14.24982911188724444, 1.079949199898004197, 20.28142652189906769 ) ) ;
#7731 = ADVANCED_FACE ( 'NONE', ( #7800 ), #5580, .F. ) ;
#7732 = CARTESIAN_POINT ( 'NONE',  ( -6.202420704949342500, -0.5200508001019787940, 3.872270826085909334 ) ) ;
#7733 = CIRCLE ( 'NONE', #3482, 0.5000000000000004441 ) ;
#7734 = CARTESIAN_POINT ( 'NONE',  ( 6.652328027124584153, 0.6799491998980070617, 7.062360342971575555 ) ) ;
#7735 = CARTESIAN_POINT ( 'NONE',  ( 15.92782488621016768, 1.341221893104367568, -18.26304911726261793 ) ) ;
#7736 = ADVANCED_FACE ( 'NONE', ( #7900 ), #1122, .F. ) ;
#7737 = CARTESIAN_POINT ( 'NONE',  ( 10.67303918438838295, 1.079949199897997758, 23.41746387032912580 ) ) ;
#7738 = CARTESIAN_POINT ( 'NONE',  ( -15.18388688575131162, 2.079949199897968892, 17.73996885956816527 ) ) ;
#7739 = CARTESIAN_POINT ( 'NONE',  ( -3.762812954488832684, -0.5200508001019926718, 8.506801728256922601 ) ) ;
#7740 = DIRECTION ( 'NONE',  ( -0.5000000000000008882, -8.611343608913849133E-15, 0.8660254037844382635 ) ) ;
#7741 = VERTEX_POINT ( 'NONE', #9326 ) ;
#7742 =( BOUNDED_SURFACE ( )  B_SPLINE_SURFACE ( 3, 2, ( 
 ( #202, #7875, #4754 ),
 ( #8465, #1083, #3930 ),
 ( #6947, #249, #7138 ),
 ( #9154, #7090, #348 ),
 ( #3976, #6358, #3235 ),
 ( #9344, #8603, #1140 ),
 ( #6312, #393, #3286 ),
 ( #7775, #4118, #2411 ),
 ( #5411, #7675, #2509 ),
 ( #1033, #9303, #4313 ),
 ( #1231, #2646, #1381 ),
 ( #4210, #497, #2854 ),
 ( #6400, #7336, #5861 ),
 ( #8862, #4161, #5064 ),
 ( #8754, #2797, #7237 ),
 ( #438, #7922, #2121 ),
 ( #5807, #9597, #8710 ),
 ( #2700, #3584, #3486 ),
 ( #2014, #5004, #6508 ),
 ( #8022, #9387, #2751 ),
 ( #6554, #5655, #8809 ),
 ( #3428, #2070, #9442 ),
 ( #8073, #1336, #5108 ),
 ( #3536, #4361, #7290 ),
 ( #1286, #8116, #599 ),
 ( #7386, #7971, #6455 ),
 ( #5711, #1968, #9494 ),
 ( #4904, #7183, #4950 ),
 ( #3377, #5755, #4268 ),
 ( #6605, #8656, #1925 ),
 ( #549, #1186, #9542 ),
 ( #3727, #5201, #7572 ),
 ( #2350, #697, #4410 ),
 ( #9000, #8948, #1436 ),
 ( #47, #6097, #1522 ),
 ( #6007, #5348, #5291 ),
 ( #6796, #89, #3683 ),
 ( #5950, #1621, #7473 ),
 ( #4495, #7435, #6702 ),
 ( #1572, #8301, #8356 ),
 ( #4598, #2900, #3039 ),
 ( #3639, #650, #9735 ),
 ( #839, #2939, #5152 ),
 ( #7518, #1480, #9648 ),
 ( #8166, #2258, #9686 ),
 ( #5907, #8215, #6658 ),
 ( #4452, #738, #2212 ),
 ( #5244, #6840, #788 ),
 ( #3826, #6746, #2990 ),
 ( #8256, #8905, #3780 ),
 ( #6053, #2163, #9044 ),
 ( #9087, #2300, #4550 ),
 ( #3079, #925, #4639 ),
 ( #1714, #1664, #9335 ),
 ( #8593, #7662, #283 ),
 ( #7617, #8404, #4694 ),
 ( #1022, #880, #3271 ),
 ( #2591, #3917, #6298 ),
 ( #2494, #9290, #2546 ),
 ( #5546, #7766, #1857 ),
 ( #5592, #3225, #3870 ),
 ( #2445, #8553, #1815 ),
 ( #6934, #190, #8451 ),
 ( #9141, #3178, #6200 ),
 ( #6883, #7718, #978 ),
 ( #4786, #135, #7810 ),
 ( #3966, #3324, #9189 ),
 ( #6153, #6245, #7025 ),
 ( #1072, #5444, #2398 ),
 ( #6982, #4054, #7076 ),
 ( #334, #237, #6347 ),
 ( #4005, #9234, #5499 ),
 ( #8505, #1769, #3130 ),
 ( #5401, #4745, #3573 ),
 ( #4304, #1913, #588 ),
 ( #4991, #8850, #5052 ),
 ( #6592, #7127, #4256 ),
 ( #1221, #427, #7912 ),
 ( #7863, #1126, #4835 ),
 ( #4105, #5700, #6440 ),
 ( #383, #4199, #5745 ),
 ( #3366, #2688, #9583 ),
 ( #9432, #4938, #8063 ),
 ( #2843, #8696, #2740 ),
 ( #8012, #1274, #1958 ),
 ( #9533, #2786, #2635 ),
 ( #1175, #5794, #5850 ),
 ( #6391, #9378, #8645 ),
 ( #7960, #8796, #7279 ),
 ( #7223, #540, #3416 ),
 ( #5642, #6543, #4891 ),
 ( #2060, #3526, #4151 ),
 ( #7173, #1327, #3475 ),
 ( #485, #6497, #7326 ),
 ( #8745, #2003, #9484 ),
 ( #7466, #5942, #8203 ),
 ( #5099, #1470, #2109 ),
 ( #827, #37, #1559 ),
 ( #7561, #5994, #2249 ),
 ( #2290, #8107, #3029 ),
 ( #5279, #8936, #3628 ),
 ( #5141, #637, #1370 ),
 ( #6087, #3716, #4348 ),
 ( #7374, #4485, #9639 ),
 ( #2891, #6647, #5896 ),
 ( #3817, #7507, #6693 ),
 ( #689, #8896, #729 ),
 ( #8989, #2154, #9033 ),
 ( #4443, #6042, #6738 ),
 ( #8153, #5235, #6831 ) ),
 .UNSPECIFIED., .F., .F., .T. ) 
 B_SPLINE_SURFACE_WITH_KNOTS ( ( 4, 2, 2, 2, 2, 2, 2, 2, 2, 2, 2, 2, 2, 2, 2, 2, 2, 2, 2, 2, 2, 2, 2, 2, 2, 2, 2, 2, 2, 2, 2, 2, 2, 2, 2, 2, 2, 2, 2, 2, 2, 2, 2, 2, 2, 2, 2, 2, 2, 2, 2, 2, 2, 2, 4 ),
 ( 3, 3 ),
 ( 0.000000000000000000, 0.0002780027043660878209, 0.0005560054087321756417, 0.001112010817464351283, 0.001668016226196526817, 0.002224021634928702567, 0.002363022987111746721, 0.002502024339294790442, 0.002780027043660877883, 0.003058029748026965759, 0.003336032452393053634, 0.003892037861125229384, 0.004448043269857405134, 0.005004048678589580884, 0.005560054087321755767, 0.006672064904786107267, 0.007784075722250458768, 0.008896086539714810268, 0.01000809735717916177, 0.01112010817464351153, 0.01223211899210786303, 0.01334412980957221453, 0.01445614062703656603, 0.01556815144450091754, 0.01668016226196526730, 0.01779217307942962054, 0.01890418389689397377, 0.02001619471435832354, 0.02112820553182267330, 0.02224021634928702307, 0.02251821905365310877, 0.02279622175801919795, 0.02307422446238528713, 0.02335222716675137283, 0.02349122851893441916, 0.02363022987111746201, 0.02390823257548355119, 0.02446423798421572607, 0.02502024339294790095, 0.02557624880168007930, 0.02613225421041225419, 0.02641025691477834336, 0.02668825961914442907, 0.02682726097132747192, 0.02696626232351051478, 0.02724426502787660395, 0.02752226773224269313, 0.02780027043660877883, 0.02891228125407313207, 0.03002429207153748530, 0.03113630288900183507, 0.03224831370646618484, 0.03336032452393053460, 0.03447233534139489131, 0.03558434615885924107 ),
 ( 0.000000000000000000, 1.000000000000000000 ),
 .UNSPECIFIED. ) 
 GEOMETRIC_REPRESENTATION_ITEM ( )  RATIONAL_B_SPLINE_SURFACE ( (
 ( 1.000000000000000000, 0.7071067811865467956, 1.000000000000000000),
 ( 1.000000000000000000, 0.7071067811865467956, 1.000000000000000000),
 ( 1.000000000000000000, 0.7071067811865471286, 1.000000000000000000),
 ( 1.000000000000000000, 0.7071067811865471286, 1.000000000000000000),
 ( 1.000000000000000000, 0.7071067811865471286, 1.000000000000000000),
 ( 1.000000000000000000, 0.7071067811865471286, 1.000000000000000000),
 ( 1.000000000000000000, 0.7071067811865471286, 1.000000000000000000),
 ( 1.000000000000000000, 0.7071067811865471286, 1.000000000000000000),
 ( 1.000000000000000000, 0.7071067811865471286, 1.000000000000000000),
 ( 1.000000000000000000, 0.7071067811865471286, 1.000000000000000000),
 ( 1.000000000000000000, 0.7071067811865471286, 1.000000000000000000),
 ( 1.000000000000000000, 0.7071067811865471286, 1.000000000000000000),
 ( 1.000000000000000000, 0.7071067811865473507, 1.000000000000000000),
 ( 1.000000000000000000, 0.7071067811865473507, 1.000000000000000000),
 ( 1.000000000000000000, 0.7071067811865471286, 1.000000000000000000),
 ( 1.000000000000000000, 0.7071067811865471286, 1.000000000000000000),
 ( 1.000000000000000000, 0.7071067811865471286, 1.000000000000000000),
 ( 1.000000000000000000, 0.7071067811865471286, 1.000000000000000000),
 ( 1.000000000000000000, 0.7071067811865471286, 1.000000000000000000),
 ( 1.000000000000000000, 0.7071067811865471286, 1.000000000000000000),
 ( 1.000000000000000000, 0.7071067811865471286, 1.000000000000000000),
 ( 1.000000000000000000, 0.7071067811865471286, 1.000000000000000000),
 ( 1.000000000000000000, 0.7071067811865471286, 1.000000000000000000),
 ( 1.000000000000000000, 0.7071067811865471286, 1.000000000000000000),
 ( 1.000000000000000000, 0.7071067811865471286, 1.000000000000000000),
 ( 1.000000000000000000, 0.7071067811865471286, 1.000000000000000000),
 ( 1.000000000000000000, 0.7071067811865471286, 1.000000000000000000),
 ( 1.000000000000000000, 0.7071067811865471286, 1.000000000000000000),
 ( 1.000000000000000000, 0.7071067811865471286, 1.000000000000000000),
 ( 1.000000000000000000, 0.7071067811865471286, 1.000000000000000000),
 ( 1.000000000000000000, 0.7071067811865471286, 1.000000000000000000),
 ( 1.000000000000000000, 0.7071067811865471286, 1.000000000000000000),
 ( 1.000000000000000000, 0.7071067811865471286, 1.000000000000000000),
 ( 1.000000000000000000, 0.7071067811865471286, 1.000000000000000000),
 ( 1.000000000000000000, 0.7071067811865465735, 1.000000000000000000),
 ( 1.000000000000000000, 0.7071067811865465735, 1.000000000000000000),
 ( 1.000000000000000000, 0.7071067811865471286, 1.000000000000000000),
 ( 1.000000000000000000, 0.7071067811865471286, 1.000000000000000000),
 ( 1.000000000000000000, 0.7071067811865471286, 1.000000000000000000),
 ( 1.000000000000000000, 0.7071067811865471286, 1.000000000000000000),
 ( 1.000000000000000000, 0.7071067811865465735, 1.000000000000000000),
 ( 1.000000000000000000, 0.7071067811865465735, 1.000000000000000000),
 ( 1.000000000000000000, 0.7071067811865471286, 1.000000000000000000),
 ( 1.000000000000000000, 0.7071067811865471286, 1.000000000000000000),
 ( 1.000000000000000000, 0.7071067811865471286, 1.000000000000000000),
 ( 1.000000000000000000, 0.7071067811865471286, 1.000000000000000000),
 ( 1.000000000000000000, 0.7071067811865471286, 1.000000000000000000),
 ( 1.000000000000000000, 0.7071067811865471286, 1.000000000000000000),
 ( 1.000000000000000000, 0.7071067811865471286, 1.000000000000000000),
 ( 1.000000000000000000, 0.7071067811865471286, 1.000000000000000000),
 ( 1.000000000000000000, 0.7071067811865471286, 1.000000000000000000),
 ( 1.000000000000000000, 0.7071067811865471286, 1.000000000000000000),
 ( 1.000000000000000000, 0.7071067811865472397, 1.000000000000000000),
 ( 1.000000000000000000, 0.7071067811865472397, 1.000000000000000000),
 ( 1.000000000000000000, 0.7071067811865471286, 1.000000000000000000),
 ( 1.000000000000000000, 0.7071067811865471286, 1.000000000000000000),
 ( 1.000000000000000000, 0.7071067811865471286, 1.000000000000000000),
 ( 1.000000000000000000, 0.7071067811865471286, 1.000000000000000000),
 ( 1.000000000000000000, 0.7071067811865471286, 1.000000000000000000),
 ( 1.000000000000000000, 0.7071067811865471286, 1.000000000000000000),
 ( 1.000000000000000000, 0.7071067811865471286, 1.000000000000000000),
 ( 1.000000000000000000, 0.7071067811865471286, 1.000000000000000000),
 ( 1.000000000000000000, 0.7071067811865471286, 1.000000000000000000),
 ( 1.000000000000000000, 0.7071067811865471286, 1.000000000000000000),
 ( 1.000000000000000000, 0.7071067811865471286, 1.000000000000000000),
 ( 1.000000000000000000, 0.7071067811865471286, 1.000000000000000000),
 ( 1.000000000000000000, 0.7071067811865471286, 1.000000000000000000),
 ( 1.000000000000000000, 0.7071067811865471286, 1.000000000000000000),
 ( 1.000000000000000000, 0.7071067811865471286, 1.000000000000000000),
 ( 1.000000000000000000, 0.7071067811865471286, 1.000000000000000000),
 ( 1.000000000000000000, 0.7071067811865472397, 1.000000000000000000),
 ( 1.000000000000000000, 0.7071067811865472397, 1.000000000000000000),
 ( 1.000000000000000000, 0.7071067811865471286, 1.000000000000000000),
 ( 1.000000000000000000, 0.7071067811865471286, 1.000000000000000000),
 ( 1.000000000000000000, 0.7071067811865471286, 1.000000000000000000),
 ( 1.000000000000000000, 0.7071067811865471286, 1.000000000000000000),
 ( 1.000000000000000000, 0.7071067811865471286, 1.000000000000000000),
 ( 1.000000000000000000, 0.7071067811865471286, 1.000000000000000000),
 ( 1.000000000000000000, 0.7071067811865471286, 1.000000000000000000),
 ( 1.000000000000000000, 0.7071067811865471286, 1.000000000000000000),
 ( 1.000000000000000000, 0.7071067811865471286, 1.000000000000000000),
 ( 1.000000000000000000, 0.7071067811865471286, 1.000000000000000000),
 ( 1.000000000000000000, 0.7071067811865472397, 1.000000000000000000),
 ( 1.000000000000000000, 0.7071067811865472397, 1.000000000000000000),
 ( 1.000000000000000000, 0.7071067811865471286, 1.000000000000000000),
 ( 1.000000000000000000, 0.7071067811865471286, 1.000000000000000000),
 ( 1.000000000000000000, 0.7071067811865471286, 1.000000000000000000),
 ( 1.000000000000000000, 0.7071067811865471286, 1.000000000000000000),
 ( 1.000000000000000000, 0.7071067811865471286, 1.000000000000000000),
 ( 1.000000000000000000, 0.7071067811865471286, 1.000000000000000000),
 ( 1.000000000000000000, 0.7071067811865471286, 1.000000000000000000),
 ( 1.000000000000000000, 0.7071067811865471286, 1.000000000000000000),
 ( 1.000000000000000000, 0.7071067811865471286, 1.000000000000000000),
 ( 1.000000000000000000, 0.7071067811865471286, 1.000000000000000000),
 ( 1.000000000000000000, 0.7071067811865471286, 1.000000000000000000),
 ( 1.000000000000000000, 0.7071067811865471286, 1.000000000000000000),
 ( 1.000000000000000000, 0.7071067811865471286, 1.000000000000000000),
 ( 1.000000000000000000, 0.7071067811865471286, 1.000000000000000000),
 ( 1.000000000000000000, 0.7071067811865471286, 1.000000000000000000),
 ( 1.000000000000000000, 0.7071067811865471286, 1.000000000000000000),
 ( 1.000000000000000000, 0.7071067811865471286, 1.000000000000000000),
 ( 1.000000000000000000, 0.7071067811865471286, 1.000000000000000000),
 ( 1.000000000000000000, 0.7071067811865471286, 1.000000000000000000),
 ( 1.000000000000000000, 0.7071067811865471286, 1.000000000000000000),
 ( 1.000000000000000000, 0.7071067811865471286, 1.000000000000000000),
 ( 1.000000000000000000, 0.7071067811865471286, 1.000000000000000000),
 ( 1.000000000000000000, 0.7071067811865471286, 1.000000000000000000),
 ( 1.000000000000000000, 0.7071067811865471286, 1.000000000000000000),
 ( 1.000000000000000000, 0.7071067811865471286, 1.000000000000000000),
 ( 1.000000000000000000, 0.7071067811865471286, 1.000000000000000000) ) ) 
 REPRESENTATION_ITEM ( '' )  SURFACE ( )  );
#7743 = CARTESIAN_POINT ( 'NONE',  ( -8.805062429031243809, 1.079949199897997758, 24.33027839477196608 ) ) ;
#7744 = CIRCLE ( 'NONE', #4421, 3.925000000000004707 ) ;
#7745 = EDGE_LOOP ( 'NONE', ( #8705, #5749, #4241, #542 ) ) ;
#7746 = ADVANCED_FACE ( 'NONE', ( #471 ), #6104, .F. ) ;
#7747 = DIRECTION ( 'NONE',  ( -0.000000000000000000, -1.000000000000000000, -0.000000000000000000 ) ) ;
#7748 = DIRECTION ( 'NONE',  ( 0.000000000000000000, 1.000000000000000000, 0.000000000000000000 ) ) ;
#7749 = CARTESIAN_POINT ( 'NONE',  ( 9.383859339281105605, -0.3200508001019938820, -6.858371187037731964 ) ) ;
#7750 = ORIENTED_EDGE ( 'NONE', *, *, #8026, .T. ) ;
#7751 = CARTESIAN_POINT ( 'NONE',  ( -24.58987225578654190, 2.079949199898003975, -5.253265010324822626 ) ) ;
#7752 =( GEOMETRIC_REPRESENTATION_CONTEXT ( 3 ) GLOBAL_UNCERTAINTY_ASSIGNED_CONTEXT ( ( #5270 ) ) GLOBAL_UNIT_ASSIGNED_CONTEXT ( ( #6068, #8372, #8320 ) ) REPRESENTATION_CONTEXT ( 'NONE', 'WORKASPACE' ) );
#7753 = CARTESIAN_POINT ( 'NONE',  ( 15.55604543021736141, 1.954545318624301586, 17.97074976372284638 ) ) ;
#7754 = DIRECTION ( 'NONE',  ( -0.000000000000000000, -1.000000000000000000, -0.000000000000000000 ) ) ;
#7755 = CARTESIAN_POINT ( 'NONE',  ( -2.161078764043459444, -0.5200508001019926718, 9.957472262389035933 ) ) ;
#7756 = DIRECTION ( 'NONE',  ( 0.4999999999999942268, 0.000000000000000000, -0.8660254037844420383 ) ) ;
#7757 = DIRECTION ( 'NONE',  ( 0.000000000000000000, 0.000000000000000000, -1.000000000000000000 ) ) ;
#7758 = CARTESIAN_POINT ( 'NONE',  ( -6.902021880671902920, 2.579949199898003975, -11.00611445143712608 ) ) ;
#7759 = CARTESIAN_POINT ( 'NONE',  ( 13.85873403624072964, 1.079949199898004197, -18.77809241999321088 ) ) ;
#7760 = CARTESIAN_POINT ( 'NONE',  ( 25.60791236637294688, -6.505213034913026604E-15, -5.210547158924092592 ) ) ;
#7761 = ORIENTED_EDGE ( 'NONE', *, *, #3028, .T. ) ;
#7762 = EDGE_CURVE ( 'NONE', #5229, #1630, #2367, .T. ) ;
#7763 = CARTESIAN_POINT ( 'NONE',  ( 4.157332302905997423, 0.000000000000000000, 27.40120094879952362 ) ) ;
#7764 = CYLINDRICAL_SURFACE ( 'NONE', #1870, 27.75000000000000355 ) ;
#7765 = DIRECTION ( 'NONE',  ( 1.000000000000000000, -0.000000000000000000, 1.331959119420620136E-15 ) ) ;
#7766 = CARTESIAN_POINT ( 'NONE',  ( -3.035899514962950629, 0.6799491998979968477, -8.302545331390639660 ) ) ;
#7767 = CARTESIAN_POINT ( 'NONE',  ( -26.95187520539652581, 3.379949199898008239, 5.683130994442786132 ) ) ;
#7768 = ORIENTED_EDGE ( 'NONE', *, *, #5305, .F. ) ;
#7769 = CARTESIAN_POINT ( 'NONE',  ( 15.29724564706476819, 2.079949199899376211, 18.94849113135098051 ) ) ;
#7770 = ORIENTED_EDGE ( 'NONE', *, *, #9173, .T. ) ;
#7771 = CARTESIAN_POINT ( 'NONE',  ( -2.851360912295938466, 3.379949199898008239, -6.877789085325257012 ) ) ;
#7772 = CARTESIAN_POINT ( 'NONE',  ( 14.75249555532676027, 2.079949199897994205, -18.09651350266686975 ) ) ;
#7773 = CARTESIAN_POINT ( 'NONE',  ( 27.25002848017653889, 0.000000000000000000, 3.757510016559140631 ) ) ;
#7774 = VERTEX_POINT ( 'NONE', #4435 ) ;
#7775 = CARTESIAN_POINT ( 'NONE',  ( -6.785654401895789611, -0.3200508001019938820, 3.004196774199461295 ) ) ;
#7776 = EDGE_CURVE ( 'NONE', #5663, #2802, #6638, .T. ) ;
#7777 = CARTESIAN_POINT ( 'NONE',  ( -3.485323624201534631, -0.3200508001019800042, 10.71957270515917315 ) ) ;
#7778 = CARTESIAN_POINT ( 'NONE',  ( 4.165822048709111769, 0.6799491998980070617, 9.913812655414000474 ) ) ;
#7779 = CARTESIAN_POINT ( 'NONE',  ( 15.55604586183159022, 1.954545243983313307, -17.97074926553266749 ) ) ;
#7780 = DIRECTION ( 'NONE',  ( 0.4999999999999960032, 0.000000000000000000, -0.8660254037844409281 ) ) ;
#7781 = CARTESIAN_POINT ( 'NONE',  ( -15.74678697053419718, 1.740360631684418680, 18.13734697422898634 ) ) ;
#7782 = EDGE_CURVE ( 'NONE', #9361, #4907, #7413, .T. ) ;
#7783 = CARTESIAN_POINT ( 'NONE',  ( -2.161078764043459444, -0.5200508001019926718, 9.957472262389035933 ) ) ;
#7784 = CARTESIAN_POINT ( 'NONE',  ( -16.44997123527521410, 22.26046457370629739, -17.99855740762623668 ) ) ;
#7785 = ORIENTED_EDGE ( 'NONE', *, *, #5189, .T. ) ;
#7786 = CYLINDRICAL_SURFACE ( 'NONE', #1574, 2.499999999999998668 ) ;
#7787 = ORIENTED_EDGE ( 'NONE', *, *, #7219, .T. ) ;
#7788 = ORIENTED_EDGE ( 'NONE', *, *, #9689, .T. ) ;
#7789 = CARTESIAN_POINT ( 'NONE',  ( 11.61396751768383417, 1.079949199898004197, 4.199792673238191831 ) ) ;
#7790 = CYLINDRICAL_SURFACE ( 'NONE', #26, 0.9999999999999991118 ) ;
#7791 = CARTESIAN_POINT ( 'NONE',  ( 10.38556367696808103, 0.6799491998980070617, -7.245549268028669054 ) ) ;
#7792 = ORIENTED_EDGE ( 'NONE', *, *, #9092, .F. ) ;
#7793 = LINE ( 'NONE', #7109, #39 ) ;
#7794 = CARTESIAN_POINT ( 'NONE',  ( 15.23782843147449029, 2.073592758414420700, 17.77730762394660502 ) ) ;
#7795 = ADVANCED_FACE ( 'NONE', ( #1413 ), #5981, .T. ) ;
#7796 = CARTESIAN_POINT ( 'NONE',  ( 15.46181047316275148, 1.993687538306985862, -17.93873890771155999 ) ) ;
#7797 = CARTESIAN_POINT ( 'NONE',  ( -1.291815022503818966, -0.5200508001019926718, 10.30863926301921474 ) ) ;
#7798 = CARTESIAN_POINT ( 'NONE',  ( 6.830470528978795031, 0.6799491998980071727, -9.514226632686570539 ) ) ;
#7799 = EDGE_CURVE ( 'NONE', #3984, #3535, #7720, .T. ) ;
#7800 = FACE_OUTER_BOUND ( 'NONE', #1917, .T. ) ;
#7801 = ORIENTED_EDGE ( 'NONE', *, *, #2549, .F. ) ;
#7802 = DIRECTION ( 'NONE',  ( -0.9817415101205769767, 1.703179705075547683E-15, 0.1902198919833813784 ) ) ;
#7803 = CARTESIAN_POINT ( 'NONE',  ( -1.143185630923218676, 3.379949199898005130, 24.38545508976536880 ) ) ;
#7804 = CARTESIAN_POINT ( 'NONE',  ( 25.59523800506445568, 1.079949199897997536, -5.294432166373836957 ) ) ;
#7805 = ORIENTED_EDGE ( 'NONE', *, *, #2279, .F. ) ;
#7806 = DIRECTION ( 'NONE',  ( 0.000000000000000000, -1.000000000000000000, 0.000000000000000000 ) ) ;
#7807 = DIRECTION ( 'NONE',  ( 0.000000000000000000, -0.000000000000000000, 1.000000000000000000 ) ) ;
#7808 = VECTOR ( 'NONE', #5740, 1000.000000000000000 ) ;
#7809 = CARTESIAN_POINT ( 'NONE',  ( 9.613510213487971967, 0.000000000000000000, 22.48100474448447983 ) ) ;
#7810 = CARTESIAN_POINT ( 'NONE',  ( -1.893381215069531720, 0.6799491998980070617, -8.864460018987164958 ) ) ;
#7811 = ADVANCED_FACE ( 'NONE', ( #3850 ), #3019, .F. ) ;
#7812 = CARTESIAN_POINT ( 'NONE',  ( -10.45839989063951592, 0.000000000000000000, 22.51447847739670038 ) ) ;
#7813 = ORIENTED_EDGE ( 'NONE', *, *, #2417, .F. ) ;
#7814 = CARTESIAN_POINT ( 'NONE',  ( 15.95651250412910294, 2.079949199897995982, 18.26726063668021638 ) ) ;
#7815 = EDGE_LOOP ( 'NONE', ( #5484, #8055, #7102, #3401 ) ) ;
#7816 = CARTESIAN_POINT ( 'NONE',  ( 1.524344450334443213, -0.5200508001019926718, -6.317649405433848564 ) ) ;
#7817 = CARTESIAN_POINT ( 'NONE',  ( -15.84608408963481629, 1.569066675289264357, 18.20638565274516552 ) ) ;
#7818 = LINE ( 'NONE', #2556, #148 ) ;
#7819 = ORIENTED_EDGE ( 'NONE', *, *, #8399, .F. ) ;
#7820 = LINE ( 'NONE', #294, #1438 ) ;
#7821 = VECTOR ( 'NONE', #9371, 1000.000000000000000 ) ;
#7822 = ADVANCED_FACE ( 'NONE', ( #4668 ), #2991, .F. ) ;
#7823 = CIRCLE ( 'NONE', #2634, 0.9999999999999994449 ) ;
#7824 = CARTESIAN_POINT ( 'NONE',  ( -5.733834087201365115, -0.5200508001019787940, 5.985223703896535241 ) ) ;
#7825 = CARTESIAN_POINT ( 'NONE',  ( 5.598189920061863667, -0.3200508001019938820, 7.232616470178929724 ) ) ;
#7826 = DIRECTION ( 'NONE',  ( -0.000000000000000000, 1.000000000000000000, -0.000000000000000000 ) ) ;
#7827 = CIRCLE ( 'NONE', #1548, 19.91005050633885887 ) ;
#7828 = CARTESIAN_POINT ( 'NONE',  ( 25.55417647329266373, 1.079949199897991097, 5.560525791270251261 ) ) ;
#7829 = DIRECTION ( 'NONE',  ( -0.000000000000000000, 1.000000000000000000, -0.000000000000000000 ) ) ;
#7830 = CARTESIAN_POINT ( 'NONE',  ( -0.5423737134592879761, 0.6799491998980069507, 12.68328737125052186 ) ) ;
#7831 = ORIENTED_EDGE ( 'NONE', *, *, #5007, .F. ) ;
#7832 = SPHERICAL_SURFACE ( 'NONE', #3134, 1.000000000000000000 ) ;
#7833 = VERTEX_POINT ( 'NONE', #7641 ) ;
#7834 = TOROIDAL_SURFACE ( 'NONE', #1407, 1.500000000000000000, 1.000000000000000000 ) ;
#7835 = DIRECTION ( 'NONE',  ( 4.460717509654647040E-15, 0.000000000000000000, -1.000000000000000000 ) ) ;
#7836 = CARTESIAN_POINT ( 'NONE',  ( 20.87844544752079656, 1.079949199897997758, -14.37751771673045909 ) ) ;
#7837 = EDGE_CURVE ( 'NONE', #628, #8802, #8985, .T. ) ;
#7838 = CARTESIAN_POINT ( 'NONE',  ( 10.80596750420303565, -0.3200508001019938820, -1.922714153687151484 ) ) ;
#7839 = ORIENTED_EDGE ( 'NONE', *, *, #223, .T. ) ;
#7840 = B_SPLINE_CURVE_WITH_KNOTS ( 'NONE', 3,
 ( #9427, #1018, #4002, #5697, #8694, #279, #5492, #8548 ),
 .UNSPECIFIED., .F., .F.,
 ( 4, 2, 2, 4 ),
 ( 0.000000000000000000, 0.001023772754664946036, 0.001535659131997421005, 0.002047545509329899878 ),
 .UNSPECIFIED. ) ;
#7841 = CARTESIAN_POINT ( 'NONE',  ( 25.51277363994716652, 3.379949199898008239, 10.91608360158611291 ) ) ;
#7842 = AXIS2_PLACEMENT_3D ( 'NONE', #2655, #5666, #7979 ) ;
#7843 = CARTESIAN_POINT ( 'NONE',  ( 11.61396751768383417, 2.079949199898003975, 4.199792673238191831 ) ) ;
#7844 = CARTESIAN_POINT ( 'NONE',  ( 15.87902982125516438, 1.582291274037322060, -18.14121295866734584 ) ) ;
#7845 = CARTESIAN_POINT ( 'NONE',  ( -4.781585005895323981, -0.5200508001019926718, 4.135363024995432291 ) ) ;
#7846 = CARTESIAN_POINT ( 'NONE',  ( -7.202667345074088345, 0.6799491998980071727, 4.140305804512093957 ) ) ;
#7847 = AXIS2_PLACEMENT_3D ( 'NONE', #3983, #7740, #7686 ) ;
#7848 = CARTESIAN_POINT ( 'NONE',  ( -15.13617085044663924, 2.079949199897994205, 17.69538796552825843 ) ) ;
#7849 = EDGE_CURVE ( 'NONE', #216, #6866, #4559, .T. ) ;
#7850 = CIRCLE ( 'NONE', #9732, 1.500000000000001332 ) ;
#7851 = CYLINDRICAL_SURFACE ( 'NONE', #4040, 0.5000000000000004441 ) ;
#7852 = VERTEX_POINT ( 'NONE', #3948 ) ;
#7853 = CARTESIAN_POINT ( 'NONE',  ( 8.574069581478983793, 1.079949199898004197, 17.25072264368863273 ) ) ;
#7854 = CARTESIAN_POINT ( 'NONE',  ( 14.47793423166683624, 3.379949199898008239, -21.44763243253714435 ) ) ;
#7855 = FACE_OUTER_BOUND ( 'NONE', #342, .T. ) ;
#7856 = ORIENTED_EDGE ( 'NONE', *, *, #2465, .F. ) ;
#7857 = ADVANCED_FACE ( 'NONE', ( #5472 ), #752, .T. ) ;
#7858 = DIRECTION ( 'NONE',  ( -0.000000000000000000, -1.000000000000000000, -0.000000000000000000 ) ) ;
#7859 = DIRECTION ( 'NONE',  ( -0.4999999999999956146, 0.000000000000000000, -0.8660254037844412611 ) ) ;
#7860 = EDGE_LOOP ( 'NONE', ( #7131, #1500, #9671, #6665 ) ) ;
#7861 = AXIS2_PLACEMENT_3D ( 'NONE', #9518, #673, #7311 ) ;
#7862 = VECTOR ( 'NONE', #4987, 1000.000000000000000 ) ;
#7863 = CARTESIAN_POINT ( 'NONE',  ( 0.3925582049714500532, -0.3200508001019938820, -7.321829941556132759 ) ) ;
#7864 = CARTESIAN_POINT ( 'NONE',  ( -16.70925739877612415, 0.000000000000000000, 19.84907255162304551 ) ) ;
#7865 = CIRCLE ( 'NONE', #1739, 2.499999999999998668 ) ;
#7866 = VERTEX_POINT ( 'NONE', #2472 ) ;
#7867 = CARTESIAN_POINT ( 'NONE',  ( -10.65273443470441528, 1.079949199898004197, 20.85107877951089606 ) ) ;
#7868 = CIRCLE ( 'NONE', #8500, 2.499999999999998668 ) ;
#7869 = ORIENTED_EDGE ( 'NONE', *, *, #1858, .T. ) ;
#7870 = CARTESIAN_POINT ( 'NONE',  ( -1.357281228917792681, -0.5200508001019926718, -6.270728258305322100 ) ) ;
#7871 = EDGE_LOOP ( 'NONE', ( #9348, #6716, #9331, #4413, #4622, #6158 ) ) ;
#7872 = CARTESIAN_POINT ( 'NONE',  ( 24.59024938363640800, 2.079949199897994205, 5.250590211483452840 ) ) ;
#7873 = CARTESIAN_POINT ( 'NONE',  ( -1.385879524133029950, 3.379961699898006433, 24.99928654876118372 ) ) ;
#7874 = ORIENTED_EDGE ( 'NONE', *, *, #2480, .F. ) ;
#7875 = CARTESIAN_POINT ( 'NONE',  ( -5.964385371679430392, 0.6799491998980081719, 4.478475350074480055 ) ) ;
#7876 = VECTOR ( 'NONE', #9627, 1000.000000000000000 ) ;
#7877 = CARTESIAN_POINT ( 'NONE',  ( -25.57847377632324282, 1.079949199897997758, 5.403601811366237406 ) ) ;
#7878 = CARTESIAN_POINT ( 'NONE',  ( 5.663944979002234703, -0.3200508001019938820, 6.898825894551885440 ) ) ;
#7879 = VERTEX_POINT ( 'NONE', #8428 ) ;
#7880 = CARTESIAN_POINT ( 'NONE',  ( 15.85397087872664912, 1.581731509877096764, -18.18279634095602404 ) ) ;
#7881 = AXIS2_PLACEMENT_3D ( 'NONE', #2217, #8771, #4455 ) ;
#7882 = CARTESIAN_POINT ( 'NONE',  ( -2.135004402518038802, -0.3200508001019928828, -7.856653501946001761 ) ) ;
#7883 = CARTESIAN_POINT ( 'NONE',  ( 15.99407193982682607, 0.000000000000000000, -18.20803970888895051 ) ) ;
#7884 = EDGE_CURVE ( 'NONE', #7003, #9282, #499, .T. ) ;
#7885 = DIRECTION ( 'NONE',  ( -1.445602896647339508E-15, 0.000000000000000000, 1.000000000000000000 ) ) ;
#7886 = CARTESIAN_POINT ( 'NONE',  ( 10.02236302355576392, 0.6799491998980072838, 1.692848536117379732 ) ) ;
#7887 = ORIENTED_EDGE ( 'NONE', *, *, #1192, .T. ) ;
#7888 = DIRECTION ( 'NONE',  ( 0.000000000000000000, 0.000000000000000000, 1.000000000000000000 ) ) ;
#7889 = AXIS2_PLACEMENT_3D ( 'NONE', #9534, #2061, #4894 ) ;
#7890 = CARTESIAN_POINT ( 'NONE',  ( 1.905256537439542264, 0.000000000000000000, 1.100000374765998323 ) ) ;
#7891 = CARTESIAN_POINT ( 'NONE',  ( 2.689700347838582584, -0.5200508001019920057, -8.153785073498390545 ) ) ;
#7892 = EDGE_LOOP ( 'NONE', ( #4890, #9441, #6535, #7933 ) ) ;
#7893 = DIRECTION ( 'NONE',  ( 0.000000000000000000, 0.000000000000000000, -1.000000000000000000 ) ) ;
#7894 = DIRECTION ( 'NONE',  ( 0.000000000000000000, -1.000000000000000000, 0.000000000000000000 ) ) ;
#7895 = CIRCLE ( 'NONE', #5858, 1.500000000000001332 ) ;
#7896 = DIRECTION ( 'NONE',  ( 0.000000000000000000, 0.000000000000000000, 1.000000000000000000 ) ) ;
#7897 = CARTESIAN_POINT ( 'NONE',  ( 5.025749273331452827, 3.379949199898008239, 3.558171410393414558 ) ) ;
#7898 = ORIENTED_EDGE ( 'NONE', *, *, #5227, .F. ) ;
#7899 = LINE ( 'NONE', #1163, #4697 ) ;
#7900 = FACE_OUTER_BOUND ( 'NONE', #2846, .T. ) ;
#7901 = PRODUCT_DEFINITION_FORMATION_WITH_SPECIFIED_SOURCE ( 'ไป', '', #8917, .NOT_KNOWN. ) ;
#7902 = CARTESIAN_POINT ( 'NONE',  ( 7.829487298332922229, 1.079949199897997758, 24.11061236562114729 ) ) ;
#7903 = ORIENTED_EDGE ( 'NONE', *, *, #3378, .F. ) ;
#7904 = CARTESIAN_POINT ( 'NONE',  ( -7.125192612383756341, 1.689974599949004119, 3.048627598844102060 ) ) ;
#7905 = CARTESIAN_POINT ( 'NONE',  ( 10.24922251997925216, 1.079949199897997758, 23.15217264361945482 ) ) ;
#7906 = CARTESIAN_POINT ( 'NONE',  ( 5.768584668424082018, -0.5200508001019920057, 5.346989849822679552 ) ) ;
#7907 = LINE ( 'NONE', #4299, #3390 ) ;
#7908 = CARTESIAN_POINT ( 'NONE',  ( -13.37653562345044733, 3.379949199898008239, 21.62483327182252069 ) ) ;
#7909 = CARTESIAN_POINT ( 'NONE',  ( -17.23131124203197828, 3.379949199898008239, -18.86320297791350242 ) ) ;
#7910 = ORIENTED_EDGE ( 'NONE', *, *, #3254, .T. ) ;
#7911 = ADVANCED_FACE ( 'NONE', ( #6079 ), #6128, .T. ) ;
#7912 = CARTESIAN_POINT ( 'NONE',  ( 0.1058958648121438029, 0.6799491998980070617, -8.306450706515791538 ) ) ;
#7913 = CARTESIAN_POINT ( 'NONE',  ( 13.99999999999999645, 80.31423269831148559, -25.49999999999999645 ) ) ;
#7914 = ORIENTED_EDGE ( 'NONE', *, *, #5562, .T. ) ;
#7915 = CARTESIAN_POINT ( 'NONE',  ( -13.69885532378050108, 2.079949199897996426, -21.54805504328935228 ) ) ;
#7916 = ORIENTED_EDGE ( 'NONE', *, *, #6366, .F. ) ;
#7917 = CARTESIAN_POINT ( 'NONE',  ( -5.975469824244458827, -0.5200508001019926718, -7.451307599385940783 ) ) ;
#7918 = ADVANCED_FACE ( 'NONE', ( #4578 ), #7597, .F. ) ;
#7919 = CARTESIAN_POINT ( 'NONE',  ( -15.94893020610289192, 1.079949199897997758, 18.27803342811781206 ) ) ;
#7920 = CARTESIAN_POINT ( 'NONE',  ( 14.84827695402230674, 1.579818057073225201, 20.99463006213104777 ) ) ;
#7921 = ORIENTED_EDGE ( 'NONE', *, *, #1308, .T. ) ;
#7922 = CARTESIAN_POINT ( 'NONE',  ( -8.039779334075026540, 0.6799491998980070617, 1.974865116648216068 ) ) ;
#7923 = CARTESIAN_POINT ( 'NONE',  ( 13.37653562345044733, 80.31423269831148559, -21.62483327182251713 ) ) ;
#7924 = CARTESIAN_POINT ( 'NONE',  ( -1.632419059028622721, 0.6799491998981801455, 11.45889006307046998 ) ) ;
#7925 = ORIENTED_EDGE ( 'NONE', *, *, #3209, .F. ) ;
#7926 = APPLICATION_PROTOCOL_DEFINITION ( 'draft international standard', 'automotive_design', 1998, #8190 ) ;
#7927 = VERTEX_POINT ( 'NONE', #5377 ) ;
#7928 = CARTESIAN_POINT ( 'NONE',  ( 9.478377253900498900, 3.379949199898008239, -1.559915373907895253 ) ) ;
#7929 = CARTESIAN_POINT ( 'NONE',  ( -6.908543723364283906, -0.3200508001019929383, -8.450342640065192867 ) ) ;
#7930 = DIRECTION ( 'NONE',  ( -0.000000000000000000, -1.000000000000000000, -0.000000000000000000 ) ) ;
#7931 = CARTESIAN_POINT ( 'NONE',  ( 20.70000000000011653, 1.079949199897997758, 20.69999999999988916 ) ) ;
#7932 = CARTESIAN_POINT ( 'NONE',  ( 0.6537900091223841637, 0.6799491998980069507, 12.66441383899576856 ) ) ;
#7933 = ORIENTED_EDGE ( 'NONE', *, *, #4259, .F. ) ;
#7934 = CARTESIAN_POINT ( 'NONE',  ( 15.86326352160881115, 0.000000000000000000, -18.38884889344042506 ) ) ;
#7935 = CYLINDRICAL_SURFACE ( 'NONE', #3738, 2.000000000000000000 ) ;
#7936 = DIRECTION ( 'NONE',  ( 0.000000000000000000, 0.000000000000000000, 1.000000000000000000 ) ) ;
#7937 = EDGE_CURVE ( 'NONE', #425, #8340, #167, .T. ) ;
#7938 = CARTESIAN_POINT ( 'NONE',  ( 9.216489285147966726, 0.6799491998980070617, 2.393636989075649701 ) ) ;
#7939 = EDGE_CURVE ( 'NONE', #1393, #3570, #1645, .T. ) ;
#7940 = ORIENTED_EDGE ( 'NONE', *, *, #41, .F. ) ;
#7941 = CYLINDRICAL_SURFACE ( 'NONE', #8369, 2.499999999999998668 ) ;
#7942 = DIRECTION ( 'NONE',  ( 1.000000000000000000, 0.000000000000000000, 0.000000000000000000 ) ) ;
#7943 = ORIENTED_EDGE ( 'NONE', *, *, #4104, .T. ) ;
#7944 = DIRECTION ( 'NONE',  ( 0.000000000000000000, -1.000000000000000000, 0.000000000000000000 ) ) ;
#7945 = CARTESIAN_POINT ( 'NONE',  ( 5.159809027420885208, 3.379949199898008239, 3.276748648010133547 ) ) ;
#7946 = EDGE_LOOP ( 'NONE', ( #4940, #2166, #2552, #4425 ) ) ;
#7947 = CARTESIAN_POINT ( 'NONE',  ( -11.83623697173119638, 0.6799491998980069507, -3.943911213788410919 ) ) ;
#7948 = DIRECTION ( 'NONE',  ( 0.000000000000000000, 0.000000000000000000, -1.000000000000000000 ) ) ;
#7949 = CARTESIAN_POINT ( 'NONE',  ( -15.95736462981963122, 2.079949199897992429, 18.26603739969873885 ) ) ;
#7950 = EDGE_CURVE ( 'NONE', #9386, #2933, #4714, .T. ) ;
#7951 = FACE_OUTER_BOUND ( 'NONE', #1668, .T. ) ;
#7952 = DIRECTION ( 'NONE',  ( 0.000000000000000000, 0.000000000000000000, -1.000000000000000000 ) ) ;
#7953 = FACE_OUTER_BOUND ( 'NONE', #975, .T. ) ;
#7954 = CARTESIAN_POINT ( 'NONE',  ( 10.34480784725608693, 2.090873339771440076, -24.06989674270722190 ) ) ;
#7955 = CARTESIAN_POINT ( 'NONE',  ( 23.83903600861796690, 1.079949199898004197, -8.621070825588827091 ) ) ;
#7956 = CARTESIAN_POINT ( 'NONE',  ( 20.87844544752097420, 1.079949199897997758, 14.37751771673019974 ) ) ;
#7957 = CARTESIAN_POINT ( 'NONE',  ( -9.271337228896699756, 3.379949199898008239, 26.15539726305211943 ) ) ;
#7958 = ORIENTED_EDGE ( 'NONE', *, *, #5936, .T. ) ;
#7959 = EDGE_CURVE ( 'NONE', #4461, #1340, #3158, .T. ) ;
#7960 = CARTESIAN_POINT ( 'NONE',  ( 2.274658220068214831, -0.3200508001019938820, -7.933347613292361267 ) ) ;
#7961 = DIRECTION ( 'NONE',  ( 0.000000000000000000, 0.000000000000000000, 1.000000000000000000 ) ) ;
#7962 = EDGE_CURVE ( 'NONE', #1103, #5732, #6272, .T. ) ;
#7963 = ORIENTED_EDGE ( 'NONE', *, *, #8638, .T. ) ;
#7964 = DIRECTION ( 'NONE',  ( -0.8355560679372396882, 0.000000000000000000, -0.5494051850258233616 ) ) ;
#7965 = ORIENTED_EDGE ( 'NONE', *, *, #5412, .T. ) ;
#7966 = CARTESIAN_POINT ( 'NONE',  ( -9.187730493620119177, 3.379949199898008239, -0.8718716688696306338 ) ) ;
#7967 = AXIS2_PLACEMENT_3D ( 'NONE', #1170, #6435, #8060 ) ;
#7968 = CARTESIAN_POINT ( 'NONE',  ( -15.33031030567864050, 2.049369383503758524, 17.84647529113722086 ) ) ;
#7969 = LINE ( 'NONE', #6356, #5769 ) ;
#7970 = ORIENTED_EDGE ( 'NONE', *, *, #1187, .T. ) ;
#7971 = CARTESIAN_POINT ( 'NONE',  ( -9.414381687323921000, 0.6799491998980070617, 0.8643948961436148659 ) ) ;
#7972 = CIRCLE ( 'NONE', #2160, 1.000000000000000888 ) ;
#7973 = FACE_OUTER_BOUND ( 'NONE', #7547, .T. ) ;
#7974 = EDGE_CURVE ( 'NONE', #7175, #2450, #9449, .T. ) ;
#7975 = CARTESIAN_POINT ( 'NONE',  ( -5.718825292216850542, 0.6799491998980070617, 6.327777838769150343 ) ) ;
#7976 = ORIENTED_EDGE ( 'NONE', *, *, #2798, .T. ) ;
#7977 = CARTESIAN_POINT ( 'NONE',  ( 24.82496600172964918, 2.079949199897994649, -3.511696316032681509 ) ) ;
#7978 = CARTESIAN_POINT ( 'NONE',  ( -10.72723882544883089, -0.3200508001019928828, -4.396429024682706910 ) ) ;
#7979 = DIRECTION ( 'NONE',  ( 0.000000000000000000, 0.000000000000000000, 1.000000000000000000 ) ) ;
#7980 = EDGE_CURVE ( 'NONE', #2760, #5211, #8665, .T. ) ;
#7981 = CARTESIAN_POINT ( 'NONE',  ( 1.472265383345497725, -0.5200508001019926718, 10.25939922876456656 ) ) ;
#7982 = CARTESIAN_POINT ( 'NONE',  ( 5.161402005037455609, 0.6799491998980071727, 10.30194520077613163 ) ) ;
#7983 = ORIENTED_EDGE ( 'NONE', *, *, #3218, .F. ) ;
#7984 = AXIS2_PLACEMENT_3D ( 'NONE', #533, #6537, #1319 ) ;
#7985 = DIRECTION ( 'NONE',  ( 0.000000000000000000, 1.000000000000000000, -0.000000000000000000 ) ) ;
#7986 = CARTESIAN_POINT ( 'NONE',  ( -17.50748860296559783, 0.000000000000000000, -18.41669187804072649 ) ) ;
#7987 = CARTESIAN_POINT ( 'NONE',  ( -4.157332302906002752, 2.079949199898003975, 24.60120094879952646 ) ) ;
#7988 = CARTESIAN_POINT ( 'NONE',  ( 7.998595265583936076, 0.6799491998979962926, 1.999836985112238397 ) ) ;
#7989 = ORIENTED_EDGE ( 'NONE', *, *, #7438, .F. ) ;
#7990 = AXIS2_PLACEMENT_3D ( 'NONE', #9391, #2648, #1234 ) ;
#7991 = CARTESIAN_POINT ( 'NONE',  ( 9.297978119328096369, 2.579949199898003975, -23.46122212252468131 ) ) ;
#7992 = CARTESIAN_POINT ( 'NONE',  ( 26.96198792745413542, 80.31423269831148559, 5.617818042358747377 ) ) ;
#7993 = CARTESIAN_POINT ( 'NONE',  ( -27.39348727938613592, 0.000000000000000000, 1.875572393208587707 ) ) ;
#7994 = CARTESIAN_POINT ( 'NONE',  ( 7.005203456258102257, 3.379949199898008239, 1.205794864782073983 ) ) ;
#7995 = CARTESIAN_POINT ( 'NONE',  ( -16.66778655113267504, 0.000000000000000000, -18.37582460135802975 ) ) ;
#7996 = VECTOR ( 'NONE', #5196, 1000.000000000000000 ) ;
#7997 = VERTEX_POINT ( 'NONE', #7006 ) ;
#7998 = CARTESIAN_POINT ( 'NONE',  ( -8.889944679682454165, 0.6799491998980069507, -8.598476918112837097 ) ) ;
#7999 = DIRECTION ( 'NONE',  ( -1.000000000000000000, 0.000000000000000000, -2.141633920959021247E-16 ) ) ;
#8000 = AXIS2_PLACEMENT_3D ( 'NONE', #6263, #1638, #853 ) ;
#8001 = CARTESIAN_POINT ( 'NONE',  ( 14.88316527472233197, 1.079949199898004197, 20.37839693420014342 ) ) ;
#8002 = CARTESIAN_POINT ( 'NONE',  ( 15.94893020610289192, 1.079949199898053269, -18.27803342811781562 ) ) ;
#8003 = DIRECTION ( 'NONE',  ( -5.782411586589351722E-15, 0.000000000000000000, -1.000000000000000000 ) ) ;
#8004 = FACE_OUTER_BOUND ( 'NONE', #8635, .T. ) ;
#8005 = AXIS2_PLACEMENT_3D ( 'NONE', #7320, #5416, #3053 ) ;
#8006 = CARTESIAN_POINT ( 'NONE',  ( 14.68284181377946496, 1.079949199898004197, -20.03142652189907125 ) ) ;
#8007 = CARTESIAN_POINT ( 'NONE',  ( 20.87844544752097420, 80.31423269831148559, 14.37751771673019974 ) ) ;
#8008 = LINE ( 'NONE', #6495, #7222 ) ;
#8009 = ORIENTED_EDGE ( 'NONE', *, *, #6476, .T. ) ;
#8010 = CIRCLE ( 'NONE', #2819, 1.399999999999998579 ) ;
#8011 = ADVANCED_FACE ( 'NONE', ( #6471 ), #7790, .F. ) ;
#8012 = CARTESIAN_POINT ( 'NONE',  ( 1.908309284231253233, -0.3200508001019938820, -7.742792467556053992 ) ) ;
#8013 = CIRCLE ( 'NONE', #4381, 1.399999999999998579 ) ;
#8014 = B_SPLINE_CURVE_WITH_KNOTS ( 'NONE', 3,
 ( #7909, #2686, #8642, #1219 ),
 .UNSPECIFIED., .F., .F.,
 ( 4, 4 ),
 ( 0.000000000000000000, 1.000000000000000000 ),
 .UNSPECIFIED. ) ;
#8015 = DIRECTION ( 'NONE',  ( 0.000000000000000000, 0.000000000000000000, -1.000000000000000000 ) ) ;
#8016 = ORIENTED_EDGE ( 'NONE', *, *, #1487, .T. ) ;
#8017 = CARTESIAN_POINT ( 'NONE',  ( -24.99333871037788413, 2.079949199898015078, 0.8792327164915673121 ) ) ;
#8018 = ORIENTED_EDGE ( 'NONE', *, *, #7959, .F. ) ;
#8019 = CARTESIAN_POINT ( 'NONE',  ( -9.686731031075179743, -0.5200508001019926718, -3.407052322335027306 ) ) ;
#8020 = CARTESIAN_POINT ( 'NONE',  ( -15.34234230854741377, 2.045563986303115200, 17.85490969175350173 ) ) ;
#8021 = ORIENTED_EDGE ( 'NONE', *, *, #6451, .T. ) ;
#8022 = CARTESIAN_POINT ( 'NONE',  ( -8.467403314223046706, -0.3200508001019938820, 1.701328869299381763 ) ) ;
#8023 = ADVANCED_FACE ( 'NONE', ( #2573 ), #5683, .F. ) ;
#8024 = CIRCLE ( 'NONE', #3451, 0.5000000000000004441 ) ;
#8025 = VECTOR ( 'NONE', #8233, 1000.000000000000000 ) ;
#8026 = EDGE_CURVE ( 'NONE', #1250, #8815, #7096, .T. ) ;
#8027 = CARTESIAN_POINT ( 'NONE',  ( -4.807630031920405500, 0.6799491998980070617, 10.68978960883860019 ) ) ;
#8028 = ORIENTED_EDGE ( 'NONE', *, *, #589, .F. ) ;
#8029 = CARTESIAN_POINT ( 'NONE',  ( 6.053094336723154889, 3.379949199898008239, 2.018804821670687755 ) ) ;
#8030 = CARTESIAN_POINT ( 'NONE',  ( -10.38545754130814736, -0.3200508001019928828, -5.367518484910177357 ) ) ;
#8031 = CARTESIAN_POINT ( 'NONE',  ( 8.073186969602916818, -0.5200508001019926718, -6.469362131626117396 ) ) ;
#8032 = CIRCLE ( 'NONE', #3781, 6.325000000000004619 ) ;
#8033 = CARTESIAN_POINT ( 'NONE',  ( 5.651421390278396295, -0.5200508001019926718, 2.493871222290275913 ) ) ;
#8034 = CARTESIAN_POINT ( 'NONE',  ( 10.28453365604230818, 0.6799491998980072838, 1.405382157202823334 ) ) ;
#8035 = AXIS2_PLACEMENT_3D ( 'NONE', #2418, #3152, #9255 ) ;
#8036 = ORIENTED_EDGE ( 'NONE', *, *, #575, .T. ) ;
#8037 = DIRECTION ( 'NONE',  ( -0.000000000000000000, -1.000000000000000000, -0.000000000000000000 ) ) ;
#8038 = ADVANCED_FACE ( 'NONE', ( #2614 ), #9458, .T. ) ;
#8039 = CARTESIAN_POINT ( 'NONE',  ( -10.09309506776799203, 80.31423269831148559, -21.88175196393325805 ) ) ;
#8040 = LINE ( 'NONE', #1524, #2533 ) ;
#8041 = EDGE_CURVE ( 'NONE', #3277, #5706, #8506, .T. ) ;
#8042 = CIRCLE ( 'NONE', #6482, 0.4000000000000010214 ) ;
#8043 = CARTESIAN_POINT ( 'NONE',  ( 7.261813642685535974, -0.3200508001019938820, 2.530567674897152841 ) ) ;
#8044 = EDGE_LOOP ( 'NONE', ( #4982, #2324, #6770, #7805 ) ) ;
#8045 = CARTESIAN_POINT ( 'NONE',  ( 0.7228355895368456796, 2.079949199898003531, 21.46773321093944986 ) ) ;
#8046 = DIRECTION ( 'NONE',  ( 0.8660254037844420383, -0.000000000000000000, 0.4999999999999942268 ) ) ;
#8047 = CYLINDRICAL_SURFACE ( 'NONE', #5993, 2.800000000000000266 ) ;
#8048 = CARTESIAN_POINT ( 'NONE',  ( 3.491947033443773218, 3.379949199898008239, 8.854551475444953468 ) ) ;
#8049 = CARTESIAN_POINT ( 'NONE',  ( -11.56104164229996023, 2.079949199898003975, 22.42475901279190253 ) ) ;
#8050 = EDGE_CURVE ( 'NONE', #9619, #3758, #6943, .T. ) ;
#8051 = ORIENTED_EDGE ( 'NONE', *, *, #5199, .T. ) ;
#8052 = DIRECTION ( 'NONE',  ( 0.000000000000000000, 0.000000000000000000, -1.000000000000000000 ) ) ;
#8053 = CARTESIAN_POINT ( 'NONE',  ( -15.90722730963658194, 2.079949199897992429, 18.33400476172506899 ) ) ;
#8054 = CARTESIAN_POINT ( 'NONE',  ( 17.23131124203197828, 3.379949199898008239, 18.86320297791348821 ) ) ;
#8055 = ORIENTED_EDGE ( 'NONE', *, *, #1681, .T. ) ;
#8056 = CARTESIAN_POINT ( 'NONE',  ( -8.029586376685230675, -0.3200508001019800042, 1.980782904847790293 ) ) ;
#8057 = CARTESIAN_POINT ( 'NONE',  ( 10.45839989063953901, 1.079949199897997758, 22.51447847739673946 ) ) ;
#8058 = AXIS2_PLACEMENT_3D ( 'NONE', #9320, #8580, #7893 ) ;
#8059 = CARTESIAN_POINT ( 'NONE',  ( -10.02538718874729540, 1.079949199897997758, 22.76447847739669328 ) ) ;
#8060 = DIRECTION ( 'NONE',  ( 0.000000000000000000, 0.000000000000000000, -1.000000000000000000 ) ) ;
#8061 = DIRECTION ( 'NONE',  ( -0.000000000000000000, 1.000000000000000000, -0.000000000000000000 ) ) ;
#8062 = ORIENTED_EDGE ( 'NONE', *, *, #9199, .F. ) ;
#8063 = CARTESIAN_POINT ( 'NONE',  ( 1.228240296606310178, 0.6799491998980070617, -8.543625604902391757 ) ) ;
#8064 = CIRCLE ( 'NONE', #6663, 2.499999999999998668 ) ;
#8065 = DIRECTION ( 'NONE',  ( -0.000000000000000000, -1.000000000000000000, -0.000000000000000000 ) ) ;
#8066 = EDGE_CURVE ( 'NONE', #130, #9386, #5999, .T. ) ;
#8067 = ORIENTED_EDGE ( 'NONE', *, *, #2017, .T. ) ;
#8068 = CARTESIAN_POINT ( 'NONE',  ( -25.51311251866405172, 1.079949199897997758, -5.876835801766823408 ) ) ;
#8069 = ORIENTED_EDGE ( 'NONE', *, *, #8508, .T. ) ;
#8070 = CARTESIAN_POINT ( 'NONE',  ( -7.768532583743247066, -0.5200508001019926718, -6.692875143246167724 ) ) ;
#8071 = CARTESIAN_POINT ( 'NONE',  ( -6.902021880671902920, 2.579949199898003975, -9.806114451437126789 ) ) ;
#8072 = ORIENTED_EDGE ( 'NONE', *, *, #2793, .T. ) ;
#8073 = CARTESIAN_POINT ( 'NONE',  ( -8.837789846314738185, -0.3200508001019938820, 1.420539651379471024 ) ) ;
#8074 = DIRECTION ( 'NONE',  ( -0.000000000000000000, -1.000000000000000000, -0.000000000000000000 ) ) ;
#8075 = CARTESIAN_POINT ( 'NONE',  ( -5.484666533080075901, -0.3200508001019938820, 7.660540749014930206 ) ) ;
#8076 = ORIENTED_EDGE ( 'NONE', *, *, #6491, .T. ) ;
#8077 = CARTESIAN_POINT ( 'NONE',  ( 9.679470475704443189, 3.379949199898008239, -2.490731261057278267 ) ) ;
#8078 = CARTESIAN_POINT ( 'NONE',  ( -6.326916435308327813, -0.3200508001019958249, 3.659938406190052174 ) ) ;
#8079 = CARTESIAN_POINT ( 'NONE',  ( 3.569763106655731821, -0.5200508001019926718, -7.233957525080598749 ) ) ;
#8080 = CARTESIAN_POINT ( 'NONE',  ( 9.697697526118613354, -0.5200508001019926718, -2.969235531611509771 ) ) ;
#8081 = CARTESIAN_POINT ( 'NONE',  ( 2.274423560257619048, 3.379949199898008239, -6.593155184191872742 ) ) ;
#8082 = ORIENTED_EDGE ( 'NONE', *, *, #7849, .T. ) ;
#8083 = CARTESIAN_POINT ( 'NONE',  ( 11.44564744636400988, 2.079949199898003975, 22.51627757663084139 ) ) ;
#8084 = CARTESIAN_POINT ( 'NONE',  ( 17.23131124203197473, 3.379949199898008239, -18.86320297791349176 ) ) ;
#8085 = CARTESIAN_POINT ( 'NONE',  ( 7.992337922860754951, 0.6799491998980070617, 3.222963775129806585 ) ) ;
#8086 = ORIENTED_EDGE ( 'NONE', *, *, #7304, .T. ) ;
#8087 = DIRECTION ( 'NONE',  ( -0.000000000000000000, -1.000000000000000000, -0.000000000000000000 ) ) ;
#8088 = ADVANCED_FACE ( 'NONE', ( #362 ), #5674, .F. ) ;
#8089 = DIRECTION ( 'NONE',  ( 0.000000000000000000, 0.000000000000000000, -1.000000000000000000 ) ) ;
#8090 = CARTESIAN_POINT ( 'NONE',  ( -15.97567363643265281, 1.079949199899718604, 18.24047022705661902 ) ) ;
#8091 = CARTESIAN_POINT ( 'NONE',  ( 4.804359450755955940, 3.379949199898008239, 4.143923902926369252 ) ) ;
#8092 = DIRECTION ( 'NONE',  ( 0.000000000000000000, 0.000000000000000000, -1.000000000000000000 ) ) ;
#8093 = ORIENTED_EDGE ( 'NONE', *, *, #6451, .F. ) ;
#8094 = CARTESIAN_POINT ( 'NONE',  ( 20.70000000000011653, 3.379949199898008239, 20.69999999999988916 ) ) ;
#8095 = B_SPLINE_CURVE_WITH_KNOTS ( 'NONE', 3,
 ( #7458, #3162, #5228, #4527 ),
 .UNSPECIFIED., .F., .F.,
 ( 4, 4 ),
 ( 0.000000000000000000, 0.0004751103679997450394 ),
 .UNSPECIFIED. ) ;
#8096 = CARTESIAN_POINT ( 'NONE',  ( -15.94641446714752853, 2.079949199897992429, 18.28157442061664284 ) ) ;
#8097 = FACE_OUTER_BOUND ( 'NONE', #732, .T. ) ;
#8098 = VERTEX_POINT ( 'NONE', #1199 ) ;
#8099 = DIRECTION ( 'NONE',  ( -0.000000000000000000, -1.000000000000000000, -0.000000000000000000 ) ) ;
#8100 = CARTESIAN_POINT ( 'NONE',  ( 13.71072382247404420, 2.079949199897995982, -21.54438594644836513 ) ) ;
#8101 = ADVANCED_FACE ( 'NONE', ( #4175 ), #5202, .F. ) ;
#8102 = DIRECTION ( 'NONE',  ( -0.000000000000000000, -1.000000000000000000, -0.000000000000000000 ) ) ;
#8103 = CARTESIAN_POINT ( 'NONE',  ( 14.74277976488584940, 2.079949199897994205, -18.10512368305588637 ) ) ;
#8104 = CARTESIAN_POINT ( 'NONE',  ( 25.51309696382764258, 1.079949199897993983, -5.876918927264332737 ) ) ;
#8105 = CARTESIAN_POINT ( 'NONE',  ( -24.54087155810826459, 2.079949199898003975, 5.586960134079300033 ) ) ;
#8106 = EDGE_CURVE ( 'NONE', #1791, #3470, #5046, .T. ) ;
#8107 = CARTESIAN_POINT ( 'NONE',  ( 5.260355811659487735, 0.6799491998980070617, -8.722092616443871904 ) ) ;
#8108 = DIRECTION ( 'NONE',  ( 0.8660254037844412611, -0.000000000000000000, 0.4999999999999956146 ) ) ;
#8109 = ORIENTED_EDGE ( 'NONE', *, *, #3687, .F. ) ;
#8110 = CARTESIAN_POINT ( 'NONE',  ( -14.40813922126655200, 0.000000000000000000, 19.61364848793045113 ) ) ;
#8111 = ORIENTED_EDGE ( 'NONE', *, *, #4895, .F. ) ;
#8112 = CARTESIAN_POINT ( 'NONE',  ( -9.093302295844331695, -0.5200508001019926718, -5.260652592231884306 ) ) ;
#8113 = EDGE_LOOP ( 'NONE', ( #3710, #9710, #734, #3227 ) ) ;
#8114 = LINE ( 'NONE', #5949, #3607 ) ;
#8115 = ORIENTED_EDGE ( 'NONE', *, *, #976, .F. ) ;
#8116 = CARTESIAN_POINT ( 'NONE',  ( -9.192036293802368974, 0.6799491998980070617, 1.096767827913441851 ) ) ;
#8117 = ORIENTED_EDGE ( 'NONE', *, *, #2344, .F. ) ;
#8118 = CARTESIAN_POINT ( 'NONE',  ( 7.633478490909605618, -0.3200508001019928828, 2.236541478973965713 ) ) ;
#8119 = PLANE ( 'NONE',  #1868 ) ;
#8120 = VERTEX_POINT ( 'NONE', #4866 ) ;
#8121 = CARTESIAN_POINT ( 'NONE',  ( 4.557721267903827922, 3.379949199898008239, 5.353579499273717346 ) ) ;
#8122 = CARTESIAN_POINT ( 'NONE',  ( -13.54898165352187611, 2.079949199897998646, 21.59708892837407035 ) ) ;
#8123 = CARTESIAN_POINT ( 'NONE',  ( 2.274423560257619048, -0.5200508001019926718, -6.593155184191872742 ) ) ;
#8124 = CARTESIAN_POINT ( 'NONE',  ( 26.93283027007219133, 0.000000000000000000, -5.815874746030008424 ) ) ;
#8125 = CARTESIAN_POINT ( 'NONE',  ( -9.450482892799600521, 3.379949199898008239, -1.475565097142745419 ) ) ;
#8126 = ORIENTED_EDGE ( 'NONE', *, *, #4895, .T. ) ;
#8127 = CARTESIAN_POINT ( 'NONE',  ( -4.157332302906002752, 80.31423269831149980, 26.00120094879952504 ) ) ;
#8128 = EDGE_CURVE ( 'NONE', #907, #4500, #456, .T. ) ;
#8129 = AXIS2_PLACEMENT_3D ( 'NONE', #1321, #4251, #3362 ) ;
#8130 = CARTESIAN_POINT ( 'NONE',  ( 25.51309696382764258, 1.079949199898015300, -5.876918927264294545 ) ) ;
#8131 = B_SPLINE_SURFACE_WITH_KNOTS ( 'NONE', 3, 3, ( 
 ( #2914, #5924, #8921, #7451 ),
 ( #714, #4513, #5971, #7488 ),
 ( #757, #6765, #809, #19 ),
 ( #6218, #3241, #2416, #5312 ),
 ( #4759, #106, #5464, #5519 ),
 ( #64, #3097, #1788, #2464 ),
 ( #1039, #4022, #8322, #7781 ),
 ( #8471, #3054, #6071, #4660 ),
 ( #7590, #6856, #6118, #998 ),
 ( #7635, #9059, #2318, #3843 ),
 ( #895, #9109, #2368, #3980 ),
 ( #1593, #1738, #4716, #3887 ),
 ( #4569, #7738, #9206, #6902 ),
 ( #5369, #9254, #2516, #8375 ) ),
 .UNSPECIFIED., .F., .F., .F.,
 ( 4, 2, 2, 2, 2, 2, 4 ),
 ( 4, 4 ),
 ( 0.000000000000000000, 0.2502111565945950300, 0.3751491991007600002, 0.5000872416069249704, 0.7497395533542148272, 0.8748697766771074136, 1.000000000000000000 ),
 ( 0.000000000000000000, 1.000000000000000000 ),
 .UNSPECIFIED. ) ;
#8132 = CARTESIAN_POINT ( 'NONE',  ( 6.492098535554692518, 0.6799491998980291552, 3.380810080656036387 ) ) ;
#8133 = ORIENTED_EDGE ( 'NONE', *, *, #9345, .T. ) ;
#8134 = CARTESIAN_POINT ( 'NONE',  ( -0.6011761714376244736, 2.079949199898007084, 21.37680584974233255 ) ) ;
#8135 = CARTESIAN_POINT ( 'NONE',  ( 8.097978119328097080, 1.283005646233504660, -18.40008186843590465 ) ) ;
#8136 = CARTESIAN_POINT ( 'NONE',  ( -15.94893020610289192, 1.079949199897997758, 18.27803342811781206 ) ) ;
#8137 = CARTESIAN_POINT ( 'NONE',  ( 9.695422977532139441, -0.5200508001019926718, -3.130631016077059847 ) ) ;
#8138 = DIRECTION ( 'NONE',  ( 0.000000000000000000, 0.000000000000000000, -1.000000000000000000 ) ) ;
#8139 = ORIENTED_EDGE ( 'NONE', *, *, #5512, .F. ) ;
#8140 = EDGE_CURVE ( 'NONE', #7067, #9114, #4129, .T. ) ;
#8141 = VECTOR ( 'NONE', #2972, 1000.000000000000000 ) ;
#8142 = DIRECTION ( 'NONE',  ( 0.000000000000000000, -1.000000000000000000, -0.000000000000000000 ) ) ;
#8143 = CARTESIAN_POINT ( 'NONE',  ( -21.15717546953952422, 3.379949199898008239, -14.79266425619360348 ) ) ;
#8144 = PLANE ( 'NONE',  #3112 ) ;
#8145 = ORIENTED_EDGE ( 'NONE', *, *, #6700, .F. ) ;
#8146 = CIRCLE ( 'NONE', #3891, 26.35000000000000497 ) ;
#8147 = CARTESIAN_POINT ( 'NONE',  ( 21.70205276300504238, 1.079949199897997758, 14.94467817892863337 ) ) ;
#8148 = CARTESIAN_POINT ( 'NONE',  ( -14.68284181377946673, 1.079949199898004197, 20.03142652189907125 ) ) ;
#8149 = DIRECTION ( 'NONE',  ( -0.000000000000000000, -1.000000000000000000, -0.000000000000000000 ) ) ;
#8150 = DIRECTION ( 'NONE',  ( 0.000000000000000000, 0.000000000000000000, -1.000000000000000000 ) ) ;
#8151 = DIRECTION ( 'NONE',  ( 0.000000000000000000, 0.000000000000000000, -1.000000000000000000 ) ) ;
#8152 = VECTOR ( 'NONE', #3446, 1000.000000000000000 ) ;
#8153 = CARTESIAN_POINT ( 'NONE',  ( 9.383859339293044499, -0.3200508001019938820, -6.858371187024711269 ) ) ;
#8154 = ADVANCED_FACE ( 'NONE', ( #3784 ), #1383, .F. ) ;
#8155 = AXIS2_PLACEMENT_3D ( 'NONE', #8241, #7642, #1505 ) ;
#8156 = CARTESIAN_POINT ( 'NONE',  ( -8.102021880671902210, 2.079949199898024403, -11.00611445143712608 ) ) ;
#8157 = ADVANCED_FACE ( 'NONE', ( #515 ), #6788, .F. ) ;
#8158 = ORIENTED_EDGE ( 'NONE', *, *, #3011, .F. ) ;
#8159 = CARTESIAN_POINT ( 'NONE',  ( -25.57212989703570472, 0.000000000000000000, -5.445066121216212807 ) ) ;
#8160 = ORIENTED_EDGE ( 'NONE', *, *, #2425, .T. ) ;
#8161 = CIRCLE ( 'NONE', #7380, 1.000000000000000888 ) ;
#8162 = CARTESIAN_POINT ( 'NONE',  ( -5.308744901838668540, 3.379949199898008239, 3.023715954333359157 ) ) ;
#8163 = DIRECTION ( 'NONE',  ( 0.000000000000000000, 0.000000000000000000, -1.000000000000000000 ) ) ;
#8164 = ORIENTED_EDGE ( 'NONE', *, *, #2638, .T. ) ;
#8165 = CIRCLE ( 'NONE', #2974, 1.500000000000001332 ) ;
#8166 = CARTESIAN_POINT ( 'NONE',  ( -9.555079610863598916, -0.3200508001019938820, -6.678755533211293560 ) ) ;
#8167 = EDGE_CURVE ( 'NONE', #7514, #6866, #2944, .T. ) ;
#8168 = CIRCLE ( 'NONE', #636, 0.5000000000000004441 ) ;
#8169 = CARTESIAN_POINT ( 'NONE',  ( -2.873533741866184155, -0.3200508001019928828, 10.93315367198357002 ) ) ;
#8170 = DIRECTION ( 'NONE',  ( 0.000000000000000000, -1.000000000000000000, 0.000000000000000000 ) ) ;
#8171 = CIRCLE ( 'NONE', #6134, 3.925000000000001599 ) ;
#8172 = ORIENTED_EDGE ( 'NONE', *, *, #7658, .F. ) ;
#8173 = CARTESIAN_POINT ( 'NONE',  ( 2.316970560531085077, 3.379949199898008239, 9.869165417780823901 ) ) ;
#8174 = FACE_OUTER_BOUND ( 'NONE', #9573, .T. ) ;
#8175 = CARTESIAN_POINT ( 'NONE',  ( -4.516397448915184576, 3.379949199898008239, -7.469189936053055590 ) ) ;
#8176 = EDGE_LOOP ( 'NONE', ( #5151, #1776, #6302, #4514, #2158, #2113 ) ) ;
#8177 = DIRECTION ( 'NONE',  ( -0.000000000000000000, -1.000000000000000000, -0.000000000000000000 ) ) ;
#8178 = VECTOR ( 'NONE', #2825, 1000.000000000000000 ) ;
#8179 = CIRCLE ( 'NONE', #6297, 6.324999999999959321 ) ;
#8180 = CARTESIAN_POINT ( 'NONE',  ( 10.47712141878733760, -0.3200508001019800042, -5.129011029298021995 ) ) ;
#8181 = CARTESIAN_POINT ( 'NONE',  ( 7.319571279934933727, 0.6799491998980070617, 3.945659028759809228 ) ) ;
#8182 = ORIENTED_EDGE ( 'NONE', *, *, #7144, .F. ) ;
#8183 = CARTESIAN_POINT ( 'NONE',  ( -0.3563315947939826867, 1.077360653530174961, 22.41968855237601588 ) ) ;
#8184 = EDGE_CURVE ( 'NONE', #9232, #2699, #970, .T. ) ;
#8185 = CIRCLE ( 'NONE', #2362, 0.5000000000000004441 ) ;
#8186 = FACE_OUTER_BOUND ( 'NONE', #554, .T. ) ;
#8187 = CARTESIAN_POINT ( 'NONE',  ( -14.01421200576009696, 2.079949199898003975, 21.42782021030408757 ) ) ;
#8188 = CARTESIAN_POINT ( 'NONE',  ( 9.697697526118613354, -0.5200508001019926718, -2.969235531611509771 ) ) ;
#8189 = CARTESIAN_POINT ( 'NONE',  ( 25.57810035232023083, 1.079949199898025292, -5.406252687022702119 ) ) ;
#8190 = APPLICATION_CONTEXT ( 'automotive_design' ) ;
#8191 = ORIENTED_EDGE ( 'NONE', *, *, #3745, .F. ) ;
#8192 = AXIS2_PLACEMENT_3D ( 'NONE', #3261, #4245, #1901 ) ;
#8193 = CARTESIAN_POINT ( 'NONE',  ( 15.36107581053065019, 1.079949199897994649, -18.89344424691694613 ) ) ;
#8194 = CARTESIAN_POINT ( 'NONE',  ( -14.92610797925481059, 1.079949199897995760, 19.25400706842898302 ) ) ;
#8195 = CARTESIAN_POINT ( 'NONE',  ( -1.905255239212023222, 22.26046457370629739, 1.099999625233993639 ) ) ;
#8196 = EDGE_LOOP ( 'NONE', ( #4726, #8072, #8367, #1863, #9647 ) ) ;
#8197 = CARTESIAN_POINT ( 'NONE',  ( -8.102021880671902210, 2.079949199898003975, -23.45192124411338597 ) ) ;
#8198 = FACE_OUTER_BOUND ( 'NONE', #2077, .T. ) ;
#8199 = CARTESIAN_POINT ( 'NONE',  ( -25.55375496338948693, 2.079949199899826517, -5.563512390010600939 ) ) ;
#8200 = AXIS2_PLACEMENT_3D ( 'NONE', #6774, #4477, #6863 ) ;
#8201 = CARTESIAN_POINT ( 'NONE',  ( 25.55374855495710662, 1.079949199902555224, -5.563553790798016152 ) ) ;
#8202 = CARTESIAN_POINT ( 'NONE',  ( -20.85023272854534326, 0.000000000000000000, -15.37711965874913034 ) ) ;
#8203 = CARTESIAN_POINT ( 'NONE',  ( 2.979369115246599087, 0.6799491998980070617, -9.358670290140427284 ) ) ;
#8204 = EDGE_CURVE ( 'NONE', #3480, #9339, #8441, .T. ) ;
#8205 = B_SPLINE_CURVE_WITH_KNOTS ( 'NONE', 3,
 ( #6045, #1472, #8207, #3718, #2932, #2203, #7427, #6695, #5193, #6594, #4445, #590 ),
 .UNSPECIFIED., .F., .F.,
 ( 4, 2, 2, 2, 2, 4 ),
 ( 0.001403562007348664771, 0.002464716251021652291, 0.002995293372858142799, 0.003260581933776382849, 0.003393226214235502657, 0.003525870494694622465 ),
 .UNSPECIFIED. ) ;
#8206 = VECTOR ( 'NONE', #2293, 999.9999999999998863 ) ;
#8207 = CARTESIAN_POINT ( 'NONE',  ( 14.99052622902493326, 7.703719777548950419E-31, 19.20657645488591214 ) ) ;
#8208 = VERTEX_POINT ( 'NONE', #1981 ) ;
#8209 = CARTESIAN_POINT ( 'NONE',  ( 24.59024938363638313, 2.079949199898003975, 5.250590211483449288 ) ) ;
#8210 = ORIENTED_EDGE ( 'NONE', *, *, #4935, .F. ) ;
#8211 = DIRECTION ( 'NONE',  ( 0.000000000000000000, 0.000000000000000000, -1.000000000000000000 ) ) ;
#8212 = EDGE_CURVE ( 'NONE', #2955, #1408, #8040, .T. ) ;
#8213 = VECTOR ( 'NONE', #5786, 1000.000000000000000 ) ;
#8214 = CARTESIAN_POINT ( 'NONE',  ( -11.06411037214624216, 1.853112638934449885, 22.89266781589489952 ) ) ;
#8215 = CARTESIAN_POINT ( 'NONE',  ( -9.112240685933858941, 0.6799491998978837159, -7.148677242974096124 ) ) ;
#8216 = B_SPLINE_SURFACE_WITH_KNOTS ( 'NONE', 3, 1, ( 
 ( #1549, #816 ),
 ( #3807, #9065 ),
 ( #2326, #6371 ),
 ( #7050, #7005 ) ),
 .UNSPECIFIED., .F., .F., .F.,
 ( 4, 4 ),
 ( 2, 2 ),
 ( 0.9188609918153796130, 1.000000000000000000 ),
 ( 0.000000000000000000, 1.000000000000000000 ),
 .UNSPECIFIED. ) ;
#8217 = CARTESIAN_POINT ( 'NONE',  ( 4.709849153360263330, -0.3200508001019929938, 9.245691534808717194 ) ) ;
#8218 = B_SPLINE_CURVE_WITH_KNOTS ( 'NONE', 3,
 ( #6289, #326, #6927, #8396 ),
 .UNSPECIFIED., .F., .F.,
 ( 4, 4 ),
 ( 6.071532165918824830E-18, 0.0004750493518819482331 ),
 .UNSPECIFIED. ) ;
#8219 = DIRECTION ( 'NONE',  ( 0.000000000000000000, 0.000000000000000000, -1.000000000000000000 ) ) ;
#8220 = CARTESIAN_POINT ( 'NONE',  ( 14.09401178642830921, 2.079949199897994205, 18.62338967167069725 ) ) ;
#8221 = ORIENTED_EDGE ( 'NONE', *, *, #575, .F. ) ;
#8222 = CARTESIAN_POINT ( 'NONE',  ( 4.529849029835427032, 3.379949199898008239, 6.055442242930848984 ) ) ;
#8223 = EDGE_CURVE ( 'NONE', #4470, #7691, #6318, .T. ) ;
#8224 = CARTESIAN_POINT ( 'NONE',  ( 15.13569218728436638, 2.079949199897994205, -17.69607633263572666 ) ) ;
#8225 = CARTESIAN_POINT ( 'NONE',  ( -0.3956337780086755518, 3.379949199898008239, -6.113815952712745805 ) ) ;
#8226 = ORIENTED_EDGE ( 'NONE', *, *, #3675, .F. ) ;
#8227 = DIRECTION ( 'NONE',  ( 0.000000000000000000, 0.000000000000000000, -1.000000000000000000 ) ) ;
#8228 = CARTESIAN_POINT ( 'NONE',  ( 5.849077931320449508, -0.3200508001019800042, 4.862328324841770133 ) ) ;
#8229 = CARTESIAN_POINT ( 'NONE',  ( 5.730761492599411255, -0.3200508001019938820, 5.942395274976268738 ) ) ;
#8230 = ORIENTED_EDGE ( 'NONE', *, *, #1606, .T. ) ;
#8231 = CARTESIAN_POINT ( 'NONE',  ( -0.7228355895368521189, 2.079949199898003531, 21.46773321093944986 ) ) ;
#8232 = CARTESIAN_POINT ( 'NONE',  ( 8.161437285285428445, 0.000000000000000000, 24.49162981681099183 ) ) ;
#8233 = DIRECTION ( 'NONE',  ( -0.000000000000000000, -1.000000000000000000, -0.000000000000000000 ) ) ;
#8234 = DIRECTION ( 'NONE',  ( 0.000000000000000000, 1.000000000000000000, 0.000000000000000000 ) ) ;
#8235 = ORIENTED_EDGE ( 'NONE', *, *, #9050, .F. ) ;
#8236 = DIRECTION ( 'NONE',  ( 7.285838599102593583E-14, 0.000000000000000000, -1.000000000000000000 ) ) ;
#8237 = ORIENTED_EDGE ( 'NONE', *, *, #7799, .F. ) ;
#8238 = ADVANCED_FACE ( 'NONE', ( #6750 ), #505, .F. ) ;
#8239 = DIRECTION ( 'NONE',  ( 0.000000000000000000, -1.000000000000000000, -0.000000000000000000 ) ) ;
#8240 = CARTESIAN_POINT ( 'NONE',  ( -15.92615645385149925, 1.079949199897995760, 18.30916397770245752 ) ) ;
#8241 = CARTESIAN_POINT ( 'NONE',  ( 20.70000000000011653, 80.31423269831148559, 20.69999999999988916 ) ) ;
#8242 = VERTEX_POINT ( 'NONE', #7303 ) ;
#8243 = DIRECTION ( 'NONE',  ( 0.1529876763672108619, 3.263686119241388061E-16, -0.9882280965848734278 ) ) ;
#8244 = CARTESIAN_POINT ( 'NONE',  ( -10.09309506776799203, 2.079949199898003975, -21.88175196393326516 ) ) ;
#8245 = CARTESIAN_POINT ( 'NONE',  ( 20.70000000000011653, 1.079949199897997758, 15.37499999999988454 ) ) ;
#8246 = CARTESIAN_POINT ( 'NONE',  ( -20.87844544752097420, 1.079949199897997758, -14.37751771673020507 ) ) ;
#8247 = DIRECTION ( 'NONE',  ( 0.000000000000000000, -1.000000000000000000, 0.000000000000000000 ) ) ;
#8248 = CARTESIAN_POINT ( 'NONE',  ( 26.93305909162422296, -6.938893903907228378E-15, 5.814235915836791335 ) ) ;
#8249 = EDGE_CURVE ( 'NONE', #517, #4487, #1529, .T. ) ;
#8250 = DIRECTION ( 'NONE',  ( -0.8236073154840626298, 0.000000000000000000, -0.5671604621984291938 ) ) ;
#8251 = ORIENTED_EDGE ( 'NONE', *, *, #3761, .F. ) ;
#8252 = DIRECTION ( 'NONE',  ( 0.000000000000000000, -1.000000000000000000, 0.000000000000000000 ) ) ;
#8253 = ORIENTED_EDGE ( 'NONE', *, *, #4050, .T. ) ;
#8254 = CARTESIAN_POINT ( 'NONE',  ( -7.090351780841703366, -0.5200508001019926718, 1.146214620033445097 ) ) ;
#8255 = DIRECTION ( 'NONE',  ( 0.000000000000000000, -1.000000000000000000, 0.000000000000000000 ) ) ;
#8256 = CARTESIAN_POINT ( 'NONE',  ( -7.507221021469297817, -0.3200508001019938820, -8.219256766523040270 ) ) ;
#8257 = EDGE_CURVE ( 'NONE', #9282, #4701, #8042, .T. ) ;
#8258 = CARTESIAN_POINT ( 'NONE',  ( 10.47712141880309922, -0.3200508001019938820, -5.129011029259026522 ) ) ;
#8259 = DIRECTION ( 'NONE',  ( 0.000000000000000000, -1.000000000000000000, 0.000000000000000000 ) ) ;
#8260 = CARTESIAN_POINT ( 'NONE',  ( -5.733500162144341772, -0.3200508001019938820, 5.907920651197291484 ) ) ;
#8261 = ORIENTED_EDGE ( 'NONE', *, *, #8595, .F. ) ;
#8262 = CARTESIAN_POINT ( 'NONE',  ( 9.095682545581571077, 3.379949199898008239, -5.255590992977781539 ) ) ;
#8263 = CARTESIAN_POINT ( 'NONE',  ( -8.016659979266391289, 80.31423269831148559, -25.65900294825323158 ) ) ;
#8264 = CARTESIAN_POINT ( 'NONE',  ( -6.450280611925186314, 3.379949199898008239, -7.329518665590238236 ) ) ;
#8265 = ORIENTED_EDGE ( 'NONE', *, *, #4230, .F. ) ;
#8266 = CARTESIAN_POINT ( 'NONE',  ( 21.00285463593973034, 0.000000000000000000, 16.78670163806913607 ) ) ;
#8267 = ADVANCED_FACE ( 'NONE', ( #6055 ), #2375, .F. ) ;
#8268 = CARTESIAN_POINT ( 'NONE',  ( 25.57809423285191386, 1.079949199897994427, -5.406292216152580821 ) ) ;
#8269 = CARTESIAN_POINT ( 'NONE',  ( 6.730649174816673685, 0.6799491998980070617, 5.957432109598547854 ) ) ;
#8270 = CARTESIAN_POINT ( 'NONE',  ( -1.905255239212023222, 1.079949199898004641, 1.099999625233993639 ) ) ;
#8271 = CARTESIAN_POINT ( 'NONE',  ( -20.87844544752097420, 1.079949199897997758, -14.37751771673020684 ) ) ;
#8272 = EDGE_CURVE ( 'NONE', #7514, #6846, #1128, .T. ) ;
#8273 = CARTESIAN_POINT ( 'NONE',  ( 9.383859339288829204, -0.3200508001019928828, -6.858371187029309368 ) ) ;
#8274 = CARTESIAN_POINT ( 'NONE',  ( -14.53174003153858962, 1.863423246969187597, 21.17299276686844678 ) ) ;
#8275 = CARTESIAN_POINT ( 'NONE',  ( 9.679470475704443189, -0.5200508001019926718, -2.490731261057278267 ) ) ;
#8276 = ORIENTED_EDGE ( 'NONE', *, *, #6201, .F. ) ;
#8277 = ORIENTED_EDGE ( 'NONE', *, *, #6443, .T. ) ;
#8278 = FACE_OUTER_BOUND ( 'NONE', #4473, .T. ) ;
#8279 = DIRECTION ( 'NONE',  ( -0.8660254037844385966, 0.000000000000000000, -0.5000000000000000000 ) ) ;
#8280 = AXIS2_PLACEMENT_3D ( 'NONE', #9218, #2476, #4728 ) ;
#8281 = CARTESIAN_POINT ( 'NONE',  ( -11.07562210988922580, -0.5200508001019920057, -3.112996942900909669 ) ) ;
#8282 = VERTEX_POINT ( 'NONE', #50 ) ;
#8283 = CARTESIAN_POINT ( 'NONE',  ( -8.908139190586950917, -0.5200508001019856774, -7.560882453976804918 ) ) ;
#8284 = DIRECTION ( 'NONE',  ( 0.000000000000000000, 0.000000000000000000, 1.000000000000000000 ) ) ;
#8285 = CARTESIAN_POINT ( 'NONE',  ( 10.47712141880531078, -0.5200508001019920057, -5.129011029253554454 ) ) ;
#8286 = B_SPLINE_SURFACE_WITH_KNOTS ( 'NONE', 3, 1, ( 
 ( #3049, #9054 ),
 ( #9101, #8914 ),
 ( #3142, #2360 ),
 ( #707, #2172 ) ),
 .UNSPECIFIED., .F., .F., .F.,
 ( 4, 4 ),
 ( 2, 2 ),
 ( 0.000000000000000000, 1.000000000000000000 ),
 ( 0.000000000000000000, 1.000000000000000000 ),
 .UNSPECIFIED. ) ;
#8287 = DIRECTION ( 'NONE',  ( 0.000000000000000000, 0.000000000000000000, -1.000000000000000000 ) ) ;
#8288 = CARTESIAN_POINT ( 'NONE',  ( -25.51311251866405172, 1.079949199897994427, -5.876835801766818079 ) ) ;
#8289 = CIRCLE ( 'NONE', #6737, 1.000000000000000888 ) ;
#8290 = CARTESIAN_POINT ( 'NONE',  ( 9.800000000000000711, 2.079949199898003975, -24.55116433719784652 ) ) ;
#8291 = DIRECTION ( 'NONE',  ( 0.4999999999999956146, 0.000000000000000000, -0.8660254037844412611 ) ) ;
#8292 = CARTESIAN_POINT ( 'NONE',  ( 9.535798296842353139, 2.579949199897999090, -25.14450509432920811 ) ) ;
#8293 = CARTESIAN_POINT ( 'NONE',  ( -15.92528236285745180, 1.301042606982605321E-14, 18.31143984621597909 ) ) ;
#8294 = CIRCLE ( 'NONE', #6426, 5.325000000000003730 ) ;
#8295 = ORIENTED_EDGE ( 'NONE', *, *, #7523, .F. ) ;
#8296 = CARTESIAN_POINT ( 'NONE',  ( -5.395739651539061654, -0.5200508001019926718, 2.880759949170351053 ) ) ;
#8297 = ADVANCED_FACE ( 'NONE', ( #1248 ), #3042, .T. ) ;
#8298 = DIRECTION ( 'NONE',  ( -0.4999999999999942268, 0.000000000000000000, 0.8660254037844420383 ) ) ;
#8299 = CARTESIAN_POINT ( 'NONE',  ( -7.063103060896724017, -0.5200508001019926718, -7.098525712928863918 ) ) ;
#8300 = CARTESIAN_POINT ( 'NONE',  ( 9.799999999999968736, 22.26046457370629739, 1.305319937032203678E-14 ) ) ;
#8301 = CARTESIAN_POINT ( 'NONE',  ( -10.63801346661367475, 0.6799491998980478069, -4.705893952018105786 ) ) ;
#8302 = CIRCLE ( 'NONE', #9567, 25.35000000000000497 ) ;
#8303 = CARTESIAN_POINT ( 'NONE',  ( 10.71879505216763029, -0.3200508001019928828, -1.532508141167735483 ) ) ;
#8304 = CARTESIAN_POINT ( 'NONE',  ( 10.12095088676911203, -0.3200508001019928828, -7.534164092166024673 ) ) ;
#8305 = VECTOR ( 'NONE', #7930, 1000.000000000000000 ) ;
#8306 = DIRECTION ( 'NONE',  ( 0.000000000000000000, 0.000000000000000000, -1.000000000000000000 ) ) ;
#8307 = ORIENTED_EDGE ( 'NONE', *, *, #1722, .T. ) ;
#8308 = CARTESIAN_POINT ( 'NONE',  ( -5.287689757460261042, 3.379949199898008239, 3.059931812852650257 ) ) ;
#8309 = VECTOR ( 'NONE', #6753, 1000.000000000000000 ) ;
#8310 = EDGE_CURVE ( 'NONE', #517, #5136, #3312, .T. ) ;
#8311 = LINE ( 'NONE', #2948, #169 ) ;
#8312 = DIRECTION ( 'NONE',  ( 0.000000000000000000, 0.000000000000000000, -1.000000000000000000 ) ) ;
#8313 = ORIENTED_EDGE ( 'NONE', *, *, #818, .F. ) ;
#8314 = VECTOR ( 'NONE', #3625, 1000.000000000000000 ) ;
#8315 = CARTESIAN_POINT ( 'NONE',  ( -25.99341783967392061, 2.168404344971008868E-16, 0.9007599228277731740 ) ) ;
#8316 = CIRCLE ( 'NONE', #6285, 0.5000000000000004441 ) ;
#8317 = VECTOR ( 'NONE', #6909, 1000.000000000000000 ) ;
#8318 = CARTESIAN_POINT ( 'NONE',  ( 6.019274490945710099, -0.3200508001019800042, 4.265607724915896348 ) ) ;
#8319 = CARTESIAN_POINT ( 'NONE',  ( 6.704263078052774105, 0.6799491998980070617, 6.563210464450524029 ) ) ;
#8320 =( NAMED_UNIT ( * ) SI_UNIT ( $, .STERADIAN. ) SOLID_ANGLE_UNIT ( ) );
#8321 = CARTESIAN_POINT ( 'NONE',  ( -15.81591152871657613, 1.691070116210051211, 18.10461103308036712 ) ) ;
#8322 = CARTESIAN_POINT ( 'NONE',  ( -15.75802853369019019, 1.741350041005535365, 18.12015122647368059 ) ) ;
#8323 = EDGE_CURVE ( 'NONE', #4907, #5793, #6644, .T. ) ;
#8324 = CIRCLE ( 'NONE', #9110, 0.5000000000000004441 ) ;
#8325 = DIRECTION ( 'NONE',  ( 0.000000000000000000, 0.000000000000000000, -1.000000000000000000 ) ) ;
#8326 = CARTESIAN_POINT ( 'NONE',  ( 7.543763355014132976, 3.379949199898008239, 0.8756415132018243730 ) ) ;
#8327 = VECTOR ( 'NONE', #1109, 1000.000000000000000 ) ;
#8328 = VERTEX_POINT ( 'NONE', #3920 ) ;
#8329 = LINE ( 'NONE', #2373, #3921 ) ;
#8330 = B_SPLINE_CURVE_WITH_KNOTS ( 'NONE', 3,
 ( #3169, #5433, #7703, #2336, #8437, #9077, #4588, #7798, #3259, #8542, #6138, #4775, #3214, #1012, #3313, #9274, #5334, #6282, #8346, #2534, #9178, #1701, #913, #2387, #870, #3858, #6872, #9130, #966, #5389, #178, #3903, #8392, #1654, #3957, #226, #3996, #321, #1804, #2434, #6922, #6972, #6233, #5629, #6337, #9417, #7998, #4927, #5579, #8732, #1259, #469, #1946, #1990, #7266, #7115, #7947, #527, #6428, #7160, #9470, #6530, #1207, #2581, #3459, #6484, #3512, #3355, #2727, #6379, #5685, #5733, #4976, #9324, #4242, #7208, #8584, #4184, #1844, #4821, #7846, #1111, #2674, #4092 ),
 .UNSPECIFIED., .F., .F.,
 ( 4, 2, 2, 2, 2, 2, 2, 2, 2, 2, 2, 2, 2, 2, 2, 2, 2, 2, 2, 2, 2, 2, 2, 2, 2, 2, 2, 2, 2, 2, 2, 2, 2, 2, 2, 2, 2, 2, 2, 2, 2, 4 ),
 ( 0.03947607463199068190, 0.04068636646145727676, 0.04189665829092386468, 0.04310695012039045954, 0.04431724194985704746, 0.04552753377932364232, 0.04673782560879023024, 0.04794811743825682510, 0.04855326335299012253, 0.04885583631035676777, 0.04915840926772341996, 0.04976355518245671739, 0.05036870109719002175, 0.05097384701192331918, 0.05157899292665661661, 0.05278928475612322535, 0.05339443067085652278, 0.05399957658558982021, 0.05520986841505642895, 0.05642016024452303075, 0.05763045207398963254, 0.05884074390345624128, 0.06005103573292285002, 0.06126132756238945182, 0.06247161939185605362, 0.06368191122132266235, 0.06489220305078927109, 0.06610249488025586595, 0.06731278670972247469, 0.06852307853918908342, 0.06973337036865567828, 0.07094366219812228702, 0.07215395402758889576, 0.07275909994232218625, 0.07336424585705549062, 0.07457453768652209936, 0.07517968360125540372, 0.07578482951598869422, 0.07699512134545530295, 0.07729769430282196208, 0.07760026726018859344, 0.07820541317492191169 ),
 .UNSPECIFIED. ) ;
#8331 = EDGE_LOOP ( 'NONE', ( #6791, #1462, #8886, #2899 ) ) ;
#8332 = EDGE_CURVE ( 'NONE', #4789, #5613, #824, .T. ) ;
#8333 = CARTESIAN_POINT ( 'NONE',  ( 10.24922251997922373, 0.000000000000000000, -23.15217264361940153 ) ) ;
#8334 = DIRECTION ( 'NONE',  ( -0.000000000000000000, -1.000000000000000000, -0.000000000000000000 ) ) ;
#8335 = AXIS2_PLACEMENT_3D ( 'NONE', #997, #3149, #3886 ) ;
#8337 = CARTESIAN_POINT ( 'NONE',  ( -1.188321411360796498, -0.5200508001019920057, -7.464106654642707284 ) ) ;
#8336 = VECTOR ( 'NONE', #3789, 1000.000000000000000 ) ;
#8338 = ORIENTED_EDGE ( 'NONE', *, *, #9543, .T. ) ;
#8339 = CARTESIAN_POINT ( 'NONE',  ( 3.528362109383202050, -0.3200508001019800042, -8.484856422913141571 ) ) ;
#8340 = VERTEX_POINT ( 'NONE', #2402 ) ;
#8341 = CARTESIAN_POINT ( 'NONE',  ( 15.54140961191863823, 1.953620181879428763, 17.99459006609675527 ) ) ;
#8342 = ADVANCED_FACE ( 'NONE', ( #4007 ), #4056, .T. ) ;
#8343 = FACE_OUTER_BOUND ( 'NONE', #6603, .T. ) ;
#8344 = DIRECTION ( 'NONE',  ( 0.000000000000000000, 1.000000000000000000, -0.000000000000000000 ) ) ;
#8345 = CIRCLE ( 'NONE', #9129, 1.000000000000000666 ) ;
#8346 = CARTESIAN_POINT ( 'NONE',  ( 1.937077205570498339, 0.6799491998980041751, -8.887822829707101135 ) ) ;
#8347 = DIRECTION ( 'NONE',  ( -0.000000000000000000, -1.000000000000000000, -0.000000000000000000 ) ) ;
#8348 = CARTESIAN_POINT ( 'NONE',  ( 15.15685912178876649, 1.079949199898004197, -20.79683650938152084 ) ) ;
#8349 = CARTESIAN_POINT ( 'NONE',  ( -0.3320549535931577867, 3.379949199898004242, 23.82777005186772712 ) ) ;
#8350 = VECTOR ( 'NONE', #3393, 1000.000000000000000 ) ;
#8351 = CARTESIAN_POINT ( 'NONE',  ( 7.829487298332924006, 2.079949199898003975, 24.11061236562115084 ) ) ;
#8352 = VERTEX_POINT ( 'NONE', #239 ) ;
#8353 = CARTESIAN_POINT ( 'NONE',  ( -4.543874453218104570, 0.000000000000000000, 2.623407138729297206 ) ) ;
#8354 = CARTESIAN_POINT ( 'NONE',  ( -7.494286254877687625, -0.5200508001019926718, -6.870768018790511356 ) ) ;
#8355 = CARTESIAN_POINT ( 'NONE',  ( -14.74277976488580499, 2.079949199897972889, 18.10512368305592545 ) ) ;
#8356 = CARTESIAN_POINT ( 'NONE',  ( -11.59335607555599346, 0.6799491998980070617, -5.006594758713956317 ) ) ;
#8357 = EDGE_CURVE ( 'NONE', #7697, #1708, #5851, .T. ) ;
#8358 = EDGE_CURVE ( 'NONE', #1630, #1250, #2538, .T. ) ;
#8359 = CARTESIAN_POINT ( 'NONE',  ( -5.301647549565638329, -0.3200508001019929383, 8.165958365173990430 ) ) ;
#8360 = DIRECTION ( 'NONE',  ( -0.000000000000000000, 1.000000000000000000, -0.000000000000000000 ) ) ;
#8361 = CARTESIAN_POINT ( 'NONE',  ( 15.76316344819755955, 1.079949199897363821, 18.50271889944644244 ) ) ;
#8362 = ORIENTED_EDGE ( 'NONE', *, *, #789, .T. ) ;
#8363 = CARTESIAN_POINT ( 'NONE',  ( 7.276775293261821709, 3.379949199898008239, -7.002576490188578084 ) ) ;
#8364 = CIRCLE ( 'NONE', #2547, 0.5000000000000004441 ) ;
#8365 = DIRECTION ( 'NONE',  ( 0.000000000000000000, 0.000000000000000000, 1.000000000000000000 ) ) ;
#8366 = CARTESIAN_POINT ( 'NONE',  ( -21.15717546953952422, 80.31423269831148559, -14.79266425619360348 ) ) ;
#8367 = ORIENTED_EDGE ( 'NONE', *, *, #6570, .T. ) ;
#8368 = CARTESIAN_POINT ( 'NONE',  ( -25.99328910994643849, 0.000000000000000000, -0.9064793056367136392 ) ) ;
#8369 = AXIS2_PLACEMENT_3D ( 'NONE', #1202, #6475, #5727 ) ;
#8370 = CARTESIAN_POINT ( 'NONE',  ( -20.87844544752097420, 1.079949199897997758, -14.37751771673020684 ) ) ;
#8371 = CARTESIAN_POINT ( 'NONE',  ( 6.106782224018479255, -0.3200508001019938820, 4.082299634963121093 ) ) ;
#8372 =( NAMED_UNIT ( * ) PLANE_ANGLE_UNIT ( ) SI_UNIT ( $, .RADIAN. ) );
#8373 = CARTESIAN_POINT ( 'NONE',  ( -24.59024938206744793, 2.079949199897994205, 5.250590221616399766 ) ) ;
#8374 = CARTESIAN_POINT ( 'NONE',  ( -17.23131124203197473, 3.379949199898008239, 18.86320297791349176 ) ) ;
#8375 = CARTESIAN_POINT ( 'NONE',  ( -15.12853249051594950, 2.079949199897976886, 17.70594342225097151 ) ) ;
#8376 = EDGE_CURVE ( 'NONE', #3057, #7643, #1136, .T. ) ;
#8377 = CARTESIAN_POINT ( 'NONE',  ( -17.41683005576512500, 1.313957456526213319, -18.54345026092939364 ) ) ;
#8378 = FACE_OUTER_BOUND ( 'NONE', #8648, .T. ) ;
#8379 = ORIENTED_EDGE ( 'NONE', *, *, #7343, .F. ) ;
#8380 = CARTESIAN_POINT ( 'NONE',  ( 14.88316527472231954, 2.079949199898003975, -20.37839693420014697 ) ) ;
#8381 = ORIENTED_EDGE ( 'NONE', *, *, #3630, .F. ) ;
#8382 = CARTESIAN_POINT ( 'NONE',  ( 15.48796113928156615, 1.079949199897994427, -18.78006333624395907 ) ) ;
#8383 = DIRECTION ( 'NONE',  ( 0.000000000000000000, 1.000000000000000000, 0.000000000000000000 ) ) ;
#8384 = EDGE_CURVE ( 'NONE', #2641, #1928, #1761, .T. ) ;
#8385 = DIRECTION ( 'NONE',  ( -0.8660254037844412611, 0.000000000000000000, 0.4999999999999956146 ) ) ;
#8386 = ORIENTED_EDGE ( 'NONE', *, *, #8972, .T. ) ;
#8387 = CARTESIAN_POINT ( 'NONE',  ( 2.304117147459027848, -0.5200508001019856774, -7.951898081281736808 ) ) ;
#8388 = ORIENTED_EDGE ( 'NONE', *, *, #1130, .F. ) ;
#8389 = CARTESIAN_POINT ( 'NONE',  ( 15.94892563678512687, 1.211824703495614663, 18.27803984603511722 ) ) ;
#8390 = CARTESIAN_POINT ( 'NONE',  ( 15.81982511632311272, 1.621336228354099962, -18.18812041036937543 ) ) ;
#8391 = CARTESIAN_POINT ( 'NONE',  ( -4.561828770676641831, 3.379949199898008239, 5.312196305281433162 ) ) ;
#8392 = CARTESIAN_POINT ( 'NONE',  ( -2.043130978968980660, 0.6799491998980071727, -8.946289498229662129 ) ) ;
#8393 = DIRECTION ( 'NONE',  ( 0.3088555147271360157, 0.000000000000000000, 0.9511089690580338818 ) ) ;
#8394 = EDGE_CURVE ( 'NONE', #6496, #7081, #6648, .T. ) ;
#8395 = CARTESIAN_POINT ( 'NONE',  ( -10.13226014257303831, 0.000000000000000000, 24.83200793771867509 ) ) ;
#8396 = CARTESIAN_POINT ( 'NONE',  ( -25.57810035237141477, 1.079949199897997758, -5.406252686692033294 ) ) ;
#8397 = DIRECTION ( 'NONE',  ( 0.000000000000000000, 0.000000000000000000, -1.000000000000000000 ) ) ;
#8398 = ORIENTED_EDGE ( 'NONE', *, *, #8106, .T. ) ;
#8399 = EDGE_CURVE ( 'NONE', #598, #4576, #3006, .T. ) ;
#8400 = FACE_OUTER_BOUND ( 'NONE', #7892, .T. ) ;
#8401 = CARTESIAN_POINT ( 'NONE',  ( -1.357281228917792681, -0.5200508001019926718, -6.270728258305322100 ) ) ;
#8402 = ORIENTED_EDGE ( 'NONE', *, *, #6897, .F. ) ;
#8403 = CARTESIAN_POINT ( 'NONE',  ( -24.77962127952455873, 0.000000000000000000, 8.960628841958245161 ) ) ;
#8404 = CARTESIAN_POINT ( 'NONE',  ( -4.677227697700357290, 0.6799491998980070617, -8.700263430995937242 ) ) ;
#8405 = CARTESIAN_POINT ( 'NONE',  ( -5.726759940673298743, -0.3200508001019928273, 6.174388316190022152 ) ) ;
#8406 = CARTESIAN_POINT ( 'NONE',  ( -27.39348727938613592, 3.379949199898008239, 1.875572393208587707 ) ) ;
#8407 = ORIENTED_EDGE ( 'NONE', *, *, #4893, .F. ) ;
#8408 = CARTESIAN_POINT ( 'NONE',  ( 15.95524011447630564, 1.079949199897995760, 18.26908962555971883 ) ) ;
#8409 = ORIENTED_EDGE ( 'NONE', *, *, #8658, .T. ) ;
#8410 = CARTESIAN_POINT ( 'NONE',  ( 2.850721539414947880, 3.379949199898008239, -6.877452713579394583 ) ) ;
#8411 = CARTESIAN_POINT ( 'NONE',  ( 15.60447487533962452, 1.079949199897995760, -18.66648827349775530 ) ) ;
#8412 = CARTESIAN_POINT ( 'NONE',  ( 2.708534342100519243, 3.379949199898008239, -6.801304341999404812 ) ) ;
#8413 = VERTEX_POINT ( 'NONE', #7812 ) ;
#8414 = CARTESIAN_POINT ( 'NONE',  ( -25.58709780551843238, 0.000000000000000000, 5.347679295498527274 ) ) ;
#8415 = CARTESIAN_POINT ( 'NONE',  ( 4.184302364482492820, -0.5200508001019787940, 9.939312703620750256 ) ) ;
#8416 = CARTESIAN_POINT ( 'NONE',  ( 5.409197511994025653, 0.6799491998981801455, 7.887058696807846658 ) ) ;
#8417 = CARTESIAN_POINT ( 'NONE',  ( -16.66778655113267504, 1.979949199898009660, -18.37582460135802620 ) ) ;
#8418 = DIRECTION ( 'NONE',  ( 0.000000000000000000, -1.000000000000000000, 0.000000000000000000 ) ) ;
#8419 =( NAMED_UNIT ( * ) SI_UNIT ( $, .STERADIAN. ) SOLID_ANGLE_UNIT ( ) );
#8420 = CARTESIAN_POINT ( 'NONE',  ( -11.54826062565588529, 1.079949199897997758, 22.40217264361941218 ) ) ;
#8421 = EDGE_CURVE ( 'NONE', #9588, #1213, #7426, .T. ) ;
#8422 = DIRECTION ( 'NONE',  ( 0.000000000000000000, 0.000000000000000000, -1.000000000000000000 ) ) ;
#8423 = DIRECTION ( 'NONE',  ( -1.332267629550188006E-14, 0.000000000000000000, -1.000000000000000000 ) ) ;
#8424 = VERTEX_POINT ( 'NONE', #2446 ) ;
#8425 = CARTESIAN_POINT ( 'NONE',  ( 13.70975783959634953, 2.079949199898037726, 21.54475696749526037 ) ) ;
#8426 = ORIENTED_EDGE ( 'NONE', *, *, #4297, .T. ) ;
#8427 = DIRECTION ( 'NONE',  ( 0.000000000000000000, 0.000000000000000000, -1.000000000000000000 ) ) ;
#8428 = CARTESIAN_POINT ( 'NONE',  ( -13.37653562345044733, 3.379949199898008239, 21.62483327182252069 ) ) ;
#8429 = CARTESIAN_POINT ( 'NONE',  ( 10.68386756397871551, -0.3200508001019938820, -4.555351588780358618 ) ) ;
#8430 = ORIENTED_EDGE ( 'NONE', *, *, #9182, .T. ) ;
#8431 = CARTESIAN_POINT ( 'NONE',  ( 7.510013234709152385, -0.3200508001019800042, -8.321198206776852402 ) ) ;
#8432 = ORIENTED_EDGE ( 'NONE', *, *, #6390, .T. ) ;
#8433 = CARTESIAN_POINT ( 'NONE',  ( 15.12853249051583404, 2.079949199897997758, 17.70594342225109585 ) ) ;
#8434 = DIRECTION ( 'NONE',  ( -0.000000000000000000, -1.000000000000000000, -0.000000000000000000 ) ) ;
#8435 = CARTESIAN_POINT ( 'NONE',  ( -1.142136006488409183, -0.5200508001019926718, 10.35019729928566790 ) ) ;
#8436 = EDGE_CURVE ( 'NONE', #1708, #3742, #5362, .T. ) ;
#8437 = CARTESIAN_POINT ( 'NONE',  ( 8.621003616146595050, 0.6799491998980071727, -8.770299650741236519 ) ) ;
#8438 = AXIS2_PLACEMENT_3D ( 'NONE', #4676, #1009, #866 ) ;
#8439 = DIRECTION ( 'NONE',  ( 0.000000000000000000, 1.000000000000000000, 0.000000000000000000 ) ) ;
#8440 = CARTESIAN_POINT ( 'NONE',  ( -7.945904289158328027, 3.379949199898008239, -25.65800147412661403 ) ) ;
#8441 = B_SPLINE_CURVE_WITH_KNOTS ( 'NONE', 3,
 ( #5246, #1482, #7475, #740 ),
 .UNSPECIFIED., .F., .F.,
 ( 4, 4 ),
 ( 0.000000000000000000, 0.0005100135552860438418 ),
 .UNSPECIFIED. ) ;
#8442 = CARTESIAN_POINT ( 'NONE',  ( 0.3315755379347077314, 3.379949199898005130, 23.82768610157771860 ) ) ;
#8443 = DIRECTION ( 'NONE',  ( 0.000000000000000000, 0.000000000000000000, -1.000000000000000000 ) ) ;
#8444 = EDGE_LOOP ( 'NONE', ( #1174, #7477, #7229, #6493 ) ) ;
#8445 = CARTESIAN_POINT ( 'NONE',  ( 0.01128905572429764019, -0.3200508001019929383, -7.306591891345539658 ) ) ;
#8446 = CARTESIAN_POINT ( 'NONE',  ( -8.102021880671902210, 1.089999706236840282, -18.18701054626839664 ) ) ;
#8447 = AXIS2_PLACEMENT_3D ( 'NONE', #4144, #7273, #4249 ) ;
#8448 = ORIENTED_EDGE ( 'NONE', *, *, #6816, .T. ) ;
#8449 = ADVANCED_FACE ( 'NONE', ( #2548 ), #9235, .F. ) ;
#8450 = LINE ( 'NONE', #6244, #4683 ) ;
#8451 = CARTESIAN_POINT ( 'NONE',  ( -2.317919993230705522, 0.6799491998980070617, -9.081442840905364022 ) ) ;
#8452 = EDGE_CURVE ( 'NONE', #4189, #8752, #5997, .T. ) ;
#8453 = AXIS2_PLACEMENT_3D ( 'NONE', #5008, #5659, #6555 ) ;
#8454 = DIRECTION ( 'NONE',  ( 0.000000000000000000, 1.000000000000000000, -0.000000000000000000 ) ) ;
#8455 = VERTEX_POINT ( 'NONE', #7721 ) ;
#8456 = CARTESIAN_POINT ( 'NONE',  ( 15.13311163652343794, 2.079949199897931589, 17.69971307975526287 ) ) ;
#8457 = ORIENTED_EDGE ( 'NONE', *, *, #5702, .F. ) ;
#8458 = CARTESIAN_POINT ( 'NONE',  ( -0.07427833882031341373, -0.5200508001019926718, -6.100061353294050193 ) ) ;
#8459 = ORIENTED_EDGE ( 'NONE', *, *, #6187, .F. ) ;
#8460 = EDGE_CURVE ( 'NONE', #7412, #8455, #1056, .T. ) ;
#8461 = CARTESIAN_POINT ( 'NONE',  ( 14.09330589196630257, 2.079949199898015078, -18.62385382043023085 ) ) ;
#8462 = CARTESIAN_POINT ( 'NONE',  ( 3.275052800219853566, 3.379949199898008239, -7.111894061741624640 ) ) ;
#8463 = ORIENTED_EDGE ( 'NONE', *, *, #6281, .F. ) ;
#8464 = CIRCLE ( 'NONE', #1082, 0.5000000000000004441 ) ;
#8465 = CARTESIAN_POINT ( 'NONE',  ( -6.001078386437777468, -0.3200508001019938820, 4.364747067267809477 ) ) ;
#8466 = DIRECTION ( 'NONE',  ( 0.000000000000000000, 0.000000000000000000, -1.000000000000000000 ) ) ;
#8467 = CARTESIAN_POINT ( 'NONE',  ( 2.522509306277521457, 0.6799491998980070617, 11.11923564651420904 ) ) ;
#8468 = CARTESIAN_POINT ( 'NONE',  ( 13.86899728391797737, 2.079949199898016854, -21.48359523605714827 ) ) ;
#8469 = CARTESIAN_POINT ( 'NONE',  ( 15.89407351280490843, 1.524610008590429056, -18.17909156666589254 ) ) ;
#8470 = CARTESIAN_POINT ( 'NONE',  ( -23.83921819491258987, 1.079949199898004197, 8.620567026324147619 ) ) ;
#8471 = CARTESIAN_POINT ( 'NONE',  ( -15.66005381428565713, 1.879914448147247175, 18.01408863263195315 ) ) ;
#8472 = TOROIDAL_SURFACE ( 'NONE', #9730, 1.500000000000000000, 1.000000000000000000 ) ;
#8473 = CARTESIAN_POINT ( 'NONE',  ( -4.524999015561868454, -0.5200508001019926718, 6.221413923378031008 ) ) ;
#8474 = CARTESIAN_POINT ( 'NONE',  ( -6.683946748675900551, 0.6799491998980069507, 6.779650609657053906 ) ) ;
#8475 = EDGE_LOOP ( 'NONE', ( #56, #6850, #3185, #1291 ) ) ;
#8476 = CARTESIAN_POINT ( 'NONE',  ( 20.85023272854534682, 1.079949199897997758, 15.37711965874911968 ) ) ;
#8477 = CIRCLE ( 'NONE', #4214, 1.000000000000000888 ) ;
#8478 = AXIS2_PLACEMENT_3D ( 'NONE', #8739, #4047, #4886 ) ;
#8479 = ORIENTED_EDGE ( 'NONE', *, *, #2767, .T. ) ;
#8480 = CARTESIAN_POINT ( 'NONE',  ( -25.57847377632324282, 0.000000000000000000, 5.403601811366237406 ) ) ;
#8481 = CARTESIAN_POINT ( 'NONE',  ( 15.99407193982682607, 1.079949199898053269, -18.20803970888895051 ) ) ;
#8482 = EDGE_CURVE ( 'NONE', #9499, #8586, #6392, .T. ) ;
#8483 = CARTESIAN_POINT ( 'NONE',  ( 10.90413542280242609, -0.3200508001019938820, -2.908902778229657482 ) ) ;
#8484 = ORIENTED_EDGE ( 'NONE', *, *, #2312, .T. ) ;
#8485 = CARTESIAN_POINT ( 'NONE',  ( 7.510013234709152385, -0.5200508001019856774, -8.321198206776852402 ) ) ;
#8486 = AXIS2_PLACEMENT_3D ( 'NONE', #5424, #9262, #9211 ) ;
#8487 = CARTESIAN_POINT ( 'NONE',  ( 15.97147835579554709, 1.342379160505082991, 18.19483314545357189 ) ) ;
#8488 = CARTESIAN_POINT ( 'NONE',  ( 15.30808228661494219, 2.055846156615560805, -17.83091808601549388 ) ) ;
#8489 = CARTESIAN_POINT ( 'NONE',  ( -4.600344388657384265, 3.379949199898008239, 5.014575595627854376 ) ) ;
#8490 = CARTESIAN_POINT ( 'NONE',  ( 9.799999999999968736, 0.000000000000000000, 1.305319937032203678E-14 ) ) ;
#8491 = AXIS2_PLACEMENT_3D ( 'NONE', #7348, #4914, #5917 ) ;
#8492 = AXIS2_PLACEMENT_3D ( 'NONE', #8894, #7218, #5139 ) ;
#8493 = DIRECTION ( 'NONE',  ( 0.000000000000000000, 0.000000000000000000, 1.000000000000000000 ) ) ;
#8494 = CARTESIAN_POINT ( 'NONE',  ( -25.57847377632324282, 0.000000000000000000, 5.403601811366237406 ) ) ;
#8495 = CARTESIAN_POINT ( 'NONE',  ( -1.038683829321973784, 3.379949199898005130, 24.25594529437206504 ) ) ;
#8496 = CARTESIAN_POINT ( 'NONE',  ( 25.95859243359105761, 1.079949199897997758, -1.808965635302355324 ) ) ;
#8497 = ORIENTED_EDGE ( 'NONE', *, *, #1313, .T. ) ;
#8498 = AXIS2_PLACEMENT_3D ( 'NONE', #227, #6234, #8632 ) ;
#8499 = DIRECTION ( 'NONE',  ( -0.000000000000000000, -1.000000000000000000, -0.000000000000000000 ) ) ;
#8500 = AXIS2_PLACEMENT_3D ( 'NONE', #6630, #9621, #2878 ) ;
#8501 = DIRECTION ( 'NONE',  ( 0.000000000000000000, 0.000000000000000000, -1.000000000000000000 ) ) ;
#8502 = ORIENTED_EDGE ( 'NONE', *, *, #8272, .T. ) ;
#8503 = EDGE_CURVE ( 'NONE', #6259, #7003, #5054, .T. ) ;
#8504 = CARTESIAN_POINT ( 'NONE',  ( -15.03921059094770207, 2.079949199897995094, 17.81335834056951484 ) ) ;
#8505 = CARTESIAN_POINT ( 'NONE',  ( -1.667886038470713927, -0.3200508001019938820, -7.639882516867307238 ) ) ;
#8506 = CIRCLE ( 'NONE', #2856, 1.000000000000000222 ) ;
#8507 = DIRECTION ( 'NONE',  ( 0.000000000000000000, 0.000000000000000000, 1.000000000000000000 ) ) ;
#8508 = EDGE_CURVE ( 'NONE', #3108, #196, #8594, .T. ) ;
#8509 = ORIENTED_EDGE ( 'NONE', *, *, #4977, .F. ) ;
#8510 = CARTESIAN_POINT ( 'NONE',  ( 15.90740828601476231, 1.079949199897811685, 18.33377107642857240 ) ) ;
#8511 = ORIENTED_EDGE ( 'NONE', *, *, #1757, .F. ) ;
#8512 = CARTESIAN_POINT ( 'NONE',  ( -1.972995026445600431, -0.5200508001019926718, -6.463335568246934670 ) ) ;
#8513 = CIRCLE ( 'NONE', #9456, 0.9999999999999991118 ) ;
#8514 = CARTESIAN_POINT ( 'NONE',  ( 14.92610798253796567, 2.079949199900920309, -19.25400707241507092 ) ) ;
#8515 = CARTESIAN_POINT ( 'NONE',  ( 27.10561842221292750, 3.379949199898008239, -4.690271654529473366 ) ) ;
#8516 = EDGE_LOOP ( 'NONE', ( #147, #8891, #8709, #404, #4026, #8479, #9729, #2687 ) ) ;
#8517 = CARTESIAN_POINT ( 'NONE',  ( -25.58297599301346281, 1.079949199897997758, 5.374524274292102888 ) ) ;
#8518 = CARTESIAN_POINT ( 'NONE',  ( -5.733834087201365115, -0.3200508001019800042, 5.985223703896535241 ) ) ;
#8519 = AXIS2_PLACEMENT_3D ( 'NONE', #769, #5890, #4342 ) ;
#8520 = ADVANCED_FACE ( 'NONE', ( #3477 ), #9379, .T. ) ;
#8521 = CARTESIAN_POINT ( 'NONE',  ( 1.570166054764164487, -0.3200508001019938820, 11.48456223434968670 ) ) ;
#8522 = CARTESIAN_POINT ( 'NONE',  ( 15.79294682019304830, 1.690548836459601967, -18.14295589369987027 ) ) ;
#8523 = CARTESIAN_POINT ( 'NONE',  ( 0.000000000000000000, 0.000000000000000000, 0.000000000000000000 ) ) ;
#8524 = FACE_OUTER_BOUND ( 'NONE', #4583, .T. ) ;
#8525 = DIRECTION ( 'NONE',  ( -0.000000000000000000, -1.000000000000000000, 0.000000000000000000 ) ) ;
#8526 = CARTESIAN_POINT ( 'NONE',  ( -6.763652827242885301, 0.6799491998980069507, 5.472314238086539717 ) ) ;
#8527 = ORIENTED_EDGE ( 'NONE', *, *, #1983, .T. ) ;
#8528 = LINE ( 'NONE', #1043, #1892 ) ;
#8529 = CIRCLE ( 'NONE', #203, 1.700000000000000178 ) ;
#8530 = VERTEX_POINT ( 'NONE', #4107 ) ;
#8531 = FACE_OUTER_BOUND ( 'NONE', #5107, .T. ) ;
#8532 = DIRECTION ( 'NONE',  ( 3.469446951953611033E-15, 0.000000000000000000, 1.000000000000000000 ) ) ;
#8533 = CARTESIAN_POINT ( 'NONE',  ( 10.73517983868287295, -0.3200508001019938820, -1.596887053661852240 ) ) ;
#8534 = ORIENTED_EDGE ( 'NONE', *, *, #5547, .T. ) ;
#8535 = DIRECTION ( 'NONE',  ( 1.040834085586083310E-14, 0.000000000000000000, 1.000000000000000000 ) ) ;
#8536 = AXIS2_PLACEMENT_3D ( 'NONE', #9203, #6024, #4511 ) ;
#8537 = CARTESIAN_POINT ( 'NONE',  ( 15.34178420328348125, 2.047872779217683181, 17.85436662370553407 ) ) ;
#8538 = CARTESIAN_POINT ( 'NONE',  ( 15.35375182961548646, 2.047915940349968267, -17.83509866840624625 ) ) ;
#8539 = CARTESIAN_POINT ( 'NONE',  ( -4.532543826185495561, 3.379949199898008239, 5.917358236942991567 ) ) ;
#8540 = PRODUCT_DEFINITION ( 'ๆ', '', #7901, #6964 ) ;
#8541 = ADVANCED_FACE ( 'NONE', ( #1860 ), #2787, .T. ) ;
#8542 = CARTESIAN_POINT ( 'NONE',  ( 5.672672661713373365, 0.6799491998980070617, -9.705111638116832751 ) ) ;
#8543 = CARTESIAN_POINT ( 'NONE',  ( -15.13601157954355081, 2.079949199897994205, 17.69561761823251445 ) ) ;
#8544 = LINE ( 'NONE', #2536, #6015 ) ;
#8545 = CARTESIAN_POINT ( 'NONE',  ( -0.7907967329623274422, 3.379949199898003798, 24.03068517778139324 ) ) ;
#8546 = DIRECTION ( 'NONE',  ( -0.000000000000000000, -1.000000000000000000, -0.000000000000000000 ) ) ;
#8547 = ORIENTED_EDGE ( 'NONE', *, *, #8685, .F. ) ;
#8548 = CARTESIAN_POINT ( 'NONE',  ( 15.94892562139289893, 1.079949199900551271, 18.27803986765316679 ) ) ;
#8549 = DIRECTION ( 'NONE',  ( -0.000000000000000000, -1.000000000000000000, -0.000000000000000000 ) ) ;
#8550 = ORIENTED_EDGE ( 'NONE', *, *, #3586, .F. ) ;
#8551 = EDGE_CURVE ( 'NONE', #4719, #2011, #8513, .T. ) ;
#8552 = DIRECTION ( 'NONE',  ( -0.000000000000000000, -1.000000000000000000, -0.000000000000000000 ) ) ;
#8553 = CARTESIAN_POINT ( 'NONE',  ( -2.813866058434598472, 0.6799491998980070617, -8.208675085274220962 ) ) ;
#8554 = DIRECTION ( 'NONE',  ( 0.000000000000000000, 0.000000000000000000, -1.000000000000000000 ) ) ;
#8555 = ORIENTED_EDGE ( 'NONE', *, *, #5340, .F. ) ;
#8556 = CARTESIAN_POINT ( 'NONE',  ( 15.13552458992860750, 2.079949199897994205, 17.69631757995193411 ) ) ;
#8557 = EDGE_LOOP ( 'NONE', ( #6878, #2066, #6483, #201 ) ) ;
#8558 = CARTESIAN_POINT ( 'NONE',  ( 1.829438355046065334, -0.5200508001019926718, -6.414241855829594385 ) ) ;
#8559 = CARTESIAN_POINT ( 'NONE',  ( 15.90722730963663523, 2.079949199898079470, -18.33400476172489491 ) ) ;
#8560 = DIRECTION ( 'NONE',  ( 0.000000000000000000, 0.000000000000000000, -1.000000000000000000 ) ) ;
#8561 = ORIENTED_EDGE ( 'NONE', *, *, #1697, .T. ) ;
#8562 = CARTESIAN_POINT ( 'NONE',  ( -25.69208185577769754, 2.168404344971008868E-16, 4.619681488027887362 ) ) ;
#8563 = ADVANCED_FACE ( 'NONE', ( #541 ), #6498, .T. ) ;
#8564 = DIRECTION ( 'NONE',  ( 0.000000000000000000, -1.000000000000000000, 0.000000000000000000 ) ) ;
#8565 = CARTESIAN_POINT ( 'NONE',  ( 1.845002039727393850, 0.6799491998980070617, 12.44793091826090858 ) ) ;
#8566 = DIRECTION ( 'NONE',  ( 0.000000000000000000, -1.000000000000000000, 0.000000000000000000 ) ) ;
#8567 = CARTESIAN_POINT ( 'NONE',  ( 24.77943190639377491, 1.079949199897997758, -8.961152514961149507 ) ) ;
#8568 = DIRECTION ( 'NONE',  ( 0.6116979466059382364, 0.000000000000000000, -0.7910914119860478211 ) ) ;
#8569 = CARTESIAN_POINT ( 'NONE',  ( 7.597978119328103297, 2.579949199898003975, 0.000000000000000000 ) ) ;
#8570 = CARTESIAN_POINT ( 'NONE',  ( -6.720263595449695870, 0.6799491998980070617, 6.379431273063564056 ) ) ;
#8571 = VERTEX_POINT ( 'NONE', #2637 ) ;
#8572 = DIRECTION ( 'NONE',  ( -0.000000000000000000, 1.000000000000000000, -0.000000000000000000 ) ) ;
#8573 = ADVANCED_FACE ( 'NONE', ( #7281 ), #3179, .F. ) ;
#8574 = B_SPLINE_CURVE_WITH_KNOTS ( 'NONE', 3,
 ( #8720, #5722, #511, #5873, #2131, #6671, #8083, #3652 ),
 .UNSPECIFIED., .F., .F.,
 ( 4, 2, 2, 4 ),
 ( -6.324555514180558375E-06, 0.0008694110893406083174, 0.001307278911767999685, 0.001745146734195390402 ),
 .UNSPECIFIED. ) ;
#8575 = LINE ( 'NONE', #901, #2504 ) ;
#8576 = DIRECTION ( 'NONE',  ( 0.000000000000000000, 0.000000000000000000, -1.000000000000000000 ) ) ;
#8577 = EDGE_CURVE ( 'NONE', #8878, #7086, #9299, .T. ) ;
#8578 = CARTESIAN_POINT ( 'NONE',  ( 10.58396210355490830, 0.6799491998978363094, -4.872918750858817205 ) ) ;
#8579 = ORIENTED_EDGE ( 'NONE', *, *, #8762, .F. ) ;
#8580 = DIRECTION ( 'NONE',  ( -0.000000000000000000, 1.000000000000000000, -0.000000000000000000 ) ) ;
#8581 = CARTESIAN_POINT ( 'NONE',  ( -25.82050158747521351, 1.079949199898015300, 3.611311802282512584 ) ) ;
#8582 = CARTESIAN_POINT ( 'NONE',  ( 15.53141703282367736, 1.951444385897436629, -17.98745898071928195 ) ) ;
#8583 = FACE_OUTER_BOUND ( 'NONE', #2262, .T. ) ;
#8584 = CARTESIAN_POINT ( 'NONE',  ( -7.701030432662175684, 0.6799491998980071727, 3.463664896553793060 ) ) ;
#8585 = DIRECTION ( 'NONE',  ( 1.000000000000000000, 0.000000000000000000, 0.000000000000000000 ) ) ;
#8586 = VERTEX_POINT ( 'NONE', #7174 ) ;
#8587 = CARTESIAN_POINT ( 'NONE',  ( -10.02538718874729540, 1.079949199897997758, 22.76447847739669328 ) ) ;
#8588 = CARTESIAN_POINT ( 'NONE',  ( 10.02538718874732027, 1.079949199897997758, 22.26447847739673591 ) ) ;
#8589 = CARTESIAN_POINT ( 'NONE',  ( 6.750248446161347893, -0.5200508001019920057, 3.021526968427552529 ) ) ;
#8590 = ORIENTED_EDGE ( 'NONE', *, *, #8482, .T. ) ;
#8591 = CARTESIAN_POINT ( 'NONE',  ( 8.789756262969273592, 1.079949199897997758, 21.91405727865996411 ) ) ;
#8592 = CARTESIAN_POINT ( 'NONE',  ( -26.96198792828134927, 3.379949199898008239, 5.617818037016008681 ) ) ;
#8593 = CARTESIAN_POINT ( 'NONE',  ( -5.321891864045792175, -0.3200508001019938820, -8.719269453529149061 ) ) ;
#8594 = LINE ( 'NONE', #1129, #2383 ) ;
#8595 = EDGE_CURVE ( 'NONE', #313, #3577, #3167, .T. ) ;
#8596 = VERTEX_POINT ( 'NONE', #5594 ) ;
#8597 = DIRECTION ( 'NONE',  ( 0.000000000000000000, -1.000000000000000000, 0.000000000000000000 ) ) ;
#8598 = VERTEX_POINT ( 'NONE', #9336 ) ;
#8599 = CARTESIAN_POINT ( 'NONE',  ( 2.274423560257619048, 3.379949199898008239, -6.593155184191872742 ) ) ;
#8600 = CARTESIAN_POINT ( 'NONE',  ( -15.53141706058863925, 1.951444367097705523, 17.98745899997738462 ) ) ;
#8601 = CARTESIAN_POINT ( 'NONE',  ( -1.355204632572084344, 3.379949199898004242, 24.83657278452905359 ) ) ;
#8602 = EDGE_LOOP ( 'NONE', ( #1312, #98, #4355, #3922, #4271 ) ) ;
#8603 = CARTESIAN_POINT ( 'NONE',  ( -6.366595803587210334, 0.6799491998980271568, 3.578626881248579306 ) ) ;
#8604 = TOROIDAL_SURFACE ( 'NONE', #3252, 1.500000000000000000, 1.000000000000000000 ) ;
#8605 = AXIS2_PLACEMENT_3D ( 'NONE', #9052, #2308, #7581 ) ;
#8606 = SPHERICAL_SURFACE ( 'NONE', #8774, 1.000000000000000000 ) ;
#8607 = CARTESIAN_POINT ( 'NONE',  ( 6.206367262126159190, 0.6799491998980070617, 8.600367705826062803 ) ) ;
#8608 = ORIENTED_EDGE ( 'NONE', *, *, #2566, .T. ) ;
#8609 = CARTESIAN_POINT ( 'NONE',  ( 15.86736244225922476, 1.582653416475977348, -18.16274494476580159 ) ) ;
#8610 = AXIS2_PLACEMENT_3D ( 'NONE', #709, #2910, #1398 ) ;
#8611 = CARTESIAN_POINT ( 'NONE',  ( -1.904142419481751780, -0.3200508001019928828, -7.741831215614096706 ) ) ;
#8612 = CARTESIAN_POINT ( 'NONE',  ( -2.846030702774449139E-15, 0.000000000000000000, 25.19835094939760722 ) ) ;
#8613 = CARTESIAN_POINT ( 'NONE',  ( -3.580050578086058088, -0.5200508001019926718, 8.757862307282868741 ) ) ;
#8614 = CARTESIAN_POINT ( 'NONE',  ( 9.451932017220471494, 0.6799491998980071727, 2.220618599124432713 ) ) ;
#8615 = ORIENTED_EDGE ( 'NONE', *, *, #2112, .F. ) ;
#8616 = DIRECTION ( 'NONE',  ( -0.000000000000000000, -1.000000000000000000, -0.000000000000000000 ) ) ;
#8617 = AXIS2_PLACEMENT_3D ( 'NONE', #6487, #2923, #4293 ) ;
#8618 = DIRECTION ( 'NONE',  ( -0.000000000000000000, -1.000000000000000000, -0.000000000000000000 ) ) ;
#8619 = DIRECTION ( 'NONE',  ( 0.000000000000000000, 0.000000000000000000, -1.000000000000000000 ) ) ;
#8620 = CARTESIAN_POINT ( 'NONE',  ( 5.922320688123341448, -0.5200508001019920057, -8.704738941881270620 ) ) ;
#8621 = ORIENTED_EDGE ( 'NONE', *, *, #1282, .F. ) ;
#8622 = DIRECTION ( 'NONE',  ( 0.000000000000000000, 0.000000000000000000, 1.000000000000000000 ) ) ;
#8623 = AXIS2_PLACEMENT_3D ( 'NONE', #5015, #4910, #6464 ) ;
#8624 = EDGE_CURVE ( 'NONE', #3570, #8731, #34, .T. ) ;
#8625 = CARTESIAN_POINT ( 'NONE',  ( -1.905256537439552034, 22.26046457370629739, -1.100000374766002542 ) ) ;
#8626 = CARTESIAN_POINT ( 'NONE',  ( -24.56393700073495268, 2.079949199898003975, -5.420794502520991820 ) ) ;
#8627 = CARTESIAN_POINT ( 'NONE',  ( 2.832149739430405599, 3.379949199898008239, 9.513638862070582292 ) ) ;
#8628 = AXIS2_PLACEMENT_3D ( 'NONE', #2936, #8944, #2296 ) ;
#8629 = ORIENTED_EDGE ( 'NONE', *, *, #5088, .T. ) ;
#8630 = CARTESIAN_POINT ( 'NONE',  ( -17.10079925302489556, 1.079949199897997758, -18.12582460135802975 ) ) ;
#8631 = AXIS2_PLACEMENT_3D ( 'NONE', #8366, #6892, #8312 ) ;
#8632 = DIRECTION ( 'NONE',  ( -1.341519488088729726E-13, 0.000000000000000000, -1.000000000000000000 ) ) ;
#8633 = AXIS2_PLACEMENT_3D ( 'NONE', #6296, #3128, #7616 ) ;
#8634 = CARTESIAN_POINT ( 'NONE',  ( -4.426933844604826085, -0.3200508001019929383, 9.617055563727390677 ) ) ;
#8635 = EDGE_LOOP ( 'NONE', ( #2508, #3511, #1867, #4154, #6210, #2029, #5542, #5000 ) ) ;
#8636 = CARTESIAN_POINT ( 'NONE',  ( 15.83889225858333916, 1.652363869451172418, 18.11793088239889471 ) ) ;
#8637 = CARTESIAN_POINT ( 'NONE',  ( 0.000000000000000000, 0.6799491998980041751, 0.000000000000000000 ) ) ;
#8638 = EDGE_CURVE ( 'NONE', #1774, #1799, #5257, .T. ) ;
#8639 = CARTESIAN_POINT ( 'NONE',  ( -5.851106474519944811, -0.5200508001019920057, 4.844028221207500984 ) ) ;
#8640 = CARTESIAN_POINT ( 'NONE',  ( 9.800000000000000711, 0.000000000000000000, -24.55116433719784652 ) ) ;
#8641 = DIRECTION ( 'NONE',  ( 0.000000000000000000, 0.000000000000000000, -1.000000000000000000 ) ) ;
#8642 = CARTESIAN_POINT ( 'NONE',  ( -14.47793423166683624, 3.379949199898008239, -21.44763243253714435 ) ) ;
#8643 = EDGE_LOOP ( 'NONE', ( #8009, #2874, #7599, #3382 ) ) ;
#8644 = AXIS2_PLACEMENT_3D ( 'NONE', #6519, #7985, #4372 ) ;
#8645 = CARTESIAN_POINT ( 'NONE',  ( 1.753301955932536238, 0.6799491998980070617, -8.787971448917209827 ) ) ;
#8646 = DIRECTION ( 'NONE',  ( -0.9882243932802983188, 0.000000000000000000, 0.1530115960500586236 ) ) ;
#8647 = STYLED_ITEM ( 'NONE', ( #5418 ), #7357 ) ;
#8648 = EDGE_LOOP ( 'NONE', ( #2329, #7172, #624 ) ) ;
#8649 = CARTESIAN_POINT ( 'NONE',  ( -15.69355034331107035, 2.079949199897996426, -20.42778950057966370 ) ) ;
#8650 = AXIS2_PLACEMENT_3D ( 'NONE', #3046, #3087, #3000 ) ;
#8651 = EDGE_LOOP ( 'NONE', ( #761, #4064, #3190, #7440 ) ) ;
#8652 = CARTESIAN_POINT ( 'NONE',  ( -5.655349254814801441, 3.379949199898008239, -7.497403415679475991 ) ) ;
#8653 = CARTESIAN_POINT ( 'NONE',  ( -15.72117363786922084, 1.771306357731247783, 18.11956519555949541 ) ) ;
#8654 = CARTESIAN_POINT ( 'NONE',  ( 14.01421401857991711, 2.079949199898003975, 21.42781943721881177 ) ) ;
#8655 = EDGE_LOOP ( 'NONE', ( #820, #1081, #4403, #1346 ) ) ;
#8656 = CARTESIAN_POINT ( 'NONE',  ( -10.09368136256613546, 0.6799491998982951646, -0.03904916851054653776 ) ) ;
#8657 = AXIS2_PLACEMENT_3D ( 'NONE', #6874, #1758, #125 ) ;
#8658 = EDGE_CURVE ( 'NONE', #5328, #859, #2696, .T. ) ;
#8659 = EDGE_CURVE ( 'NONE', #7741, #4643, #2592, .T. ) ;
#8660 = DIRECTION ( 'NONE',  ( 0.000000000000000000, 0.000000000000000000, -1.000000000000000000 ) ) ;
#8661 = CARTESIAN_POINT ( 'NONE',  ( -5.006662955422756411, -0.3200508001019938820, 8.757452162228437587 ) ) ;
#8662 = SHAPE_DEFINITION_REPRESENTATION ( #3092, #5900 ) ;
#8663 = ORIENTED_EDGE ( 'NONE', *, *, #4169, .T. ) ;
#8664 = CARTESIAN_POINT ( 'NONE',  ( 5.025749273331452827, 3.379949199898008239, 3.558171410393414558 ) ) ;
#8665 = CIRCLE ( 'NONE', #4722, 0.5000000000000004441 ) ;
#8666 = CARTESIAN_POINT ( 'NONE',  ( -9.532548191838253970, -0.3200508001019929938, 0.7305618566010418924 ) ) ;
#8667 = LINE ( 'NONE', #6515, #3597 ) ;
#8668 = CARTESIAN_POINT ( 'NONE',  ( 2.316970560531085077, -0.5200508001019926718, 9.869165417780823901 ) ) ;
#8669 = CARTESIAN_POINT ( 'NONE',  ( 10.62637118435278083, 0.6799491998980071727, -6.931888250071153834 ) ) ;
#8670 = ORIENTED_EDGE ( 'NONE', *, *, #1483, .F. ) ;
#8671 = FACE_OUTER_BOUND ( 'NONE', #2474, .T. ) ;
#8672 = CIRCLE ( 'NONE', #3646, 1.000000000000000444 ) ;
#8673 = DIRECTION ( 'NONE',  ( -0.000000000000000000, -1.000000000000000000, -0.000000000000000000 ) ) ;
#8674 = DIRECTION ( 'NONE',  ( 0.000000000000000000, 0.000000000000000000, -1.000000000000000000 ) ) ;
#8675 = CARTESIAN_POINT ( 'NONE',  ( 7.548719172921418696, 0.6799491998979857454, 2.300180624875500790 ) ) ;
#8676 = ORIENTED_EDGE ( 'NONE', *, *, #7601, .F. ) ;
#8677 = CARTESIAN_POINT ( 'NONE',  ( -8.138342813060024383, 1.079949199897997758, 25.06172133467919849 ) ) ;
#8678 = EDGE_CURVE ( 'NONE', #5328, #560, #9510, .T. ) ;
#8679 = CARTESIAN_POINT ( 'NONE',  ( -25.99338627854620754, 1.079949199897973111, -1.808867833273801295 ) ) ;
#8680 = VERTEX_POINT ( 'NONE', #5943 ) ;
#8681 = DIRECTION ( 'NONE',  ( 0.000000000000000000, 0.000000000000000000, 1.000000000000000000 ) ) ;
#8682 = CARTESIAN_POINT ( 'NONE',  ( 4.719504223523457220, -0.5200508001019926718, 4.441826112242593716 ) ) ;
#8683 = ORIENTED_EDGE ( 'NONE', *, *, #3981, .F. ) ;
#8684 = DIRECTION ( 'NONE',  ( 0.000000000000000000, -1.000000000000000000, -0.000000000000000000 ) ) ;
#8685 = EDGE_CURVE ( 'NONE', #9123, #1544, #8672, .T. ) ;
#8686 = CARTESIAN_POINT ( 'NONE',  ( -4.157332302906001864, 0.000000000000000000, 24.60120094879952291 ) ) ;
#8687 = CARTESIAN_POINT ( 'NONE',  ( -15.94641339951309966, 1.079949199897995760, 18.28157366152350960 ) ) ;
#8688 = DIRECTION ( 'NONE',  ( 0.000000000000000000, 0.000000000000000000, 1.000000000000000000 ) ) ;
#8689 = ORIENTED_EDGE ( 'NONE', *, *, #2999, .T. ) ;
#8690 = CARTESIAN_POINT ( 'NONE',  ( 15.99407193982678521, 1.079949199897997758, 18.20803970888903933 ) ) ;
#8691 = CARTESIAN_POINT ( 'NONE',  ( 17.23131124203197473, 3.379949199898008239, -18.86320297791349176 ) ) ;
#8692 = CARTESIAN_POINT ( 'NONE',  ( 4.184302364482492820, -0.5200508001019920057, 9.939312703620750256 ) ) ;
#8693 = CARTESIAN_POINT ( 'NONE',  ( -9.302021880671901499, 2.079949199897998646, -23.45192124411338952 ) ) ;
#8694 = CARTESIAN_POINT ( 'NONE',  ( 15.48815794199974682, 1.079949199897994649, 18.77988860399973348 ) ) ;
#8695 = EDGE_LOOP ( 'NONE', ( #8629, #3563, #7154 ) ) ;
#8696 = CARTESIAN_POINT ( 'NONE',  ( 1.799812103778214878, 0.6799491998980069507, -7.695740964721550448 ) ) ;
#8697 = EDGE_CURVE ( 'NONE', #2706, #531, #731, .T. ) ;
#8698 = B_SPLINE_CURVE_WITH_KNOTS ( 'NONE', 3,
 ( #5347, #6933, #924, #9140, #8355, #5443, #5496, #8504, #1620, #1768 ),
 .UNSPECIFIED., .F., .F.,
 ( 4, 2, 2, 2, 4 ),
 ( 0.000000000000000000, 0.0008342349911387178605, 0.001251352486708074948, 0.001459911234492755226, 0.001668469982277435721 ),
 .UNSPECIFIED. ) ;
#8699 = CARTESIAN_POINT ( 'NONE',  ( -2.771554868604003907, -6.832479122453917419, 24.80025094899888671 ) ) ;
#8700 = EDGE_CURVE ( 'NONE', #7265, #2791, #5615, .T. ) ;
#8701 = ORIENTED_EDGE ( 'NONE', *, *, #818, .T. ) ;
#8702 = CARTESIAN_POINT ( 'NONE',  ( 25.85511330594141199, 0.000000000000000000, -3.616879909070076948 ) ) ;
#8703 = ORIENTED_EDGE ( 'NONE', *, *, #9558, .T. ) ;
#8704 = CARTESIAN_POINT ( 'NONE',  ( -9.700926913221445957, 3.379949199898008239, -2.755977779711039410 ) ) ;
#8705 = ORIENTED_EDGE ( 'NONE', *, *, #5797, .T. ) ;
#8706 = B_SPLINE_CURVE_WITH_KNOTS ( 'NONE', 3,
 ( #5219, #5082, #2093, #2180 ),
 .UNSPECIFIED., .F., .F.,
 ( 4, 4 ),
 ( 0.000000000000000000, 0.0005086555181374398556 ),
 .UNSPECIFIED. ) ;
#8707 = CARTESIAN_POINT ( 'NONE',  ( 26.13118267928625471, 2.079949199932257020, -1.833602212111315133 ) ) ;
#8708 = CARTESIAN_POINT ( 'NONE',  ( 27.35721577872326904, 0.000000000000000000, -1.880537549863756208 ) ) ;
#8709 = ORIENTED_EDGE ( 'NONE', *, *, #3675, .T. ) ;
#8710 = CARTESIAN_POINT ( 'NONE',  ( -8.639286626334017782, 0.6799491998980070617, 2.780723893431221061 ) ) ;
#8711 = FACE_OUTER_BOUND ( 'NONE', #7182, .T. ) ;
#8712 = CARTESIAN_POINT ( 'NONE',  ( -4.745997732218008025, 0.6799491998978342000, 9.193057930883652418 ) ) ;
#8713 = VERTEX_POINT ( 'NONE', #8939 ) ;
#8714 = CARTESIAN_POINT ( 'NONE',  ( 17.23131124203197828, 0.000000000000000000, 18.86320297791348821 ) ) ;
#8715 = CARTESIAN_POINT ( 'NONE',  ( -1.981851042056977041, -0.3200508001019928273, -7.778241376046590716 ) ) ;
#8716 = DIRECTION ( 'NONE',  ( 0.000000000000000000, 1.000000000000000000, -0.000000000000000000 ) ) ;
#8717 = DIRECTION ( 'NONE',  ( 0.9404022281525358240, 0.000000000000000000, 0.3400641840678699235 ) ) ;
#8718 = CARTESIAN_POINT ( 'NONE',  ( -5.362466863799540739, 3.379949199898008239, 2.933921699987145804 ) ) ;
#8719 = ORIENTED_EDGE ( 'NONE', *, *, #5702, .T. ) ;
#8720 = CARTESIAN_POINT ( 'NONE',  ( 10.67303918438838295, 1.079949199897997758, 23.41746387032912580 ) ) ;
#8721 = DIRECTION ( 'NONE',  ( -0.1196879611512769725, 2.449617560055604636E-14, -0.9928115591367027148 ) ) ;
#8722 = CARTESIAN_POINT ( 'NONE',  ( -26.93284165500675797, 3.379949199898008239, -5.815748524674012820 ) ) ;
#8723 = CARTESIAN_POINT ( 'NONE',  ( 8.126151929986718869, -0.3200508001019938820, 1.922688624343801056 ) ) ;
#8724 = ORIENTED_EDGE ( 'NONE', *, *, #8810, .F. ) ;
#8725 = CARTESIAN_POINT ( 'NONE',  ( 14.88316527472231954, 1.079949199898004197, -21.87839693420015053 ) ) ;
#8726 = EDGE_CURVE ( 'NONE', #5710, #9406, #6797, .T. ) ;
#8727 = PLANE ( 'NONE',  #8756 ) ;
#8728 = CARTESIAN_POINT ( 'NONE',  ( -27.25012979621591569, 0.000000000000000000, 3.756855665739624150 ) ) ;
#8729 = CARTESIAN_POINT ( 'NONE',  ( 4.529849029835427032, 3.379949199898008239, 6.055442242930848984 ) ) ;
#8730 = CARTESIAN_POINT ( 'NONE',  ( 10.39893934016834365, 2.079949199898026180, -23.93859450359207131 ) ) ;
#8731 = VERTEX_POINT ( 'NONE', #4401 ) ;
#8732 = CARTESIAN_POINT ( 'NONE',  ( -10.29864424473121787, 0.6799491998980069507, -7.350548471602794010 ) ) ;
#8733 = CARTESIAN_POINT ( 'NONE',  ( -20.69999999999989271, 80.31423269831148559, 20.70000000000010942 ) ) ;
#8734 = CARTESIAN_POINT ( 'NONE',  ( -15.58394583149077128, 2.079949199898003975, -18.49855740762622958 ) ) ;
#8735 = CARTESIAN_POINT ( 'NONE',  ( -11.61397809495740141, 1.079949199898004197, 4.199763423080987934 ) ) ;
#8736 = VERTEX_POINT ( 'NONE', #5100 ) ;
#8737 = CARTESIAN_POINT ( 'NONE',  ( 15.66580934554473181, 1.866743922955258039, 18.01739645572497395 ) ) ;
#8738 = DIRECTION ( 'NONE',  ( 0.000000000000000000, 0.000000000000000000, -1.000000000000000000 ) ) ;
#8739 = CARTESIAN_POINT ( 'NONE',  ( -4.157332302906001864, 3.379949199898008239, 24.60120094879952291 ) ) ;
#8740 = CARTESIAN_POINT ( 'NONE',  ( -10.67303918438837940, 0.000000000000000000, -23.41746387032911869 ) ) ;
#8741 = EDGE_CURVE ( 'NONE', #8940, #9400, #8205, .T. ) ;
#8742 = CARTESIAN_POINT ( 'NONE',  ( 4.157332302905997423, 0.000000000000000000, 24.60120094879952646 ) ) ;
#8743 = DIRECTION ( 'NONE',  ( 0.000000000000000000, 1.000000000000000000, -0.000000000000000000 ) ) ;
#8744 = VERTEX_POINT ( 'NONE', #9035 ) ;
#8745 = CARTESIAN_POINT ( 'NONE',  ( 2.922973118940264126, -0.3200508001019938820, -8.256239028006797653 ) ) ;
#8746 = CARTESIAN_POINT ( 'NONE',  ( -8.161437285285410681, 0.000000000000000000, 24.49162981681099893 ) ) ;
#8747 = ORIENTED_EDGE ( 'NONE', *, *, #764, .T. ) ;
#8748 = CARTESIAN_POINT ( 'NONE',  ( 8.097978119328097080, 1.089999706236839616, -18.18881143845984028 ) ) ;
#8749 = ORIENTED_EDGE ( 'NONE', *, *, #150, .T. ) ;
#8750 = CARTESIAN_POINT ( 'NONE',  ( -9.489905415789301912, 3.379949199898008239, -4.368034375032027405 ) ) ;
#8751 = ADVANCED_FACE ( 'NONE', ( #7467 ), #778, .T. ) ;
#8752 = VERTEX_POINT ( 'NONE', #8292 ) ;
#8753 = ORIENTED_EDGE ( 'NONE', *, *, #9543, .F. ) ;
#8754 = CARTESIAN_POINT ( 'NONE',  ( -7.909768433407007748, -0.3200508001019938820, 2.055035240147030873 ) ) ;
#8755 = EDGE_CURVE ( 'NONE', #1213, #9006, #4415, .T. ) ;
#8756 = AXIS2_PLACEMENT_3D ( 'NONE', #8625, #8046, #1894 ) ;
#8757 = CARTESIAN_POINT ( 'NONE',  ( 0.000000000000000000, 3.379949199898008239, 0.000000000000000000 ) ) ;
#8758 = CARTESIAN_POINT ( 'NONE',  ( -5.666608677716792997, 0.6799491998980944363, 6.833114055646784202 ) ) ;
#8759 = ORIENTED_EDGE ( 'NONE', *, *, #5318, .T. ) ;
#8760 = ORIENTED_EDGE ( 'NONE', *, *, #9459, .F. ) ;
#8761 = FACE_BOUND ( 'NONE', #4505, .T. ) ;
#8762 = EDGE_CURVE ( 'NONE', #4466, #8596, #6739, .T. ) ;
#8763 = CARTESIAN_POINT ( 'NONE',  ( -2.437809678149482462, -0.3200508001019929383, -8.022126338849913552 ) ) ;
#8764 = CARTESIAN_POINT ( 'NONE',  ( 8.530788704135732203, -0.5200508001019926718, -6.029881035023462843 ) ) ;
#8765 = CARTESIAN_POINT ( 'NONE',  ( 4.557721267903827922, -0.5200508001019926718, 5.353579499273717346 ) ) ;
#8766 = CARTESIAN_POINT ( 'NONE',  ( -0.1436851430756670434, 0.6799491998980070617, 12.70323756801613868 ) ) ;
#8767 = VERTEX_POINT ( 'NONE', #2982 ) ;
#8768 = CIRCLE ( 'NONE', #1694, 19.99999999999999645 ) ;
#8769 = CARTESIAN_POINT ( 'NONE',  ( 21.00285463593954915, 0.000000000000000000, -16.78670163806940252 ) ) ;
#8770 = DIRECTION ( 'NONE',  ( 0.000000000000000000, -1.000000000000000000, 0.000000000000000000 ) ) ;
#8771 = DIRECTION ( 'NONE',  ( 0.000000000000000000, 1.000000000000000000, -0.000000000000000000 ) ) ;
#8772 = CARTESIAN_POINT ( 'NONE',  ( 7.357073467142632772, 0.6799491998980281560, 2.450308157185577596 ) ) ;
#8773 = ORIENTED_EDGE ( 'NONE', *, *, #9159, .F. ) ;
#8774 = AXIS2_PLACEMENT_3D ( 'NONE', #1872, #5712, #8660 ) ;
#8775 = CARTESIAN_POINT ( 'NONE',  ( -0.1208743204155038609, 2.050564894228432244, 21.19456620276912062 ) ) ;
#8776 = CARTESIAN_POINT ( 'NONE',  ( -20.87844544752097420, 1.079949199897997758, -14.37751771673020684 ) ) ;
#8777 = CARTESIAN_POINT ( 'NONE',  ( 10.02538718874732027, 1.079949199897997758, 22.76447847739673946 ) ) ;
#8778 = CARTESIAN_POINT ( 'NONE',  ( 4.507324813770448912, 3.379949199898008239, 6.445053239650708754 ) ) ;
#8779 = CARTESIAN_POINT ( 'NONE',  ( 2.771554868603997246, 0.000000000000000000, 24.80025094899888671 ) ) ;
#8780 = AXIS2_PLACEMENT_3D ( 'NONE', #2190, #9572, #4188 ) ;
#8781 = ORIENTED_EDGE ( 'NONE', *, *, #9485, .T. ) ;
#8782 = EDGE_CURVE ( 'NONE', #7175, #7089, #8835, .T. ) ;
#8783 = CARTESIAN_POINT ( 'NONE',  ( 14.63750200206032659, 2.079949199897973333, 18.19659023485494842 ) ) ;
#8784 = VECTOR ( 'NONE', #1975, 1000.000000000000000 ) ;
#8785 = CARTESIAN_POINT ( 'NONE',  ( -15.41962524863217077, 1.079949199897995760, 18.84204593168792741 ) ) ;
#8786 = DIRECTION ( 'NONE',  ( 0.000000000000000000, 0.000000000000000000, -1.000000000000000000 ) ) ;
#8787 = ORIENTED_EDGE ( 'NONE', *, *, #2086, .F. ) ;
#8788 = DIRECTION ( 'NONE',  ( 0.000000000000000000, 0.000000000000000000, -1.000000000000000000 ) ) ;
#8789 = CARTESIAN_POINT ( 'NONE',  ( 13.37653562345046332, 0.000000000000000000, -21.62483327182261306 ) ) ;
#8790 = CARTESIAN_POINT ( 'NONE',  ( 5.729239850272191070, -0.5200508001019920057, 6.171010827325489778 ) ) ;
#8791 = CIRCLE ( 'NONE', #8478, 2.800000000000000266 ) ;
#8792 = CARTESIAN_POINT ( 'NONE',  ( 15.08642036324825497, 2.079949199898004419, -17.76238006694616089 ) ) ;
#8793 = DIRECTION ( 'NONE',  ( 0.000000000000000000, 1.000000000000000000, -0.000000000000000000 ) ) ;
#8794 = DIRECTION ( 'NONE',  ( 0.000000000000000000, 0.000000000000000000, -1.000000000000000000 ) ) ;
#8795 = ORIENTED_EDGE ( 'NONE', *, *, #8310, .T. ) ;
#8796 = CARTESIAN_POINT ( 'NONE',  ( 2.274658218776331342, 0.6799491998980072838, -7.933347615673398856 ) ) ;
#8797 = VECTOR ( 'NONE', #7383, 1000.000000000000000 ) ;
#8798 = CIRCLE ( 'NONE', #3445, 14.00000000000000178 ) ;
#8799 = DIRECTION ( 'NONE',  ( -0.8660254037844412611, 0.000000000000000000, -0.4999999999999956146 ) ) ;
#8800 = ORIENTED_EDGE ( 'NONE', *, *, #1830, .T. ) ;
#8801 = CARTESIAN_POINT ( 'NONE',  ( 25.85552555627243621, 0.000000000000000000, 3.614264702649404803 ) ) ;
#8802 = VERTEX_POINT ( 'NONE', #1562 ) ;
#8803 = CARTESIAN_POINT ( 'NONE',  ( -9.547063912130525409, 3.379949199898008239, -1.786235405114957819 ) ) ;
#8804 = EDGE_CURVE ( 'NONE', #4855, #2342, #674, .T. ) ;
#8805 = AXIS2_PLACEMENT_3D ( 'NONE', #2570, #5568, #6370 ) ;
#8806 = TOROIDAL_SURFACE ( 'NONE', #6769, 13.00000000000000178, 1.000000000000000000 ) ;
#8807 = DIRECTION ( 'NONE',  ( 0.000000000000000000, -1.000000000000000000, 0.000000000000000000 ) ) ;
#8808 = ORIENTED_EDGE ( 'NONE', *, *, #6173, .T. ) ;
#8809 = CARTESIAN_POINT ( 'NONE',  ( -9.111702516450399969, 0.6799491998980070617, 2.470977090519606456 ) ) ;
#8810 = EDGE_CURVE ( 'NONE', #9053, #9209, #1514, .T. ) ;
#8811 = VECTOR ( 'NONE', #5255, 1000.000000000000000 ) ;
#8812 = AXIS2_PLACEMENT_3D ( 'NONE', #6072, #3888, #3055 ) ;
#8813 = CYLINDRICAL_SURFACE ( 'NONE', #7990, 27.75000000000000355 ) ;
#8814 = CARTESIAN_POINT ( 'NONE',  ( -1.468819845261320811, 0.6799491998979853014, 11.50491359008102776 ) ) ;
#8815 = VERTEX_POINT ( 'NONE', #4630 ) ;
#8816 = CARTESIAN_POINT ( 'NONE',  ( 16.05395504182820332, 0.000000000000000000, 20.21006210249905166 ) ) ;
#8817 = CARTESIAN_POINT ( 'NONE',  ( -4.885150719283848808, -0.3200508001019929938, -8.715163077310258188 ) ) ;
#8818 = CARTESIAN_POINT ( 'NONE',  ( -4.680119986780360009, -0.5200508001019926718, -7.489937399371506821 ) ) ;
#8819 = CIRCLE ( 'NONE', #8498, 1.500000000000001332 ) ;
#8820 = CARTESIAN_POINT ( 'NONE',  ( 9.084716761247866756, -0.5200508001019926718, -0.6875950358792026762 ) ) ;
#8821 = CARTESIAN_POINT ( 'NONE',  ( -8.054747381789086447, 3.379949199898008239, 0.5109219919602268067 ) ) ;
#8822 = ORIENTED_EDGE ( 'NONE', *, *, #7782, .T. ) ;
#8823 = CARTESIAN_POINT ( 'NONE',  ( 8.016659979266337999, 2.579949199897999090, -25.65900294825322803 ) ) ;
#8824 = ADVANCED_FACE ( 'NONE', ( #1614 ), #9080, .F. ) ;
#8825 = CARTESIAN_POINT ( 'NONE',  ( 13.37653562345044733, 3.379949199898008239, -21.62483327182251713 ) ) ;
#8826 = AXIS2_PLACEMENT_3D ( 'NONE', #8304, #7575, #7620 ) ;
#8827 = CARTESIAN_POINT ( 'NONE',  ( 7.795875292281519542, -0.3200508001019938820, 2.127319616356560861 ) ) ;
#8828 = VERTEX_POINT ( 'NONE', #9279 ) ;
#8829 = CARTESIAN_POINT ( 'NONE',  ( -10.68223522187144781, 0.000000000000000000, 22.90217264361941929 ) ) ;
#8830 = EDGE_CURVE ( 'NONE', #171, #1919, #5693, .T. ) ;
#8831 = CARTESIAN_POINT ( 'NONE',  ( 14.68284181377946673, 0.9899745999489978354, 20.03142652189907125 ) ) ;
#8832 = DIRECTION ( 'NONE',  ( -0.000000000000000000, -1.000000000000000000, 0.000000000000000000 ) ) ;
#8833 = CARTESIAN_POINT ( 'NONE',  ( 4.507324813770448912, -0.5200508001019926718, 6.445053239650708754 ) ) ;
#8834 = DIRECTION ( 'NONE',  ( 0.000000000000000000, 1.000000000000000000, 0.000000000000000000 ) ) ;
#8835 = CIRCLE ( 'NONE', #343, 5.325000000000003730 ) ;
#8836 = EDGE_LOOP ( 'NONE', ( #3251, #1485, #1643, #7925, #8787 ) ) ;
#8837 = DIRECTION ( 'NONE',  ( -0.000000000000000000, -1.000000000000000000, -0.000000000000000000 ) ) ;
#8838 = CARTESIAN_POINT ( 'NONE',  ( -14.09330589196663652, 2.079949199897994205, 18.62385382042937465 ) ) ;
#8839 = CARTESIAN_POINT ( 'NONE',  ( -10.40203626958775907, 2.079949199898026180, -23.93147139183318473 ) ) ;
#8840 = ORIENTED_EDGE ( 'NONE', *, *, #3003, .T. ) ;
#8841 = CARTESIAN_POINT ( 'NONE',  ( -8.029586376685230675, -0.5200508001019856774, 1.980782904847790293 ) ) ;
#8842 = LINE ( 'NONE', #9029, #5780 ) ;
#8843 = AXIS2_PLACEMENT_3D ( 'NONE', #1941, #1157, #8535 ) ;
#8844 = CARTESIAN_POINT ( 'NONE',  ( 13.38380370810280340, 2.079949199898003975, -20.78142652189906414 ) ) ;
#8845 = CARTESIAN_POINT ( 'NONE',  ( -20.69999999999989271, 1.079949199897997758, 20.70000000000010942 ) ) ;
#8846 = EDGE_CURVE ( 'NONE', #9588, #8744, #6288, .T. ) ;
#8847 = DIRECTION ( 'NONE',  ( -1.734723475976805517E-15, 0.000000000000000000, -1.000000000000000000 ) ) ;
#8848 = LINE ( 'NONE', #5050, #8314 ) ;
#8849 = VERTEX_POINT ( 'NONE', #6926 ) ;
#8850 = CARTESIAN_POINT ( 'NONE',  ( -0.6091278066661988122, 0.6799491998980070617, -7.345697691158522780 ) ) ;
#8851 = AXIS2_PLACEMENT_3D ( 'NONE', #5081, #1402, #4377 ) ;
#8852 = DIRECTION ( 'NONE',  ( 0.8236073154840626298, 0.000000000000000000, 0.5671604621984291938 ) ) ;
#8853 = ORIENTED_EDGE ( 'NONE', *, *, #6212, .T. ) ;
#8854 = CARTESIAN_POINT ( 'NONE',  ( -14.40813922126655200, 1.079949199897997758, 19.61364848793045113 ) ) ;
#8855 = ORIENTED_EDGE ( 'NONE', *, *, #137, .F. ) ;
#8856 = CARTESIAN_POINT ( 'NONE',  ( -7.768532583743247066, 3.379949199898008239, -6.692875143246167724 ) ) ;
#8857 = ORIENTED_EDGE ( 'NONE', *, *, #12, .T. ) ;
#8858 = EDGE_CURVE ( 'NONE', #2019, #1962, #7733, .T. ) ;
#8859 = ORIENTED_EDGE ( 'NONE', *, *, #9444, .F. ) ;
#8860 = DIRECTION ( 'NONE',  ( -3.552713678800500929E-15, 0.000000000000000000, -1.000000000000000000 ) ) ;
#8861 = VERTEX_POINT ( 'NONE', #5338 ) ;
#8862 = CARTESIAN_POINT ( 'NONE',  ( -7.859487330266083482, -0.3200508001019938820, 2.086391766805096193 ) ) ;
#8863 = ORIENTED_EDGE ( 'NONE', *, *, #3439, .F. ) ;
#8864 = CARTESIAN_POINT ( 'NONE',  ( 5.745874009917984360, -0.3200508001019928828, 5.615171281909147716 ) ) ;
#8865 = CARTESIAN_POINT ( 'NONE',  ( -5.574861742482260851, 0.6799491998978349772, 7.334381138350814844 ) ) ;
#8866 =( BOUNDED_SURFACE ( )  B_SPLINE_SURFACE ( 3, 2, ( 
 ( #5186, #9674, #4533 ),
 ( #6732, #9719, #9634 ),
 ( #7556, #8199, #2975 ),
 ( #823, #8893, #3814 ) ),
 .UNSPECIFIED., .F., .F., .F. ) 
 B_SPLINE_SURFACE_WITH_KNOTS ( ( 4, 4 ),
 ( 3, 3 ),
 ( -1.366094737331735587E-17, 0.0005085753768035357900 ),
 ( 0.000000000000000000, 1.000000000000000000 ),
 .UNSPECIFIED. ) 
 GEOMETRIC_REPRESENTATION_ITEM ( )  RATIONAL_B_SPLINE_SURFACE ( (
 ( 1.000000000000000000, 0.7071067811865480168, 1.000000000000000000),
 ( 1.000000000000000000, 0.7071067811865480168, 1.000000000000000000),
 ( 1.000000000000000000, 0.7071067811865495711, 1.000000000000000000),
 ( 1.000000000000000000, 0.7071067811865495711, 1.000000000000000000) ) ) 
 REPRESENTATION_ITEM ( '' )  SURFACE ( )  );
#8867 = ORIENTED_EDGE ( 'NONE', *, *, #7438, .T. ) ;
#8868 = CARTESIAN_POINT ( 'NONE',  ( 4.719504223523457220, 3.379949199898008239, 4.441826112242593716 ) ) ;
#8869 = CARTESIAN_POINT ( 'NONE',  ( -4.157332302906001864, 80.31423269831149980, 24.60120094879952291 ) ) ;
#8870 = CARTESIAN_POINT ( 'NONE',  ( 4.179607525701810822, -0.5200508001019926718, -7.407162139870888673 ) ) ;
#8871 = EDGE_CURVE ( 'NONE', #7866, #9400, #3119, .T. ) ;
#8872 = CARTESIAN_POINT ( 'NONE',  ( 9.484200166192009007, -0.5200508001019926718, -4.383175536709030595 ) ) ;
#8873 = CARTESIAN_POINT ( 'NONE',  ( -5.655206687625675244, 3.379949199898008239, 2.501541426704192439 ) ) ;
#8874 = VERTEX_POINT ( 'NONE', #3819 ) ;
#8875 = CYLINDRICAL_SURFACE ( 'NONE', #9592, 0.5000000000000004441 ) ;
#8876 = DIRECTION ( 'NONE',  ( 0.000000000000000000, -1.000000000000000000, 0.000000000000000000 ) ) ;
#8877 = CARTESIAN_POINT ( 'NONE',  ( 8.643587775786491179, 0.6799491998980070617, 2.778410615376609272 ) ) ;
#8878 = VERTEX_POINT ( 'NONE', #8395 ) ;
#8879 = DIRECTION ( 'NONE',  ( -0.000000000000000000, 1.000000000000000000, 0.000000000000000000 ) ) ;
#8880 = CARTESIAN_POINT ( 'NONE',  ( -10.67303918438835453, 1.079949199897997758, 23.41746387032908316 ) ) ;
#8881 = ORIENTED_EDGE ( 'NONE', *, *, #7782, .F. ) ;
#8882 = EDGE_CURVE ( 'NONE', #6369, #4306, #3373, .T. ) ;
#8883 = CARTESIAN_POINT ( 'NONE',  ( -27.21301674343492749, 3.379949199898008239, -3.758989569242283224 ) ) ;
#8884 = CARTESIAN_POINT ( 'NONE',  ( 9.695422977532139441, 3.379949199898008239, -3.130631016077059847 ) ) ;
#8885 = CYLINDRICAL_SURFACE ( 'NONE', #7861, 27.75000000000000355 ) ;
#8886 = ORIENTED_EDGE ( 'NONE', *, *, #7618, .T. ) ;
#8887 = EDGE_CURVE ( 'NONE', #3802, #6567, #8544, .T. ) ;
#8888 = LINE ( 'NONE', #7313, #1724 ) ;
#8889 = CARTESIAN_POINT ( 'NONE',  ( -14.40813922126654312, 2.079949199897993761, 19.61364848793046178 ) ) ;
#8890 = PLANE ( 'NONE',  #8617 ) ;
#8891 = ORIENTED_EDGE ( 'NONE', *, *, #3218, .T. ) ;
#8892 = CARTESIAN_POINT ( 'NONE',  ( -7.230971026567325488, -0.3200508001019800042, 2.546572495540383230 ) ) ;
#8893 = CARTESIAN_POINT ( 'NONE',  ( -25.57810035236385104, 2.079949199897987988, -5.406252686740800506 ) ) ;
#8894 = CARTESIAN_POINT ( 'NONE',  ( -8.161437285285410681, 80.31423269831148559, 24.49162981681099893 ) ) ;
#8895 = CARTESIAN_POINT ( 'NONE',  ( 15.99099185830266734, 1.079949199900550827, 18.21385627110458216 ) ) ;
#8896 = CARTESIAN_POINT ( 'NONE',  ( 8.389831127714680648, 0.6799491998979648733, -7.730162278499905781 ) ) ;
#8897 = B_SPLINE_CURVE_WITH_KNOTS ( 'NONE', 3,
 ( #1699, #8626, #7701, #5478 ),
 .UNSPECIFIED., .F., .F.,
 ( 4, 4 ),
 ( 0.000000000000000000, 0.0005085753768035521614 ),
 .UNSPECIFIED. ) ;
#8898 = CARTESIAN_POINT ( 'NONE',  ( -27.10533863467400195, 0.000000000000000000, -4.692078949817560130 ) ) ;
#8899 = VERTEX_POINT ( 'NONE', #7563 ) ;
#8900 = CARTESIAN_POINT ( 'NONE',  ( -25.57810035237141122, 1.079949199897997758, -5.406252686692033294 ) ) ;
#8901 = ORIENTED_EDGE ( 'NONE', *, *, #9723, .T. ) ;
#8902 = CARTESIAN_POINT ( 'NONE',  ( -5.758582356198819419, -0.5200508001019926718, 2.369011831079294250 ) ) ;
#8903 = DIRECTION ( 'NONE',  ( 0.000000000000000000, -1.000000000000000000, 0.000000000000000000 ) ) ;
#8904 = ORIENTED_EDGE ( 'NONE', *, *, #6587, .F. ) ;
#8905 = CARTESIAN_POINT ( 'NONE',  ( -7.507221021662959792, 0.6799491998980483620, -8.219256766897862221 ) ) ;
#8906 = EDGE_CURVE ( 'NONE', #4479, #9232, #1704, .T. ) ;
#8907 = CARTESIAN_POINT ( 'NONE',  ( 3.802189421944999648, -0.3200508001019928273, 10.26475242381273567 ) ) ;
#8908 = CARTESIAN_POINT ( 'NONE',  ( -17.10079925302489556, 1.079949199897997758, -18.12582460135802975 ) ) ;
#8909 = ORIENTED_EDGE ( 'NONE', *, *, #7448, .F. ) ;
#8910 = CARTESIAN_POINT ( 'NONE',  ( -4.203197930952759620, 3.379949199898008239, 7.682668091809809141 ) ) ;
#8911 = CARTESIAN_POINT ( 'NONE',  ( -4.157332302906002752, 80.31423269831149980, 24.60120094879952646 ) ) ;
#8912 = CARTESIAN_POINT ( 'NONE',  ( -5.655349254814801441, 3.379949199898008239, -7.497403415679475991 ) ) ;
#8913 = EDGE_LOOP ( 'NONE', ( #5772, #7199, #6542, #9125 ) ) ;
#8914 = CARTESIAN_POINT ( 'NONE',  ( -14.47793423166683624, 1.730229264965327252, -21.44763243253714435 ) ) ;
#8915 = CIRCLE ( 'NONE', #5774, 20.00000000000000000 ) ;
#8916 = CARTESIAN_POINT ( 'NONE',  ( 10.55800210959866270, -0.5200508001019787940, -0.7656364993802394769 ) ) ;
#8917 = PRODUCT ( 'Orbi_Diffuser', 'Orbi_Diffuser', '', ( #4019 ) ) ;
#8918 = CARTESIAN_POINT ( 'NONE',  ( 5.730761504584936716, 0.6799491998980105034, 5.942395275142026811 ) ) ;
#8919 = EDGE_LOOP ( 'NONE', ( #9668, #4636, #2550, #5582 ) ) ;
#8920 = CARTESIAN_POINT ( 'NONE',  ( -0.5326156975534699356, 1.079949199898004197, 22.44947472105998898 ) ) ;
#8921 = CARTESIAN_POINT ( 'NONE',  ( -15.96496548226394552, 1.079949199898870393, 18.25551065168077258 ) ) ;
#8922 = CARTESIAN_POINT ( 'NONE',  ( 25.53828913000124601, 1.079949199897997758, 5.677495824755493636 ) ) ;
#8923 = CARTESIAN_POINT ( 'NONE',  ( 9.084716761247866756, 3.379949199898008239, -0.6875950358792026762 ) ) ;
#8924 = ORIENTED_EDGE ( 'NONE', *, *, #4031, .T. ) ;
#8925 = AXIS2_PLACEMENT_3D ( 'NONE', #3217, #7709, #7069 ) ;
#8926 = CARTESIAN_POINT ( 'NONE',  ( 25.55405821662481358, 2.079949199898765144, 5.561289545493835362 ) ) ;
#8927 = CARTESIAN_POINT ( 'NONE',  ( -15.84808034666765586, 2.079949199897983547, 18.40655953527873123 ) ) ;
#8928 = ADVANCED_FACE ( 'NONE', ( #2437 ), #5539, .T. ) ;
#8929 = ORIENTED_EDGE ( 'NONE', *, *, #745, .F. ) ;
#8930 = CARTESIAN_POINT ( 'NONE',  ( -8.503374646534282988, -0.3200508001019800042, 1.692828242934562466 ) ) ;
#8931 = CARTESIAN_POINT ( 'NONE',  ( -10.67303918438837940, 80.31423269831148559, -23.41746387032911869 ) ) ;
#8932 = CARTESIAN_POINT ( 'NONE',  ( 7.125189034579856973, 0.000000000000000000, 3.048635960803335987 ) ) ;
#8933 = CARTESIAN_POINT ( 'NONE',  ( 24.52029641909222590, 2.079949199897991097, -5.757139637013207079 ) ) ;
#8934 = CARTESIAN_POINT ( 'NONE',  ( -20.69999999999989271, 0.000000000000000000, 20.70000000000010942 ) ) ;
#8935 = AXIS2_PLACEMENT_3D ( 'NONE', #1848, #7163, #1116 ) ;
#8936 = CARTESIAN_POINT ( 'NONE',  ( 5.588947297398065395, 0.6799491998980070617, -8.706958444259591090 ) ) ;
#8937 = EDGE_CURVE ( 'NONE', #214, #6977, #5061, .T. ) ;
#8938 = AXIS2_PLACEMENT_3D ( 'NONE', #170, #3895, #6865 ) ;
#8939 = CARTESIAN_POINT ( 'NONE',  ( 9.271337228896715743, 0.000000000000000000, 26.15539726305211232 ) ) ;
#8940 = VERTEX_POINT ( 'NONE', #1657 ) ;
#8941 = CARTESIAN_POINT ( 'NONE',  ( -25.52267629096363422, 1.079949199897997536, -5.797562797781898425 ) ) ;
#8942 = ORIENTED_EDGE ( 'NONE', *, *, #4849, .F. ) ;
#8943 = VECTOR ( 'NONE', #7220, 1000.000000000000000 ) ;
#8944 = DIRECTION ( 'NONE',  ( 0.000000000000000000, 1.000000000000000000, -0.000000000000000000 ) ) ;
#8945 = VECTOR ( 'NONE', #9693, 1000.000000000000000 ) ;
#8946 = CARTESIAN_POINT ( 'NONE',  ( -11.44564385422357944, 2.079949199898004419, 22.51628042553962317 ) ) ;
#8947 = CONICAL_SURFACE ( 'NONE', #2814, 19.39999999999999858, 0.7853981633974433940 ) ;
#8948 = CARTESIAN_POINT ( 'NONE',  ( -10.78787713444504348, 0.6799491998982952756, -1.838100833967152958 ) ) ;
#8949 = VERTEX_POINT ( 'NONE', #8440 ) ;
#8950 = CARTESIAN_POINT ( 'NONE',  ( 10.79373892199180318, -0.3200508001019928828, -1.859294634598613216 ) ) ;
#8951 = CARTESIAN_POINT ( 'NONE',  ( 14.24982911188724444, 0.000000000000000000, 20.28142652189906769 ) ) ;
#8952 = AXIS2_PLACEMENT_3D ( 'NONE', #5223, #6075, #8236 ) ;
#8953 = CARTESIAN_POINT ( 'NONE',  ( -8.102021880671902210, -0.01004049788285018771, -26.30611445143712857 ) ) ;
#8954 = AXIS2_PLACEMENT_3D ( 'NONE', #7548, #4476, #6822 ) ;
#8955 = ORIENTED_EDGE ( 'NONE', *, *, #7937, .F. ) ;
#8956 = CARTESIAN_POINT ( 'NONE',  ( -1.291815022503818966, 3.379949199898008239, 10.30863926301921474 ) ) ;
#8957 = CARTESIAN_POINT ( 'NONE',  ( 15.95736462981962944, 1.079949199897995760, -18.26603739969873530 ) ) ;
#8958 = CARTESIAN_POINT ( 'NONE',  ( -6.608217241885292026, 3.379949199898008239, -7.279531062323593815 ) ) ;
#8959 = ORIENTED_EDGE ( 'NONE', *, *, #5022, .T. ) ;
#8960 = EDGE_CURVE ( 'NONE', #8340, #7377, #2110, .T. ) ;
#8961 = CARTESIAN_POINT ( 'NONE',  ( -21.70205276300503527, 80.31423269831148559, -14.94467817892863515 ) ) ;
#8962 = VECTOR ( 'NONE', #5212, 1000.000000000000000 ) ;
#8963 = AXIS2_PLACEMENT_3D ( 'NONE', #4817, #8434, #224 ) ;
#8964 = CARTESIAN_POINT ( 'NONE',  ( 6.333187371549678701, -0.3200508001019800042, 3.607728680331762749 ) ) ;
#8965 = CARTESIAN_POINT ( 'NONE',  ( 5.734181857401097204, -0.3200508001019938820, 5.814694579165557542 ) ) ;
#8966 = ORIENTED_EDGE ( 'NONE', *, *, #7161, .F. ) ;
#8967 = FACE_OUTER_BOUND ( 'NONE', #1220, .T. ) ;
#8968 = AXIS2_PLACEMENT_3D ( 'NONE', #3938, #4659, #7682 ) ;
#8969 = ORIENTED_EDGE ( 'NONE', *, *, #1171, .F. ) ;
#8970 = CIRCLE ( 'NONE', #6628, 1.500000000000001332 ) ;
#8971 = DIRECTION ( 'NONE',  ( 0.000000000000000000, 0.000000000000000000, -1.000000000000000000 ) ) ;
#8972 = EDGE_CURVE ( 'NONE', #3033, #3174, #229, .T. ) ;
#8973 = CARTESIAN_POINT ( 'NONE',  ( 14.68284181377946496, 0.9899745999490117132, -20.03142652189907125 ) ) ;
#8974 = CARTESIAN_POINT ( 'NONE',  ( 9.484200166192009007, 3.379949199898008239, -4.383175536709030595 ) ) ;
#8975 = CARTESIAN_POINT ( 'NONE',  ( -23.83905303029398226, 1.079949199897997758, -8.621023757004250498 ) ) ;
#8976 = ORIENTED_EDGE ( 'NONE', *, *, #2549, .T. ) ;
#8977 = AXIS2_PLACEMENT_3D ( 'NONE', #8001, #5538, #4042 ) ;
#8978 = CARTESIAN_POINT ( 'NONE',  ( 24.59024938235537761, 2.079949199897991097, 5.250590219756816168 ) ) ;
#8979 = DIRECTION ( 'NONE',  ( -0.000000000000000000, -1.000000000000000000, -0.000000000000000000 ) ) ;
#8980 = FACE_OUTER_BOUND ( 'NONE', #3067, .T. ) ;
#8981 = ORIENTED_EDGE ( 'NONE', *, *, #7483, .T. ) ;
#8982 = LINE ( 'NONE', #3022, #3171 ) ;
#8983 = CARTESIAN_POINT ( 'NONE',  ( 0.000000000000000000, 1.079949199897997758, 0.000000000000000000 ) ) ;
#8984 = CARTESIAN_POINT ( 'NONE',  ( -6.902021880671902920, 2.579949199898003975, -10.30611445143711968 ) ) ;
#8985 = CIRCLE ( 'NONE', #7726, 3.924999999999959854 ) ;
#8986 = CARTESIAN_POINT ( 'NONE',  ( 26.96161968753905569, -1.387778780781445676E-14, -5.620435433936791014 ) ) ;
#8987 = LINE ( 'NONE', #3674, #3580 ) ;
#8988 = EDGE_CURVE ( 'NONE', #3742, #6866, #9632, .T. ) ;
#8989 = CARTESIAN_POINT ( 'NONE',  ( 8.915683448797310007, -0.3200508001019938820, -7.326439855899979037 ) ) ;
#8990 = VECTOR ( 'NONE', #2844, 1000.000000000000000 ) ;
#8991 = DIRECTION ( 'NONE',  ( 0.000000000000000000, 0.000000000000000000, 1.000000000000000000 ) ) ;
#8992 = ORIENTED_EDGE ( 'NONE', *, *, #8167, .F. ) ;
#8993 = CARTESIAN_POINT ( 'NONE',  ( -15.75262464466548451, 1.079949199897997536, 18.51837490829983324 ) ) ;
#8994 = ORIENTED_EDGE ( 'NONE', *, *, #95, .F. ) ;
#8995 = CARTESIAN_POINT ( 'NONE',  ( 15.08660708130082817, 2.079949199898004419, 17.76212983640516896 ) ) ;
#8996 = CIRCLE ( 'NONE', #8058, 0.4999999999999970024 ) ;
#8997 = EDGE_CURVE ( 'NONE', #1435, #2447, #6803, .T. ) ;
#8998 = CARTESIAN_POINT ( 'NONE',  ( 20.87844544752079656, 0.000000000000000000, -14.37751771673045909 ) ) ;
#8999 = ORIENTED_EDGE ( 'NONE', *, *, #8460, .T. ) ;
#9000 = CARTESIAN_POINT ( 'NONE',  ( -10.78787713402044801, -0.3200508001019938820, -1.838100834078301826 ) ) ;
#9001 = B_SPLINE_SURFACE_WITH_KNOTS ( 'NONE', 3, 1, ( 
 ( #6870, #8986 ),
 ( #1510, #4483 ),
 ( #7504, #1468 ),
 ( #4441, #773 ) ),
 .UNSPECIFIED., .F., .F., .F.,
 ( 4, 4 ),
 ( 2, 2 ),
 ( 0.000000000000000000, 0.08104294783145964132 ),
 ( 0.000000000000000000, 1.000000000000000000 ),
 .UNSPECIFIED. ) ;
#9002 = EDGE_CURVE ( 'NONE', #7081, #1435, #3216, .T. ) ;
#9003 = CARTESIAN_POINT ( 'NONE',  ( 6.282712144446242597, -0.3200508001019929938, 3.731866385959665244 ) ) ;
#9004 = CARTESIAN_POINT ( 'NONE',  ( -26.96161968753904503, 3.379949199898008239, -5.620435433936789238 ) ) ;
#9005 = CARTESIAN_POINT ( 'NONE',  ( 14.40813922126654312, 2.079949199897993761, 19.61364848793045823 ) ) ;
#9006 = VERTEX_POINT ( 'NONE', #6236 ) ;
#9007 = CARTESIAN_POINT ( 'NONE',  ( -14.45015257283010612, 1.079949199898004197, 20.62839693420014697 ) ) ;
#9008 = CARTESIAN_POINT ( 'NONE',  ( 15.14015793835521784, 2.079949199897994205, -17.68965034170478745 ) ) ;
#9009 = CARTESIAN_POINT ( 'NONE',  ( -9.700926913221445957, 3.379949199898008239, -2.755977779711039410 ) ) ;
#9010 = ORIENTED_EDGE ( 'NONE', *, *, #5007, .T. ) ;
#9011 = CARTESIAN_POINT ( 'NONE',  ( -25.81986051472896904, 1.079949199897997536, -3.616198649677108801 ) ) ;
#9012 = CARTESIAN_POINT ( 'NONE',  ( 25.57810035232023083, 1.079949199897997758, -5.406252687022702119 ) ) ;
#9013 = CARTESIAN_POINT ( 'NONE',  ( 6.106782221009635414, 0.6799491998979853014, 4.082299633437146191 ) ) ;
#9014 = LINE ( 'NONE', #8270, #3661 ) ;
#9015 = DIRECTION ( 'NONE',  ( -8.881784197001252323E-15, 0.000000000000000000, -1.000000000000000000 ) ) ;
#9016 = CARTESIAN_POINT ( 'NONE',  ( 8.097978119328097080, 1.476314693888091334, -18.61107572393692777 ) ) ;
#9017 = ORIENTED_EDGE ( 'NONE', *, *, #4043, .T. ) ;
#9018 = CARTESIAN_POINT ( 'NONE',  ( 25.56659507355067262, 1.079949199897997980, 5.481579224764299596 ) ) ;
#9019 = CARTESIAN_POINT ( 'NONE',  ( -6.902021880671902920, 0.6799491998980041751, -9.806114451437126789 ) ) ;
#9020 = VERTEX_POINT ( 'NONE', #9180 ) ;
#9021 = CARTESIAN_POINT ( 'NONE',  ( 15.54140961191863823, 1.953620181879428763, 17.99459006609675527 ) ) ;
#9022 = ORIENTED_EDGE ( 'NONE', *, *, #1433, .F. ) ;
#9023 = CARTESIAN_POINT ( 'NONE',  ( 14.96935277873239478, 1.079949199897994649, -19.22206034945683939 ) ) ;
#9024 = DIRECTION ( 'NONE',  ( 0.5000000000000001110, -6.876620132937040461E-15, -0.8660254037844387076 ) ) ;
#9025 = ADVANCED_FACE ( 'NONE', ( #5436 ), #9225, .F. ) ;
#9026 = DIRECTION ( 'NONE',  ( 0.000000000000000000, 1.000000000000000000, -0.000000000000000000 ) ) ;
#9027 = ORIENTED_EDGE ( 'NONE', *, *, #6425, .F. ) ;
#9028 = CARTESIAN_POINT ( 'NONE',  ( -1.669760350513127101, -0.5200508001019856774, -7.636998337666146774 ) ) ;
#9029 = CARTESIAN_POINT ( 'NONE',  ( -6.902021880671902920, 2.579949199898003975, -10.30611445143711968 ) ) ;
#9030 = CARTESIAN_POINT ( 'NONE',  ( 25.71659497919129223, 1.079949199897991097, -4.511642843056050900 ) ) ;
#9031 = CARTESIAN_POINT ( 'NONE',  ( 26.94193403549771659, 3.379949199898008239, -5.750652153635500419 ) ) ;
#9032 = CARTESIAN_POINT ( 'NONE',  ( 15.97641246708828433, 1.079949199900550827, 18.23922647316629764 ) ) ;
#9033 = CARTESIAN_POINT ( 'NONE',  ( 9.570599414987713160, 0.6799491998980070617, -8.084358156122762651 ) ) ;
#9034 = DIRECTION ( 'NONE',  ( 0.8236073154840555244, 0.000000000000000000, -0.5671604621984395189 ) ) ;
#9035 = CARTESIAN_POINT ( 'NONE',  ( -24.77944959953634552, 0.000000000000000000, -8.961103589627693822 ) ) ;
#9036 = EDGE_CURVE ( 'NONE', #1044, #560, #5374, .T. ) ;
#9037 = DIRECTION ( 'NONE',  ( 0.000000000000000000, 1.000000000000000000, 0.000000000000000000 ) ) ;
#9038 = ORIENTED_EDGE ( 'NONE', *, *, #7315, .F. ) ;
#9039 = CARTESIAN_POINT ( 'NONE',  ( -6.083240482449093101, -0.5200508001019926718, 1.988582240188726535 ) ) ;
#9040 = CYLINDRICAL_SURFACE ( 'NONE', #6916, 1.000000000000000222 ) ;
#9041 = CARTESIAN_POINT ( 'NONE',  ( -8.510433283146241479, -0.5200508001019926718, -6.052744283897530941 ) ) ;
#9042 = ADVANCED_FACE ( 'NONE', ( #374 ), #1905, .F. ) ;
#9043 = DIRECTION ( 'NONE',  ( -0.1530115893419588535, 6.937776841004988037E-09, 0.9882243943189460422 ) ) ;
#9044 = CARTESIAN_POINT ( 'NONE',  ( -7.568849791602661803, 0.6799491998980070617, -9.277991860611631836 ) ) ;
#9045 = CARTESIAN_POINT ( 'NONE',  ( 7.498725953500761321, -0.3200508001019928828, 2.336264431887911108 ) ) ;
#9046 = ADVANCED_FACE ( 'NONE', ( #6536 ), #5737, .T. ) ;
#9047 = CARTESIAN_POINT ( 'NONE',  ( -5.734507821815197026, -0.3200508001019938820, 5.856978170465499289 ) ) ;
#9048 = ORIENTED_EDGE ( 'NONE', *, *, #85, .F. ) ;
#9049 = CARTESIAN_POINT ( 'NONE',  ( 8.073186969602916818, 3.379949199898008239, -6.469362131626117396 ) ) ;
#9050 = EDGE_CURVE ( 'NONE', #6393, #5865, #7895, .T. ) ;
#9051 = DIRECTION ( 'NONE',  ( 0.000000000000000000, 0.000000000000000000, 1.000000000000000000 ) ) ;
#9052 = CARTESIAN_POINT ( 'NONE',  ( 0.000000000000000000, 0.000000000000000000, 0.000000000000000000 ) ) ;
#9053 = VERTEX_POINT ( 'NONE', #4248 ) ;
#9054 = CARTESIAN_POINT ( 'NONE',  ( -13.37653562345046332, 1.730229264965327252, -21.62483327182261306 ) ) ;
#9055 = CARTESIAN_POINT ( 'NONE',  ( 7.189620572146070643, -0.3200508001019800042, 2.581012364937203429 ) ) ;
#9056 = EDGE_CURVE ( 'NONE', #9429, #2924, #9491, .T. ) ;
#9057 = CARTESIAN_POINT ( 'NONE',  ( 6.011241599978915495, -0.3200508001019938820, 4.325745434715525306 ) ) ;
#9058 = CARTESIAN_POINT ( 'NONE',  ( -15.90605045685673424, 1.524271641053282833, 18.15687266151274315 ) ) ;
#9059 = CARTESIAN_POINT ( 'NONE',  ( -15.40305592246696165, 2.028887375412275151, 17.87554828051274569 ) ) ;
#9060 = FACE_OUTER_BOUND ( 'NONE', #989, .T. ) ;
#9061 = DIRECTION ( 'NONE',  ( -0.000000000000000000, -1.000000000000000000, -0.000000000000000000 ) ) ;
#9062 = ORIENTED_EDGE ( 'NONE', *, *, #6963, .F. ) ;
#9063 = DIRECTION ( 'NONE',  ( 0.3400798326234428237, 0.000000000000000000, -0.9403965692423656986 ) ) ;
#9064 = ORIENTED_EDGE ( 'NONE', *, *, #467, .T. ) ;
#9065 = CARTESIAN_POINT ( 'NONE',  ( 26.94220438769424675, 0.000000000000000000, 5.748688297582449813 ) ) ;
#9066 = CARTESIAN_POINT ( 'NONE',  ( -13.99999999999999645, 80.31423269831148559, -25.49999999999999645 ) ) ;
#9067 = CIRCLE ( 'NONE', #4023, 13.00000000000000178 ) ;
#9068 = CARTESIAN_POINT ( 'NONE',  ( -2.304543576352324763, -0.5200508001019920057, -7.952308916876944522 ) ) ;
#9069 = VERTEX_POINT ( 'NONE', #325 ) ;
#9070 = CARTESIAN_POINT ( 'NONE',  ( 2.304117147459027848, -0.3200508001019800042, -7.951898081281736808 ) ) ;
#9071 = ORIENTED_EDGE ( 'NONE', *, *, #1702, .F. ) ;
#9072 = DIRECTION ( 'NONE',  ( -0.000000000000000000, -1.000000000000000000, 0.000000000000000000 ) ) ;
#9073 = CARTESIAN_POINT ( 'NONE',  ( 15.72117363279683033, 1.771306364213467432, -18.11956519192620618 ) ) ;
#9074 = CARTESIAN_POINT ( 'NONE',  ( 14.40813922126654489, 1.079949199900551271, 19.61364848793045468 ) ) ;
#9075 = EDGE_CURVE ( 'NONE', #8352, #1441, #6334, .T. ) ;
#9076 = TOROIDAL_SURFACE ( 'NONE', #9231, 13.00000000000000178, 1.000000000000000000 ) ;
#9077 = CARTESIAN_POINT ( 'NONE',  ( 7.930368792279828938, 0.6799491998980072838, -9.130487299620179797 ) ) ;
#9078 = VECTOR ( 'NONE', #9061, 1000.000000000000000 ) ;
#9079 = LINE ( 'NONE', #2388, #3461 ) ;
#9080 = CYLINDRICAL_SURFACE ( 'NONE', #5208, 3.925000000000004707 ) ;
#9081 = CARTESIAN_POINT ( 'NONE',  ( -24.59024938304294139, 2.079949199898003975, 5.250590215316178089 ) ) ;
#9082 = VECTOR ( 'NONE', #58, 1000.000000000000000 ) ;
#9083 = EDGE_LOOP ( 'NONE', ( #5398, #3657, #4310, #6239 ) ) ;
#9084 = CARTESIAN_POINT ( 'NONE',  ( -13.37653512674494927, 2.079949199897998646, 21.62483335173612531 ) ) ;
#9085 = CARTESIAN_POINT ( 'NONE',  ( -6.450280611925186314, -0.5200508001019926718, -7.329518665590238236 ) ) ;
#9086 = DIRECTION ( 'NONE',  ( 0.000000000000000000, 0.000000000000000000, -1.000000000000000000 ) ) ;
#9087 = CARTESIAN_POINT ( 'NONE',  ( -6.597106019934756205, -0.3200508001019938820, -8.540034855505419742 ) ) ;
#9088 = VECTOR ( 'NONE', #9037, 1000.000000000000000 ) ;
#9089 = CARTESIAN_POINT ( 'NONE',  ( -5.671010560190942407, -0.3200508001019928273, 6.856249093517995163 ) ) ;
#9090 = CARTESIAN_POINT ( 'NONE',  ( -21.15717546953952422, 3.379949199898008239, -14.79266425619360348 ) ) ;
#9091 = TOROIDAL_SURFACE ( 'NONE', #2030, 13.00000000000000178, 1.000000000000000000 ) ;
#9092 = EDGE_CURVE ( 'NONE', #9629, #8849, #2777, .T. ) ;
#9093 = CARTESIAN_POINT ( 'NONE',  ( -6.751112658366148267, 0.6799491998980070617, 5.577078453544746850 ) ) ;
#9094 = ORIENTED_EDGE ( 'NONE', *, *, #1681, .F. ) ;
#9095 = CARTESIAN_POINT ( 'NONE',  ( 0.2496742951962224732, 3.379949199898008239, 10.49766660023530207 ) ) ;
#9096 = AXIS2_PLACEMENT_3D ( 'NONE', #1320, #4344, #5261 ) ;
#9097 = LINE ( 'NONE', #5914, #9599 ) ;
#9098 = DIRECTION ( 'NONE',  ( 0.000000000000000000, 1.000000000000000000, -0.000000000000000000 ) ) ;
#9099 = ORIENTED_EDGE ( 'NONE', *, *, #165, .F. ) ;
#9100 = TOROIDAL_SURFACE ( 'NONE', #1879, 6.324999999999958433, 1.000000000000000000 ) ;
#9101 = CARTESIAN_POINT ( 'NONE',  ( -14.47793423166683624, 3.379949199898008239, -21.44763243253714435 ) ) ;
#9102 = EDGE_CURVE ( 'NONE', #539, #6551, #4735, .T. ) ;
#9103 = CIRCLE ( 'NONE', #638, 25.35000000000000497 ) ;
#9104 = AXIS2_PLACEMENT_3D ( 'NONE', #3159, #1690, #8427 ) ;
#9105 = CARTESIAN_POINT ( 'NONE',  ( 2.977501531297661597, -0.3200508001019800042, 10.97102326449591736 ) ) ;
#9106 = CARTESIAN_POINT ( 'NONE',  ( 5.739137237147931003, 0.6799491998979954044, 5.719712940127825718 ) ) ;
#9107 = CARTESIAN_POINT ( 'NONE',  ( 20.85023272854516208, 80.31423269831148559, -15.37711965874938613 ) ) ;
#9108 = CARTESIAN_POINT ( 'NONE',  ( -25.57847377632323926, 2.079949199897997314, 5.403601811366235630 ) ) ;
#9109 = CARTESIAN_POINT ( 'NONE',  ( -15.34960520888440172, 2.048024052215041912, 17.84199061288657617 ) ) ;
#9110 = AXIS2_PLACEMENT_3D ( 'NONE', #5822, #5120, #1300 ) ;
#9111 = CARTESIAN_POINT ( 'NONE',  ( -13.86899728391798980, 2.079949199898016854, 21.48359523605714116 ) ) ;
#9112 = CARTESIAN_POINT ( 'NONE',  ( 11.32442529442398360, 1.079949199897997758, 22.01447847739674657 ) ) ;
#9113 = CIRCLE ( 'NONE', #2355, 3.924999999999956302 ) ;
#9114 = VERTEX_POINT ( 'NONE', #4983 ) ;
#9115 = DIRECTION ( 'NONE',  ( -0.9403965692423654765, 0.000000000000000000, -0.3400798326234428237 ) ) ;
#9116 = EDGE_CURVE ( 'NONE', #7866, #7852, #5498, .T. ) ;
#9117 = CARTESIAN_POINT ( 'NONE',  ( 10.13226014257308272, 0.000000000000000000, 24.83200793771867509 ) ) ;
#9118 = CARTESIAN_POINT ( 'NONE',  ( 7.875148599050264764, 80.31423269831148559, -28.15699999999999292 ) ) ;
#9119 = ADVANCED_FACE ( 'NONE', ( #2626 ), #4883, .T. ) ;
#9120 = VECTOR ( 'NONE', #3335, 1000.000000000000000 ) ;
#9122 = PLANE ( 'NONE',  #5636 ) ;
#9121 = AXIS2_PLACEMENT_3D ( 'NONE', #3555, #8832, #5032 ) ;
#9123 = VERTEX_POINT ( 'NONE', #8147 ) ;
#9124 = CARTESIAN_POINT ( 'NONE',  ( -3.543302841235765221, -0.3200508001019800042, -8.489869710390882673 ) ) ;
#9125 = ORIENTED_EDGE ( 'NONE', *, *, #3156, .F. ) ;
#9126 = CARTESIAN_POINT ( 'NONE',  ( 15.84066680030069385, 1.580708321570680086, 18.20244989645490818 ) ) ;
#9127 = DIRECTION ( 'NONE',  ( 0.000000000000000000, 0.000000000000000000, -1.000000000000000000 ) ) ;
#9128 = CARTESIAN_POINT ( 'NONE',  ( -2.930664836443541699, -0.5200508001019926718, 9.432668622035484063 ) ) ;
#9129 = AXIS2_PLACEMENT_3D ( 'NONE', #9224, #6925, #9034 ) ;
#9130 = CARTESIAN_POINT ( 'NONE',  ( -0.2575797283712590313, 0.6799491998980069507, -8.313926655550437417 ) ) ;
#9131 = CARTESIAN_POINT ( 'NONE',  ( 13.37653562345046332, 3.379949199898008239, 21.62483327182261306 ) ) ;
#9132 = DIRECTION ( 'NONE',  ( 0.000000000000000000, 0.000000000000000000, -1.000000000000000000 ) ) ;
#9133 = CARTESIAN_POINT ( 'NONE',  ( -11.32442529442395696, 1.079949199898004197, 22.01447847739670038 ) ) ;
#9134 = AXIS2_PLACEMENT_3D ( 'NONE', #2303, #5294, #91 ) ;
#9135 = DIRECTION ( 'NONE',  ( 7.130879110734695924E-15, 0.000000000000000000, -1.000000000000000000 ) ) ;
#9136 = ORIENTED_EDGE ( 'NONE', *, *, #6226, .T. ) ;
#9137 = CARTESIAN_POINT ( 'NONE',  ( 3.933489809018277050, -0.3200508001019928828, -8.581772998067659586 ) ) ;
#9138 = CARTESIAN_POINT ( 'NONE',  ( 7.822881124318152857, -0.5200508001019926718, -6.664470312695807586 ) ) ;
#9139 = ORIENTED_EDGE ( 'NONE', *, *, #6920, .F. ) ;
#9140 = CARTESIAN_POINT ( 'NONE',  ( -14.63809137096145285, 2.079949199897994205, 18.19608472393663590 ) ) ;
#9141 = CARTESIAN_POINT ( 'NONE',  ( -2.600140084990642642, -0.3200508001019938820, -8.106263753782998904 ) ) ;
#9142 = AXIS2_PLACEMENT_3D ( 'NONE', #3574, #5281, #9678 ) ;
#9143 = CARTESIAN_POINT ( 'NONE',  ( 27.25002848017653889, 3.379949199898008239, 3.757510016559140631 ) ) ;
#9144 = DIRECTION ( 'NONE',  ( 0.000000000000000000, 0.000000000000000000, -1.000000000000000000 ) ) ;
#9145 = ADVANCED_FACE ( 'NONE', ( #9630 ), #5093, .T. ) ;
#9146 = ORIENTED_EDGE ( 'NONE', *, *, #3820, .F. ) ;
#9147 = CARTESIAN_POINT ( 'NONE',  ( 15.94404737452314791, 1.079949199897942025, 18.28485474272861566 ) ) ;
#9148 = ORIENTED_EDGE ( 'NONE', *, *, #7512, .T. ) ;
#9149 = CARTESIAN_POINT ( 'NONE',  ( -1.037323153333318260, 3.379949199898008239, -6.198933741207649284 ) ) ;
#9150 = CIRCLE ( 'NONE', #4892, 2.800000000000000266 ) ;
#9151 = CARTESIAN_POINT ( 'NONE',  ( 14.67309394614864182, 2.079949199889243427, -19.43943216573372368 ) ) ;
#9152 = DIRECTION ( 'NONE',  ( -0.4999999999999956146, 0.000000000000000000, 0.8660254037844412611 ) ) ;
#9153 = ORIENTED_EDGE ( 'NONE', *, *, #1460, .T. ) ;
#9154 = CARTESIAN_POINT ( 'NONE',  ( -6.135254850733087295, -0.3200508001019938820, 4.026199667056887144 ) ) ;
#9155 = CARTESIAN_POINT ( 'NONE',  ( 1.123062655023927325, -0.3200508001019800042, 11.74998985534213958 ) ) ;
#9156 = CARTESIAN_POINT ( 'NONE',  ( -0.1182896847472660468, -0.3200508001019938820, 11.70180940959328453 ) ) ;
#9157 = DIRECTION ( 'NONE',  ( 0.000000000000000000, -1.000000000000000000, 0.000000000000000000 ) ) ;
#9158 = CARTESIAN_POINT ( 'NONE',  ( 20.70000000000011653, 3.379949199898008239, 16.77499999999988844 ) ) ;
#9159 = EDGE_CURVE ( 'NONE', #196, #5240, #8364, .T. ) ;
#9160 = CARTESIAN_POINT ( 'NONE',  ( 14.00000000000000355, 0.000000000000000000, 25.49999999999999645 ) ) ;
#9161 = DIRECTION ( 'NONE',  ( 0.000000000000000000, 0.000000000000000000, -1.000000000000000000 ) ) ;
#9162 = CARTESIAN_POINT ( 'NONE',  ( -4.393328513257206858, -0.5200508001019926718, 7.110925952302642905 ) ) ;
#9163 = CARTESIAN_POINT ( 'NONE',  ( -3.566680022845673204, 0.6799491998980070617, 11.68555849628877397 ) ) ;
#9164 = ORIENTED_EDGE ( 'NONE', *, *, #7219, .F. ) ;
#9165 = CARTESIAN_POINT ( 'NONE',  ( -6.062729204765690660, -0.3200508001019928273, 4.195664487531701070 ) ) ;
#9166 = ORIENTED_EDGE ( 'NONE', *, *, #3331, .T. ) ;
#9167 = DIRECTION ( 'NONE',  ( 0.000000000000000000, -1.000000000000000000, 0.000000000000000000 ) ) ;
#9168 = DIRECTION ( 'NONE',  ( 0.000000000000000000, 0.000000000000000000, -1.000000000000000000 ) ) ;
#9169 = CARTESIAN_POINT ( 'NONE',  ( -10.66523940634287548, -0.5200508001019920057, -1.036196501816243121 ) ) ;
#9170 = ORIENTED_EDGE ( 'NONE', *, *, #9253, .T. ) ;
#9171 = CARTESIAN_POINT ( 'NONE',  ( 2.689700347838582584, -0.5200508001019856774, -8.153785073498390545 ) ) ;
#9172 = ORIENTED_EDGE ( 'NONE', *, *, #5189, .F. ) ;
#9173 = EDGE_CURVE ( 'NONE', #9020, #5505, #9306, .T. ) ;
#9174 = CARTESIAN_POINT ( 'NONE',  ( 15.24217142909777145, 2.073539256409531184, 17.77064555874657970 ) ) ;
#9175 = CARTESIAN_POINT ( 'NONE',  ( 26.96161968753905569, 3.379949199898008239, -5.620435433936791014 ) ) ;
#9176 = CARTESIAN_POINT ( 'NONE',  ( -3.762812954488832684, -0.5200508001019926718, 8.506801728256922601 ) ) ;
#9177 = EDGE_CURVE ( 'NONE', #6612, #6152, #5213, .T. ) ;
#9178 = CARTESIAN_POINT ( 'NONE',  ( 1.681190583695143737, 0.6799491998980070617, -8.747466540887232966 ) ) ;
#9179 = DIRECTION ( 'NONE',  ( -0.8660254037844407060, 0.000000000000000000, -0.4999999999999967804 ) ) ;
#9180 = CARTESIAN_POINT ( 'NONE',  ( -4.390609466195317445, 1.079949199897997758, 25.98162905815100032 ) ) ;
#9181 = CARTESIAN_POINT ( 'NONE',  ( -14.68284181377946673, 1.079949199898004197, 20.03142652189907125 ) ) ;
#9182 = EDGE_CURVE ( 'NONE', #1693, #3802, #7579, .T. ) ;
#9183 = CARTESIAN_POINT ( 'NONE',  ( 25.99333815598238573, 0.000000000000000000, -0.9039987028009192072 ) ) ;
#9184 = EDGE_LOOP ( 'NONE', ( #4156, #7761, #9373, #7282 ) ) ;
#9185 = CARTESIAN_POINT ( 'NONE',  ( 0.5285737302952044914, -0.3200508001019929383, -7.340571463499384386 ) ) ;
#9186 = CARTESIAN_POINT ( 'NONE',  ( -5.510243224440257492, -0.5200508001019926718, 2.706025421298513756 ) ) ;
#9187 = ORIENTED_EDGE ( 'NONE', *, *, #8804, .F. ) ;
#9188 = CARTESIAN_POINT ( 'NONE',  ( 14.00000000000000355, 80.31423269831148559, 25.49999999999999645 ) ) ;
#9189 = CARTESIAN_POINT ( 'NONE',  ( -1.809435381566521617, 0.6799491998980070617, -8.818519750669862489 ) ) ;
#9190 = CARTESIAN_POINT ( 'NONE',  ( 9.297978119328096369, 2.079949199897998646, -23.46122212252468131 ) ) ;
#9191 = ORIENTED_EDGE ( 'NONE', *, *, #4450, .F. ) ;
#9192 = CARTESIAN_POINT ( 'NONE',  ( 15.79578453181117936, 1.079949199897995760, 18.46706608692790041 ) ) ;
#9193 = ORIENTED_EDGE ( 'NONE', *, *, #4444, .F. ) ;
#9194 = CARTESIAN_POINT ( 'NONE',  ( 1.829438355046065334, 3.379949199898008239, -6.414241855829594385 ) ) ;
#9195 = CARTESIAN_POINT ( 'NONE',  ( 15.94641339951317249, 1.079949199898049494, -18.28157366152338881 ) ) ;
#9196 = CARTESIAN_POINT ( 'NONE',  ( 6.393033620152013263, 3.379949199898008239, -7.354539416196422152 ) ) ;
#9197 = EDGE_LOOP ( 'NONE', ( #1641, #5474, #5704, #8561 ) ) ;
#9198 = DIRECTION ( 'NONE',  ( 0.000000000000000000, 0.000000000000000000, 1.000000000000000000 ) ) ;
#9199 = EDGE_CURVE ( 'NONE', #5222, #9288, #4106, .T. ) ;
#9200 = CARTESIAN_POINT ( 'NONE',  ( 14.88316527472233197, 0.9899745999489978354, 20.37839693420014342 ) ) ;
#9201 = CARTESIAN_POINT ( 'NONE',  ( -0.9673443613477062941, -0.3200508001019938820, 11.61386231939903446 ) ) ;
#9202 = ORIENTED_EDGE ( 'NONE', *, *, #4379, .T. ) ;
#9203 = CARTESIAN_POINT ( 'NONE',  ( -4.157332302906002752, 1.079949199897997758, 25.00120094879952504 ) ) ;
#9204 = CARTESIAN_POINT ( 'NONE',  ( 15.87902982125516438, 1.582291274037322060, -18.14121295866734584 ) ) ;
#9205 = DIRECTION ( 'NONE',  ( 0.000000000000000000, 1.000000000000000000, -0.000000000000000000 ) ) ;
#9206 = CARTESIAN_POINT ( 'NONE',  ( -15.18274888981337867, 2.079949199897971557, 17.74168809997709673 ) ) ;
#9207 = DIRECTION ( 'NONE',  ( 0.02821271897563567069, 0.000000000000000000, 0.9996019420189227178 ) ) ;
#9208 = DIRECTION ( 'NONE',  ( 0.000000000000000000, 0.000000000000000000, -1.000000000000000000 ) ) ;
#9209 = VERTEX_POINT ( 'NONE', #8197 ) ;
#9210 = CARTESIAN_POINT ( 'NONE',  ( -6.308044989594163710, -0.3200508001019928273, 3.692376152712129933 ) ) ;
#9211 = DIRECTION ( 'NONE',  ( 0.000000000000000000, 0.000000000000000000, -1.000000000000000000 ) ) ;
#9212 = DIRECTION ( 'NONE',  ( 0.000000000000000000, 0.000000000000000000, -1.000000000000000000 ) ) ;
#9213 = CARTESIAN_POINT ( 'NONE',  ( 9.814615914793284546, -0.3200508001019938820, -6.345058168119887654 ) ) ;
#9214 = ORIENTED_EDGE ( 'NONE', *, *, #6308, .T. ) ;
#9215 = CARTESIAN_POINT ( 'NONE',  ( -14.00000000000000355, 80.31423269831148559, 25.49999999999999645 ) ) ;
#9216 = EDGE_CURVE ( 'NONE', #649, #8899, #4438, .T. ) ;
#9217 = AXIS2_PLACEMENT_3D ( 'NONE', #9479, #2053, #2736 ) ;
#9218 = CARTESIAN_POINT ( 'NONE',  ( 20.87844544752079656, 1.079949199897997758, -14.37751771673045909 ) ) ;
#9219 = CARTESIAN_POINT ( 'NONE',  ( 15.38105858353164201, 2.031972353565320244, -17.88206909391170640 ) ) ;
#9220 = CARTESIAN_POINT ( 'NONE',  ( -0.3767042919812826907, 3.379949199898008239, 10.48876276879989433 ) ) ;
#9221 = DIRECTION ( 'NONE',  ( -0.000000000000000000, 1.000000000000000000, 0.000000000000000000 ) ) ;
#9222 = EDGE_CURVE ( 'NONE', #9361, #4470, #8982, .T. ) ;
#9223 = VECTOR ( 'NONE', #3700, 1000.000000000000114 ) ;
#9224 = CARTESIAN_POINT ( 'NONE',  ( 20.87844544752079656, 1.079949199897997758, -14.37751771673045909 ) ) ;
#9225 = CYLINDRICAL_SURFACE ( 'NONE', #986, 14.00000000000000178 ) ;
#9226 = CARTESIAN_POINT ( 'NONE',  ( -26.13187767976181775, 2.079949200343294002, -1.829112838270339436 ) ) ;
#9227 = CARTESIAN_POINT ( 'NONE',  ( 25.69163044785978300, 1.079949199897997980, -4.622800070196348976 ) ) ;
#9228 = ORIENTED_EDGE ( 'NONE', *, *, #3113, .T. ) ;
#9229 = LINE ( 'NONE', #1066, #13 ) ;
#9230 = CARTESIAN_POINT ( 'NONE',  ( -5.308744901838668540, -0.5200508001019926718, 3.023715954333359157 ) ) ;
#9231 = AXIS2_PLACEMENT_3D ( 'NONE', #873, #127, #1705 ) ;
#9232 = VERTEX_POINT ( 'NONE', #724 ) ;
#9233 = FACE_OUTER_BOUND ( 'NONE', #2940, .T. ) ;
#9234 = CARTESIAN_POINT ( 'NONE',  ( -1.773136720140777056, 0.6799491998980069507, -7.683140723056141042 ) ) ;
#9235 = B_SPLINE_SURFACE_WITH_KNOTS ( 'NONE', 3, 1, ( 
 ( #337, #9238 ),
 ( #7767, #6300 ),
 ( #6156, #1816 ),
 ( #3968, #4787 ) ),
 .UNSPECIFIED., .F., .F., .F.,
 ( 4, 4 ),
 ( 2, 2 ),
 ( 0.000000000000000000, 0.08115521167826111881 ),
 ( 0.000000000000000000, 1.000000000000000000 ),
 .UNSPECIFIED. ) ;
#9236 = EDGE_CURVE ( 'NONE', #8242, #4783, #9150, .T. ) ;
#9237 = CIRCLE ( 'NONE', #129, 27.75000000000000355 ) ;
#9238 = CARTESIAN_POINT ( 'NONE',  ( -26.96198792828134927, 0.000000000000000000, 5.617818037016008681 ) ) ;
#9239 = ORIENTED_EDGE ( 'NONE', *, *, #2153, .T. ) ;
#9240 = CARTESIAN_POINT ( 'NONE',  ( 15.66678301052884592, 1.079949199899259416, 18.60491985072252419 ) ) ;
#9241 = ORIENTED_EDGE ( 'NONE', *, *, #9601, .F. ) ;
#9242 = CARTESIAN_POINT ( 'NONE',  ( 6.078338133407033439, 3.379949199898008239, -7.430966110590246920 ) ) ;
#9243 = CARTESIAN_POINT ( 'NONE',  ( 15.08554135786880934, 2.079949199898035950, -17.75955108273725713 ) ) ;
#9244 = CARTESIAN_POINT ( 'NONE',  ( 5.130597256004566731, 3.379949199898008239, -7.523709311588551607 ) ) ;
#9245 = ORIENTED_EDGE ( 'NONE', *, *, #1208, .F. ) ;
#9246 = LINE ( 'NONE', #1782, #9120 ) ;
#9247 = AXIS2_PLACEMENT_3D ( 'NONE', #6172, #6998, #9161 ) ;
#9248 = DIRECTION ( 'NONE',  ( 0.000000000000000000, 0.000000000000000000, -1.000000000000000000 ) ) ;
#9249 = CARTESIAN_POINT ( 'NONE',  ( 4.980955797485270509, -0.3200508001019938820, 8.818626125687252681 ) ) ;
#9250 = CIRCLE ( 'NONE', #9096, 5.324999999999958433 ) ;
#9251 = DIRECTION ( 'NONE',  ( 0.000000000000000000, 0.000000000000000000, -1.000000000000000000 ) ) ;
#9252 = PRODUCT_RELATED_PRODUCT_CATEGORY ( 'part', '', ( #8917 ) ) ;
#9253 = EDGE_CURVE ( 'NONE', #6591, #2641, #2192, .T. ) ;
#9254 = CARTESIAN_POINT ( 'NONE',  ( -15.12853249051594950, 2.079949199897976886, 17.70594342225097151 ) ) ;
#9255 = DIRECTION ( 'NONE',  ( 0.000000000000000000, -0.000000000000000000, -1.000000000000000000 ) ) ;
#9256 = CARTESIAN_POINT ( 'NONE',  ( -6.734588226027788949, 0.6799491998980069507, 5.873628506796597648 ) ) ;
#9257 = ORIENTED_EDGE ( 'NONE', *, *, #6425, .T. ) ;
#9258 = CARTESIAN_POINT ( 'NONE',  ( 8.016659979266337999, 80.31423269831148559, -23.15900294825323158 ) ) ;
#9259 = CIRCLE ( 'NONE', #9286, 3.924999999999959854 ) ;
#9260 = VECTOR ( 'NONE', #8618, 1000.000000000000000 ) ;
#9261 = ORIENTED_EDGE ( 'NONE', *, *, #2928, .T. ) ;
#9262 = DIRECTION ( 'NONE',  ( -0.000000000000000000, -1.000000000000000000, -0.000000000000000000 ) ) ;
#9263 = CARTESIAN_POINT ( 'NONE',  ( -17.10079925302489556, 80.31423269831148559, -18.62582460135802975 ) ) ;
#9264 = CARTESIAN_POINT ( 'NONE',  ( 9.609217532882048829, -0.3200508001019938820, -6.612571596068535840 ) ) ;
#9265 = ORIENTED_EDGE ( 'NONE', *, *, #2436, .T. ) ;
#9266 = DIRECTION ( 'NONE',  ( 0.000000000000000000, -1.000000000000000000, -0.000000000000000000 ) ) ;
#9267 = AXIS2_PLACEMENT_3D ( 'NONE', #2880, #5835, #9666 ) ;
#9268 = ADVANCED_FACE ( 'NONE', ( #3564 ), #7500, .T. ) ;
#9269 = VECTOR ( 'NONE', #9374, 1000.000000000000000 ) ;
#9270 = B_SPLINE_CURVE_WITH_KNOTS ( 'NONE', 3,
 ( #478, #9372, #535, #7954 ),
 .UNSPECIFIED., .F., .F.,
 ( 4, 4 ),
 ( 0.000000000000000000, 0.0001424423860848161112 ),
 .UNSPECIFIED. ) ;
#9271 = CARTESIAN_POINT ( 'NONE',  ( 15.80497925859267205, 1.691460593033347060, 18.12454520036765970 ) ) ;
#9272 = CARTESIAN_POINT ( 'NONE',  ( 15.81591152871803629, 1.691070116209859142, -18.10461103307789088 ) ) ;
#9273 = CARTESIAN_POINT ( 'NONE',  ( -2.930664836443541699, 3.379949199898008239, 9.432668622035484063 ) ) ;
#9274 = CARTESIAN_POINT ( 'NONE',  ( 2.456602207989555975, 0.6799491998980069507, -9.146487002079094708 ) ) ;
#9275 = CIRCLE ( 'NONE', #3626, 3.925000000000001599 ) ;
#9276 = AXIS2_PLACEMENT_3D ( 'NONE', #159, #3199, #6220 ) ;
#9277 = DIRECTION ( 'NONE',  ( -0.000000000000000000, -1.000000000000000000, -0.000000000000000000 ) ) ;
#9278 = ORIENTED_EDGE ( 'NONE', *, *, #6804, .T. ) ;
#9279 = CARTESIAN_POINT ( 'NONE',  ( 14.88316527472231954, 0.000000000000000000, -20.87839693420014697 ) ) ;
#9280 = CARTESIAN_POINT ( 'NONE',  ( -0.1683538066572782266, 3.379949199898003798, 23.79840227850268874 ) ) ;
#9281 = CARTESIAN_POINT ( 'NONE',  ( 10.68223522187143892, 22.26046457370629739, -22.90217264361940153 ) ) ;
#9282 = VERTEX_POINT ( 'NONE', #6583 ) ;
#9283 = ADVANCED_FACE ( 'NONE', ( #9574 ), #4654, .T. ) ;
#9284 = CIRCLE ( 'NONE', #4867, 1.500000000000001332 ) ;
#9285 = DIRECTION ( 'NONE',  ( 0.000000000000000000, 0.000000000000000000, -1.000000000000000000 ) ) ;
#9286 = AXIS2_PLACEMENT_3D ( 'NONE', #2749, #9540, #2852 ) ;
#9287 = FACE_OUTER_BOUND ( 'NONE', #4008, .T. ) ;
#9288 = VERTEX_POINT ( 'NONE', #7751 ) ;
#9289 = CYLINDRICAL_SURFACE ( 'NONE', #5811, 3.924999999999956302 ) ;
#9290 = CARTESIAN_POINT ( 'NONE',  ( -3.413641647604150897, 0.6799491998980478069, -8.447421780580533834 ) ) ;
#9291 = AXIS2_PLACEMENT_3D ( 'NONE', #4083, #3988, #1797 ) ;
#9292 = DIRECTION ( 'NONE',  ( 0.000000000000000000, 0.000000000000000000, -1.000000000000000000 ) ) ;
#9293 = VERTEX_POINT ( 'NONE', #3164 ) ;
#9294 = CARTESIAN_POINT ( 'NONE',  ( 15.95278455192482348, 1.079949199897995760, 18.27259528930764176 ) ) ;
#9295 = ORIENTED_EDGE ( 'NONE', *, *, #8212, .F. ) ;
#9296 = CARTESIAN_POINT ( 'NONE',  ( 2.920897971626200906, 3.379949199898008239, -6.917992696493579174 ) ) ;
#9297 = EDGE_CURVE ( 'NONE', #184, #6650, #6183, .T. ) ;
#9298 = EDGE_LOOP ( 'NONE', ( #848, #9337, #9265, #3306 ) ) ;
#9299 = CIRCLE ( 'NONE', #3318, 2.000000000000005329 ) ;
#9300 = CARTESIAN_POINT ( 'NONE',  ( 14.95490891807992462, 2.079949199897931589, -17.90222329369846221 ) ) ;
#9301 = FACE_OUTER_BOUND ( 'NONE', #6132, .T. ) ;
#9302 = ORIENTED_EDGE ( 'NONE', *, *, #869, .F. ) ;
#9303 = CARTESIAN_POINT ( 'NONE',  ( -7.297185795160678445, 0.6799491998980472518, 2.496873270355180807 ) ) ;
#9304 = ADVANCED_FACE ( 'NONE', ( #6967 ), #221, .T. ) ;
#9305 = DIRECTION ( 'NONE',  ( 0.000000000000000000, -0.000000000000000000, -1.000000000000000000 ) ) ;
#9306 = CIRCLE ( 'NONE', #6178, 1.399999999999998579 ) ;
#9307 = CARTESIAN_POINT ( 'NONE',  ( 2.225073518702075148, 0.6799491998980070617, 12.32708933993849065 ) ) ;
#9308 = CARTESIAN_POINT ( 'NONE',  ( 15.23782850912894560, 2.073592753444021497, -17.77730759222209045 ) ) ;
#9309 = CARTESIAN_POINT ( 'NONE',  ( 24.52050852697333028, 1.079949199898004197, 5.755812973725450199 ) ) ;
#9310 = DIRECTION ( 'NONE',  ( -0.000000000000000000, -1.000000000000000000, -0.000000000000000000 ) ) ;
#9311 = PLANE ( 'NONE',  #3782 ) ;
#9312 = CARTESIAN_POINT ( 'NONE',  ( -5.341969510799469134, 0.6799491998980070617, 10.07671324954059244 ) ) ;
#9313 = ORIENTED_EDGE ( 'NONE', *, *, #9418, .F. ) ;
#9314 = CIRCLE ( 'NONE', #5067, 1.000000000000000888 ) ;
#9315 = VERTEX_POINT ( 'NONE', #7841 ) ;
#9316 = CARTESIAN_POINT ( 'NONE',  ( 10.47712141880309922, -0.3200508001019938820, -5.129011029259026522 ) ) ;
#9317 = DIRECTION ( 'NONE',  ( 0.000000000000000000, 0.000000000000000000, -1.000000000000000000 ) ) ;
#9318 = CARTESIAN_POINT ( 'NONE',  ( 11.22776105012994030, 0.6799491998980070617, -5.928895311158921544 ) ) ;
#9319 = ORIENTED_EDGE ( 'NONE', *, *, #7260, .T. ) ;
#9320 = CARTESIAN_POINT ( 'NONE',  ( -10.24922251997924860, 2.079949199898003975, -23.15217264361944771 ) ) ;
#9321 = CARTESIAN_POINT ( 'NONE',  ( 15.75802669868006944, 1.741350022622593308, 18.12015398515835329 ) ) ;
#9322 = CARTESIAN_POINT ( 'NONE',  ( 15.12853249046231952, 2.079949199898003975, -17.70594342235054341 ) ) ;
#9323 = CARTESIAN_POINT ( 'NONE',  ( -4.077869669792796969, -0.5200508001019926718, 7.963353714786881810 ) ) ;
#9324 = CARTESIAN_POINT ( 'NONE',  ( -8.605524455776011550, 0.6799491998980041751, 2.802741569885689898 ) ) ;
#9325 = EDGE_CURVE ( 'NONE', #2011, #8744, #684, .T. ) ;
#9326 = CARTESIAN_POINT ( 'NONE',  ( -17.23131124203197828, 3.379949199898008239, -18.86320297791350242 ) ) ;
#9327 = CARTESIAN_POINT ( 'NONE',  ( -5.857560004648393992, -0.3200508001019939375, 4.809575578078193914 ) ) ;
#9328 = CARTESIAN_POINT ( 'NONE',  ( -10.38194831526419115, 2.079949199897951573, -23.97755007391649684 ) ) ;
#9329 = CARTESIAN_POINT ( 'NONE',  ( -21.70205276300503172, 0.000000000000000000, -14.94467817892864225 ) ) ;
#9330 = DIRECTION ( 'NONE',  ( 0.000000000000000000, 1.000000000000000000, 0.000000000000000000 ) ) ;
#9331 = ORIENTED_EDGE ( 'NONE', *, *, #5461, .T. ) ;
#9332 = CARTESIAN_POINT ( 'NONE',  ( -20.69999999999989271, 0.000000000000000000, 20.70000000000010942 ) ) ;
#9333 = CARTESIAN_POINT ( 'NONE',  ( 14.88316527472231954, 1.079949199898004197, -20.87839693420014697 ) ) ;
#9334 = ORIENTED_EDGE ( 'NONE', *, *, #4453, .T. ) ;
#9335 = CARTESIAN_POINT ( 'NONE',  ( -5.723888029342681705, 0.6799491998980070617, -9.700675205783507948 ) ) ;
#9336 = CARTESIAN_POINT ( 'NONE',  ( 14.45015257283010612, 1.079949199898004641, 20.62839693420014697 ) ) ;
#9337 = ORIENTED_EDGE ( 'NONE', *, *, #1062, .F. ) ;
#9338 = CARTESIAN_POINT ( 'NONE',  ( 14.95534544079906603, 2.079949199897994205, 17.90177973008547596 ) ) ;
#9339 = VERTEX_POINT ( 'NONE', #1251 ) ;
#9340 = CARTESIAN_POINT ( 'NONE',  ( -2.851360912295938466, -0.5200508001019926718, -6.877789085325257012 ) ) ;
#9341 = CARTESIAN_POINT ( 'NONE',  ( 15.13375763984823763, 2.079949199898056822, -17.69881581307571139 ) ) ;
#9342 = CYLINDRICAL_SURFACE ( 'NONE', #6406, 1.399999999999998579 ) ;
#9343 = ORIENTED_EDGE ( 'NONE', *, *, #6049, .F. ) ;
#9344 = CARTESIAN_POINT ( 'NONE',  ( -6.366595815151321780, -0.3200508001019938820, 3.578626887417655222 ) ) ;
#9345 = EDGE_CURVE ( 'NONE', #5591, #6966, #7744, .T. ) ;
#9346 = DIRECTION ( 'NONE',  ( 0.000000000000000000, 0.000000000000000000, -1.000000000000000000 ) ) ;
#9347 = CARTESIAN_POINT ( 'NONE',  ( 4.396391049661123596, 0.6799491998978336449, 9.655213232716223004 ) ) ;
#9348 = ORIENTED_EDGE ( 'NONE', *, *, #8659, .T. ) ;
#9349 = CARTESIAN_POINT ( 'NONE',  ( 15.74678697054086207, 1.740360631684733095, -18.13734697421897479 ) ) ;
#9350 = EDGE_CURVE ( 'NONE', #9560, #2903, #1839, .T. ) ;
#9351 = CYLINDRICAL_SURFACE ( 'NONE', #4075, 2.000000000000000000 ) ;
#9352 = DIRECTION ( 'NONE',  ( 0.000000000000000000, 0.000000000000000000, 1.000000000000000000 ) ) ;
#9353 = CARTESIAN_POINT ( 'NONE',  ( -4.532543826185495561, -0.5200508001019926718, 5.917358236942991567 ) ) ;
#9354 = CARTESIAN_POINT ( 'NONE',  ( 9.143981694456426723, 0.6799491998980070617, 2.462283357562919939 ) ) ;
#9355 = ORIENTED_EDGE ( 'NONE', *, *, #3028, .F. ) ;
#9356 = DIRECTION ( 'NONE',  ( -0.9860200781081970289, 8.552360886393875839E-16, 0.1666265452066536257 ) ) ;
#9357 = EDGE_CURVE ( 'NONE', #1362, #9429, #7793, .T. ) ;
#9358 = CARTESIAN_POINT ( 'NONE',  ( -17.15139482656860892, 1.866045145519587667, -19.00168520900315983 ) ) ;
#9359 = DIRECTION ( 'NONE',  ( 1.000000000000000000, 0.000000000000000000, 0.000000000000000000 ) ) ;
#9360 = CARTESIAN_POINT ( 'NONE',  ( 11.47360388739497061, 0.6799491998980070617, -0.6043411015868414005 ) ) ;
#9361 = VERTEX_POINT ( 'NONE', #9462 ) ;
#9362 = CARTESIAN_POINT ( 'NONE',  ( -25.57810035237141477, 0.000000000000000000, -5.406252686692033294 ) ) ;
#9363 = CARTESIAN_POINT ( 'NONE',  ( -21.00285463593954560, 0.000000000000000000, 16.78670163806940607 ) ) ;
#9364 = CARTESIAN_POINT ( 'NONE',  ( 15.45357217093554603, 1.998052239402791086, -17.93296249432283673 ) ) ;
#9365 = CARTESIAN_POINT ( 'NONE',  ( 6.053094336723154889, 3.379949199898008239, 2.018804821670687755 ) ) ;
#9366 = CARTESIAN_POINT ( 'NONE',  ( -20.87844544752078946, 1.079949199897997758, 14.37751771673047152 ) ) ;
#9367 = CARTESIAN_POINT ( 'NONE',  ( -15.95528597530395132, 1.079949199898049494, 18.26902398255771232 ) ) ;
#9368 = AXIS2_PLACEMENT_3D ( 'NONE', #4193, #4146, #536 ) ;
#9369 = CARTESIAN_POINT ( 'NONE',  ( 0.000000000000000000, 0.000000000000000000, 0.000000000000000000 ) ) ;
#9370 = CARTESIAN_POINT ( 'NONE',  ( 15.12853249046251491, 2.079949199898003975, 17.70594342235027696 ) ) ;
#9371 = DIRECTION ( 'NONE',  ( -0.000000000000000000, 1.000000000000000000, -0.000000000000000000 ) ) ;
#9372 = CARTESIAN_POINT ( 'NONE',  ( 10.37999209552852520, 2.079949199898026180, -23.98229242667587258 ) ) ;
#9373 = ORIENTED_EDGE ( 'NONE', *, *, #2072, .T. ) ;
#9374 = DIRECTION ( 'NONE',  ( 0.000000000000000000, 1.000000000000000000, 0.000000000000000000 ) ) ;
#9375 = EDGE_CURVE ( 'NONE', #3277, #4500, #2618, .T. ) ;
#9376 = CARTESIAN_POINT ( 'NONE',  ( -6.318594350640745816, -0.5200508001019926718, 1.757993006381758372 ) ) ;
#9377 = ORIENTED_EDGE ( 'NONE', *, *, #4696, .F. ) ;
#9378 = CARTESIAN_POINT ( 'NONE',  ( 2.232777403258118909, 0.6799491998980070617, -7.910406657798215946 ) ) ;
#9379 = CYLINDRICAL_SURFACE ( 'NONE', #2862, 2.499999999999998668 ) ;
#9380 = VERTEX_POINT ( 'NONE', #5621 ) ;
#9381 = FACE_OUTER_BOUND ( 'NONE', #6660, .T. ) ;
#9382 = VERTEX_POINT ( 'NONE', #518 ) ;
#9383 = CARTESIAN_POINT ( 'NONE',  ( -8.282649775082900234, -0.5200508001019926718, -6.284596742491777022 ) ) ;
#9384 = CARTESIAN_POINT ( 'NONE',  ( 26.96198792745413542, 0.000000000000000000, 5.617818042358747377 ) ) ;
#9385 = CARTESIAN_POINT ( 'NONE',  ( 22.43637778381093284, 0.000000000000000000, -16.33007813643631323 ) ) ;
#9386 = VERTEX_POINT ( 'NONE', #367 ) ;
#9387 = CARTESIAN_POINT ( 'NONE',  ( -8.467403313055505976, 0.6799491998980070617, 1.701328867556764379 ) ) ;
#9388 = CIRCLE ( 'NONE', #5147, 2.499999999999998668 ) ;
#9389 = EDGE_CURVE ( 'NONE', #3279, #5522, #6842, .T. ) ;
#9390 = AXIS2_PLACEMENT_3D ( 'NONE', #424, #1173, #6646 ) ;
#9391 = CARTESIAN_POINT ( 'NONE',  ( 0.000000000000000000, 80.31423269831148559, 0.000000000000000000 ) ) ;
#9392 = CARTESIAN_POINT ( 'NONE',  ( -5.690302545588568073, 0.6799491998980941032, 6.662308318727556689 ) ) ;
#9393 = ORIENTED_EDGE ( 'NONE', *, *, #8659, .F. ) ;
#9394 = DIRECTION ( 'NONE',  ( 0.000000000000000000, 0.000000000000000000, -1.000000000000000000 ) ) ;
#9395 = CARTESIAN_POINT ( 'NONE',  ( -9.420287352727472197, -0.3200508001019928828, 0.8582115337888531759 ) ) ;
#9396 = LINE ( 'NONE', #4802, #6598 ) ;
#9397 = EDGE_CURVE ( 'NONE', #1799, #6369, #5417, .T. ) ;
#9398 = CARTESIAN_POINT ( 'NONE',  ( 4.536035844304010745, -0.5200508001019926718, 5.742370345040561652 ) ) ;
#9399 = CARTESIAN_POINT ( 'NONE',  ( 10.96921305168405247, 0.6799491998980072838, 0.4478110738998087315 ) ) ;
#9400 = VERTEX_POINT ( 'NONE', #1049 ) ;
#9401 = DIRECTION ( 'NONE',  ( 0.000000000000000000, 0.000000000000000000, -1.000000000000000000 ) ) ;
#9402 = AXIS2_PLACEMENT_3D ( 'NONE', #3618, #6580, #8786 ) ;
#9403 = LINE ( 'NONE', #9509, #912 ) ;
#9404 = CARTESIAN_POINT ( 'NONE',  ( 13.99999999999999645, 2.079949199898003975, -25.49999999999999645 ) ) ;
#9405 = CARTESIAN_POINT ( 'NONE',  ( 8.895307632783715945, 0.6799491998980070617, 2.620569146306321873 ) ) ;
#9406 = VERTEX_POINT ( 'NONE', #7258 ) ;
#9407 = DIRECTION ( 'NONE',  ( 0.000000000000000000, 0.000000000000000000, 1.000000000000000000 ) ) ;
#9408 = AXIS2_PLACEMENT_3D ( 'NONE', #1147, #8568, #301 ) ;
#9409 = CARTESIAN_POINT ( 'NONE',  ( 15.15685912178876826, 0.000000000000000000, -20.79683650938152084 ) ) ;
#9410 = ORIENTED_EDGE ( 'NONE', *, *, #2798, .F. ) ;
#9411 = EDGE_CURVE ( 'NONE', #2983, #4160, #8996, .T. ) ;
#9412 = DIRECTION ( 'NONE',  ( 0.000000000000000000, 0.000000000000000000, -1.000000000000000000 ) ) ;
#9413 = CARTESIAN_POINT ( 'NONE',  ( 4.557721267903827922, 3.379949199898008239, 5.353579499273717346 ) ) ;
#9414 = AXIS2_PLACEMENT_3D ( 'NONE', #5904, #6003, #8211 ) ;
#9415 = B_SPLINE_CURVE_WITH_KNOTS ( 'NONE', 3,
 ( #6586, #7170, #422, #4934, #8103, #5637, #4887, #3409, #8792, #7122 ),
 .UNSPECIFIED., .F., .F.,
 ( 4, 2, 2, 2, 4 ),
 ( 0.000000000000000000, 0.0008342349911387480013, 0.001251352486708125471, 0.001459911234492810520, 0.001668469982277495569 ),
 .UNSPECIFIED. ) ;
#9416 = EDGE_LOOP ( 'NONE', ( #142, #7142, #4770, #681 ) ) ;
#9417 = CARTESIAN_POINT ( 'NONE',  ( -8.563997786411308155, 0.6799491998980069507, -8.800685894637082285 ) ) ;
#9418 = EDGE_CURVE ( 'NONE', #8878, #5961, #6020, .T. ) ;
#9419 = CARTESIAN_POINT ( 'NONE',  ( -15.13472913064772918, 2.079949199897994205, 17.69744916593788275 ) ) ;
#9420 = AXIS2_PLACEMENT_3D ( 'NONE', #1570, #9685, #3726 ) ;
#9422 = CARTESIAN_POINT ( 'NONE',  ( -14.24982911188724621, 22.26046457370629739, 20.28142652189907125 ) ) ;
#9421 = AXIS2_PLACEMENT_3D ( 'NONE', #186, #2442, #3035 ) ;
#9423 = DIRECTION ( 'NONE',  ( 0.000000000000000000, 0.000000000000000000, -1.000000000000000000 ) ) ;
#9424 = CARTESIAN_POINT ( 'NONE',  ( -22.43637778381093284, 80.31423269831148559, 16.33007813643631323 ) ) ;
#9425 = CARTESIAN_POINT ( 'NONE',  ( -3.485323624201534631, -0.5200508001019920057, 10.71957270515917315 ) ) ;
#9426 = CARTESIAN_POINT ( 'NONE',  ( -20.69999999999989271, 3.379949199898008239, 16.77500000000015490 ) ) ;
#9427 = CARTESIAN_POINT ( 'NONE',  ( 14.40813922126653956, 1.079949199898004197, 19.61364848793045823 ) ) ;
#9428 = DIRECTION ( 'NONE',  ( 0.000000000000000000, -1.000000000000000000, -0.000000000000000000 ) ) ;
#9429 = VERTEX_POINT ( 'NONE', #5679 ) ;
#9430 = CIRCLE ( 'NONE', #940, 0.9999999999999991118 ) ;
#9431 = VECTOR ( 'NONE', #7754, 1000.000000000000000 ) ;
#9432 = CARTESIAN_POINT ( 'NONE',  ( 1.581743191509267898, -0.3200508001019938820, -7.607944408989245844 ) ) ;
#9433 = DIRECTION ( 'NONE',  ( -0.000000000000000000, -1.000000000000000000, -0.000000000000000000 ) ) ;
#9434 = VECTOR ( 'NONE', #5360, 1000.000000000000000 ) ;
#9435 = EDGE_LOOP ( 'NONE', ( #6576, #5661, #1017, #6145 ) ) ;
#9436 = CYLINDRICAL_SURFACE ( 'NONE', #5958, 0.9999999999999987788 ) ;
#9437 = VERTEX_POINT ( 'NONE', #8677 ) ;
#9438 = CARTESIAN_POINT ( 'NONE',  ( -6.450280611925186314, 3.379949199898008239, -7.329518665590238236 ) ) ;
#9439 = CARTESIAN_POINT ( 'NONE',  ( -15.49785236162931668, 1.972900772475459474, 17.96398239097839422 ) ) ;
#9440 = CARTESIAN_POINT ( 'NONE',  ( 27.10561842221292750, 0.000000000000000000, -4.690271654529473366 ) ) ;
#9441 = ORIENTED_EDGE ( 'NONE', *, *, #8066, .F. ) ;
#9442 = CARTESIAN_POINT ( 'NONE',  ( -9.337555637403875508, 0.6799491998980070617, 2.304009906659430840 ) ) ;
#9443 = AXIS2_PLACEMENT_3D ( 'NONE', #828, #914, #3117 ) ;
#9444 = EDGE_CURVE ( 'NONE', #8413, #1940, #1778, .T. ) ;
#9445 = DIRECTION ( 'NONE',  ( -0.000000000000000000, 1.000000000000000000, 0.000000000000000000 ) ) ;
#9446 = CARTESIAN_POINT ( 'NONE',  ( -2.115987271958883031, -0.3200508001019938820, 11.29945545438930132 ) ) ;
#9447 = ORIENTED_EDGE ( 'NONE', *, *, #9607, .F. ) ;
#9448 = CARTESIAN_POINT ( 'NONE',  ( 8.294086170347863884, 3.379949199898008239, 0.3091523553675518121 ) ) ;
#9449 = CIRCLE ( 'NONE', #1914, 1.000000000000000888 ) ;
#9450 = CARTESIAN_POINT ( 'NONE',  ( -7.850413638306458886, -0.3200508001019930493, -8.052996435085676197 ) ) ;
#9451 = DIRECTION ( 'NONE',  ( -0.2196660291508069351, 0.000000000000000000, 0.9755751306983572180 ) ) ;
#9452 = DIRECTION ( 'NONE',  ( 0.000000000000000000, 0.000000000000000000, -1.000000000000000000 ) ) ;
#9453 = CARTESIAN_POINT ( 'NONE',  ( -5.308744901838668540, 3.379949199898008239, 3.023715954333359157 ) ) ;
#9454 = ORIENTED_EDGE ( 'NONE', *, *, #695, .T. ) ;
#9455 = CARTESIAN_POINT ( 'NONE',  ( 14.70516226053406683, 1.027162637006521211E-29, -19.41834621665550031 ) ) ;
#9456 = AXIS2_PLACEMENT_3D ( 'NONE', #6348, #7328, #4939 ) ;
#9457 = CARTESIAN_POINT ( 'NONE',  ( -9.799999999999997158, 22.26046457370629739, 0.000000000000000000 ) ) ;
#9458 = PLANE ( 'NONE',  #4875 ) ;
#9459 = EDGE_CURVE ( 'NONE', #5375, #3234, #1465, .T. ) ;
#9460 = CARTESIAN_POINT ( 'NONE',  ( 8.202581616939166764, -0.3200508001019938820, 1.876194858247273167 ) ) ;
#9461 = ORIENTED_EDGE ( 'NONE', *, *, #658, .F. ) ;
#9462 = CARTESIAN_POINT ( 'NONE',  ( -22.43637778381108916, 3.379949199898008239, -16.33007813643610362 ) ) ;
#9463 = FACE_OUTER_BOUND ( 'NONE', #5889, .T. ) ;
#9464 = EDGE_CURVE ( 'NONE', #9568, #628, #3396, .T. ) ;
#9465 = AXIS2_PLACEMENT_3D ( 'NONE', #4480, #8099, #1363 ) ;
#9466 = CARTESIAN_POINT ( 'NONE',  ( -27.10533863467400195, 0.000000000000000000, -4.692078949817560130 ) ) ;
#9467 = CARTESIAN_POINT ( 'NONE',  ( 5.025749273331452827, -0.5200508001019926718, 3.558171410393414558 ) ) ;
#9468 = CARTESIAN_POINT ( 'NONE',  ( 25.51309696382764969, 1.387778780781445676E-14, -5.876918927264312309 ) ) ;
#9469 = ORIENTED_EDGE ( 'NONE', *, *, #8358, .F. ) ;
#9470 = CARTESIAN_POINT ( 'NONE',  ( -11.77811496353293919, 0.6799491998980069507, -1.682667497782735389 ) ) ;
#9471 = FACE_OUTER_BOUND ( 'NONE', #6821, .T. ) ;
#9472 = CARTESIAN_POINT ( 'NONE',  ( -15.95528637567698560, 2.079949199898056378, 18.26902426296161153 ) ) ;
#9473 = AXIS2_PLACEMENT_3D ( 'NONE', #6676, #8087, #1451 ) ;
#9474 = ADVANCED_FACE ( 'NONE', ( #7054 ), #7941, .T. ) ;
#9475 = FACE_OUTER_BOUND ( 'NONE', #6957, .T. ) ;
#9476 = CARTESIAN_POINT ( 'NONE',  ( 15.48911577922983795, 1.989240940002150460, 17.91434409746175405 ) ) ;
#9477 = CARTESIAN_POINT ( 'NONE',  ( -25.12786665863833591, 2.079949199897994205, -1.778075395862683372 ) ) ;
#9478 = CARTESIAN_POINT ( 'NONE',  ( -5.734642451635168392, -0.5200508001019920057, 5.692048732825249147 ) ) ;
#9479 = CARTESIAN_POINT ( 'NONE',  ( 0.000000000000000000, 0.000000000000000000, 0.000000000000000000 ) ) ;
#9480 = EDGE_CURVE ( 'NONE', #931, #7377, #6185, .T. ) ;
#9481 = CARTESIAN_POINT ( 'NONE',  ( -4.223982920988664347, 1.079949199897997758, 24.99560898004280318 ) ) ;
#9482 = DIRECTION ( 'NONE',  ( 1.000000000000000000, 0.000000000000000000, 0.000000000000000000 ) ) ;
#9483 = ORIENTED_EDGE ( 'NONE', *, *, #401, .F. ) ;
#9484 = CARTESIAN_POINT ( 'NONE',  ( 2.533558066862543701, 0.6799491998980070617, -9.177404426915819258 ) ) ;
#9485 = EDGE_CURVE ( 'NONE', #8752, #951, #8529, .T. ) ;
#9486 = CARTESIAN_POINT ( 'NONE',  ( -25.55386756456660180, 0.000000000000000000, -5.562785044957377245 ) ) ;
#9487 = ORIENTED_EDGE ( 'NONE', *, *, #7442, .T. ) ;
#9488 = DIRECTION ( 'NONE',  ( 0.4999999999999946154, 0.000000000000000000, -0.8660254037844418162 ) ) ;
#9489 = ORIENTED_EDGE ( 'NONE', *, *, #2667, .F. ) ;
#9490 = CARTESIAN_POINT ( 'NONE',  ( -9.686731031075179743, 3.379949199898008239, -3.407052322335027306 ) ) ;
#9491 = B_SPLINE_CURVE_WITH_KNOTS ( 'NONE', 3,
 ( #4825, #476, #9328, #1060 ),
 .UNSPECIFIED., .F., .F.,
 ( 4, 4 ),
 ( 0.000000000000000000, 0.0001502803347314816051 ),
 .UNSPECIFIED. ) ;
#9492 = LINE ( 'NONE', #8071, #5965 ) ;
#9493 = VERTEX_POINT ( 'NONE', #3604 ) ;
#9494 = CARTESIAN_POINT ( 'NONE',  ( -10.28032982993170918, 0.6799491998980070617, 1.394946898090741350 ) ) ;
#9495 = EDGE_LOOP ( 'NONE', ( #4863, #4165, #9302, #9214, #2851, #4489, #9064, #7963, #6740, #2084, #9010, #6352, #2162, #2228, #3126, #5224, #4371, #8853, #7193, #1838, #656, #4847, #2501, #3505, #8430, #1133, #2238, #8295, #3575, #5821, #8969, #9193, #4058, #4663, #7317 ) ) ;
#9496 = B_SPLINE_CURVE_WITH_KNOTS ( 'NONE', 3,
 ( #7188, #8816, #445, #8714 ),
 .UNSPECIFIED., .F., .F.,
 ( 4, 4 ),
 ( 0.4210659232561759779, 1.000000000000000000 ),
 .UNSPECIFIED. ) ;
#9497 = CARTESIAN_POINT ( 'NONE',  ( 8.097978119328097080, 1.905450630074721152, -19.13577089400497400 ) ) ;
#9498 = CARTESIAN_POINT ( 'NONE',  ( -1.136851732216161759, 0.6799491998980287111, 11.58232871242686102 ) ) ;
#9499 = VERTEX_POINT ( 'NONE', #3506 ) ;
#9500 = ORIENTED_EDGE ( 'NONE', *, *, #2601, .T. ) ;
#9501 = DIRECTION ( 'NONE',  ( 0.000000000000000000, 1.000000000000000000, 0.000000000000000000 ) ) ;
#9502 = CARTESIAN_POINT ( 'NONE',  ( -2.589869784288805654, -0.3200508001019929383, -8.103663058948788134 ) ) ;
#9503 = CARTESIAN_POINT ( 'NONE',  ( 9.244757968653285474, -0.5200508001019926718, -4.975898252075435124 ) ) ;
#9504 = ADVANCED_FACE ( 'NONE', ( #9514 ), #3658, .F. ) ;
#9505 = CARTESIAN_POINT ( 'NONE',  ( 9.679470475704443189, -0.5200508001019926718, -2.490731261057278267 ) ) ;
#9506 = CARTESIAN_POINT ( 'NONE',  ( 1.052566633733515777, 0.6799491998980069507, 12.61363767516002810 ) ) ;
#9507 = ORIENTED_EDGE ( 'NONE', *, *, #5393, .F. ) ;
#9508 = CARTESIAN_POINT ( 'NONE',  ( 21.15717546953937855, 3.379949199898008239, -16.79266425619381664 ) ) ;
#9509 = CARTESIAN_POINT ( 'NONE',  ( 9.613510213487971967, 80.31423269831148559, 22.48100474448447983 ) ) ;
#9510 = B_SPLINE_CURVE_WITH_KNOTS ( 'NONE', 3,
 ( #2742, #5703, #4993, #5852, #6787, #5144, #3629, #3031, #6649, #9641 ),
 .UNSPECIFIED., .F., .F.,
 ( 4, 2, 2, 2, 4 ),
 ( 0.000000000000000000, 0.0003925994371382442085, 0.0007851988742764886339, 0.001177798311414732842, 0.001570397748552977268 ),
 .UNSPECIFIED. ) ;
#9511 = CARTESIAN_POINT ( 'NONE',  ( 0.000000000000000000, 0.000000000000000000, 0.000000000000000000 ) ) ;
#9512 = CARTESIAN_POINT ( 'NONE',  ( 7.644666235930141163, -0.3200508001019938820, 2.230121538932422709 ) ) ;
#9513 = ORIENTED_EDGE ( 'NONE', *, *, #9199, .T. ) ;
#9514 = FACE_OUTER_BOUND ( 'NONE', #7593, .T. ) ;
#9515 = DIRECTION ( 'NONE',  ( -0.000000000000000000, -1.000000000000000000, -0.000000000000000000 ) ) ;
#9516 = CARTESIAN_POINT ( 'NONE',  ( 20.70000000000011653, 0.000000000000000000, 20.69999999999988916 ) ) ;
#9517 = CARTESIAN_POINT ( 'NONE',  ( 4.441915958985392265, 3.379949199898008239, 6.907806582042169019 ) ) ;
#9518 = CARTESIAN_POINT ( 'NONE',  ( 0.000000000000000000, 80.31423269831148559, 0.000000000000000000 ) ) ;
#9519 = ORIENTED_EDGE ( 'NONE', *, *, #3182, .T. ) ;
#9520 = DIRECTION ( 'NONE',  ( 0.000000000000000000, -1.000000000000000000, -0.000000000000000000 ) ) ;
#9521 = EDGE_CURVE ( 'NONE', #5836, #5342, #2026, .T. ) ;
#9522 = CARTESIAN_POINT ( 'NONE',  ( -15.29756087549952603, 1.079949199897995760, 18.94821873745786434 ) ) ;
#9523 = DIRECTION ( 'NONE',  ( 0.000000000000000000, 1.000000000000000000, -0.000000000000000000 ) ) ;
#9524 = ORIENTED_EDGE ( 'NONE', *, *, #3114, .F. ) ;
#9525 = DIRECTION ( 'NONE',  ( 1.514363868329237481E-16, -0.7071067811865574537, -0.7071067811865376918 ) ) ;
#9526 = LINE ( 'NONE', #6384, #4034 ) ;
#9527 = CARTESIAN_POINT ( 'NONE',  ( 8.423076504660944153, -0.5200508001019920057, 1.740938572024818498 ) ) ;
#9528 = CARTESIAN_POINT ( 'NONE',  ( 10.68223522187144425, 2.079949199898003975, -22.90217264361940863 ) ) ;
#9529 = CARTESIAN_POINT ( 'NONE',  ( -2.846030702774449139E-15, 1.079949199898004641, 25.19835094939760722 ) ) ;
#9530 = CARTESIAN_POINT ( 'NONE',  ( -20.70000000000011298, 3.379949199898008239, -20.69999999999989271 ) ) ;
#9531 = ORIENTED_EDGE ( 'NONE', *, *, #8357, .T. ) ;
#9532 = ADVANCED_FACE ( 'NONE', ( #8967 ), #6027, .F. ) ;
#9533 = CARTESIAN_POINT ( 'NONE',  ( 2.086584268678072451, -0.3200508001019938820, -7.831562697136867257 ) ) ;
#9534 = CARTESIAN_POINT ( 'NONE',  ( 0.000000000000000000, 2.079949199898003975, 0.000000000000000000 ) ) ;
#9535 = ORIENTED_EDGE ( 'NONE', *, *, #7291, .F. ) ;
#9536 = CARTESIAN_POINT ( 'NONE',  ( -24.95967590156795879, 2.079949199897972889, 1.758601650829165752 ) ) ;
#9537 = ORIENTED_EDGE ( 'NONE', *, *, #4502, .T. ) ;
#9538 = CARTESIAN_POINT ( 'NONE',  ( -9.645070551183874130, 3.379949199898008239, -3.729512064367662916 ) ) ;
#9539 = ADVANCED_FACE ( 'NONE', ( #9662 ), #4962, .F. ) ;
#9540 = DIRECTION ( 'NONE',  ( -0.000000000000000000, 1.000000000000000000, -0.000000000000000000 ) ) ;
#9541 = ORIENTED_EDGE ( 'NONE', *, *, #6677, .T. ) ;
#9542 = CARTESIAN_POINT ( 'NONE',  ( -11.13756432032425359, 0.6799491998980070617, 0.1453791350002574534 ) ) ;
#9543 = EDGE_CURVE ( 'NONE', #6389, #4576, #9640, .T. ) ;
#9544 = AXIS2_PLACEMENT_3D ( 'NONE', #520, #1307, #4286 ) ;
#9545 = CARTESIAN_POINT ( 'NONE',  ( 21.70205276300504238, 80.31423269831148559, 14.94467817892863337 ) ) ;
#9546 = CARTESIAN_POINT ( 'NONE',  ( -2.428794014775367494, -0.3200508001019938820, 11.16487267088109903 ) ) ;
#9547 = ORIENTED_EDGE ( 'NONE', *, *, #2200, .F. ) ;
#9548 = CARTESIAN_POINT ( 'NONE',  ( 15.12853249051594240, 2.079949199897997758, -17.70594342225096440 ) ) ;
#9549 = CARTESIAN_POINT ( 'NONE',  ( -9.457944992862143962, -0.3200508001019929383, -6.792928356180265581 ) ) ;
#9550 = CARTESIAN_POINT ( 'NONE',  ( 5.447457981494244983, -0.5200508001019926718, -7.514857651260600235 ) ) ;
#9551 = CARTESIAN_POINT ( 'NONE',  ( 6.751470245997284181, -0.5200508001019926718, 1.390533752467296047 ) ) ;
#9552 = CARTESIAN_POINT ( 'NONE',  ( 6.730780229880664933, 0.6799491998980070617, 5.960370481172082791 ) ) ;
#9553 = VERTEX_POINT ( 'NONE', #9703 ) ;
#9554 = CIRCLE ( 'NONE', #431, 0.5000000000000004441 ) ;
#9555 = CARTESIAN_POINT ( 'NONE',  ( 8.161437285285428445, 3.379949199898008239, 24.49162981681099183 ) ) ;
#9556 = CIRCLE ( 'NONE', #5645, 5.324999999999958433 ) ;
#9557 = DIRECTION ( 'NONE',  ( 0.000000000000000000, 0.000000000000000000, -1.000000000000000000 ) ) ;
#9558 = EDGE_CURVE ( 'NONE', #437, #162, #7286, .T. ) ;
#9559 = CARTESIAN_POINT ( 'NONE',  ( 6.985903510830230090, 0.6799491998979431129, 2.783103776333075707 ) ) ;
#9560 = VERTEX_POINT ( 'NONE', #8829 ) ;
#9561 = VECTOR ( 'NONE', #3180, 1000.000000000000000 ) ;
#9562 = CARTESIAN_POINT ( 'NONE',  ( -0.4262102888196516726, 2.148378273552536744, 22.42885787640040363 ) ) ;
#9563 = CARTESIAN_POINT ( 'NONE',  ( -25.95868738062939585, 1.079949199898015522, 1.809885836837203943 ) ) ;
#9564 = DIRECTION ( 'NONE',  ( 0.000000000000000000, 0.000000000000000000, -1.000000000000000000 ) ) ;
#9565 = CARTESIAN_POINT ( 'NONE',  ( 4.532895967600847342, -0.5200508001019926718, 5.820372001750326874 ) ) ;
#9566 = CARTESIAN_POINT ( 'NONE',  ( 25.53222205937285594, 1.387778780781445676E-14, -5.718398992511076528 ) ) ;
#9567 = AXIS2_PLACEMENT_3D ( 'NONE', #430, #8597, #2789 ) ;
#9568 = VERTEX_POINT ( 'NONE', #5124 ) ;
#9569 = CARTESIAN_POINT ( 'NONE',  ( 11.61388933753185704, 0.9899745999490117132, -4.200008863748412757 ) ) ;
#9570 = CARTESIAN_POINT ( 'NONE',  ( -14.67309394950928514, 1.079949199900493095, 19.43943217010389546 ) ) ;
#9571 = ADVANCED_FACE ( 'NONE', ( #2229 ), #2092, .T. ) ;
#9572 = DIRECTION ( 'NONE',  ( 0.000000000000000000, 1.000000000000000000, -0.000000000000000000 ) ) ;
#9573 = EDGE_LOOP ( 'NONE', ( #328, #482, #7207, #4177 ) ) ;
#9574 = FACE_OUTER_BOUND ( 'NONE', #8836, .T. ) ;
#9575 = CARTESIAN_POINT ( 'NONE',  ( -21.15717546953937500, 0.000000000000000000, 14.79266425619381842 ) ) ;
#9576 = DIRECTION ( 'NONE',  ( 1.734723475976808672E-14, 0.000000000000000000, -1.000000000000000000 ) ) ;
#9577 = AXIS2_PLACEMENT_3D ( 'NONE', #2366, #6170, #9015 ) ;
#9578 = DIRECTION ( 'NONE',  ( 0.000000000000000000, -1.000000000000000000, 0.000000000000000000 ) ) ;
#9579 = CARTESIAN_POINT ( 'NONE',  ( 25.53197870769903943, 2.079949199905823498, -5.720416039573321676 ) ) ;
#9580 = CARTESIAN_POINT ( 'NONE',  ( -17.10079925302489556, 1.079949199897997758, -18.62582460135802975 ) ) ;
#9581 = ORIENTED_EDGE ( 'NONE', *, *, #3648, .T. ) ;
#9582 = AXIS2_PLACEMENT_3D ( 'NONE', #7356, #8234, #621 ) ;
#9583 = CARTESIAN_POINT ( 'NONE',  ( 1.138308052622949207, 0.6799491998980070617, -8.510725114251600942 ) ) ;
#9584 = VECTOR ( 'NONE', #8807, 1000.000000000000000 ) ;
#9585 = AXIS2_PLACEMENT_3D ( 'NONE', #5571, #1886, #2613 ) ;
#9586 = DIRECTION ( 'NONE',  ( 0.1197749906333803738, -8.611176558844099137E-16, -0.9928010634657750133 ) ) ;
#9587 = EDGE_CURVE ( 'NONE', #1445, #5494, #8064, .T. ) ;
#9588 = VERTEX_POINT ( 'NONE', #5310 ) ;
#9589 = CARTESIAN_POINT ( 'NONE',  ( -25.55756929374808095, 2.168404344971008868E-16, -5.542385031088387315 ) ) ;
#9590 = ORIENTED_EDGE ( 'NONE', *, *, #8167, .T. ) ;
#9591 = CARTESIAN_POINT ( 'NONE',  ( -7.063103060896724017, -0.5200508001019926718, -7.098525712928863918 ) ) ;
#9592 = AXIS2_PLACEMENT_3D ( 'NONE', #5019, #8037, #2869 ) ;
#9593 = CIRCLE ( 'NONE', #7544, 0.9999999999999992228 ) ;
#9594 = EDGE_LOOP ( 'NONE', ( #9239, #8210, #5254, #1027 ) ) ;
#9595 = CARTESIAN_POINT ( 'NONE',  ( -15.62151430322030521, 1.881717697323224803, 18.05031906543526432 ) ) ;
#9596 = EDGE_LOOP ( 'NONE', ( #9191, #8076, #8547 ) ) ;
#9597 = CARTESIAN_POINT ( 'NONE',  ( -8.114519568405608396, 0.6799491998979865226, 1.929446255712405023 ) ) ;
#9598 = AXIS2_PLACEMENT_3D ( 'NONE', #1424, #9724, #79 ) ;
#9599 = VECTOR ( 'NONE', #3649, 1000.000000000000000 ) ;
#9600 = CARTESIAN_POINT ( 'NONE',  ( 5.558664946049504785, -0.3200508001019928828, 7.395860170759871011 ) ) ;
#9601 = EDGE_CURVE ( 'NONE', #4701, #5505, #992, .T. ) ;
#9602 = CARTESIAN_POINT ( 'NONE',  ( -6.149015302636336777, 0.6799491998980070617, 8.708334774777124920 ) ) ;
#9603 = ORIENTED_EDGE ( 'NONE', *, *, #2590, .T. ) ;
#9604 = DIRECTION ( 'NONE',  ( 0.000000000000000000, -1.000000000000000000, 0.000000000000000000 ) ) ;
#9605 = CARTESIAN_POINT ( 'NONE',  ( 8.324034138608768174, -0.3200508001019927717, -7.775650593081183892 ) ) ;
#9606 = CARTESIAN_POINT ( 'NONE',  ( -3.729114290800195963, -0.5200508001019926718, -7.290836768216249375 ) ) ;
#9607 = EDGE_CURVE ( 'NONE', #8598, #3449, #5382, .T. ) ;
#9608 = CIRCLE ( 'NONE', #9443, 26.35000000000000497 ) ;
#9609 = CARTESIAN_POINT ( 'NONE',  ( 0.2496742951962224732, -0.5200508001019926718, 10.49766660023530207 ) ) ;
#9610 = CARTESIAN_POINT ( 'NONE',  ( -8.422014941248306741, 3.379949199898008239, 0.1842721795463520273 ) ) ;
#9611 = ORIENTED_EDGE ( 'NONE', *, *, #4337, .F. ) ;
#9612 = B_SPLINE_CURVE_WITH_KNOTS ( 'NONE', 3,
 ( #4808, #9358, #2471, #3947 ),
 .UNSPECIFIED., .F., .F.,
 ( 4, 4 ),
 ( 0.0006729141841869627078, 0.0009742717330986593299 ),
 .UNSPECIFIED. ) ;
#9613 = FACE_OUTER_BOUND ( 'NONE', #1077, .T. ) ;
#9614 = CARTESIAN_POINT ( 'NONE',  ( 9.799999999999997158, 80.31423269831148559, -22.22652707358070501 ) ) ;
#9615 = VECTOR ( 'NONE', #2763, 1000.000000000000000 ) ;
#9616 = CARTESIAN_POINT ( 'NONE',  ( 8.126151922232780933, 0.6799491998980284890, 1.922688611523503122 ) ) ;
#9617 = ORIENTED_EDGE ( 'NONE', *, *, #365, .T. ) ;
#9618 = CARTESIAN_POINT ( 'NONE',  ( 0.4446386761540052079, 1.079949179153361527, 22.43242850335899163 ) ) ;
#9619 = VERTEX_POINT ( 'NONE', #6854 ) ;
#9620 = CARTESIAN_POINT ( 'NONE',  ( -10.45839989063951592, 1.079949199897997758, 22.51447847739669683 ) ) ;
#9621 = DIRECTION ( 'NONE',  ( 0.000000000000000000, -1.000000000000000000, -0.000000000000000000 ) ) ;
#9622 = CARTESIAN_POINT ( 'NONE',  ( -8.102021880671902210, 1.476314331075415209, -18.60931552155623336 ) ) ;
#9623 = DIRECTION ( 'NONE',  ( -0.000000000000000000, -1.000000000000000000, -0.000000000000000000 ) ) ;
#9624 = AXIS2_PLACEMENT_3D ( 'NONE', #3181, #6203, #8554 ) ;
#9625 = ORIENTED_EDGE ( 'NONE', *, *, #5995, .F. ) ;
#9626 = CARTESIAN_POINT ( 'NONE',  ( 14.00000000000000355, 1.079949199897997758, 25.49999999999999645 ) ) ;
#9627 = DIRECTION ( 'NONE',  ( -0.000000000000000000, -1.000000000000000000, -0.000000000000000000 ) ) ;
#9628 = CARTESIAN_POINT ( 'NONE',  ( 15.99091565748155652, 1.079949199898894152, -18.21400017210562794 ) ) ;
#9629 = VERTEX_POINT ( 'NONE', #4610 ) ;
#9630 = FACE_OUTER_BOUND ( 'NONE', #4824, .T. ) ;
#9631 = CARTESIAN_POINT ( 'NONE',  ( 13.86899728391797737, 2.079949199898016854, -21.48359523605714827 ) ) ;
#9632 = CIRCLE ( 'NONE', #3804, 2.000000000000000000 ) ;
#9633 = CARTESIAN_POINT ( 'NONE',  ( -26.93308216297253566, 6.938893903907228378E-15, 5.814078896691624365 ) ) ;
#9634 = CARTESIAN_POINT ( 'NONE',  ( -24.54061931119277773, 2.079949199897994205, -5.588731346625907648 ) ) ;
#9635 = CARTESIAN_POINT ( 'NONE',  ( -21.15717546953952422, 3.379949199898008239, -16.79266425619360348 ) ) ;
#9636 = CARTESIAN_POINT ( 'NONE',  ( -15.52890462368004876, 2.081668171172167882E-14, 18.74241990827937698 ) ) ;
#9637 = EDGE_CURVE ( 'NONE', #6331, #6549, #1538, .T. ) ;
#9638 = B_SPLINE_CURVE_WITH_KNOTS ( 'NONE', 3,
 ( #3834, #1780, #888, #5453, #5509, #3878 ),
 .UNSPECIFIED., .F., .F.,
 ( 4, 2, 4 ),
 ( 0.000000000000000000, 0.0005345859587532488487, 0.001069171917506497697 ),
 .UNSPECIFIED. ) ;
#9639 = CARTESIAN_POINT ( 'NONE',  ( 7.567610706085118544, 0.6799491998980070617, -9.281088538927301457 ) ) ;
#9640 = CIRCLE ( 'NONE', #1936, 20.00000000000000355 ) ;
#9641 = CARTESIAN_POINT ( 'NONE',  ( -0.7228355895368520079, 2.079949199898003975, 21.46773321093940012 ) ) ;
#9642 = EDGE_LOOP ( 'NONE', ( #9513, #550, #8261, #7134 ) ) ;
#9643 = CARTESIAN_POINT ( 'NONE',  ( 0.000000000000000000, 0.000000000000000000, 0.000000000000000000 ) ) ;
#9644 = ORIENTED_EDGE ( 'NONE', *, *, #9485, .F. ) ;
#9645 = CARTESIAN_POINT ( 'NONE',  ( -7.926573532466294481, 3.379949199898008239, 0.6130644210296914975 ) ) ;
#9646 = CARTESIAN_POINT ( 'NONE',  ( -15.69634681918836705, 2.079949199898003975, -16.83101048771733588 ) ) ;
#9647 = ORIENTED_EDGE ( 'NONE', *, *, #3705, .F. ) ;
#9648 = CARTESIAN_POINT ( 'NONE',  ( -10.56029090035714546, 0.6799491998980070617, -7.022433982324823631 ) ) ;
#9649 = B_SPLINE_CURVE_WITH_KNOTS ( 'NONE', 3,
 ( #5778, #1257, #4974, #3457 ),
 .UNSPECIFIED., .F., .F.,
 ( 4, 4 ),
 ( 0.000000000000000000, 0.0006729141841869627078 ),
 .UNSPECIFIED. ) ;
#9650 = CARTESIAN_POINT ( 'NONE',  ( 2.375130762181576483, -0.3200508001019929383, 11.18884091674971870 ) ) ;
#9651 = CARTESIAN_POINT ( 'NONE',  ( 10.39893934016834365, 80.31423269831148559, -23.93859450359207131 ) ) ;
#9652 = ORIENTED_EDGE ( 'NONE', *, *, #5073, .T. ) ;
#9653 = DIRECTION ( 'NONE',  ( 0.000000000000000000, -0.000000000000000000, 1.000000000000000000 ) ) ;
#9654 = CARTESIAN_POINT ( 'NONE',  ( 15.95528637567702113, 2.079949199897995982, -18.26902426296154047 ) ) ;
#9655 = CARTESIAN_POINT ( 'NONE',  ( -5.975469824244458827, 3.379949199898008239, -7.451307599385940783 ) ) ;
#9656 = ORIENTED_EDGE ( 'NONE', *, *, #5783, .F. ) ;
#9657 = CARTESIAN_POINT ( 'NONE',  ( 15.99407193982682607, 0.000000000000000000, -18.20803970888895051 ) ) ;
#9658 = EDGE_CURVE ( 'NONE', #1331, #502, #9314, .T. ) ;
#9659 = CARTESIAN_POINT ( 'NONE',  ( 11.06245188861497297, -0.3200508001019800042, -2.755482732432891435 ) ) ;
#9660 = CARTESIAN_POINT ( 'NONE',  ( 6.798423264433586688, 0.6799491998980070617, 5.253429919659962977 ) ) ;
#9661 = ORIENTED_EDGE ( 'NONE', *, *, #7097, .F. ) ;
#9662 = FACE_OUTER_BOUND ( 'NONE', #3541, .T. ) ;
#9663 = FACE_OUTER_BOUND ( 'NONE', #2853, .T. ) ;
#9664 = CARTESIAN_POINT ( 'NONE',  ( -26.96198792828153046, 3.379949199898008239, 5.617818037016040655 ) ) ;
#9665 = CARTESIAN_POINT ( 'NONE',  ( 9.654722577941551975, -0.5200508001019926718, -3.606222225541392490 ) ) ;
#9666 = DIRECTION ( 'NONE',  ( 0.000000000000000000, 0.000000000000000000, -1.000000000000000000 ) ) ;
#9667 = EDGE_CURVE ( 'NONE', #5375, #7774, #5282, .T. ) ;
#9668 = ORIENTED_EDGE ( 'NONE', *, *, #2526, .F. ) ;
#9669 = CARTESIAN_POINT ( 'NONE',  ( -15.12715838039560623, 2.079949199897994205, 17.70780076071658016 ) ) ;
#9670 = CARTESIAN_POINT ( 'NONE',  ( 15.97567363643265992, 1.079949199899723045, -18.24047022705661192 ) ) ;
#9671 = ORIENTED_EDGE ( 'NONE', *, *, #2153, .F. ) ;
#9672 = CARTESIAN_POINT ( 'NONE',  ( -10.66523940634287548, -0.3200508001019800042, -1.036196501816243121 ) ) ;
#9673 = DIRECTION ( 'NONE',  ( 0.000000000000000000, -0.7071067811865376918, 0.7071067811865574537 ) ) ;
#9674 = CARTESIAN_POINT ( 'NONE',  ( -25.51311251866404817, 2.079949199897993761, -5.876835801766813638 ) ) ;
#9675 = CARTESIAN_POINT ( 'NONE',  ( 25.57847377689379442, 0.000000000000000000, 5.403601807681492453 ) ) ;
#9676 = CARTESIAN_POINT ( 'NONE',  ( 8.016659979266337999, 2.579949199897999090, -23.15900294825323158 ) ) ;
#9677 = CARTESIAN_POINT ( 'NONE',  ( 26.95186291869265816, 0.000000000000000000, 5.683210348221270358 ) ) ;
#9678 = DIRECTION ( 'NONE',  ( 0.000000000000000000, 0.000000000000000000, 1.000000000000000000 ) ) ;
#9679 = EDGE_CURVE ( 'NONE', #7377, #8736, #1322, .T. ) ;
#9680 = VERTEX_POINT ( 'NONE', #7537 ) ;
#9681 = CARTESIAN_POINT ( 'NONE',  ( 1.385777434301997513, -6.832479122453917419, 24.99930094919824697 ) ) ;
#9682 = EDGE_CURVE ( 'NONE', #2924, #1408, #1152, .T. ) ;
#9683 = ORIENTED_EDGE ( 'NONE', *, *, #6600, .F. ) ;
#9684 = CARTESIAN_POINT ( 'NONE',  ( 13.85873403624071543, 2.079949199898003975, 18.77809241999321799 ) ) ;
#9685 = DIRECTION ( 'NONE',  ( 0.000000000000000000, -1.000000000000000000, -0.000000000000000000 ) ) ;
#9686 = CARTESIAN_POINT ( 'NONE',  ( -10.32168778853310975, 0.6799491998980070617, -7.323363400474295126 ) ) ;
#9687 = CARTESIAN_POINT ( 'NONE',  ( 5.739650483946985737, -0.3200508001019929383, 5.700855964161177347 ) ) ;
#9688 = CARTESIAN_POINT ( 'NONE',  ( -26.93284165500675797, 0.000000000000000000, -5.815748524674012820 ) ) ;
#9689 = EDGE_CURVE ( 'NONE', #1962, #3108, #9014, .T. ) ;
#9690 = DIRECTION ( 'NONE',  ( 0.000000000000000000, 0.000000000000000000, -1.000000000000000000 ) ) ;
#9691 = EDGE_LOOP ( 'NONE', ( #9547, #332, #5906, #6835, #4060, #1025, #7108, #2893, #2826, #451, #4841, #4033, #5640, #8959, #5805, #7486, #8840, #2044, #4780, #8230, #2659, #1626, #3669, #3137, #1875, #3986, #2076, #459, #763, #5031 ) ) ;
#9692 = CARTESIAN_POINT ( 'NONE',  ( -4.532543826185495561, 3.379949199898008239, 5.917358236942991567 ) ) ;
#9693 = DIRECTION ( 'NONE',  ( -0.000000000000000000, -1.000000000000000000, -0.000000000000000000 ) ) ;
#9694 = CARTESIAN_POINT ( 'NONE',  ( -1.972995026445600431, 3.379949199898008239, -6.463335568246934670 ) ) ;
#9695 = ORIENTED_EDGE ( 'NONE', *, *, #4043, .F. ) ;
#9696 = CARTESIAN_POINT ( 'NONE',  ( -9.613510213487948874, 80.31423269831148559, 22.48100474448443364 ) ) ;
#9697 = EDGE_CURVE ( 'NONE', #1490, #1544, #4584, .T. ) ;
#9698 = VECTOR ( 'NONE', #9515, 1000.000000000000000 ) ;
#9699 = CARTESIAN_POINT ( 'NONE',  ( 7.586791086754526958, -0.5200508001019787940, 2.268323672212459563 ) ) ;
#9700 = B_SPLINE_SURFACE_WITH_KNOTS ( 'NONE', 3, 1, ( 
 ( #1475, #4542 ),
 ( #1516, #5945 ),
 ( #1374, #780 ),
 ( #692, #8293 ),
 ( #4353, #832 ),
 ( #8993, #3821 ),
 ( #3773, #2157 ),
 ( #7469, #1430 ),
 ( #5854, #4404 ),
 ( #8854, #8110 ) ),
 .UNSPECIFIED., .F., .F., .F.,
 ( 4, 2, 2, 2, 4 ),
 ( 2, 2 ),
 ( 0.000000000000000000, 0.1250000000000001943, 0.2500000000000003886, 0.5000000000000007772, 1.000000000000000000 ),
 ( 0.000000000000000000, 1.000000000000000000 ),
 .UNSPECIFIED. ) ;
#9701 = CARTESIAN_POINT ( 'NONE',  ( 5.793066073753679213, 0.6799491998980619067, 5.197640932712320527 ) ) ;
#9702 = ORIENTED_EDGE ( 'NONE', *, *, #6098, .T. ) ;
#9703 = CARTESIAN_POINT ( 'NONE',  ( -4.157332302906001864, 3.379949199898008239, 27.40120094879952362 ) ) ;
#9704 = EDGE_CURVE ( 'NONE', #5551, #9568, #7585, .T. ) ;
#9705 = AXIS2_PLACEMENT_3D ( 'NONE', #8983, #6038, #3671 ) ;
#9706 = CARTESIAN_POINT ( 'NONE',  ( 4.157332302905997423, 2.079949199898003975, 24.60120094879952646 ) ) ;
#9707 = DIRECTION ( 'NONE',  ( -0.000000000000000000, -1.000000000000000000, -0.000000000000000000 ) ) ;
#9708 = CARTESIAN_POINT ( 'NONE',  ( -8.102021880671902210, 1.283005270242560725, -18.39830148479741467 ) ) ;
#9709 = LINE ( 'NONE', #5317, #947 ) ;
#9710 = ORIENTED_EDGE ( 'NONE', *, *, #4450, .T. ) ;
#9711 = AXIS2_PLACEMENT_3D ( 'NONE', #9457, #2815, #9557 ) ;
#9712 = CARTESIAN_POINT ( 'NONE',  ( 25.53223939609249271, 2.079949199897993761, 5.718573136630500819 ) ) ;
#9713 = DIRECTION ( 'NONE',  ( 0.000000000000000000, 0.000000000000000000, -1.000000000000000000 ) ) ;
#9714 = CARTESIAN_POINT ( 'NONE',  ( -6.326916435308330477, -0.5200508001019920057, 3.659938406190045956 ) ) ;
#9715 = ORIENTED_EDGE ( 'NONE', *, *, #6677, .F. ) ;
#9716 = DIRECTION ( 'NONE',  ( 8.673617379884044938E-15, 0.000000000000000000, -1.000000000000000000 ) ) ;
#9717 = CARTESIAN_POINT ( 'NONE',  ( 10.02538718874732027, 1.079949199897997758, 22.76447847739673946 ) ) ;
#9718 = EDGE_CURVE ( 'NONE', #6675, #8815, #3797, .T. ) ;
#9719 = CARTESIAN_POINT ( 'NONE',  ( -25.53199140091509989, 2.079949199897993761, -5.720350933849887021 ) ) ;
#9720 = DIRECTION ( 'NONE',  ( -0.000000000000000000, -1.000000000000000000, -0.000000000000000000 ) ) ;
#9721 = CARTESIAN_POINT ( 'NONE',  ( 15.99407193982682962, 1.079949199900551271, 18.20803970888895051 ) ) ;
#9722 = VECTOR ( 'NONE', #7270, 1000.000000000000000 ) ;
#9723 = EDGE_CURVE ( 'NONE', #4968, #4117, #1471, .T. ) ;
#9724 = DIRECTION ( 'NONE',  ( -0.000000000000000000, -1.000000000000000000, 0.000000000000000000 ) ) ;
#9725 = AXIS2_PLACEMENT_3D ( 'NONE', #4779, #4592, #9135 ) ;
#9726 = CARTESIAN_POINT ( 'NONE',  ( 6.897978119328096902, 2.579949199898003975, -10.30611445143711613 ) ) ;
#9727 = EDGE_LOOP ( 'NONE', ( #2295, #5069, #5798, #3106 ) ) ;
#9728 = LINE ( 'NONE', #5239, #7996 ) ;
#9729 = ORIENTED_EDGE ( 'NONE', *, *, #7950, .F. ) ;
#9730 = AXIS2_PLACEMENT_3D ( 'NONE', #1369, #7277, #8794 ) ;
#9731 = CARTESIAN_POINT ( 'NONE',  ( -5.308744901838668540, -0.5200508001019926718, 3.023715954333359157 ) ) ;
#9732 = AXIS2_PLACEMENT_3D ( 'NONE', #3825, #6745, #9733 ) ;
#9733 = DIRECTION ( 'NONE',  ( 6.707597440443648629E-14, 0.000000000000000000, -1.000000000000000000 ) ) ;
#9734 = AXIS2_PLACEMENT_3D ( 'NONE', #3340, #8418, #9251 ) ;
#9735 = CARTESIAN_POINT ( 'NONE',  ( -11.15987062862659052, 0.6799491998980070617, -6.063313238328397858 ) ) ;
ENDSEC;
END-ISO-10303-21;
