ISO-10303-21;
HEADER;
FILE_DESCRIPTION (( 'STEP AP214' ),
    '1' );
FILE_NAME ('Orbi_JoystickSpring.STEP',
    '2026-10-03T08:40:46',
    ( '' ),
    ( '' ),
    'SwSTEP 2.0',
    'SolidWorks 2026',
    '' );
FILE_SCHEMA (( 'AUTOMOTIVE_DESIGN' ));
ENDSEC;

DATA;
#1 = ORIENTED_EDGE ( 'NONE', *, *, #7067, .F. ) ;
#2 = DIRECTION ( 'NONE',  ( 0.8660254037844414832, 0.4999999999999952816, 0.000000000000000000 ) ) ;
#3 = ORIENTED_EDGE ( 'NONE', *, *, #813, .F. ) ;
#4 = ORIENTED_EDGE ( 'NONE', *, *, #930, .F. ) ;
#5 = CARTESIAN_POINT ( 'NONE',  ( -3.506623387193939531E-13, -5.999999999999777067, -13.74999999999997158 ) ) ;
#6 = DIRECTION ( 'NONE',  ( 0.6427875982715982595, -0.7660444526972508550, 0.000000000000000000 ) ) ;
#7 = CARTESIAN_POINT ( 'NONE',  ( 0.9999999999997820632, -19.97498435543818829, -11.00000000000000000 ) ) ;
#8 = ADVANCED_FACE ( 'NONE', ( #8956 ), #2623, .T. ) ;
#9 = CARTESIAN_POINT ( 'NONE',  ( -6.827698338998376748, 0.09433185826237221183, -20.15000000000001990 ) ) ;
#10 = VECTOR ( 'NONE', #2797, 1000.000000000000000 ) ;
#11 = CARTESIAN_POINT ( 'NONE',  ( -15.18950730844934860, 4.861089085475318150, -0.2560331597933986347 ) ) ;
#12 = CARTESIAN_POINT ( 'NONE',  ( -7.902887429246116646, 1.060436867369053626, -20.14999999999999503 ) ) ;
#13 = CARTESIAN_POINT ( 'NONE',  ( 2.252380590526807946, 6.748301881068420549, -13.13740783350431407 ) ) ;
#14 = EDGE_CURVE ( 'NONE', #218, #5234, #6285, .T. ) ;
#15 = VERTEX_POINT ( 'NONE', #2438 ) ;
#16 = AXIS2_PLACEMENT_3D ( 'NONE', #2590, #6841, #4171 ) ;
#17 = DIRECTION ( 'NONE',  ( 1.000000000000000000, 7.709882115452477378E-15, 0.000000000000000000 ) ) ;
#18 = ORIENTED_EDGE ( 'NONE', *, *, #6886, .F. ) ;
#19 = EDGE_CURVE ( 'NONE', #4857, #7657, #3032, .T. ) ;
#20 = DIRECTION ( 'NONE',  ( 0.000000000000000000, 0.000000000000000000, 1.000000000000000000 ) ) ;
#21 = CARTESIAN_POINT ( 'NONE',  ( -17.37934771122535338, 4.685965549630743077, 0.000000000000000000 ) ) ;
#22 = CARTESIAN_POINT ( 'NONE',  ( 4.162172413674220195, -4.029101540132375980, -19.57516859484386984 ) ) ;
#23 = CIRCLE ( 'NONE', #5185, 13.00000000000000000 ) ;
#24 = CARTESIAN_POINT ( 'NONE',  ( 17.21193515402096352, 8.929462367869103190, -6.294943955526784762 ) ) ;
#25 = EDGE_CURVE ( 'NONE', #5816, #4480, #1468, .T. ) ;
#26 = CARTESIAN_POINT ( 'NONE',  ( -12.68941916244309986, 8.250000000000220268, 2.200000000000000178 ) ) ;
#27 = CARTESIAN_POINT ( 'NONE',  ( -12.80250078915869949, -2.257426309670250042, 3.999999999999949818 ) ) ;
#28 = EDGE_LOOP ( 'NONE', ( #6237, #4075, #2831, #7646 ) ) ;
#29 = DIRECTION ( 'NONE',  ( 0.000000000000000000, 0.000000000000000000, 1.000000000000000000 ) ) ;
#30 = EDGE_LOOP ( 'NONE', ( #6590, #7658, #1099, #454 ) ) ;
#31 = DIRECTION ( 'NONE',  ( -0.000000000000000000, -0.000000000000000000, 1.000000000000000000 ) ) ;
#32 = CARTESIAN_POINT ( 'NONE',  ( -11.52287570759530944, 10.39683315824598253, -0.4336069038315927826 ) ) ;
#33 = CARTESIAN_POINT ( 'NONE',  ( 7.048071124344327032, 0.2284724032203903077, -20.15000000000000924 ) ) ;
#34 = DIRECTION ( 'NONE',  ( 0.000000000000000000, 0.000000000000000000, 1.000000000000000000 ) ) ;
#35 = CIRCLE ( 'NONE', #5197, 0.9999999999999725775 ) ;
#36 = CIRCLE ( 'NONE', #5198, 2.000000000000000444 ) ;
#37 = FACE_OUTER_BOUND ( 'NONE', #3483, .T. ) ;
#38 = ORIENTED_EDGE ( 'NONE', *, *, #4471, .F. ) ;
#39 = ORIENTED_EDGE ( 'NONE', *, *, #2210, .T. ) ;
#40 = CARTESIAN_POINT ( 'NONE',  ( -2.641991279642070367, -8.023703671872771892, -20.14999999999999147 ) ) ;
#41 = AXIS2_PLACEMENT_3D ( 'NONE', #2379, #3202, #5201 ) ;
#42 = VERTEX_POINT ( 'NONE', #8397 ) ;
#43 = CARTESIAN_POINT ( 'NONE',  ( 10.28941916244336774, 8.111987499186666284, -12.00000000000000000 ) ) ;
#44 = CARTESIAN_POINT ( 'NONE',  ( -6.859390525490286272, 5.888306645143968510, -20.14999999999999858 ) ) ;
#45 = LINE ( 'NONE', #8596, #1594 ) ;
#46 = CARTESIAN_POINT ( 'NONE',  ( 6.695081777901984665, 0.01508212154643599583, -20.14999999999999147 ) ) ;
#47 = CARTESIAN_POINT ( 'NONE',  ( -9.190767092226129975, 3.522062816357630854, -12.70582773874839688 ) ) ;
#48 = CARTESIAN_POINT ( 'NONE',  ( 3.483632981997418110, 5.859031255037842278, -20.15000000000000568 ) ) ;
#49 = B_SPLINE_CURVE_WITH_KNOTS ( 'NONE', 3,
 ( #317, #4392, #6598, #5220, #8035, #1703, #876, #7336 ),
 .UNSPECIFIED., .F., .F.,
 ( 4, 2, 2, 4 ),
 ( 0.000000000000000000, 0.0003906005473541946911, 0.0007812010947083893823, 0.001562402189416775946 ),
 .UNSPECIFIED. ) ;
#50 = ORIENTED_EDGE ( 'NONE', *, *, #7067, .T. ) ;
#51 = CARTESIAN_POINT ( 'NONE',  ( -4.757804383200797460, -2.748406593299466572, -19.57596548797632607 ) ) ;
#52 = ORIENTED_EDGE ( 'NONE', *, *, #1646, .F. ) ;
#53 = ORIENTED_EDGE ( 'NONE', *, *, #3960, .F. ) ;
#54 = CARTESIAN_POINT ( 'NONE',  ( 11.43531719619355869, 5.447482923111756747, -11.13822969909165650 ) ) ;
#55 = CARTESIAN_POINT ( 'NONE',  ( 8.589913868931029484, 4.959389083850708424, -19.55622182909918294 ) ) ;
#56 = DIRECTION ( 'NONE',  ( -1.000000000000000000, 0.000000000000000000, 0.000000000000000000 ) ) ;
#57 = CARTESIAN_POINT ( 'NONE',  ( -6.860317624715933427, 0.1133186720254424767, -20.14999999999998792 ) ) ;
#58 = ADVANCED_FACE ( 'NONE', ( #4245 ), #4984, .F. ) ;
#59 = DIRECTION ( 'NONE',  ( -0.000000000000000000, -0.000000000000000000, -1.000000000000000000 ) ) ;
#60 = CARTESIAN_POINT ( 'NONE',  ( -8.347401349667475046, 1.929565921553332508, -20.15000000000000924 ) ) ;
#61 = CARTESIAN_POINT ( 'NONE',  ( -0.0001121698234333393801, 5.409469420147172691, -20.14999999999998082 ) ) ;
#62 = ADVANCED_FACE ( 'NONE', ( #9003 ), #1280, .T. ) ;
#63 = EDGE_LOOP ( 'NONE', ( #6689, #8915, #7796, #4503 ) ) ;
#64 = DIRECTION ( 'NONE',  ( 0.000000000000000000, 0.000000000000000000, 1.000000000000000000 ) ) ;
#65 = DIRECTION ( 'NONE',  ( -1.000000000000000000, 1.040834085586084257E-14, 0.000000000000000000 ) ) ;
#66 = EDGE_CURVE ( 'NONE', #791, #1053, #2157, .T. ) ;
#67 = ORIENTED_EDGE ( 'NONE', *, *, #2502, .T. ) ;
#68 = DIRECTION ( 'NONE',  ( -1.000000000000000000, 0.000000000000000000, 0.000000000000000000 ) ) ;
#69 = CARTESIAN_POINT ( 'NONE',  ( -18.84355630229910972, 9.724631765243367809, -5.800000000000000711 ) ) ;
#70 = CARTESIAN_POINT ( 'NONE',  ( -3.224251338092439134, -6.861023063718225679, -20.15000000000000213 ) ) ;
#71 = ADVANCED_FACE ( 'NONE', ( #4292 ), #7057, .F. ) ;
#72 = CARTESIAN_POINT ( 'NONE',  ( 17.01139887839300968, 9.517152820658383305, -5.826525510891693571 ) ) ;
#73 = CARTESIAN_POINT ( 'NONE',  ( 0.000000000000000000, 0.000000000000000000, 4.000000000000000000 ) ) ;
#74 = EDGE_CURVE ( 'NONE', #2796, #3124, #5490, .T. ) ;
#75 = CYLINDRICAL_SURFACE ( 'NONE', #1466, 0.9999999999999998890 ) ;
#76 = ADVANCED_FACE ( 'NONE', ( #3600 ), #6964, .F. ) ;
#77 = ORIENTED_EDGE ( 'NONE', *, *, #4240, .F. ) ;
#78 = CARTESIAN_POINT ( 'NONE',  ( 8.589913868931029484, 4.959389083850708424, -19.55622182909918294 ) ) ;
#79 = EDGE_CURVE ( 'NONE', #2683, #7682, #4513, .T. ) ;
#80 = CARTESIAN_POINT ( 'NONE',  ( -6.094886275621857585, 6.817263486685554597, -19.56117686268712674 ) ) ;
#81 = CARTESIAN_POINT ( 'NONE',  ( -4.788282006559179571, 13.15569669100280059, 2.000000000000000000 ) ) ;
#82 = CARTESIAN_POINT ( 'NONE',  ( 5.200138657792986230, 6.923039785730161988, -19.56394790035493614 ) ) ;
#83 = CYLINDRICAL_SURFACE ( 'NONE', #5791, 0.8999999999999998002 ) ;
#84 = EDGE_CURVE ( 'NONE', #8461, #2084, #4080, .T. ) ;
#85 = CARTESIAN_POINT ( 'NONE',  ( -11.25833024919760383, 6.500000000000179412, -0.5000000000000086597 ) ) ;
#86 = ORIENTED_EDGE ( 'NONE', *, *, #1821, .F. ) ;
#87 = EDGE_LOOP ( 'NONE', ( #6789, #6977, #3168, #6979 ) ) ;
#88 = CARTESIAN_POINT ( 'NONE',  ( 3.188974416581171312, -8.286446460536149416, -19.56273005111227548 ) ) ;
#89 = ORIENTED_EDGE ( 'NONE', *, *, #2563, .F. ) ;
#90 = CYLINDRICAL_SURFACE ( 'NONE', #7696, 1.000000000000000000 ) ;
#91 = DIRECTION ( 'NONE',  ( 1.000000000000000000, 0.000000000000000000, 0.000000000000000000 ) ) ;
#92 = DIRECTION ( 'NONE',  ( -1.000000000000000000, 0.000000000000000000, 0.000000000000000000 ) ) ;
#93 = CARTESIAN_POINT ( 'NONE',  ( -1.000000000000212053, -19.32842712474620939, -3.000000000000000888 ) ) ;
#94 = CARTESIAN_POINT ( 'NONE',  ( -9.111252283599968749, 3.192906607773918548, -19.55799111734539153 ) ) ;
#95 = CARTESIAN_POINT ( 'NONE',  ( 2.252380590526807946, 6.748301881068420549, -13.13740783350431407 ) ) ;
#96 = CARTESIAN_POINT ( 'NONE',  ( 2.770473874866527186, 5.500115901880592517, -20.14999999999999858 ) ) ;
#97 = CIRCLE ( 'NONE', #3176, 10.00000000000000178 ) ;
#98 = AXIS2_PLACEMENT_3D ( 'NONE', #6676, #5976, #8809 ) ;
#99 = ORIENTED_EDGE ( 'NONE', *, *, #8988, .F. ) ;
#100 = FACE_OUTER_BOUND ( 'NONE', #7895, .T. ) ;
#101 = EDGE_LOOP ( 'NONE', ( #9085, #1108 ) ) ;
#102 = EDGE_LOOP ( 'NONE', ( #4845, #5576, #1865, #8557, #8234 ) ) ;
#103 = CARTESIAN_POINT ( 'NONE',  ( 11.28941916244340149, 8.249999999999779732, -3.000000000000000888 ) ) ;
#104 = LINE ( 'NONE', #5644, #4736 ) ;
#105 = LINE ( 'NONE', #6471, #4906 ) ;
#106 = CONICAL_SURFACE ( 'NONE', #1271, 17.50000000000001066, 0.7853981633974466137 ) ;
#107 = CARTESIAN_POINT ( 'NONE',  ( -5.607461015488978795, -0.7860022919581870493, -20.15000000000001634 ) ) ;
#108 = CARTESIAN_POINT ( 'NONE',  ( -14.42751549011991941, 4.750744695712512566, -0.5000000000000280886 ) ) ;
#109 = CARTESIAN_POINT ( 'NONE',  ( -8.424417468459560965, 2.192478460535918217, -20.14999999999999503 ) ) ;
#110 = CARTESIAN_POINT ( 'NONE',  ( 8.595302132560535213, 4.962500000000041211, -12.69999999999999751 ) ) ;
#111 = CIRCLE ( 'NONE', #3655, 12.00000000000001243 ) ;
#112 = ORIENTED_EDGE ( 'NONE', *, *, #7395, .F. ) ;
#113 = CARTESIAN_POINT ( 'NONE',  ( 0.000000000000000000, 0.000000000000000000, 4.000000000000000000 ) ) ;
#114 = ORIENTED_EDGE ( 'NONE', *, *, #4375, .T. ) ;
#115 = CARTESIAN_POINT ( 'NONE',  ( -17.85637338441706135, 9.008466271263738889, -11.50440859004482697 ) ) ;
#116 = CARTESIAN_POINT ( 'NONE',  ( 2.692304017299849583, -8.850946575781810211, -19.56052894423364918 ) ) ;
#117 = CARTESIAN_POINT ( 'NONE',  ( 2.642340376126696810, -8.025973313566263201, -20.15000000000000924 ) ) ;
#118 = EDGE_CURVE ( 'NONE', #8777, #8660, #3549, .T. ) ;
#119 = CARTESIAN_POINT ( 'NONE',  ( -5.779637728306484590, -1.433007992945287912, -19.57457782718575956 ) ) ;
#120 = CIRCLE ( 'NONE', #549, 2.000000000000000444 ) ;
#121 = DIRECTION ( 'NONE',  ( 0.000000000000000000, 0.000000000000000000, 1.000000000000000000 ) ) ;
#122 = ORIENTED_EDGE ( 'NONE', *, *, #8374, .T. ) ;
#123 = DIRECTION ( 'NONE',  ( -1.000000000000000000, 0.000000000000000000, 0.000000000000000000 ) ) ;
#124 = VECTOR ( 'NONE', #31, 1000.000000000000000 ) ;
#125 = CARTESIAN_POINT ( 'NONE',  ( -8.999026535611712063, -10.72462220366560182, 2.000000000000000000 ) ) ;
#126 = EDGE_CURVE ( 'NONE', #2657, #8509, #6309, .T. ) ;
#127 = CARTESIAN_POINT ( 'NONE',  ( -17.10514349886389951, 9.292283367638672686, -5.927256009146255167 ) ) ;
#128 = CARTESIAN_POINT ( 'NONE',  ( 7.830951038247442320, 5.902043951974015101, -19.55698565242480313 ) ) ;
#129 = DIRECTION ( 'NONE',  ( -1.000000000000000000, 0.000000000000000000, 0.000000000000000000 ) ) ;
#130 = AXIS2_PLACEMENT_3D ( 'NONE', #3236, #1202, #8272 ) ;
#131 = CARTESIAN_POINT ( 'NONE',  ( 6.427876085450569654, -7.660444440767989249, 0.000000000000000000 ) ) ;
#132 = ORIENTED_EDGE ( 'NONE', *, *, #1873, .T. ) ;
#133 = ORIENTED_EDGE ( 'NONE', *, *, #7932, .T. ) ;
#134 = CARTESIAN_POINT ( 'NONE',  ( 1.257159058502136606, -9.712720324710140574, -19.55706793383277997 ) ) ;
#135 = ORIENTED_EDGE ( 'NONE', *, *, #6595, .F. ) ;
#136 = CARTESIAN_POINT ( 'NONE',  ( 3.871152422706631846, 3.000000000000023981, -13.14999999999999858 ) ) ;
#137 = DIRECTION ( 'NONE',  ( 1.000000000000000000, 0.000000000000000000, 0.000000000000000000 ) ) ;
#138 = CARTESIAN_POINT ( 'NONE',  ( 6.794978053218843961, 0.07508592271543101937, -20.14999999999998437 ) ) ;
#139 = CIRCLE ( 'NONE', #8844, 18.00000000000000000 ) ;
#140 = CARTESIAN_POINT ( 'NONE',  ( -5.506847901919066146, 4.532280608603291405, -13.19417254642124249 ) ) ;
#141 = CARTESIAN_POINT ( 'NONE',  ( 3.527503629861148848, 5.884094157269108116, -20.14999999999999858 ) ) ;
#142 = EDGE_CURVE ( 'NONE', #3860, #2420, #5697, .T. ) ;
#143 = ORIENTED_EDGE ( 'NONE', *, *, #2563, .T. ) ;
#144 = CARTESIAN_POINT ( 'NONE',  ( 0.000000000000000000, 0.000000000000000000, 0.000000000000000000 ) ) ;
#145 = AXIS2_PLACEMENT_3D ( 'NONE', #4822, #2693, #7636 ) ;
#146 = ORIENTED_EDGE ( 'NONE', *, *, #2421, .T. ) ;
#147 = ORIENTED_EDGE ( 'NONE', *, *, #7226, .T. ) ;
#148 = DIRECTION ( 'NONE',  ( -1.000000000000000000, 0.000000000000000000, 0.000000000000000000 ) ) ;
#149 = DIRECTION ( 'NONE',  ( 0.000000000000000000, 0.000000000000000000, 1.000000000000000000 ) ) ;
#150 = DIRECTION ( 'NONE',  ( 0.8660254037844413721, 0.4999999999999952260, 0.000000000000000000 ) ) ;
#151 = CARTESIAN_POINT ( 'NONE',  ( -5.842248793836509080, -0.5860623820391362981, -20.14999999999998792 ) ) ;
#152 = CARTESIAN_POINT ( 'NONE',  ( -3.332018698439320303, -5.999999928950983552, -20.14999999999999858 ) ) ;
#153 = CARTESIAN_POINT ( 'NONE',  ( -6.861371486304197909, 0.1139291206757337555, -20.14999999999998792 ) ) ;
#154 = CARTESIAN_POINT ( 'NONE',  ( -3.743519302641370672, 6.071213333782123911, 0.000000000000000000 ) ) ;
#155 = EDGE_CURVE ( 'NONE', #2845, #2071, #3455, .T. ) ;
#156 = ORIENTED_EDGE ( 'NONE', *, *, #4988, .F. ) ;
#157 = CARTESIAN_POINT ( 'NONE',  ( -15.36290571457867138, 11.05507049932793606, -12.00000000000000000 ) ) ;
#158 = CARTESIAN_POINT ( 'NONE',  ( 12.11044710970903360, 12.07257515209327536, 4.000000000000000000 ) ) ;
#159 = CIRCLE ( 'NONE', #1177, 4.000000000000001776 ) ;
#160 = ORIENTED_EDGE ( 'NONE', *, *, #4034, .F. ) ;
#161 = DIRECTION ( 'NONE',  ( -0.000000000000000000, -0.000000000000000000, 1.000000000000000000 ) ) ;
#162 = CARTESIAN_POINT ( 'NONE',  ( 1.032404042122105903, -9.815452659489254827, -19.55664695435302036 ) ) ;
#163 = CARTESIAN_POINT ( 'NONE',  ( -2.430186678386911048, -8.275659188155758628, -20.14999999999999858 ) ) ;
#164 = CARTESIAN_POINT ( 'NONE',  ( 2.596255573915473569, 6.072739293102800140, -19.57257499131252132 ) ) ;
#165 = CIRCLE ( 'NONE', #5758, 0.8999999999999998002 ) ;
#166 = CARTESIAN_POINT ( 'NONE',  ( -4.658665034525529880E-15, 5.253631760259039650E-15, 3.999999999999929834 ) ) ;
#167 = ORIENTED_EDGE ( 'NONE', *, *, #4244, .F. ) ;
#168 = CIRCLE ( 'NONE', #4151, 1.925000000000166800 ) ;
#169 = CARTESIAN_POINT ( 'NONE',  ( -10.43531719619343257, 7.179533730680914161, -12.00000000000000000 ) ) ;
#170 = CARTESIAN_POINT ( 'NONE',  ( 6.187618932840011965, -3.572423456518109219, -13.15905221858596974 ) ) ;
#171 = CARTESIAN_POINT ( 'NONE',  ( 9.108100057905801350, 3.254541172420653883, -19.55787712456592686 ) ) ;
#172 = AXIS2_PLACEMENT_3D ( 'NONE', #8209, #4102, #8253 ) ;
#173 = AXIS2_PLACEMENT_3D ( 'NONE', #1837, #8207, #2661 ) ;
#174 = EDGE_CURVE ( 'NONE', #218, #4110, #9095, .T. ) ;
#175 = CARTESIAN_POINT ( 'NONE',  ( 7.895210997858671753, -1.290598039394673435, 0.000000000000000000 ) ) ;
#176 = ORIENTED_EDGE ( 'NONE', *, *, #3384, .T. ) ;
#177 = CARTESIAN_POINT ( 'NONE',  ( 2.678725651791694862, -8.864079875541138520, -19.56047738716244311 ) ) ;
#178 = ORIENTED_EDGE ( 'NONE', *, *, #1764, .T. ) ;
#179 = EDGE_CURVE ( 'NONE', #5637, #2051, #7606, .T. ) ;
#180 = CIRCLE ( 'NONE', #321, 2.000000000000000444 ) ;
#181 = DIRECTION ( 'NONE',  ( -1.000000000000000000, 0.000000000000000000, -0.000000000000000000 ) ) ;
#182 = AXIS2_PLACEMENT_3D ( 'NONE', #1828, #5882, #8762 ) ;
#183 = DIRECTION ( 'NONE',  ( 0.000000000000000000, 0.000000000000000000, -1.000000000000000000 ) ) ;
#184 = CARTESIAN_POINT ( 'NONE',  ( -3.345773522723952453, 6.464720467102881507, -19.57043709073008131 ) ) ;
#185 = CARTESIAN_POINT ( 'NONE',  ( -8.852192780167001729, 4.517552346356364268, -12.70000004752827572 ) ) ;
#186 = CARTESIAN_POINT ( 'NONE',  ( 3.394489800095894516, 5.809186392295735857, -20.15000000000000924 ) ) ;
#187 = EDGE_CURVE ( 'NONE', #1096, #7505, #2853, .T. ) ;
#188 = ORIENTED_EDGE ( 'NONE', *, *, #8776, .F. ) ;
#189 = DIRECTION ( 'NONE',  ( 0.000000000000000000, 0.000000000000000000, 1.000000000000000000 ) ) ;
#190 = CIRCLE ( 'NONE', #1365, 1.000000000000030198 ) ;
#191 = ORIENTED_EDGE ( 'NONE', *, *, #7738, .T. ) ;
#192 = ORIENTED_EDGE ( 'NONE', *, *, #383, .T. ) ;
#193 = LINE ( 'NONE', #274, #6635 ) ;
#194 = CARTESIAN_POINT ( 'NONE',  ( 16.88749537379664289, 9.749999999999907629, -5.800000000000000711 ) ) ;
#195 = CARTESIAN_POINT ( 'NONE',  ( 17.84355630229944722, 11.45668257281192837, -6.800000000000000711 ) ) ;
#196 = ADVANCED_FACE ( 'NONE', ( #37, #8495, #2163, #7804 ), #1603, .F. ) ;
#197 = CARTESIAN_POINT ( 'NONE',  ( -3.728006673761024015, -3.575882053297186669, -20.15000000000002700 ) ) ;
#198 = CARTESIAN_POINT ( 'NONE',  ( -17.34355630229908485, 12.32270797659667139, -11.00000000000000000 ) ) ;
#199 = CARTESIAN_POINT ( 'NONE',  ( -7.475313734443607139, 0.5691746744101866540, -20.15000000000001279 ) ) ;
#200 = CARTESIAN_POINT ( 'NONE',  ( 3.475686976582643251, -14.52020202020208117, -0.9999999999999972244 ) ) ;
#201 = AXIS2_PLACEMENT_3D ( 'NONE', #6638, #4612, #7986 ) ;
#202 = ORIENTED_EDGE ( 'NONE', *, *, #8140, .F. ) ;
#203 = DIRECTION ( 'NONE',  ( 0.000000000000000000, 0.000000000000000000, -1.000000000000000000 ) ) ;
#204 = CARTESIAN_POINT ( 'NONE',  ( 11.33992941966018719, 7.701811841411315029, -3.000000000000000888 ) ) ;
#205 = EDGE_LOOP ( 'NONE', ( #8574, #6235, #2418, #404 ) ) ;
#206 = CARTESIAN_POINT ( 'NONE',  ( 11.52418358818970745, 10.39855198198739217, -0.4329946385732655334 ) ) ;
#207 = CARTESIAN_POINT ( 'NONE',  ( -2.692702831541548092E-13, -16.50000000000000355, 0.000000000000000000 ) ) ;
#208 = CARTESIAN_POINT ( 'NONE',  ( 0.7558076632502587211, -9.239787697683089718, -20.15000000000000568 ) ) ;
#209 = B_SPLINE_CURVE_WITH_KNOTS ( 'NONE', 3,
 ( #5031, #3690, #865, #817, #1519, #5845, #2299, #997 ),
 .UNSPECIFIED., .F., .F.,
 ( 4, 2, 2, 4 ),
 ( 1.118265572957819205E-19, 0.0003609264839254222698, 0.0007218529678508444312, 0.001443705935701688862 ),
 .UNSPECIFIED. ) ;
#210 = DIRECTION ( 'NONE',  ( 0.8660254037844384856, -0.5000000000000003331, 0.000000000000000000 ) ) ;
#211 = CYLINDRICAL_SURFACE ( 'NONE', #7509, 1.000000000000000000 ) ;
#212 = VERTEX_POINT ( 'NONE', #907 ) ;
#213 = DIRECTION ( 'NONE',  ( -0.000000000000000000, -0.000000000000000000, 1.000000000000000000 ) ) ;
#214 = CARTESIAN_POINT ( 'NONE',  ( 5.382493388003301682, -4.698029437836363620, 0.000000000000000000 ) ) ;
#215 = CARTESIAN_POINT ( 'NONE',  ( 8.948876457015805030, 1.860486270756762872, -19.56120368643018637 ) ) ;
#216 = B_SPLINE_CURVE_WITH_KNOTS ( 'NONE', 3,
 ( #471, #6890, #6287, #4040 ),
 .UNSPECIFIED., .F., .F.,
 ( 4, 4 ),
 ( 0.000000000000000000, 0.9734356166408275612 ),
 .UNSPECIFIED. ) ;
#217 = DIRECTION ( 'NONE',  ( 1.000000000000000000, 0.000000000000000000, -0.000000000000000000 ) ) ;
#218 = VERTEX_POINT ( 'NONE', #3028 ) ;
#219 = CARTESIAN_POINT ( 'NONE',  ( 1.013115296533081189, -9.787865430715879000, -19.55676043738872849 ) ) ;
#220 = ORIENTED_EDGE ( 'NONE', *, *, #1817, .T. ) ;
#221 = CARTESIAN_POINT ( 'NONE',  ( -11.59711798977900621, 5.289924435980274176, -11.63654852392077821 ) ) ;
#222 = CARTESIAN_POINT ( 'NONE',  ( -5.194655440610056019, 6.924604065434150968, -19.56396364202064575 ) ) ;
#223 = EDGE_CURVE ( 'NONE', #4274, #2071, #7323, .T. ) ;
#224 = CARTESIAN_POINT ( 'NONE',  ( 16.50000000000000355, 6.268901968980452702E-29, -12.00000000000000000 ) ) ;
#225 = CARTESIAN_POINT ( 'NONE',  ( -3.522757266897742934, 5.881365244587987817, -20.14999999999998082 ) ) ;
#226 = VERTEX_POINT ( 'NONE', #85 ) ;
#227 = DIRECTION ( 'NONE',  ( -1.000000000000000000, 0.000000000000000000, 0.000000000000000000 ) ) ;
#228 = ORIENTED_EDGE ( 'NONE', *, *, #1830, .T. ) ;
#229 = ORIENTED_EDGE ( 'NONE', *, *, #5494, .T. ) ;
#230 = DIRECTION ( 'NONE',  ( 2.058538524825830150E-15, 1.000000000000000000, 0.000000000000000000 ) ) ;
#231 = EDGE_CURVE ( 'NONE', #1449, #9016, #8543, .T. ) ;
#232 = CARTESIAN_POINT ( 'NONE',  ( -4.495037748814285194, -5.495922213774227849, 0.000000000000000000 ) ) ;
#233 = CARTESIAN_POINT ( 'NONE',  ( 9.076083591174711529, -13.77950313494681822, 0.000000000000000000 ) ) ;
#234 = CARTESIAN_POINT ( 'NONE',  ( -3.332366992317600030, -5.931888733289871318, -20.15000000000001634 ) ) ;
#235 = CARTESIAN_POINT ( 'NONE',  ( 3.934651554870547852, -5.640103478725175812, -19.57174264475092684 ) ) ;
#236 = AXIS2_PLACEMENT_3D ( 'NONE', #6109, #7590, #7495 ) ;
#237 = CARTESIAN_POINT ( 'NONE',  ( -5.790418258743170732, 6.274663706927738005, -20.14999999999998437 ) ) ;
#238 = VECTOR ( 'NONE', #3873, 1000.000000000000000 ) ;
#239 = ADVANCED_FACE ( 'NONE', ( #2259 ), #3737, .F. ) ;
#240 = FACE_OUTER_BOUND ( 'NONE', #7734, .T. ) ;
#241 = EDGE_CURVE ( 'NONE', #2996, #1293, #830, .T. ) ;
#242 = ORIENTED_EDGE ( 'NONE', *, *, #2820, .T. ) ;
#243 = CARTESIAN_POINT ( 'NONE',  ( 4.958996718716270458, -1.440633106859196655, -20.15000000000000213 ) ) ;
#244 = DIRECTION ( 'NONE',  ( 0.000000000000000000, 0.000000000000000000, 1.000000000000000000 ) ) ;
#245 = EDGE_LOOP ( 'NONE', ( #1940, #7710, #1152, #5160, #1651 ) ) ;
#246 = CARTESIAN_POINT ( 'NONE',  ( 3.243318384879271488, -15.17951173624168248, -0.4329946385732801328 ) ) ;
#247 = CARTESIAN_POINT ( 'NONE',  ( 17.00519513278020511, 10.52767089018514568, -6.000484587225372479 ) ) ;
#248 = CARTESIAN_POINT ( 'NONE',  ( 3.499946876327826750, -16.51928374655652831, 0.000000000000000000 ) ) ;
#249 = CARTESIAN_POINT ( 'NONE',  ( 3.218093311603584805, 6.391287592143923391, -19.57089794251937320 ) ) ;
#250 = AXIS2_PLACEMENT_3D ( 'NONE', #4050, #9034, #8160 ) ;
#251 = EDGE_CURVE ( 'NONE', #7973, #7199, #1648, .T. ) ;
#252 = CARTESIAN_POINT ( 'NONE',  ( 0.9999999999997820632, -19.97498435543818829, -11.00000000000000000 ) ) ;
#253 = ORIENTED_EDGE ( 'NONE', *, *, #5542, .T. ) ;
#254 = CARTESIAN_POINT ( 'NONE',  ( 1.298370751953937807, 5.028617779707436952, -20.15000000000000213 ) ) ;
#255 = CARTESIAN_POINT ( 'NONE',  ( 7.395357970803866365, 14.74987052430182821, -0.9999999999999974465 ) ) ;
#256 = LINE ( 'NONE', #3070, #3219 ) ;
#257 = CARTESIAN_POINT ( 'NONE',  ( -0.3915130680000645791, -7.099999999999800693, 0.000000000000000000 ) ) ;
#258 = AXIS2_PLACEMENT_3D ( 'NONE', #7735, #8575, #3675 ) ;
#259 = CARTESIAN_POINT ( 'NONE',  ( 8.145478472398584913, 0.4109796276327549180, -19.56655449420697579 ) ) ;
#260 = CARTESIAN_POINT ( 'NONE',  ( 6.268810435602524933, 6.151096239172240132, -20.15000000000000213 ) ) ;
#261 = AXIS2_PLACEMENT_3D ( 'NONE', #6591, #5119, #869 ) ;
#262 = EDGE_LOOP ( 'NONE', ( #2154, #3773, #616, #7870 ) ) ;
#263 = CARTESIAN_POINT ( 'NONE',  ( 1.615766906944974046, -9.571710253749063924, -19.55764634436730276 ) ) ;
#264 = ORIENTED_EDGE ( 'NONE', *, *, #8830, .F. ) ;
#265 = CARTESIAN_POINT ( 'NONE',  ( -17.28941916244309951, 8.250000000000220268, -3.000000000000000888 ) ) ;
#266 = DIRECTION ( 'NONE',  ( -0.8660254037844389297, -0.4999999999999993894, 0.000000000000000000 ) ) ;
#267 = CARTESIAN_POINT ( 'NONE',  ( -4.620143020353125962, 6.881737790150879164, -19.56589099770717866 ) ) ;
#268 = CARTESIAN_POINT ( 'NONE',  ( 11.33103002894448430, 8.759293775179177288, -12.00000000000000000 ) ) ;
#269 = CARTESIAN_POINT ( 'NONE',  ( -2.982022808808654890, 5.596522840868130011, -20.15000000000000213 ) ) ;
#270 = VERTEX_POINT ( 'NONE', #5714 ) ;
#271 = CARTESIAN_POINT ( 'NONE',  ( -1.925000000000517408, -5.999999999999777067, -13.74999999999997158 ) ) ;
#272 = ORIENTED_EDGE ( 'NONE', *, *, #338, .F. ) ;
#273 = EDGE_LOOP ( 'NONE', ( #4120, #6265, #6325, #8111 ) ) ;
#274 = CARTESIAN_POINT ( 'NONE',  ( -17.79884389200605810, 9.121466773934917782, 0.000000000000000000 ) ) ;
#275 = ADVANCED_FACE ( 'NONE', ( #2944 ), #5757, .F. ) ;
#276 = DIRECTION ( 'NONE',  ( 2.058538524825830150E-15, 1.000000000000000000, 0.000000000000000000 ) ) ;
#277 = DIRECTION ( 'NONE',  ( 0.000000000000000000, 0.000000000000000000, 1.000000000000000000 ) ) ;
#278 = CARTESIAN_POINT ( 'NONE',  ( -3.332028221900580789, -5.993914811502107476, -20.14999999999998792 ) ) ;
#279 = CARTESIAN_POINT ( 'NONE',  ( 7.878462024097640182, -1.389185421335560111, 2.000000000000000000 ) ) ;
#280 = CARTESIAN_POINT ( 'NONE',  ( -4.977007298523726142, 6.322412605754850645, -20.15000000000001634 ) ) ;
#281 = CARTESIAN_POINT ( 'NONE',  ( 5.382493388003301682, -4.698029437836363620, -13.14891407561041703 ) ) ;
#282 = CIRCLE ( 'NONE', #1763, 0.9999999999999793499 ) ;
#283 = VERTEX_POINT ( 'NONE', #131 ) ;
#284 = CARTESIAN_POINT ( 'NONE',  ( 6.149589683564635756, -0.3489014815925882695, -20.15000000000000213 ) ) ;
#285 = CARTESIAN_POINT ( 'NONE',  ( 0.000000000000000000, 0.000000000000000000, 2.000000000000000000 ) ) ;
#286 = EDGE_CURVE ( 'NONE', #2612, #297, #209, .T. ) ;
#287 = CARTESIAN_POINT ( 'NONE',  ( -17.84297448265688857, 2.372395753506384430, 0.000000000000000000 ) ) ;
#288 = VERTEX_POINT ( 'NONE', #7935 ) ;
#289 = CARTESIAN_POINT ( 'NONE',  ( -14.28941916244309951, 8.250000000000220268, -3.000000000000001332 ) ) ;
#290 = AXIS2_PLACEMENT_3D ( 'NONE', #8275, #6884, #6840 ) ;
#291 = CARTESIAN_POINT ( 'NONE',  ( 7.725840033403818176E-15, 4.499763272003790099E-15, 0.000000000000000000 ) ) ;
#292 = CARTESIAN_POINT ( 'NONE',  ( 7.895210997858671753, -1.290598039394673435, 4.000000000000000000 ) ) ;
#293 = CARTESIAN_POINT ( 'NONE',  ( 3.206331920683452630, 6.384564643620851854, -19.57093195491884430 ) ) ;
#294 = AXIS2_PLACEMENT_3D ( 'NONE', #8747, #1718, #6614 ) ;
#295 = PLANE ( 'NONE',  #3539 ) ;
#296 = EDGE_CURVE ( 'NONE', #2051, #7264, #8347, .T. ) ;
#297 = VERTEX_POINT ( 'NONE', #8024 ) ;
#298 = LINE ( 'NONE', #4504, #7021 ) ;
#299 = CARTESIAN_POINT ( 'NONE',  ( 11.70012003757519992, 9.765100670568196861, 0.000000000000000000 ) ) ;
#300 = DIRECTION ( 'NONE',  ( 0.000000000000000000, 0.000000000000000000, 1.000000000000000000 ) ) ;
#301 = EDGE_CURVE ( 'NONE', #770, #1204, #4831, .T. ) ;
#302 = CARTESIAN_POINT ( 'NONE',  ( 9.083838577948762705, 1.945022092707630046, -12.72851464022891399 ) ) ;
#303 = CIRCLE ( 'NONE', #2653, 10.00000000000000000 ) ;
#304 = CARTESIAN_POINT ( 'NONE',  ( 8.185461673627639101, 5.534610206156139078, -19.55648082676225741 ) ) ;
#305 = LINE ( 'NONE', #1039, #238 ) ;
#306 = CIRCLE ( 'NONE', #5473, 3.000000000000000888 ) ;
#307 = ORIENTED_EDGE ( 'NONE', *, *, #1427, .F. ) ;
#308 = CARTESIAN_POINT ( 'NONE',  ( 2.725561373013734023, -8.819716648383881363, -19.56065278584808809 ) ) ;
#309 = VERTEX_POINT ( 'NONE', #5388 ) ;
#310 = CARTESIAN_POINT ( 'NONE',  ( 0.000000000000000000, 0.000000000000000000, 0.000000000000000000 ) ) ;
#311 = CARTESIAN_POINT ( 'NONE',  ( 3.625429864904536004, 5.940391146103815245, -20.14999999999999858 ) ) ;
#312 = CARTESIAN_POINT ( 'NONE',  ( -6.427876108280459633, -7.660444421611440013, 0.000000000000000000 ) ) ;
#313 = AXIS2_PLACEMENT_3D ( 'NONE', #3651, #2030, #7157 ) ;
#314 = APPLICATION_CONTEXT ( 'automotive_design' ) ;
#315 = DIRECTION ( 'NONE',  ( 1.000000000000000000, 0.000000000000000000, 0.000000000000000000 ) ) ;
#316 = VERTEX_POINT ( 'NONE', #1875 ) ;
#317 = CARTESIAN_POINT ( 'NONE',  ( -16.79884389200603323, 10.85351758150377854, -6.800000000000000711 ) ) ;
#318 = ORIENTED_EDGE ( 'NONE', *, *, #513, .F. ) ;
#319 = ORIENTED_EDGE ( 'NONE', *, *, #9058, .F. ) ;
#320 = DIRECTION ( 'NONE',  ( 1.000000000000000000, 0.000000000000000000, 0.000000000000000000 ) ) ;
#321 = AXIS2_PLACEMENT_3D ( 'NONE', #8302, #7601, #7651 ) ;
#322 = VECTOR ( 'NONE', #8385, 1000.000000000000000 ) ;
#323 = FACE_OUTER_BOUND ( 'NONE', #3350, .T. ) ;
#324 = CARTESIAN_POINT ( 'NONE',  ( -8.085934533169176319, 1.334100936944960125, -20.14999999999999858 ) ) ;
#325 = CARTESIAN_POINT ( 'NONE',  ( -17.24789442234479608, 7.741118118203683451, -11.99999999999999822 ) ) ;
#326 = DIRECTION ( 'NONE',  ( 0.9848077530122057999, -0.1736481776669439869, 0.000000000000000000 ) ) ;
#327 = CARTESIAN_POINT ( 'NONE',  ( -5.193662181951832046, 6.330398915544035887, -20.15000000000001279 ) ) ;
#328 = CARTESIAN_POINT ( 'NONE',  ( 8.852192780166967978, 4.517552346356432658, -12.69999995247171398 ) ) ;
#329 = CIRCLE ( 'NONE', #7263, 3.499999999999999556 ) ;
#330 = ORIENTED_EDGE ( 'NONE', *, *, #5878, .T. ) ;
#331 = CARTESIAN_POINT ( 'NONE',  ( 3.407091438053973409, -4.917037325175019902, -20.15000000000000213 ) ) ;
#332 = DIRECTION ( 'NONE',  ( 0.000000000000000000, 0.000000000000000000, 1.000000000000000000 ) ) ;
#333 = CARTESIAN_POINT ( 'NONE',  ( -2.620126338115370445E-13, -16.50000000000000000, -3.000000000000001332 ) ) ;
#334 = CARTESIAN_POINT ( 'NONE',  ( 1.178669125964988342E-28, 6.268901968980452702E-29, -1.000000000000011324 ) ) ;
#335 = CIRCLE ( 'NONE', #8451, 1.600000000000000755 ) ;
#336 = CARTESIAN_POINT ( 'NONE',  ( 6.071532165918766455E-15, -1.051620219116014734E-14, -5.800000000000000711 ) ) ;
#337 = CARTESIAN_POINT ( 'NONE',  ( 1.178669125964988342E-28, 6.268901968980452702E-29, -12.00000000000000000 ) ) ;
#338 = EDGE_CURVE ( 'NONE', #7564, #4784, #3951, .T. ) ;
#339 = EDGE_CURVE ( 'NONE', #8992, #7050, #305, .T. ) ;
#340 = VERTEX_POINT ( 'NONE', #6632 ) ;
#341 = CARTESIAN_POINT ( 'NONE',  ( -17.79884389200605810, 9.121466773934917782, -11.00000000000000000 ) ) ;
#342 = ORIENTED_EDGE ( 'NONE', *, *, #2599, .T. ) ;
#343 = DIRECTION ( 'NONE',  ( 0.000000000000000000, 0.000000000000000000, -1.000000000000000000 ) ) ;
#344 = DIRECTION ( 'NONE',  ( -0.000000000000000000, -0.000000000000000000, 1.000000000000000000 ) ) ;
#345 = CARTESIAN_POINT ( 'NONE',  ( -1.031966391334214750, -13.68236548697616151, -11.28806485272399840 ) ) ;
#346 = ADVANCED_FACE ( 'NONE', ( #2610 ), #6812, .F. ) ;
#347 = CARTESIAN_POINT ( 'NONE',  ( 6.759859534895007904, -2.312361290794628488, -13.14898645150290157 ) ) ;
#348 = CARTESIAN_POINT ( 'NONE',  ( 8.805958320101494152, 1.466788059727050397, -19.56244856658744524 ) ) ;
#349 = EDGE_CURVE ( 'NONE', #1851, #8010, #3482, .T. ) ;
#350 = ADVANCED_FACE ( 'NONE', ( #392 ), #2471, .F. ) ;
#351 = CARTESIAN_POINT ( 'NONE',  ( 7.969476130098792410, 1.145288399223675535, -20.14999999999999858 ) ) ;
#352 = ORIENTED_EDGE ( 'NONE', *, *, #692, .T. ) ;
#353 = DIRECTION ( 'NONE',  ( -0.000000000000000000, -0.000000000000000000, 1.000000000000000000 ) ) ;
#354 = ORIENTED_EDGE ( 'NONE', *, *, #7457, .T. ) ;
#355 = DIRECTION ( 'NONE',  ( -0.8660254037844332675, 0.5000000000000092149, 0.000000000000000000 ) ) ;
#356 = CARTESIAN_POINT ( 'NONE',  ( -7.713451316238590927, -9.192533317427610484, 0.000000000000000000 ) ) ;
#357 = DIRECTION ( 'NONE',  ( 0.000000000000000000, 0.000000000000000000, -1.000000000000000000 ) ) ;
#358 = DIRECTION ( 'NONE',  ( -0.6427876096865502431, -0.7660444431189690206, 0.000000000000000000 ) ) ;
#359 = CARTESIAN_POINT ( 'NONE',  ( -3.509033278828635360, 5.873497688984489429, -20.15000000000002700 ) ) ;
#360 = ORIENTED_EDGE ( 'NONE', *, *, #2713, .T. ) ;
#361 = CARTESIAN_POINT ( 'NONE',  ( -14.31270730586845019, 4.250067792777746156, -1.000000000000011324 ) ) ;
#362 = VERTEX_POINT ( 'NONE', #2519 ) ;
#363 = EDGE_LOOP ( 'NONE', ( #7994, #3272, #7916, #7921, #729 ) ) ;
#364 = CARTESIAN_POINT ( 'NONE',  ( -0.9163419168206304866, -9.196941197951606028, -20.14999999999999503 ) ) ;
#365 = DIRECTION ( 'NONE',  ( 0.000000000000000000, 0.000000000000000000, -1.000000000000000000 ) ) ;
#366 = DIRECTION ( 'NONE',  ( 0.000000000000000000, 0.000000000000000000, -1.000000000000000000 ) ) ;
#367 = CARTESIAN_POINT ( 'NONE',  ( -14.28941916244310306, 8.250000000000241585, -0.5000000000000086597 ) ) ;
#368 = CARTESIAN_POINT ( 'NONE',  ( 5.319515568813216966, -1.937214999825268125, -19.57546304045065355 ) ) ;
#369 = CARTESIAN_POINT ( 'NONE',  ( -4.020992185041649236, 6.118483079726198426, -20.14999999999997371 ) ) ;
#370 = CARTESIAN_POINT ( 'NONE',  ( 4.049248172075082586, -5.845636775475525404, -13.13703335437519826 ) ) ;
#371 = ORIENTED_EDGE ( 'NONE', *, *, #6595, .T. ) ;
#372 = DIRECTION ( 'NONE',  ( -0.3420201433256558343, -0.9396926207859130908, 0.000000000000000000 ) ) ;
#373 = CARTESIAN_POINT ( 'NONE',  ( 3.637589307392430360, -3.861172329386672875, -20.15000000000000568 ) ) ;
#374 = CARTESIAN_POINT ( 'NONE',  ( 12.11044710970903360, 12.07257515209327536, 0.000000000000000000 ) ) ;
#375 = LINE ( 'NONE', #5024, #2967 ) ;
#376 = AXIS2_PLACEMENT_3D ( 'NONE', #6774, #447, #494 ) ;
#377 = CARTESIAN_POINT ( 'NONE',  ( 11.28941916244340149, 8.249999999999779732, -3.000000000000000888 ) ) ;
#378 = CARTESIAN_POINT ( 'NONE',  ( -10.29679465912029634, 7.975024233592036715, -11.97848796179944841 ) ) ;
#379 = CARTESIAN_POINT ( 'NONE',  ( -10.83702032928546544, 10.27013422742469650, -1.000000000000011102 ) ) ;
#380 = EDGE_LOOP ( 'NONE', ( #694, #965, #5868, #1963 ) ) ;
#381 = CARTESIAN_POINT ( 'NONE',  ( 6.156362579861799134, 16.91446717414639878, 3.999999999999949818 ) ) ;
#382 = EDGE_LOOP ( 'NONE', ( #4549, #8904, #879, #530, #1863, #8760 ) ) ;
#383 = EDGE_CURVE ( 'NONE', #5264, #6502, #5551, .T. ) ;
#384 = DIRECTION ( 'NONE',  ( 0.000000000000000000, 0.000000000000000000, 1.000000000000000000 ) ) ;
#385 = CARTESIAN_POINT ( 'NONE',  ( -8.999026535611712063, -10.72462220366560182, 3.999999999999949818 ) ) ;
#386 = CARTESIAN_POINT ( 'NONE',  ( -0.2650803488313585587, -13.50928260013894899, -5.827035454541356962 ) ) ;
#387 = AXIS2_PLACEMENT_3D ( 'NONE', #7405, #1075, #3902 ) ;
#388 = CARTESIAN_POINT ( 'NONE',  ( -2.308076694259606487, -6.748369234145648043, -13.17148535977111656 ) ) ;
#389 = CARTESIAN_POINT ( 'NONE',  ( -17.84297448265688857, 2.372395753506384430, 0.000000000000000000 ) ) ;
#390 = EDGE_CURVE ( 'NONE', #5322, #6477, #1571, .T. ) ;
#391 = CIRCLE ( 'NONE', #6885, 18.00000000000000000 ) ;
#392 = FACE_OUTER_BOUND ( 'NONE', #4974, .T. ) ;
#393 = VERTEX_POINT ( 'NONE', #6069 ) ;
#394 = CARTESIAN_POINT ( 'NONE',  ( -4.631508648374293990, -17.39393939393931987, 4.000000000000000000 ) ) ;
#395 = EDGE_CURVE ( 'NONE', #2962, #5565, #9094, .T. ) ;
#396 = ORIENTED_EDGE ( 'NONE', *, *, #6834, .T. ) ;
#397 = CARTESIAN_POINT ( 'NONE',  ( 5.814342436536150238, 15.97477455336050056, 0.000000000000000000 ) ) ;
#398 = DIRECTION ( 'NONE',  ( -0.6427876096865500211, -0.7660444431189690206, 0.000000000000000000 ) ) ;
#399 = LINE ( 'NONE', #533, #3421 ) ;
#400 = CARTESIAN_POINT ( 'NONE',  ( 8.269654335018264746, 1.723645106889754919, -20.15000000000000213 ) ) ;
#401 = CARTESIAN_POINT ( 'NONE',  ( 11.28941916244308530, 8.250000000000413891, -11.86602540378481585 ) ) ;
#402 = CARTESIAN_POINT ( 'NONE',  ( 11.28941916244336241, 8.089170595963555144, -11.78561070176631986 ) ) ;
#403 = CIRCLE ( 'NONE', #4985, 2.999999999999997335 ) ;
#404 = ORIENTED_EDGE ( 'NONE', *, *, #2939, .F. ) ;
#405 = CARTESIAN_POINT ( 'NONE',  ( 18.84355630229944012, 9.724631765243044512, -6.800000000000000711 ) ) ;
#406 = ORIENTED_EDGE ( 'NONE', *, *, #8924, .T. ) ;
#407 = VERTEX_POINT ( 'NONE', #7088 ) ;
#408 = CARTESIAN_POINT ( 'NONE',  ( 0.1060644501759458180, -9.323736870985996461, -20.14999999999999858 ) ) ;
#409 = DIRECTION ( 'NONE',  ( 0.000000000000000000, 0.000000000000000000, 1.000000000000000000 ) ) ;
#410 = CARTESIAN_POINT ( 'NONE',  ( -8.438199232135868755, 2.244219988871656746, -20.14999999999999503 ) ) ;
#411 = FACE_OUTER_BOUND ( 'NONE', #1617, .T. ) ;
#412 = CARTESIAN_POINT ( 'NONE',  ( 3.925930121005858364, -6.000000000182119209, -19.57085359159096782 ) ) ;
#413 = AXIS2_PLACEMENT_3D ( 'NONE', #7940, #1608, #8724 ) ;
#414 = EDGE_CURVE ( 'NONE', #7928, #7026, #8654, .T. ) ;
#415 = CARTESIAN_POINT ( 'NONE',  ( -7.159117483306193463, -0.3999552182180289850, -19.57085359159119164 ) ) ;
#416 = CARTESIAN_POINT ( 'NONE',  ( 3.924999999999967404, -5.426196494184077679, -12.76259216649566675 ) ) ;
#417 = EDGE_LOOP ( 'NONE', ( #160, #7633, #5332, #5627, #4939 ) ) ;
#418 = CARTESIAN_POINT ( 'NONE',  ( -20.00000000000000000, 2.449293598294706513E-15, -12.00000000000000000 ) ) ;
#419 = AXIS2_PLACEMENT_3D ( 'NONE', #3289, #3374, #7481 ) ;
#420 = CARTESIAN_POINT ( 'NONE',  ( 1.324999999999829869, -5.999999999999777067, -13.14999999999999858 ) ) ;
#421 = CARTESIAN_POINT ( 'NONE',  ( 5.932638115201564588, -15.39655172413803008, -0.9999999999999974465 ) ) ;
#422 = DIRECTION ( 'NONE',  ( -2.497731614762240249E-15, 2.976680625228960537E-15, -1.000000000000000000 ) ) ;
#423 = CARTESIAN_POINT ( 'NONE',  ( 3.384927016143775003, -15.58504374282417615, -0.2560331597933883097 ) ) ;
#424 = DIRECTION ( 'NONE',  ( 0.000000000000000000, 0.000000000000000000, -1.000000000000000000 ) ) ;
#425 = CARTESIAN_POINT ( 'NONE',  ( -14.28941916244310306, 8.250000000000241585, -12.00000000000000000 ) ) ;
#426 = AXIS2_PLACEMENT_3D ( 'NONE', #4334, #4283, #3540 ) ;
#427 = VERTEX_POINT ( 'NONE', #8620 ) ;
#428 = CARTESIAN_POINT ( 'NONE',  ( -15.75692404819529635, -2.778370842671100238, 0.000000000000000000 ) ) ;
#429 = CIRCLE ( 'NONE', #6178, 1.000000000000000444 ) ;
#430 = ORIENTED_EDGE ( 'NONE', *, *, #3590, .F. ) ;
#431 = CARTESIAN_POINT ( 'NONE',  ( 15.22591083554691416, 11.10008479631861711, -12.00000000000000000 ) ) ;
#432 = CARTESIAN_POINT ( 'NONE',  ( 7.966809235161430358, 15.58139758207030923, 0.000000000000000000 ) ) ;
#433 = CARTESIAN_POINT ( 'NONE',  ( -1.150073989544599051, -13.72847538340366214, -11.54561543566215498 ) ) ;
#434 = CARTESIAN_POINT ( 'NONE',  ( -7.087094034895891070, -0.5839333955070372673, -13.13703335437520181 ) ) ;
#435 = CARTESIAN_POINT ( 'NONE',  ( 9.159339953157539881E-15, 9.769962616701378818E-14, 0.000000000000000000 ) ) ;
#436 = AXIS2_PLACEMENT_3D ( 'NONE', #6389, #1400, #4224 ) ;
#437 = DIRECTION ( 'NONE',  ( 0.000000000000000000, 0.000000000000000000, -1.000000000000000000 ) ) ;
#438 = EDGE_LOOP ( 'NONE', ( #1324, #1163, #1166, #2191, #4250 ) ) ;
#439 = DIRECTION ( 'NONE',  ( 0.6427876096865501321, 0.7660444431189690206, 0.000000000000000000 ) ) ;
#440 = AXIS2_PLACEMENT_3D ( 'NONE', #6023, #353, #3167 ) ;
#441 = ORIENTED_EDGE ( 'NONE', *, *, #2611, .T. ) ;
#442 = CARTESIAN_POINT ( 'NONE',  ( 18.17934377039329874, 8.338402280630035079, -12.00000000000000178 ) ) ;
#443 = CARTESIAN_POINT ( 'NONE',  ( 17.22591083554715397, 7.635983181180999502, -12.00000000000000000 ) ) ;
#444 = DIRECTION ( 'NONE',  ( 0.000000000000000000, 0.000000000000000000, -1.000000000000000000 ) ) ;
#445 = CARTESIAN_POINT ( 'NONE',  ( 8.423046287136431332, 3.804533712856959404, -20.14999999999998437 ) ) ;
#446 = CARTESIAN_POINT ( 'NONE',  ( -3.499946876328350776, -16.51928374655641818, 4.000000000000000000 ) ) ;
#447 = DIRECTION ( 'NONE',  ( -0.000000000000000000, -0.000000000000000000, -1.000000000000000000 ) ) ;
#448 = EDGE_CURVE ( 'NONE', #7050, #9056, #7930, .T. ) ;
#449 = EDGE_LOOP ( 'NONE', ( #8957, #6883, #4918, #2692 ) ) ;
#450 = EDGE_LOOP ( 'NONE', ( #6848, #6527, #8788, #8070, #2213, #8452, #3043 ) ) ;
#451 = ADVANCED_FACE ( 'NONE', ( #6856 ), #8523, .F. ) ;
#452 = ORIENTED_EDGE ( 'NONE', *, *, #836, .T. ) ;
#453 = CARTESIAN_POINT ( 'NONE',  ( 0.8602729179315414809, -9.213760171800643661, -20.14999999999999858 ) ) ;
#454 = ORIENTED_EDGE ( 'NONE', *, *, #6963, .F. ) ;
#455 = DIRECTION ( 'NONE',  ( 1.028313268071524502E-14, 1.000000000000000000, 0.000000000000000000 ) ) ;
#456 = LINE ( 'NONE', #1242, #3667 ) ;
#457 = VECTOR ( 'NONE', #2719, 1000.000000000000000 ) ;
#458 = CARTESIAN_POINT ( 'NONE',  ( 3.332066107733001381, -5.979603030040014033, -20.15000000000003766 ) ) ;
#459 = CARTESIAN_POINT ( 'NONE',  ( -7.129584630170816340, 0.2063761487538511297, -13.14533029738476166 ) ) ;
#460 = CARTESIAN_POINT ( 'NONE',  ( 0.2757152519282545788, 5.499734399471503998, -19.57593359425969837 ) ) ;
#461 = EDGE_CURVE ( 'NONE', #4023, #1293, #5788, .T. ) ;
#462 = CIRCLE ( 'NONE', #1200, 16.00000000000000355 ) ;
#463 = ORIENTED_EDGE ( 'NONE', *, *, #6718, .F. ) ;
#464 = CARTESIAN_POINT ( 'NONE',  ( 17.23890890522655184, 8.798188158588590824, -11.18201594453590175 ) ) ;
#465 = CIRCLE ( 'NONE', #3121, 2.000000000000000888 ) ;
#466 = EDGE_CURVE ( 'NONE', #3876, #5057, #2703, .T. ) ;
#467 = CARTESIAN_POINT ( 'NONE',  ( 7.589218878281473124, 15.03679727237869201, -0.6565626641534981767 ) ) ;
#468 = CARTESIAN_POINT ( 'NONE',  ( 5.472322293210499566, 15.03508193257459880, 0.000000000000000000 ) ) ;
#469 = CARTESIAN_POINT ( 'NONE',  ( -17.99983047684337478, -0.07812045123001278013, 4.000000000000000000 ) ) ;
#470 = CARTESIAN_POINT ( 'NONE',  ( -6.328503321879086485, -0.9579587467200831874, -19.57320173529950580 ) ) ;
#471 = CARTESIAN_POINT ( 'NONE',  ( -6.148792571289595443, -3.550007046225150287, 0.000000000000000000 ) ) ;
#472 = CARTESIAN_POINT ( 'NONE',  ( 1.435141537004680945, -13.86317030052961918, -11.83600841657411529 ) ) ;
#473 = AXIS2_PLACEMENT_3D ( 'NONE', #1231, #3964, #3312 ) ;
#474 = ORIENTED_EDGE ( 'NONE', *, *, #5244, .T. ) ;
#475 = DIRECTION ( 'NONE',  ( -0.8660254037844387076, -0.4999999999999998335, 0.000000000000000000 ) ) ;
#476 = AXIS2_PLACEMENT_3D ( 'NONE', #8491, #5755, #3548 ) ;
#477 = B_SPLINE_SURFACE_WITH_KNOTS ( 'NONE', 1, 3, ( 
 ( #5304, #311, #3130, #8031, #3035, #5946, #6506, #916, #7244, #3172, #8773, #1657, #5256, #4476, #8639, #5166, #8726, #1793, #2999, #1697, #5985, #5121, #3746, #6551, #5851, #4699, #1883, #8863, #7557, #6029, #8343, #8952, #2571, #5394, #1977, #6078, #6915, #4747, #1276, #8908, #2527, #5485, #7510, #8210, #4790, #8255, #1136, #5527, #4838, #9049, #1840, #2665, #6122, #5353, #1182, #4010, #7467, #8168, #3357, #2619, #8303, #2020, #445, #8998, #4655, #3965, #6772, #6170, #5439, #6821, #492, #7602, #3313, #587, #1232, #4103, #1931, #3265, #3405, #4058, #6863, #6218, #535, #2710, #7653, #3921, #6727, #400, #3217, #3547, #3453, #7749, #4934, #4887, #9091, #773, #6355, #5712, #2943, #7005, #6403, #2750, #5571, #6261, #3598, #33, #9142, #6306 ),
 ( #7704, #724, #8444, #8393, #815, #2851, #1373, #5620, #6448, #2117, #2801, #8540, #5754, #1417, #5028, #1464, #82, #3642, #1516, #2894, #8585, #4242, #7053, #2067, #2255, #635, #7849, #7800, #2207, #5668, #4982, #4195, #4339, #5072, #676, #2160, #7151, #1328, #8490, #4290, #3497, #7105, #128, #4150, #6959, #304, #5886, #1037, #1560, #1645, #2469, #5205, #5112, #2340, #6674, #4420, #8672, #2382, #4465, #3778, #4377, #1601, #3688, #5801, #7193, #8631, #948, #861, #7934, #171, #5156, #6495, #6585, #3871, #3733, #2988, #5934, #8807, #6543, #996, #6630, #3119, #215, #3072, #7892, #3026, #2297, #8717, #348, #3162, #1688, #8023, #7977, #5843, #7235, #5975, #4508, #7321, #3823, #259, #904, #8766, #2426, #5246, #7279, #8066, #1735, #4555 ) ),
 .UNSPECIFIED., .F., .F., .F.,
 ( 2, 2 ),
 ( 4, 2, 2, 2, 2, 2, 2, 2, 2, 2, 2, 2, 2, 2, 2, 2, 2, 2, 2, 2, 2, 2, 2, 2, 2, 2, 2, 2, 2, 2, 2, 2, 2, 2, 2, 2, 2, 2, 2, 2, 2, 2, 2, 2, 2, 2, 2, 2, 2, 2, 2, 2, 2, 4 ),
 ( 0.000000000000000000, 1.000000000000000000 ),
 ( -9.004376929920608966E-07, 0.0003242776552975923788, 0.0006494557482881768186, 0.0009746338412787613125, 0.001137222887774053505, 0.001299811934269345806, 0.001462400980764637891, 0.001624990027259930192, 0.001787579073755222493, 0.001950168120250514794, 0.002275346213241099397, 0.002437935259736391698, 0.002600524306231683565, 0.002763113352726975433, 0.002925702399222267734, 0.003250880492212852337, 0.003576058585203436939, 0.003657353108451083089, 0.003738647631698729240, 0.003901236678194021541, 0.004063825724689313842, 0.004226414771184605276, 0.004551592864175189879, 0.004714181910670482180, 0.004876770957165774481, 0.005039360003661066782, 0.005201949050156359083, 0.005527127143146943686, 0.005689716189642235987, 0.005852305236137528288, 0.006014894282632820589, 0.006177483329128112891, 0.006340072375623405192, 0.006502661422118697493, 0.006665250468613989794, 0.006827839515109282095, 0.006990428561604574396, 0.007153017608099866698, 0.007315606654595158999, 0.007478195701090451300, 0.007803373794081035035, 0.007965962840576327336, 0.008128551887071618770, 0.008209846410319264487, 0.008291140933566910204, 0.008453729980062203372, 0.008778908073052787975, 0.008941497119548079409, 0.009104086166043372577, 0.009266675212538665746, 0.009429264259033957180, 0.009754442352024541782, 0.01007962044501512638, 0.01040479853800571099 ),
 .UNSPECIFIED. ) ;
#478 = CIRCLE ( 'NONE', #3592, 4.000000000000001776 ) ;
#479 = VERTEX_POINT ( 'NONE', #5476 ) ;
#480 = CARTESIAN_POINT ( 'NONE',  ( 13.21591654299270679, 5.444934780131424290, -12.00000000000000000 ) ) ;
#481 = CYLINDRICAL_SURFACE ( 'NONE', #7707, 14.99999999999999822 ) ;
#482 = DIRECTION ( 'NONE',  ( -0.6427876096865469124, 0.7660444431189716852, 0.000000000000000000 ) ) ;
#483 = CARTESIAN_POINT ( 'NONE',  ( -4.049248172075136765, -5.845636775475486324, 0.000000000000000000 ) ) ;
#484 = FACE_OUTER_BOUND ( 'NONE', #7308, .T. ) ;
#485 = CIRCLE ( 'NONE', #7254, 2.999999999999993783 ) ;
#486 = ORIENTED_EDGE ( 'NONE', *, *, #6451, .F. ) ;
#487 = CARTESIAN_POINT ( 'NONE',  ( -3.649688238281679098, -7.442030119808038968, -19.56589099770720708 ) ) ;
#488 = ORIENTED_EDGE ( 'NONE', *, *, #8067, .F. ) ;
#489 = DIRECTION ( 'NONE',  ( 0.9848077530122054668, -0.1736481776669450694, 0.000000000000000000 ) ) ;
#490 = PLANE ( 'NONE',  #708 ) ;
#491 = CARTESIAN_POINT ( 'NONE',  ( 7.070663706552050343, -8.426488874308670773, 3.999999999999949818 ) ) ;
#492 = CARTESIAN_POINT ( 'NONE',  ( 8.518573797790041979, 3.161580333438864354, -20.15000000000001634 ) ) ;
#493 = CARTESIAN_POINT ( 'NONE',  ( -14.32435137758112376, 2.250101689166502439, -12.00000000000000000 ) ) ;
#494 = DIRECTION ( 'NONE',  ( -1.000000000000000000, 0.000000000000000000, 0.000000000000000000 ) ) ;
#495 = ADVANCED_FACE ( 'NONE', ( #8296 ), #1969, .T. ) ;
#496 = ORIENTED_EDGE ( 'NONE', *, *, #6089, .F. ) ;
#497 = EDGE_LOOP ( 'NONE', ( #4754, #3970, #2865, #2787 ) ) ;
#498 = CARTESIAN_POINT ( 'NONE',  ( 3.097353767839996941, -7.223515346322670005, -20.14999999999999147 ) ) ;
#499 = B_SPLINE_CURVE_WITH_KNOTS ( 'NONE', 3,
 ( #532, #1180, #2569, #7507, #3919, #8950, #5437, #1929, #7554, #4056, #5301, #3355, #6168, #2663, #1975, #4148, #80, #2848, #4884, #3544, #7702, #631, #4836, #7002, #6214, #2114, #8537, #8391, #2017, #1462, #4337, #2064, #5666, #2155, #4979, #1370, #7746, #3402, #4192, #5524, #5618, #5569, #6400, #4239, #771, #672, #8339 ),
 .UNSPECIFIED., .F., .F.,
 ( 4, 2, 2, 1, 2, 2, 2, 2, 1, 1, 2, 2, 2, 2, 2, 2, 1, 1, 1, 2, 2, 2, 2, 1, 2, 2, 4 ),
 ( 0.000000000000000000, 0.06250000000000031919, 0.09375000000000044409, 0.1093750000000005135, 0.1171875000000006523, 0.1250000000000007772, 0.1875000000000011102, 0.2187500000000012490, 0.2343750000000012212, 0.2421875000000013045, 0.2460937500000012212, 0.2500000000000011657, 0.3750000000000007772, 0.5000000000000005551, 0.6250000000000004441, 0.6875000000000003331, 0.7187500000000002220, 0.7343750000000003331, 0.7421875000000003331, 0.7460937500000003331, 0.7500000000000003331, 0.8124999999999998890, 0.8437499999999996669, 0.8593749999999996669, 0.8671874999999996669, 0.8749999999999996669, 1.000000000000000000 ),
 .UNSPECIFIED. ) ;
#500 = EDGE_LOOP ( 'NONE', ( #566, #5423, #8628, #1777 ) ) ;
#501 = CARTESIAN_POINT ( 'NONE',  ( 0.8732647291821412638, -12.59614634209520823, -6.295470266795013536 ) ) ;
#502 = EDGE_CURVE ( 'NONE', #407, #7856, #6876, .T. ) ;
#503 = CARTESIAN_POINT ( 'NONE',  ( 11.75788583056600345, 6.634744351865537126, -5.800000000000001599 ) ) ;
#504 = CARTESIAN_POINT ( 'NONE',  ( 7.155795174026541972, -0.4018798856291912469, -19.57086380398475711 ) ) ;
#505 = CARTESIAN_POINT ( 'NONE',  ( -8.381336715503199031, 0.5360068965513107297, -20.14999999999998082 ) ) ;
#506 = CARTESIAN_POINT ( 'NONE',  ( -1.398609044498644982, 5.659022309536598350, -19.57495379847033234 ) ) ;
#507 = VERTEX_POINT ( 'NONE', #7137 ) ;
#508 = CYLINDRICAL_SURFACE ( 'NONE', #5005, 1.999999999999999556 ) ;
#509 = ORIENTED_EDGE ( 'NONE', *, *, #8258, .F. ) ;
#510 = CARTESIAN_POINT ( 'NONE',  ( 10.83702032928581183, 10.27013422742433590, -12.00000000000000000 ) ) ;
#511 = CARTESIAN_POINT ( 'NONE',  ( 11.33992941966018719, 7.701811841411315029, -6.800000000000000711 ) ) ;
#512 = CARTESIAN_POINT ( 'NONE',  ( -10.39230484541333688, -6.000000000000039968, 0.000000000000000000 ) ) ;
#513 = EDGE_CURVE ( 'NONE', #8992, #4088, #801, .T. ) ;
#514 = CARTESIAN_POINT ( 'NONE',  ( -7.149205920664791769, -0.4057033000270052758, -19.57088293738277329 ) ) ;
#515 = DIRECTION ( 'NONE',  ( 0.8660254037844387076, -0.4999999999999998890, 0.000000000000000000 ) ) ;
#516 = CARTESIAN_POINT ( 'NONE',  ( -16.82095206957330547, 9.865256383818163499, -5.800000000000000711 ) ) ;
#517 = ORIENTED_EDGE ( 'NONE', *, *, #2334, .F. ) ;
#518 = DIRECTION ( 'NONE',  ( -0.6427876096865474675, 0.7660444431189712411, -8.673617379884257339E-16 ) ) ;
#519 = ORIENTED_EDGE ( 'NONE', *, *, #466, .F. ) ;
#520 = CARTESIAN_POINT ( 'NONE',  ( 12.53747392764832647, 5.812055850656395073, -11.65858465371687203 ) ) ;
#521 = CARTESIAN_POINT ( 'NONE',  ( 17.37934771122550259, 4.685965549630182636, 0.000000000000000000 ) ) ;
#522 = CARTESIAN_POINT ( 'NONE',  ( 3.139913229614041068, 6.346754125132045843, -19.57112393717058296 ) ) ;
#523 = CARTESIAN_POINT ( 'NONE',  ( -4.718010566148221230, -5.324769750921366729, -13.13741828360687869 ) ) ;
#524 = CARTESIAN_POINT ( 'NONE',  ( 1.178669125964988342E-28, 6.268901968980452702E-29, 0.000000000000000000 ) ) ;
#525 = ADVANCED_FACE ( 'NONE', ( #5739, #7882 ), #9039, .T. ) ;
#526 = VECTOR ( 'NONE', #3780, 1000.000000000000000 ) ;
#527 = CARTESIAN_POINT ( 'NONE',  ( 7.656622063715581739, 15.19631082570222524, 2.000000000000000000 ) ) ;
#528 = ORIENTED_EDGE ( 'NONE', *, *, #461, .F. ) ;
#529 = CARTESIAN_POINT ( 'NONE',  ( 5.196152422706617813, 3.000000000000023981, -13.14999999999999858 ) ) ;
#530 = ORIENTED_EDGE ( 'NONE', *, *, #2326, .T. ) ;
#531 = CARTESIAN_POINT ( 'NONE',  ( 18.23368793961413559, 8.217823563497207218, -12.00000000000000000 ) ) ;
#532 = CARTESIAN_POINT ( 'NONE',  ( -3.233193268264179743, 6.399958609918928509, -19.57085358693101540 ) ) ;
#533 = CARTESIAN_POINT ( 'NONE',  ( -4.631508648374294879, -17.39393939393931987, 0.000000000000000000 ) ) ;
#534 = EDGE_CURVE ( 'NONE', #8485, #6743, #8205, .T. ) ;
#535 = CARTESIAN_POINT ( 'NONE',  ( 8.380382066596418156, 2.032486147253628417, -20.14999999999999147 ) ) ;
#536 = B_SPLINE_CURVE_WITH_KNOTS ( 'NONE', 1,
 ( #2237, #152 ),
 .UNSPECIFIED., .F., .F.,
 ( 2, 2 ),
 ( 0.000000000000000000, 1.000000000000000000 ),
 .UNSPECIFIED. ) ;
#537 = CARTESIAN_POINT ( 'NONE',  ( 14.31270730586859408, 4.250067792777271869, -0.9999999999999974465 ) ) ;
#538 = DIRECTION ( 'NONE',  ( 0.000000000000000000, 0.000000000000000000, 1.000000000000000000 ) ) ;
#539 = EDGE_CURVE ( 'NONE', #661, #7657, #3337, .T. ) ;
#540 = DIRECTION ( 'NONE',  ( 0.000000000000000000, 0.000000000000000000, -1.000000000000000000 ) ) ;
#541 = ORIENTED_EDGE ( 'NONE', *, *, #4094, .F. ) ;
#542 = ORIENTED_EDGE ( 'NONE', *, *, #3948, .T. ) ;
#543 = CARTESIAN_POINT ( 'NONE',  ( -0.7038101976986829156, -9.250094784422593364, -20.14999999999999858 ) ) ;
#544 = VERTEX_POINT ( 'NONE', #889 ) ;
#545 = CARTESIAN_POINT ( 'NONE',  ( -1.000000000000212497, -19.32842712474620939, -11.00000000000000000 ) ) ;
#546 = FACE_OUTER_BOUND ( 'NONE', #7579, .T. ) ;
#547 = CARTESIAN_POINT ( 'NONE',  ( 7.154802418573536826, -0.4024553458856299226, -19.57086675138829435 ) ) ;
#548 = CARTESIAN_POINT ( 'NONE',  ( -0.3915130680000645791, -7.099999999999800693, 0.000000000000000000 ) ) ;
#549 = AXIS2_PLACEMENT_3D ( 'NONE', #3507, #6317, #2761 ) ;
#550 = CARTESIAN_POINT ( 'NONE',  ( 0.1364177762489932610, 5.494661092254835566, -19.57596518084141479 ) ) ;
#551 = PRODUCT ( 'Orbi_JoystickSpring', 'Orbi_JoystickSpring', '', ( #8632 ) ) ;
#552 = EDGE_CURVE ( 'NONE', #1204, #1214, #6150, .T. ) ;
#553 = ORIENTED_EDGE ( 'NONE', *, *, #6379, .F. ) ;
#554 = CARTESIAN_POINT ( 'NONE',  ( -5.785088510008860929, -6.894399968914189714, 3.999999999999949818 ) ) ;
#555 = ORIENTED_EDGE ( 'NONE', *, *, #2833, .T. ) ;
#556 = ORIENTED_EDGE ( 'NONE', *, *, #7071, .T. ) ;
#557 = DIRECTION ( 'NONE',  ( -1.000000000000000000, 0.000000000000000000, 0.000000000000000000 ) ) ;
#558 = CIRCLE ( 'NONE', #3065, 13.00000000000000355 ) ;
#559 = CARTESIAN_POINT ( 'NONE',  ( 11.33992941966018719, 7.701811841411316806, -6.666908016579466967 ) ) ;
#560 = CARTESIAN_POINT ( 'NONE',  ( 9.641814145298260641, -11.49066664678460015, 3.999999999999949818 ) ) ;
#561 = CARTESIAN_POINT ( 'NONE',  ( -4.325004520217692772, -3.671606760356258548, -19.57542663008768002 ) ) ;
#562 = CYLINDRICAL_SURFACE ( 'NONE', #780, 0.9999999999999853451 ) ;
#563 = DIRECTION ( 'NONE',  ( -0.000000000000000000, -0.000000000000000000, 1.000000000000000000 ) ) ;
#564 = AXIS2_PLACEMENT_3D ( 'NONE', #2986, #5799, #6541 ) ;
#565 = EDGE_CURVE ( 'NONE', #6499, #1628, #4231, .T. ) ;
#566 = ORIENTED_EDGE ( 'NONE', *, *, #8933, .F. ) ;
#567 = CARTESIAN_POINT ( 'NONE',  ( 11.69134295108999311, 6.749999999999937828, -5.800000000000000711 ) ) ;
#568 = EDGE_CURVE ( 'NONE', #3752, #6850, #5259, .T. ) ;
#569 = VERTEX_POINT ( 'NONE', #4405 ) ;
#570 = FACE_OUTER_BOUND ( 'NONE', #2734, .T. ) ;
#571 = AXIS2_PLACEMENT_3D ( 'NONE', #7594, #1366, #4617 ) ;
#572 = DIRECTION ( 'NONE',  ( 0.7071067811865462405, 0.000000000000000000, 0.7071067811865489050 ) ) ;
#573 = DIRECTION ( 'NONE',  ( -1.000000000000000000, 0.000000000000000000, 0.000000000000000000 ) ) ;
#574 = CARTESIAN_POINT ( 'NONE',  ( 5.196152422706617813, 3.000000000000023981, -13.14999999999999858 ) ) ;
#575 = EDGE_CURVE ( 'NONE', #2013, #5888, #2088, .T. ) ;
#576 = VECTOR ( 'NONE', #3861, 1000.000000000000000 ) ;
#577 = CARTESIAN_POINT ( 'NONE',  ( -3.402577389541727726, -7.114946739658487118, 0.000000000000000000 ) ) ;
#578 = DIRECTION ( 'NONE',  ( 0.000000000000000000, 0.000000000000000000, -1.000000000000000000 ) ) ;
#579 = EDGE_CURVE ( 'NONE', #791, #8721, #2015, .T. ) ;
#580 = EDGE_LOOP ( 'NONE', ( #191, #5557, #1753, #8980 ) ) ;
#581 = CARTESIAN_POINT ( 'NONE',  ( -17.32050807568862894, 10.00000000000026112, -5.800000000000000711 ) ) ;
#582 = ORIENTED_EDGE ( 'NONE', *, *, #126, .T. ) ;
#583 = FACE_OUTER_BOUND ( 'NONE', #2847, .T. ) ;
#584 = CARTESIAN_POINT ( 'NONE',  ( -8.356238925925149275, -9.958577760546580393, 3.999999999999949818 ) ) ;
#585 = DIRECTION ( 'NONE',  ( 1.643984094156469846E-15, 1.000000000000000000, 0.000000000000000000 ) ) ;
#586 = CIRCLE ( 'NONE', #5162, 20.00000000000000000 ) ;
#587 = CARTESIAN_POINT ( 'NONE',  ( 8.520785739320146490, 2.888603773058672441, -20.14999999999998082 ) ) ;
#588 = CARTESIAN_POINT ( 'NONE',  ( -0.6166405021386766050, 4.922253949501534720, -20.14999999999999858 ) ) ;
#589 = CARTESIAN_POINT ( 'NONE',  ( 7.713451316238580269, -9.192533317427630024, 0.000000000000000000 ) ) ;
#590 = CIRCLE ( 'NONE', #3701, 3.499999999999997780 ) ;
#591 = ORIENTED_EDGE ( 'NONE', *, *, #2764, .F. ) ;
#592 = EDGE_LOOP ( 'NONE', ( #7326, #1188 ) ) ;
#593 = CARTESIAN_POINT ( 'NONE',  ( 3.599847381913588773, -7.561745838868476177, -19.56544994913500446 ) ) ;
#594 = ORIENTED_EDGE ( 'NONE', *, *, #2730, .T. ) ;
#595 = CARTESIAN_POINT ( 'NONE',  ( 0.7990858699375921192, -12.57952118965378929, -6.184928369829864714 ) ) ;
#596 = CYLINDRICAL_SURFACE ( 'NONE', #5567, 1.599999999999998979 ) ;
#597 = CARTESIAN_POINT ( 'NONE',  ( 3.428669307958496670, -4.766504679721051296, -20.15000000000000924 ) ) ;
#598 = CARTESIAN_POINT ( 'NONE',  ( -8.495272084094180443, 0.8764730389058510429, -19.56458304058146069 ) ) ;
#599 = CARTESIAN_POINT ( 'NONE',  ( -3.386065327529373725, -6.277589482535935517, -13.14533457493034874 ) ) ;
#600 = CIRCLE ( 'NONE', #3255, 1.600000000000000089 ) ;
#601 = CARTESIAN_POINT ( 'NONE',  ( -3.223960855419779836, 6.394651503564824147, -19.57088100884075033 ) ) ;
#602 = EDGE_LOOP ( 'NONE', ( #1378, #7275, #1923, #594 ) ) ;
#603 = CARTESIAN_POINT ( 'NONE',  ( 10.82531754730553075, 6.249999999999929834, -5.800000000000000711 ) ) ;
#604 = VERTEX_POINT ( 'NONE', #1068 ) ;
#605 = VERTEX_POINT ( 'NONE', #2503 ) ;
#606 = LINE ( 'NONE', #7442, #2215 ) ;
#607 = CARTESIAN_POINT ( 'NONE',  ( -3.871152422706205076, 3.000000000000417000, -13.14999999999999858 ) ) ;
#608 = FACE_OUTER_BOUND ( 'NONE', #2975, .T. ) ;
#609 = CARTESIAN_POINT ( 'NONE',  ( -5.595342490556430626, -1.624761646869623766, -19.57496171580208255 ) ) ;
#610 = CARTESIAN_POINT ( 'NONE',  ( 8.523771865770193301, 5.070703764680425607, -19.55622850853002959 ) ) ;
#611 = PLANE ( 'NONE',  #2908 ) ;
#612 = VECTOR ( 'NONE', #422, 1000.000000000000000 ) ;
#613 = ORIENTED_EDGE ( 'NONE', *, *, #3335, .T. ) ;
#614 = ADVANCED_FACE ( 'NONE', ( #1586 ), #4330, .T. ) ;
#615 = CYLINDRICAL_SURFACE ( 'NONE', #5157, 1.925000000000166800 ) ;
#616 = ORIENTED_EDGE ( 'NONE', *, *, #2744, .F. ) ;
#617 = CIRCLE ( 'NONE', #6961, 2.000000000000039968 ) ;
#618 = DIRECTION ( 'NONE',  ( -0.4999999999999941158, 0.8660254037844421493, 0.000000000000000000 ) ) ;
#619 = CIRCLE ( 'NONE', #8446, 1.000000000000030420 ) ;
#620 = CARTESIAN_POINT ( 'NONE',  ( -3.790346678625906129, -7.024061040638694742, -19.56739821323570183 ) ) ;
#621 = LINE ( 'NONE', #3391, #4701 ) ;
#622 = EDGE_CURVE ( 'NONE', #3650, #4570, #8064, .T. ) ;
#623 = DIRECTION ( 'NONE',  ( 0.000000000000000000, 0.000000000000000000, -1.000000000000000000 ) ) ;
#624 = CARTESIAN_POINT ( 'NONE',  ( 6.840688708063260570, -2.162810723374757327, 0.000000000000000000 ) ) ;
#625 = AXIS2_PLACEMENT_3D ( 'NONE', #677, #5669, #8394 ) ;
#626 = DIRECTION ( 'NONE',  ( -0.000000000000000000, -0.000000000000000000, 1.000000000000000000 ) ) ;
#627 = EDGE_CURVE ( 'NONE', #1214, #2037, #8589, .T. ) ;
#628 = ORIENTED_EDGE ( 'NONE', *, *, #5212, .T. ) ;
#629 = DIRECTION ( 'NONE',  ( -0.6427876153940188519, -0.7660444383298340432, 0.000000000000000000 ) ) ;
#630 = ORIENTED_EDGE ( 'NONE', *, *, #2744, .T. ) ;
#631 = CARTESIAN_POINT ( 'NONE',  ( -7.165376472175622347, 6.428073782227993860, -19.55825556868598980 ) ) ;
#632 = ADVANCED_FACE ( 'NONE', ( #2884 ), #5701, .F. ) ;
#633 = PRESENTATION_LAYER_ASSIGNMENT (  '', '', ( #8436 ) ) ;
#634 = CARTESIAN_POINT ( 'NONE',  ( -11.32785540877406127, 10.11893558915886437, -0.5000000000000002220 ) ) ;
#635 = CARTESIAN_POINT ( 'NONE',  ( 6.276087425485894933, 6.770041850903112390, -19.56065058774490950 ) ) ;
#636 = CARTESIAN_POINT ( 'NONE',  ( 20.00000000000000000, 0.000000000000000000, -12.00000000000000000 ) ) ;
#637 = EDGE_CURVE ( 'NONE', #4450, #8412, #8528, .T. ) ;
#638 = DIRECTION ( 'NONE',  ( -0.000000000000000000, -0.000000000000000000, -1.000000000000000000 ) ) ;
#639 = VERTEX_POINT ( 'NONE', #1452 ) ;
#640 = EDGE_LOOP ( 'NONE', ( #3565, #8870, #8571, #2202 ) ) ;
#641 = CARTESIAN_POINT ( 'NONE',  ( -2.196690654735415027, -8.500966813647874432, -20.15000000000001279 ) ) ;
#642 = ORIENTED_EDGE ( 'NONE', *, *, #3169, .T. ) ;
#643 = DIRECTION ( 'NONE',  ( -0.000000000000000000, -0.000000000000000000, -1.000000000000000000 ) ) ;
#644 = CARTESIAN_POINT ( 'NONE',  ( -7.132294957312816486, -0.4558817035246234828, 0.000000000000000000 ) ) ;
#645 = CARTESIAN_POINT ( 'NONE',  ( 7.158735745692992758, -0.4001763956860818205, -19.57085521401373285 ) ) ;
#646 = CARTESIAN_POINT ( 'NONE',  ( -7.087094034895891070, -0.5839333955070372673, -13.13703335437520181 ) ) ;
#647 = CARTESIAN_POINT ( 'NONE',  ( -3.234122565396216231, 6.400493081651879912, -19.57085013206722479 ) ) ;
#648 = EDGE_CURVE ( 'NONE', #5184, #3650, #7094, .T. ) ;
#649 = ORIENTED_EDGE ( 'NONE', *, *, #6271, .T. ) ;
#650 = LINE ( 'NONE', #7024, #4556 ) ;
#651 = ORIENTED_EDGE ( 'NONE', *, *, #6891, .F. ) ;
#652 = EDGE_LOOP ( 'NONE', ( #3468, #2878, #8770, #2818, #1742, #2363, #8379, #1436, #2718, #1282, #1142 ) ) ;
#653 = DIRECTION ( 'NONE',  ( 0.9848077530122057999, -0.1736481776669439869, 0.000000000000000000 ) ) ;
#654 = CARTESIAN_POINT ( 'NONE',  ( 8.614191057054840783, -14.77178771958750580, 0.000000000000000000 ) ) ;
#655 = DIRECTION ( 'NONE',  ( 0.000000000000000000, 0.000000000000000000, -1.000000000000000000 ) ) ;
#656 = CARTESIAN_POINT ( 'NONE',  ( -3.992418869335639275, -5.003345408651395765, -19.57320355945452306 ) ) ;
#657 = DIRECTION ( 'NONE',  ( -0.000000000000000000, -0.000000000000000000, 1.000000000000000000 ) ) ;
#658 = CARTESIAN_POINT ( 'NONE',  ( -16.74779555358525229, 9.973727172269375885, -5.826525510891696236 ) ) ;
#659 = ORIENTED_EDGE ( 'NONE', *, *, #6775, .T. ) ;
#660 = CARTESIAN_POINT ( 'NONE',  ( 1.924999999999816191, -5.999999999999777067, -13.74999999999997158 ) ) ;
#661 = VERTEX_POINT ( 'NONE', #762 ) ;
#662 = DIRECTION ( 'NONE',  ( -1.000000000000000000, 0.000000000000000000, -0.000000000000000000 ) ) ;
#663 = CARTESIAN_POINT ( 'NONE',  ( -3.402577389541718844, -7.114946739658492447, 2.000000000000000000 ) ) ;
#664 = CARTESIAN_POINT ( 'NONE',  ( 0.000000000000000000, 0.000000000000000000, 0.000000000000000000 ) ) ;
#665 = CARTESIAN_POINT ( 'NONE',  ( 17.10520510481452661, 9.292208890620694106, -5.927189904025336631 ) ) ;
#666 = DIRECTION ( 'NONE',  ( -1.000000000000000000, 0.000000000000000000, 0.000000000000000000 ) ) ;
#667 = CARTESIAN_POINT ( 'NONE',  ( 5.213530464874098769, -13.53030303030311998, -12.00000000000000000 ) ) ;
#668 = EDGE_CURVE ( 'NONE', #2243, #7537, #5018, .T. ) ;
#669 = ORIENTED_EDGE ( 'NONE', *, *, #1072, .T. ) ;
#670 = DIRECTION ( 'NONE',  ( 0.000000000000000000, 0.000000000000000000, -1.000000000000000000 ) ) ;
#671 = ORIENTED_EDGE ( 'NONE', *, *, #1847, .T. ) ;
#672 = CARTESIAN_POINT ( 'NONE',  ( -7.613084471968123879, -0.1369318541454332128, -19.56917125610662822 ) ) ;
#673 = CIRCLE ( 'NONE', #8197, 2.999999999999995559 ) ;
#674 = AXIS2_PLACEMENT_3D ( 'NONE', #4938, #7108, #2714 ) ;
#675 = FACE_OUTER_BOUND ( 'NONE', #6899, .T. ) ;
#676 = CARTESIAN_POINT ( 'NONE',  ( 7.321351022856532609, 6.293743911539516844, -19.55798982430136235 ) ) ;
#677 = CARTESIAN_POINT ( 'NONE',  ( 14.28941916244339971, 8.249999999999779732, 0.000000000000000000 ) ) ;
#678 = CIRCLE ( 'NONE', #3939, 0.8999999999999998002 ) ;
#679 = ADVANCED_FACE ( 'NONE', ( #5919 ), #106, .F. ) ;
#680 = DIRECTION ( 'NONE',  ( 1.000000000000000000, 0.000000000000000000, 0.000000000000000000 ) ) ;
#681 = ORIENTED_EDGE ( 'NONE', *, *, #5555, .F. ) ;
#682 = VERTEX_POINT ( 'NONE', #5237 ) ;
#683 = CARTESIAN_POINT ( 'NONE',  ( -2.986866280533705176, -7.471421058209658739, -20.15000000000001279 ) ) ;
#684 = VERTEX_POINT ( 'NONE', #1860 ) ;
#685 = DIRECTION ( 'NONE',  ( -0.6427876096865490219, -0.7660444431189699088, 0.000000000000000000 ) ) ;
#686 = CARTESIAN_POINT ( 'NONE',  ( -3.918552151854298060, 6.083874327289282569, -20.15000000000000213 ) ) ;
#687 = DIRECTION ( 'NONE',  ( 1.000000000000000000, 0.000000000000000000, 0.000000000000000000 ) ) ;
#688 = CARTESIAN_POINT ( 'NONE',  ( 6.845322625130201288, 0.1046134797407612810, -20.15000000000000568 ) ) ;
#689 = CARTESIAN_POINT ( 'NONE',  ( -7.155028358856748483, 6.395836290031381210, -19.55836585909852943 ) ) ;
#690 = CARTESIAN_POINT ( 'NONE',  ( -9.190767092226129975, 3.522062816357630854, -20.14999999999997726 ) ) ;
#691 = CARTESIAN_POINT ( 'NONE',  ( 3.524864067024811032, 5.882576043968234636, -20.15000000000000568 ) ) ;
#692 = EDGE_CURVE ( 'NONE', #3961, #1053, #2162, .T. ) ;
#693 = EDGE_CURVE ( 'NONE', #7537, #8283, #7774, .T. ) ;
#694 = ORIENTED_EDGE ( 'NONE', *, *, #6390, .F. ) ;
#695 = CARTESIAN_POINT ( 'NONE',  ( -3.499946876328351664, -16.51928374655641818, 0.000000000000000000 ) ) ;
#696 = ORIENTED_EDGE ( 'NONE', *, *, #8202, .T. ) ;
#697 = EDGE_LOOP ( 'NONE', ( #3375, #8912, #4108, #5118, #2351, #2546 ) ) ;
#698 = CARTESIAN_POINT ( 'NONE',  ( 12.83992941966006640, 5.103735630057929740, -12.00000000000000000 ) ) ;
#699 = CARTESIAN_POINT ( 'NONE',  ( 5.785088464349059656, -6.894400007227300620, 3.999999999999949818 ) ) ;
#700 = DIRECTION ( 'NONE',  ( 1.850371707708599740E-16, 1.000000000000000000, 1.517883041479706208E-15 ) ) ;
#701 = EDGE_CURVE ( 'NONE', #1204, #7769, #7697, .T. ) ;
#702 = CARTESIAN_POINT ( 'NONE',  ( -3.967522916710875869, -5.214416100521663822, -19.57273783527493904 ) ) ;
#703 = CARTESIAN_POINT ( 'NONE',  ( -4.647269127365691865, 5.367763934622399979, 4.000000000000000000 ) ) ;
#704 = AXIS2_PLACEMENT_3D ( 'NONE', #367, #3184, #4624 ) ;
#705 = CARTESIAN_POINT ( 'NONE',  ( -8.446696575945491503, 3.703620624831565067, -20.15000000000000568 ) ) ;
#706 = CARTESIAN_POINT ( 'NONE',  ( -5.382493388003353196, -4.698029437836310329, 0.000000000000000000 ) ) ;
#707 = ORIENTED_EDGE ( 'NONE', *, *, #5710, .F. ) ;
#708 = AXIS2_PLACEMENT_3D ( 'NONE', #7465, #4101, #8815 ) ;
#709 = FACE_OUTER_BOUND ( 'NONE', #6680, .T. ) ;
#710 = ORIENTED_EDGE ( 'NONE', *, *, #4818, .F. ) ;
#711 = CARTESIAN_POINT ( 'NONE',  ( -5.196152422706641794, 3.000000000000417000, -13.14999999999999858 ) ) ;
#712 = CARTESIAN_POINT ( 'NONE',  ( 2.610905639359796471, -8.926312119074486517, -19.56022991224281427 ) ) ;
#713 = CARTESIAN_POINT ( 'NONE',  ( -7.713451316238590927, -9.192533317427601602, 3.999999999999949818 ) ) ;
#714 = AXIS2_PLACEMENT_3D ( 'NONE', #3034, #3170, #5849 ) ;
#715 = DIRECTION ( 'NONE',  ( 1.028313268071524502E-14, 1.000000000000000000, 0.000000000000000000 ) ) ;
#716 = DIRECTION ( 'NONE',  ( 0.000000000000000000, 0.000000000000000000, 1.000000000000000000 ) ) ;
#717 = LINE ( 'NONE', #6397, #7223 ) ;
#718 = AXIS2_PLACEMENT_3D ( 'NONE', #6902, #4827, #573 ) ;
#719 = ORIENTED_EDGE ( 'NONE', *, *, #6950, .F. ) ;
#720 = CARTESIAN_POINT ( 'NONE',  ( 14.31270730586859408, 4.250067792777271869, -12.00000000000000000 ) ) ;
#721 = ORIENTED_EDGE ( 'NONE', *, *, #8368, .T. ) ;
#722 = CARTESIAN_POINT ( 'NONE',  ( -11.29421540110515032, 8.448658518330084632, -11.94782512652054507 ) ) ;
#723 = CARTESIAN_POINT ( 'NONE',  ( 10.36748586618385382, 12.83609118129339954, -0.9999999999999974465 ) ) ;
#724 = CARTESIAN_POINT ( 'NONE',  ( 3.346673085137165327, 6.465196611884226563, -19.57043377825922903 ) ) ;
#725 = CYLINDRICAL_SURFACE ( 'NONE', #8750, 18.00000000000000000 ) ;
#726 = CONICAL_SURFACE ( 'NONE', #7655, 2.999999999999990674, 0.7853981633974473908 ) ;
#727 = DIRECTION ( 'NONE',  ( 0.000000000000000000, 0.000000000000000000, -1.000000000000000000 ) ) ;
#728 = ORIENTED_EDGE ( 'NONE', *, *, #8472, .F. ) ;
#729 = ORIENTED_EDGE ( 'NONE', *, *, #2833, .F. ) ;
#730 = CARTESIAN_POINT ( 'NONE',  ( -1.758537979981814825, -8.823674692000407660, -20.14999999999998792 ) ) ;
#731 = AXIS2_PLACEMENT_3D ( 'NONE', #4973, #1508, #4372 ) ;
#732 = EDGE_LOOP ( 'NONE', ( #3958, #50 ) ) ;
#733 = CARTESIAN_POINT ( 'NONE',  ( 10.28941916244337840, 8.249999999999980460, -12.00000000000000000 ) ) ;
#734 = CARTESIAN_POINT ( 'NONE',  ( 9.332080187004777372, -14.22898462720526247, -0.4837805568354662800 ) ) ;
#735 = DIRECTION ( 'NONE',  ( 0.000000000000000000, 0.000000000000000000, -1.000000000000000000 ) ) ;
#736 = CARTESIAN_POINT ( 'NONE',  ( 6.803349831611561704, 0.08002989656575805466, -20.14999999999998437 ) ) ;
#737 = EDGE_CURVE ( 'NONE', #1312, #7026, #3791, .T. ) ;
#738 = CARTESIAN_POINT ( 'NONE',  ( -6.344536900869357510, 3.210939737198291066, 0.000000000000000000 ) ) ;
#739 = CARTESIAN_POINT ( 'NONE',  ( -1.535786381383045462, 5.081160229835082198, -20.15000000000001279 ) ) ;
#740 = EDGE_CURVE ( 'NONE', #4099, #2543, #6290, .T. ) ;
#741 = ORIENTED_EDGE ( 'NONE', *, *, #6802, .T. ) ;
#742 = CARTESIAN_POINT ( 'NONE',  ( 0.9999999999998577804, -12.62701665379262117, -11.00000000000000000 ) ) ;
#743 = ORIENTED_EDGE ( 'NONE', *, *, #5001, .T. ) ;
#744 = ORIENTED_EDGE ( 'NONE', *, *, #4143, .T. ) ;
#745 = CARTESIAN_POINT ( 'NONE',  ( -15.75692404819529635, -2.778370842671110008, 3.999999999999949818 ) ) ;
#746 = CARTESIAN_POINT ( 'NONE',  ( -11.81769303614639988, -2.083778132003309747, 3.999999999999949818 ) ) ;
#747 = CARTESIAN_POINT ( 'NONE',  ( -0.1326222038628039335, -12.49999999999999822, -5.800000000000000711 ) ) ;
#748 = CARTESIAN_POINT ( 'NONE',  ( -3.925970329119331748, -5.982575776347259122, -19.57089809670156200 ) ) ;
#749 = CIRCLE ( 'NONE', #2958, 16.50000000000000355 ) ;
#750 = CYLINDRICAL_SURFACE ( 'NONE', #3294, 1.000000000000000000 ) ;
#751 = CARTESIAN_POINT ( 'NONE',  ( -8.396165539962202828, 2.086264769026337618, -20.15000000000000924 ) ) ;
#752 = EDGE_CURVE ( 'NONE', #8849, #8203, #8804, .T. ) ;
#753 = CARTESIAN_POINT ( 'NONE',  ( 1.377366146891761511, 7.010390728630805590, -13.14891407561041881 ) ) ;
#754 = EDGE_CURVE ( 'NONE', #8660, #7009, #8947, .T. ) ;
#755 = EDGE_LOOP ( 'NONE', ( #2428, #1387, #868, #1664 ) ) ;
#756 = CIRCLE ( 'NONE', #8121, 3.000000000000000444 ) ;
#757 = CARTESIAN_POINT ( 'NONE',  ( 16.79884389200626771, 10.85351758150342860, -11.00000000000000000 ) ) ;
#758 = ORIENTED_EDGE ( 'NONE', *, *, #2991, .T. ) ;
#759 = CARTESIAN_POINT ( 'NONE',  ( -17.79884389200605810, 9.121466773934917782, -11.00000000000000000 ) ) ;
#760 = EDGE_CURVE ( 'NONE', #2101, #2273, #7311, .T. ) ;
#761 = FACE_OUTER_BOUND ( 'NONE', #2889, .T. ) ;
#762 = CARTESIAN_POINT ( 'NONE',  ( -16.37571040156093716, -2.021412586338825257, 0.000000000000000000 ) ) ;
#763 = AXIS2_PLACEMENT_3D ( 'NONE', #4066, #1146, #7520 ) ;
#764 = CARTESIAN_POINT ( 'NONE',  ( 16.95403867801974229, 9.634743616181998149, -5.800000000000000711 ) ) ;
#765 = CARTESIAN_POINT ( 'NONE',  ( -4.508002129310620270E-14, 5.070498357057139242E-14, 0.000000000000000000 ) ) ;
#766 = CARTESIAN_POINT ( 'NONE',  ( 11.11082091270702676, 11.28020134113662110, -12.00000000000000000 ) ) ;
#767 = CIRCLE ( 'NONE', #906, 1.599999999999998979 ) ;
#768 = ORIENTED_EDGE ( 'NONE', *, *, #4535, .T. ) ;
#769 = CARTESIAN_POINT ( 'NONE',  ( -1.000000000000143663, -12.62701665379255545, -11.13822969909165650 ) ) ;
#770 = VERTEX_POINT ( 'NONE', #8101 ) ;
#771 = CARTESIAN_POINT ( 'NONE',  ( -8.004184602990774167, 0.2127113892358704073, -19.56737884925679083 ) ) ;
#772 = CARTESIAN_POINT ( 'NONE',  ( 12.28941916244319010, 4.785898384862119492, -12.00000000000000000 ) ) ;
#773 = CARTESIAN_POINT ( 'NONE',  ( 7.902192316339819556, 1.059481517990366273, -20.14999999999997371 ) ) ;
#774 = CARTESIAN_POINT ( 'NONE',  ( 0.7985592938155343656, -13.60670327091242093, -6.184335810359784524 ) ) ;
#775 = AXIS2_PLACEMENT_3D ( 'NONE', #8648, #970, #5862 ) ;
#776 = DIRECTION ( 'NONE',  ( 1.000000000000000000, 0.000000000000000000, 0.000000000000000000 ) ) ;
#777 = VERTEX_POINT ( 'NONE', #4636 ) ;
#778 = CARTESIAN_POINT ( 'NONE',  ( 3.329877206482731111, -8.073709810538955978, -19.56353798027828006 ) ) ;
#779 = CIRCLE ( 'NONE', #4609, 2.000000000000001776 ) ;
#780 = AXIS2_PLACEMENT_3D ( 'NONE', #8280, #1957, #5552 ) ;
#781 = VERTEX_POINT ( 'NONE', #7489 ) ;
#782 = CARTESIAN_POINT ( 'NONE',  ( 10.43531719619364040, 7.179533730680685011, -11.00000000000000000 ) ) ;
#783 = DIRECTION ( 'NONE',  ( -1.028313268071524818E-14, -1.000000000000000000, 0.000000000000000000 ) ) ;
#784 = B_SPLINE_CURVE_WITH_KNOTS ( 'NONE', 3,
 ( #1058, #7998, #8040, #6518, #1806, #6560, #3141, #5129, #7951, #194 ),
 .UNSPECIFIED., .F., .F.,
 ( 4, 2, 2, 2, 4 ),
 ( 0.000000000000000000, 0.0003933778427753314402, 0.0007867556855506628805, 0.001180133528325994375, 0.001573511371101325761 ),
 .UNSPECIFIED. ) ;
#785 = CARTESIAN_POINT ( 'NONE',  ( 5.496118573118295103, -0.8842469420141582104, -20.14999999999997726 ) ) ;
#786 = CARTESIAN_POINT ( 'NONE',  ( -6.226357832181170338, 6.894323926026891591, -12.72851464022894596 ) ) ;
#787 = CARTESIAN_POINT ( 'NONE',  ( -0.3095381855883874711, 4.906035670416956762, -20.15000000000000568 ) ) ;
#788 = ORIENTED_EDGE ( 'NONE', *, *, #6987, .T. ) ;
#789 = PLANE ( 'NONE',  #2789 ) ;
#790 = VERTEX_POINT ( 'NONE', #6664 ) ;
#791 = VERTEX_POINT ( 'NONE', #248 ) ;
#792 = DIRECTION ( 'NONE',  ( 0.000000000000000000, 0.000000000000000000, -1.000000000000000000 ) ) ;
#793 = EDGE_CURVE ( 'NONE', #8777, #8376, #3645, .T. ) ;
#794 = CARTESIAN_POINT ( 'NONE',  ( -6.521152422707078955, 3.000000000000417000, -13.14999999999999858 ) ) ;
#795 = FACE_OUTER_BOUND ( 'NONE', #5787, .T. ) ;
#796 = CARTESIAN_POINT ( 'NONE',  ( -3.925942253728970321, -5.992751321883659443, -19.57087245425386612 ) ) ;
#797 = CARTESIAN_POINT ( 'NONE',  ( 1.599999999999738076, -16.50000000000000000, 4.000000000000000000 ) ) ;
#798 = CARTESIAN_POINT ( 'NONE',  ( -8.500392658667699664, 3.382075579648611718, -20.14999999999999858 ) ) ;
#799 = CARTESIAN_POINT ( 'NONE',  ( 3.037845862820826248, 6.429570170982480626, 0.000000000000000000 ) ) ;
#800 = ORIENTED_EDGE ( 'NONE', *, *, #6716, .T. ) ;
#801 = LINE ( 'NONE', #3625, #3038 ) ;
#802 = CARTESIAN_POINT ( 'NONE',  ( 10.69916751762933238, 6.482330116164155775, -5.826815694716461103 ) ) ;
#803 = EDGE_CURVE ( 'NONE', #1312, #212, #4718, .T. ) ;
#804 = ORIENTED_EDGE ( 'NONE', *, *, #6903, .F. ) ;
#805 = DIRECTION ( 'NONE',  ( -0.000000000000000000, -0.000000000000000000, -1.000000000000000000 ) ) ;
#806 = CARTESIAN_POINT ( 'NONE',  ( 2.442405780448055452, -9.071273682522877024, -19.55965288170164129 ) ) ;
#807 = CARTESIAN_POINT ( 'NONE',  ( -0.4331328816621978772, -9.324800961935638455, -20.14999999999999503 ) ) ;
#808 = FACE_OUTER_BOUND ( 'NONE', #6454, .T. ) ;
#809 = DIRECTION ( 'NONE',  ( 3.826746847782350955E-15, 6.747587176051480366E-16, 1.000000000000000000 ) ) ;
#810 = ORIENTED_EDGE ( 'NONE', *, *, #8924, .F. ) ;
#811 = CARTESIAN_POINT ( 'NONE',  ( 1.999999999999853895, -13.03589838486231933, -12.00000000000000000 ) ) ;
#812 = CYLINDRICAL_SURFACE ( 'NONE', #3210, 2.000000000000029310 ) ;
#813 = EDGE_CURVE ( 'NONE', #4016, #4118, #8188, .T. ) ;
#814 = CARTESIAN_POINT ( 'NONE',  ( -12.09546000792372666, 10.97700260878163370, 0.000000000000000000 ) ) ;
#815 = CARTESIAN_POINT ( 'NONE',  ( 3.817763946364346239, 6.676905292477830933, -19.56871777187702577 ) ) ;
#816 = CARTESIAN_POINT ( 'NONE',  ( 16.23890890522645591, 10.53023896615741961, -11.00000000000000000 ) ) ;
#817 = CARTESIAN_POINT ( 'NONE',  ( -17.05619149521327316, -1.998770407744103306, -0.3271102110858226664 ) ) ;
#818 = ORIENTED_EDGE ( 'NONE', *, *, #7359, .F. ) ;
#819 = AXIS2_PLACEMENT_3D ( 'NONE', #2689, #6288, #5512 ) ;
#820 = EDGE_LOOP ( 'NONE', ( #4651, #2441, #1296, #4260 ) ) ;
#821 = CARTESIAN_POINT ( 'NONE',  ( 1.790487907514681343, -9.487029241794925127, -19.55799111734529205 ) ) ;
#822 = ORIENTED_EDGE ( 'NONE', *, *, #1467, .T. ) ;
#823 = CARTESIAN_POINT ( 'NONE',  ( 17.23890890522654828, 8.798188158588592600, -11.00000000000000000 ) ) ;
#824 = CARTESIAN_POINT ( 'NONE',  ( -5.065296187119461280, -6.192154272686508421, 4.000000000000000000 ) ) ;
#825 = CARTESIAN_POINT ( 'NONE',  ( 5.115706555781075693, -1.266891362940073762, -20.14999999999999858 ) ) ;
#826 = CARTESIAN_POINT ( 'NONE',  ( -9.107517663157162602, 3.257450860406540194, -19.55787315479466315 ) ) ;
#827 = CARTESIAN_POINT ( 'NONE',  ( 5.506847901919146970, 4.532280608603194594, 0.000000000000000000 ) ) ;
#828 = CARTESIAN_POINT ( 'NONE',  ( 3.360403344024648575, 5.790524241191095989, -20.14999999999999503 ) ) ;
#829 = VECTOR ( 'NONE', #7469, 1000.000000000000000 ) ;
#830 = CIRCLE ( 'NONE', #1414, 1.999999999999999556 ) ;
#831 = VERTEX_POINT ( 'NONE', #5875 ) ;
#832 = CARTESIAN_POINT ( 'NONE',  ( -12.80250078915869949, -2.257426309670250042, 3.999999999999949818 ) ) ;
#833 = ORIENTED_EDGE ( 'NONE', *, *, #7932, .F. ) ;
#834 = ORIENTED_EDGE ( 'NONE', *, *, #6568, .T. ) ;
#835 = CARTESIAN_POINT ( 'NONE',  ( 9.110820912707024988, 11.28020134113662110, -12.00000000000000000 ) ) ;
#836 = EDGE_CURVE ( 'NONE', #1331, #1691, #3108, .T. ) ;
#837 = DIRECTION ( 'NONE',  ( -2.497731570406250128E-15, -2.976680662448060178E-15, 1.000000000000000000 ) ) ;
#838 = CYLINDRICAL_SURFACE ( 'NONE', #6962, 2.999999999999999112 ) ;
#839 = AXIS2_PLACEMENT_3D ( 'NONE', #3196, #8795, #8147 ) ;
#840 = CARTESIAN_POINT ( 'NONE',  ( -3.925944745016299198, -5.991620552468778449, -19.57087530504927742 ) ) ;
#841 = LINE ( 'NONE', #7032, #3723 ) ;
#842 = CARTESIAN_POINT ( 'NONE',  ( -8.379556891647400363, 3.966138384427162045, -20.15000000000000213 ) ) ;
#843 = CARTESIAN_POINT ( 'NONE',  ( -2.252380590526644522, 6.748301881068473840, 0.000000000000000000 ) ) ;
#844 = EDGE_CURVE ( 'NONE', #5108, #1343, #8358, .T. ) ;
#845 = VECTOR ( 'NONE', #2106, 1000.000000000000000 ) ;
#846 = ORIENTED_EDGE ( 'NONE', *, *, #4637, .T. ) ;
#847 = CARTESIAN_POINT ( 'NONE',  ( -16.04172321181739846, 10.68760796966893523, -11.65769605086941851 ) ) ;
#848 = DIRECTION ( 'NONE',  ( 0.000000000000000000, 0.000000000000000000, -1.000000000000000000 ) ) ;
#849 = ORIENTED_EDGE ( 'NONE', *, *, #8244, .T. ) ;
#850 = CARTESIAN_POINT ( 'NONE',  ( -17.79884389200605810, 9.121466773934917782, -11.13226661166930853 ) ) ;
#851 = CARTESIAN_POINT ( 'NONE',  ( -1.983540909613298986, -9.419803900774736505, -19.55825409861071051 ) ) ;
#852 = CARTESIAN_POINT ( 'NONE',  ( -2.708389654189327533, -7.936967219826864373, -20.14999999999999858 ) ) ;
#853 = CARTESIAN_POINT ( 'NONE',  ( 2.981406463012198138, 6.261232987960610785, -19.57156641749243775 ) ) ;
#854 = ADVANCED_FACE ( 'NONE', ( #6704 ), #6008, .F. ) ;
#855 = VECTOR ( 'NONE', #2720, 1000.000000000000000 ) ;
#856 = ADVANCED_FACE ( 'NONE', ( #1114 ), #3943, .T. ) ;
#857 = CARTESIAN_POINT ( 'NONE',  ( -11.33992941965992607, 7.701811841411535298, -3.000000000000000888 ) ) ;
#858 = VERTEX_POINT ( 'NONE', #3769 ) ;
#859 = AXIS2_PLACEMENT_3D ( 'NONE', #1514, #4932, #1413 ) ;
#860 = CARTESIAN_POINT ( 'NONE',  ( 7.129584630170822557, 0.2063761487537487394, 0.000000000000000000 ) ) ;
#861 = CARTESIAN_POINT ( 'NONE',  ( 9.090878377158112755, 3.445659897743704736, -19.55754784417144876 ) ) ;
#862 = EDGE_CURVE ( 'NONE', #1343, #8607, #6574, .T. ) ;
#863 = AXIS2_PLACEMENT_3D ( 'NONE', #8986, #8290, #6157 ) ;
#864 = EDGE_CURVE ( 'NONE', #4832, #8591, #678, .T. ) ;
#865 = CARTESIAN_POINT ( 'NONE',  ( -17.21607427636294574, -2.067390831306127996, -0.1602563289837538041 ) ) ;
#866 = ORIENTED_EDGE ( 'NONE', *, *, #2754, .F. ) ;
#867 = CARTESIAN_POINT ( 'NONE',  ( -3.053040969373422175, -8.461579553394368958, -19.56205538788641363 ) ) ;
#868 = ORIENTED_EDGE ( 'NONE', *, *, #3638, .F. ) ;
#869 = DIRECTION ( 'NONE',  ( 1.000000000000000000, 0.000000000000000000, 0.000000000000000000 ) ) ;
#870 = CARTESIAN_POINT ( 'NONE',  ( 6.645181451714050397E-14, 1.368795185768769954E-14, 0.000000000000000000 ) ) ;
#871 = CARTESIAN_POINT ( 'NONE',  ( -9.073287476279734420, 3.578353289050383079, -19.55733779339233536 ) ) ;
#872 = CARTESIAN_POINT ( 'NONE',  ( 5.506847901919146970, 4.532280608603194594, -13.19417226125155906 ) ) ;
#873 = CARTESIAN_POINT ( 'NONE',  ( 3.445484627463380356, 5.837525772204150698, -20.15000000000000213 ) ) ;
#874 = ORIENTED_EDGE ( 'NONE', *, *, #1375, .F. ) ;
#875 = B_SPLINE_CURVE_WITH_KNOTS ( 'NONE', 3,
 ( #6948, #7692, #1363, #6052, #3292, #5372, #7486, #8884, #1158, #2639, #2549, #6794, #1856, #4038, #3240, #8278, #5550, #5415, #8185, #7627, #1347, #1207, #7532, #4674, #4079, #3988, #4861, #5461, #8230, #1905, #1301, #2592, #3430, #1253, #6935 ),
 .UNSPECIFIED., .F., .F.,
 ( 4, 2, 2, 2, 2, 1, 2, 2, 2, 2, 2, 2, 1, 2, 2, 1, 2, 2, 4 ),
 ( 0.000000000000000000, 0.03124999999999984734, 0.06249999999999969469, 0.09374999999999954203, 0.1249999999999993894, 0.1874999999999994171, 0.2187499999999992506, 0.2499999999999991118, 0.3124999999999991118, 0.3749999999999991673, 0.4999999999999993339, 0.6249999999999993339, 0.6874999999999994449, 0.7187499999999993339, 0.7499999999999993339, 0.8124999999999993339, 0.8437499999999993339, 0.8749999999999992228, 1.000000000000000000 ),
 .UNSPECIFIED. ) ;
#876 = CARTESIAN_POINT ( 'NONE',  ( -17.18843194171614286, 10.22876257450785786, -5.799999999999999822 ) ) ;
#877 = AXIS2_PLACEMENT_3D ( 'NONE', #3199, #6012, #8847 ) ;
#878 = VERTEX_POINT ( 'NONE', #6149 ) ;
#879 = ORIENTED_EDGE ( 'NONE', *, *, #534, .T. ) ;
#880 = CARTESIAN_POINT ( 'NONE',  ( -2.736161146605239569, 7.517540966287299398, 2.000000000000000000 ) ) ;
#881 = DIRECTION ( 'NONE',  ( -0.000000000000000000, -0.000000000000000000, 1.000000000000000000 ) ) ;
#882 = CYLINDRICAL_SURFACE ( 'NONE', #775, 14.99999999999999822 ) ;
#883 = CARTESIAN_POINT ( 'NONE',  ( -3.333619636231132333, -5.844457479356290008, -20.14999999999997371 ) ) ;
#884 = LINE ( 'NONE', #2092, #6538 ) ;
#885 = CARTESIAN_POINT ( 'NONE',  ( -8.469928176849570889, 2.405813105692636622, -20.15000000000000213 ) ) ;
#886 = CARTESIAN_POINT ( 'NONE',  ( 5.953023832869349441, 3.889060262801480317, -13.19999995247171398 ) ) ;
#887 = AXIS2_PLACEMENT_3D ( 'NONE', #4036, #1853, #1953 ) ;
#888 = ORIENTED_EDGE ( 'NONE', *, *, #6730, .F. ) ;
#889 = CARTESIAN_POINT ( 'NONE',  ( -2.324985365217980160, -6.708535089832885490, 4.000000000000000000 ) ) ;
#890 = CARTESIAN_POINT ( 'NONE',  ( -6.148792571289595443, -3.550007046225150287, 0.000000000000000000 ) ) ;
#891 = AXIS2_PLACEMENT_3D ( 'NONE', #8735, #5775, #3007 ) ;
#892 = ORIENTED_EDGE ( 'NONE', *, *, #5824, .F. ) ;
#893 = CYLINDRICAL_SURFACE ( 'NONE', #2156, 16.50000000000000355 ) ;
#894 = DIRECTION ( 'NONE',  ( 0.3420201433256560009, 0.9396926207859129798, 0.000000000000000000 ) ) ;
#895 = CARTESIAN_POINT ( 'NONE',  ( -2.199967687722551801, -8.505173095316580500, -20.14999999999999858 ) ) ;
#896 = CARTESIAN_POINT ( 'NONE',  ( 3.231308544693218376, 6.398873953517610680, -19.57085965882096446 ) ) ;
#897 = CIRCLE ( 'NONE', #6792, 9.999999999999996447 ) ;
#898 = DIRECTION ( 'NONE',  ( 0.7071067811865541231, 8.659560562355014209E-17, -0.7071067811865409114 ) ) ;
#899 = ORIENTED_EDGE ( 'NONE', *, *, #7115, .F. ) ;
#900 = EDGE_CURVE ( 'NONE', #8891, #5308, #9107, .T. ) ;
#901 = CIRCLE ( 'NONE', #7536, 1.599999999999998979 ) ;
#902 = CARTESIAN_POINT ( 'NONE',  ( 5.472322293210499566, 15.03508193257459880, 3.999999999999949818 ) ) ;
#903 = CARTESIAN_POINT ( 'NONE',  ( 6.998297538017292041, 1.375331565961100733, 0.000000000000000000 ) ) ;
#904 = CARTESIAN_POINT ( 'NONE',  ( 8.102440350042421358, 0.3626695402099988086, -19.56677565525772877 ) ) ;
#905 = AXIS2_PLACEMENT_3D ( 'NONE', #279, #3144, #2405 ) ;
#906 = AXIS2_PLACEMENT_3D ( 'NONE', #3591, #6298, #6253 ) ;
#907 = CARTESIAN_POINT ( 'NONE',  ( 6.148780366869437408, 3.549999999999869704, 0.000000000000000000 ) ) ;
#908 = B_SPLINE_CURVE_WITH_KNOTS ( 'NONE', 3,
 ( #4495, #5869, #7351, #5829 ),
 .UNSPECIFIED., .F., .F.,
 ( 4, 4 ),
 ( 0.7924873830532459529, 1.000000000000000000 ),
 .UNSPECIFIED. ) ;
#909 = ORIENTED_EDGE ( 'NONE', *, *, #7409, .T. ) ;
#910 = CARTESIAN_POINT ( 'NONE',  ( 2.862273888892911344, -8.681199403414542104, -19.56119975406589262 ) ) ;
#911 = PRODUCT_DEFINITION ( 'æœ', '', #6968, #1401 ) ;
#912 = EDGE_LOOP ( 'NONE', ( #2399, #6408, #2368, #8363, #924, #4403, #2141, #1952 ) ) ;
#913 = CIRCLE ( 'NONE', #5343, 2.000000000000000000 ) ;
#914 = CARTESIAN_POINT ( 'NONE',  ( -17.84355630229909551, 11.45668257281223745, -5.800000000000000711 ) ) ;
#915 = CIRCLE ( 'NONE', #41, 0.9999999999999815703 ) ;
#916 = CARTESIAN_POINT ( 'NONE',  ( 4.494043341450617568, 6.255689003448643426, -20.14999999999999503 ) ) ;
#917 = EDGE_CURVE ( 'NONE', #3124, #4469, #2510, .T. ) ;
#918 = CARTESIAN_POINT ( 'NONE',  ( 6.148780366869379677, 3.549999999999837286, 0.000000000000000000 ) ) ;
#919 = CYLINDRICAL_SURFACE ( 'NONE', #3924, 3.500000000000000888 ) ;
#920 = ORIENTED_EDGE ( 'NONE', *, *, #2948, .F. ) ;
#921 = CARTESIAN_POINT ( 'NONE',  ( 1.599999999999738076, -16.50000000000000000, -3.000000000000001332 ) ) ;
#922 = AXIS2_PLACEMENT_3D ( 'NONE', #2146, #1451, #4279 ) ;
#923 = ORIENTED_EDGE ( 'NONE', *, *, #7298, .T. ) ;
#924 = ORIENTED_EDGE ( 'NONE', *, *, #4811, .T. ) ;
#925 = DIRECTION ( 'NONE',  ( -0.3420201433256561119, 0.9396926207859130908, 0.000000000000000000 ) ) ;
#926 = CYLINDRICAL_SURFACE ( 'NONE', #2087, 2.000000000000001776 ) ;
#927 = DIRECTION ( 'NONE',  ( -1.000000000000000000, 0.000000000000000000, -0.000000000000000000 ) ) ;
#928 = CARTESIAN_POINT ( 'NONE',  ( -3.332151968542099496, -5.961067784498386146, -20.14999999999998437 ) ) ;
#929 = FACE_OUTER_BOUND ( 'NONE', #1640, .T. ) ;
#930 = EDGE_CURVE ( 'NONE', #777, #2085, #3382, .T. ) ;
#931 = CARTESIAN_POINT ( 'NONE',  ( -6.905085229516492618, 5.853842368171659594, -20.15000000000000568 ) ) ;
#932 = CARTESIAN_POINT ( 'NONE',  ( 4.690220843757721525, 5.373037668184397653, -13.17148650044992486 ) ) ;
#933 = VECTOR ( 'NONE', #2618, 1000.000000000000000 ) ;
#934 = ORIENTED_EDGE ( 'NONE', *, *, #2830, .F. ) ;
#935 = CARTESIAN_POINT ( 'NONE',  ( 4.092983272313723830, -2.712461047242145096, -20.14999999999999503 ) ) ;
#936 = FACE_OUTER_BOUND ( 'NONE', #2772, .T. ) ;
#937 = ORIENTED_EDGE ( 'NONE', *, *, #3853, .F. ) ;
#938 = CARTESIAN_POINT ( 'NONE',  ( 10.89162864923685703, 6.135145802348982436, -5.800000000000000711 ) ) ;
#939 = CARTESIAN_POINT ( 'NONE',  ( -17.28941916244309951, 8.410603032294849513, -11.78572388763714507 ) ) ;
#940 = CARTESIAN_POINT ( 'NONE',  ( 2.275719188148136674, -8.429644978316449766, -20.14999999999999503 ) ) ;
#941 = CARTESIAN_POINT ( 'NONE',  ( 2.725557901127577232, 6.132768877297928078, -19.57224852769015655 ) ) ;
#942 = CARTESIAN_POINT ( 'NONE',  ( -10.55800414892546257, 6.805962673770340920, -6.000961805086803658 ) ) ;
#943 = VERTEX_POINT ( 'NONE', #7680 ) ;
#944 = DIRECTION ( 'NONE',  ( -0.000000000000000000, -0.000000000000000000, 1.000000000000000000 ) ) ;
#945 = CARTESIAN_POINT ( 'NONE',  ( -8.522185503408094220, 2.890962802525575803, -20.14999999999999503 ) ) ;
#946 = DIRECTION ( 'NONE',  ( -0.9848077530122057999, -0.1736481776669429600, 0.000000000000000000 ) ) ;
#947 = CARTESIAN_POINT ( 'NONE',  ( 4.684794023754261794, -2.704637568157008509, -20.14999999999995950 ) ) ;
#948 = CARTESIAN_POINT ( 'NONE',  ( 9.074147611157634685, 3.572556089578351468, -19.55734664597263972 ) ) ;
#949 =( NAMED_UNIT ( * ) PLANE_ANGLE_UNIT ( ) SI_UNIT ( $, .RADIAN. ) );
#950 = ADVANCED_FACE ( 'NONE', ( #6892 ), #6798, .F. ) ;
#951 = CARTESIAN_POINT ( 'NONE',  ( 5.523310214352459724, 6.313664012609057075, -20.14999999999999858 ) ) ;
#952 = ORIENTED_EDGE ( 'NONE', *, *, #6401, .F. ) ;
#953 = CARTESIAN_POINT ( 'NONE',  ( -2.439579739765016964, -9.069593416125403706, -19.55966315461883553 ) ) ;
#954 = EDGE_CURVE ( 'NONE', #7844, #1691, #8659, .T. ) ;
#955 = VERTEX_POINT ( 'NONE', #1306 ) ;
#956 = FACE_OUTER_BOUND ( 'NONE', #7267, .T. ) ;
#957 = DIRECTION ( 'NONE',  ( 0.000000000000000000, 0.000000000000000000, -1.000000000000000000 ) ) ;
#958 = CARTESIAN_POINT ( 'NONE',  ( -6.455507298956427498, 6.715226593151160550, -19.56014445935935697 ) ) ;
#959 = CARTESIAN_POINT ( 'NONE',  ( -7.159117483306193463, -0.3999552182180290405, -19.57085359159119520 ) ) ;
#960 = B_SPLINE_CURVE_WITH_KNOTS ( 'NONE', 3,
 ( #759, #850, #6481, #115, #5101, #2929, #7836, #4227 ),
 .UNSPECIFIED., .F., .F.,
 ( 4, 2, 2, 4 ),
 ( 0.000000000000000000, 0.0003911674160651018497, 0.0007823348321302036994, 0.001564669664260411302 ),
 .UNSPECIFIED. ) ;
#961 = CARTESIAN_POINT ( 'NONE',  ( 1.340158352562290004E-14, 3.433129022746819603E-15, 3.999999999999949818 ) ) ;
#962 = EDGE_CURVE ( 'NONE', #3804, #2243, #4387, .T. ) ;
#963 = VERTEX_POINT ( 'NONE', #2002 ) ;
#964 = CARTESIAN_POINT ( 'NONE',  ( -2.829914810739197151, 7.482752312081322188, 0.000000000000000000 ) ) ;
#965 = ORIENTED_EDGE ( 'NONE', *, *, #5969, .T. ) ;
#966 = EDGE_CURVE ( 'NONE', #8734, #8164, #7035, .T. ) ;
#967 = ORIENTED_EDGE ( 'NONE', *, *, #5378, .T. ) ;
#968 = CARTESIAN_POINT ( 'NONE',  ( -1.000000000000143219, -12.62701665379255367, -6.800000000000000711 ) ) ;
#969 = CARTESIAN_POINT ( 'NONE',  ( 10.28460175498480211, -12.25671108990349900, 0.000000000000000000 ) ) ;
#970 = DIRECTION ( 'NONE',  ( 0.000000000000000000, 0.000000000000000000, -1.000000000000000000 ) ) ;
#971 = CARTESIAN_POINT ( 'NONE',  ( -3.332055353007390419, -5.982963341777809418, -20.15000000000000568 ) ) ;
#972 = DIRECTION ( 'NONE',  ( -0.000000000000000000, -0.000000000000000000, 1.000000000000000000 ) ) ;
#973 = AXIS2_PLACEMENT_3D ( 'NONE', #711, #2103, #6436 ) ;
#974 = CARTESIAN_POINT ( 'NONE',  ( -5.844084782220129171, 6.264410344331706959, -20.14999999999999147 ) ) ;
#975 = AXIS2_PLACEMENT_3D ( 'NONE', #5207, #2387, #217 ) ;
#976 = CARTESIAN_POINT ( 'NONE',  ( 6.759859534895007904, -2.312361290794628488, -13.14898645150290157 ) ) ;
#977 = ADVANCED_FACE ( 'NONE', ( #4128 ), #611, .F. ) ;
#978 = VERTEX_POINT ( 'NONE', #3433 ) ;
#979 = ADVANCED_FACE ( 'NONE', ( #1161 ), #8233, .F. ) ;
#980 = DIRECTION ( 'NONE',  ( 1.000000000000000000, 0.000000000000000000, 0.000000000000000000 ) ) ;
#981 = CARTESIAN_POINT ( 'NONE',  ( -0.2641522679451723254, -19.99999999999999645, -5.800000000000000711 ) ) ;
#982 = AXIS2_PLACEMENT_3D ( 'NONE', #7356, #1027, #2371 ) ;
#983 = DIRECTION ( 'NONE',  ( 0.000000000000000000, 0.000000000000000000, -1.000000000000000000 ) ) ;
#984 = ORIENTED_EDGE ( 'NONE', *, *, #7920, .F. ) ;
#985 = CARTESIAN_POINT ( 'NONE',  ( 3.041226104509778594, -14.76767676767682147, -0.4999999999999967804 ) ) ;
#986 = CARTESIAN_POINT ( 'NONE',  ( -17.23890890522627473, 8.798188158588908792, -11.00000000000000000 ) ) ;
#987 = DIRECTION ( 'NONE',  ( -1.000000000000000000, 0.000000000000000000, 0.000000000000000000 ) ) ;
#988 = DIRECTION ( 'NONE',  ( 0.000000000000000000, 0.000000000000000000, 1.000000000000000000 ) ) ;
#989 = AXIS2_PLACEMENT_3D ( 'NONE', #8854, #8198, #4601 ) ;
#990 = CARTESIAN_POINT ( 'NONE',  ( 0.000000000000000000, 0.000000000000000000, 0.000000000000000000 ) ) ;
#991 = VERTEX_POINT ( 'NONE', #3296 ) ;
#992 = CARTESIAN_POINT ( 'NONE',  ( 0.3030564177717517960, 4.900879696480391345, -20.15000000000000213 ) ) ;
#993 = CARTESIAN_POINT ( 'NONE',  ( -4.631508648374293990, -17.39393939393931987, 0.000000000000000000 ) ) ;
#994 = CARTESIAN_POINT ( 'NONE',  ( -4.788282006559179571, 13.15569669100280059, 3.999999999999949818 ) ) ;
#995 = CARTESIAN_POINT ( 'NONE',  ( 6.970391156674931032, -1.423532130147187713, 0.000000000000000000 ) ) ;
#996 = CARTESIAN_POINT ( 'NONE',  ( 9.043254460027409181, 2.232738172521523179, -19.56014520936942347 ) ) ;
#997 = CARTESIAN_POINT ( 'NONE',  ( -16.37571040156093716, -2.021412586338820372, -0.9999999999999974465 ) ) ;
#998 = ORIENTED_EDGE ( 'NONE', *, *, #4917, .F. ) ;
#999 = CARTESIAN_POINT ( 'NONE',  ( 2.534541816358994115, -8.991953703741002002, -19.55997111333109473 ) ) ;
#1000 = ORIENTED_EDGE ( 'NONE', *, *, #1660, .F. ) ;
#1001 = DIRECTION ( 'NONE',  ( -1.000000000000000000, 0.000000000000000000, -0.000000000000000000 ) ) ;
#1002 = DIRECTION ( 'NONE',  ( -0.9848077535872187260, -0.1736481744058828991, 0.000000000000000000 ) ) ;
#1003 = CARTESIAN_POINT ( 'NONE',  ( -5.673473383680399884, 6.892762579738854534, -19.56244789142984430 ) ) ;
#1004 = CARTESIAN_POINT ( 'NONE',  ( 3.078181317935920536, 8.457233576880231141, 0.000000000000000000 ) ) ;
#1005 = DIRECTION ( 'NONE',  ( -0.9848077532709614834, -0.1736481761994670414, 0.000000000000000000 ) ) ;
#1006 = EDGE_LOOP ( 'NONE', ( #6719, #6419, #5003, #5641 ) ) ;
#1007 = CARTESIAN_POINT ( 'NONE',  ( -4.788282006559179571, 13.15569669100280059, 3.999999999999949818 ) ) ;
#1008 = ORIENTED_EDGE ( 'NONE', *, *, #8015, .T. ) ;
#1009 = VERTEX_POINT ( 'NONE', #8930 ) ;
#1010 = DIRECTION ( 'NONE',  ( -1.000000000000000000, 0.000000000000000000, 0.000000000000000000 ) ) ;
#1011 = VECTOR ( 'NONE', #7868, 1000.000000000000114 ) ;
#1012 = CARTESIAN_POINT ( 'NONE',  ( 9.110820912707024988, 11.28020134113662110, -12.00000000000000000 ) ) ;
#1013 = CARTESIAN_POINT ( 'NONE',  ( -1.000000000000153877, -13.67157287525377285, -6.800000000000000711 ) ) ;
#1014 = ADVANCED_FACE ( 'NONE', ( #1908 ), #6845, .F. ) ;
#1015 = CARTESIAN_POINT ( 'NONE',  ( -3.332020714078324009, -5.998782830114278930, -20.14999999999998792 ) ) ;
#1016 = CARTESIAN_POINT ( 'NONE',  ( 4.015056578891146088, -4.861486561977248044, -19.57349537508864756 ) ) ;
#1017 = CARTESIAN_POINT ( 'NONE',  ( -7.132187952737394809, 5.704798363130664463, -20.14999999999998437 ) ) ;
#1018 = DIRECTION ( 'NONE',  ( -0.000000000000000000, -0.000000000000000000, -1.000000000000000000 ) ) ;
#1019 = EDGE_CURVE ( 'NONE', #2310, #8992, #1737, .T. ) ;
#1020 = VERTEX_POINT ( 'NONE', #6427 ) ;
#1021 = CARTESIAN_POINT ( 'NONE',  ( 5.167747779275256192, -1.209192490960463662, -20.14999999999999858 ) ) ;
#1022 = FACE_OUTER_BOUND ( 'NONE', #8299, .T. ) ;
#1023 = CARTESIAN_POINT ( 'NONE',  ( 9.641814145298260641, -11.49066664678460015, 3.999999999999949818 ) ) ;
#1024 = ADVANCED_FACE ( 'NONE', ( #3713 ), #3437, .T. ) ;
#1025 = DIRECTION ( 'NONE',  ( 1.000000000000000000, 0.000000000000000000, 0.000000000000000000 ) ) ;
#1026 = DIRECTION ( 'NONE',  ( 1.000000000000000000, 0.000000000000000000, 0.000000000000000000 ) ) ;
#1027 = DIRECTION ( 'NONE',  ( -0.000000000000000000, -0.000000000000000000, 1.000000000000000000 ) ) ;
#1028 = ADVANCED_FACE ( 'NONE', ( #2393 ), #3881, .F. ) ;
#1029 = CIRCLE ( 'NONE', #5027, 4.000000000000001776 ) ;
#1030 = DIRECTION ( 'NONE',  ( 0.000000000000000000, 0.000000000000000000, -1.000000000000000000 ) ) ;
#1031 = ORIENTED_EDGE ( 'NONE', *, *, #3048, .T. ) ;
#1032 = LINE ( 'NONE', #4550, #4371 ) ;
#1033 = CARTESIAN_POINT ( 'NONE',  ( -16.31094008719625066, 11.57457238897609919, -11.99999999999999822 ) ) ;
#1034 = CARTESIAN_POINT ( 'NONE',  ( 0.000000000000000000, 0.000000000000000000, 4.000000000000000000 ) ) ;
#1035 = CARTESIAN_POINT ( 'NONE',  ( 3.924999999999962519, -6.506284946773680744, -12.76296664562476479 ) ) ;
#1036 = VECTOR ( 'NONE', #4123, 1000.000000000000000 ) ;
#1037 = CARTESIAN_POINT ( 'NONE',  ( 8.306503472672332578, 5.384477007216665001, -19.55635838686439598 ) ) ;
#1038 = B_SPLINE_CURVE_WITH_KNOTS ( 'NONE', 3,
 ( #6002, #5323, #7441, #2771, #5683, #2913, #6278, #5000 ),
 .UNSPECIFIED., .F., .F.,
 ( 4, 2, 2, 4 ),
 ( 0.000000000000000000, 0.0003458595539913976338, 0.0006917191079827952676, 0.001383438215965590535 ),
 .UNSPECIFIED. ) ;
#1039 = CARTESIAN_POINT ( 'NONE',  ( -16.23890890522624986, 10.53023896615777844, -3.000000000000000888 ) ) ;
#1040 = CIRCLE ( 'NONE', #7391, 0.8999999999999998002 ) ;
#1041 = ORIENTED_EDGE ( 'NONE', *, *, #4414, .T. ) ;
#1042 = CARTESIAN_POINT ( 'NONE',  ( -3.925725391514474971, -6.129885099535780313, -19.57043709073007776 ) ) ;
#1043 = ORIENTED_EDGE ( 'NONE', *, *, #539, .T. ) ;
#1044 = DIRECTION ( 'NONE',  ( 0.5000000000000093259, 0.8660254037844333785, -0.000000000000000000 ) ) ;
#1045 = DIRECTION ( 'NONE',  ( 0.000000000000000000, 0.000000000000000000, -1.000000000000000000 ) ) ;
#1046 = ADVANCED_FACE ( 'NONE', ( #5895 ), #477, .T. ) ;
#1047 = CARTESIAN_POINT ( 'NONE',  ( -5.897047706912947440, 6.858964866866946508, -19.56176524634232905 ) ) ;
#1048 = DIRECTION ( 'NONE',  ( 0.9848077530122055778, -0.1736481776669439314, 0.000000000000000000 ) ) ;
#1049 = CONICAL_SURFACE ( 'NONE', #5048, 17.49999999999999645, 0.7853981633974465026 ) ;
#1050 = CARTESIAN_POINT ( 'NONE',  ( -3.524867740009669959, 5.882578121836845142, -20.14999999999997371 ) ) ;
#1051 = ORIENTED_EDGE ( 'NONE', *, *, #3197, .F. ) ;
#1052 = CARTESIAN_POINT ( 'NONE',  ( -16.05609281500524332, 5.228598966482370436, 0.000000000000000000 ) ) ;
#1053 = VERTEX_POINT ( 'NONE', #7368 ) ;
#1054 = ORIENTED_EDGE ( 'NONE', *, *, #4126, .T. ) ;
#1055 = DIRECTION ( 'NONE',  ( 0.000000000000000000, 0.000000000000000000, -1.000000000000000000 ) ) ;
#1056 = VECTOR ( 'NONE', #3267, 1000.000000000000000 ) ;
#1057 = VECTOR ( 'NONE', #4721, 1000.000000000000000 ) ;
#1058 = CARTESIAN_POINT ( 'NONE',  ( 16.23890890522645591, 10.53023896615741961, -6.800000000000000711 ) ) ;
#1059 = CARTESIAN_POINT ( 'NONE',  ( -8.382382294905363906, 2.034517671420703611, -20.15000000000000213 ) ) ;
#1060 = CARTESIAN_POINT ( 'NONE',  ( -3.332018698439320303, -5.999999928950983552, -20.14999999999999858 ) ) ;
#1061 = CARTESIAN_POINT ( 'NONE',  ( 4.625255059579650663, -2.988250310752227357, -19.57593372417809263 ) ) ;
#1062 = CARTESIAN_POINT ( 'NONE',  ( -7.973895380484598228, 0.2251541440996105425, -19.56741894084183286 ) ) ;
#1063 = CARTESIAN_POINT ( 'NONE',  ( 4.718010566148164386, -5.324769750921419131, -13.13740783350430519 ) ) ;
#1064 =( GEOMETRIC_REPRESENTATION_CONTEXT ( 3 ) GLOBAL_UNCERTAINTY_ASSIGNED_CONTEXT ( ( #4823 ) ) GLOBAL_UNIT_ASSIGNED_CONTEXT ( ( #6449, #949, #5294 ) ) REPRESENTATION_CONTEXT ( 'NONE', 'WORKASPACE' ) );
#1065 = AXIS2_PLACEMENT_3D ( 'NONE', #3474, #4911, #4358 ) ;
#1066 = EDGE_CURVE ( 'NONE', #5624, #8525, #2652, .T. ) ;
#1067 = ORIENTED_EDGE ( 'NONE', *, *, #8602, .T. ) ;
#1068 = CARTESIAN_POINT ( 'NONE',  ( -6.861371486304197909, 0.1139291206757337555, -20.14999999999999858 ) ) ;
#1069 = FACE_OUTER_BOUND ( 'NONE', #2946, .T. ) ;
#1070 = CARTESIAN_POINT ( 'NONE',  ( 1.759622527227526989, -12.90547536294619491, -11.97894388834214574 ) ) ;
#1071 = CARTESIAN_POINT ( 'NONE',  ( 17.79884389200625350, 9.121466773934537642, -6.800000000000000711 ) ) ;
#1072 = EDGE_CURVE ( 'NONE', #6850, #4035, #5474, .T. ) ;
#1073 = VECTOR ( 'NONE', #8663, 1000.000000000000000 ) ;
#1074 = CARTESIAN_POINT ( 'NONE',  ( 4.399933215955052823, -16.52424242424249101, 4.000000000000000000 ) ) ;
#1075 = DIRECTION ( 'NONE',  ( 0.000000000000000000, 0.000000000000000000, -1.000000000000000000 ) ) ;
#1076 = EDGE_CURVE ( 'NONE', #6175, #6361, #7625, .T. ) ;
#1077 = VERTEX_POINT ( 'NONE', #6905 ) ;
#1078 = CARTESIAN_POINT ( 'NONE',  ( 3.530143011963446931, 5.885612803202785237, -20.14999999999999858 ) ) ;
#1079 = ORIENTED_EDGE ( 'NONE', *, *, #5105, .T. ) ;
#1080 = CARTESIAN_POINT ( 'NONE',  ( 2.410762987878604324, 5.352799815051304755, -20.14999999999999858 ) ) ;
#1081 = DIRECTION ( 'NONE',  ( 1.000000000000000000, 0.000000000000000000, 0.000000000000000000 ) ) ;
#1082 = CARTESIAN_POINT ( 'NONE',  ( -1.892506429953171754, -14.16778685059244758, -11.99999999999999822 ) ) ;
#1083 = CARTESIAN_POINT ( 'NONE',  ( -6.970391156674950572, -1.423532130147089791, -13.13740783350430874 ) ) ;
#1084 = FACE_OUTER_BOUND ( 'NONE', #2111, .T. ) ;
#1085 = CARTESIAN_POINT ( 'NONE',  ( 8.529116872168216901, 2.995948295497570690, -20.14999999999999503 ) ) ;
#1086 = ADVANCED_FACE ( 'NONE', ( #6855 ), #1265, .T. ) ;
#1087 = ORIENTED_EDGE ( 'NONE', *, *, #1194, .F. ) ;
#1088 = CARTESIAN_POINT ( 'NONE',  ( 8.107900600546791736, 0.3687360918469141380, -19.56674770222782200 ) ) ;
#1089 = EDGE_LOOP ( 'NONE', ( #6767, #5674, #1471, #4417 ) ) ;
#1090 = CARTESIAN_POINT ( 'NONE',  ( 18.02083030404904918, 8.675505932347395088, -11.87425840948973388 ) ) ;
#1091 = CARTESIAN_POINT ( 'NONE',  ( 17.28941916244338017, 8.155151616237859002, -11.91344959566538719 ) ) ;
#1092 = CARTESIAN_POINT ( 'NONE',  ( -1.600000000000262101, -16.50000000000000000, 2.200000000000000178 ) ) ;
#1093 = CARTESIAN_POINT ( 'NONE',  ( -4.811787938297870326, 6.905014385560681589, -19.56523595981985153 ) ) ;
#1094 = DIRECTION ( 'NONE',  ( 0.3420201433256560009, 0.9396926207859129798, 0.000000000000000000 ) ) ;
#1095 = CARTESIAN_POINT ( 'NONE',  ( 11.33992941966018719, 7.701811841411315918, -11.18201594453583247 ) ) ;
#1096 = VERTEX_POINT ( 'NONE', #1783 ) ;
#1097 = CARTESIAN_POINT ( 'NONE',  ( 6.775584929501397902, 15.68627269146163528, -0.4129377918421187621 ) ) ;
#1098 = ORIENTED_EDGE ( 'NONE', *, *, #7872, .F. ) ;
#1099 = ORIENTED_EDGE ( 'NONE', *, *, #3700, .F. ) ;
#1100 = CARTESIAN_POINT ( 'NONE',  ( 2.882341653735275955, -7.665785758529144012, -20.15000000000000568 ) ) ;
#1101 = CARTESIAN_POINT ( 'NONE',  ( -10.43531719619343257, 7.179533730680915049, -11.00000000000000000 ) ) ;
#1102 = CARTESIAN_POINT ( 'NONE',  ( 0.000000000000000000, 0.000000000000000000, 2.000000000000000000 ) ) ;
#1103 = CARTESIAN_POINT ( 'NONE',  ( 3.927399293240437128, -5.855470535314390546, -19.57121548633524100 ) ) ;
#1104 = CARTESIAN_POINT ( 'NONE',  ( -5.950586579496990325, 6.241331416671186183, -20.14999999999999858 ) ) ;
#1105 = CARTESIAN_POINT ( 'NONE',  ( 7.087094034895882189, -0.5839333955071381865, -13.13702413388799961 ) ) ;
#1106 = EDGE_LOOP ( 'NONE', ( #486, #4061, #9128, #5389 ) ) ;
#1107 = CARTESIAN_POINT ( 'NONE',  ( 17.28941916244371413, 8.249999999999147349, -11.86602540378500592 ) ) ;
#1108 = ORIENTED_EDGE ( 'NONE', *, *, #1710, .T. ) ;
#1109 = DIRECTION ( 'NONE',  ( -1.000000000000000000, 1.776356839400250465E-15, 0.000000000000000000 ) ) ;
#1110 = CARTESIAN_POINT ( 'NONE',  ( 1.029098229741288284, -12.63423522838701096, -11.27530028618130231 ) ) ;
#1111 = VECTOR ( 'NONE', #384, 1000.000000000000000 ) ;
#1112 = DIRECTION ( 'NONE',  ( -0.6427876096865469124, 0.7660444431189716852, 0.000000000000000000 ) ) ;
#1113 = CARTESIAN_POINT ( 'NONE',  ( -2.324996895665969454, -6.708566865472663565, 0.000000000000000000 ) ) ;
#1114 = FACE_OUTER_BOUND ( 'NONE', #6839, .T. ) ;
#1115 = AXIS2_PLACEMENT_3D ( 'NONE', #6115, #7781, #1447 ) ;
#1116 = ORIENTED_EDGE ( 'NONE', *, *, #4477, .T. ) ;
#1117 = EDGE_CURVE ( 'NONE', #4660, #1787, #2437, .T. ) ;
#1118 = CARTESIAN_POINT ( 'NONE',  ( -10.75900644537404460, 6.364854197651132139, -5.800000000000002487 ) ) ;
#1119 = ORIENTED_EDGE ( 'NONE', *, *, #4972, .F. ) ;
#1120 = CYLINDRICAL_SURFACE ( 'NONE', #8056, 1.000000000000000000 ) ;
#1121 = FACE_OUTER_BOUND ( 'NONE', #205, .T. ) ;
#1122 = CARTESIAN_POINT ( 'NONE',  ( -1.000000000000153877, -13.67157287525377285, -6.800000000000000711 ) ) ;
#1123 = AXIS2_PLACEMENT_3D ( 'NONE', #4051, #64, #6478 ) ;
#1124 = EDGE_CURVE ( 'NONE', #8723, #7973, #4237, .T. ) ;
#1125 = CARTESIAN_POINT ( 'NONE',  ( -3.386065327529373725, -6.277589482535935517, -13.14533457493034874 ) ) ;
#1126 = CARTESIAN_POINT ( 'NONE',  ( -5.471404696283939424E-15, 8.286817471267759908E-15, 2.000000000000000000 ) ) ;
#1127 = ADVANCED_FACE ( 'NONE', ( #484 ), #5413, .F. ) ;
#1128 = CARTESIAN_POINT ( 'NONE',  ( -1.779395352185494161, -18.91927979698644791, -11.98299790006836041 ) ) ;
#1129 = EDGE_LOOP ( 'NONE', ( #818, #7948, #3067, #6894 ) ) ;
#1130 = CARTESIAN_POINT ( 'NONE',  ( 8.231348779022260587, 0.5130932445774917250, -19.56609877772308437 ) ) ;
#1131 = ORIENTED_EDGE ( 'NONE', *, *, #5581, .F. ) ;
#1132 = CARTESIAN_POINT ( 'NONE',  ( 0.2650803488309946832, -19.49071739986105101, -5.827035454541356962 ) ) ;
#1133 = EDGE_CURVE ( 'NONE', #6850, #8353, #111, .T. ) ;
#1134 = CARTESIAN_POINT ( 'NONE',  ( -4.446261863233510248, 12.21600407021689882, 3.999999999999949818 ) ) ;
#1135 = CARTESIAN_POINT ( 'NONE',  ( -5.196152422706641794, 3.000000000000417000, -13.14999999999999858 ) ) ;
#1136 = CARTESIAN_POINT ( 'NONE',  ( 7.767294606284877112, 5.108806601144795678, -20.15000000000000568 ) ) ;
#1137 = CARTESIAN_POINT ( 'NONE',  ( 3.271152422706617546, 3.000000000000023981, -13.14999999999999858 ) ) ;
#1138 = DIRECTION ( 'NONE',  ( 1.000000000000000000, -1.028313268071524818E-14, 0.000000000000000000 ) ) ;
#1139 = ADVANCED_FACE ( 'NONE', ( #1084 ), #8987, .T. ) ;
#1140 = AXIS2_PLACEMENT_3D ( 'NONE', #8312, #8962, #8917 ) ;
#1141 = ORIENTED_EDGE ( 'NONE', *, *, #5385, .T. ) ;
#1142 = ORIENTED_EDGE ( 'NONE', *, *, #2781, .T. ) ;
#1143 = EDGE_LOOP ( 'NONE', ( #5230, #4354, #18, #7431 ) ) ;
#1144 = CARTESIAN_POINT ( 'NONE',  ( 1.543706868261266907, -8.946085374500535536, -20.14999999999999503 ) ) ;
#1145 = ORIENTED_EDGE ( 'NONE', *, *, #7404, .F. ) ;
#1146 = DIRECTION ( 'NONE',  ( 0.000000000000000000, 0.000000000000000000, -1.000000000000000000 ) ) ;
#1147 = CARTESIAN_POINT ( 'NONE',  ( -3.429552860769168987, -15.77601450085405332, -0.1350319544779086112 ) ) ;
#1148 = CARTESIAN_POINT ( 'NONE',  ( 7.004551479666686120, -0.4918284276150671763, -19.57130352983493893 ) ) ;
#1149 = CIRCLE ( 'NONE', #7049, 2.999999999999995559 ) ;
#1150 = CARTESIAN_POINT ( 'NONE',  ( -6.759859534895031885, -2.312361290794540558, 0.000000000000000000 ) ) ;
#1151 = CARTESIAN_POINT ( 'NONE',  ( -7.159117483306193463, -0.3999552182180290405, -19.57085359159119520 ) ) ;
#1152 = ORIENTED_EDGE ( 'NONE', *, *, #8808, .F. ) ;
#1153 = LINE ( 'NONE', #2681, #8688 ) ;
#1154 = AXIS2_PLACEMENT_3D ( 'NONE', #6759, #5384, #8195 ) ;
#1155 = ORIENTED_EDGE ( 'NONE', *, *, #4197, .T. ) ;
#1156 = FACE_OUTER_BOUND ( 'NONE', #2312, .T. ) ;
#1157 = DIRECTION ( 'NONE',  ( -1.000000000000000000, 0.000000000000000000, -0.000000000000000000 ) ) ;
#1158 = CARTESIAN_POINT ( 'NONE',  ( -3.376867951290758452, -5.152034052106307271, -20.14999999999999858 ) ) ;
#1159 = CARTESIAN_POINT ( 'NONE',  ( 11.17313864715642424, 5.740518469345889052, -6.000961805086803658 ) ) ;
#1160 = CARTESIAN_POINT ( 'NONE',  ( 5.172453734403385184, 6.930837541253486833, -19.56402774101510289 ) ) ;
#1161 = FACE_OUTER_BOUND ( 'NONE', #4393, .T. ) ;
#1162 = CIRCLE ( 'NONE', #5590, 13.00000000000000355 ) ;
#1163 = ORIENTED_EDGE ( 'NONE', *, *, #7518, .F. ) ;
#1164 = DIRECTION ( 'NONE',  ( 0.000000000000000000, 0.000000000000000000, -1.000000000000000000 ) ) ;
#1165 = AXIS2_PLACEMENT_3D ( 'NONE', #158, #3530, #17 ) ;
#1166 = ORIENTED_EDGE ( 'NONE', *, *, #1847, .F. ) ;
#1167 = CARTESIAN_POINT ( 'NONE',  ( 1.542638687785229815E-15, -6.661338147750940031E-15, 0.000000000000000000 ) ) ;
#1168 = DIRECTION ( 'NONE',  ( -1.028313268071524502E-14, -1.000000000000000000, -0.000000000000000000 ) ) ;
#1169 = CARTESIAN_POINT ( 'NONE',  ( -2.324985365217979716, -6.708535089832884601, 0.000000000000000000 ) ) ;
#1170 = CARTESIAN_POINT ( 'NONE',  ( -6.998297538017272501, 1.375331565961207980, 0.000000000000000000 ) ) ;
#1171 = DIRECTION ( 'NONE',  ( 0.000000000000000000, 0.000000000000000000, -1.000000000000000000 ) ) ;
#1172 = CIRCLE ( 'NONE', #2362, 1.925000000000166800 ) ;
#1173 = EDGE_CURVE ( 'NONE', #7177, #1214, #6368, .T. ) ;
#1174 = CARTESIAN_POINT ( 'NONE',  ( -1.892519035756492940, -18.83220187443430405, -12.00000000000000355 ) ) ;
#1175 = ORIENTED_EDGE ( 'NONE', *, *, #7816, .F. ) ;
#1176 = CARTESIAN_POINT ( 'NONE',  ( 8.270880363098870092, 0.5622775327793169131, -19.56588362024920968 ) ) ;
#1177 = AXIS2_PLACEMENT_3D ( 'NONE', #7027, #792, #148 ) ;
#1178 = ORIENTED_EDGE ( 'NONE', *, *, #5932, .F. ) ;
#1179 = CARTESIAN_POINT ( 'NONE',  ( 0.9999999999997888356, -19.32842712474617386, -6.800000000000000711 ) ) ;
#1180 = CARTESIAN_POINT ( 'NONE',  ( -3.460125248363489892, 6.530515014312838318, -19.57001407688667882 ) ) ;
#1181 = CARTESIAN_POINT ( 'NONE',  ( 5.932638115201564588, -15.39655172413803008, -12.00000000000000000 ) ) ;
#1182 = CARTESIAN_POINT ( 'NONE',  ( 8.180698059984111481, 4.469496187806953458, -20.15000000000003766 ) ) ;
#1183 = DIRECTION ( 'NONE',  ( 0.000000000000000000, 0.000000000000000000, 1.000000000000000000 ) ) ;
#1184 = PLANE ( 'NONE',  #5695 ) ;
#1185 = ADVANCED_FACE ( 'NONE', ( #7546 ), #1872, .F. ) ;
#1186 = AXIS2_PLACEMENT_3D ( 'NONE', #6380, #1393, #5778 ) ;
#1187 = ADVANCED_FACE ( 'NONE', ( #8109 ), #8291, .T. ) ;
#1188 = ORIENTED_EDGE ( 'NONE', *, *, #2702, .T. ) ;
#1189 = ORIENTED_EDGE ( 'NONE', *, *, #4936, .T. ) ;
#1190 = ORIENTED_EDGE ( 'NONE', *, *, #3848, .T. ) ;
#1191 = CARTESIAN_POINT ( 'NONE',  ( 1.220471718495852231, -9.094144648055472402, -20.14999999999998437 ) ) ;
#1192 = ORIENTED_EDGE ( 'NONE', *, *, #7920, .T. ) ;
#1193 = CARTESIAN_POINT ( 'NONE',  ( 10.36748586618385382, 12.83609118129339954, -12.00000000000000000 ) ) ;
#1194 = EDGE_CURVE ( 'NONE', #5448, #8723, #7779, .T. ) ;
#1195 = CARTESIAN_POINT ( 'NONE',  ( 12.05332254105982770, 6.247819475287813340, -6.001617403196384259 ) ) ;
#1196 = CIRCLE ( 'NONE', #6357, 1.325000000000180478 ) ;
#1197 = CARTESIAN_POINT ( 'NONE',  ( 7.097280842910664411, -0.4361308253140838143, -19.57103427397343864 ) ) ;
#1198 = CARTESIAN_POINT ( 'NONE',  ( -9.083838577948794679, 1.945022092707591632, -12.72851349955009859 ) ) ;
#1199 = CARTESIAN_POINT ( 'NONE',  ( -3.013018597678641441, 6.277829993837938716, -19.57148083507787106 ) ) ;
#1200 = AXIS2_PLACEMENT_3D ( 'NONE', #1670, #2496, #326 ) ;
#1201 = ORIENTED_EDGE ( 'NONE', *, *, #25, .T. ) ;
#1202 = DIRECTION ( 'NONE',  ( 0.000000000000000000, 0.000000000000000000, 1.000000000000000000 ) ) ;
#1203 = AXIS2_PLACEMENT_3D ( 'NONE', #6191, #9021, #7675 ) ;
#1204 = VERTEX_POINT ( 'NONE', #1967 ) ;
#1205 = DIRECTION ( 'NONE',  ( -1.028313268071524502E-14, -1.000000000000000000, -0.000000000000000000 ) ) ;
#1206 = CARTESIAN_POINT ( 'NONE',  ( 0.9999999999997820632, -19.97498435543818829, -6.800000000000000711 ) ) ;
#1207 = CARTESIAN_POINT ( 'NONE',  ( -4.568680536644386336, -1.932792375147499353, -20.14999999999999858 ) ) ;
#1208 = ADVANCED_FACE ( 'NONE', ( #5429 ), #2518, .T. ) ;
#1209 = CARTESIAN_POINT ( 'NONE',  ( 11.43531719619355869, 5.447482923111757636, -6.800000000000000711 ) ) ;
#1210 = CARTESIAN_POINT ( 'NONE',  ( 3.461402535122768409, 6.531166462366346792, -19.57000938088468800 ) ) ;
#1211 = DIRECTION ( 'NONE',  ( -0.000000000000000000, -0.000000000000000000, -1.000000000000000000 ) ) ;
#1212 = CIRCLE ( 'NONE', #4320, 1.925000000000449019 ) ;
#1213 = VECTOR ( 'NONE', #4314, 1000.000000000000000 ) ;
#1214 = VERTEX_POINT ( 'NONE', #4688 ) ;
#1215 = CARTESIAN_POINT ( 'NONE',  ( 9.332080187004777372, -14.22898462720526247, -0.4837805568354662800 ) ) ;
#1216 = B_SPLINE_SURFACE_WITH_KNOTS ( 'NONE', 1, 3, ( 
 ( #8324, #4815, #7629, #6843, #1254, #6053, #514, #8186, #1956, #2044, #5416, #1906, #7487, #6796, #4722, #1302, #6936, #3431, #3334, #470, #7676, #3380, #8885, #6102, #609, #5373, #8927, #2640, #6147, #6242, #9073, #4082, #2731, #6889, #4771, #2594, #4862, #7584, #561, #8371, #6192, #8231, #9022, #2687, #4173, #5510, #2000, #6984, #656, #702, #2872, #1440, #8418, #2966, #8518, #3523, #7775, #8613, #4269, #4957, #7875, #5091, #8468, #7170, #3619, #2235, #5781, #3665, #5051, #1580, #7081, #748, #2091, #7911, #2778, #840, #796, #1541, #3573, #7131, #4912, #8566, #4398, #6332 ),
 ( #6382, #57, #7728, #5689, #1395, #5646, #2182, #4359, #7213, #9, #4315, #6472, #3475, #5008, #7826, #4218, #1491, #7031, #2137, #6424, #151, #107, #2279, #6286, #2919, #9120, #5735, #2824, #5597, #8831, #6562, #1669, #4531, #3799, #5906, #6520, #3758, #5821, #7953, #197, #1623, #3094, #3010, #7258, #2319, #4488, #3710, #8739, #5997, #5863, #8650, #8087, #1807, #8691, #3143, #8784, #2445, #2358, #5226, #883, #5178, #5131, #2404, #2495, #234, #8000, #4441, #928, #7299, #5270, #1758, #7390, #971, #3049, #5316, #7342, #6605, #278, #4576, #8042, #1711, #1015, #3844, #1060 ) ),
 .UNSPECIFIED., .F., .F., .F.,
 ( 2, 2 ),
 ( 4, 2, 2, 2, 2, 2, 2, 2, 2, 2, 2, 2, 2, 2, 2, 2, 2, 2, 2, 2, 2, 2, 2, 2, 2, 2, 2, 2, 2, 2, 2, 2, 2, 2, 2, 2, 2, 2, 2, 2, 2, 4 ),
 ( 0.000000000000000000, 1.000000000000000000 ),
 ( -9.000510779154109048E-07, 2.697772436416427435E-06, 6.295595950748265775E-06, 1.349124297941194245E-05, 2.788253703673929581E-05, 5.666512515139400253E-05, 0.0001142303013807034160, 0.0002293606538393222428, 0.0004596213587565598966, 0.0009201427685910352041, 0.001380664178425510457, 0.001841185588259985819, 0.002301706998094460964, 0.002762228407928936542, 0.003222749817763412121, 0.003683271227597887266, 0.004143792637432362411, 0.004604314047266837989, 0.004719444399725457318, 0.004834574752184075778, 0.005064835457101313568, 0.005295096162018550490, 0.005525356866935788279, 0.005985878276770262990, 0.006446399686604738569, 0.006676660391521976358, 0.006906921096439214147, 0.007022051448897833476, 0.007137181801356451936, 0.007194746977585760733, 0.007252312153815070397, 0.007281094741929725229, 0.007309877330044380062, 0.007324268624101707911, 0.007338659918159034894, 0.007345855565187698819, 0.007353051212216361876, 0.007356649035730694272, 0.007360246859245025801, 0.007363844682759357330, 0.007365643594516523528, 0.007367442506273689726 ),
 .UNSPECIFIED. ) ;
#1217 = VECTOR ( 'NONE', #4922, 1000.000000000000000 ) ;
#1218 = EDGE_CURVE ( 'NONE', #7709, #6803, #7322, .T. ) ;
#1219 = ORIENTED_EDGE ( 'NONE', *, *, #7742, .T. ) ;
#1220 = DIRECTION ( 'NONE',  ( -0.000000000000000000, -0.000000000000000000, -1.000000000000000000 ) ) ;
#1221 = CARTESIAN_POINT ( 'NONE',  ( -3.416201073717528125, -7.944619305330169468, -19.56402882058571890 ) ) ;
#1222 = CARTESIAN_POINT ( 'NONE',  ( -6.861371486304197909, 0.1139291206757337555, -20.14999999999999858 ) ) ;
#1223 = CARTESIAN_POINT ( 'NONE',  ( -6.678494095089546612, 2.502929873537376615, -13.19417226125154485 ) ) ;
#1224 = CARTESIAN_POINT ( 'NONE',  ( -10.39230484541326760, -6.000000000000000000, 2.000000000000000000 ) ) ;
#1225 = CARTESIAN_POINT ( 'NONE',  ( -16.23890890522624986, 10.53023896615777844, -11.00000000000000000 ) ) ;
#1226 = ORIENTED_EDGE ( 'NONE', *, *, #8764, .F. ) ;
#1227 = CARTESIAN_POINT ( 'NONE',  ( 8.975074649869014820, 1.952897002702632445, -19.56093202992821745 ) ) ;
#1228 = VERTEX_POINT ( 'NONE', #4001 ) ;
#1229 = CARTESIAN_POINT ( 'NONE',  ( 14.31270730586859408, 4.250067792777271869, -12.00000000000000000 ) ) ;
#1230 = DIRECTION ( 'NONE',  ( 0.3420201464373229250, 0.9396926196533588183, 0.000000000000000000 ) ) ;
#1231 = CARTESIAN_POINT ( 'NONE',  ( -5.196152422706641794, 3.000000000000417000, -13.14999999999999858 ) ) ;
#1232 = CARTESIAN_POINT ( 'NONE',  ( 8.518535866365871456, 2.833589919142394997, -20.14999999999998437 ) ) ;
#1233 = EDGE_CURVE ( 'NONE', #5492, #507, #6809, .T. ) ;
#1234 = CARTESIAN_POINT ( 'NONE',  ( 9.067569533741938415, -15.54925023114474669, 4.000000000000000000 ) ) ;
#1235 = FACE_OUTER_BOUND ( 'NONE', #6072, .T. ) ;
#1236 = ORIENTED_EDGE ( 'NONE', *, *, #5826, .F. ) ;
#1237 = ORIENTED_EDGE ( 'NONE', *, *, #4587, .F. ) ;
#1238 = ORIENTED_EDGE ( 'NONE', *, *, #4859, .T. ) ;
#1239 = CARTESIAN_POINT ( 'NONE',  ( 2.151468822103925760, -8.538079522255822340, -20.14999999999998437 ) ) ;
#1240 = EDGE_LOOP ( 'NONE', ( #1236, #7324, #1546, #810 ) ) ;
#1241 = CARTESIAN_POINT ( 'NONE',  ( -1.403629129512125442E-13, -12.50000000000000355, -5.800000000000000711 ) ) ;
#1242 = CARTESIAN_POINT ( 'NONE',  ( 3.078181317935920536, 8.457233576880250681, 3.999999999999949818 ) ) ;
#1243 = CARTESIAN_POINT ( 'NONE',  ( 7.148934591914843928, -0.4058609650615876419, -19.57088385487955406 ) ) ;
#1244 = ADVANCED_FACE ( 'NONE', ( #4737 ), #7840, .F. ) ;
#1245 = CARTESIAN_POINT ( 'NONE',  ( 0.5137812952128447685, -9.924999999999968736, -20.15000000000000213 ) ) ;
#1246 = CARTESIAN_POINT ( 'NONE',  ( -0.7011775568605101983, 5.534046451411721357, -19.57571858483009208 ) ) ;
#1247 = VERTEX_POINT ( 'NONE', #3633 ) ;
#1248 = CARTESIAN_POINT ( 'NONE',  ( 7.036151887868407506, -0.4737827685547266188, -19.57121745304259974 ) ) ;
#1249 = VERTEX_POINT ( 'NONE', #6947 ) ;
#1250 = ORIENTED_EDGE ( 'NONE', *, *, #8092, .F. ) ;
#1251 = PLANE ( 'NONE',  #6034 ) ;
#1252 = CARTESIAN_POINT ( 'NONE',  ( 1.438572670109304674, -19.13503177473302230, -11.83858471799099199 ) ) ;
#1253 = CARTESIAN_POINT ( 'NONE',  ( -6.588882828694145211, -0.04390975979025641546, -20.15000000000000213 ) ) ;
#1254 = CARTESIAN_POINT ( 'NONE',  ( -7.154089277019846094, -0.4028689310528904555, -19.57086873980375330 ) ) ;
#1255 = DIRECTION ( 'NONE',  ( 0.9848077478370895754, -0.1736482070164839797, 0.000000000000000000 ) ) ;
#1256 = CARTESIAN_POINT ( 'NONE',  ( 1.061064573208314155, -13.69373385903106843, -11.35123915384315829 ) ) ;
#1257 = EDGE_CURVE ( 'NONE', #4461, #1813, #1406, .T. ) ;
#1258 = ADVANCED_FACE ( 'NONE', ( #2841 ), #6297, .F. ) ;
#1259 = EDGE_LOOP ( 'NONE', ( #7291, #5830 ) ) ;
#1260 = DIRECTION ( 'NONE',  ( -0.3420201433256561119, -0.9396926207859129798, 0.000000000000000000 ) ) ;
#1261 = ORIENTED_EDGE ( 'NONE', *, *, #5469, .T. ) ;
#1262 = LINE ( 'NONE', #7541, #7605 ) ;
#1263 = CARTESIAN_POINT ( 'NONE',  ( 17.28941916244371413, 8.249999999999147349, -11.86602540378500592 ) ) ;
#1264 = CARTESIAN_POINT ( 'NONE',  ( 11.25833024919764647, -6.499999999999966249, 0.000000000000000000 ) ) ;
#1265 = CYLINDRICAL_SURFACE ( 'NONE', #4828, 7.099999999999876188 ) ;
#1266 = AXIS2_PLACEMENT_3D ( 'NONE', #1329, #4198, #5531 ) ;
#1267 = CARTESIAN_POINT ( 'NONE',  ( -2.619701819963927925, -7.558912777276517225, 0.000000000000000000 ) ) ;
#1268 = CARTESIAN_POINT ( 'NONE',  ( -15.74306304118385924, 10.87794254680080286, -11.90088241503187483 ) ) ;
#1269 = ORIENTED_EDGE ( 'NONE', *, *, #2654, .T. ) ;
#1270 = DIRECTION ( 'NONE',  ( -0.6427876096865492439, 0.7660444431189699088, 0.000000000000000000 ) ) ;
#1271 = AXIS2_PLACEMENT_3D ( 'NONE', #2416, #8754, #1680 ) ;
#1272 = EDGE_LOOP ( 'NONE', ( #39, #5806, #4536, #5391 ) ) ;
#1273 = CARTESIAN_POINT ( 'NONE',  ( 11.81769303614639988, -2.083778132003340389, 0.000000000000000000 ) ) ;
#1274 = LINE ( 'NONE', #7600, #8536 ) ;
#1275 = DIRECTION ( 'NONE',  ( 0.000000000000000000, 0.000000000000000000, -1.000000000000000000 ) ) ;
#1276 = CARTESIAN_POINT ( 'NONE',  ( 7.179618466810421040, 5.670176859404199021, -20.14999999999999858 ) ) ;
#1277 = CARTESIAN_POINT ( 'NONE',  ( 13.01044710970903395, 12.07257515209327536, 0.000000000000000000 ) ) ;
#1278 = CARTESIAN_POINT ( 'NONE',  ( -1.231575367100710583, 5.014876756099098998, -20.14999999999999858 ) ) ;
#1279 = VECTOR ( 'NONE', #2196, 1000.000000000000000 ) ;
#1280 = CYLINDRICAL_SURFACE ( 'NONE', #674, 1.000000000000001554 ) ;
#1281 = ORIENTED_EDGE ( 'NONE', *, *, #3395, .T. ) ;
#1282 = ORIENTED_EDGE ( 'NONE', *, *, #1317, .T. ) ;
#1283 = CARTESIAN_POINT ( 'NONE',  ( 2.961044918932112857, -7.522397982648533876, -20.15000000000000924 ) ) ;
#1284 = ORIENTED_EDGE ( 'NONE', *, *, #2268, .F. ) ;
#1285 = CARTESIAN_POINT ( 'NONE',  ( -2.511229603642521901, 6.641065072315138096, 0.000000000000000000 ) ) ;
#1286 = DIRECTION ( 'NONE',  ( 0.000000000000000000, 0.000000000000000000, 1.000000000000000000 ) ) ;
#1287 = CARTESIAN_POINT ( 'NONE',  ( 3.405640541659187281, -4.918899305289958335, -20.15000000000000213 ) ) ;
#1288 = CARTESIAN_POINT ( 'NONE',  ( 1.171646193170444716, -7.035210482140605848, 0.000000000000000000 ) ) ;
#1289 = CIRCLE ( 'NONE', #5133, 4.000000000000001776 ) ;
#1290 = CARTESIAN_POINT ( 'NONE',  ( -1.016915689748331575, 5.581317917849732524, -19.57542693253794042 ) ) ;
#1291 = B_SPLINE_SURFACE_WITH_KNOTS ( 'NONE', 1, 3, ( 
 ( #4484, #1754, #2491, #7610, #4707, #4020, #3319, #5401, #5493, #7517, #498, #8217, #3227, #6131, #1283, #3930, #1100, #6177, #8959, #1845, #2625, #4661, #5313, #2534, #5361, #8310, #1985, #3275, #1239, #1890, #7475, #6736, #8126, #1144, #3972, #1803, #6829, #4622, #4798, #1191, #8174, #6780, #7565, #453, #3364, #5446, #6871, #6086, #4064, #4109, #7433, #408, #8914, #6038, #8871, #2578, #8263, #1938, #4756, #543, #9006, #2671, #364, #3181, #5993, #8827, #1421, #7711, #4893, #9057, #5034, #2122, #4249, #730, #2807, #2901, #4941, #7060, #5626, #641, #3553, #7855, #1332, #7659, #3602, #6360, #8400, #40, #2073, #2717, #9098, #2757, #5716, #8546, #683, #7806, #8450, #1379, #4155, #5534, #4201, #7010, #8352, #2856, #2028, #2214, #7755, #5577 ),
 ( #3504, #4844, #6967, #6313, #2165, #4987, #4295, #9148, #3458, #1522, #5673, #593, #6267, #8497, #3412, #1472, #7111, #778, #6407, #88, #6922, #6226, #5161, #910, #5075, #308, #177, #3739, #999, #7938, #7155, #3692, #5117, #2429, #821, #6547, #2261, #263, #3077, #2389, #2303, #134, #3827, #219, #1564, #8635, #3125, #1606, #5805, #8722, #5940, #2994, #8026, #4470, #5889, #6634, #4512, #5209, #5250, #4426, #7240, #2947, #8769, #3649, #8071, #3031, #1692, #5847, #8675, #7896, #5761, #2344, #7983, #8593, #1650, #6455, #4343, #7283, #953, #3783, #7325, #6500, #4382, #6589, #7198, #867, #3875, #3309, #5347, #3916, #8946, #6071, #8112, #3351, #2658, #6858, #8811, #487, #3959, #6679, #8163, #1835, #5298, #4741, #2522, #2566, #1042, #6165 ) ),
 .UNSPECIFIED., .F., .F., .F.,
 ( 2, 2 ),
 ( 4, 2, 2, 2, 2, 2, 2, 2, 2, 2, 2, 2, 2, 2, 2, 2, 2, 2, 2, 2, 2, 2, 2, 2, 2, 2, 2, 2, 2, 2, 2, 2, 2, 2, 2, 2, 2, 2, 2, 2, 2, 2, 2, 2, 2, 2, 2, 2, 2, 2, 2, 2, 2, 4 ),
 ( 0.000000000000000000, 1.000000000000000000 ),
 ( -9.004376950897752599E-07, 0.0003243058029201199778, 0.0006495120435353297309, 0.0009747182841505395382, 0.001137321404458144442, 0.001299924524765749346, 0.001462527645073354032, 0.001625130765380958936, 0.001787733885688563840, 0.001950337005996168743, 0.002275543246611378551, 0.002438146366918983454, 0.002600749487226588358, 0.002763352607534193262, 0.002925955727841798165, 0.003251161968457007972, 0.003576368209072217780, 0.003657669769226020232, 0.003738971329379822683, 0.003901574449687427587, 0.004064177569995032491, 0.004226780690302637394, 0.004551986930917847202, 0.004714590051225452105, 0.004877193171533057009, 0.005039796291840661913, 0.005202399412148266816, 0.005527605652763476624, 0.005690208773071081527, 0.005852811893378686431, 0.006015415013686291335, 0.006178018133993896238, 0.006340621254301501142, 0.006503224374609106045, 0.006665827494916710949, 0.006828430615224315853, 0.006991033735531920756, 0.007153636855839525660, 0.007316239976147130564, 0.007478843096454735467, 0.007804049337069945275, 0.007966652457377550178, 0.008129255577685155082, 0.008210557137838957534, 0.008291858697992759986, 0.008454461818300364889, 0.008779668058915574697, 0.008942271179223179600, 0.009104874299530784504, 0.009267477419838389407, 0.009430080540145994311, 0.009755286780761204118, 0.01008049302137641393, 0.01040569926199162373 ),
 .UNSPECIFIED. ) ;
#1292 = EDGE_CURVE ( 'NONE', #6860, #8525, #391, .T. ) ;
#1293 = VERTEX_POINT ( 'NONE', #5519 ) ;
#1294 = CARTESIAN_POINT ( 'NONE',  ( -4.036455945919808386, -4.710168235952507665, -19.57381403658976637 ) ) ;
#1295 = ORIENTED_EDGE ( 'NONE', *, *, #2754, .T. ) ;
#1296 = ORIENTED_EDGE ( 'NONE', *, *, #3736, .F. ) ;
#1297 = FACE_OUTER_BOUND ( 'NONE', #1486, .T. ) ;
#1298 = EDGE_CURVE ( 'NONE', #9017, #8218, #5844, .T. ) ;
#1299 = VECTOR ( 'NONE', #3821, 1000.000000000000000 ) ;
#1300 = CARTESIAN_POINT ( 'NONE',  ( 6.437260549481458760, 15.19248750593825292, 0.000000000000000000 ) ) ;
#1301 = CARTESIAN_POINT ( 'NONE',  ( -5.961721924657556571, -0.4921895331472839752, -20.14999999999999858 ) ) ;
#1302 = CARTESIAN_POINT ( 'NONE',  ( -6.912200982384081982, -0.5488936308626982674, -19.57156931149757995 ) ) ;
#1303 = FACE_OUTER_BOUND ( 'NONE', #3425, .T. ) ;
#1304 = B_SPLINE_CURVE_WITH_KNOTS ( 'NONE', 3,
 ( #5711, #2850, #1515, #5667, #7104, #5570, #127, #8538, #2206, #4338 ),
 .UNSPECIFIED., .F., .F.,
 ( 4, 2, 2, 2, 4 ),
 ( 0.000000000000000000, 0.0003933778427753286213, 0.0007867556855506572426, 0.001180133528325985918, 0.001573511371101314485 ),
 .UNSPECIFIED. ) ;
#1305 = EDGE_CURVE ( 'NONE', #3078, #2945, #3607, .T. ) ;
#1306 = CARTESIAN_POINT ( 'NONE',  ( 2.999999999999738431, -16.50000000000000000, -3.000000000000000888 ) ) ;
#1307 = AXIS2_PLACEMENT_3D ( 'NONE', #5505, #1901, #8318 ) ;
#1308 = EDGE_CURVE ( 'NONE', #955, #8137, #9133, .T. ) ;
#1309 = ORIENTED_EDGE ( 'NONE', *, *, #8140, .T. ) ;
#1310 = CARTESIAN_POINT ( 'NONE',  ( 14.28941916244339971, 8.249999999999779732, 0.000000000000000000 ) ) ;
#1311 = EDGE_CURVE ( 'NONE', #5234, #4427, #6395, .T. ) ;
#1312 = VERTEX_POINT ( 'NONE', #2885 ) ;
#1313 = DIRECTION ( 'NONE',  ( 0.8660254037844415942, 0.4999999999999950595, 0.000000000000000000 ) ) ;
#1314 = VECTOR ( 'NONE', #7722, 1000.000000000000000 ) ;
#1315 = CARTESIAN_POINT ( 'NONE',  ( -3.925455442608354772, -6.262893688064067099, -19.57001051153315530 ) ) ;
#1316 = CARTESIAN_POINT ( 'NONE',  ( -1.512993761176323337, 5.676404457415119786, -19.57484529793829608 ) ) ;
#1317 = EDGE_CURVE ( 'NONE', #9056, #7713, #5996, .T. ) ;
#1318 = CARTESIAN_POINT ( 'NONE',  ( 17.14130805772219546, 9.185731071020697414, -6.001373931894277369 ) ) ;
#1319 = CARTESIAN_POINT ( 'NONE',  ( -10.83702032928546544, 10.27013422742469650, -12.00000000000000000 ) ) ;
#1320 = CIRCLE ( 'NONE', #7085, 3.499999999999997780 ) ;
#1321 = DIRECTION ( 'NONE',  ( 1.000000000000000000, 0.000000000000000000, 0.000000000000000000 ) ) ;
#1322 = ORIENTED_EDGE ( 'NONE', *, *, #5924, .F. ) ;
#1323 = CARTESIAN_POINT ( 'NONE',  ( -2.511549394531032320, 6.640942676972172443, 0.000000000000000000 ) ) ;
#1324 = ORIENTED_EDGE ( 'NONE', *, *, #2158, .F. ) ;
#1325 = CARTESIAN_POINT ( 'NONE',  ( -12.55614593867705864, 11.29068478007455134, 0.000000000000000000 ) ) ;
#1326 = CARTESIAN_POINT ( 'NONE',  ( 13.78730854217089963, -2.431074487337230305, 3.999999999999949818 ) ) ;
#1327 = AXIS2_PLACEMENT_3D ( 'NONE', #2786, #4919, #7733 ) ;
#1328 = CARTESIAN_POINT ( 'NONE',  ( 7.482013845331745294, 6.184752861361867637, -19.55764519844594318 ) ) ;
#1329 = CARTESIAN_POINT ( 'NONE',  ( -2.620126338115370445E-13, -16.50000000000000000, 0.000000000000000000 ) ) ;
#1330 = ORIENTED_EDGE ( 'NONE', *, *, #3529, .F. ) ;
#1331 = VERTEX_POINT ( 'NONE', #4230 ) ;
#1332 = CARTESIAN_POINT ( 'NONE',  ( -2.429858270537887499, -8.274024853586771755, -20.15000000000001634 ) ) ;
#1333 = EDGE_LOOP ( 'NONE', ( #8162, #3647, #1888, #5420, #7153, #2805, #5858, #6611, #2900, #1927, #6830 ) ) ;
#1334 = CARTESIAN_POINT ( 'NONE',  ( -1.925000000000517408, -5.999999999999777067, -20.14999999999999858 ) ) ;
#1335 = PLANE ( 'NONE',  #7044 ) ;
#1336 = CARTESIAN_POINT ( 'NONE',  ( 7.050775518032627254, -0.4638328293887364340, -19.57116945577043765 ) ) ;
#1337 = CARTESIAN_POINT ( 'NONE',  ( -6.661724009889490539, -0.6860514627619310746, -12.76259216649567207 ) ) ;
#1338 = AXIS2_PLACEMENT_3D ( 'NONE', #7148, #1768, #5708 ) ;
#1339 = CARTESIAN_POINT ( 'NONE',  ( -3.226902918654651842, 6.396340905114862530, -19.57087245668998676 ) ) ;
#1340 = EDGE_LOOP ( 'NONE', ( #6588, #3886, #8836, #5640 ) ) ;
#1341 = CARTESIAN_POINT ( 'NONE',  ( -16.30012398138541485, 2.560460542844636311, -1.000000000000011324 ) ) ;
#1342 = ORIENTED_EDGE ( 'NONE', *, *, #900, .F. ) ;
#1343 = VERTEX_POINT ( 'NONE', #5019 ) ;
#1344 = FACE_OUTER_BOUND ( 'NONE', #7156, .T. ) ;
#1345 = CIRCLE ( 'NONE', #9019, 0.9000000000000014655 ) ;
#1346 = PLANE ( 'NONE',  #4146 ) ;
#1347 = CARTESIAN_POINT ( 'NONE',  ( -4.395329405335115069, -2.188739540516373872, -20.15000000000000568 ) ) ;
#1348 = CARTESIAN_POINT ( 'NONE',  ( 11.34515438223514394, 5.541874063159674790, -6.295527082779349470 ) ) ;
#1349 = DIRECTION ( 'NONE',  ( -0.000000000000000000, -0.000000000000000000, 1.000000000000000000 ) ) ;
#1350 = CARTESIAN_POINT ( 'NONE',  ( 0.9999999999998469002, -13.67157287525384923, -11.00000000000000000 ) ) ;
#1351 = ADVANCED_FACE ( 'NONE', ( #5703 ), #5659, .T. ) ;
#1352 = CIRCLE ( 'NONE', #7540, 1.999999999999998224 ) ;
#1353 = ORIENTED_EDGE ( 'NONE', *, *, #1218, .F. ) ;
#1354 = B_SPLINE_CURVE_WITH_KNOTS ( 'NONE', 3,
 ( #2556, #6247, #5467, #3994, #1911, #2736 ),
 .UNSPECIFIED., .F., .F.,
 ( 4, 2, 4 ),
 ( 0.0006334278369065058940, 0.001167217887279532306, 0.001701007937652558501 ),
 .UNSPECIFIED. ) ;
#1355 = CARTESIAN_POINT ( 'NONE',  ( -14.28941916244309951, 8.250000000000220268, -3.000000000000000888 ) ) ;
#1356 = ORIENTED_EDGE ( 'NONE', *, *, #2158, .T. ) ;
#1357 = AXIS2_PLACEMENT_3D ( 'NONE', #81, #6447, #8443 ) ;
#1358 = CARTESIAN_POINT ( 'NONE',  ( -10.83288528313429921, -1.910129954336380109, 3.999999999999949818 ) ) ;
#1359 = AXIS2_PLACEMENT_3D ( 'NONE', #4529, #277, #7257 ) ;
#1360 = CARTESIAN_POINT ( 'NONE',  ( -16.98870225072039730, -0.9673261984969880878, 2.000000000000000000 ) ) ;
#1361 = CYLINDRICAL_SURFACE ( 'NONE', #718, 0.8999999999999998002 ) ;
#1362 = DIRECTION ( 'NONE',  ( -1.028313268071524502E-14, -1.000000000000000000, -0.000000000000000000 ) ) ;
#1363 = CARTESIAN_POINT ( 'NONE',  ( -3.333287646765282997, -5.844224695160529670, -20.14999999999999858 ) ) ;
#1364 = ADVANCED_FACE ( 'NONE', ( #5562 ), #3443, .T. ) ;
#1365 = AXIS2_PLACEMENT_3D ( 'NONE', #4127, #6194, #1255 ) ;
#1366 = DIRECTION ( 'NONE',  ( 0.000000000000000000, 0.000000000000000000, -1.000000000000000000 ) ) ;
#1367 = EDGE_LOOP ( 'NONE', ( #6224, #6625, #4335, #4052, #3763 ) ) ;
#1368 = FACE_OUTER_BOUND ( 'NONE', #4835, .T. ) ;
#1369 = ORIENTED_EDGE ( 'NONE', *, *, #6566, .T. ) ;
#1370 = CARTESIAN_POINT ( 'NONE',  ( -8.913970275558900980, 1.722673196037028509, -19.56159658992158867 ) ) ;
#1371 = CIRCLE ( 'NONE', #6364, 0.8999999999999998002 ) ;
#1372 = CARTESIAN_POINT ( 'NONE',  ( 6.344536900869411689, 3.210939737198189814, 0.000000000000000000 ) ) ;
#1373 = CARTESIAN_POINT ( 'NONE',  ( 4.182876194317099561, 6.793268585899047807, -19.56741562279945867 ) ) ;
#1374 = CARTESIAN_POINT ( 'NONE',  ( -15.22591083554677205, 11.10008479631900258, -12.00000000000000000 ) ) ;
#1375 = EDGE_CURVE ( 'NONE', #831, #2808, #6345, .T. ) ;
#1376 = DIRECTION ( 'NONE',  ( 1.229522996907299774E-16, 1.409129223562710049E-15, -1.000000000000000000 ) ) ;
#1377 = VERTEX_POINT ( 'NONE', #8529 ) ;
#1378 = ORIENTED_EDGE ( 'NONE', *, *, #7619, .T. ) ;
#1379 = CARTESIAN_POINT ( 'NONE',  ( -3.097570106579773164, -7.222968241069146700, -20.14999999999997371 ) ) ;
#1380 = ORIENTED_EDGE ( 'NONE', *, *, #8067, .T. ) ;
#1381 = CARTESIAN_POINT ( 'NONE',  ( 10.39918828447035537, 7.317645908483840778, -11.52424501004281154 ) ) ;
#1382 = CARTESIAN_POINT ( 'NONE',  ( -12.28941916244315635, 4.785898384862454336, -12.00000000000000000 ) ) ;
#1383 = CARTESIAN_POINT ( 'NONE',  ( 6.211607748880479285, -0.3040900784536192392, -20.15000000000001634 ) ) ;
#1384 = CARTESIAN_POINT ( 'NONE',  ( -7.965591879181867618, 5.773527150199772251, -19.55677149090121247 ) ) ;
#1385 = CARTESIAN_POINT ( 'NONE',  ( 7.645579418803333027, 6.198406373955032578, -12.70582773874842175 ) ) ;
#1386 = CARTESIAN_POINT ( 'NONE',  ( -0.1420731981253687548, 5.494502096284633375, -19.57596580611132708 ) ) ;
#1387 = ORIENTED_EDGE ( 'NONE', *, *, #4988, .T. ) ;
#1388 = B_SPLINE_CURVE_WITH_KNOTS ( 'NONE', 3,
 ( #6957, #5709, #8441, #722, #2707, #5025 ),
 .UNSPECIFIED., .F., .F.,
 ( 4, 2, 4 ),
 ( 0.000000000000000000, 0.0003167139184532529470, 0.0006334278369065058940 ),
 .UNSPECIFIED. ) ;
#1389 = LINE ( 'NONE', #4309, #7074 ) ;
#1390 = ORIENTED_EDGE ( 'NONE', *, *, #8442, .F. ) ;
#1391 = ORIENTED_EDGE ( 'NONE', *, *, #6310, .T. ) ;
#1392 = DIRECTION ( 'NONE',  ( -1.000000000000000000, 0.000000000000000000, 0.000000000000000000 ) ) ;
#1393 = DIRECTION ( 'NONE',  ( 0.000000000000000000, 0.000000000000000000, 1.000000000000000000 ) ) ;
#1394 = DIRECTION ( 'NONE',  ( 0.000000000000000000, 0.000000000000000000, -1.000000000000000000 ) ) ;
#1395 = CARTESIAN_POINT ( 'NONE',  ( -6.856102877258455131, 0.1108760055208599937, -20.15000000000000568 ) ) ;
#1396 = CARTESIAN_POINT ( 'NONE',  ( -12.33992941965994738, 5.969761033842667430, -11.00000000000000000 ) ) ;
#1397 = CARTESIAN_POINT ( 'NONE',  ( -8.496071406620362865, 2.566624201540513184, -20.15000000000000568 ) ) ;
#1398 = CARTESIAN_POINT ( 'NONE',  ( -5.742000383270913666, -1.367505440486388224, -20.15000000000001634 ) ) ;
#1399 = ORIENTED_EDGE ( 'NONE', *, *, #1066, .T. ) ;
#1400 = DIRECTION ( 'NONE',  ( -0.000000000000000000, -0.000000000000000000, 1.000000000000000000 ) ) ;
#1401 = PRODUCT_DEFINITION_CONTEXT ( 'detailed design', #314, 'design' ) ;
#1402 = ORIENTED_EDGE ( 'NONE', *, *, #5253, .F. ) ;
#1403 = LINE ( 'NONE', #7884, #8821 ) ;
#1404 = CARTESIAN_POINT ( 'NONE',  ( -3.648408761817997892, -7.444144098733429971, -19.56588283148839835 ) ) ;
#1405 = CARTESIAN_POINT ( 'NONE',  ( -3.107752698676931047, 6.330369473839483341, -19.57121749808015210 ) ) ;
#1406 = LINE ( 'NONE', #3487, #8792 ) ;
#1407 = CARTESIAN_POINT ( 'NONE',  ( 12.74783906285161628, 12.70797384430871446, 0.000000000000000000 ) ) ;
#1408 = DIRECTION ( 'NONE',  ( 0.3420201433256649937, 0.9396926207859097602, 0.000000000000000000 ) ) ;
#1409 = ORIENTED_EDGE ( 'NONE', *, *, #7011, .T. ) ;
#1410 = DIRECTION ( 'NONE',  ( 0.000000000000000000, 0.000000000000000000, 1.000000000000000000 ) ) ;
#1411 = EDGE_CURVE ( 'NONE', #1614, #3887, #3537, .T. ) ;
#1412 = ORIENTED_EDGE ( 'NONE', *, *, #4972, .T. ) ;
#1413 = DIRECTION ( 'NONE',  ( 1.000000000000000000, 0.000000000000000000, 0.000000000000000000 ) ) ;
#1414 = AXIS2_PLACEMENT_3D ( 'NONE', #7195, #7894, #4424 ) ;
#1415 = DIRECTION ( 'NONE',  ( -0.000000000000000000, -0.000000000000000000, -1.000000000000000000 ) ) ;
#1416 = ADVANCED_FACE ( 'NONE', ( #808 ), #6439, .F. ) ;
#1417 = CARTESIAN_POINT ( 'NONE',  ( 4.943196243421795089, 6.915451874788668185, -19.56479426663505805 ) ) ;
#1418 = CARTESIAN_POINT ( 'NONE',  ( 15.49317951109106062, 11.00132436684670978, -11.98316182374497707 ) ) ;
#1419 = CARTESIAN_POINT ( 'NONE',  ( -1.182375444227189069E-14, 1.215852357140781794E-28, -5.800000000000000711 ) ) ;
#1420 = ORIENTED_EDGE ( 'NONE', *, *, #5654, .T. ) ;
#1421 = CARTESIAN_POINT ( 'NONE',  ( -1.224767132764408295, -9.092447164574160468, -20.15000000000000213 ) ) ;
#1422 = ORIENTED_EDGE ( 'NONE', *, *, #7171, .T. ) ;
#1423 = CARTESIAN_POINT ( 'NONE',  ( -3.506623387193939531E-13, -5.999999999999777067, -13.14999999999999858 ) ) ;
#1424 = CARTESIAN_POINT ( 'NONE',  ( -8.409578253241456025, 3.861550165330500661, -20.15000000000000213 ) ) ;
#1425 = DIRECTION ( 'NONE',  ( 0.000000000000000000, 0.000000000000000000, -1.000000000000000000 ) ) ;
#1426 = CARTESIAN_POINT ( 'NONE',  ( 5.168488458515038353, -1.210358098859354303, -20.15000000000001990 ) ) ;
#1427 = EDGE_CURVE ( 'NONE', #8607, #7252, #6738, .T. ) ;
#1428 = CARTESIAN_POINT ( 'NONE',  ( -7.478095057118004263, 6.187550755318918405, -19.55765335133625626 ) ) ;
#1429 = AXIS2_PLACEMENT_3D ( 'NONE', #7499, #3911, #2562 ) ;
#1430 = CARTESIAN_POINT ( 'NONE',  ( 4.654863946768686311, 6.990447065021315076, -20.15000000000000213 ) ) ;
#1431 = CARTESIAN_POINT ( 'NONE',  ( 0.7637764383627890785, 4.944698864273365579, -20.14999999999999858 ) ) ;
#1432 = EDGE_LOOP ( 'NONE', ( #3719, #7699, #3917, #8273 ) ) ;
#1433 = LINE ( 'NONE', #1341, #1314 ) ;
#1434 = EDGE_CURVE ( 'NONE', #8934, #362, #1725, .T. ) ;
#1435 = ORIENTED_EDGE ( 'NONE', *, *, #6783, .T. ) ;
#1436 = ORIENTED_EDGE ( 'NONE', *, *, #339, .T. ) ;
#1437 = DIRECTION ( 'NONE',  ( 0.000000000000000000, 0.000000000000000000, 1.000000000000000000 ) ) ;
#1438 = CYLINDRICAL_SURFACE ( 'NONE', #7530, 12.00000000000000000 ) ;
#1439 = CARTESIAN_POINT ( 'NONE',  ( -10.36748586618342571, 12.83609118129374416, -1.000000000000011324 ) ) ;
#1440 = CARTESIAN_POINT ( 'NONE',  ( -3.947867489661276874, -5.426790587330732052, -19.57225167751606776 ) ) ;
#1441 = CARTESIAN_POINT ( 'NONE',  ( 7.121152422706618523, 3.000000000000024425, -13.14999999999999858 ) ) ;
#1442 = AXIS2_PLACEMENT_3D ( 'NONE', #5964, #2328, #5190 ) ;
#1443 = CARTESIAN_POINT ( 'NONE',  ( -8.052473894679941679, 1.289715698255910592, -20.14999999999998082 ) ) ;
#1444 = CARTESIAN_POINT ( 'NONE',  ( 3.743519302641509228, 6.071213333782046639, 0.000000000000000000 ) ) ;
#1445 = ORIENTED_EDGE ( 'NONE', *, *, #3169, .F. ) ;
#1446 = VECTOR ( 'NONE', #3079, 1000.000000000000000 ) ;
#1447 = DIRECTION ( 'NONE',  ( -0.3420201433256551682, 0.9396926207859133129, 0.000000000000000000 ) ) ;
#1448 = PRODUCT_DEFINITION_SHAPE ( 'NONE', 'NONE',  #911 ) ;
#1449 = VERTEX_POINT ( 'NONE', #7184 ) ;
#1450 = CARTESIAN_POINT ( 'NONE',  ( 9.965525026596610658, -13.35160229709402024, -0.8395863710184983120 ) ) ;
#1451 = DIRECTION ( 'NONE',  ( -0.000000000000000000, -0.000000000000000000, -1.000000000000000000 ) ) ;
#1452 = CARTESIAN_POINT ( 'NONE',  ( 4.104241719907870234, 11.27631144943090113, 3.999999999999949818 ) ) ;
#1453 = CONICAL_SURFACE ( 'NONE', #7349, 2.999999999999993783, 0.7853981633974469467 ) ;
#1454 = CARTESIAN_POINT ( 'NONE',  ( 2.999999999999738431, -16.50000000000000000, -3.000000000000000888 ) ) ;
#1455 = CARTESIAN_POINT ( 'NONE',  ( 1.178669125964988342E-28, 6.268901968980452702E-29, -0.9999999999999974465 ) ) ;
#1456 = DIRECTION ( 'NONE',  ( -1.000000000000000000, 0.000000000000000000, 0.000000000000000000 ) ) ;
#1457 = CIRCLE ( 'NONE', #571, 7.099999999999799805 ) ;
#1458 = EDGE_LOOP ( 'NONE', ( #5012, #2473, #4953, #6444 ) ) ;
#1459 = CARTESIAN_POINT ( 'NONE',  ( -1.409444994126669126, -12.75516184781528395, -11.81774874249748386 ) ) ;
#1460 = EDGE_CURVE ( 'NONE', #4344, #3277, #9116, .T. ) ;
#1461 = ORIENTED_EDGE ( 'NONE', *, *, #1990, .T. ) ;
#1462 = CARTESIAN_POINT ( 'NONE',  ( -9.077201402772875127, 2.420752786140306423, -19.55965211893043332 ) ) ;
#1463 = CARTESIAN_POINT ( 'NONE',  ( -11.80340656369815733, 10.72282275875393154, -0.2569991643891857414 ) ) ;
#1464 = CARTESIAN_POINT ( 'NONE',  ( 5.136070579891121923, 6.922721208107113888, -19.56415682208782059 ) ) ;
#1465 = DIRECTION ( 'NONE',  ( -1.000000000000000000, 0.000000000000000000, 0.000000000000000000 ) ) ;
#1466 = AXIS2_PLACEMENT_3D ( 'NONE', #5613, #2151, #2888 ) ;
#1467 = EDGE_CURVE ( 'NONE', #8810, #8476, #9124, .T. ) ;
#1468 = LINE ( 'NONE', #9054, #5110 ) ;
#1469 = B_SPLINE_CURVE_WITH_KNOTS ( 'NONE', 3,
 ( #4178, #8474, #5653, #2242, #6989, #2143, #1548, #802, #5059, #6479 ),
 .UNSPECIFIED., .F., .F.,
 ( 4, 2, 2, 2, 4 ),
 ( 0.000000000000000000, 0.0003920998596709372752, 0.0007841997193418745503, 0.001176299579012811880, 0.001568399438683749101 ),
 .UNSPECIFIED. ) ;
#1470 = ORIENTED_EDGE ( 'NONE', *, *, #2383, .T. ) ;
#1471 = ORIENTED_EDGE ( 'NONE', *, *, #4240, .T. ) ;
#1472 = CARTESIAN_POINT ( 'NONE',  ( 3.427653779947347434, -7.908548381817253059, -19.56415974612891162 ) ) ;
#1473 = AXIS2_PLACEMENT_3D ( 'NONE', #2547, #8882, #7624 ) ;
#1474 = ORIENTED_EDGE ( 'NONE', *, *, #813, .T. ) ;
#1475 = DIRECTION ( 'NONE',  ( -1.388636009221180059E-15, -6.479251965284110386E-16, -1.000000000000000000 ) ) ;
#1476 = DIRECTION ( 'NONE',  ( -0.000000000000000000, -0.000000000000000000, 1.000000000000000000 ) ) ;
#1477 = DIRECTION ( 'NONE',  ( 0.8660254037844387076, -0.4999999999999998890, 1.401122807519728488E-15 ) ) ;
#1478 = CARTESIAN_POINT ( 'NONE',  ( 6.596219991397552107, -0.04615947151769102252, -20.14999999999999503 ) ) ;
#1479 = CARTESIAN_POINT ( 'NONE',  ( -8.947874992222560664, 4.139243902452620638, -19.55663427634885565 ) ) ;
#1480 = CARTESIAN_POINT ( 'NONE',  ( -8.852192780167010611, 4.517552346356367821, -20.14999999999999858 ) ) ;
#1481 = CARTESIAN_POINT ( 'NONE',  ( 3.257757863359815875, 5.735528869827981602, -20.15000000000000213 ) ) ;
#1482 = ADVANCED_FACE ( 'NONE', ( #1554 ), #6898, .T. ) ;
#1483 = AXIS2_PLACEMENT_3D ( 'NONE', #2442, #4527, #7906 ) ;
#1484 = ORIENTED_EDGE ( 'NONE', *, *, #7190, .T. ) ;
#1485 = DIRECTION ( 'NONE',  ( -1.000000000000000000, 0.000000000000000000, 0.000000000000000000 ) ) ;
#1486 = EDGE_LOOP ( 'NONE', ( #5468, #1765, #5045, #3502, #4931, #6129, #6082, #4978 ) ) ;
#1487 = ORIENTED_EDGE ( 'NONE', *, *, #5090, .T. ) ;
#1488 = DIRECTION ( 'NONE',  ( -0.000000000000000000, -0.000000000000000000, 1.000000000000000000 ) ) ;
#1489 = DIRECTION ( 'NONE',  ( -0.000000000000000000, -0.000000000000000000, 1.000000000000000000 ) ) ;
#1490 = CARTESIAN_POINT ( 'NONE',  ( 12.68941916244340007, 8.249999999999779732, 2.200000000000000178 ) ) ;
#1491 = CARTESIAN_POINT ( 'NONE',  ( -6.529746586297004107, -0.08841418270344808539, -20.14999999999999503 ) ) ;
#1492 = AXIS2_PLACEMENT_3D ( 'NONE', #9086, #2746, #1270 ) ;
#1493 = CARTESIAN_POINT ( 'NONE',  ( 9.142157223200168659, -13.94114553213917596, -0.8286641378007284509 ) ) ;
#1494 = CARTESIAN_POINT ( 'NONE',  ( -8.272194398377031632, 1.725456159893031138, -20.15000000000002700 ) ) ;
#1495 = CARTESIAN_POINT ( 'NONE',  ( 6.148780366869379677, 3.549999999999837286, 0.000000000000000000 ) ) ;
#1496 = ORIENTED_EDGE ( 'NONE', *, *, #2383, .F. ) ;
#1497 = VECTOR ( 'NONE', #7626, 1000.000000000000000 ) ;
#1498 = EDGE_CURVE ( 'NONE', #8945, #7249, #7908, .T. ) ;
#1499 = CARTESIAN_POINT ( 'NONE',  ( -9.110820912706648400, 11.28020134113692663, -12.00000000000000000 ) ) ;
#1500 = ORIENTED_EDGE ( 'NONE', *, *, #3002, .F. ) ;
#1501 = CARTESIAN_POINT ( 'NONE',  ( 10.39845011764356997, -13.87586226111706544, -0.1602563289837552196 ) ) ;
#1502 = CARTESIAN_POINT ( 'NONE',  ( 11.43531719619355869, 5.447482923111757636, -12.00000000000000000 ) ) ;
#1503 = DIRECTION ( 'NONE',  ( -0.000000000000000000, -0.000000000000000000, 1.000000000000000000 ) ) ;
#1504 = AXIS2_PLACEMENT_3D ( 'NONE', #5449, #6873, #1941 ) ;
#1505 = DIRECTION ( 'NONE',  ( 0.4999999999999941158, -0.8660254037844421493, 0.000000000000000000 ) ) ;
#1506 = CARTESIAN_POINT ( 'NONE',  ( -3.402577389541719288, -7.114946739658492447, 3.999999999999949818 ) ) ;
#1507 = EDGE_CURVE ( 'NONE', #6279, #6860, #5541, .T. ) ;
#1508 = DIRECTION ( 'NONE',  ( 0.000000000000000000, 0.000000000000000000, -1.000000000000000000 ) ) ;
#1509 = AXIS2_PLACEMENT_3D ( 'NONE', #1326, #9090, #7748 ) ;
#1510 = B_SPLINE_CURVE_WITH_KNOTS ( 'NONE', 3,
 ( #7963, #938, #3767, #2551, #1159, #4125, #1348, #3989, #4675, #1209 ),
 .UNSPECIFIED., .F., .F.,
 ( 4, 2, 2, 2, 4 ),
 ( 0.000000000000000000, 0.0003921038166128711653, 0.0007842076332257423305, 0.001176311449838613604, 0.001568415266451484661 ),
 .UNSPECIFIED. ) ;
#1511 = AXIS2_PLACEMENT_3D ( 'NONE', #6241, #2686, #9072 ) ;
#1512 = ORIENTED_EDGE ( 'NONE', *, *, #6705, .T. ) ;
#1513 = CARTESIAN_POINT ( 'NONE',  ( 12.11082091270702144, 11.28020134113662110, 0.000000000000000000 ) ) ;
#1514 = CARTESIAN_POINT ( 'NONE',  ( -5.236359580130367952, 6.048184715067491446, 4.000000000000000000 ) ) ;
#1515 = CARTESIAN_POINT ( 'NONE',  ( -17.23407266999854315, 8.826028866699981990, -6.536423737521518618 ) ) ;
#1516 = CARTESIAN_POINT ( 'NONE',  ( 5.391737189404875785, 6.917805818771963544, -19.56333138295566698 ) ) ;
#1517 = LINE ( 'NONE', #2895, #6227 ) ;
#1518 = AXIS2_PLACEMENT_3D ( 'NONE', #8896, #6710, #2465 ) ;
#1519 = CARTESIAN_POINT ( 'NONE',  ( -16.97250310624657033, -1.975307671283611066, -0.4129377918421156535 ) ) ;
#1520 = EDGE_LOOP ( 'NONE', ( #3410, #8265 ) ) ;
#1521 = ORIENTED_EDGE ( 'NONE', *, *, #3678, .F. ) ;
#1522 = CARTESIAN_POINT ( 'NONE',  ( 3.672645309372191580, -7.382735855503955946, -19.56610794591673397 ) ) ;
#1523 = AXIS2_PLACEMENT_3D ( 'NONE', #2688, #1349, #5511 ) ;
#1524 = ORIENTED_EDGE ( 'NONE', *, *, #6096, .T. ) ;
#1525 = FACE_OUTER_BOUND ( 'NONE', #7008, .T. ) ;
#1526 = EDGE_CURVE ( 'NONE', #8498, #8285, #6714, .T. ) ;
#1527 = CARTESIAN_POINT ( 'NONE',  ( -6.557271335472220741, -2.842472887946732474, -0.000000000000000000 ) ) ;
#1528 = CARTESIAN_POINT ( 'NONE',  ( 5.011864397877943134, -1.382017885735746576, -20.15000000000000568 ) ) ;
#1529 = CARTESIAN_POINT ( 'NONE',  ( -9.054531245263769179, 2.300999251898900866, -19.55997111333124039 ) ) ;
#1530 = CARTESIAN_POINT ( 'NONE',  ( 4.690220843757721525, 5.373037668184397653, -13.17148650044992486 ) ) ;
#1531 = CARTESIAN_POINT ( 'NONE',  ( 2.981031863884926025, 5.596587121826329003, -20.15000000000000924 ) ) ;
#1532 = ADVANCED_FACE ( 'NONE', ( #1798 ), #3132, .T. ) ;
#1533 = ORIENTED_EDGE ( 'NONE', *, *, #6245, .T. ) ;
#1534 = DIRECTION ( 'NONE',  ( 0.000000000000000000, 0.000000000000000000, -1.000000000000000000 ) ) ;
#1535 = VERTEX_POINT ( 'NONE', #1748 ) ;
#1536 = ORIENTED_EDGE ( 'NONE', *, *, #3979, .F. ) ;
#1537 = CARTESIAN_POINT ( 'NONE',  ( 11.59708019253469047, 5.289990059368277819, -11.63624580883335469 ) ) ;
#1538 = DIRECTION ( 'NONE',  ( 0.000000000000000000, 0.000000000000000000, 1.000000000000000000 ) ) ;
#1539 = DIRECTION ( 'NONE',  ( -0.000000000000000000, -0.000000000000000000, -1.000000000000000000 ) ) ;
#1540 = EDGE_CURVE ( 'NONE', #6930, #2101, #8340, .T. ) ;
#1541 = CARTESIAN_POINT ( 'NONE',  ( -3.925937762712571111, -5.995012980598608543, -19.57086675138827658 ) ) ;
#1542 = LINE ( 'NONE', #1441, #8460 ) ;
#1543 = CARTESIAN_POINT ( 'NONE',  ( -8.523906537750470136, 2.999576541275798203, -20.15000000000004832 ) ) ;
#1544 = CARTESIAN_POINT ( 'NONE',  ( -3.037845862820673926, 6.429570170982553456, -13.13702413388800139 ) ) ;
#1545 = EDGE_CURVE ( 'NONE', #5928, #4560, #4485, .T. ) ;
#1546 = ORIENTED_EDGE ( 'NONE', *, *, #2226, .T. ) ;
#1547 = CARTESIAN_POINT ( 'NONE',  ( -14.28941916244309951, 8.250000000000220268, -3.000000000000000888 ) ) ;
#1548 = CARTESIAN_POINT ( 'NONE',  ( 10.59913317988638504, 6.701984154392000015, -5.926851339482111847 ) ) ;
#1549 = ORIENTED_EDGE ( 'NONE', *, *, #241, .F. ) ;
#1550 = ADVANCED_FACE ( 'NONE', ( #1613 ), #919, .T. ) ;
#1551 = CARTESIAN_POINT ( 'NONE',  ( 11.59439846843000055, 10.48563915315739337, -0.3941627911944241003 ) ) ;
#1552 = DIRECTION ( 'NONE',  ( -0.000000000000000000, -0.000000000000000000, -1.000000000000000000 ) ) ;
#1553 = CARTESIAN_POINT ( 'NONE',  ( 2.193278750708205660, -8.503905829362963686, -20.15000000000000213 ) ) ;
#1554 = FACE_OUTER_BOUND ( 'NONE', #5941, .T. ) ;
#1555 = ADVANCED_FACE ( 'NONE', ( #3407 ), #1184, .F. ) ;
#1556 = DIRECTION ( 'NONE',  ( -0.000000000000000000, -0.000000000000000000, -1.000000000000000000 ) ) ;
#1557 = EDGE_LOOP ( 'NONE', ( #1008, #4629, #7139, #6186 ) ) ;
#1558 = CARTESIAN_POINT ( 'NONE',  ( 0.000000000000000000, 0.000000000000000000, 0.000000000000000000 ) ) ;
#1559 = CARTESIAN_POINT ( 'NONE',  ( 1.545187673422720565, -9.720469190312629237, -20.14999999999998082 ) ) ;
#1560 = CARTESIAN_POINT ( 'NONE',  ( 8.345520399943341161, 5.332720040870463585, -19.55632571208035486 ) ) ;
#1561 = CARTESIAN_POINT ( 'NONE',  ( 16.21357903363464814, 10.55252636725882986, -11.28806485272400728 ) ) ;
#1562 = CARTESIAN_POINT ( 'NONE',  ( 6.163295398460921781, 6.185387429222759081, -20.14999999999999858 ) ) ;
#1563 = ORIENTED_EDGE ( 'NONE', *, *, #6390, .T. ) ;
#1564 = CARTESIAN_POINT ( 'NONE',  ( 0.8892471240870790661, -9.818709004387812911, -19.55663427634881302 ) ) ;
#1565 = ORIENTED_EDGE ( 'NONE', *, *, #2896, .T. ) ;
#1566 = CARTESIAN_POINT ( 'NONE',  ( 6.832711815302463521, 0.09726110499101987827, -20.14999999999998792 ) ) ;
#1567 = CARTESIAN_POINT ( 'NONE',  ( -7.631314831872066939, 6.071912845369151768, -19.55734603528796356 ) ) ;
#1568 = CARTESIAN_POINT ( 'NONE',  ( 8.662775358159180428E-14, 7.144846913036073666, -13.15905221858598395 ) ) ;
#1569 = B_SPLINE_CURVE_WITH_KNOTS ( 'NONE', 3,
 ( #4122, #3290, #467, #3377 ),
 .UNSPECIFIED., .F., .F.,
 ( 4, 4 ),
 ( 0.000000000000000000, 0.0007307875084185298190 ),
 .UNSPECIFIED. ) ;
#1570 = CARTESIAN_POINT ( 'NONE',  ( -1.982081992761999034, 5.201840263827136823, -20.15000000000000213 ) ) ;
#1571 = CIRCLE ( 'NONE', #8942, 3.000000000000007994 ) ;
#1572 = ORIENTED_EDGE ( 'NONE', *, *, #7575, .T. ) ;
#1573 = CARTESIAN_POINT ( 'NONE',  ( 5.785088464349049886, -6.894400007227289962, 0.000000000000000000 ) ) ;
#1574 = ORIENTED_EDGE ( 'NONE', *, *, #3064, .T. ) ;
#1575 = ORIENTED_EDGE ( 'NONE', *, *, #5581, .T. ) ;
#1576 = DIRECTION ( 'NONE',  ( 0.000000000000000000, 0.000000000000000000, 1.000000000000000000 ) ) ;
#1577 = CARTESIAN_POINT ( 'NONE',  ( -2.619701819963927925, -7.558912777276517225, 4.000000000000000000 ) ) ;
#1578 = DIRECTION ( 'NONE',  ( -1.000000000000000000, 0.000000000000000000, 0.000000000000000000 ) ) ;
#1579 = VECTOR ( 'NONE', #5465, 1000.000000000000000 ) ;
#1580 = CARTESIAN_POINT ( 'NONE',  ( -3.925996585789731874, -5.975793919029863233, -19.57091517197532582 ) ) ;
#1581 = DIRECTION ( 'NONE',  ( 2.497731614762250109E-15, 2.976680625228960537E-15, -1.000000000000000000 ) ) ;
#1582 = CARTESIAN_POINT ( 'NONE',  ( -8.506258785658900479, 3.327744136598875357, -20.14999999999999147 ) ) ;
#1583 = CARTESIAN_POINT ( 'NONE',  ( 7.645579418803333027, 6.198406373955032578, -12.70582773874842175 ) ) ;
#1584 = ADVANCED_FACE ( 'NONE', ( #8346 ), #2022, .F. ) ;
#1585 = ORIENTED_EDGE ( 'NONE', *, *, #1434, .T. ) ;
#1586 = FACE_OUTER_BOUND ( 'NONE', #2049, .T. ) ;
#1587 = CARTESIAN_POINT ( 'NONE',  ( -1.403629129512125442E-13, -12.50000000000000355, -5.800000000000000711 ) ) ;
#1588 = VERTEX_POINT ( 'NONE', #3968 ) ;
#1589 = DIRECTION ( 'NONE',  ( 1.000000000000000000, 0.000000000000000000, 0.000000000000000000 ) ) ;
#1590 = CARTESIAN_POINT ( 'NONE',  ( 3.497189491955909446, -7.778562483088420798, -19.56464569641869389 ) ) ;
#1591 = CARTESIAN_POINT ( 'NONE',  ( 0.4345005845090504915, -9.303553424541151529, -20.14999999999999858 ) ) ;
#1592 = EDGE_CURVE ( 'NONE', #3033, #781, #6125, .T. ) ;
#1593 = CARTESIAN_POINT ( 'NONE',  ( -6.431518818683957583, -0.8749473105824979724, -19.57292960831717110 ) ) ;
#1594 = VECTOR ( 'NONE', #7810, 1000.000000000000000 ) ;
#1595 = EDGE_CURVE ( 'NONE', #6779, #1331, #6124, .T. ) ;
#1596 = CARTESIAN_POINT ( 'NONE',  ( -16.79884389200603323, 10.85351758150377854, -6.800000000000000711 ) ) ;
#1597 = EDGE_LOOP ( 'NONE', ( #319, #8388, #8308, #9139 ) ) ;
#1598 = ADVANCED_FACE ( 'NONE', ( #1235 ), #4014, .F. ) ;
#1599 = AXIS2_PLACEMENT_3D ( 'NONE', #3596, #7149, #3450 ) ;
#1600 = CARTESIAN_POINT ( 'NONE',  ( 6.678494095089589244, 2.502929873537271366, -13.19417254642126025 ) ) ;
#1601 = CARTESIAN_POINT ( 'NONE',  ( 8.982932274821083141, 4.011211727919308245, -19.55677196175803800 ) ) ;
#1602 = CIRCLE ( 'NONE', #1747, 18.00000000000000000 ) ;
#1603 = PLANE ( 'NONE',  #975 ) ;
#1604 = ADVANCED_FACE ( 'NONE', ( #2712 ), #2621, .T. ) ;
#1605 = ORIENTED_EDGE ( 'NONE', *, *, #1972, .T. ) ;
#1606 = CARTESIAN_POINT ( 'NONE',  ( 0.5104180578542706348, -9.885805951595548535, -19.55635869863695930 ) ) ;
#1607 = ORIENTED_EDGE ( 'NONE', *, *, #4421, .T. ) ;
#1608 = DIRECTION ( 'NONE',  ( 0.000000000000000000, 0.000000000000000000, -1.000000000000000000 ) ) ;
#1609 = CARTESIAN_POINT ( 'NONE',  ( 4.631508648373740655, -17.39393939393946553, 4.000000000000000000 ) ) ;
#1610 = VECTOR ( 'NONE', #3793, 1000.000000000000000 ) ;
#1611 = CARTESIAN_POINT ( 'NONE',  ( -4.556346516895308341, 6.871825765817139775, -19.56611128188022519 ) ) ;
#1612 = CARTESIAN_POINT ( 'NONE',  ( -7.891623739380619105E-15, -4.094875123178580203E-15, 0.000000000000000000 ) ) ;
#1613 = FACE_OUTER_BOUND ( 'NONE', #3237, .T. ) ;
#1614 = VERTEX_POINT ( 'NONE', #6080 ) ;
#1615 = CARTESIAN_POINT ( 'NONE',  ( -14.28941916244310306, 8.250000000000241585, 0.000000000000000000 ) ) ;
#1616 = CIRCLE ( 'NONE', #1165, 0.8999999999999998002 ) ;
#1617 = EDGE_LOOP ( 'NONE', ( #2532, #5033, #272, #5284 ) ) ;
#1618 = ORIENTED_EDGE ( 'NONE', *, *, #6335, .T. ) ;
#1619 = DIRECTION ( 'NONE',  ( -0.000000000000000000, 0.000000000000000000, 1.000000000000000000 ) ) ;
#1620 = B_SPLINE_CURVE_WITH_KNOTS ( 'NONE', 3,
 ( #9052, #2573, #5396, #8212, #1885, #6173, #9001, #5442, #4702, #8257, #7512, #1933, #4060, #3359, #1278, #6918, #588, #5382, #992, #8105, #2514, #254, #2422, #3949, #2464, #6061, #3251, #1080, #1778, #8061, #5241, #3068, #8193, #5288, #4596, #3906, #3157, #8895, #7413 ),
 .UNSPECIFIED., .F., .F.,
 ( 4, 2, 2, 2, 1, 2, 2, 2, 2, 2, 2, 1, 2, 2, 1, 2, 2, 2, 2, 2, 4 ),
 ( 0.000000000000000000, 0.06249999999999997224, 0.09374999999999980571, 0.1249999999999996392, 0.1874999999999994449, 0.2187499999999993894, 0.2499999999999993061, 0.3124999999999993339, 0.3749999999999993339, 0.4999999999999994449, 0.6249999999999995559, 0.6874999999999994449, 0.7187499999999994449, 0.7499999999999994449, 0.8124999999999993339, 0.8437499999999994449, 0.8749999999999995559, 0.9374999999999996669, 0.9687499999999998890, 0.9843750000000000000, 1.000000000000000000 ),
 .UNSPECIFIED. ) ;
#1621 = DIRECTION ( 'NONE',  ( 1.000000000000000000, 0.000000000000000000, 0.000000000000000000 ) ) ;
#1622 = DIRECTION ( 'NONE',  ( -0.3420201153206507971, 0.9396926309789009890, 0.000000000000000000 ) ) ;
#1623 = CARTESIAN_POINT ( 'NONE',  ( -3.702794796464732752, -3.649392946034745844, -20.15000000000001634 ) ) ;
#1624 = DIRECTION ( 'NONE',  ( -1.000000000000000000, 0.000000000000000000, 0.000000000000000000 ) ) ;
#1625 = CARTESIAN_POINT ( 'NONE',  ( -7.042980503487449973, 5.766530489839086115, -20.15000000000000568 ) ) ;
#1626 = CARTESIAN_POINT ( 'NONE',  ( 5.506847901919146970, 4.532280608603194594, -13.19417226125155906 ) ) ;
#1627 = CIRCLE ( 'NONE', #887, 0.8999999999999998002 ) ;
#1628 = VERTEX_POINT ( 'NONE', #8910 ) ;
#1629 = CARTESIAN_POINT ( 'NONE',  ( 5.961855077793281943, -0.4889856451473558185, -20.14999999999999858 ) ) ;
#1630 = CYLINDRICAL_SURFACE ( 'NONE', #7369, 3.499999999999999556 ) ;
#1631 = AXIS2_PLACEMENT_3D ( 'NONE', #4975, #1410, #629 ) ;
#1632 = ORIENTED_EDGE ( 'NONE', *, *, #3329, .T. ) ;
#1633 = CARTESIAN_POINT ( 'NONE',  ( -17.79884389200605810, 9.121466773934917782, -6.800000000000000711 ) ) ;
#1634 = CARTESIAN_POINT ( 'NONE',  ( 1.970520207357094433, -9.398001624138561994, -19.55834144440314759 ) ) ;
#1635 = CARTESIAN_POINT ( 'NONE',  ( -1.669209200369154766, -8.884857756619750191, -20.14999999999999858 ) ) ;
#1636 = EDGE_CURVE ( 'NONE', #6688, #770, #1620, .T. ) ;
#1637 = CARTESIAN_POINT ( 'NONE',  ( 3.060636650961308991, 6.303572930676786257, -19.57134640233323708 ) ) ;
#1638 = CIRCLE ( 'NONE', #1338, 4.000000000000000888 ) ;
#1639 = CARTESIAN_POINT ( 'NONE',  ( -1.000000000000231593, -21.18131433805519492, -5.800000000000000711 ) ) ;
#1640 = EDGE_LOOP ( 'NONE', ( #8812, #8274, #3250, #4809 ) ) ;
#1641 = CIRCLE ( 'NONE', #3859, 0.8999999999999998002 ) ;
#1642 = DIRECTION ( 'NONE',  ( 0.000000000000000000, 0.000000000000000000, -1.000000000000000000 ) ) ;
#1643 = EDGE_CURVE ( 'NONE', #5014, #393, #7569, .T. ) ;
#1644 = CARTESIAN_POINT ( 'NONE',  ( 3.726472768734413243, -7.526453961572666884, -12.75466970261523159 ) ) ;
#1645 = CARTESIAN_POINT ( 'NONE',  ( 8.420640709401475021, 5.227780728641423735, -19.55627357955417267 ) ) ;
#1646 = EDGE_CURVE ( 'NONE', #2600, #2962, #1032, .T. ) ;
#1647 = AXIS2_PLACEMENT_3D ( 'NONE', #3081, #3129, #5255 ) ;
#1648 = LINE ( 'NONE', #7980, #526 ) ;
#1649 = VERTEX_POINT ( 'NONE', #1866 ) ;
#1650 = CARTESIAN_POINT ( 'NONE',  ( -2.126819994662886515, -9.293416900369459555, -19.55877120673267200 ) ) ;
#1651 = ORIENTED_EDGE ( 'NONE', *, *, #5494, .F. ) ;
#1652 = ADVANCED_FACE ( 'NONE', ( #1730, #3865, #8801, #7364, #7276, #5200, #8761 ), #1827, .T. ) ;
#1653 = CIRCLE ( 'NONE', #1509, 1.000000000000020206 ) ;
#1654 = DIRECTION ( 'NONE',  ( -1.000000000000000000, 1.040834085586084257E-14, 0.000000000000000000 ) ) ;
#1655 = VECTOR ( 'NONE', #2444, 1000.000000000000114 ) ;
#1656 = DIRECTION ( 'NONE',  ( 1.000000000000000000, -3.854941057726238689E-15, 0.000000000000000000 ) ) ;
#1657 = CARTESIAN_POINT ( 'NONE',  ( 4.816113390680056838, 6.308278461866128062, -20.14999999999999503 ) ) ;
#1658 = DIRECTION ( 'NONE',  ( -1.000000000000000000, 0.000000000000000000, 0.000000000000000000 ) ) ;
#1659 = CARTESIAN_POINT ( 'NONE',  ( -1.109075144162866566, -19.97008373934247416, -11.52379624377264911 ) ) ;
#1660 = EDGE_CURVE ( 'NONE', #6803, #2101, #298, .T. ) ;
#1661 = ORIENTED_EDGE ( 'NONE', *, *, #5149, .F. ) ;
#1662 = DIRECTION ( 'NONE',  ( 0.000000000000000000, 0.000000000000000000, -1.000000000000000000 ) ) ;
#1663 = CIRCLE ( 'NONE', #3136, 0.8999999999999998002 ) ;
#1664 = ORIENTED_EDGE ( 'NONE', *, *, #5469, .F. ) ;
#1665 = ORIENTED_EDGE ( 'NONE', *, *, #6544, .T. ) ;
#1666 = CARTESIAN_POINT ( 'NONE',  ( 17.32050807568884210, 9.999999999999895195, -5.800000000000000711 ) ) ;
#1667 = FACE_OUTER_BOUND ( 'NONE', #4482, .T. ) ;
#1668 = DIRECTION ( 'NONE',  ( 0.000000000000000000, 0.000000000000000000, -1.000000000000000000 ) ) ;
#1669 = CARTESIAN_POINT ( 'NONE',  ( -4.165882838781644004, -2.585744728378367885, -20.15000000000006608 ) ) ;
#1670 = CARTESIAN_POINT ( 'NONE',  ( 7.492077751687889059E-15, -4.786909073822669754E-15, 0.000000000000000000 ) ) ;
#1671 = CARTESIAN_POINT ( 'NONE',  ( -7.386707180915062843, 5.502641778062121958, -20.14999999999999147 ) ) ;
#1672 = CARTESIAN_POINT ( 'NONE',  ( 6.759859534895007904, -2.312361290794628488, 0.000000000000000000 ) ) ;
#1673 = ORIENTED_EDGE ( 'NONE', *, *, #5935, .T. ) ;
#1674 = CARTESIAN_POINT ( 'NONE',  ( -12.05310783618928916, 6.248057303428368847, -6.001373931894277369 ) ) ;
#1675 = CYLINDRICAL_SURFACE ( 'NONE', #4869, 0.8999999999999998002 ) ;
#1676 = CARTESIAN_POINT ( 'NONE',  ( 1.880477668255706503, -12.96689213445565692, -11.99999999999999822 ) ) ;
#1677 = ORIENTED_EDGE ( 'NONE', *, *, #5980, .T. ) ;
#1678 = CARTESIAN_POINT ( 'NONE',  ( -3.332018698439320303, -5.999999928950983552, -20.14999999999999858 ) ) ;
#1679 = DIRECTION ( 'NONE',  ( -1.000000000000000000, 0.000000000000000000, 0.000000000000000000 ) ) ;
#1680 = DIRECTION ( 'NONE',  ( 1.000000000000000000, 0.000000000000000000, 0.000000000000000000 ) ) ;
#1681 = CARTESIAN_POINT ( 'NONE',  ( -6.731746900767141106, -0.6640476360141838175, -19.57208769651575153 ) ) ;
#1682 = DIRECTION ( 'NONE',  ( -1.000000000000000000, 1.028313268071524502E-14, 0.000000000000000000 ) ) ;
#1683 = ORIENTED_EDGE ( 'NONE', *, *, #1990, .F. ) ;
#1684 = CARTESIAN_POINT ( 'NONE',  ( -11.43531719619345921, 5.447482923112050734, -6.800000000000000711 ) ) ;
#1685 = CARTESIAN_POINT ( 'NONE',  ( -16.38565550410501714, 11.46843588857348273, -11.97420495944582797 ) ) ;
#1686 = LINE ( 'NONE', #2424, #1299 ) ;
#1687 = CARTESIAN_POINT ( 'NONE',  ( 4.684794023754261794, -2.704637568157008509, -12.74094778141395601 ) ) ;
#1688 = CARTESIAN_POINT ( 'NONE',  ( 8.740692146746980029, 1.320039735967629468, -19.56294591438377140 ) ) ;
#1689 = EDGE_CURVE ( 'NONE', #7429, #3030, #5974, .T. ) ;
#1690 = CARTESIAN_POINT ( 'NONE',  ( 4.333683749602689872, 6.223935372432635837, -20.14999999999999858 ) ) ;
#1691 = VERTEX_POINT ( 'NONE', #431 ) ;
#1692 = CARTESIAN_POINT ( 'NONE',  ( -1.442773357745336993, -9.644868931352210240, -19.55734603528801330 ) ) ;
#1693 = ORIENTED_EDGE ( 'NONE', *, *, #5173, .F. ) ;
#1694 = EDGE_CURVE ( 'NONE', #7026, #4099, #7316, .T. ) ;
#1695 = PLANE ( 'NONE',  #3360 ) ;
#1696 = CARTESIAN_POINT ( 'NONE',  ( -16.23890890522624986, 10.53023896615777666, -11.00000000000000000 ) ) ;
#1697 = CARTESIAN_POINT ( 'NONE',  ( 5.523392431711611650, 6.313640917445137113, -20.15000000000002700 ) ) ;
#1698 = CARTESIAN_POINT ( 'NONE',  ( 11.28941916244342103, 8.344848383761759081, -11.91344959566526285 ) ) ;
#1699 = CARTESIAN_POINT ( 'NONE',  ( -3.519591095377178291, 5.879547189920636185, -20.15000000000001634 ) ) ;
#1700 = ADVANCED_FACE ( 'NONE', ( #3114 ), #2892, .F. ) ;
#1701 = ADVANCED_FACE ( 'NONE', ( #7451 ), #1120, .F. ) ;
#1702 = EDGE_LOOP ( 'NONE', ( #2758, #4276, #3113, #651 ) ) ;
#1703 = CARTESIAN_POINT ( 'NONE',  ( -17.05380099873865163, 10.44997066521701079, -5.908695657673545654 ) ) ;
#1704 = ORIENTED_EDGE ( 'NONE', *, *, #7387, .F. ) ;
#1705 = ORIENTED_EDGE ( 'NONE', *, *, #3154, .T. ) ;
#1706 = DIRECTION ( 'NONE',  ( 1.000000000000000000, 0.000000000000000000, 0.000000000000000000 ) ) ;
#1707 = CARTESIAN_POINT ( 'NONE',  ( 7.856061400094338509, 1.510728062209163225, 0.000000000000000000 ) ) ;
#1708 = DIRECTION ( 'NONE',  ( -1.000000000000000000, 0.000000000000000000, 0.000000000000000000 ) ) ;
#1709 = ADVANCED_FACE ( 'NONE', ( #8984 ), #4135, .F. ) ;
#1710 = EDGE_CURVE ( 'NONE', #5523, #6776, #6276, .T. ) ;
#1711 = CARTESIAN_POINT ( 'NONE',  ( -3.332022314650000094, -5.997565942499389458, -20.15000000000000924 ) ) ;
#1712 = CARTESIAN_POINT ( 'NONE',  ( 3.925939367197002650, -5.994188589371526099, -19.57086873980359698 ) ) ;
#1713 = CARTESIAN_POINT ( 'NONE',  ( -7.175975693742467243, 5.672876120038675474, -20.15000000000001279 ) ) ;
#1714 = CARTESIAN_POINT ( 'NONE',  ( 7.129584630170822557, 0.2063761487537487394, -13.14533457493036828 ) ) ;
#1715 = ADVANCED_FACE ( 'NONE', ( #570 ), #5470, .F. ) ;
#1716 = EDGE_LOOP ( 'NONE', ( #2574, #2027, #7566, #4391, #4616 ) ) ;
#1717 = CARTESIAN_POINT ( 'NONE',  ( 6.725438930891910694, 0.03517053320569983599, -20.14999999999999858 ) ) ;
#1718 = DIRECTION ( 'NONE',  ( 0.000000000000000000, 0.000000000000000000, -1.000000000000000000 ) ) ;
#1719 = VECTOR ( 'NONE', #3349, 1000.000000000000000 ) ;
#1720 = DIRECTION ( 'NONE',  ( 0.000000000000000000, 0.000000000000000000, 1.000000000000000000 ) ) ;
#1721 = ORIENTED_EDGE ( 'NONE', *, *, #8344, .T. ) ;
#1722 = CARTESIAN_POINT ( 'NONE',  ( -5.236359580130367952, 6.048184715067491446, 2.000000000000000000 ) ) ;
#1723 = CARTESIAN_POINT ( 'NONE',  ( -10.42710815867675578, 7.208019982921684665, -11.27419622973046387 ) ) ;
#1724 = DIRECTION ( 'NONE',  ( -1.000000000000000000, 0.000000000000000000, 0.000000000000000000 ) ) ;
#1725 = LINE ( 'NONE', #7967, #3944 ) ;
#1726 = AXIS2_PLACEMENT_3D ( 'NONE', #524, #6206, #8899 ) ;
#1727 = ORIENTED_EDGE ( 'NONE', *, *, #1825, .F. ) ;
#1728 = CARTESIAN_POINT ( 'NONE',  ( 3.234122568066576164, 6.400493083177551057, -19.57085013203225898 ) ) ;
#1729 = ORIENTED_EDGE ( 'NONE', *, *, #3781, .F. ) ;
#1730 = FACE_BOUND ( 'NONE', #6546, .T. ) ;
#1731 = CARTESIAN_POINT ( 'NONE',  ( -0.6155775690252242027, -19.43767376759261722, -6.001373931894277369 ) ) ;
#1732 = DIRECTION ( 'NONE',  ( 0.000000000000000000, 0.000000000000000000, -1.000000000000000000 ) ) ;
#1733 = CARTESIAN_POINT ( 'NONE',  ( 2.857480745767551067, -8.839346018734540067, -12.72851349955006839 ) ) ;
#1734 = CIRCLE ( 'NONE', #1140, 1.999999999999999556 ) ;
#1735 = CARTESIAN_POINT ( 'NONE',  ( 7.271489188329512743, -0.3348410051116011976, -19.57043712678379421 ) ) ;
#1736 = ADVANCED_BREP_SHAPE_REPRESENTATION ( 'Orbi_JoystickSpring', ( #8292, #2257 ), #1064 ) ;
#1737 = B_SPLINE_CURVE_WITH_KNOTS ( 'NONE', 3,
 ( #4175, #516, #658, #4914, #3336, #4220, #2826, #5783, #3012, #6523 ),
 .UNSPECIFIED., .F., .F.,
 ( 4, 2, 2, 2, 4 ),
 ( 0.000000000000000000, 0.0003933909761702865577, 0.0007867819523405731154, 0.001180172928510859727, 0.001573563904681146231 ),
 .UNSPECIFIED. ) ;
#1738 = CARTESIAN_POINT ( 'NONE',  ( 7.969528815668489585, 4.846684598861558335, -20.15000000000000213 ) ) ;
#1739 = CIRCLE ( 'NONE', #1599, 4.000000000000001776 ) ;
#1740 = ORIENTED_EDGE ( 'NONE', *, *, #622, .T. ) ;
#1741 = DIRECTION ( 'NONE',  ( -0.000000000000000000, -0.000000000000000000, -1.000000000000000000 ) ) ;
#1742 = ORIENTED_EDGE ( 'NONE', *, *, #4471, .T. ) ;
#1743 = DIRECTION ( 'NONE',  ( -0.000000000000000000, -0.000000000000000000, -1.000000000000000000 ) ) ;
#1744 = CARTESIAN_POINT ( 'NONE',  ( -5.769400883168112948, 6.879697762090731139, -19.56215308617272086 ) ) ;
#1745 = EDGE_CURVE ( 'NONE', #2084, #8461, #4078, .T. ) ;
#1746 = DIRECTION ( 'NONE',  ( -0.3420201433256560564, 0.9396926207859130908, 0.000000000000000000 ) ) ;
#1747 = AXIS2_PLACEMENT_3D ( 'NONE', #8714, #2380, #5972 ) ;
#1748 = CARTESIAN_POINT ( 'NONE',  ( -10.43531719619343257, 7.179533730680914161, -11.00000000000000000 ) ) ;
#1749 = VERTEX_POINT ( 'NONE', #8428 ) ;
#1750 = EDGE_CURVE ( 'NONE', #5871, #1851, #97, .T. ) ;
#1751 = DIRECTION ( 'NONE',  ( 0.000000000000000000, 0.000000000000000000, 1.000000000000000000 ) ) ;
#1752 = ORIENTED_EDGE ( 'NONE', *, *, #1375, .T. ) ;
#1753 = ORIENTED_EDGE ( 'NONE', *, *, #8602, .F. ) ;
#1754 = CARTESIAN_POINT ( 'NONE',  ( 3.331846845628323450, -6.109007767301998904, -20.14999999999998437 ) ) ;
#1755 = VECTOR ( 'NONE', #8510, 1000.000000000000000 ) ;
#1756 = DIRECTION ( 'NONE',  ( -1.000000000000000000, 0.000000000000000000, 0.000000000000000000 ) ) ;
#1757 = CARTESIAN_POINT ( 'NONE',  ( -8.271937877265806094, 1.724823513606893455, -20.14999999999999858 ) ) ;
#1758 = CARTESIAN_POINT ( 'NONE',  ( -3.332081556446654158, -5.975663776583629350, -20.15000000000001279 ) ) ;
#1759 = CARTESIAN_POINT ( 'NONE',  ( 5.143409482846220016, -2.159523783657584683, -19.57571834428470581 ) ) ;
#1760 = CARTESIAN_POINT ( 'NONE',  ( -7.690473104815251482, -0.03281525586223391078, -19.56872117837565739 ) ) ;
#1761 = EDGE_CURVE ( 'NONE', #2755, #1009, #3029, .T. ) ;
#1762 = CARTESIAN_POINT ( 'NONE',  ( 6.661724009889393727, -0.6860514627619563877, -20.14999999999999503 ) ) ;
#1763 = AXIS2_PLACEMENT_3D ( 'NONE', #6348, #5022, #1408 ) ;
#1764 = EDGE_CURVE ( 'NONE', #8164, #8010, #9089, .T. ) ;
#1765 = ORIENTED_EDGE ( 'NONE', *, *, #1427, .T. ) ;
#1766 = CARTESIAN_POINT ( 'NONE',  ( -12.31783492516677114, 5.988225381321189644, -6.534948989732484392 ) ) ;
#1767 = CARTESIAN_POINT ( 'NONE',  ( 13.78730854217089963, -2.431074487337230305, 2.000000000000000000 ) ) ;
#1768 = DIRECTION ( 'NONE',  ( 0.000000000000000000, 0.000000000000000000, -1.000000000000000000 ) ) ;
#1769 = CARTESIAN_POINT ( 'NONE',  ( -17.56720954822901248, 9.560742929370558585, -5.926276400511093279 ) ) ;
#1770 = AXIS2_PLACEMENT_3D ( 'NONE', #2086, #1488, #6981 ) ;
#1771 = CARTESIAN_POINT ( 'NONE',  ( 17.06345103000175811, 10.43327827768574600, -5.926276400511095943 ) ) ;
#1772 = CARTESIAN_POINT ( 'NONE',  ( 6.823153146640284383, 2.116125342287483502, 0.000000000000000000 ) ) ;
#1773 = EDGE_CURVE ( 'NONE', #7856, #2845, #5477, .T. ) ;
#1774 = CIRCLE ( 'NONE', #3247, 20.00000000000000000 ) ;
#1775 = EDGE_LOOP ( 'NONE', ( #3660, #2113 ) ) ;
#1776 = CARTESIAN_POINT ( 'NONE',  ( -10.43531719619343257, 7.179533730680914161, -6.800000000000000711 ) ) ;
#1777 = ORIENTED_EDGE ( 'NONE', *, *, #864, .F. ) ;
#1778 = CARTESIAN_POINT ( 'NONE',  ( 2.555449524984213294, 5.409435131536386443, -20.14999999999999503 ) ) ;
#1779 = DIRECTION ( 'NONE',  ( 0.6427876096865492439, 0.7660444431189697978, 0.000000000000000000 ) ) ;
#1780 = CARTESIAN_POINT ( 'NONE',  ( -0.7987863669745027817, -13.60676732811980827, -6.184632877787811012 ) ) ;
#1781 = CARTESIAN_POINT ( 'NONE',  ( -2.857480745767574604, -8.839346018734547172, -12.72851464022891399 ) ) ;
#1782 = AXIS2_PLACEMENT_3D ( 'NONE', #2367, #2505, #5279 ) ;
#1783 = CARTESIAN_POINT ( 'NONE',  ( -2.145132460611902319E-13, -19.50000000000000000, -5.800000000000000711 ) ) ;
#1784 = EDGE_CURVE ( 'NONE', #9017, #7482, #1262, .T. ) ;
#1785 = DIRECTION ( 'NONE',  ( -1.000000000000000000, 0.000000000000000000, 0.000000000000000000 ) ) ;
#1786 = CIRCLE ( 'NONE', #9025, 18.00000000000000000 ) ;
#1787 = VERTEX_POINT ( 'NONE', #9031 ) ;
#1788 = CARTESIAN_POINT ( 'NONE',  ( -8.999026535611712063, -10.72462220366560182, 2.000000000000000000 ) ) ;
#1789 = ORIENTED_EDGE ( 'NONE', *, *, #2386, .F. ) ;
#1790 = DIRECTION ( 'NONE',  ( 0.000000000000000000, 0.000000000000000000, 1.000000000000000000 ) ) ;
#1791 = CARTESIAN_POINT ( 'NONE',  ( -16.98870225072039730, -0.9673261984969880878, -0.4837805568354749397 ) ) ;
#1792 =( NAMED_UNIT ( * ) PLANE_ANGLE_UNIT ( ) SI_UNIT ( $, .RADIAN. ) );
#1793 = CARTESIAN_POINT ( 'NONE',  ( 5.306965725321112437, 6.326986603930219388, -20.14999999999997371 ) ) ;
#1794 = CYLINDRICAL_SURFACE ( 'NONE', #2102, 8.999999999999998224 ) ;
#1795 = COLOUR_RGB ( '',0.7921568627450980005, 0.8196078431372548767, 0.9333333333333333481 ) ;
#1796 = ADVANCED_FACE ( 'NONE', ( #4046 ), #5606, .T. ) ;
#1797 = CONICAL_SURFACE ( 'NONE', #5056, 17.49999999999999645, 0.7853981633974465026 ) ;
#1798 = FACE_OUTER_BOUND ( 'NONE', #5813, .T. ) ;
#1799 = EDGE_LOOP ( 'NONE', ( #8399, #229, #6732, #6342 ) ) ;
#1800 = DIRECTION ( 'NONE',  ( -0.000000000000000000, -0.000000000000000000, 1.000000000000000000 ) ) ;
#1801 = EDGE_LOOP ( 'NONE', ( #7076, #1836, #3388, #3552 ) ) ;
#1802 = EDGE_LOOP ( 'NONE', ( #6597, #7337, #7282, #3648, #2152, #2670, #2500 ) ) ;
#1803 = CARTESIAN_POINT ( 'NONE',  ( 1.470383334238075879, -8.983325764661822532, -20.15000000000000213 ) ) ;
#1804 = AXIS2_PLACEMENT_3D ( 'NONE', #2482, #3084, #3747 ) ;
#1805 = CIRCLE ( 'NONE', #4603, 12.00000000000000000 ) ;
#1806 = CARTESIAN_POINT ( 'NONE',  ( 16.39563897186346608, 10.38838562193643611, -6.184632877787811012 ) ) ;
#1807 = CARTESIAN_POINT ( 'NONE',  ( -3.350125638818790108, -5.457780739526719493, -20.15000000000001634 ) ) ;
#1808 = CARTESIAN_POINT ( 'NONE',  ( 4.292892943487979451, -3.762044418152381109, -19.57532183075008447 ) ) ;
#1809 = CARTESIAN_POINT ( 'NONE',  ( -8.229959454943287511, 0.5107637906975336373, -19.56610794591692581 ) ) ;
#1810 = CARTESIAN_POINT ( 'NONE',  ( 9.190767092226076684, 3.522062816357692139, -20.14999999999998082 ) ) ;
#1811 = ADVANCED_FACE ( 'NONE', ( #6851 ), #7638, .T. ) ;
#1812 = CIRCLE ( 'NONE', #7555, 15.99999999999999822 ) ;
#1813 = VERTEX_POINT ( 'NONE', #6249 ) ;
#1814 = CARTESIAN_POINT ( 'NONE',  ( 1.691702659878919723E-14, 1.288732535365899992E-14, 3.999999999999949818 ) ) ;
#1815 = EDGE_LOOP ( 'NONE', ( #5085, #1435, #952, #5249 ) ) ;
#1816 = CARTESIAN_POINT ( 'NONE',  ( -11.36688370291105521, 7.570603192083242838, -6.294849952815317451 ) ) ;
#1817 = EDGE_CURVE ( 'NONE', #7709, #7713, #3302, .T. ) ;
#1818 = DIRECTION ( 'NONE',  ( 0.2542429479748352095, -0.6598185533956025806, 0.7071067811865472397 ) ) ;
#1819 = CARTESIAN_POINT ( 'NONE',  ( -17.45017956006739013, 9.772711496524594921, -5.825991465356299415 ) ) ;
#1820 = CARTESIAN_POINT ( 'NONE',  ( 8.350085054514669173E-14, -1.968529202511370056E-14, 0.000000000000000000 ) ) ;
#1821 = EDGE_CURVE ( 'NONE', #1343, #5578, #673, .T. ) ;
#1822 = CARTESIAN_POINT ( 'NONE',  ( 0.000000000000000000, 0.000000000000000000, 0.000000000000000000 ) ) ;
#1823 = EDGE_LOOP ( 'NONE', ( #6087, #7550, #937, #3042, #8047 ) ) ;
#1824 = CARTESIAN_POINT ( 'NONE',  ( -9.848077532709639925, -1.736481761994669970, 0.000000000000000000 ) ) ;
#1825 = EDGE_CURVE ( 'NONE', #3615, #8412, #4223, .T. ) ;
#1826 = EDGE_LOOP ( 'NONE', ( #3156, #1269, #8608, #6722 ) ) ;
#1827 = PLANE ( 'NONE',  #1855 ) ;
#1828 = CARTESIAN_POINT ( 'NONE',  ( -2.155604443320149644E-14, 1.817498706274059870E-14, 0.000000000000000000 ) ) ;
#1829 = DIRECTION ( 'NONE',  ( 0.000000000000000000, 0.000000000000000000, 1.000000000000000000 ) ) ;
#1830 = EDGE_CURVE ( 'NONE', #3895, #6499, #3269, .T. ) ;
#1831 = CARTESIAN_POINT ( 'NONE',  ( -3.726472768734419461, -7.526453961572606488, -20.14999999999992752 ) ) ;
#1832 = CARTESIAN_POINT ( 'NONE',  ( -4.788282006559179571, 13.15569669100280059, 0.000000000000000000 ) ) ;
#1833 = CARTESIAN_POINT ( 'NONE',  ( -2.736161146605239569, 7.517540966287299398, 0.000000000000000000 ) ) ;
#1834 = ORIENTED_EDGE ( 'NONE', *, *, #3862, .F. ) ;
#1835 = CARTESIAN_POINT ( 'NONE',  ( -3.793196106196793149, -7.013655769824206132, -19.56743493121500421 ) ) ;
#1836 = ORIENTED_EDGE ( 'NONE', *, *, #8251, .T. ) ;
#1837 = CARTESIAN_POINT ( 'NONE',  ( -2.620126338115370445E-13, -16.50000000000000000, -3.000000000000000888 ) ) ;
#1838 = CARTESIAN_POINT ( 'NONE',  ( 17.24780829594237019, 7.740706224820745440, -12.00000000000000178 ) ) ;
#1839 = DIRECTION ( 'NONE',  ( -0.000000000000000000, 0.000000000000000000, 1.000000000000000000 ) ) ;
#1840 = CARTESIAN_POINT ( 'NONE',  ( 7.962843247713728978, 4.844890243583668266, -20.15000000000000924 ) ) ;
#1841 = CYLINDRICAL_SURFACE ( 'NONE', #7866, 0.9000000000000014655 ) ;
#1842 = CARTESIAN_POINT ( 'NONE',  ( 0.000000000000000000, 0.000000000000000000, -12.00000000000000000 ) ) ;
#1843 = EDGE_LOOP ( 'NONE', ( #2950, #8642, #3018, #556 ) ) ;
#1844 = EDGE_LOOP ( 'NONE', ( #630, #1041, #52, #2388 ) ) ;
#1845 = CARTESIAN_POINT ( 'NONE',  ( 2.706499196114235506, -7.939632245254391485, -20.14999999999998437 ) ) ;
#1846 = CARTESIAN_POINT ( 'NONE',  ( 5.732021169822117734, 4.271848103807600161, -0.000000000000000000 ) ) ;
#1847 = EDGE_CURVE ( 'NONE', #4144, #8438, #960, .T. ) ;
#1848 = DIRECTION ( 'NONE',  ( -0.5000000000000093259, -0.8660254037844332675, 0.000000000000000000 ) ) ;
#1849 = CARTESIAN_POINT ( 'NONE',  ( 7.105056064271662031, -0.4315392407898670513, -19.57101165001424192 ) ) ;
#1850 = CARTESIAN_POINT ( 'NONE',  ( 4.631508648373740655, -17.39393939393946553, 0.000000000000000000 ) ) ;
#1851 = VERTEX_POINT ( 'NONE', #3585 ) ;
#1852 = CARTESIAN_POINT ( 'NONE',  ( 0.000000000000000000, 0.000000000000000000, 0.000000000000000000 ) ) ;
#1853 = DIRECTION ( 'NONE',  ( 0.000000000000000000, 0.000000000000000000, 1.000000000000000000 ) ) ;
#1854 = LINE ( 'NONE', #6887, #2236 ) ;
#1855 = AXIS2_PLACEMENT_3D ( 'NONE', #4642, #6670, #8019 ) ;
#1856 = CARTESIAN_POINT ( 'NONE',  ( -3.515600570390706281, -4.315800309939679558, -20.14999999999999503 ) ) ;
#1857 = AXIS2_PLACEMENT_3D ( 'NONE', #7007, #8348, #776 ) ;
#1858 = DIRECTION ( 'NONE',  ( -1.000000000000000000, 0.000000000000000000, 0.000000000000000000 ) ) ;
#1859 = DIRECTION ( 'NONE',  ( 0.000000000000000000, 0.000000000000000000, 1.000000000000000000 ) ) ;
#1860 = CARTESIAN_POINT ( 'NONE',  ( 3.041226104509778594, -14.76767676767682147, -0.4999999999999967804 ) ) ;
#1861 = ADVANCED_FACE ( 'NONE', ( #6392 ), #7039, .F. ) ;
#1862 = AXIS2_PLACEMENT_3D ( 'NONE', #7398, #5828, #980 ) ;
#1863 = ORIENTED_EDGE ( 'NONE', *, *, #3909, .T. ) ;
#1864 = CYLINDRICAL_SURFACE ( 'NONE', #8103, 0.9999999999999851230 ) ;
#1865 = ORIENTED_EDGE ( 'NONE', *, *, #3230, .F. ) ;
#1866 = CARTESIAN_POINT ( 'NONE',  ( 10.39230484541325872, -5.999999999999994671, 3.999999999999948042 ) ) ;
#1867 = CARTESIAN_POINT ( 'NONE',  ( -16.30012398138541485, 2.560460542844636311, -1.000000000000011324 ) ) ;
#1868 = CARTESIAN_POINT ( 'NONE',  ( 0.9999999999998469002, -13.67157287525384923, -11.00000000000000000 ) ) ;
#1869 = ADVANCED_FACE ( 'NONE', ( #2244 ), #893, .F. ) ;
#1870 = VECTOR ( 'NONE', #7144, 1000.000000000000000 ) ;
#1871 = CARTESIAN_POINT ( 'NONE',  ( -6.759859534895031885, -2.312361290794540558, -13.14891407561040815 ) ) ;
#1872 = CYLINDRICAL_SURFACE ( 'NONE', #5268, 18.00000000000000000 ) ;
#1873 = EDGE_CURVE ( 'NONE', #6361, #8894, #9000, .T. ) ;
#1874 = ADVANCED_FACE ( 'NONE', ( #5831 ), #8940, .F. ) ;
#1875 = CARTESIAN_POINT ( 'NONE',  ( 8.356238925925140393, -9.958577760546610591, 0.000000000000000000 ) ) ;
#1876 = ORIENTED_EDGE ( 'NONE', *, *, #3644, .T. ) ;
#1877 = DIRECTION ( 'NONE',  ( -1.000000000000000000, 0.000000000000000000, 0.000000000000000000 ) ) ;
#1878 = ORIENTED_EDGE ( 'NONE', *, *, #3499, .F. ) ;
#1879 = CARTESIAN_POINT ( 'NONE',  ( 0.7987863669741368522, -19.39323267188015265, -6.184632877787811012 ) ) ;
#1880 = CARTESIAN_POINT ( 'NONE',  ( -17.15309343428311806, -0.9877826459903492617, -0.3184923189179196257 ) ) ;
#1881 = B_SPLINE_SURFACE_WITH_KNOTS ( 'NONE', 3, 3, ( 
 ( #7150, #4149, #6260, #2749 ),
 ( #1372, #4194, #3732, #4376 ),
 ( #7367, #1600, #7233, #7192 ),
 ( #903, #6629, #302, #8765 ),
 ( #860, #3870, #8715, #5071 ),
 ( #3822, #7891, #6493, #5155 ),
 ( #995, #3118, #6673, #5111 ),
 ( #6542, #347, #7933, #7320 ),
 ( #3687, #170, #1687, #947 ),
 ( #214, #2987, #2296, #4554 ),
 ( #3025, #5842, #5933, #7975 ),
 ( #8630, #8670, #1035, #2339 ),
 ( #2425, #3161, #1644, #5245 ),
 ( #8065, #5973, #1733, #2254 ),
 ( #4464, #7278, #5800, #1559 ),
 ( #4419, #2381, #3777, #6584 ),
 ( #257, #3071, #5885, #5204 ),
 ( #8022, #4507, #3254, #8898 ),
 ( #4915, #388, #1781, #4221 ),
 ( #7454, #1125, #6854, #1831 ),
 ( #483, #6289, #4645, #4600 ),
 ( #3953, #523, #3999, #6018 ),
 ( #706, #7731, #6713, #7545 ),
 ( #7417, #6065, #2561, #3204 ),
 ( #2782, #1871, #6760, #1398 ),
 ( #4735, #1083, #3910, #8853 ),
 ( #7498, #434, #5386, #2517 ),
 ( #2094, #5341, #8196, #4686 ),
 ( #1170, #6808, #5428, #3526 ),
 ( #8939, #1223, #3305, #6112 ),
 ( #7034, #8806, #2607, #8242 ),
 ( #4049, #2467, #1918, #3478 ),
 ( #5292, #8108, #9123, #5600 ),
 ( #8421, #8159, #7778, #2283 ),
 ( #154, #6428, #2185, #8471 ),
 ( #3013, #1544, #5135, #2322 ),
 ( #843, #7134, #4319, #2140 ),
 ( #4362, #3669, #2970, #2239 ),
 ( #7174, #6475, #5054, #61 ),
 ( #4445, #753, #7084, #5011 ),
 ( #8521, #13, #7829, #4960 ),
 ( #799, #2827, #7879, #7956 ),
 ( #1444, #4402, #7261, #3622 ),
 ( #5094, #932, #5784, #8616 ),
 ( #7915, #1626, #1583, #7216 ),
 ( #2875, #886, #6336, #3576 ),
 ( #1495, #5825, #110, #5649 ) ),
 .UNSPECIFIED., .T., .F., .F.,
 ( 4, 1, 1, 1, 2, 1, 1, 1, 2, 1, 1, 1, 2, 1, 1, 1, 2, 1, 1, 1, 2, 1, 1, 1, 2, 1, 1, 1, 2, 1, 1, 1, 2, 1, 1, 1, 4 ),
 ( 4, 4 ),
 ( 0.000000000000000000, 0.02659554485111065292, 0.05319108970222130583, 0.07978663455333200039, 0.1063821794044426533, 0.1365244230355552035, 0.1666666666666676844, 0.1968089102977801930, 0.2269511539288927293, 0.2535466987800026883, 0.2801422436311126751, 0.3067377884822224954, 0.3333333333333324822, 0.3599288781844427465, 0.3865244230355530108, 0.4131199678866632752, 0.4397155127377735395, 0.4698577563688861036, 0.4999999999999986677, 0.5301422436311111763, 0.5602844872622236849, 0.5868800321133341713, 0.6134755769644448797, 0.6400711218155553661, 0.6666666666666658525, 0.6932622115177763389, 0.7198577563688868253, 0.7464533012199976447, 0.7730488460711081311, 0.8031910897022207507, 0.8333333333333332593, 0.8634755769644458789, 0.8936178205955586096, 0.9202133654466688739, 0.9468089102977792493, 0.9734044551488896246, 1.000000000000000000 ),
 ( 0.000000000000000000, 1.000000000000000000 ),
 .UNSPECIFIED. ) ;
#1882 = DIRECTION ( 'NONE',  ( -1.000000000000000000, 0.000000000000000000, 0.000000000000000000 ) ) ;
#1883 = CARTESIAN_POINT ( 'NONE',  ( 6.164004057551013993, 6.183749624750552343, -20.14999999999998792 ) ) ;
#1884 = DIRECTION ( 'NONE',  ( 0.000000000000000000, 0.000000000000000000, -1.000000000000000000 ) ) ;
#1885 = CARTESIAN_POINT ( 'NONE',  ( -2.980893258379358812, 5.595979186074019118, -20.15000000000000213 ) ) ;
#1886 = B_SPLINE_CURVE_WITH_KNOTS ( 'NONE', 3,
 ( #3358, #9050, #7511, #4656, #6916, #6123, #4700, #2711 ),
 .UNSPECIFIED., .F., .F.,
 ( 4, 2, 2, 4 ),
 ( 2.107235506768661768E-18, 0.0003906005533465388446, 0.0007812011066930755207, 0.001562402213386148656 ),
 .UNSPECIFIED. ) ;
#1887 = EDGE_CURVE ( 'NONE', #7537, #218, #2591, .T. ) ;
#1888 = ORIENTED_EDGE ( 'NONE', *, *, #3465, .T. ) ;
#1889 = ORIENTED_EDGE ( 'NONE', *, *, #7880, .F. ) ;
#1890 = CARTESIAN_POINT ( 'NONE',  ( 2.025273942774081792, -8.641125771295969926, -20.15000000000001634 ) ) ;
#1891 = ORIENTED_EDGE ( 'NONE', *, *, #3345, .F. ) ;
#1892 = CARTESIAN_POINT ( 'NONE',  ( 9.332080187004777372, -14.22898462720526247, 3.999999999999951594 ) ) ;
#1893 = CARTESIAN_POINT ( 'NONE',  ( 12.55614593867742812, 11.29068478007414988, 0.000000000000000000 ) ) ;
#1894 = CARTESIAN_POINT ( 'NONE',  ( 7.138187634556540928, -0.4121158189492284407, -19.57091517197532582 ) ) ;
#1895 = AXIS2_PLACEMENT_3D ( 'NONE', #1814, #3937, #4073 ) ;
#1896 = CARTESIAN_POINT ( 'NONE',  ( -8.686469869240655228, 1.209706184907135995, -19.56333414140625138 ) ) ;
#1897 = CARTESIAN_POINT ( 'NONE',  ( -8.381336715503199031, 0.5360068965513107297, -12.75466970261521205 ) ) ;
#1898 = CARTESIAN_POINT ( 'NONE',  ( 1.529101519394877151, 5.692531787729996573, -19.57475430772906577 ) ) ;
#1899 = ADVANCED_FACE ( 'NONE', ( #7141 ), #3533, .T. ) ;
#1900 = ORIENTED_EDGE ( 'NONE', *, *, #1745, .F. ) ;
#1901 = DIRECTION ( 'NONE',  ( 0.000000000000000000, 0.000000000000000000, 1.000000000000000000 ) ) ;
#1902 = VECTOR ( 'NONE', #5340, 1000.000000000000000 ) ;
#1903 = DIRECTION ( 'NONE',  ( -1.000000000000000000, 0.000000000000000000, -0.000000000000000000 ) ) ;
#1904 = DIRECTION ( 'NONE',  ( -1.000000000000000000, 0.000000000000000000, 0.000000000000000000 ) ) ;
#1905 = CARTESIAN_POINT ( 'NONE',  ( -5.840342516334061429, -0.5891891789231562537, -20.15000000000000213 ) ) ;
#1906 = CARTESIAN_POINT ( 'NONE',  ( -7.096587916958778663, -0.4365320605626446526, -19.57103597512908877 ) ) ;
#1907 = CARTESIAN_POINT ( 'NONE',  ( 4.249811802917322190, 6.812007868025512280, -19.56717852743152974 ) ) ;
#1908 = FACE_OUTER_BOUND ( 'NONE', #5086, .T. ) ;
#1909 = AXIS2_PLACEMENT_3D ( 'NONE', #7818, #4261, #1485 ) ;
#1910 = ORIENTED_EDGE ( 'NONE', *, *, #1993, .T. ) ;
#1911 = CARTESIAN_POINT ( 'NONE',  ( -11.33992941965992607, 7.701811841411537962, -11.18208018872921983 ) ) ;
#1912 = CIRCLE ( 'NONE', #7964, 0.8999999999999998002 ) ;
#1913 = ORIENTED_EDGE ( 'NONE', *, *, #1072, .F. ) ;
#1914 = EDGE_CURVE ( 'NONE', #3005, #6291, #4400, .T. ) ;
#1915 = CARTESIAN_POINT ( 'NONE',  ( 14.28941916244339971, 8.249999999999779732, -3.000000000000000888 ) ) ;
#1916 = CARTESIAN_POINT ( 'NONE',  ( 11.25833024919781877, 6.499999999999813483, -0.4999999999999941713 ) ) ;
#1917 = DIRECTION ( 'NONE',  ( 0.000000000000000000, 0.000000000000000000, 1.000000000000000000 ) ) ;
#1918 = CARTESIAN_POINT ( 'NONE',  ( -8.338411484954143305, 5.407447653643571606, -12.69999995247172109 ) ) ;
#1919 = CARTESIAN_POINT ( 'NONE',  ( 0.9999999999997888356, -19.32842712474617386, -3.000000000000000888 ) ) ;
#1920 = EDGE_CURVE ( 'NONE', #9147, #7009, #1403, .T. ) ;
#1921 = AXIS2_PLACEMENT_3D ( 'NONE', #374, #7266, #2365 ) ;
#1922 = CARTESIAN_POINT ( 'NONE',  ( 8.083960896274334118, 1.330528067355797983, -20.15000000000000213 ) ) ;
#1923 = ORIENTED_EDGE ( 'NONE', *, *, #155, .F. ) ;
#1924 = CARTESIAN_POINT ( 'NONE',  ( 8.965889269725918709, 1.920139215000371102, -19.56102800323193946 ) ) ;
#1925 = EDGE_CURVE ( 'NONE', #9097, #4153, #403, .T. ) ;
#1926 = CIRCLE ( 'NONE', #7097, 0.9999999999999716893 ) ;
#1927 = ORIENTED_EDGE ( 'NONE', *, *, #6677, .F. ) ;
#1928 = CARTESIAN_POINT ( 'NONE',  ( 14.28941916244338017, 8.249999999999765521, -12.00000000000000000 ) ) ;
#1929 = CARTESIAN_POINT ( 'NONE',  ( -4.559354889197077654, 6.871900939358751792, -19.56610109722206303 ) ) ;
#1930 = DIRECTION ( 'NONE',  ( 0.000000000000000000, 0.000000000000000000, -1.000000000000000000 ) ) ;
#1931 = CARTESIAN_POINT ( 'NONE',  ( 8.506517170948271200, 2.670177763008203975, -20.14999999999997726 ) ) ;
#1932 = CARTESIAN_POINT ( 'NONE',  ( -20.00000000000000000, 2.449293598294706513E-15, 4.000000000000000000 ) ) ;
#1933 = CARTESIAN_POINT ( 'NONE',  ( -1.907672175810869675, 5.180589505565851738, -20.15000000000000568 ) ) ;
#1934 = VECTOR ( 'NONE', #3570, 1000.000000000000000 ) ;
#1935 = DIRECTION ( 'NONE',  ( 0.000000000000000000, 0.000000000000000000, 1.000000000000000000 ) ) ;
#1936 = ORIENTED_EDGE ( 'NONE', *, *, #2334, .T. ) ;
#1937 = VERTEX_POINT ( 'NONE', #8623 ) ;
#1938 = CARTESIAN_POINT ( 'NONE',  ( -0.5426894126800178020, -9.280748763887380903, -20.15000000000000568 ) ) ;
#1939 = ADVANCED_FACE ( 'NONE', ( #2288 ), #4098, .F. ) ;
#1940 = ORIENTED_EDGE ( 'NONE', *, *, #6507, .F. ) ;
#1941 = DIRECTION ( 'NONE',  ( 0.8660254037844387076, -0.4999999999999998335, 0.000000000000000000 ) ) ;
#1942 = LINE ( 'NONE', #2581, #855 ) ;
#1943 = VECTOR ( 'NONE', #4943, 1000.000000000000000 ) ;
#1944 = CARTESIAN_POINT ( 'NONE',  ( 3.332021963660663832, -5.997868677106650281, -20.14999999999998792 ) ) ;
#1945 = ADVANCED_FACE ( 'NONE', ( #2145 ), #4966, .F. ) ;
#1946 = CARTESIAN_POINT ( 'NONE',  ( -3.386065327529373725, -6.277589482535935517, 0.000000000000000000 ) ) ;
#1947 = CARTESIAN_POINT ( 'NONE',  ( -3.194517149746978646, 6.377836469066160419, -19.57096632094440736 ) ) ;
#1948 = AXIS2_PLACEMENT_3D ( 'NONE', #6770, #444, #8342 ) ;
#1949 = EDGE_LOOP ( 'NONE', ( #8083, #2881, #5827, #4558, #8141, #4940 ) ) ;
#1950 = CARTESIAN_POINT ( 'NONE',  ( 5.672565888390330713, -1.527753386003459779, -19.57484494643057005 ) ) ;
#1951 = AXIS2_PLACEMENT_3D ( 'NONE', #5563, #3444, #5611 ) ;
#1952 = ORIENTED_EDGE ( 'NONE', *, *, #8764, .T. ) ;
#1953 = DIRECTION ( 'NONE',  ( 1.000000000000000000, 0.000000000000000000, 0.000000000000000000 ) ) ;
#1954 = CARTESIAN_POINT ( 'NONE',  ( 1.892506429952811153, -18.83221314940741919, -12.00000000000000000 ) ) ;
#1955 = LINE ( 'NONE', #6842, #1057 ) ;
#1956 = CARTESIAN_POINT ( 'NONE',  ( -7.139447416711493410, -0.4113812774525442140, -19.57091130345067853 ) ) ;
#1957 = DIRECTION ( 'NONE',  ( 0.000000000000000000, 0.000000000000000000, 1.000000000000000000 ) ) ;
#1958 = CARTESIAN_POINT ( 'NONE',  ( 10.99581834292226290, 13.61403610137178433, 0.000000000000000000 ) ) ;
#1959 = CIRCLE ( 'NONE', #6811, 2.000000000000000000 ) ;
#1960 = ORIENTED_EDGE ( 'NONE', *, *, #2948, .T. ) ;
#1961 = DIRECTION ( 'NONE',  ( -0.000000000000000000, -0.000000000000000000, 1.000000000000000000 ) ) ;
#1962 = VECTOR ( 'NONE', #4778, 1000.000000000000000 ) ;
#1963 = ORIENTED_EDGE ( 'NONE', *, *, #648, .F. ) ;
#1964 = DIRECTION ( 'NONE',  ( -0.8660254037844332675, 0.5000000000000093259, 0.000000000000000000 ) ) ;
#1965 = DIRECTION ( 'NONE',  ( 0.4999999999999950595, -0.8660254037844415942, 0.000000000000000000 ) ) ;
#1966 = CARTESIAN_POINT ( 'NONE',  ( 2.791545431386269982, 6.162255006989152406, -19.57208576320903859 ) ) ;
#1967 = CARTESIAN_POINT ( 'NONE',  ( 6.861381477469353563, 0.1139349101715232127, -20.14999999999999858 ) ) ;
#1968 = CARTESIAN_POINT ( 'NONE',  ( -16.64446480028853514, -0.9467676346132081200, -0.8286641378007398862 ) ) ;
#1969 = PLANE ( 'NONE',  #6583 ) ;
#1970 = ORIENTED_EDGE ( 'NONE', *, *, #8015, .F. ) ;
#1971 = DIRECTION ( 'NONE',  ( 1.158865554974983886E-15, -8.110444267672429342E-16, -1.000000000000000000 ) ) ;
#1972 = EDGE_CURVE ( 'NONE', #7384, #8701, #2614, .T. ) ;
#1973 = VERTEX_POINT ( 'NONE', #4542 ) ;
#1974 = CARTESIAN_POINT ( 'NONE',  ( 0.6158908866712033969, -19.43760674179066683, -6.001617403196380707 ) ) ;
#1975 = CARTESIAN_POINT ( 'NONE',  ( -5.881296828296739498, 6.861834415043721158, -19.56181249936325273 ) ) ;
#1976 = CARTESIAN_POINT ( 'NONE',  ( -20.00000000000000000, 2.449293598294706513E-15, 0.000000000000000000 ) ) ;
#1977 = CARTESIAN_POINT ( 'NONE',  ( 6.999253181017741632, 5.794853933169240356, -20.15000000000001634 ) ) ;
#1978 = LINE ( 'NONE', #4792, #6074 ) ;
#1979 = CARTESIAN_POINT ( 'NONE',  ( 16.78471644016404696, 10.87546914057050351, -11.26206654698878928 ) ) ;
#1980 = EDGE_CURVE ( 'NONE', #1053, #684, #4928, .T. ) ;
#1981 = CARTESIAN_POINT ( 'NONE',  ( 0.000000000000000000, 0.000000000000000000, 0.000000000000000000 ) ) ;
#1982 = ORIENTED_EDGE ( 'NONE', *, *, #2326, .F. ) ;
#1983 = ADVANCED_FACE ( 'NONE', ( #3856 ), #7309, .T. ) ;
#1984 = VERTEX_POINT ( 'NONE', #5917 ) ;
#1985 = CARTESIAN_POINT ( 'NONE',  ( 2.273773696253369003, -8.429601082194054129, -20.14999999999998437 ) ) ;
#1986 = ORIENTED_EDGE ( 'NONE', *, *, #8161, .T. ) ;
#1987 = LINE ( 'NONE', #8872, #5330 ) ;
#1988 = CARTESIAN_POINT ( 'NONE',  ( 7.856061400094338509, 1.510728062209163225, 2.000000000000000000 ) ) ;
#1989 = CARTESIAN_POINT ( 'NONE',  ( 6.912871197324591321, -0.5486200283340098016, -19.57156852696834193 ) ) ;
#1990 = EDGE_CURVE ( 'NONE', #5458, #7422, #2829, .T. ) ;
#1991 = CARTESIAN_POINT ( 'NONE',  ( -6.187618932840061703, -3.572423456518032392, 0.000000000000000000 ) ) ;
#1992 = CARTESIAN_POINT ( 'NONE',  ( -3.178797368982401839, 6.368924869760621554, -19.57101166936114112 ) ) ;
#1993 = EDGE_CURVE ( 'NONE', #5346, #7396, #6302, .T. ) ;
#1994 = ORIENTED_EDGE ( 'NONE', *, *, #6834, .F. ) ;
#1995 = CARTESIAN_POINT ( 'NONE',  ( -2.620126338115370445E-13, -16.50000000000000000, 2.200000000000000178 ) ) ;
#1996 = DIRECTION ( 'NONE',  ( -0.000000000000000000, -0.000000000000000000, 1.000000000000000000 ) ) ;
#1997 = EDGE_CURVE ( 'NONE', #5592, #4525, #2468, .T. ) ;
#1998 = DIRECTION ( 'NONE',  ( -5.695779570086149439E-16, 1.564902575500329879E-15, 1.000000000000000000 ) ) ;
#1999 = FACE_OUTER_BOUND ( 'NONE', #449, .T. ) ;
#2000 = CARTESIAN_POINT ( 'NONE',  ( -4.063607809361054812, -4.586518126283947616, -19.57404333647059502 ) ) ;
#2001 = CARTESIAN_POINT ( 'NONE',  ( 8.045951761707913263, -0.4033116019269897268, 0.000000000000000000 ) ) ;
#2002 = CARTESIAN_POINT ( 'NONE',  ( -11.25833024919778680, -6.500000000000045297, 3.999999999999948042 ) ) ;
#2003 = EDGE_LOOP ( 'NONE', ( #3738, #3792, #6706, #2121 ) ) ;
#2004 = FACE_OUTER_BOUND ( 'NONE', #450, .T. ) ;
#2005 = ORIENTED_EDGE ( 'NONE', *, *, #8805, .T. ) ;
#2006 = DIRECTION ( 'NONE',  ( 0.000000000000000000, 0.000000000000000000, -1.000000000000000000 ) ) ;
#2007 = LINE ( 'NONE', #6202, #4333 ) ;
#2008 = CARTESIAN_POINT ( 'NONE',  ( -5.213530464874541082, -13.53030303030294945, -0.9999999999999974465 ) ) ;
#2009 = CARTESIAN_POINT ( 'NONE',  ( -12.11044710970864635, 12.07257515209366616, 0.000000000000000000 ) ) ;
#2010 = AXIS2_PLACEMENT_3D ( 'NONE', #2803, #4152, #2753 ) ;
#2011 = DIRECTION ( 'NONE',  ( -0.000000000000000000, -0.000000000000000000, 1.000000000000000000 ) ) ;
#2012 = CARTESIAN_POINT ( 'NONE',  ( -15.49487924940311068, 11.00064147686186189, -11.98299790006836218 ) ) ;
#2013 = VERTEX_POINT ( 'NONE', #7444 ) ;
#2014 = LINE ( 'NONE', #9138, #7238 ) ;
#2015 = CIRCLE ( 'NONE', #1862, 0.8999999999999998002 ) ;
#2016 = ORIENTED_EDGE ( 'NONE', *, *, #79, .F. ) ;
#2017 = CARTESIAN_POINT ( 'NONE',  ( -9.099003186330687498, 2.610810099556157393, -19.55919586812111532 ) ) ;
#2018 = CARTESIAN_POINT ( 'NONE',  ( -1.473668081483377135, -8.989504367980048372, -20.14999999999999503 ) ) ;
#2019 = FACE_OUTER_BOUND ( 'NONE', #8533, .T. ) ;
#2020 = CARTESIAN_POINT ( 'NONE',  ( 8.409340190682126348, 3.857355623331208960, -20.14999999999999503 ) ) ;
#2021 = CARTESIAN_POINT ( 'NONE',  ( 10.28460175498480211, -12.25671108990349900, 3.999999999999949818 ) ) ;
#2022 = CYLINDRICAL_SURFACE ( 'NONE', #8652, 18.00000000000000000 ) ;
#2023 = VECTOR ( 'NONE', #715, 1000.000000000000000 ) ;
#2024 = CARTESIAN_POINT ( 'NONE',  ( 14.28941916244339971, 8.249999999999779732, -3.000000000000000888 ) ) ;
#2025 = B_SPLINE_CURVE_WITH_KNOTS ( 'NONE', 3,
 ( #6299, #1968, #6254, #6907 ),
 .UNSPECIFIED., .F., .F.,
 ( 4, 4 ),
 ( 0.000000000000000000, 0.0007307875084185336137 ),
 .UNSPECIFIED. ) ;
#2026 = ORIENTED_EDGE ( 'NONE', *, *, #8830, .T. ) ;
#2027 = ORIENTED_EDGE ( 'NONE', *, *, #3848, .F. ) ;
#2028 = CARTESIAN_POINT ( 'NONE',  ( -3.304380799792344892, -6.434301176556274982, -20.14999999999999858 ) ) ;
#2029 = EDGE_LOOP ( 'NONE', ( #7072, #1470, #6391, #4649 ) ) ;
#2030 = DIRECTION ( 'NONE',  ( -1.028313268071524818E-14, -1.000000000000000000, 0.000000000000000000 ) ) ;
#2031 = EDGE_CURVE ( 'NONE', #3887, #2576, #8965, .T. ) ;
#2032 = LINE ( 'NONE', #3932, #7790 ) ;
#2033 = CARTESIAN_POINT ( 'NONE',  ( 7.151867980784432532, -0.4041576068029599789, -19.57087530504926676 ) ) ;
#2034 = CARTESIAN_POINT ( 'NONE',  ( -1.545187673422728114, -9.720469190312602592, -20.14999999999993108 ) ) ;
#2035 = AXIS2_PLACEMENT_3D ( 'NONE', #8052, #8145, #3106 ) ;
#2036 = CARTESIAN_POINT ( 'NONE',  ( -3.155193273565002787, 6.355641214862548516, -19.57107946334488702 ) ) ;
#2037 = VERTEX_POINT ( 'NONE', #1678 ) ;
#2038 = CYLINDRICAL_SURFACE ( 'NONE', #8238, 0.8999999999999998002 ) ;
#2039 = ORIENTED_EDGE ( 'NONE', *, *, #1305, .F. ) ;
#2040 = CARTESIAN_POINT ( 'NONE',  ( 16.23890890522645591, 10.53023896615741961, -6.800000000000000711 ) ) ;
#2041 = DIRECTION ( 'NONE',  ( 0.000000000000000000, 0.000000000000000000, 1.000000000000000000 ) ) ;
#2042 = DIRECTION ( 'NONE',  ( -0.9848077530122066880, -0.1736481776669380195, 0.000000000000000000 ) ) ;
#2043 = EDGE_CURVE ( 'NONE', #8645, #6557, #1289, .T. ) ;
#2044 = CARTESIAN_POINT ( 'NONE',  ( -7.127703421293165142, -0.4182368523774357416, -19.57094560652151571 ) ) ;
#2045 = CARTESIAN_POINT ( 'NONE',  ( 6.700180983555196867, 6.655710373247275768, -19.55942430472982707 ) ) ;
#2046 = DIRECTION ( 'NONE',  ( 1.000000000000000000, 0.000000000000000000, 0.000000000000000000 ) ) ;
#2047 = B_SPLINE_CURVE_WITH_KNOTS ( 'NONE', 3,
 ( #4801, #8220, #4068, #8873, #3367, #7436, #1147, #8267 ),
 .UNSPECIFIED., .F., .F.,
 ( 4, 2, 2, 4 ),
 ( 0.000000000000000000, 0.0003458595539914016996, 0.0006917191079828033991, 0.001383438215965606581 ),
 .UNSPECIFIED. ) ;
#2048 = AXIS2_PLACEMENT_3D ( 'NONE', #664, #3486, #6296 ) ;
#2049 = EDGE_LOOP ( 'NONE', ( #5035, #7993, #7463, #1665 ) ) ;
#2050 = CARTESIAN_POINT ( 'NONE',  ( -4.104241719907849806, 11.27631144943090113, 0.000000000000000000 ) ) ;
#2051 = VERTEX_POINT ( 'NONE', #2414 ) ;
#2052 = DIRECTION ( 'NONE',  ( 0.000000000000000000, 0.000000000000000000, -1.000000000000000000 ) ) ;
#2053 = CIRCLE ( 'NONE', #7217, 3.500000000000000444 ) ;
#2054 = CARTESIAN_POINT ( 'NONE',  ( -3.532326420810175449, -7.723855101131340106, -19.56485269964566598 ) ) ;
#2055 = DIRECTION ( 'NONE',  ( -1.000000000000000000, 0.000000000000000000, 0.000000000000000000 ) ) ;
#2056 = CARTESIAN_POINT ( 'NONE',  ( -16.74173180120750004, -2.952019020338040090, 2.000000000000000000 ) ) ;
#2057 = ADVANCED_FACE ( 'NONE', ( #2506 ), #5235, .F. ) ;
#2058 = DIRECTION ( 'NONE',  ( 0.000000000000000000, 0.000000000000000000, -1.000000000000000000 ) ) ;
#2059 = VECTOR ( 'NONE', #6801, 1000.000000000000000 ) ;
#2060 = CARTESIAN_POINT ( 'NONE',  ( -14.28941916244309951, 8.250000000000220268, 0.000000000000000000 ) ) ;
#2061 = VERTEX_POINT ( 'NONE', #3151 ) ;
#2062 = CARTESIAN_POINT ( 'NONE',  ( 8.979857964489250222, 1.970428068777009045, -19.56088104019581664 ) ) ;
#2063 = ORIENTED_EDGE ( 'NONE', *, *, #3055, .F. ) ;
#2064 = CARTESIAN_POINT ( 'NONE',  ( -9.011359885998823316, 2.094138045306399132, -19.56052819339305771 ) ) ;
#2065 = DIRECTION ( 'NONE',  ( 0.8660254037844384856, -0.5000000000000003331, 1.517883041479707194E-15 ) ) ;
#2066 = CIRCLE ( 'NONE', #5463, 2.000000000000001776 ) ;
#2067 = CARTESIAN_POINT ( 'NONE',  ( 6.087796589530729108, 6.819215333545688651, -19.56119741813021662 ) ) ;
#2068 = CARTESIAN_POINT ( 'NONE',  ( 15.73928961618859645, 10.87996205598817312, -11.90252060073899187 ) ) ;
#2069 = CARTESIAN_POINT ( 'NONE',  ( -16.74173180120750004, -2.952019020338040090, 0.000000000000000000 ) ) ;
#2070 = CONICAL_SURFACE ( 'NONE', #440, 2.999999999999995559, 0.7853981633974465026 ) ;
#2071 = VERTEX_POINT ( 'NONE', #4588 ) ;
#2072 = VERTEX_POINT ( 'NONE', #1071 ) ;
#2073 = CARTESIAN_POINT ( 'NONE',  ( -2.658581176293523640, -8.001913907897506562, -20.15000000000000213 ) ) ;
#2074 = ORIENTED_EDGE ( 'NONE', *, *, #6656, .F. ) ;
#2075 = DIRECTION ( 'NONE',  ( 0.000000000000000000, 0.000000000000000000, 1.000000000000000000 ) ) ;
#2076 = CARTESIAN_POINT ( 'NONE',  ( -5.628850231823703254, 6.301432598510897876, -20.14999999999999858 ) ) ;
#2077 = CARTESIAN_POINT ( 'NONE',  ( 9.848077527534529807, -1.736481791344210102, 0.000000000000000000 ) ) ;
#2078 = CARTESIAN_POINT ( 'NONE',  ( 5.275740848563827967, -1.099312004638363094, -20.14999999999997726 ) ) ;
#2079 = CARTESIAN_POINT ( 'NONE',  ( -8.524276580112109869, 5.072878584352578990, -19.55622224526818087 ) ) ;
#2080 = CARTESIAN_POINT ( 'NONE',  ( 0.3915130680000621921, -7.099999999999798916, -13.19999995247171576 ) ) ;
#2081 = VECTOR ( 'NONE', #8515, 1000.000000000000000 ) ;
#2082 = CARTESIAN_POINT ( 'NONE',  ( -3.231786342415690072, 6.399148886993868857, -19.57085832059613750 ) ) ;
#2083 = CARTESIAN_POINT ( 'NONE',  ( -3.972921419149668232, -5.130389948725142979, -19.57293471954580966 ) ) ;
#2084 = VERTEX_POINT ( 'NONE', #377 ) ;
#2085 = VERTEX_POINT ( 'NONE', #3194 ) ;
#2086 = CARTESIAN_POINT ( 'NONE',  ( 0.000000000000000000, 0.000000000000000000, -12.00000000000000000 ) ) ;
#2087 = AXIS2_PLACEMENT_3D ( 'NONE', #1012, #5314, #1621 ) ;
#2088 = B_SPLINE_CURVE_WITH_KNOTS ( 'NONE', 3,
 ( #4448, #8007, #3190, #7265, #1674, #5276, #4494, #1766, #7219, #7305 ),
 .UNSPECIFIED., .F., .F.,
 ( 4, 2, 2, 2, 4 ),
 ( 8.673617379884035472E-19, 0.0003933909761702869372, 0.0007867819523405730070, 0.001180172928510859077, 0.001573563904681145147 ),
 .UNSPECIFIED. ) ;
#2089 = DIRECTION ( 'NONE',  ( 0.7071067811865462405, 0.000000000000000000, 0.7071067811865489050 ) ) ;
#2090 = FACE_OUTER_BOUND ( 'NONE', #2993, .T. ) ;
#2091 = CARTESIAN_POINT ( 'NONE',  ( -3.925962888311033794, -5.984836715492170001, -19.57089240151016085 ) ) ;
#2092 = CARTESIAN_POINT ( 'NONE',  ( 9.938449852079457969, -13.17107491959948895, 0.000000000000000000 ) ) ;
#2093 = DIRECTION ( 'NONE',  ( 0.000000000000000000, 0.000000000000000000, 1.000000000000000000 ) ) ;
#2094 = CARTESIAN_POINT ( 'NONE',  ( -7.129584630170814563, 0.2063761487538511297, 0.000000000000000000 ) ) ;
#2095 = AXIS2_PLACEMENT_3D ( 'NONE', #8678, #4562, #1002 ) ;
#2096 = CIRCLE ( 'NONE', #4013, 1.999999999999999112 ) ;
#2097 = ADVANCED_FACE ( 'NONE', ( #3242 ), #7635, .F. ) ;
#2098 = ORIENTED_EDGE ( 'NONE', *, *, #1218, .T. ) ;
#2099 = CARTESIAN_POINT ( 'NONE',  ( -15.88941916244309915, 8.250000000000220268, -3.000000000000001332 ) ) ;
#2100 = EDGE_CURVE ( 'NONE', #6361, #5234, #8079, .T. ) ;
#2101 = VERTEX_POINT ( 'NONE', #3941 ) ;
#2102 = AXIS2_PLACEMENT_3D ( 'NONE', #7427, #4614, #1094 ) ;
#2103 = DIRECTION ( 'NONE',  ( 0.000000000000000000, 0.000000000000000000, -1.000000000000000000 ) ) ;
#2104 = AXIS2_PLACEMENT_3D ( 'NONE', #2777, #6423, #5688 ) ;
#2105 = CARTESIAN_POINT ( 'NONE',  ( 3.926123151067665518, -5.963851116315610490, -19.57094452973979415 ) ) ;
#2106 = DIRECTION ( 'NONE',  ( 0.000000000000000000, 0.000000000000000000, 1.000000000000000000 ) ) ;
#2107 = DIRECTION ( 'NONE',  ( 0.000000000000000000, 0.000000000000000000, -1.000000000000000000 ) ) ;
#2108 = EDGE_CURVE ( 'NONE', #3543, #4274, #1510, .T. ) ;
#2109 = DIRECTION ( 'NONE',  ( 0.000000000000000000, 0.000000000000000000, 1.000000000000000000 ) ) ;
#2110 = EDGE_CURVE ( 'NONE', #6930, #3353, #8279, .T. ) ;
#2111 = EDGE_LOOP ( 'NONE', ( #4363, #8271, #7701, #7609 ) ) ;
#2112 = DIRECTION ( 'NONE',  ( -0.9848077530122072432, -0.1736481776669351051, 0.000000000000000000 ) ) ;
#2113 = ORIENTED_EDGE ( 'NONE', *, *, #6826, .T. ) ;
#2114 = CARTESIAN_POINT ( 'NONE',  ( -9.016524067079501492, 4.014067775475254507, -19.55664645242757516 ) ) ;
#2115 = AXIS2_PLACEMENT_3D ( 'NONE', #5352, #7466, #585 ) ;
#2116 = DIRECTION ( 'NONE',  ( -1.000000000000000000, 0.000000000000000000, 0.000000000000000000 ) ) ;
#2117 = CARTESIAN_POINT ( 'NONE',  ( 4.558246372591842288, 6.872124492605445667, -19.56610472302154236 ) ) ;
#2118 = CARTESIAN_POINT ( 'NONE',  ( 15.22591083554691416, 11.10008479631861711, -12.00000000000000000 ) ) ;
#2119 = CARTESIAN_POINT ( 'NONE',  ( 12.33992941966007528, 5.969761033842371667, -3.000000000000000888 ) ) ;
#2120 = ORIENTED_EDGE ( 'NONE', *, *, #8666, .F. ) ;
#2121 = ORIENTED_EDGE ( 'NONE', *, *, #3973, .F. ) ;
#2122 = CARTESIAN_POINT ( 'NONE',  ( -1.617033585847331700, -8.906900408133077818, -20.14999999999998082 ) ) ;
#2123 = ORIENTED_EDGE ( 'NONE', *, *, #3064, .F. ) ;
#2124 = DIRECTION ( 'NONE',  ( 0.000000000000000000, 0.000000000000000000, -1.000000000000000000 ) ) ;
#2125 = LINE ( 'NONE', #7159, #6747 ) ;
#2126 = CARTESIAN_POINT ( 'NONE',  ( 4.885534387436081261, -1.530085368785222055, -20.14999999999999503 ) ) ;
#2127 = CARTESIAN_POINT ( 'NONE',  ( -7.778543998193897302, 5.948906350854688441, -19.55707551053379945 ) ) ;
#2128 = CARTESIAN_POINT ( 'NONE',  ( 1.686705740360820549, 5.656470920695711335, -20.15000000000000924 ) ) ;
#2129 = CARTESIAN_POINT ( 'NONE',  ( 3.518527343438984989, 5.878937032389418782, -20.14999999999999503 ) ) ;
#2130 = ORIENTED_EDGE ( 'NONE', *, *, #7145, .F. ) ;
#2131 = CARTESIAN_POINT ( 'NONE',  ( -12.28941916244315635, 4.785898384862454336, -12.00000000000000000 ) ) ;
#2132 = ORIENTED_EDGE ( 'NONE', *, *, #1980, .T. ) ;
#2133 = ORIENTED_EDGE ( 'NONE', *, *, #4803, .T. ) ;
#2134 = DIRECTION ( 'NONE',  ( -0.000000000000000000, -0.000000000000000000, 1.000000000000000000 ) ) ;
#2135 = FACE_OUTER_BOUND ( 'NONE', #2302, .T. ) ;
#2136 = CARTESIAN_POINT ( 'NONE',  ( -0.6151344982309707721, -12.54648114311611451, -6.000961805086804546 ) ) ;
#2137 = CARTESIAN_POINT ( 'NONE',  ( -6.209538250655283420, -0.3050001629120396296, -20.15000000000002345 ) ) ;
#2138 = CARTESIAN_POINT ( 'NONE',  ( -14.87802911576607734, 4.798224038681054182, -0.3941627911944544094 ) ) ;
#2139 = CARTESIAN_POINT ( 'NONE',  ( -8.477469107099221191, 3.543806816798520831, -20.15000000000000924 ) ) ;
#2140 = CARTESIAN_POINT ( 'NONE',  ( -2.736724009889419218, 6.112247956945866534, -20.14999999999999858 ) ) ;
#2141 = ORIENTED_EDGE ( 'NONE', *, *, #9048, .F. ) ;
#2142 = EDGE_CURVE ( 'NONE', #1249, #3338, #6596, .T. ) ;
#2143 = CARTESIAN_POINT ( 'NONE',  ( 10.55785015938573679, 6.806363929056882256, -6.001289497208815327 ) ) ;
#2144 = ORIENTED_EDGE ( 'NONE', *, *, #2942, .T. ) ;
#2145 = FACE_OUTER_BOUND ( 'NONE', #2274, .T. ) ;
#2146 = CARTESIAN_POINT ( 'NONE',  ( -5.236359580130367952, 6.048184715067491446, 4.000000000000000000 ) ) ;
#2147 = FACE_OUTER_BOUND ( 'NONE', #4177, .T. ) ;
#2148 = ADVANCED_FACE ( 'NONE', ( #8975 ), #1216, .T. ) ;
#2149 = DIRECTION ( 'NONE',  ( -1.000000000000000000, 0.000000000000000000, 0.000000000000000000 ) ) ;
#2150 = LINE ( 'NONE', #1407, #8588 ) ;
#2151 = DIRECTION ( 'NONE',  ( -0.8660254037844415942, -0.4999999999999950595, 0.000000000000000000 ) ) ;
#2152 = ORIENTED_EDGE ( 'NONE', *, *, #286, .T. ) ;
#2153 = LINE ( 'NONE', #4145, #3103 ) ;
#2154 = ORIENTED_EDGE ( 'NONE', *, *, #2662, .F. ) ;
#2155 = CARTESIAN_POINT ( 'NONE',  ( -8.992233470196474343, 2.017320149741600233, -19.56074590773064514 ) ) ;
#2156 = AXIS2_PLACEMENT_3D ( 'NONE', #7222, #5062, #5742 ) ;
#2157 = CIRCLE ( 'NONE', #1266, 3.499999999999997780 ) ;
#2158 = EDGE_CURVE ( 'NONE', #7112, #4891, #5893, .T. ) ;
#2159 = DIRECTION ( 'NONE',  ( 1.255437684556219954E-15, -8.786314623311770351E-16, -1.000000000000000000 ) ) ;
#2160 = CARTESIAN_POINT ( 'NONE',  ( 7.375371947679712825, 6.258229481026684304, -19.55787190553837007 ) ) ;
#2161 = CARTESIAN_POINT ( 'NONE',  ( -16.98870225072039730, -0.9673261984969880878, -0.4837805568354749397 ) ) ;
#2162 = CIRCLE ( 'NONE', #2598, 2.999999999999996891 ) ;
#2163 = FACE_BOUND ( 'NONE', #3211, .T. ) ;
#2164 = EDGE_LOOP ( 'NONE', ( #8823, #4908, #519, #1116 ) ) ;
#2165 = CARTESIAN_POINT ( 'NONE',  ( 3.873655397604879980, -6.643737448025429870, -19.56872117837544067 ) ) ;
#2166 = ORIENTED_EDGE ( 'NONE', *, *, #5824, .T. ) ;
#2167 = DIRECTION ( 'NONE',  ( -1.000000000000000000, 0.000000000000000000, 0.000000000000000000 ) ) ;
#2168 = CYLINDRICAL_SURFACE ( 'NONE', #2984, 2.000000000000000888 ) ;
#2169 = DIRECTION ( 'NONE',  ( 1.158865554974983886E-15, -8.110444267672429342E-16, -1.000000000000000000 ) ) ;
#2170 = CARTESIAN_POINT ( 'NONE',  ( 6.853738734682491618, 0.1095044102431675520, -20.15000000000000213 ) ) ;
#2171 = AXIS2_PLACEMENT_3D ( 'NONE', #4817, #9122, #4725 ) ;
#2172 = CARTESIAN_POINT ( 'NONE',  ( -3.037845862820673926, 6.429570170982551680, 0.000000000000000000 ) ) ;
#2173 = CARTESIAN_POINT ( 'NONE',  ( 3.462450841564689963, 5.847054528820831543, -20.15000000000001634 ) ) ;
#2174 = EDGE_CURVE ( 'NONE', #226, #2273, #4679, .T. ) ;
#2175 = ORIENTED_EDGE ( 'NONE', *, *, #2142, .T. ) ;
#2176 = CARTESIAN_POINT ( 'NONE',  ( -12.11044710970864635, 12.07257515209366616, 0.000000000000000000 ) ) ;
#2177 = VERTEX_POINT ( 'NONE', #3322 ) ;
#2178 = ORIENTED_EDGE ( 'NONE', *, *, #2942, .F. ) ;
#2179 = CARTESIAN_POINT ( 'NONE',  ( 11.75101668665338117, 5.156965753757180693, -11.81774874249748386 ) ) ;
#2180 = FACE_OUTER_BOUND ( 'NONE', #6256, .T. ) ;
#2181 = DIRECTION ( 'NONE',  ( 0.000000000000000000, 0.000000000000000000, 1.000000000000000000 ) ) ;
#2182 = CARTESIAN_POINT ( 'NONE',  ( -6.850836958871175497, 0.1078195336484721462, -20.14999999999998792 ) ) ;
#2183 = DIRECTION ( 'NONE',  ( 0.9848077517184274932, -0.1736481850043251063, 0.000000000000000000 ) ) ;
#2184 = CARTESIAN_POINT ( 'NONE',  ( -7.048549081116656900, 0.2287427943208105996, -20.14999999999997371 ) ) ;
#2185 = CARTESIAN_POINT ( 'NONE',  ( -4.654863946768694305, 6.990447065021241357, -12.75466542506957346 ) ) ;
#2186 = EDGE_CURVE ( 'NONE', #5565, #3338, #1734, .T. ) ;
#2187 = ORIENTED_EDGE ( 'NONE', *, *, #5530, .T. ) ;
#2188 = AXIS2_PLACEMENT_3D ( 'NONE', #4384, #4474, #5983 ) ;
#2189 = CARTESIAN_POINT ( 'NONE',  ( 16.23890890522645591, 10.53023896615741961, -3.000000000000000888 ) ) ;
#2190 = CARTESIAN_POINT ( 'NONE',  ( 1.999999999999770184, -21.18131433805522690, -11.00000000000000000 ) ) ;
#2191 = ORIENTED_EDGE ( 'NONE', *, *, #5587, .F. ) ;
#2192 = CARTESIAN_POINT ( 'NONE',  ( 11.26857018343050854, 10.01761744899626549, -0.4999999999999941713 ) ) ;
#2193 = CYLINDRICAL_SURFACE ( 'NONE', #2398, 10.00000000000000178 ) ;
#2194 = CARTESIAN_POINT ( 'NONE',  ( 3.332020230415906781, -5.999086572339304979, -20.14999999999999858 ) ) ;
#2195 = CIRCLE ( 'NONE', #7645, 1.999999999999998224 ) ;
#2196 = DIRECTION ( 'NONE',  ( -0.000000000000000000, -0.000000000000000000, -1.000000000000000000 ) ) ;
#2197 = CARTESIAN_POINT ( 'NONE',  ( -5.213530464874541082, -13.53030303030294945, -12.00000000000000000 ) ) ;
#2198 = B_SPLINE_CURVE_WITH_KNOTS ( 'NONE', 3,
 ( #8020, #5339, #4598, #4552, #1731, #3820, #5930, #8194, #3116, #7365 ),
 .UNSPECIFIED., .F., .F.,
 ( 4, 2, 2, 2, 4 ),
 ( 0.000000000000000000, 0.0003933909761702856361, 0.0007867819523405712723, 0.001180172928510856908, 0.001573563904681142545 ),
 .UNSPECIFIED. ) ;
#2199 = CARTESIAN_POINT ( 'NONE',  ( -10.39230484541325872, -5.999999999999994671, 3.999999999999948042 ) ) ;
#2200 = EDGE_CURVE ( 'NONE', #8868, #7264, #456, .T. ) ;
#2201 = AXIS2_PLACEMENT_3D ( 'NONE', #3704, #7250, #4524 ) ;
#2202 = ORIENTED_EDGE ( 'NONE', *, *, #3448, .T. ) ;
#2203 = CARTESIAN_POINT ( 'NONE',  ( -17.47729075011904243, -0.8912396062808745079, 0.000000000000000000 ) ) ;
#2204 = CYLINDRICAL_SURFACE ( 'NONE', #7641, 0.9999999999999998890 ) ;
#2205 = ADVANCED_FACE ( 'NONE', ( #411 ), #9061, .T. ) ;
#2206 = CARTESIAN_POINT ( 'NONE',  ( -16.95403825327241876, 9.634744351865853318, -5.800000000000001599 ) ) ;
#2207 = CARTESIAN_POINT ( 'NONE',  ( 6.520714226545090142, 6.690692777783818990, -19.55996914419893429 ) ) ;
#2208 = CARTESIAN_POINT ( 'NONE',  ( 0.6155775690248583842, -13.56232623240741830, -6.001373931894276481 ) ) ;
#2209 = CIRCLE ( 'NONE', #4129, 1.000000000000001110 ) ;
#2210 = EDGE_CURVE ( 'NONE', #6943, #5798, #5537, .T. ) ;
#2211 = CARTESIAN_POINT ( 'NONE',  ( 18.84355630229944012, 9.724631765243044512, -6.800000000000000711 ) ) ;
#2212 = ORIENTED_EDGE ( 'NONE', *, *, #6783, .F. ) ;
#2213 = ORIENTED_EDGE ( 'NONE', *, *, #3781, .T. ) ;
#2214 = CARTESIAN_POINT ( 'NONE',  ( -3.326171677391938086, -6.218063714792743113, -20.14999999999999147 ) ) ;
#2215 = VECTOR ( 'NONE', #2684, 1000.000000000000000 ) ;
#2216 = ORIENTED_EDGE ( 'NONE', *, *, #5385, .F. ) ;
#2217 = DIRECTION ( 'NONE',  ( -1.028313268071524502E-14, -1.000000000000000000, 0.000000000000000000 ) ) ;
#2218 = CARTESIAN_POINT ( 'NONE',  ( -7.561187920691449627, 5.377040254909156936, -20.15000000000000568 ) ) ;
#2219 = EDGE_CURVE ( 'NONE', #8591, #3683, #6134, .T. ) ;
#2220 = CARTESIAN_POINT ( 'NONE',  ( -4.646848268369236479, 5.368210975755968839, 0.000000000000000000 ) ) ;
#2221 = CARTESIAN_POINT ( 'NONE',  ( 3.785214473802238633, -3.419875126412841304, -20.15000000000003055 ) ) ;
#2222 = CARTESIAN_POINT ( 'NONE',  ( -8.099049974959081410, 5.633255043488540892, -19.55658546272059439 ) ) ;
#2223 = CARTESIAN_POINT ( 'NONE',  ( 2.736724009889446307, 6.112247956945915384, -12.76259216649566675 ) ) ;
#2224 = CARTESIAN_POINT ( 'NONE',  ( 3.050655474890402896, 5.630187738214995186, -20.14999999999999147 ) ) ;
#2225 = CIRCLE ( 'NONE', #4878, 3.499999999999997780 ) ;
#2226 = EDGE_CURVE ( 'NONE', #6035, #4436, #1942, .T. ) ;
#2227 = ORIENTED_EDGE ( 'NONE', *, *, #7523, .F. ) ;
#2228 = CARTESIAN_POINT ( 'NONE',  ( -3.233193268264179743, 6.399958609918928509, -19.57085358693101540 ) ) ;
#2229 = ORIENTED_EDGE ( 'NONE', *, *, #1308, .T. ) ;
#2230 = EDGE_LOOP ( 'NONE', ( #2660, #5952, #5455, #5409 ) ) ;
#2231 = CARTESIAN_POINT ( 'NONE',  ( -16.23368793961390821, 11.68192517863532132, -12.00000000000000000 ) ) ;
#2232 = CARTESIAN_POINT ( 'NONE',  ( -4.446261863233510248, 12.21600407021689882, 3.999999999999949818 ) ) ;
#2233 = DIRECTION ( 'NONE',  ( -1.000000000000000000, 0.000000000000000000, 0.000000000000000000 ) ) ;
#2234 = ADVANCED_FACE ( 'NONE', ( #6181 ), #6090, .F. ) ;
#2235 = CARTESIAN_POINT ( 'NONE',  ( -3.926142383201723263, -5.950939200062713930, -19.57097765073986295 ) ) ;
#2236 = VECTOR ( 'NONE', #8184, 1000.000000000000000 ) ;
#2237 = CARTESIAN_POINT ( 'NONE',  ( -3.925928322759019373, -6.001078841409029252, -19.57085013206744861 ) ) ;
#2238 = CARTESIAN_POINT ( 'NONE',  ( -7.870716660922478347, 1.016101192840184186, -20.14999999999999858 ) ) ;
#2239 = CARTESIAN_POINT ( 'NONE',  ( -1.688143834696611778, 5.653079883399032113, -20.15000000000001634 ) ) ;
#2240 = VERTEX_POINT ( 'NONE', #5498 ) ;
#2241 = VECTOR ( 'NONE', #6088, 1000.000000000000000 ) ;
#2242 = CARTESIAN_POINT ( 'NONE',  ( 10.47195035744979741, 7.054342610748336462, -6.295470266795011760 ) ) ;
#2243 = VERTEX_POINT ( 'NONE', #4761 ) ;
#2244 = FACE_OUTER_BOUND ( 'NONE', #3317, .T. ) ;
#2245 = CARTESIAN_POINT ( 'NONE',  ( 8.932260943101393735, 15.62737068237473181, 0.000000000000000000 ) ) ;
#2246 = CARTESIAN_POINT ( 'NONE',  ( -14.28941916244309951, 8.250000000000220268, 2.200000000000000178 ) ) ;
#2247 = CIRCLE ( 'NONE', #4750, 0.9999999999999804601 ) ;
#2248 = CARTESIAN_POINT ( 'NONE',  ( -5.210905341380573930, -2.068733840917510669, -19.57563233145223336 ) ) ;
#2249 = CARTESIAN_POINT ( 'NONE',  ( 6.437260549481460536, 15.19248750593824937, -1.000000000000011324 ) ) ;
#2250 = AXIS2_PLACEMENT_3D ( 'NONE', #2941, #5752, #2116 ) ;
#2251 = CIRCLE ( 'NONE', #6220, 1.324999999999985967 ) ;
#2252 = ORIENTED_EDGE ( 'NONE', *, *, #1643, .F. ) ;
#2253 = FACE_OUTER_BOUND ( 'NONE', #580, .T. ) ;
#2254 = CARTESIAN_POINT ( 'NONE',  ( 2.857480745767551067, -8.839346018734540067, -20.15000000000000924 ) ) ;
#2255 = CARTESIAN_POINT ( 'NONE',  ( 6.150759381324037989, 6.803902260313587469, -19.56101286544083706 ) ) ;
#2256 = CARTESIAN_POINT ( 'NONE',  ( -16.74173180120750004, -2.952019020338040090, 2.000000000000000000 ) ) ;
#2257 = AXIS2_PLACEMENT_3D ( 'NONE', #3163, #3779, #2989 ) ;
#2258 = AXIS2_PLACEMENT_3D ( 'NONE', #8690, #366, #2357 ) ;
#2259 = FACE_OUTER_BOUND ( 'NONE', #3105, .T. ) ;
#2260 = ORIENTED_EDGE ( 'NONE', *, *, #1308, .F. ) ;
#2261 = CARTESIAN_POINT ( 'NONE',  ( 1.703562137455499448, -9.530276850239289388, -19.55781531636070625 ) ) ;
#2262 = B_SPLINE_CURVE_WITH_KNOTS ( 'NONE', 3,
 ( #4048, #6853, #522, #5472, #1966, #7366, #6946, #4091, #7640, #1316, #5658, #8479, #2740, #1405, #7689 ),
 .UNSPECIFIED., .F., .F.,
 ( 4, 1, 1, 1, 1, 1, 1, 1, 1, 1, 1, 1, 4 ),
 ( 0.000000000000000000, 0.01601626675554588056, 0.03192780801359767356, 0.06363094738048385990, 0.1266412901590553697, 0.2518196906721151263, 0.5000670371423397986, 0.6197773526599748006, 0.7488939639509588631, 0.8045151366254945646, 0.8734867600884840266, 0.9366072989304903285, 1.000000000000000000 ),
 .UNSPECIFIED. ) ;
#2263 = VECTOR ( 'NONE', #2838, 1000.000000000000000 ) ;
#2264 = ORIENTED_EDGE ( 'NONE', *, *, #5836, .F. ) ;
#2265 = CARTESIAN_POINT ( 'NONE',  ( 8.932260943101395512, 15.62737068237473537, 0.000000000000000000 ) ) ;
#2266 = CARTESIAN_POINT ( 'NONE',  ( 6.744891275521416318, 0.04524990842621438858, -20.15000000000000568 ) ) ;
#2267 = CARTESIAN_POINT ( 'NONE',  ( -7.919806651993680724, 5.818605738726031262, -19.55684148959000268 ) ) ;
#2268 = EDGE_CURVE ( 'NONE', #5991, #3752, #2032, .T. ) ;
#2269 = CARTESIAN_POINT ( 'NONE',  ( 3.672108048166238259, 6.652292183240776424, -12.76296664562477368 ) ) ;
#2270 = CARTESIAN_POINT ( 'NONE',  ( 3.525919966416256823, 5.883183188748301262, -20.15000000000001279 ) ) ;
#2271 = ORIENTED_EDGE ( 'NONE', *, *, #2475, .F. ) ;
#2272 = CARTESIAN_POINT ( 'NONE',  ( 4.104241719907870234, 11.27631144943090113, 0.000000000000000000 ) ) ;
#2273 = VERTEX_POINT ( 'NONE', #5404 ) ;
#2274 = EDGE_LOOP ( 'NONE', ( #8192, #3992, #9040, #4842 ) ) ;
#2275 = CARTESIAN_POINT ( 'NONE',  ( 0.000000000000000000, 0.000000000000000000, -12.00000000000000000 ) ) ;
#2276 = EDGE_CURVE ( 'NONE', #3603, #9097, #2047, .T. ) ;
#2277 = DIRECTION ( 'NONE',  ( -1.000000000000000000, 0.000000000000000000, 0.000000000000000000 ) ) ;
#2278 = DIRECTION ( 'NONE',  ( -0.000000000000000000, -0.000000000000000000, -1.000000000000000000 ) ) ;
#2279 = CARTESIAN_POINT ( 'NONE',  ( -5.493135115162033344, -0.8898010848372096548, -20.14999999999998437 ) ) ;
#2280 = CARTESIAN_POINT ( 'NONE',  ( -12.83577528370233445, 5.622057453199645671, -11.90088241503187483 ) ) ;
#2281 = CARTESIAN_POINT ( 'NONE',  ( -7.664062876718127804, 0.7635088329953995112, -20.14999999999998792 ) ) ;
#2282 = EDGE_CURVE ( 'NONE', #2071, #4294, #3703, .T. ) ;
#2283 = CARTESIAN_POINT ( 'NONE',  ( -6.226357832181170338, 6.894323926026891591, -20.15000000000007674 ) ) ;
#2284 = ADVANCED_FACE ( 'NONE', ( #3977 ), #6784, .F. ) ;
#2285 = ORIENTED_EDGE ( 'NONE', *, *, #5654, .F. ) ;
#2286 = DIRECTION ( 'NONE',  ( -0.000000000000000000, -0.000000000000000000, -1.000000000000000000 ) ) ;
#2287 = ORIENTED_EDGE ( 'NONE', *, *, #2781, .F. ) ;
#2288 = FACE_OUTER_BOUND ( 'NONE', #2937, .T. ) ;
#2289 = CARTESIAN_POINT ( 'NONE',  ( 3.601228545378317492, -7.557524971892872756, -19.56546534050317376 ) ) ;
#2290 = CARTESIAN_POINT ( 'NONE',  ( -2.992491140655779702, -7.475214139024759064, -20.15000000000000213 ) ) ;
#2291 = CARTESIAN_POINT ( 'NONE',  ( 1.936478072076485812, 5.813176247774981320, -19.57404112384000783 ) ) ;
#2292 = ADVANCED_FACE ( 'NONE', ( #546 ), #7614, .T. ) ;
#2293 = DIRECTION ( 'NONE',  ( 0.000000000000000000, 0.000000000000000000, 1.000000000000000000 ) ) ;
#2294 = ORIENTED_EDGE ( 'NONE', *, *, #3925, .F. ) ;
#2295 = LINE ( 'NONE', #8021, #8972 ) ;
#2296 = CARTESIAN_POINT ( 'NONE',  ( 4.055294642910032721, -4.288965480209411929, -12.75108592438962063 ) ) ;
#2297 = CARTESIAN_POINT ( 'NONE',  ( 8.842609137916076278, 1.556385275889172304, -19.56215378044821662 ) ) ;
#2298 = APPLICATION_PROTOCOL_DEFINITION ( 'draft international standard', 'automotive_design', 1998, #314 ) ;
#2299 = CARTESIAN_POINT ( 'NONE',  ( -16.54558928380839333, -1.954596686535298611, -0.8395863710185003104 ) ) ;
#2300 = ADVANCED_FACE ( 'NONE', ( #6739 ), #596, .F. ) ;
#2301 = AXIS2_PLACEMENT_3D ( 'NONE', #4520, #4432, #315 ) ;
#2302 = EDGE_LOOP ( 'NONE', ( #8214, #4310, #3363, #8351 ) ) ;
#2303 = CARTESIAN_POINT ( 'NONE',  ( 1.377785700049647399, -9.669840615911336812, -19.55724362431934082 ) ) ;
#2304 = ORIENTED_EDGE ( 'NONE', *, *, #4244, .T. ) ;
#2305 = CARTESIAN_POINT ( 'NONE',  ( 6.156362579861809792, 16.91446717414639878, 0.000000000000000000 ) ) ;
#2306 =( LENGTH_UNIT ( ) NAMED_UNIT ( * ) SI_UNIT ( .MILLI., .METRE. ) );
#2307 = CARTESIAN_POINT ( 'NONE',  ( -6.148275140985971277, 6.804513904330836915, -19.56102017223216194 ) ) ;
#2308 = CARTESIAN_POINT ( 'NONE',  ( -2.252380590526644522, 6.748301881068473840, -13.13741828360688757 ) ) ;
#2309 = CARTESIAN_POINT ( 'NONE',  ( 3.154466367069886257, 5.682191705612110511, -20.15000000000000568 ) ) ;
#2310 = VERTEX_POINT ( 'NONE', #7759 ) ;
#2311 = FACE_OUTER_BOUND ( 'NONE', #28, .T. ) ;
#2312 = EDGE_LOOP ( 'NONE', ( #3365, #1563 ) ) ;
#2313 = ORIENTED_EDGE ( 'NONE', *, *, #231, .T. ) ;
#2314 = LINE ( 'NONE', #2355, #6044 ) ;
#2315 = EDGE_CURVE ( 'NONE', #9056, #5043, #2125, .T. ) ;
#2316 = LINE ( 'NONE', #969, #2520 ) ;
#2317 = CARTESIAN_POINT ( 'NONE',  ( -2.620126338115370445E-13, -16.50000000000000000, -3.000000000000000888 ) ) ;
#2318 = AXIS2_PLACEMENT_3D ( 'NONE', #7917, #5186, #3016 ) ;
#2319 = CARTESIAN_POINT ( 'NONE',  ( -3.569928488570798475, -4.093698870928865752, -20.14999999999999147 ) ) ;
#2320 = CARTESIAN_POINT ( 'NONE',  ( 5.552152134086366431, -1.669703073230132784, -19.57504973411694493 ) ) ;
#2321 = CARTESIAN_POINT ( 'NONE',  ( -8.157533388952485254, 1.479928960591881504, -20.14999999999999503 ) ) ;
#2322 = CARTESIAN_POINT ( 'NONE',  ( -3.672108048166250249, 6.652292183240691159, -20.14999999999999858 ) ) ;
#2323 = ORIENTED_EDGE ( 'NONE', *, *, #2840, .F. ) ;
#2324 = CARTESIAN_POINT ( 'NONE',  ( 5.494889890098647811, -0.8871653382133772858, -20.14999999999999503 ) ) ;
#2325 = FACE_OUTER_BOUND ( 'NONE', #3947, .T. ) ;
#2326 = EDGE_CURVE ( 'NONE', #6743, #3860, #45, .T. ) ;
#2327 = ORIENTED_EDGE ( 'NONE', *, *, #5136, .T. ) ;
#2328 = DIRECTION ( 'NONE',  ( 0.000000000000000000, 0.000000000000000000, 1.000000000000000000 ) ) ;
#2329 = DIRECTION ( 'NONE',  ( -1.000000000000000000, 0.000000000000000000, 0.000000000000000000 ) ) ;
#2330 = DIRECTION ( 'NONE',  ( -1.000000000000000000, 0.000000000000000000, 0.000000000000000000 ) ) ;
#2331 = CARTESIAN_POINT ( 'NONE',  ( -4.966850014499946120, -2.403065590636940918, -19.57591076988021683 ) ) ;
#2332 = AXIS2_PLACEMENT_3D ( 'NONE', #5144, #6006, #7268 ) ;
#2333 = CARTESIAN_POINT ( 'NONE',  ( 1.126626052158934632, -19.96830610599735678, -11.50440859004483052 ) ) ;
#2334 = EDGE_CURVE ( 'NONE', #340, #777, #2921, .T. ) ;
#2335 = EDGE_LOOP ( 'NONE', ( #5774, #7363, #1250, #4222 ) ) ;
#2336 = VECTOR ( 'NONE', #1743, 1000.000000000000000 ) ;
#2337 = CYLINDRICAL_SURFACE ( 'NONE', #5147, 10.00000000000000355 ) ;
#2338 = EDGE_CURVE ( 'NONE', #8080, #6059, #120, .T. ) ;
#2339 = CARTESIAN_POINT ( 'NONE',  ( 3.924999999999962519, -6.506284946773680744, -20.14999999999999858 ) ) ;
#2340 = CARTESIAN_POINT ( 'NONE',  ( 8.655624633498510079, 4.845340993559736908, -19.55622232128723326 ) ) ;
#2341 = AXIS2_PLACEMENT_3D ( 'NONE', #8181, #8227, #3896 ) ;
#2342 = DIRECTION ( 'NONE',  ( 0.000000000000000000, 0.000000000000000000, 1.000000000000000000 ) ) ;
#2343 = VERTEX_POINT ( 'NONE', #3606 ) ;
#2344 = CARTESIAN_POINT ( 'NONE',  ( -1.905513187932003527, -9.426027564459872110, -19.55823811556892622 ) ) ;
#2345 = ORIENTED_EDGE ( 'NONE', *, *, #9053, .F. ) ;
#2346 = CARTESIAN_POINT ( 'NONE',  ( 15.55409312057480342, 4.986474332929847542, 0.000000000000000000 ) ) ;
#2347 = AXIS2_PLACEMENT_3D ( 'NONE', #144, #189, #2960 ) ;
#2348 = CARTESIAN_POINT ( 'NONE',  ( 0.000000000000000000, 0.000000000000000000, 0.000000000000000000 ) ) ;
#2349 = FACE_OUTER_BOUND ( 'NONE', #8036, .T. ) ;
#2350 = CARTESIAN_POINT ( 'NONE',  ( -1.739129069125206817, -19.92461186850201571, -11.97420495944582619 ) ) ;
#2351 = ORIENTED_EDGE ( 'NONE', *, *, #8539, .F. ) ;
#2352 = DIRECTION ( 'NONE',  ( 0.000000000000000000, 0.000000000000000000, 1.000000000000000000 ) ) ;
#2353 = VERTEX_POINT ( 'NONE', #5582 ) ;
#2354 = ORIENTED_EDGE ( 'NONE', *, *, #5548, .T. ) ;
#2355 = CARTESIAN_POINT ( 'NONE',  ( 17.28941916244339794, 8.249999999999779732, -3.000000000000000888 ) ) ;
#2356 = CARTESIAN_POINT ( 'NONE',  ( 0.000000000000000000, 0.000000000000000000, 0.000000000000000000 ) ) ;
#2357 = DIRECTION ( 'NONE',  ( 1.000000000000000000, 0.000000000000000000, 0.000000000000000000 ) ) ;
#2358 = CARTESIAN_POINT ( 'NONE',  ( -3.334977572247828093, -5.786261107578204665, -20.14999999999998792 ) ) ;
#2359 = CARTESIAN_POINT ( 'NONE',  ( 4.204756106550584072, -4.033327916299114690, -19.57496171580203281 ) ) ;
#2360 = CARTESIAN_POINT ( 'NONE',  ( -7.545505214289379481, 5.353757234918595564, -20.14999999999998792 ) ) ;
#2361 = CARTESIAN_POINT ( 'NONE',  ( 9.190767092226076684, 3.522062816357692139, -12.70582745357872057 ) ) ;
#2362 = AXIS2_PLACEMENT_3D ( 'NONE', #5, #9115, #8563 ) ;
#2363 = ORIENTED_EDGE ( 'NONE', *, *, #8696, .T. ) ;
#2364 = CARTESIAN_POINT ( 'NONE',  ( 3.332468327331549407, -5.684223310809337626, -20.15000000000000213 ) ) ;
#2365 = DIRECTION ( 'NONE',  ( 1.000000000000000000, 0.000000000000000000, 0.000000000000000000 ) ) ;
#2366 = CIRCLE ( 'NONE', #4293, 16.50000000000000355 ) ;
#2367 = CARTESIAN_POINT ( 'NONE',  ( 14.28941916244338017, 8.249999999999765521, 0.000000000000000000 ) ) ;
#2368 = ORIENTED_EDGE ( 'NONE', *, *, #2430, .T. ) ;
#2369 = CARTESIAN_POINT ( 'NONE',  ( 3.458633112650582930, -15.96347694171160825, 0.000000000000000000 ) ) ;
#2370 = CARTESIAN_POINT ( 'NONE',  ( -10.37980587344738836, 7.398371026776374038, -11.63624580883335824 ) ) ;
#2371 = DIRECTION ( 'NONE',  ( -1.000000000000000000, 0.000000000000000000, 0.000000000000000000 ) ) ;
#2372 = CARTESIAN_POINT ( 'NONE',  ( -7.065616023491227082, -0.4546061689691232588, -19.57112603777023807 ) ) ;
#2373 = ADVANCED_FACE ( 'NONE', ( #7664 ), #1335, .F. ) ;
#2374 = ADVANCED_FACE ( 'NONE', ( #4945 ), #7015, .F. ) ;
#2375 = CARTESIAN_POINT ( 'NONE',  ( -10.44251995153028467, 7.152727177572284489, -6.535729740641971652 ) ) ;
#2376 = VERTEX_POINT ( 'NONE', #2810 ) ;
#2377 = CARTESIAN_POINT ( 'NONE',  ( -10.82531754730537799, 6.250000000000190070, -5.800000000000000711 ) ) ;
#2378 = AXIS2_PLACEMENT_3D ( 'NONE', #6602, #7211, #276 ) ;
#2379 = CARTESIAN_POINT ( 'NONE',  ( -16.74173180120750004, -2.952019020338040090, 0.000000000000000000 ) ) ;
#2380 = DIRECTION ( 'NONE',  ( 0.000000000000000000, 0.000000000000000000, -1.000000000000000000 ) ) ;
#2381 = CARTESIAN_POINT ( 'NONE',  ( 0.3915130680000621921, -7.099999999999798916, -13.19999995247171576 ) ) ;
#2382 = CARTESIAN_POINT ( 'NONE',  ( 8.864683201833202020, 4.379109503651918089, -19.55643779762909418 ) ) ;
#2383 = EDGE_CURVE ( 'NONE', #3514, #3124, #8501, .T. ) ;
#2384 = AXIS2_PLACEMENT_3D ( 'NONE', #8725, #5984, #5850 ) ;
#2385 = AXIS2_PLACEMENT_3D ( 'NONE', #8453, #5718, #2167 ) ;
#2386 = EDGE_CURVE ( 'NONE', #3353, #6225, #3807, .T. ) ;
#2387 = DIRECTION ( 'NONE',  ( 0.000000000000000000, 0.000000000000000000, 1.000000000000000000 ) ) ;
#2388 = ORIENTED_EDGE ( 'NONE', *, *, #3685, .F. ) ;
#2389 = CARTESIAN_POINT ( 'NONE',  ( 1.437698886064949999, -9.646874094838944202, -19.55733779339226075 ) ) ;
#2390 = ORIENTED_EDGE ( 'NONE', *, *, #8890, .T. ) ;
#2391 = CIRCLE ( 'NONE', #6810, 3.499999999999999556 ) ;
#2392 = CARTESIAN_POINT ( 'NONE',  ( -5.130302149884849783, 14.09538931178869881, 3.999999999999949818 ) ) ;
#2393 = FACE_OUTER_BOUND ( 'NONE', #912, .T. ) ;
#2394 = DIRECTION ( 'NONE',  ( 0.000000000000000000, 0.000000000000000000, 1.000000000000000000 ) ) ;
#2395 = CARTESIAN_POINT ( 'NONE',  ( -1.000000000000218714, -19.97498435543816697, -11.00000000000000000 ) ) ;
#2396 = ORIENTED_EDGE ( 'NONE', *, *, #4184, .T. ) ;
#2397 = CARTESIAN_POINT ( 'NONE',  ( -3.673697787944562254, 7.169654424227618783, 2.000000000000000000 ) ) ;
#2398 = AXIS2_PLACEMENT_3D ( 'NONE', #5657, #7785, #894 ) ;
#2399 = ORIENTED_EDGE ( 'NONE', *, *, #844, .T. ) ;
#2400 = ORIENTED_EDGE ( 'NONE', *, *, #4859, .F. ) ;
#2401 = LINE ( 'NONE', #5223, #6937 ) ;
#2402 = CARTESIAN_POINT ( 'NONE',  ( -14.32435137758112376, 2.250101689166502439, -1.000000000000011324 ) ) ;
#2403 = DIRECTION ( 'NONE',  ( -0.8660254037844413721, -0.4999999999999952260, 0.000000000000000000 ) ) ;
#2404 = CARTESIAN_POINT ( 'NONE',  ( -3.332688141583407759, -5.902728179717635193, -20.15000000000000568 ) ) ;
#2405 = DIRECTION ( 'NONE',  ( 0.9848077530122055778, -0.1736481776669449861, 0.000000000000000000 ) ) ;
#2406 = CARTESIAN_POINT ( 'NONE',  ( -6.263707889996902090, 6.152873318074874476, -20.14999999999999858 ) ) ;
#2407 = CARTESIAN_POINT ( 'NONE',  ( 7.129584630170822557, 0.2063761487537487394, 0.000000000000000000 ) ) ;
#2408 = ORIENTED_EDGE ( 'NONE', *, *, #5530, .F. ) ;
#2409 = CARTESIAN_POINT ( 'NONE',  ( 1.178669125964988342E-28, 6.268901968980452702E-29, 0.000000000000000000 ) ) ;
#2410 = DIRECTION ( 'NONE',  ( -0.000000000000000000, -0.000000000000000000, -1.000000000000000000 ) ) ;
#2411 = CARTESIAN_POINT ( 'NONE',  ( -2.620126338115370445E-13, -16.50000000000000000, 4.000000000000000000 ) ) ;
#2412 = ADVANCED_FACE ( 'NONE', ( #6411 ), #6158, .F. ) ;
#2413 = EDGE_LOOP ( 'NONE', ( #2313, #6530, #7061, #509, #3213 ) ) ;
#2414 = CARTESIAN_POINT ( 'NONE',  ( 4.446261863233529787, 12.21600407021689882, 3.999999999999949818 ) ) ;
#2415 = DIRECTION ( 'NONE',  ( -0.6427876096865502431, -0.7660444431189690206, 0.000000000000000000 ) ) ;
#2416 = CARTESIAN_POINT ( 'NONE',  ( 1.178669125964988342E-28, 6.268901968980452702E-29, 0.000000000000000000 ) ) ;
#2417 = CARTESIAN_POINT ( 'NONE',  ( 3.212213428144444993, 6.387923673216740816, -19.57091495484059962 ) ) ;
#2418 = ORIENTED_EDGE ( 'NONE', *, *, #4795, .F. ) ;
#2419 = CARTESIAN_POINT ( 'NONE',  ( 1.178669125964988342E-28, 6.268901968980452702E-29, -12.00000000000000000 ) ) ;
#2420 = VERTEX_POINT ( 'NONE', #7064 ) ;
#2421 = EDGE_CURVE ( 'NONE', #7844, #2855, #3558, .T. ) ;
#2422 = CARTESIAN_POINT ( 'NONE',  ( 1.525703549167467310, 5.080978360306541930, -20.15000000000000213 ) ) ;
#2423 = CARTESIAN_POINT ( 'NONE',  ( -5.472322293210499566, 15.03508193257459880, 3.999999999999949818 ) ) ;
#2424 = CARTESIAN_POINT ( 'NONE',  ( 15.88941916244340113, 8.249999999999779732, 2.200000000000000178 ) ) ;
#2425 = CARTESIAN_POINT ( 'NONE',  ( 3.386065327529324431, -6.277589482535963050, 0.000000000000000000 ) ) ;
#2426 = CARTESIAN_POINT ( 'NONE',  ( 7.878598996983770419, 0.1327402621153401241, -19.56787158879671296 ) ) ;
#2427 = CARTESIAN_POINT ( 'NONE',  ( 8.381765381996736153, 2.032368971657088075, -20.14999999999999858 ) ) ;
#2428 = ORIENTED_EDGE ( 'NONE', *, *, #7698, .T. ) ;
#2429 = CARTESIAN_POINT ( 'NONE',  ( 1.819138260738093926, -9.472181497133744799, -19.55805132308978145 ) ) ;
#2430 = EDGE_CURVE ( 'NONE', #5578, #3895, #1149, .T. ) ;
#2431 = ORIENTED_EDGE ( 'NONE', *, *, #3175, .T. ) ;
#2432 = CARTESIAN_POINT ( 'NONE',  ( 1.999999999999770184, -21.18131433805522690, -11.00000000000000000 ) ) ;
#2433 = CARTESIAN_POINT ( 'NONE',  ( 8.485647895946325292, 14.84600214825599984, 4.000000000000000000 ) ) ;
#2434 = CARTESIAN_POINT ( 'NONE',  ( -5.513738422931950822, 6.909624794755306887, -19.56294527156322971 ) ) ;
#2435 = DIRECTION ( 'NONE',  ( 1.070456387316969975E-15, 1.275720283906310125E-15, -1.000000000000000000 ) ) ;
#2436 = CARTESIAN_POINT ( 'NONE',  ( -3.292333160416258675, 5.753694269297028541, -20.14999999999999503 ) ) ;
#2437 = CIRCLE ( 'NONE', #2460, 1.999999999999999556 ) ;
#2438 = CARTESIAN_POINT ( 'NONE',  ( -2.045585922871851935E-13, -13.00000000000000533, -0.4999999999999967804 ) ) ;
#2439 = DIRECTION ( 'NONE',  ( -1.640034367644439988E-15, 2.891822831066509775E-16, -1.000000000000000000 ) ) ;
#2440 = ORIENTED_EDGE ( 'NONE', *, *, #3909, .F. ) ;
#2441 = ORIENTED_EDGE ( 'NONE', *, *, #5380, .F. ) ;
#2442 = CARTESIAN_POINT ( 'NONE',  ( -19.34355630229912038, 8.858606361458933875, -11.00000000000000000 ) ) ;
#2443 = CARTESIAN_POINT ( 'NONE',  ( 0.000000000000000000, 0.000000000000000000, -12.00000000000000000 ) ) ;
#2444 = DIRECTION ( 'NONE',  ( -0.8660254037844413721, -0.4999999999999952260, -0.000000000000000000 ) ) ;
#2445 = CARTESIAN_POINT ( 'NONE',  ( -3.336677720216068899, -5.728124383225022598, -20.15000000000000568 ) ) ;
#2446 = CARTESIAN_POINT ( 'NONE',  ( 4.829618827925004965, -2.623878107180356523, -19.57596574586328586 ) ) ;
#2447 = AXIS2_PLACEMENT_3D ( 'NONE', #1842, #7559, #4657 ) ;
#2448 = ADVANCED_FACE ( 'NONE', ( #6365 ), #2860, .F. ) ;
#2449 = CARTESIAN_POINT ( 'NONE',  ( -7.621589040952429173, 5.275096220272664560, -20.15000000000000213 ) ) ;
#2450 = AXIS2_PLACEMENT_3D ( 'NONE', #2069, #8307, #6223 ) ;
#2451 = CARTESIAN_POINT ( 'NONE',  ( 6.187618932840011965, -3.572423456518109219, 0.000000000000000000 ) ) ;
#2452 = ORIENTED_EDGE ( 'NONE', *, *, #5818, .F. ) ;
#2453 = DIRECTION ( 'NONE',  ( -1.000000000000000000, 0.000000000000000000, 0.000000000000000000 ) ) ;
#2454 = CARTESIAN_POINT ( 'NONE',  ( 10.92738936467129918, -13.02275553302249911, 3.999999999999949818 ) ) ;
#2455 = VECTOR ( 'NONE', #5146, 1000.000000000000000 ) ;
#2456 = DIRECTION ( 'NONE',  ( -0.000000000000000000, -0.000000000000000000, 1.000000000000000000 ) ) ;
#2457 = CARTESIAN_POINT ( 'NONE',  ( 3.429554882293183393, -15.77602753237544420, -0.1350225676813852360 ) ) ;
#2458 = FACE_OUTER_BOUND ( 'NONE', #2335, .T. ) ;
#2459 = DIRECTION ( 'NONE',  ( -0.6103036565715715955, -0.3571126527797195971, 0.7071067811865479058 ) ) ;
#2460 = AXIS2_PLACEMENT_3D ( 'NONE', #1832, #6066, #8941 ) ;
#2461 = ORIENTED_EDGE ( 'NONE', *, *, #5932, .T. ) ;
#2462 = CYLINDRICAL_SURFACE ( 'NONE', #3982, 1.000000000000000000 ) ;
#2463 = VERTEX_POINT ( 'NONE', #2077 ) ;
#2464 = CARTESIAN_POINT ( 'NONE',  ( 1.754665779816072524, 5.139233073460456325, -20.14999999999999858 ) ) ;
#2465 = DIRECTION ( 'NONE',  ( 1.000000000000000000, 0.000000000000000000, 0.000000000000000000 ) ) ;
#2466 = CARTESIAN_POINT ( 'NONE',  ( -0.9734711219027536444, -13.66184082376413045, -6.536423737521518618 ) ) ;
#2467 = CARTESIAN_POINT ( 'NONE',  ( -5.953023832869288157, 3.889060262801577572, -13.20000004752828104 ) ) ;
#2468 = CIRCLE ( 'NONE', #3205, 1.599999999999998979 ) ;
#2469 = CARTESIAN_POINT ( 'NONE',  ( 8.456786996438601989, 5.174568822341416130, -19.55625403058308009 ) ) ;
#2470 = EDGE_CURVE ( 'NONE', #5143, #8180, #558, .T. ) ;
#2471 = CYLINDRICAL_SURFACE ( 'NONE', #6721, 3.000000000000000444 ) ;
#2472 = VECTOR ( 'NONE', #8677, 1000.000000000000000 ) ;
#2473 = ORIENTED_EDGE ( 'NONE', *, *, #14, .T. ) ;
#2474 = FACE_OUTER_BOUND ( 'NONE', #4247, .T. ) ;
#2475 = EDGE_CURVE ( 'NONE', #8734, #4605, #9099, .T. ) ;
#2476 = ORIENTED_EDGE ( 'NONE', *, *, #3869, .T. ) ;
#2477 = DIRECTION ( 'NONE',  ( -1.000000000000000000, 0.000000000000000000, 0.000000000000000000 ) ) ;
#2478 = CARTESIAN_POINT ( 'NONE',  ( 2.702237843709350096E-15, -2.109423746787799951E-14, 3.999999999999949818 ) ) ;
#2479 = B_SPLINE_CURVE_WITH_KNOTS ( 'NONE', 3,
 ( #1791, #1880, #4788, #8166 ),
 .UNSPECIFIED., .F., .F.,
 ( 4, 4 ),
 ( 0.000000000000000000, 0.0006921188867400806990 ),
 .UNSPECIFIED. ) ;
#2480 = CARTESIAN_POINT ( 'NONE',  ( 7.070663706552050343, -8.426488874308670773, 0.000000000000000000 ) ) ;
#2481 = CARTESIAN_POINT ( 'NONE',  ( -3.460414991848489663, 6.523175534753826277, -19.57001582268135564 ) ) ;
#2482 = CARTESIAN_POINT ( 'NONE',  ( -14.28941916244309951, 8.250000000000220268, 0.000000000000000000 ) ) ;
#2483 = VECTOR ( 'NONE', #5638, 1000.000000000000000 ) ;
#2484 = CARTESIAN_POINT ( 'NONE',  ( -3.462507072902051064, 5.847075988788545509, -20.14999999999999858 ) ) ;
#2485 = EDGE_CURVE ( 'NONE', #3479, #2557, #2930, .T. ) ;
#2486 = ORIENTED_EDGE ( 'NONE', *, *, #3757, .T. ) ;
#2487 = DIRECTION ( 'NONE',  ( 0.8660254037844414832, 0.4999999999999950595, -0.000000000000000000 ) ) ;
#2488 = ORIENTED_EDGE ( 'NONE', *, *, #3529, .T. ) ;
#2489 = ADVANCED_FACE ( 'NONE', ( #7985 ), #6503, .F. ) ;
#2490 = VERTEX_POINT ( 'NONE', #2346 ) ;
#2491 = CARTESIAN_POINT ( 'NONE',  ( 3.326177469739749260, -6.218593961287620431, -20.14999999999999503 ) ) ;
#2492 = CIRCLE ( 'NONE', #6020, 3.500000000000000000 ) ;
#2493 = CARTESIAN_POINT ( 'NONE',  ( 0.000000000000000000, 0.000000000000000000, -1.000000000000011324 ) ) ;
#2494 = CARTESIAN_POINT ( 'NONE',  ( -17.99983047684337478, -0.07812045123001278013, 0.000000000000000000 ) ) ;
#2495 = CARTESIAN_POINT ( 'NONE',  ( -3.332462710071271150, -5.922166573601836959, -20.15000000000003411 ) ) ;
#2496 = DIRECTION ( 'NONE',  ( 0.000000000000000000, 0.000000000000000000, -1.000000000000000000 ) ) ;
#2497 = CARTESIAN_POINT ( 'NONE',  ( -3.721915300668351634, 5.989581027367822053, -20.14999999999999858 ) ) ;
#2498 = CARTESIAN_POINT ( 'NONE',  ( 4.684794023754261794, -2.704637568157008509, -12.74094778141395601 ) ) ;
#2499 = ADVANCED_FACE ( 'NONE', ( #3695 ), #4428, .F. ) ;
#2500 = ORIENTED_EDGE ( 'NONE', *, *, #7400, .F. ) ;
#2501 = CARTESIAN_POINT ( 'NONE',  ( 5.814342436536150238, 15.97477455336050056, 2.000000000000000000 ) ) ;
#2502 = EDGE_CURVE ( 'NONE', #4525, #2343, #3127, .T. ) ;
#2503 = CARTESIAN_POINT ( 'NONE',  ( -4.336359580130367597, 6.048184715067491446, 4.000000000000000000 ) ) ;
#2504 = CARTESIAN_POINT ( 'NONE',  ( -11.33992941965992607, 7.701811841411535298, -6.800000000000000711 ) ) ;
#2505 = DIRECTION ( 'NONE',  ( 0.000000000000000000, 0.000000000000000000, -1.000000000000000000 ) ) ;
#2506 = FACE_OUTER_BOUND ( 'NONE', #2817, .T. ) ;
#2507 = VECTOR ( 'NONE', #2410, 1000.000000000000000 ) ;
#2508 = CARTESIAN_POINT ( 'NONE',  ( -7.713451316238590927, -9.192533317427610484, 0.000000000000000000 ) ) ;
#2509 = DIRECTION ( 'NONE',  ( -0.000000000000000000, -0.000000000000000000, 1.000000000000000000 ) ) ;
#2510 = B_SPLINE_CURVE_WITH_KNOTS ( 'NONE', 3,
 ( #1350, #2733, #8420, #7586, #1256, #6104, #2780, #472, #4864, #7631, #5553, #4084 ),
 .UNSPECIFIED., .F., .F.,
 ( 4, 2, 2, 2, 2, 4 ),
 ( 0.000000000000000000, 0.0002139270937463372312, 0.0004278541874926744624, 0.0008557083749853527195, 0.001283562562478030977, 0.001711416749970709342 ),
 .UNSPECIFIED. ) ;
#2511 = ORIENTED_EDGE ( 'NONE', *, *, #6207, .F. ) ;
#2512 = LINE ( 'NONE', #2050, #3689 ) ;
#2513 = ORIENTED_EDGE ( 'NONE', *, *, #8368, .F. ) ;
#2514 = CARTESIAN_POINT ( 'NONE',  ( 1.069888025238134199, 4.988150820439646083, -20.15000000000000213 ) ) ;
#2515 = CARTESIAN_POINT ( 'NONE',  ( 0.000000000000000000, 0.000000000000000000, 0.000000000000000000 ) ) ;
#2516 = DIRECTION ( 'NONE',  ( -0.000000000000000000, -0.000000000000000000, -1.000000000000000000 ) ) ;
#2517 = CARTESIAN_POINT ( 'NONE',  ( -7.597108048166302474, -0.1460072364671464729, -20.14999999999999858 ) ) ;
#2518 = CYLINDRICAL_SURFACE ( 'NONE', #8955, 10.00000000000000000 ) ;
#2519 = CARTESIAN_POINT ( 'NONE',  ( 20.00000000000000000, 0.000000000000000000, 4.000000000000000000 ) ) ;
#2520 = VECTOR ( 'NONE', #5904, 1000.000000000000000 ) ;
#2521 = ORIENTED_EDGE ( 'NONE', *, *, #4268, .T. ) ;
#2522 = CARTESIAN_POINT ( 'NONE',  ( -3.893364939838090066, -6.513070549482806726, -19.56916557382044886 ) ) ;
#2523 = ORIENTED_EDGE ( 'NONE', *, *, #7458, .T. ) ;
#2524 = CARTESIAN_POINT ( 'NONE',  ( -1.350916986337999504, -7.046119181634056261, 0.000000000000000000 ) ) ;
#2525 = CARTESIAN_POINT ( 'NONE',  ( 3.398928786956270091E-17, -8.940655370504419416E-15, 0.000000000000000000 ) ) ;
#2526 = LINE ( 'NONE', #1976, #7996 ) ;
#2527 = CARTESIAN_POINT ( 'NONE',  ( 7.308189435519889088, 5.569447210716433894, -20.14999999999997371 ) ) ;
#2528 = VECTOR ( 'NONE', #7132, 1000.000000000000000 ) ;
#2529 = AXIS2_PLACEMENT_3D ( 'NONE', #8115, #7553, #3262 ) ;
#2530 = CARTESIAN_POINT ( 'NONE',  ( -3.496356023257404910, 5.866259794493340785, -20.14999999999998792 ) ) ;
#2531 = ORIENTED_EDGE ( 'NONE', *, *, #7087, .F. ) ;
#2532 = ORIENTED_EDGE ( 'NONE', *, *, #1498, .F. ) ;
#2533 = ORIENTED_EDGE ( 'NONE', *, *, #3465, .F. ) ;
#2534 = CARTESIAN_POINT ( 'NONE',  ( 2.429213095941460399, -8.274716083129041166, -20.14999999999996660 ) ) ;
#2535 = AXIS2_PLACEMENT_3D ( 'NONE', #8584, #2159, #2065 ) ;
#2536 = VECTOR ( 'NONE', #4440, 1000.000000000000000 ) ;
#2537 = LINE ( 'NONE', #1101, #8582 ) ;
#2538 = EDGE_CURVE ( 'NONE', #3804, #9125, #2622, .T. ) ;
#2539 = CARTESIAN_POINT ( 'NONE',  ( 12.31823677679041040, 5.987869690463801575, -6.536423737521520394 ) ) ;
#2540 = CARTESIAN_POINT ( 'NONE',  ( 6.989203594652150464, -0.5012230066927191308, -19.57134797863134068 ) ) ;
#2541 = CARTESIAN_POINT ( 'NONE',  ( -8.386548298188742478, 0.7156335137825798887, -19.56523173538626992 ) ) ;
#2542 = CARTESIAN_POINT ( 'NONE',  ( 6.344536900869411689, 3.210939737198189814, 0.000000000000000000 ) ) ;
#2543 = VERTEX_POINT ( 'NONE', #2997 ) ;
#2544 = CARTESIAN_POINT ( 'NONE',  ( 5.210572758505360724, -2.042011749919898644, -19.57570923829811349 ) ) ;
#2545 = EDGE_CURVE ( 'NONE', #5014, #2557, #5892, .T. ) ;
#2546 = ORIENTED_EDGE ( 'NONE', *, *, #5860, .T. ) ;
#2547 = CARTESIAN_POINT ( 'NONE',  ( 0.000000000000000000, 0.000000000000000000, 0.000000000000000000 ) ) ;
#2548 = DIRECTION ( 'NONE',  ( 0.000000000000000000, 0.000000000000000000, 1.000000000000000000 ) ) ;
#2549 = CARTESIAN_POINT ( 'NONE',  ( -3.438663609053638215, -4.689782492688845394, -20.14999999999999503 ) ) ;
#2550 = EDGE_CURVE ( 'NONE', #4072, #2085, #7344, .T. ) ;
#2551 = CARTESIAN_POINT ( 'NONE',  ( 11.10366879252516625, 5.828068054558138478, -5.926760302429320504 ) ) ;
#2552 = CARTESIAN_POINT ( 'NONE',  ( 16.85838575678449658, 10.76238324811832747, -6.276960557762218507 ) ) ;
#2553 = CARTESIAN_POINT ( 'NONE',  ( 6.861381477469353563, 0.1139349101715232127, -20.14999999999999858 ) ) ;
#2554 = ADVANCED_FACE ( 'NONE', ( #8073 ), #5164, .T. ) ;
#2555 = VERTEX_POINT ( 'NONE', #7200 ) ;
#2556 = CARTESIAN_POINT ( 'NONE',  ( -11.28941916244310129, 8.250000000000218492, -11.86602540378445170 ) ) ;
#2557 = VERTEX_POINT ( 'NONE', #5254 ) ;
#2558 = CARTESIAN_POINT ( 'NONE',  ( -11.17340914965810583, 5.740184482849298497, -6.001289497208815327 ) ) ;
#2559 = DIRECTION ( 'NONE',  ( -0.6103036565715596051, 0.3571126527797393591, -0.7071067811865484609 ) ) ;
#2560 = LINE ( 'NONE', #3998, #1902 ) ;
#2561 = CARTESIAN_POINT ( 'NONE',  ( -4.684681853930910300, -2.704831851990263214, -12.74094778141399864 ) ) ;
#2562 = DIRECTION ( 'NONE',  ( -0.6427876096865500211, -0.7660444431189691317, 0.000000000000000000 ) ) ;
#2563 = EDGE_CURVE ( 'NONE', #3449, #7578, #5078, .T. ) ;
#2564 = CARTESIAN_POINT ( 'NONE',  ( 8.292425856470686085, 4.286462294233591486, -20.15000000000000213 ) ) ;
#2565 = ORIENTED_EDGE ( 'NONE', *, *, #231, .F. ) ;
#2566 = CARTESIAN_POINT ( 'NONE',  ( -3.919028230518034839, -6.258395057949599050, -19.57001582268136985 ) ) ;
#2567 = ORIENTED_EDGE ( 'NONE', *, *, #1660, .T. ) ;
#2568 = DIRECTION ( 'NONE',  ( -2.015578990419954926E-15, 1.428734246766171876E-16, 1.000000000000000000 ) ) ;
#2569 = CARTESIAN_POINT ( 'NONE',  ( -3.698268960094868607, 6.636897510201700712, -19.56914588380548992 ) ) ;
#2570 = CARTESIAN_POINT ( 'NONE',  ( 9.912296794784569530E-15, 5.949667257334969512E-16, 2.000000000000000000 ) ) ;
#2571 = CARTESIAN_POINT ( 'NONE',  ( 6.860184682562352698, 5.881829450585565944, -20.15000000000003055 ) ) ;
#2572 = CARTESIAN_POINT ( 'NONE',  ( 0.000000000000000000, 0.000000000000000000, 0.000000000000000000 ) ) ;
#2573 = CARTESIAN_POINT ( 'NONE',  ( -3.393161439169902760, 5.806806144145388870, -20.14999999999999858 ) ) ;
#2574 = ORIENTED_EDGE ( 'NONE', *, *, #7471, .F. ) ;
#2575 = B_SPLINE_CURVE_WITH_KNOTS ( 'NONE', 3,
 ( #3868, #1082, #3159, #5291, #6672, #8107, #433, #345, #4599, #8803 ),
 .UNSPECIFIED., .F., .F.,
 ( 4, 2, 2, 2, 4 ),
 ( 0.000000000000000000, 0.0004252519844131337164, 0.0008505039688262674329, 0.001275755953239401204, 0.001701007937652534866 ),
 .UNSPECIFIED. ) ;
#2576 = VERTEX_POINT ( 'NONE', #2305 ) ;
#2577 = ORIENTED_EDGE ( 'NONE', *, *, #5218, .F. ) ;
#2578 = CARTESIAN_POINT ( 'NONE',  ( -0.3811295884510929044, -9.303411424198506197, -20.14999999999998437 ) ) ;
#2579 = ORIENTED_EDGE ( 'NONE', *, *, #6151, .F. ) ;
#2580 = LINE ( 'NONE', #545, #457 ) ;
#2581 = CARTESIAN_POINT ( 'NONE',  ( -6.521152422707078955, 3.000000000000417000, -13.14999999999999858 ) ) ;
#2582 = CARTESIAN_POINT ( 'NONE',  ( 6.822325924817743470, -0.6065930455249645137, -19.57182860710463856 ) ) ;
#2583 = CARTESIAN_POINT ( 'NONE',  ( -8.595156683959988442, 1.041163092915995403, -19.56395078207052052 ) ) ;
#2584 = CARTESIAN_POINT ( 'NONE',  ( -6.661724009889491427, -0.6860514627619310746, -20.14999999999999503 ) ) ;
#2585 = CARTESIAN_POINT ( 'NONE',  ( -1.535386526926304729, 5.693132580967769307, -19.57474883700045254 ) ) ;
#2586 = ADVANCED_FACE ( 'NONE', ( #956 ), #4561, .F. ) ;
#2587 = ORIENTED_EDGE ( 'NONE', *, *, #6197, .T. ) ;
#2588 = DIRECTION ( 'NONE',  ( -0.8660254037844332675, 0.5000000000000093259, 0.000000000000000000 ) ) ;
#2589 = CARTESIAN_POINT ( 'NONE',  ( -11.34476565488766120, 7.673971133300462988, -6.536423737521518618 ) ) ;
#2590 = CARTESIAN_POINT ( 'NONE',  ( 14.28941916244339971, 8.249999999999779732, 0.000000000000000000 ) ) ;
#2591 = CIRCLE ( 'NONE', #6126, 18.00000000000000000 ) ;
#2592 = CARTESIAN_POINT ( 'NONE',  ( -6.025039579133816936, -0.4432328123907484652, -20.15000000000000568 ) ) ;
#2593 = AXIS2_PLACEMENT_3D ( 'NONE', #4841, #4890, #5671 ) ;
#2594 = CARTESIAN_POINT ( 'NONE',  ( -4.375780471319524523, -3.538815939873639849, -19.57556469613540884 ) ) ;
#2595 = EDGE_CURVE ( 'NONE', #3054, #4891, #5807, .T. ) ;
#2596 = CARTESIAN_POINT ( 'NONE',  ( 4.655052249851175716, 6.886279134987926653, -19.56577125706474618 ) ) ;
#2597 = DIRECTION ( 'NONE',  ( -0.000000000000000000, -0.000000000000000000, -1.000000000000000000 ) ) ;
#2598 = AXIS2_PLACEMENT_3D ( 'NONE', #8705, #5192, #4544 ) ;
#2599 = EDGE_CURVE ( 'NONE', #2928, #8485, #3520, .T. ) ;
#2600 = VERTEX_POINT ( 'NONE', #2392 ) ;
#2601 = CYLINDRICAL_SURFACE ( 'NONE', #8254, 3.499999999999999112 ) ;
#2602 = ORIENTED_EDGE ( 'NONE', *, *, #5253, .T. ) ;
#2603 = CARTESIAN_POINT ( 'NONE',  ( -5.236359580130367952, 6.048184715067491446, 0.000000000000000000 ) ) ;
#2604 = DIRECTION ( 'NONE',  ( 0.000000000000000000, 0.000000000000000000, 1.000000000000000000 ) ) ;
#2605 = DIRECTION ( 'NONE',  ( 0.000000000000000000, 0.000000000000000000, 1.000000000000000000 ) ) ;
#2606 = VECTOR ( 'NONE', #3392, 1000.000000000000000 ) ;
#2607 = CARTESIAN_POINT ( 'NONE',  ( -8.852192780167001729, 4.517552346356364268, -12.70000004752827572 ) ) ;
#2608 = DIRECTION ( 'NONE',  ( -0.8660254037844414832, -0.4999999999999952816, 0.000000000000000000 ) ) ;
#2609 = ADVANCED_FACE ( 'NONE', ( #5213, #8029 ), #1695, .T. ) ;
#2610 = FACE_OUTER_BOUND ( 'NONE', #602, .T. ) ;
#2611 = EDGE_CURVE ( 'NONE', #7264, #4311, #8833, .T. ) ;
#2612 = VERTEX_POINT ( 'NONE', #3263 ) ;
#2613 = CARTESIAN_POINT ( 'NONE',  ( 8.812962416975235413, 1.478004348957566938, -19.56240479962597334 ) ) ;
#2614 = CIRCLE ( 'NONE', #4834, 16.50000000000000355 ) ;
#2615 = ORIENTED_EDGE ( 'NONE', *, *, #5173, .T. ) ;
#2616 = DIRECTION ( 'NONE',  ( 1.000000000000000000, 0.000000000000000000, 0.000000000000000000 ) ) ;
#2617 = DIRECTION ( 'NONE',  ( -0.8660254037844414832, -0.4999999999999950595, 0.000000000000000000 ) ) ;
#2618 = DIRECTION ( 'NONE',  ( -0.000000000000000000, -0.000000000000000000, -1.000000000000000000 ) ) ;
#2619 = CARTESIAN_POINT ( 'NONE',  ( 8.362842891978420568, 4.015154249394296215, -20.15000000000001279 ) ) ;
#2620 = DIRECTION ( 'NONE',  ( 0.000000000000000000, 0.000000000000000000, -1.000000000000000000 ) ) ;
#2621 = PLANE ( 'NONE',  #2447 ) ;
#2622 = CIRCLE ( 'NONE', #714, 3.499999999999999556 ) ;
#2623 = CYLINDRICAL_SURFACE ( 'NONE', #5979, 7.099999999999876188 ) ;
#2624 = VERTEX_POINT ( 'NONE', #8861 ) ;
#2625 = CARTESIAN_POINT ( 'NONE',  ( 2.641808331575763447, -8.026658574021970693, -20.15000000000003055 ) ) ;
#2626 = VERTEX_POINT ( 'NONE', #8208 ) ;
#2627 = CARTESIAN_POINT ( 'NONE',  ( 0.6155589902723977991, -12.54654841190606440, -6.001289497208817991 ) ) ;
#2628 = CARTESIAN_POINT ( 'NONE',  ( -18.84355630229910972, 9.724631765243367809, -5.800000000000000711 ) ) ;
#2629 = CARTESIAN_POINT ( 'NONE',  ( 7.132331001106344992, -0.4155331458163491476, -19.57093223433516727 ) ) ;
#2630 = CIRCLE ( 'NONE', #5732, 16.50000000000000355 ) ;
#2631 = CARTESIAN_POINT ( 'NONE',  ( -6.678494095089546612, 2.502929873537376615, -13.19417226125154485 ) ) ;
#2632 = CARTESIAN_POINT ( 'NONE',  ( -2.981285714865109071, 6.261015727955959065, -19.57156861247907642 ) ) ;
#2633 = ORIENTED_EDGE ( 'NONE', *, *, #174, .T. ) ;
#2634 = CYLINDRICAL_SURFACE ( 'NONE', #7802, 1.600000000000000089 ) ;
#2635 = AXIS2_PLACEMENT_3D ( 'NONE', #9084, #2701, #3445 ) ;
#2636 = VERTEX_POINT ( 'NONE', #4008 ) ;
#2637 = CARTESIAN_POINT ( 'NONE',  ( -2.000000000000206501, -18.73606797749983954, -12.00000000000000000 ) ) ;
#2638 = DIRECTION ( 'NONE',  ( 0.7071067811865516806, 8.659560562354983395E-17, -0.7071067811865434649 ) ) ;
#2639 = CARTESIAN_POINT ( 'NONE',  ( -3.404296610190197914, -4.919377256475025995, -20.14999999999999858 ) ) ;
#2640 = CARTESIAN_POINT ( 'NONE',  ( -5.139711512368656088, -2.166834869328308155, -19.57571729034515684 ) ) ;
#2641 = FACE_OUTER_BOUND ( 'NONE', #5312, .T. ) ;
#2642 = DIRECTION ( 'NONE',  ( 1.000000000000000000, 0.000000000000000000, 0.000000000000000000 ) ) ;
#2643 = AXIS2_PLACEMENT_3D ( 'NONE', #8627, #2293, #5107 ) ;
#2644 = ORIENTED_EDGE ( 'NONE', *, *, #414, .F. ) ;
#2645 = DIRECTION ( 'NONE',  ( 0.000000000000000000, 0.000000000000000000, 1.000000000000000000 ) ) ;
#2646 = CIRCLE ( 'NONE', #3387, 16.50000000000000355 ) ;
#2647 = ORIENTED_EDGE ( 'NONE', *, *, #6763, .F. ) ;
#2648 = DIRECTION ( 'NONE',  ( -1.000000000000000000, 0.000000000000000000, 0.000000000000000000 ) ) ;
#2649 = CARTESIAN_POINT ( 'NONE',  ( -3.704421529838444638, -7.296647677230381213, -19.56642109361749604 ) ) ;
#2650 = CARTESIAN_POINT ( 'NONE',  ( 8.045951761707918592, -0.4033116019269602504, 2.000000000000000000 ) ) ;
#2651 = EDGE_CURVE ( 'NONE', #2557, #270, #6861, .T. ) ;
#2652 = LINE ( 'NONE', #389, #6144 ) ;
#2653 = AXIS2_PLACEMENT_3D ( 'NONE', #6955, #29, #2846 ) ;
#2654 = EDGE_CURVE ( 'NONE', #3658, #4857, #5865, .T. ) ;
#2655 = CARTESIAN_POINT ( 'NONE',  ( 16.05609281500541741, 5.228598966481855292, 4.000000000000000000 ) ) ;
#2656 = DIRECTION ( 'NONE',  ( -1.000000000000000000, 0.000000000000000000, 0.000000000000000000 ) ) ;
#2657 = VERTEX_POINT ( 'NONE', #5392 ) ;
#2658 = CARTESIAN_POINT ( 'NONE',  ( -3.519017785450767821, -7.735289024550007220, -19.56480680040699838 ) ) ;
#2659 = AXIS2_PLACEMENT_3D ( 'NONE', #5006, #149, #7128 ) ;
#2660 = ORIENTED_EDGE ( 'NONE', *, *, #6245, .F. ) ;
#2661 = DIRECTION ( 'NONE',  ( -1.000000000000000000, 0.000000000000000000, 0.000000000000000000 ) ) ;
#2662 = EDGE_CURVE ( 'NONE', #8798, #5637, #8252, .T. ) ;
#2663 = CARTESIAN_POINT ( 'NONE',  ( -5.685186763066231386, 6.893407125420559112, -19.56240875950272340 ) ) ;
#2664 = DIRECTION ( 'NONE',  ( -0.9848077530122059109, -0.1736481776669429600, 0.000000000000000000 ) ) ;
#2665 = CARTESIAN_POINT ( 'NONE',  ( 8.021804009296078064, 4.753331119033159524, -20.14999999999998082 ) ) ;
#2666 = FACE_OUTER_BOUND ( 'NONE', #5546, .T. ) ;
#2667 = DIRECTION ( 'NONE',  ( 1.000000000000000000, 0.000000000000000000, 0.000000000000000000 ) ) ;
#2668 = EDGE_CURVE ( 'NONE', #9113, #5614, #2479, .T. ) ;
#2669 = DIRECTION ( 'NONE',  ( 0.000000000000000000, 0.000000000000000000, 1.000000000000000000 ) ) ;
#2670 = ORIENTED_EDGE ( 'NONE', *, *, #5430, .F. ) ;
#2671 = CARTESIAN_POINT ( 'NONE',  ( -0.8637371640151383367, -9.211477817414960967, -20.15000000000001634 ) ) ;
#2672 = EDGE_CURVE ( 'NONE', #8845, #7991, #1274, .T. ) ;
#2673 = ORIENTED_EDGE ( 'NONE', *, *, #3249, .T. ) ;
#2674 = CARTESIAN_POINT ( 'NONE',  ( -5.329070518200754549E-15, 11.99999999999999289, 3.999999999999948042 ) ) ;
#2675 = DIRECTION ( 'NONE',  ( 1.000000000000000000, 0.000000000000000000, 0.000000000000000000 ) ) ;
#2676 = VECTOR ( 'NONE', #7256, 1000.000000000000000 ) ;
#2677 = CARTESIAN_POINT ( 'NONE',  ( 7.128429378314393716, -0.4178142913470944686, -19.57094359889015678 ) ) ;
#2678 = CARTESIAN_POINT ( 'NONE',  ( -4.051638871298109734, -4.288515387788894628, -20.15000000000000213 ) ) ;
#2679 = CARTESIAN_POINT ( 'NONE',  ( -1.191467383955238102, 5.613570132915334021, -19.57522947384997281 ) ) ;
#2680 = EDGE_LOOP ( 'NONE', ( #4407, #2854, #7218, #6579, #1549, #5715 ) ) ;
#2681 = CARTESIAN_POINT ( 'NONE',  ( 4.163336342344414651E-14, 7.211110073938320752E-14, -5.800000000000000711 ) ) ;
#2682 = CIRCLE ( 'NONE', #7117, 12.99999999999999112 ) ;
#2683 = VERTEX_POINT ( 'NONE', #584 ) ;
#2684 = DIRECTION ( 'NONE',  ( -0.000000000000000000, -0.000000000000000000, -1.000000000000000000 ) ) ;
#2685 = CARTESIAN_POINT ( 'NONE',  ( 1.999999999999795275, -18.73606797749974007, -12.00000000000000000 ) ) ;
#2686 = DIRECTION ( 'NONE',  ( 0.000000000000000000, 0.000000000000000000, -1.000000000000000000 ) ) ;
#2687 = CARTESIAN_POINT ( 'NONE',  ( -4.162645133546589271, -4.176465533735368219, -19.57474849812413709 ) ) ;
#2688 = CARTESIAN_POINT ( 'NONE',  ( 14.28941916244339971, 8.249999999999779732, -3.000000000000001332 ) ) ;
#2689 = CARTESIAN_POINT ( 'NONE',  ( 14.28941916244339971, 8.249999999999779732, -12.00000000000000000 ) ) ;
#2690 = AXIS2_PLACEMENT_3D ( 'NONE', #3314, #6171, #3966 ) ;
#2691 = AXIS2_PLACEMENT_3D ( 'NONE', #3997, #344, #3158 ) ;
#2692 = ORIENTED_EDGE ( 'NONE', *, *, #6610, .F. ) ;
#2693 = DIRECTION ( 'NONE',  ( 0.000000000000000000, 0.000000000000000000, -1.000000000000000000 ) ) ;
#2694 = B_SPLINE_CURVE_WITH_KNOTS ( 'NONE', 3,
 ( #8430, #2105, #3536, #7737, #7786, #6344, #22, #2839, #2544, #1950, #6047, #6881, #4717, #1248, #8880 ),
 .UNSPECIFIED., .F., .F.,
 ( 4, 1, 1, 1, 1, 1, 1, 1, 1, 1, 1, 1, 4 ),
 ( 0.000000000000000000, 0.01598235606908017525, 0.03189415677387062026, 0.06359789389098147172, 0.1266097456337112459, 0.2517924095040823262, 0.5000477573273139908, 0.6197625491264031616, 0.7488844725049659257, 0.8045070096120623404, 0.8734819825271424865, 0.9366049209761210248, 1.000000000000000000 ),
 .UNSPECIFIED. ) ;
#2695 = VECTOR ( 'NONE', #5191, 1000.000000000000114 ) ;
#2696 = ORIENTED_EDGE ( 'NONE', *, *, #954, .F. ) ;
#2697 = CARTESIAN_POINT ( 'NONE',  ( -10.83288528313429921, -1.910129954336380109, 2.000000000000000000 ) ) ;
#2698 = CARTESIAN_POINT ( 'NONE',  ( -1.000000000000212053, -19.32842712474620939, -11.00000000000000000 ) ) ;
#2699 = DIRECTION ( 'NONE',  ( -1.000000000000000000, 0.000000000000000000, 0.000000000000000000 ) ) ;
#2700 = DIRECTION ( 'NONE',  ( 0.000000000000000000, 0.000000000000000000, -1.000000000000000000 ) ) ;
#2701 = DIRECTION ( 'NONE',  ( 8.840574799143460473E-16, -1.816979321376179995E-15, 1.000000000000000000 ) ) ;
#2702 = EDGE_CURVE ( 'NONE', #4367, #3054, #4546, .T. ) ;
#2703 = LINE ( 'NONE', #2189, #1719 ) ;
#2704 = VERTEX_POINT ( 'NONE', #6027 ) ;
#2705 = CARTESIAN_POINT ( 'NONE',  ( -2.000000000000147438, -13.03589838486217722, -12.00000000000000000 ) ) ;
#2706 = VERTEX_POINT ( 'NONE', #5350 ) ;
#2707 = CARTESIAN_POINT ( 'NONE',  ( -11.28941916244310129, 8.345290677745072827, -11.91367074265687620 ) ) ;
#2708 = CARTESIAN_POINT ( 'NONE',  ( -3.160129603077250771, -7.072885107578482433, -20.14999999999999858 ) ) ;
#2709 = DIRECTION ( 'NONE',  ( 0.000000000000000000, 0.000000000000000000, 1.000000000000000000 ) ) ;
#2710 = CARTESIAN_POINT ( 'NONE',  ( 8.347114099580878133, 1.928723819964503816, -20.15000000000000568 ) ) ;
#2711 = CARTESIAN_POINT ( 'NONE',  ( 0.9999999999997820632, -19.97498435543818829, -6.800000000000000711 ) ) ;
#2712 = FACE_OUTER_BOUND ( 'NONE', #2770, .T. ) ;
#2713 = EDGE_CURVE ( 'NONE', #7502, #407, #5137, .T. ) ;
#2714 = DIRECTION ( 'NONE',  ( -0.5000000000000101030, -0.8660254037844328234, 0.000000000000000000 ) ) ;
#2715 = VERTEX_POINT ( 'NONE', #8116 ) ;
#2716 = ORIENTED_EDGE ( 'NONE', *, *, #5826, .T. ) ;
#2717 = CARTESIAN_POINT ( 'NONE',  ( -2.707434301717370762, -7.936094098157873589, -20.14999999999993818 ) ) ;
#2718 = ORIENTED_EDGE ( 'NONE', *, *, #448, .T. ) ;
#2719 = DIRECTION ( 'NONE',  ( 1.028313268071524502E-14, 1.000000000000000000, 0.000000000000000000 ) ) ;
#2720 = DIRECTION ( 'NONE',  ( -0.7071067811865516806, 0.000000000000000000, -0.7071067811865434649 ) ) ;
#2721 = CARTESIAN_POINT ( 'NONE',  ( 7.146002077274855147, -0.4075652378454520108, -19.57089240151015019 ) ) ;
#2722 = CARTESIAN_POINT ( 'NONE',  ( -4.684681853930910300, -2.704831851990263214, -12.74094778141399864 ) ) ;
#2723 = CARTESIAN_POINT ( 'NONE',  ( -3.232804800077726970, 6.399735127335353546, -19.57085521460195210 ) ) ;
#2724 = ORIENTED_EDGE ( 'NONE', *, *, #66, .F. ) ;
#2725 = LINE ( 'NONE', #7124, #2936 ) ;
#2726 = ORIENTED_EDGE ( 'NONE', *, *, #4522, .F. ) ;
#2727 = LINE ( 'NONE', #3986, #6185 ) ;
#2728 = CARTESIAN_POINT ( 'NONE',  ( 3.420201447259069827, 9.396926202762660552, 0.000000000000000000 ) ) ;
#2729 = CARTESIAN_POINT ( 'NONE',  ( 7.070663706552050343, -8.426488874308670773, 0.000000000000000000 ) ) ;
#2730 = EDGE_CURVE ( 'NONE', #2845, #7208, #6818, .T. ) ;
#2731 = CARTESIAN_POINT ( 'NONE',  ( -4.621664929544432532, -2.993907111967136547, -19.57593473605186674 ) ) ;
#2732 = CARTESIAN_POINT ( 'NONE',  ( 13.35292748933946427, 5.399915203681083575, -12.00000000000000000 ) ) ;
#2733 = CARTESIAN_POINT ( 'NONE',  ( 0.9999999999998475664, -13.67157287525384746, -11.07233974769974338 ) ) ;
#2734 = EDGE_LOOP ( 'NONE', ( #1391, #1575, #8931, #2440, #6022, #6686, #7552 ) ) ;
#2735 = AXIS2_PLACEMENT_3D ( 'NONE', #6014, #5929, #8850 ) ;
#2736 = CARTESIAN_POINT ( 'NONE',  ( -11.33992941965992607, 7.701811841411535298, -11.00000000000000000 ) ) ;
#2737 = ORIENTED_EDGE ( 'NONE', *, *, #8554, .F. ) ;
#2738 = DIRECTION ( 'NONE',  ( 0.3420201447259059724, 0.9396926202762637681, 0.000000000000000000 ) ) ;
#2739 = CARTESIAN_POINT ( 'NONE',  ( 9.067569533741938415, -15.54925023114474669, 0.000000000000000000 ) ) ;
#2740 = CARTESIAN_POINT ( 'NONE',  ( -2.857421896490986768, 6.191496735593831957, -19.57194368010537744 ) ) ;
#2741 = ADVANCED_FACE ( 'NONE', ( #6075 ), #490, .F. ) ;
#2742 = CARTESIAN_POINT ( 'NONE',  ( 17.34355630229945078, 12.32270797659636941, -11.00000000000000000 ) ) ;
#2743 = DIRECTION ( 'NONE',  ( -1.000000000000000000, 0.000000000000000000, 0.000000000000000000 ) ) ;
#2744 = EDGE_CURVE ( 'NONE', #5901, #5902, #3311, .T. ) ;
#2745 = ORIENTED_EDGE ( 'NONE', *, *, #6802, .F. ) ;
#2746 = DIRECTION ( 'NONE',  ( 0.000000000000000000, 0.000000000000000000, 1.000000000000000000 ) ) ;
#2747 = EDGE_LOOP ( 'NONE', ( #5163, #1677, #7687, #1487, #5554, #5533 ) ) ;
#2748 = DIRECTION ( 'NONE',  ( -1.000000000000000000, 0.000000000000000000, 0.000000000000000000 ) ) ;
#2749 = CARTESIAN_POINT ( 'NONE',  ( 8.595302132560544095, 4.962500000000044764, -20.14999999999999858 ) ) ;
#2750 = CARTESIAN_POINT ( 'NONE',  ( 7.550226738467271659, 0.6418161184714896716, -20.14999999999999503 ) ) ;
#2751 = CARTESIAN_POINT ( 'NONE',  ( 15.36292178189368762, 11.05506521986829505, -12.00000000000000000 ) ) ;
#2752 = AXIS2_PLACEMENT_3D ( 'NONE', #2009, #4829, #3981 ) ;
#2753 = DIRECTION ( 'NONE',  ( 1.000000000000000000, 0.000000000000000000, 0.000000000000000000 ) ) ;
#2754 = EDGE_CURVE ( 'NONE', #3528, #8810, #499, .T. ) ;
#2755 = VERTEX_POINT ( 'NONE', #7051 ) ;
#2756 = ORIENTED_EDGE ( 'NONE', *, *, #4703, .T. ) ;
#2757 = CARTESIAN_POINT ( 'NONE',  ( -2.829566312136182038, -7.755993638562186376, -20.14999999999999858 ) ) ;
#2758 = ORIENTED_EDGE ( 'NONE', *, *, #3973, .T. ) ;
#2759 = CARTESIAN_POINT ( 'NONE',  ( -2.866201453666689984E-14, -1.696931605272460026E-14, 3.999999999999949818 ) ) ;
#2760 = CARTESIAN_POINT ( 'NONE',  ( -8.507436699123479329, 3.329077262454066322, -20.15000000000000213 ) ) ;
#2761 = DIRECTION ( 'NONE',  ( 0.6427876096865452471, -0.7660444431189731285, 0.000000000000000000 ) ) ;
#2762 = CARTESIAN_POINT ( 'NONE',  ( 6.815924072074928119, 0.08742602748018347969, -20.14999999999998792 ) ) ;
#2763 = CARTESIAN_POINT ( 'NONE',  ( -8.983097760101022899, 4.016549131557151320, -19.55676043738876757 ) ) ;
#2764 = EDGE_CURVE ( 'NONE', #2808, #5240, #6304, .T. ) ;
#2765 = CARTESIAN_POINT ( 'NONE',  ( -5.742000383270914554, -1.367505440486388224, -12.75108592438960642 ) ) ;
#2766 = AXIS2_PLACEMENT_3D ( 'NONE', #2628, #1848, #4663 ) ;
#2767 = CARTESIAN_POINT ( 'NONE',  ( -2.917673990475154078, 6.227891872047078614, -19.57174255617087866 ) ) ;
#2768 = B_SPLINE_SURFACE_WITH_KNOTS ( 'NONE', 3, 3, ( 
 ( #3052, #5229, #8694, #5910 ),
 ( #2542, #5365, #328, #4627 ),
 ( #8046, #4492, #2361, #1810 ),
 ( #8878, #7302, #5183, #8178 ),
 ( #2407, #1714, #7439, #8743 ),
 ( #4579, #1105, #4534, #8003 ),
 ( #3847, #8787, #3935, #1762 ),
 ( #1672, #976, #5320, #3803 ),
 ( #2451, #5273, #2498, #8134 ),
 ( #6609, #281, #6742, #3098 ),
 ( #7394, #1063, #416, #3894 ),
 ( #6696, #370, #3187, #6000 ),
 ( #6043, #8835, #3234, #4667 ),
 ( #7479, #3761, #6927, #4902 ),
 ( #1288, #9064, #9011, #4070 ),
 ( #8407, #2080, #7573, #1245 ),
 ( #548, #4115, #6835, #6877 ),
 ( #8360, #6786, #5407, #2034 ),
 ( #8223, #8919, #5452, #6092 ),
 ( #1946, #599, #3371, #6137 ),
 ( #8269, #6974, #5501, #9108 ),
 ( #4804, #4763, #6183, #3283 ),
 ( #8315, #7617, #3418, #2678 ),
 ( #1991, #6232, #2722, #4028 ),
 ( #1150, #5539, #2765, #6274 ),
 ( #4851, #7666, #1337, #2584 ),
 ( #4162, #646, #3466, #5585 ),
 ( #3980, #459, #1897, #505 ),
 ( #4713, #7524, #1198, #8964 ),
 ( #3324, #2631, #47, #690 ),
 ( #738, #6508, #185, #1480 ),
 ( #6322, #5766, #8640, #5680 ),
 ( #6461, #140, #2863, #2909 ),
 ( #8505, #3510, #786, #3698 ),
 ( #8555, #5081, #3561, #9157 ),
 ( #2172, #6370, #8600, #5723 ),
 ( #3000, #2308, #5811, #5634 ),
 ( #3610, #2812, #4996, #7814 ),
 ( #4304, #1568, #6414, #7120 ),
 ( #4256, #3656, #8458, #2128 ),
 ( #7161, #95, #2223, #5039 ),
 ( #4948, #2956, #2269, #7900 ),
 ( #7762, #7203, #7862, #1430 ),
 ( #7719, #1530, #4349, #4388 ),
 ( #827, #872, #1385, #4208 ),
 ( #7019, #7069, #3218, #8727 ),
 ( #918, #6728, #4431, #8818 ) ),
 .UNSPECIFIED., .T., .F., .F.,
 ( 4, 1, 1, 1, 2, 1, 1, 1, 2, 1, 1, 1, 2, 1, 1, 1, 2, 1, 1, 1, 2, 1, 1, 1, 2, 1, 1, 1, 2, 1, 1, 1, 2, 1, 1, 1, 4 ),
 ( 4, 4 ),
 ( 0.000000000000000000, 0.02659554485111065292, 0.05319108970222130583, 0.07978663455333200039, 0.1063821794044426533, 0.1365244230355552035, 0.1666666666666676844, 0.1968089102977801930, 0.2269511539288927293, 0.2535466987800026883, 0.2801422436311126751, 0.3067377884822224954, 0.3333333333333324822, 0.3599288781844427465, 0.3865244230355530108, 0.4131199678866632752, 0.4397155127377735395, 0.4698577563688861036, 0.4999999999999986677, 0.5301422436311111763, 0.5602844872622236849, 0.5868800321133341713, 0.6134755769644448797, 0.6400711218155553661, 0.6666666666666658525, 0.6932622115177763389, 0.7198577563688868253, 0.7464533012199976447, 0.7730488460711081311, 0.8031910897022207507, 0.8333333333333332593, 0.8634755769644458789, 0.8936178205955586096, 0.9202133654466688739, 0.9468089102977792493, 0.9734044551488896246, 1.000000000000000000 ),
 ( 0.000000000000000000, 1.000000000000000000 ),
 .UNSPECIFIED. ) ;
#2769 = ADVANCED_FACE ( 'NONE', ( #3495 ), #2204, .F. ) ;
#2770 = EDGE_LOOP ( 'NONE', ( #3983, #8182, #7793, #2216, #4883, #8262, #5381, #5949, #6349, #7528, #4952, #8390, #7125, #8025, #463 ) ) ;
#2771 = CARTESIAN_POINT ( 'NONE',  ( 14.76535948774706952, 4.780686508305137750, -0.4336069038315773505 ) ) ;
#2772 = EDGE_LOOP ( 'NONE', ( #6880, #8410, #8674, #1119 ) ) ;
#2773 = ORIENTED_EDGE ( 'NONE', *, *, #8425, .F. ) ;
#2774 = DIRECTION ( 'NONE',  ( 0.000000000000000000, 0.000000000000000000, -1.000000000000000000 ) ) ;
#2775 = VECTOR ( 'NONE', #6913, 1000.000000000000000 ) ;
#2776 = LINE ( 'NONE', #6282, #2081 ) ;
#2777 = CARTESIAN_POINT ( 'NONE',  ( -12.11044710970864635, 12.07257515209366616, 4.000000000000000000 ) ) ;
#2778 = CARTESIAN_POINT ( 'NONE',  ( -3.925950219204424663, -5.989359133556582115, -19.57088100536211428 ) ) ;
#2779 = CARTESIAN_POINT ( 'NONE',  ( 8.558471471568305233, 5.013848917869601074, -19.55622182922252961 ) ) ;
#2780 = CARTESIAN_POINT ( 'NONE',  ( 1.234878401513180846, -13.76365619325319756, -11.65769605086942207 ) ) ;
#2781 = EDGE_CURVE ( 'NONE', #7713, #7491, #1388, .T. ) ;
#2782 = CARTESIAN_POINT ( 'NONE',  ( -6.759859534895031885, -2.312361290794540558, 0.000000000000000000 ) ) ;
#2783 = AXIS2_PLACEMENT_3D ( 'NONE', #9131, #2791, #5608 ) ;
#2784 = EDGE_CURVE ( 'NONE', #605, #8082, #4404, .T. ) ;
#2785 = ORIENTED_EDGE ( 'NONE', *, *, #1750, .F. ) ;
#2786 = CARTESIAN_POINT ( 'NONE',  ( 13.78730854217089963, -2.431074487337230305, 0.000000000000000000 ) ) ;
#2787 = ORIENTED_EDGE ( 'NONE', *, *, #3138, .T. ) ;
#2788 = DIRECTION ( 'NONE',  ( -1.000000000000000000, 0.000000000000000000, 0.000000000000000000 ) ) ;
#2789 = AXIS2_PLACEMENT_3D ( 'NONE', #4905, #3469, #3613 ) ;
#2790 = CARTESIAN_POINT ( 'NONE',  ( -3.126727393354972406, -8.370935710930677232, -19.56240597170577189 ) ) ;
#2791 = DIRECTION ( 'NONE',  ( 0.000000000000000000, 0.000000000000000000, 1.000000000000000000 ) ) ;
#2792 = CARTESIAN_POINT ( 'NONE',  ( -2.620126338115370445E-13, -16.50000000000000000, -3.000000000000000888 ) ) ;
#2793 = DIRECTION ( 'NONE',  ( -1.000000000000000000, 0.000000000000000000, 0.000000000000000000 ) ) ;
#2794 = VECTOR ( 'NONE', #121, 1000.000000000000000 ) ;
#2795 = CARTESIAN_POINT ( 'NONE',  ( 18.00000000000000000, 0.000000000000000000, 4.000000000000000000 ) ) ;
#2796 = VERTEX_POINT ( 'NONE', #7649 ) ;
#2797 = DIRECTION ( 'NONE',  ( 0.000000000000000000, 0.000000000000000000, 1.000000000000000000 ) ) ;
#2798 = ORIENTED_EDGE ( 'NONE', *, *, #4803, .F. ) ;
#2799 = DIRECTION ( 'NONE',  ( 0.3420201433256562784, -0.9396926207859129798, 0.000000000000000000 ) ) ;
#2800 = CYLINDRICAL_SURFACE ( 'NONE', #1357, 2.000000000000028866 ) ;
#2801 = CARTESIAN_POINT ( 'NONE',  ( 4.621762856443080381, 6.881976203167186945, -19.56588540945911348 ) ) ;
#2802 = CARTESIAN_POINT ( 'NONE',  ( 9.110820912707024988, 11.28020134113662110, -0.9999999999999974465 ) ) ;
#2803 = CARTESIAN_POINT ( 'NONE',  ( -16.51038032566408376, 4.451667272149204102, 0.000000000000000000 ) ) ;
#2804 = AXIS2_PLACEMENT_3D ( 'NONE', #8298, #1971, #5566 ) ;
#2805 = ORIENTED_EDGE ( 'NONE', *, *, #5355, .T. ) ;
#2806 = ORIENTED_EDGE ( 'NONE', *, *, #6544, .F. ) ;
#2807 = CARTESIAN_POINT ( 'NONE',  ( -1.805063867685791301, -8.794220309118454537, -20.14999999999998792 ) ) ;
#2808 = VERTEX_POINT ( 'NONE', #7797 ) ;
#2809 = DIRECTION ( 'NONE',  ( -0.000000000000000000, -0.000000000000000000, 1.000000000000000000 ) ) ;
#2810 = CARTESIAN_POINT ( 'NONE',  ( 8.863269771934740859, -1.562833628352039872, 0.000000000000000000 ) ) ;
#2811 = CARTESIAN_POINT ( 'NONE',  ( 4.667354695349746230, -1.804206702539174367, -20.14999999999998082 ) ) ;
#2812 = CARTESIAN_POINT ( 'NONE',  ( -1.377366146891597642, 7.010390728630840229, -13.14898645150290157 ) ) ;
#2813 = VECTOR ( 'NONE', #2638, 1000.000000000000000 ) ;
#2814 = CARTESIAN_POINT ( 'NONE',  ( 3.515358182250558183, 5.877119578506015962, -20.15000000000000924 ) ) ;
#2815 = ORIENTED_EDGE ( 'NONE', *, *, #4356, .F. ) ;
#2816 = DIRECTION ( 'NONE',  ( -0.000000000000000000, -0.000000000000000000, -1.000000000000000000 ) ) ;
#2817 = EDGE_LOOP ( 'NONE', ( #4248, #7493, #5174, #6571 ) ) ;
#2818 = ORIENTED_EDGE ( 'NONE', *, *, #7803, .T. ) ;
#2819 = DIRECTION ( 'NONE',  ( -0.000000000000000000, -0.000000000000000000, -1.000000000000000000 ) ) ;
#2820 = EDGE_CURVE ( 'NONE', #5076, #2715, #9132, .T. ) ;
#2821 = VECTOR ( 'NONE', #8689, 999.9999999999998863 ) ;
#2822 = CARTESIAN_POINT ( 'NONE',  ( -5.196152422706641794, 3.000000000000417000, -13.75000000000000355 ) ) ;
#2823 = CARTESIAN_POINT ( 'NONE',  ( -2.829914810739197151, 7.482752312081322188, 4.000000000000000000 ) ) ;
#2824 = CARTESIAN_POINT ( 'NONE',  ( -4.663797010054925529, -1.811336856849505406, -20.14999999999999147 ) ) ;
#2825 = FACE_OUTER_BOUND ( 'NONE', #3460, .T. ) ;
#2826 = CARTESIAN_POINT ( 'NONE',  ( -16.33910882972210032, 10.44124190773812444, -6.294943955526782986 ) ) ;
#2827 = CARTESIAN_POINT ( 'NONE',  ( 3.037845862820826248, 6.429570170982480626, -13.13703335437520892 ) ) ;
#2828 = AXIS2_PLACEMENT_3D ( 'NONE', #3171, #4698, #7508 ) ;
#2829 = B_SPLINE_CURVE_WITH_KNOTS ( 'NONE', 3,
 ( #5872, #8702, #1819, #1769, #3810, #8793, #6618, #1633 ),
 .UNSPECIFIED., .F., .F.,
 ( 4, 2, 2, 4 ),
 ( 0.000000000000000000, 0.0003906005533465373267, 0.0007812011066930746534, 0.001562402213386146271 ),
 .UNSPECIFIED. ) ;
#2830 = EDGE_CURVE ( 'NONE', #309, #2928, #7847, .T. ) ;
#2831 = ORIENTED_EDGE ( 'NONE', *, *, #2550, .F. ) ;
#2832 = FACE_OUTER_BOUND ( 'NONE', #7513, .T. ) ;
#2833 = EDGE_CURVE ( 'NONE', #6860, #7102, #8488, .T. ) ;
#2834 = ORIENTED_EDGE ( 'NONE', *, *, #8129, .F. ) ;
#2835 = CIRCLE ( 'NONE', #1804, 3.500000000000000444 ) ;
#2836 = DIRECTION ( 'NONE',  ( -1.000000000000000000, 0.000000000000000000, 0.000000000000000000 ) ) ;
#2837 = CONICAL_SURFACE ( 'NONE', #8293, 17.50000000000000000, 0.7853981633974482790 ) ;
#2838 = DIRECTION ( 'NONE',  ( 0.000000000000000000, 0.000000000000000000, 1.000000000000000000 ) ) ;
#2839 = CARTESIAN_POINT ( 'NONE',  ( 4.580684044060469695, -2.976618466020764409, -19.57622106945233753 ) ) ;
#2840 = EDGE_CURVE ( 'NONE', #3200, #3809, #1739, .T. ) ;
#2841 = FACE_OUTER_BOUND ( 'NONE', #6311, .T. ) ;
#2842 = CARTESIAN_POINT ( 'NONE',  ( -3.529361253884786720, 5.885163202879862610, -20.14999999999999858 ) ) ;
#2843 = AXIS2_PLACEMENT_3D ( 'NONE', #2515, #7317, #1081 ) ;
#2844 = CARTESIAN_POINT ( 'NONE',  ( 8.614191057054840783, -14.77178771958750580, 4.000000000000000000 ) ) ;
#2845 = VERTEX_POINT ( 'NONE', #5202 ) ;
#2846 = DIRECTION ( 'NONE',  ( 0.6427876085450550114, -0.7660444440767970598, 0.000000000000000000 ) ) ;
#2847 = EDGE_LOOP ( 'NONE', ( #8779, #488, #5457, #6266 ) ) ;
#2848 = CARTESIAN_POINT ( 'NONE',  ( -6.144292351488446435, 6.805004677670055457, -19.56103250131276639 ) ) ;
#2849 = EDGE_CURVE ( 'NONE', #7724, #6140, #7944, .T. ) ;
#2850 = CARTESIAN_POINT ( 'NONE',  ( -17.23890890522627828, 8.798188158588908792, -6.666904682248426361 ) ) ;
#2851 = CARTESIAN_POINT ( 'NONE',  ( 4.060134798542291534, 6.758479781208863280, -19.56785067984665005 ) ) ;
#2852 = CARTESIAN_POINT ( 'NONE',  ( 16.23890890522645591, 10.53023896615741961, -11.14505695923952011 ) ) ;
#2853 = LINE ( 'NONE', #1419, #8199 ) ;
#2854 = ORIENTED_EDGE ( 'NONE', *, *, #6255, .F. ) ;
#2855 = VERTEX_POINT ( 'NONE', #5931 ) ;
#2856 = CARTESIAN_POINT ( 'NONE',  ( -3.288265687148248073, -6.541522920522230500, -20.14999999999998792 ) ) ;
#2857 = EDGE_LOOP ( 'NONE', ( #3826, #1891, #3235, #53 ) ) ;
#2858 = CARTESIAN_POINT ( 'NONE',  ( 10.32281363198660706, 7.718098345119680737, -11.88784080805924681 ) ) ;
#2859 = CARTESIAN_POINT ( 'NONE',  ( 1.178669125964988342E-28, 6.268901968980452702E-29, 0.000000000000000000 ) ) ;
#2860 = CYLINDRICAL_SURFACE ( 'NONE', #8383, 1.925000000000000488 ) ;
#2861 = CARTESIAN_POINT ( 'NONE',  ( 6.778256626062287182, 0.06517149635692953691, -20.14999999999999147 ) ) ;
#2862 = CARTESIAN_POINT ( 'NONE',  ( -9.085312465621099065, 2.490384855108505491, -19.55948976040466647 ) ) ;
#2863 = CARTESIAN_POINT ( 'NONE',  ( -7.645579418803352567, 6.198406373954971293, -12.70582745357867793 ) ) ;
#2864 = CARTESIAN_POINT ( 'NONE',  ( -0.9632985992022318200, 4.971389067171594789, -20.14999999999999503 ) ) ;
#2865 = ORIENTED_EDGE ( 'NONE', *, *, #5138, .F. ) ;
#2866 = CARTESIAN_POINT ( 'NONE',  ( -4.621721049201854115, -2.983655408306940426, -19.57596659569225395 ) ) ;
#2867 = ORIENTED_EDGE ( 'NONE', *, *, #4188, .T. ) ;
#2868 = EDGE_LOOP ( 'NONE', ( #4180, #6376, #7353, #1051, #659 ) ) ;
#2869 = CARTESIAN_POINT ( 'NONE',  ( 11.45588249553433258, 5.426130561961310939, -11.27419622973046209 ) ) ;
#2870 = DIRECTION ( 'NONE',  ( 0.000000000000000000, 0.000000000000000000, -1.000000000000000000 ) ) ;
#2871 = CARTESIAN_POINT ( 'NONE',  ( -3.000000000000262457, -16.50000000000000000, -3.000000000000000888 ) ) ;
#2872 = CARTESIAN_POINT ( 'NONE',  ( -3.960278723454451200, -5.285035436614566429, -19.57257834208290603 ) ) ;
#2873 = CARTESIAN_POINT ( 'NONE',  ( 9.076083591174713305, -13.77950313494682177, -0.9999999999999974465 ) ) ;
#2874 = CARTESIAN_POINT ( 'NONE',  ( -8.177428756224017548, 4.473156070664112249, -20.15000000000000213 ) ) ;
#2875 = CARTESIAN_POINT ( 'NONE',  ( 5.953023832869349441, 3.889060262801481205, 0.000000000000000000 ) ) ;
#2876 = EDGE_CURVE ( 'NONE', #7515, #9125, #7318, .T. ) ;
#2877 = B_SPLINE_CURVE_WITH_KNOTS ( 'NONE', 3,
 ( #2685, #1954, #4769, #8925, #1252, #5508, #8321, #4812, #3428, #6240 ),
 .UNSPECIFIED., .F., .F.,
 ( 4, 2, 2, 2, 4 ),
 ( 0.000000000000000000, 0.0004252519844131442332, 0.0008505039688262884664, 0.001275755953239432645, 0.001701007937652576933 ),
 .UNSPECIFIED. ) ;
#2878 = ORIENTED_EDGE ( 'NONE', *, *, #4322, .F. ) ;
#2879 = CARTESIAN_POINT ( 'NONE',  ( -15.22591083554677205, 11.10008479631900258, -12.00000000000000000 ) ) ;
#2880 = CARTESIAN_POINT ( 'NONE',  ( -17.84355630229909551, 11.45668257281223745, -5.800000000000000711 ) ) ;
#2881 = ORIENTED_EDGE ( 'NONE', *, *, #6048, .T. ) ;
#2882 = CARTESIAN_POINT ( 'NONE',  ( 9.938449852079450864, -13.17107491959946763, -0.9999999999999974465 ) ) ;
#2883 = DIRECTION ( 'NONE',  ( -0.5000000000000093259, -0.8660254037844332675, 0.000000000000000000 ) ) ;
#2884 = FACE_OUTER_BOUND ( 'NONE', #1815, .T. ) ;
#2885 = CARTESIAN_POINT ( 'NONE',  ( 6.972909928144151337, 1.340897661247381301, 0.000000000000000000 ) ) ;
#2886 = DIRECTION ( 'NONE',  ( 0.000000000000000000, 0.000000000000000000, 1.000000000000000000 ) ) ;
#2887 = EDGE_CURVE ( 'NONE', #7724, #5448, #2295, .T. ) ;
#2888 = DIRECTION ( 'NONE',  ( 0.4999999999999950595, -0.8660254037844415942, 0.000000000000000000 ) ) ;
#2889 = EDGE_LOOP ( 'NONE', ( #2615, #6857, #38, #6825 ) ) ;
#2890 = CARTESIAN_POINT ( 'NONE',  ( 9.149604095200091436, 2.993393204001783214, -19.55825131971741015 ) ) ;
#2891 = CARTESIAN_POINT ( 'NONE',  ( -1.000000000000143219, -12.62701665379255367, -12.00000000000000000 ) ) ;
#2892 = CONICAL_SURFACE ( 'NONE', #2735, 2.999999999999997335, 0.7853981633974485010 ) ;
#2893 = CARTESIAN_POINT ( 'NONE',  ( 10.36748586618385382, 12.83609118129339954, -12.00000000000000000 ) ) ;
#2894 = CARTESIAN_POINT ( 'NONE',  ( 5.582631759773236446, 6.904871026447979787, -19.56272741184511688 ) ) ;
#2895 = CARTESIAN_POINT ( 'NONE',  ( 10.43531719619364040, 7.179533730680685011, -12.00000000000000000 ) ) ;
#2896 = EDGE_CURVE ( 'NONE', #8701, #7657, #7890, .T. ) ;
#2897 = ADVANCED_FACE ( 'NONE', ( #5109 ), #5243, .F. ) ;
#2898 = AXIS2_PLACEMENT_3D ( 'NONE', #7959, #8096, #2453 ) ;
#2899 = CARTESIAN_POINT ( 'NONE',  ( 14.30688527001229282, 5.250050844582888843, 0.000000000000000000 ) ) ;
#2900 = ORIENTED_EDGE ( 'NONE', *, *, #737, .T. ) ;
#2901 = CARTESIAN_POINT ( 'NONE',  ( -1.895983570742756363, -8.733500431399663810, -20.14999999999998792 ) ) ;
#2902 = ORIENTED_EDGE ( 'NONE', *, *, #7387, .T. ) ;
#2903 = CARTESIAN_POINT ( 'NONE',  ( 7.856061400094338509, 1.510728062209163225, 4.000000000000000000 ) ) ;
#2904 = CARTESIAN_POINT ( 'NONE',  ( -1.000000000000218714, -19.97498435543816697, -11.00000000000000000 ) ) ;
#2905 = DIRECTION ( 'NONE',  ( 0.000000000000000000, 0.000000000000000000, 1.000000000000000000 ) ) ;
#2906 = DIRECTION ( 'NONE',  ( -0.000000000000000000, -0.000000000000000000, -1.000000000000000000 ) ) ;
#2907 = CARTESIAN_POINT ( 'NONE',  ( -8.886044197740217143, 4.320954074366449404, -19.55648126118296304 ) ) ;
#2908 = AXIS2_PLACEMENT_3D ( 'NONE', #6939, #8373, #5599 ) ;
#2909 = CARTESIAN_POINT ( 'NONE',  ( -7.645579418803352567, 6.198406373954971293, -20.14999999999992397 ) ) ;
#2910 = CARTESIAN_POINT ( 'NONE',  ( 1.976644434005622841, 5.202300301503170132, -20.14999999999999503 ) ) ;
#2911 = B_SPLINE_CURVE_WITH_KNOTS ( 'NONE', 3,
 ( #1122, #6064, #2466, #3908, #1780, #7415, #6711, #386, #8897, #6017 ),
 .UNSPECIFIED., .F., .F.,
 ( 4, 2, 2, 2, 4 ),
 ( 0.000000000000000000, 0.0003933778427753287297, 0.0007867556855506574595, 0.001180133528325986135, 0.001573511371101314919 ),
 .UNSPECIFIED. ) ;
#2912 = VERTEX_POINT ( 'NONE', #8763 ) ;
#2913 = CARTESIAN_POINT ( 'NONE',  ( 15.18794019120791283, 4.860638555981619646, -0.2569991643891784694 ) ) ;
#2914 = ORIENTED_EDGE ( 'NONE', *, *, #3002, .T. ) ;
#2915 = ORIENTED_EDGE ( 'NONE', *, *, #7747, .F. ) ;
#2916 = DIRECTION ( 'NONE',  ( 0.000000000000000000, 0.000000000000000000, -1.000000000000000000 ) ) ;
#2917 = DIRECTION ( 'NONE',  ( 1.000000000000000000, -1.927470528863118950E-15, 0.000000000000000000 ) ) ;
#2918 = CARTESIAN_POINT ( 'NONE',  ( -2.220446049250309925E-15, -6.661338147750940031E-15, 3.999999999999929834 ) ) ;
#2919 = CARTESIAN_POINT ( 'NONE',  ( -5.163042620429665774, -1.217335448572065770, -20.15000000000001634 ) ) ;
#2920 = CARTESIAN_POINT ( 'NONE',  ( -14.30979628794028002, 4.750059318680560416, -0.5000000000000086597 ) ) ;
#2921 = CIRCLE ( 'NONE', #7936, 0.8999999999999998002 ) ;
#2922 = CARTESIAN_POINT ( 'NONE',  ( -8.246465618688525012, 4.324179032440013337, -20.15000000000001634 ) ) ;
#2923 = CYLINDRICAL_SURFACE ( 'NONE', #4459, 1.925000000000449019 ) ;
#2924 = ORIENTED_EDGE ( 'NONE', *, *, #6617, .F. ) ;
#2925 = VECTOR ( 'NONE', #2940, 1000.000000000000000 ) ;
#2926 = DIRECTION ( 'NONE',  ( -0.8660254037844332675, 0.5000000000000092149, -0.000000000000000000 ) ) ;
#2927 = CARTESIAN_POINT ( 'NONE',  ( -1.000000000000212053, -19.32842712474620939, -6.800000000000000711 ) ) ;
#2928 = VERTEX_POINT ( 'NONE', #8063 ) ;
#2929 = CARTESIAN_POINT ( 'NONE',  ( -18.01287825253944774, 8.693126255141772063, -11.89194451125661622 ) ) ;
#2930 = B_SPLINE_CURVE_WITH_KNOTS ( 'NONE', 3,
 ( #1382, #7286, #8637, #6549, #7375, #221, #3744, #6637, #3878, #7242 ),
 .UNSPECIFIED., .F., .F.,
 ( 4, 2, 2, 2, 4 ),
 ( 0.000000000000000000, 0.0004086887539402258305, 0.0008173775078804516609, 0.001226066261820677600, 0.001634755015760903322 ),
 .UNSPECIFIED. ) ;
#2931 = CARTESIAN_POINT ( 'NONE',  ( 3.612615914360879366, -7.531087644080455945, -19.56556290187883107 ) ) ;
#2932 = CARTESIAN_POINT ( 'NONE',  ( 1.664700091659777392, -8.881432408525837374, -20.14999999999999147 ) ) ;
#2933 = AXIS2_PLACEMENT_3D ( 'NONE', #6111, #2605, #482 ) ;
#2934 = CARTESIAN_POINT ( 'NONE',  ( 3.194562410398304575, 6.377866145086764860, -19.57096590577231154 ) ) ;
#2935 = FACE_OUTER_BOUND ( 'NONE', #7230, .T. ) ;
#2936 = VECTOR ( 'NONE', #9067, 1000.000000000000000 ) ;
#2937 = EDGE_LOOP ( 'NONE', ( #1729, #1789, #5127, #496 ) ) ;
#2938 = LINE ( 'NONE', #421, #4442 ) ;
#2939 = EDGE_CURVE ( 'NONE', #2600, #2996, #4105, .T. ) ;
#2940 = DIRECTION ( 'NONE',  ( 0.000000000000000000, 0.000000000000000000, 1.000000000000000000 ) ) ;
#2941 = CARTESIAN_POINT ( 'NONE',  ( 1.178669125964988342E-28, 6.268901968980452702E-29, 0.000000000000000000 ) ) ;
#2942 = EDGE_CURVE ( 'NONE', #2061, #2715, #1686, .T. ) ;
#2943 = CARTESIAN_POINT ( 'NONE',  ( 7.769710758207744483, 0.8862384669104107493, -20.14999999999998792 ) ) ;
#2944 = FACE_OUTER_BOUND ( 'NONE', #6980, .T. ) ;
#2945 = VERTEX_POINT ( 'NONE', #4418 ) ;
#2946 = EDGE_LOOP ( 'NONE', ( #1342, #1878, #9026, #5275 ) ) ;
#2947 = CARTESIAN_POINT ( 'NONE',  ( -1.017225241951370318, -9.785168498642315527, -19.55677149090126576 ) ) ;
#2948 = EDGE_CURVE ( 'NONE', #3005, #7429, #6462, .T. ) ;
#2949 = AXIS2_PLACEMENT_3D ( 'NONE', #4858, #2774, #653 ) ;
#2950 = ORIENTED_EDGE ( 'NONE', *, *, #2282, .F. ) ;
#2951 = DIRECTION ( 'NONE',  ( -0.8660254037844387076, -0.4999999999999998335, 1.517883041479705813E-15 ) ) ;
#2952 = DIRECTION ( 'NONE',  ( -1.000000000000000000, 0.000000000000000000, 0.000000000000000000 ) ) ;
#2953 = CARTESIAN_POINT ( 'NONE',  ( 6.851634061335506232, 0.1082824505236429091, -20.14999999999998792 ) ) ;
#2954 = CARTESIAN_POINT ( 'NONE',  ( -8.967509032751429743, 1.923977306937953324, -19.56101517881240071 ) ) ;
#2955 = ADVANCED_FACE ( 'NONE', ( #2253 ), #812, .T. ) ;
#2956 = CARTESIAN_POINT ( 'NONE',  ( 3.037845862820826248, 6.429570170982480626, -13.13703335437520892 ) ) ;
#2957 = CARTESIAN_POINT ( 'NONE',  ( 0.3043000487208583626, 4.906387928905236784, -20.15000000000000213 ) ) ;
#2958 = AXIS2_PLACEMENT_3D ( 'NONE', #6378, #2916, #1392 ) ;
#2959 = VERTEX_POINT ( 'NONE', #7191 ) ;
#2960 = DIRECTION ( 'NONE',  ( 1.000000000000000000, 0.000000000000000000, 0.000000000000000000 ) ) ;
#2961 = ORIENTED_EDGE ( 'NONE', *, *, #1540, .F. ) ;
#2962 = VERTEX_POINT ( 'NONE', #4463 ) ;
#2963 = DIRECTION ( 'NONE',  ( 0.000000000000000000, 0.000000000000000000, 1.000000000000000000 ) ) ;
#2964 = DIRECTION ( 'NONE',  ( 0.000000000000000000, 0.000000000000000000, 1.000000000000000000 ) ) ;
#2965 = DIRECTION ( 'NONE',  ( -0.9848077530122060219, 0.1736481776669418775, 0.000000000000000000 ) ) ;
#2966 = CARTESIAN_POINT ( 'NONE',  ( -3.936487949592377689, -5.605011041028529206, -19.57182860710464212 ) ) ;
#2967 = VECTOR ( 'NONE', #8840, 1000.000000000000114 ) ;
#2968 = CARTESIAN_POINT ( 'NONE',  ( 9.227638990295730537, -14.09085497966156453, -0.6565626641535018404 ) ) ;
#2969 = CARTESIAN_POINT ( 'NONE',  ( -7.770293991726117788, 0.8869669326165144918, -20.14999999999998437 ) ) ;
#2970 = CARTESIAN_POINT ( 'NONE',  ( -1.688143834696611778, 5.653079883399032113, -12.75101354849710233 ) ) ;
#2971 = ORIENTED_EDGE ( 'NONE', *, *, #2100, .F. ) ;
#2972 = CIRCLE ( 'NONE', #5767, 1.000000000000029976 ) ;
#2973 = CARTESIAN_POINT ( 'NONE',  ( 14.28941916244339971, 8.249999999999779732, 2.200000000000000178 ) ) ;
#2974 = CYLINDRICAL_SURFACE ( 'NONE', #8560, 1.000000000000000000 ) ;
#2975 = EDGE_LOOP ( 'NONE', ( #2513, #5601, #9055, #3929 ) ) ;
#2976 = CARTESIAN_POINT ( 'NONE',  ( -5.213530464874541082, -13.53030303030294945, 0.000000000000000000 ) ) ;
#2977 = CARTESIAN_POINT ( 'NONE',  ( -17.23890890522627473, 8.798188158588908792, -11.00000000000000000 ) ) ;
#2978 = CARTESIAN_POINT ( 'NONE',  ( 2.429395327818147710, -8.276456640568973455, -20.15000000000000924 ) ) ;
#2979 = CIRCLE ( 'NONE', #172, 2.000000000000001776 ) ;
#2980 = AXIS2_PLACEMENT_3D ( 'NONE', #4332, #7043, #5660 ) ;
#2981 = CARTESIAN_POINT ( 'NONE',  ( 2.789873837394794887, 6.163808035950319564, -19.57208152370273879 ) ) ;
#2982 = CARTESIAN_POINT ( 'NONE',  ( -2.620126338115370445E-13, -16.50000000000000000, 4.000000000000000000 ) ) ;
#2983 = CIRCLE ( 'NONE', #2535, 11.99999999999999289 ) ;
#2984 = AXIS2_PLACEMENT_3D ( 'NONE', #4991, #7114, #91 ) ;
#2985 = ORIENTED_EDGE ( 'NONE', *, *, #251, .F. ) ;
#2986 = CARTESIAN_POINT ( 'NONE',  ( 14.28941916244338017, 8.249999999999765521, -0.9999999999999974465 ) ) ;
#2987 = CARTESIAN_POINT ( 'NONE',  ( 5.382493388003301682, -4.698029437836363620, -13.14891407561041703 ) ) ;
#2988 = CARTESIAN_POINT ( 'NONE',  ( 9.103339839827254920, 2.676137054471613208, -19.55905750329431569 ) ) ;
#2989 = DIRECTION ( 'NONE',  ( 1.000000000000000000, 0.000000000000000000, 0.000000000000000000 ) ) ;
#2990 = CONICAL_SURFACE ( 'NONE', #6819, 3.000000000000003109, 0.7853981633974485010 ) ;
#2991 = EDGE_CURVE ( 'NONE', #8164, #605, #6628, .T. ) ;
#2992 = CARTESIAN_POINT ( 'NONE',  ( 5.953812492914107857, 6.241937793863422179, -20.15000000000000213 ) ) ;
#2993 = EDGE_LOOP ( 'NONE', ( #2476, #5263, #4740, #8319 ) ) ;
#2994 = CARTESIAN_POINT ( 'NONE',  ( 0.1252082836134733312, -9.917286590148167491, -19.55622811156354857 ) ) ;
#2995 = CIRCLE ( 'NONE', #6516, 0.9999999999999793499 ) ;
#2996 = VERTEX_POINT ( 'NONE', #6492 ) ;
#2997 = CARTESIAN_POINT ( 'NONE',  ( 8.045951761707918592, -0.4033116019269602504, 3.999999999999949818 ) ) ;
#2998 = CARTESIAN_POINT ( 'NONE',  ( -16.74173180120750004, -2.952019020338040090, 0.000000000000000000 ) ) ;
#2999 = CARTESIAN_POINT ( 'NONE',  ( 5.361158734310626173, 6.324628729129821991, -20.15000000000000213 ) ) ;
#3000 = CARTESIAN_POINT ( 'NONE',  ( -2.252380590526644522, 6.748301881068473840, 0.000000000000000000 ) ) ;
#3001 = CARTESIAN_POINT ( 'NONE',  ( 3.411507319740768374, 5.818583456712421942, -20.15000000000002700 ) ) ;
#3002 = EDGE_CURVE ( 'NONE', #1535, #8780, #7231, .T. ) ;
#3003 = ORIENTED_EDGE ( 'NONE', *, *, #2599, .F. ) ;
#3004 = FACE_OUTER_BOUND ( 'NONE', #8171, .T. ) ;
#3005 = VERTEX_POINT ( 'NONE', #6582 ) ;
#3006 = ORIENTED_EDGE ( 'NONE', *, *, #4210, .T. ) ;
#3007 = DIRECTION ( 'NONE',  ( 1.000000000000000000, 0.000000000000000000, 0.000000000000000000 ) ) ;
#3008 = CARTESIAN_POINT ( 'NONE',  ( 17.23890890522654828, 8.798188158588590824, -11.00000000000000000 ) ) ;
#3009 = LINE ( 'NONE', #5177, #4758 ) ;
#3010 = CARTESIAN_POINT ( 'NONE',  ( -3.632445090541279953, -3.870863254826788058, -20.15000000000001990 ) ) ;
#3011 = CARTESIAN_POINT ( 'NONE',  ( -4.460435928346709211, 6.504191827515017010, 0.000000000000000000 ) ) ;
#3012 = CARTESIAN_POINT ( 'NONE',  ( -16.23890890522624986, 10.53023896615777666, -6.666908016579468743 ) ) ;
#3013 = CARTESIAN_POINT ( 'NONE',  ( -3.037845862820673926, 6.429570170982551680, 0.000000000000000000 ) ) ;
#3014 = ORIENTED_EDGE ( 'NONE', *, *, #6434, .T. ) ;
#3015 = EDGE_CURVE ( 'NONE', #6128, #5074, #3679, .T. ) ;
#3016 = DIRECTION ( 'NONE',  ( -0.8660254037844389297, -0.4999999999999995004, 0.000000000000000000 ) ) ;
#3017 = DIRECTION ( 'NONE',  ( 5.657607552527940360E-16, 8.370529483497670072E-16, 1.000000000000000000 ) ) ;
#3018 = ORIENTED_EDGE ( 'NONE', *, *, #2108, .F. ) ;
#3019 = CARTESIAN_POINT ( 'NONE',  ( 11.39118108707413946, 10.21545655227991212, -0.4857176928734604493 ) ) ;
#3020 = DIRECTION ( 'NONE',  ( 0.000000000000000000, 0.000000000000000000, -1.000000000000000000 ) ) ;
#3021 = DIRECTION ( 'NONE',  ( -1.000000000000000000, 0.000000000000000000, 0.000000000000000000 ) ) ;
#3022 = CARTESIAN_POINT ( 'NONE',  ( 3.226909401221784268, 6.396344714244771801, -19.57087239605679230 ) ) ;
#3023 = ORIENTED_EDGE ( 'NONE', *, *, #19, .F. ) ;
#3024 = CARTESIAN_POINT ( 'NONE',  ( -16.47144156197860809, -0.9703673893550384122, -1.000000000000011324 ) ) ;
#3025 = CARTESIAN_POINT ( 'NONE',  ( 4.718010566148164386, -5.324769750921417355, 0.000000000000000000 ) ) ;
#3026 = CARTESIAN_POINT ( 'NONE',  ( 8.854379739349139911, 1.586561824898699014, -19.56205608730065038 ) ) ;
#3027 = B_SPLINE_CURVE_WITH_KNOTS ( 'NONE', 3,
 ( #2118, #2751, #1418, #2068, #4935, #7750, #7893, #1561, #2852, #816 ),
 .UNSPECIFIED., .F., .F.,
 ( 4, 2, 2, 2, 4 ),
 ( 0.000000000000000000, 0.0004252519844131464558, 0.0008505039688262974653, 0.001275755953239448475, 0.001701007937652599484 ),
 .UNSPECIFIED. ) ;
#3028 = CARTESIAN_POINT ( 'NONE',  ( 18.00000000000000000, 0.000000000000000000, 0.000000000000000000 ) ) ;
#3029 = CIRCLE ( 'NONE', #236, 13.00000000000001599 ) ;
#3030 = VERTEX_POINT ( 'NONE', #902 ) ;
#3031 = CARTESIAN_POINT ( 'NONE',  ( -1.383094810445073097, -9.667849400426703710, -19.55725178886110527 ) ) ;
#3032 = CIRCLE ( 'NONE', #2450, 2.000000000000000444 ) ;
#3033 = VERTEX_POINT ( 'NONE', #5840 ) ;
#3034 = CARTESIAN_POINT ( 'NONE',  ( 14.28941916244339971, 8.249999999999779732, 4.000000000000000000 ) ) ;
#3035 = CARTESIAN_POINT ( 'NONE',  ( 4.025425181350332338, 6.120147180208336479, -20.15000000000001279 ) ) ;
#3036 = CARTESIAN_POINT ( 'NONE',  ( 9.641814145298249983, -11.49066664678460015, 0.000000000000000000 ) ) ;
#3037 = CARTESIAN_POINT ( 'NONE',  ( -3.530143011958671195, 5.885612803209771648, -20.14999999999999858 ) ) ;
#3038 = VECTOR ( 'NONE', #2926, 1000.000000000000114 ) ;
#3039 = ADVANCED_FACE ( 'NONE', ( #8669 ), #2337, .T. ) ;
#3040 = EDGE_LOOP ( 'NONE', ( #3, #8473, #3308, #1190 ) ) ;
#3041 = DIRECTION ( 'NONE',  ( 0.3420201433256598311, -0.9396926207859117586, 0.000000000000000000 ) ) ;
#3042 = ORIENTED_EDGE ( 'NONE', *, *, #8711, .F. ) ;
#3043 = ORIENTED_EDGE ( 'NONE', *, *, #6716, .F. ) ;
#3044 = CARTESIAN_POINT ( 'NONE',  ( 17.79884389200625705, 9.121466773934539418, -6.667923604021607886 ) ) ;
#3045 = DIRECTION ( 'NONE',  ( -0.000000000000000000, -0.000000000000000000, 1.000000000000000000 ) ) ;
#3046 = LINE ( 'NONE', #195, #1655 ) ;
#3047 = AXIS2_PLACEMENT_3D ( 'NONE', #6244, #2093, #4041 ) ;
#3048 = EDGE_CURVE ( 'NONE', #4436, #8849, #256, .T. ) ;
#3049 = CARTESIAN_POINT ( 'NONE',  ( -3.332044898068613925, -5.986613585707865504, -20.15000000000000213 ) ) ;
#3050 = CARTESIAN_POINT ( 'NONE',  ( 3.925990345270615745, -5.977252193185854878, -19.57091130345052932 ) ) ;
#3051 = CARTESIAN_POINT ( 'NONE',  ( -6.858031945564895260, 5.881531687026951616, -20.15000000000000213 ) ) ;
#3052 = CARTESIAN_POINT ( 'NONE',  ( 6.148780366869379677, 3.549999999999837286, 0.000000000000000000 ) ) ;
#3053 = EDGE_CURVE ( 'NONE', #3449, #878, #1602, .T. ) ;
#3054 = VERTEX_POINT ( 'NONE', #3203 ) ;
#3055 = EDGE_CURVE ( 'NONE', #2636, #831, #2575, .T. ) ;
#3056 = CARTESIAN_POINT ( 'NONE',  ( 4.571338100377244196, -1.926792758863249633, -20.15000000000000568 ) ) ;
#3057 = PLANE ( 'NONE',  #8855 ) ;
#3058 = VERTEX_POINT ( 'NONE', #3253 ) ;
#3059 = ADVANCED_FACE ( 'NONE', ( #3344 ), #3819, .F. ) ;
#3060 = CARTESIAN_POINT ( 'NONE',  ( 3.283630647336068353, -15.28386319183846176, -0.3941627911944372564 ) ) ;
#3061 = CARTESIAN_POINT ( 'NONE',  ( 17.18850619988013761, 10.22594305135617709, -5.825991465356300303 ) ) ;
#3062 = DIRECTION ( 'NONE',  ( -0.000000000000000000, -0.000000000000000000, -1.000000000000000000 ) ) ;
#3063 = CARTESIAN_POINT ( 'NONE',  ( 2.335293513882951810, 5.959889518363473471, -19.57320023901400674 ) ) ;
#3064 = EDGE_CURVE ( 'NONE', #7188, #8317, #2911, .T. ) ;
#3065 = AXIS2_PLACEMENT_3D ( 'NONE', #6972, #2169, #1477 ) ;
#3066 = CARTESIAN_POINT ( 'NONE',  ( 0.9999999999997827294, -19.97498435543818829, -11.13226661166930498 ) ) ;
#3067 = ORIENTED_EDGE ( 'NONE', *, *, #448, .F. ) ;
#3068 = CARTESIAN_POINT ( 'NONE',  ( 2.982396578244966179, 5.596004191441397602, -20.15000000000000213 ) ) ;
#3069 = DIRECTION ( 'NONE',  ( 1.000000000000000000, 0.000000000000000000, 0.000000000000000000 ) ) ;
#3070 = CARTESIAN_POINT ( 'NONE',  ( -7.121152422707091034, 3.000000000000417000, -13.14999999999999858 ) ) ;
#3071 = CARTESIAN_POINT ( 'NONE',  ( -0.3915130680000645791, -7.099999999999801581, -13.20000004752827927 ) ) ;
#3072 = CARTESIAN_POINT ( 'NONE',  ( 8.909641900949196724, 1.738098944753310837, -19.56157618991792901 ) ) ;
#3073 = APPLICATION_PROTOCOL_DEFINITION ( 'draft international standard', 'automotive_design', 1998, #8396 ) ;
#3074 = CONICAL_SURFACE ( 'NONE', #4416, 3.000000000000007994, 0.7853981633974467247 ) ;
#3075 = CARTESIAN_POINT ( 'NONE',  ( 6.470874013944034608, 6.074468877740739181, -20.15000000000000213 ) ) ;
#3076 = ORIENTED_EDGE ( 'NONE', *, *, #3788, .F. ) ;
#3077 = CARTESIAN_POINT ( 'NONE',  ( 1.556755055879672334, -9.597783169431123085, -19.55753954060549304 ) ) ;
#3078 = VERTEX_POINT ( 'NONE', #8852 ) ;
#3079 = DIRECTION ( 'NONE',  ( -0.000000000000000000, -0.000000000000000000, -1.000000000000000000 ) ) ;
#3080 = B_SPLINE_CURVE_WITH_KNOTS ( 'NONE', 3,
 ( #733, #43, #4895, #2858, #7714, #4297, #1381, #4203, #7113, #782 ),
 .UNSPECIFIED., .F., .F.,
 ( 4, 2, 2, 2, 4 ),
 ( 0.000000000000000000, 0.0004086887539402279446, 0.0008173775078804583830, 0.001226066261820688875, 0.001634755015760919368 ),
 .UNSPECIFIED. ) ;
#3081 = CARTESIAN_POINT ( 'NONE',  ( -2.692702831541548092E-13, -16.50000000000000355, -12.00000000000000000 ) ) ;
#3082 = AXIS2_PLACEMENT_3D ( 'NONE', #8334, #626, #7694 ) ;
#3083 = CARTESIAN_POINT ( 'NONE',  ( -3.233187362300586010, 6.399955218333902351, -19.57085359160665305 ) ) ;
#3084 = DIRECTION ( 'NONE',  ( 0.000000000000000000, 0.000000000000000000, 1.000000000000000000 ) ) ;
#3085 = CARTESIAN_POINT ( 'NONE',  ( -3.051454771495687446, 5.630155156141367634, -20.15000000000000213 ) ) ;
#3086 = ORIENTED_EDGE ( 'NONE', *, *, #1925, .T. ) ;
#3087 = CARTESIAN_POINT ( 'NONE',  ( -3.529361253884786720, 5.885163202879862610, -20.14999999999999858 ) ) ;
#3088 = CIRCLE ( 'NONE', #8245, 0.9999999999999744649 ) ;
#3089 = ORIENTED_EDGE ( 'NONE', *, *, #414, .T. ) ;
#3090 = ORIENTED_EDGE ( 'NONE', *, *, #6151, .T. ) ;
#3091 = DIRECTION ( 'NONE',  ( 0.000000000000000000, 0.000000000000000000, -1.000000000000000000 ) ) ;
#3092 = DIRECTION ( 'NONE',  ( 1.000000000000000000, 0.000000000000000000, 0.000000000000000000 ) ) ;
#3093 = DIRECTION ( 'NONE',  ( 0.000000000000000000, 0.000000000000000000, 1.000000000000000000 ) ) ;
#3094 = CARTESIAN_POINT ( 'NONE',  ( -3.655013382026682134, -3.796886154159321070, -20.14999999999998082 ) ) ;
#3095 = EDGE_CURVE ( 'NONE', #2543, #7928, #4684, .T. ) ;
#3096 = CARTESIAN_POINT ( 'NONE',  ( 3.925972822639784976, -5.981713485637437877, -19.57090027358096052 ) ) ;
#3097 = CARTESIAN_POINT ( 'NONE',  ( -4.544323512356347017, 6.266080668411689203, -20.14999999999998082 ) ) ;
#3098 = CARTESIAN_POINT ( 'NONE',  ( 4.055294642910032721, -4.288965480209411929, -20.15000000000002700 ) ) ;
#3099 = EDGE_CURVE ( 'NONE', #3674, #8072, #2560, .T. ) ;
#3100 = ORIENTED_EDGE ( 'NONE', *, *, #6284, .F. ) ;
#3101 = CARTESIAN_POINT ( 'NONE',  ( 3.705922326117274235, -3.638149764624458271, -20.15000000000000213 ) ) ;
#3102 = CARTESIAN_POINT ( 'NONE',  ( -4.399933215955577737, -16.52424242424235246, 0.000000000000000000 ) ) ;
#3103 = VECTOR ( 'NONE', #5664, 1000.000000000000000 ) ;
#3104 = CARTESIAN_POINT ( 'NONE',  ( -12.68941916244309986, 8.250000000000220268, -3.000000000000001332 ) ) ;
#3105 = EDGE_LOOP ( 'NONE', ( #6430, #1982, #4726, #6954 ) ) ;
#3106 = DIRECTION ( 'NONE',  ( -4.440892098500630106E-16, 1.000000000000000000, 0.000000000000000000 ) ) ;
#3107 = DIRECTION ( 'NONE',  ( 0.000000000000000000, 0.000000000000000000, -1.000000000000000000 ) ) ;
#3108 = LINE ( 'NONE', #5966, #3192 ) ;
#3109 = CARTESIAN_POINT ( 'NONE',  ( 3.123788214370016636, 6.338148872889574292, -19.57116838502747314 ) ) ;
#3110 = CIRCLE ( 'NONE', #4305, 3.500000000000000000 ) ;
#3111 = EDGE_CURVE ( 'NONE', #3887, #790, #4850, .T. ) ;
#3112 = CARTESIAN_POINT ( 'NONE',  ( -10.59908938649442689, 6.702025222256328796, -5.926760302429319616 ) ) ;
#3113 = ORIENTED_EDGE ( 'NONE', *, *, #637, .F. ) ;
#3114 = FACE_OUTER_BOUND ( 'NONE', #5727, .T. ) ;
#3115 = AXIS2_PLACEMENT_3D ( 'NONE', #5675, #643, #6457 ) ;
#3116 = CARTESIAN_POINT ( 'NONE',  ( -1.000000000000212941, -19.32842712474620939, -6.666908016579468743 ) ) ;
#3117 = DIRECTION ( 'NONE',  ( -0.000000000000000000, -0.000000000000000000, 1.000000000000000000 ) ) ;
#3118 = CARTESIAN_POINT ( 'NONE',  ( 6.970391156674932809, -1.423532130147187269, -13.13741828360688224 ) ) ;
#3119 = CARTESIAN_POINT ( 'NONE',  ( 8.966947941205338779, 1.922054434021899016, -19.56102091215900174 ) ) ;
#3120 = AXIS2_PLACEMENT_3D ( 'NONE', #6121, #8951, #8862 ) ;
#3121 = AXIS2_PLACEMENT_3D ( 'NONE', #4770, #7583, #2042 ) ;
#3122 = CARTESIAN_POINT ( 'NONE',  ( -1.435141537005035106, -19.13682969947048562, -11.83600841657410996 ) ) ;
#3123 = ADVANCED_FACE ( 'NONE', ( #7453 ), #3952, .F. ) ;
#3124 = VERTEX_POINT ( 'NONE', #1868 ) ;
#3125 = CARTESIAN_POINT ( 'NONE',  ( 0.6377017607481356709, -9.866964928212695440, -19.55643627898882642 ) ) ;
#3126 = EDGE_LOOP ( 'NONE', ( #2531, #6070, #744, #3180 ) ) ;
#3127 = LINE ( 'NONE', #3829, #5724 ) ;
#3128 = AXIS2_PLACEMENT_3D ( 'NONE', #5905, #8783, #2403 ) ;
#3129 = DIRECTION ( 'NONE',  ( -0.000000000000000000, -0.000000000000000000, 1.000000000000000000 ) ) ;
#3130 = CARTESIAN_POINT ( 'NONE',  ( 3.723176115441841905, 5.990244765860547105, -20.15000000000000213 ) ) ;
#3131 = FACE_OUTER_BOUND ( 'NONE', #6456, .T. ) ;
#3132 = CYLINDRICAL_SURFACE ( 'NONE', #8796, 4.000000000000001776 ) ;
#3133 = EDGE_LOOP ( 'NONE', ( #6033, #99, #8350, #178, #6998, #2785, #4774, #2587, #4373, #4704, #3226, #800, #2175, #7474, #6303, #8594, #3516, #721, #7432, #909, #1910 ) ) ;
#3134 = B_SPLINE_CURVE_WITH_KNOTS ( 'NONE', 3,
 ( #8922, #464, #8837, #7621, #5410, #1107 ),
 .UNSPECIFIED., .F., .F.,
 ( 4, 2, 4 ),
 ( 0.000000000000000000, 0.0005382675951771211716, 0.001076535190354242343 ),
 .UNSPECIFIED. ) ;
#3135 = CARTESIAN_POINT ( 'NONE',  ( -3.041226104510254657, -14.76767676767672555, -0.4999999999999917843 ) ) ;
#3136 = AXIS2_PLACEMENT_3D ( 'NONE', #1074, #3811, #1026 ) ;
#3137 = ORIENTED_EDGE ( 'NONE', *, *, #3138, .F. ) ;
#3138 = EDGE_CURVE ( 'NONE', #544, #7770, #7497, .T. ) ;
#3139 = ORIENTED_EDGE ( 'NONE', *, *, #8933, .T. ) ;
#3140 = CARTESIAN_POINT ( 'NONE',  ( -10.28941916244310129, 8.250000000000241585, -12.00000000000000000 ) ) ;
#3141 = CARTESIAN_POINT ( 'NONE',  ( 16.59992520497057811, 10.16734712157518672, -5.927256009146251614 ) ) ;
#3142 = CARTESIAN_POINT ( 'NONE',  ( -8.229151123290005643, 1.625835153234115538, -20.14999999999999858 ) ) ;
#3143 = CARTESIAN_POINT ( 'NONE',  ( -3.341452480308427564, -5.612090503146117904, -20.15000000000001279 ) ) ;
#3144 = DIRECTION ( 'NONE',  ( 0.000000000000000000, 0.000000000000000000, 1.000000000000000000 ) ) ;
#3145 = CARTESIAN_POINT ( 'NONE',  ( -3.624667352767657391, 5.939987535330617519, -20.14999999999999147 ) ) ;
#3146 = CARTESIAN_POINT ( 'NONE',  ( -4.646848268369236479, 5.368210975755968839, 0.000000000000000000 ) ) ;
#3147 = ORIENTED_EDGE ( 'NONE', *, *, #2386, .T. ) ;
#3148 = CARTESIAN_POINT ( 'NONE',  ( 3.396355175160445938, -4.996340605754205910, -20.15000000000000213 ) ) ;
#3149 = CARTESIAN_POINT ( 'NONE',  ( 0.000000000000000000, 0.000000000000000000, 0.000000000000000000 ) ) ;
#3150 = CARTESIAN_POINT ( 'NONE',  ( 0.9999999999998584466, -12.62701665379262117, -11.13839124370880995 ) ) ;
#3151 = CARTESIAN_POINT ( 'NONE',  ( 15.88941916244340113, 8.249999999999779732, -3.000000000000001332 ) ) ;
#3152 = CARTESIAN_POINT ( 'NONE',  ( 16.79884389200626060, 10.85351758150342505, -6.535847726204216279 ) ) ;
#3153 = DIRECTION ( 'NONE',  ( 0.000000000000000000, 0.000000000000000000, -1.000000000000000000 ) ) ;
#3154 = EDGE_CURVE ( 'NONE', #3795, #4824, #3369, .T. ) ;
#3155 = DIRECTION ( 'NONE',  ( 0.6427876096865462463, 0.7660444431189722403, 0.000000000000000000 ) ) ;
#3156 = ORIENTED_EDGE ( 'NONE', *, *, #8095, .T. ) ;
#3157 = CARTESIAN_POINT ( 'NONE',  ( 3.460630090515736335, 5.845943867046843323, -20.14999999999999858 ) ) ;
#3158 = DIRECTION ( 'NONE',  ( -1.000000000000000000, 0.000000000000000000, 0.000000000000000000 ) ) ;
#3159 = CARTESIAN_POINT ( 'NONE',  ( -1.780836621416743482, -14.08185077457905088, -11.98316182374498240 ) ) ;
#3160 = ADVANCED_FACE ( 'NONE', ( #3304 ), #1453, .F. ) ;
#3161 = CARTESIAN_POINT ( 'NONE',  ( 3.386065327529325319, -6.277589482535963050, -13.14533029738477055 ) ) ;
#3162 = CARTESIAN_POINT ( 'NONE',  ( 8.767618575711914275, 1.378264394741273380, -19.56274572418064395 ) ) ;
#3163 = CARTESIAN_POINT ( 'NONE',  ( 0.000000000000000000, 0.000000000000000000, 0.000000000000000000 ) ) ;
#3164 = EDGE_CURVE ( 'NONE', #362, #8902, #8094, .T. ) ;
#3165 = CARTESIAN_POINT ( 'NONE',  ( 6.861381477469353563, 0.1139349101715232127, -20.14999999999999858 ) ) ;
#3166 = EDGE_LOOP ( 'NONE', ( #7251, #5839, #3457, #4154 ) ) ;
#3167 = DIRECTION ( 'NONE',  ( 1.000000000000000000, 0.000000000000000000, 0.000000000000000000 ) ) ;
#3168 = ORIENTED_EDGE ( 'NONE', *, *, #7751, .F. ) ;
#3169 = EDGE_CURVE ( 'NONE', #8810, #604, #8982, .T. ) ;
#3170 = DIRECTION ( 'NONE',  ( 0.000000000000000000, 0.000000000000000000, -1.000000000000000000 ) ) ;
#3171 = CARTESIAN_POINT ( 'NONE',  ( 0.000000000000000000, 0.000000000000000000, -12.00000000000000000 ) ) ;
#3172 = CARTESIAN_POINT ( 'NONE',  ( 4.654072741920869838, 6.285917677011700455, -20.14999999999999503 ) ) ;
#3173 = CYLINDRICAL_SURFACE ( 'NONE', #7406, 1.600000000000000755 ) ;
#3174 = CARTESIAN_POINT ( 'NONE',  ( -3.411618695540164392, 5.818614185361933089, -20.14999999999998082 ) ) ;
#3175 = EDGE_CURVE ( 'NONE', #6417, #3528, #2262, .T. ) ;
#3176 = AXIS2_PLACEMENT_3D ( 'NONE', #1167, #8935, #2738 ) ;
#3177 = ORIENTED_EDGE ( 'NONE', *, *, #3197, .T. ) ;
#3178 = FACE_OUTER_BOUND ( 'NONE', #8634, .T. ) ;
#3179 = ORIENTED_EDGE ( 'NONE', *, *, #4303, .T. ) ;
#3180 = ORIENTED_EDGE ( 'NONE', *, *, #6488, .T. ) ;
#3181 = CARTESIAN_POINT ( 'NONE',  ( -1.020501366733273629, -9.165402234476369259, -20.15000000000000213 ) ) ;
#3182 = DIRECTION ( 'NONE',  ( 0.000000000000000000, 0.000000000000000000, -1.000000000000000000 ) ) ;
#3183 = LINE ( 'NONE', #7341, #5927 ) ;
#3184 = DIRECTION ( 'NONE',  ( -0.000000000000000000, -0.000000000000000000, 1.000000000000000000 ) ) ;
#3185 = CARTESIAN_POINT ( 'NONE',  ( 5.342206987272226648, -1.909760405827078733, -19.57542663008769779 ) ) ;
#3186 = CARTESIAN_POINT ( 'NONE',  ( -5.709239704610571842, 6.288104289953145631, -20.14999999999999858 ) ) ;
#3187 = CARTESIAN_POINT ( 'NONE',  ( 3.924999999999962519, -6.506284946773680744, -12.76296664562476479 ) ) ;
#3188 = ORIENTED_EDGE ( 'NONE', *, *, #7632, .T. ) ;
#3189 = DIRECTION ( 'NONE',  ( -0.6427876096865502431, -0.7660444431189690206, 0.000000000000000000 ) ) ;
#3190 = CARTESIAN_POINT ( 'NONE',  ( -11.83104277130095028, 6.526272827731064652, -5.826525510891693571 ) ) ;
#3191 = CARTESIAN_POINT ( 'NONE',  ( -13.01044710970864671, 12.07257515209366616, 4.000000000000000000 ) ) ;
#3192 = VECTOR ( 'NONE', #4590, 1000.000000000000114 ) ;
#3193 = CARTESIAN_POINT ( 'NONE',  ( 1.411214194168829872, -12.75580349778323708, -11.81918633020623410 ) ) ;
#3194 = CARTESIAN_POINT ( 'NONE',  ( -4.372253973763241319, -6.766342822299140636, 0.000000000000000000 ) ) ;
#3195 = CARTESIAN_POINT ( 'NONE',  ( -10.28941916244310484, 8.112050605381778468, -12.00000000000000000 ) ) ;
#3196 = CARTESIAN_POINT ( 'NONE',  ( 16.51038032566422231, 4.451667272148672971, 0.000000000000000000 ) ) ;
#3197 = EDGE_CURVE ( 'NONE', #7608, #4351, #6319, .T. ) ;
#3198 = AXIS2_PLACEMENT_3D ( 'NONE', #8384, #7739, #8480 ) ;
#3199 = CARTESIAN_POINT ( 'NONE',  ( -5.196152422706641794, 3.000000000000417000, -20.14999999999999858 ) ) ;
#3200 = VERTEX_POINT ( 'NONE', #4229 ) ;
#3201 = CARTESIAN_POINT ( 'NONE',  ( -10.96344631512967993, 6.024585811530327462, -5.826815694716462879 ) ) ;
#3202 = DIRECTION ( 'NONE',  ( 0.000000000000000000, 0.000000000000000000, 1.000000000000000000 ) ) ;
#3203 = CARTESIAN_POINT ( 'NONE',  ( -17.28941916244309951, 8.250000000000220268, -3.000000000000000888 ) ) ;
#3204 = CARTESIAN_POINT ( 'NONE',  ( -4.684681853930910300, -2.704831851990263658, -20.14999999999998437 ) ) ;
#3205 = AXIS2_PLACEMENT_3D ( 'NONE', #289, #8751, #4451 ) ;
#3206 = DIRECTION ( 'NONE',  ( 0.4999999999999941158, -0.8660254037844421493, 0.000000000000000000 ) ) ;
#3207 = ADVANCED_FACE ( 'NONE', ( #2147 ), #1361, .F. ) ;
#3208 = EDGE_CURVE ( 'NONE', #3809, #6327, #621, .T. ) ;
#3209 = DIRECTION ( 'NONE',  ( 0.000000000000000000, 0.000000000000000000, -1.000000000000000000 ) ) ;
#3210 = AXIS2_PLACEMENT_3D ( 'NONE', #125, #3731, #4506 ) ;
#3211 = EDGE_LOOP ( 'NONE', ( #7905, #77 ) ) ;
#3212 = CARTESIAN_POINT ( 'NONE',  ( 8.171072174511008868, 0.4399415706748749932, -19.56642228084801971 ) ) ;
#3213 = ORIENTED_EDGE ( 'NONE', *, *, #3429, .F. ) ;
#3214 = CARTESIAN_POINT ( 'NONE',  ( -3.475686976583116650, -14.52020202020196571, -12.00000000000000000 ) ) ;
#3215 = DIRECTION ( 'NONE',  ( 0.000000000000000000, 0.000000000000000000, 1.000000000000000000 ) ) ;
#3216 = DIRECTION ( 'NONE',  ( 1.000000000000000000, 0.000000000000000000, 0.000000000000000000 ) ) ;
#3217 = CARTESIAN_POINT ( 'NONE',  ( 8.259078358285735888, 1.698385896057174271, -20.14999999999999858 ) ) ;
#3218 = CARTESIAN_POINT ( 'NONE',  ( 8.338411484954106001, 5.407447653643644436, -12.70000004752828104 ) ) ;
#3219 = VECTOR ( 'NONE', #5883, 1000.000000000000000 ) ;
#3220 = CARTESIAN_POINT ( 'NONE',  ( -3.487899339642691832, 5.861448676531857416, -20.15000000000000568 ) ) ;
#3221 = EDGE_CURVE ( 'NONE', #427, #3479, #5560, .T. ) ;
#3222 = EDGE_CURVE ( 'NONE', #4824, #7199, #2630, .T. ) ;
#3223 = ORIENTED_EDGE ( 'NONE', *, *, #864, .T. ) ;
#3224 = CARTESIAN_POINT ( 'NONE',  ( 0.9999999999997825073, -19.97498435543819184, -11.00000000000000000 ) ) ;
#3225 = EDGE_LOOP ( 'NONE', ( #3261, #9059, #7982, #6735, #1889, #804, #8826, #5652, #7937, #6956, #2390, #2756, #5170, #6130, #7075, #4942, #5210, #7867, #5535, #4032, #2915, #112, #3014, #7473, #7058, #8236 ) ) ;
#3226 = ORIENTED_EDGE ( 'NONE', *, *, #5702, .T. ) ;
#3227 = CARTESIAN_POINT ( 'NONE',  ( 3.033078448350094547, -7.374319710707897713, -20.15000000000000213 ) ) ;
#3228 = CIRCLE ( 'NONE', #8695, 0.9000000000000000222 ) ;
#3229 = DIRECTION ( 'NONE',  ( -1.000000000000000000, 1.028313268071524660E-14, 0.000000000000000000 ) ) ;
#3230 = EDGE_CURVE ( 'NONE', #9137, #3603, #8382, .T. ) ;
#3231 = CARTESIAN_POINT ( 'NONE',  ( 12.33992941966007528, 5.969761033842370779, -6.666904682248426361 ) ) ;
#3232 = CARTESIAN_POINT ( 'NONE',  ( 5.060523452173683268, -2.273350575620549652, -19.57581104902246949 ) ) ;
#3233 = CARTESIAN_POINT ( 'NONE',  ( -8.348587684341557846, 0.6633136369004297705, -19.56544994913520696 ) ) ;
#3234 = CARTESIAN_POINT ( 'NONE',  ( 3.726472768734413243, -7.526453961572666884, -12.75466970261523159 ) ) ;
#3235 = ORIENTED_EDGE ( 'NONE', *, *, #126, .F. ) ;
#3236 = CARTESIAN_POINT ( 'NONE',  ( 8.350085054514669173E-14, -1.968529202511370056E-14, 0.000000000000000000 ) ) ;
#3237 = EDGE_LOOP ( 'NONE', ( #9076, #5981, #4296, #6480, #5411, #342 ) ) ;
#3238 = CARTESIAN_POINT ( 'NONE',  ( 1.178669125964988342E-28, 6.268901968980452702E-29, -0.9999999999999974465 ) ) ;
#3239 = LINE ( 'NONE', #607, #2813 ) ;
#3240 = CARTESIAN_POINT ( 'NONE',  ( -3.588738799873115504, -4.018541528485029879, -20.15000000000000213 ) ) ;
#3241 = EDGE_CURVE ( 'NONE', #781, #9137, #4411, .T. ) ;
#3242 = FACE_OUTER_BOUND ( 'NONE', #7561, .T. ) ;
#3243 = AXIS2_PLACEMENT_3D ( 'NONE', #6004, #8049, #4406 ) ;
#3244 = DIRECTION ( 'NONE',  ( 1.028313268071524818E-14, 1.000000000000000000, -0.000000000000000000 ) ) ;
#3245 = DIRECTION ( 'NONE',  ( -0.000000000000000000, -0.000000000000000000, 1.000000000000000000 ) ) ;
#3246 = ORIENTED_EDGE ( 'NONE', *, *, #8306, .T. ) ;
#3247 = AXIS2_PLACEMENT_3D ( 'NONE', #2275, #3091, #5087 ) ;
#3248 = FACE_OUTER_BOUND ( 'NONE', #7853, .T. ) ;
#3249 = EDGE_CURVE ( 'NONE', #4570, #5264, #4923, .T. ) ;
#3250 = ORIENTED_EDGE ( 'NONE', *, *, #701, .T. ) ;
#3251 = CARTESIAN_POINT ( 'NONE',  ( 2.193277928484983264, 5.271600675104773259, -20.14999999999999858 ) ) ;
#3252 = PLANE ( 'NONE',  #5206 ) ;
#3253 = CARTESIAN_POINT ( 'NONE',  ( -3.871152422706205076, 3.000000000000417444, -13.14999999999999858 ) ) ;
#3254 = CARTESIAN_POINT ( 'NONE',  ( -1.545187673422728114, -9.720469190312602592, -12.70582745357869037 ) ) ;
#3255 = AXIS2_PLACEMENT_3D ( 'NONE', #333, #2456, #8098 ) ;
#3256 = DIRECTION ( 'NONE',  ( 0.6427876096865490219, -0.7660444431189699088, 0.000000000000000000 ) ) ;
#3257 = CARTESIAN_POINT ( 'NONE',  ( 8.348168371089712991, 1.927745241413091781, -20.14999999999999858 ) ) ;
#3258 = AXIS2_PLACEMENT_3D ( 'NONE', #3414, #455, #3229 ) ;
#3259 = ORIENTED_EDGE ( 'NONE', *, *, #2043, .T. ) ;
#3260 = CARTESIAN_POINT ( 'NONE',  ( 8.291183750384911733, 0.5882090501469081634, -19.56577145240454740 ) ) ;
#3261 = ORIENTED_EDGE ( 'NONE', *, *, #5370, .T. ) ;
#3262 = DIRECTION ( 'NONE',  ( 1.000000000000000000, 0.000000000000000000, 0.000000000000000000 ) ) ;
#3263 = CARTESIAN_POINT ( 'NONE',  ( -17.36494312029017095, -2.169965536382373550, 0.000000000000000000 ) ) ;
#3264 = CARTESIAN_POINT ( 'NONE',  ( 14.28941916244339971, 8.249999999999779732, 4.000000000000000000 ) ) ;
#3265 = CARTESIAN_POINT ( 'NONE',  ( 8.494151361493441854, 2.562114633457509782, -20.14999999999999858 ) ) ;
#3266 = ADVANCED_FACE ( 'NONE', ( #6993 ), #4968, .F. ) ;
#3267 = DIRECTION ( 'NONE',  ( -0.000000000000000000, -0.000000000000000000, -1.000000000000000000 ) ) ;
#3268 = VECTOR ( 'NONE', #2906, 1000.000000000000000 ) ;
#3269 = B_SPLINE_CURVE_WITH_KNOTS ( 'NONE', 3,
 ( #6294, #9129, #5015, #1551, #206, #3019, #8526, #2192 ),
 .UNSPECIFIED., .F., .F.,
 ( 4, 2, 2, 4 ),
 ( 0.000000000000000000, 0.0006897198902689112045, 0.001034579835403366807, 0.001379439780537822409 ),
 .UNSPECIFIED. ) ;
#3270 = VECTOR ( 'NONE', #3538, 1000.000000000000000 ) ;
#3271 = CARTESIAN_POINT ( 'NONE',  ( 0.9999999999997701838, -21.18131433805521624, -5.800000000000000711 ) ) ;
#3272 = ORIENTED_EDGE ( 'NONE', *, *, #7494, .F. ) ;
#3273 = ORIENTED_EDGE ( 'NONE', *, *, #2595, .F. ) ;
#3274 = VERTEX_POINT ( 'NONE', #713 ) ;
#3275 = CARTESIAN_POINT ( 'NONE',  ( 2.192762493272151225, -8.502653707987002818, -20.15000000000000568 ) ) ;
#3276 = AXIS2_PLACEMENT_3D ( 'NONE', #6692, #4574, #5955 ) ;
#3277 = VERTEX_POINT ( 'NONE', #1264 ) ;
#3278 = CARTESIAN_POINT ( 'NONE',  ( 6.803226280301215567, 16.12346464563430715, 0.000000000000000000 ) ) ;
#3279 = CARTESIAN_POINT ( 'NONE',  ( 0.9999999999997820632, -19.97498435543818829, 0.000000000000000000 ) ) ;
#3280 = CARTESIAN_POINT ( 'NONE',  ( 3.332085128098787763, -5.974733301928241147, -20.14999999999998792 ) ) ;
#3281 = CARTESIAN_POINT ( 'NONE',  ( -8.562830695655499369, 0.9858389420455097030, -19.56415974612911057 ) ) ;
#3282 = EDGE_CURVE ( 'NONE', #42, #3874, #6757, .T. ) ;
#3283 = CARTESIAN_POINT ( 'NONE',  ( -3.925000000000036238, -5.426196494184017283, -20.14999999999999503 ) ) ;
#3284 = CARTESIAN_POINT ( 'NONE',  ( -1.329826899546953545, 5.643101241158649195, -19.57505006767708267 ) ) ;
#3285 = B_SPLINE_SURFACE_WITH_KNOTS ( 'NONE', 1, 3, ( 
 ( #412, #4625, #6563, #7392, #1712, #4443, #8741, #3096, #3050, #5317, #5227, #5957, #7954, #1103, #8001, #4577, #235, #5864, #7259, #8088, #1016, #3800, #6606, #8692, #2359, #1808, #8043, #3845, #6652, #1061, #8785, #2446, #5271, #3232, #1759, #3892, #6694, #368, #3185, #5998, #6740, #2320, #8832, #8132, #5132, #3933, #4161, #6973, #3323, #6135, #6041, #5451, #9010, #2582, #8963, #1989, #4113, #2540, #1148, #6926, #1336, #3978, #4664, #1197, #1849, #7478, #6833, #2677, #2629, #1894, #8177, #4026, #2721, #1243, #4849, #2033, #5499, #547, #504, #8268, #6785, #645, #4069, #3368 ),
 ( #5405, #1944, #6182, #4762, #7570, #5364, #8918, #458, #3280, #6091, #8221, #6875, #4712, #7522, #8313, #4802, #8875, #7615, #7665, #1287, #597, #3417, #6231, #9062, #5538, #8357, #2221, #4946, #7811, #3464, #7760, #5583, #5678, #8598, #2811, #8456, #8405, #7717, #2126, #7860, #1528, #825, #1426, #2078, #5079, #785, #6273, #7016, #5038, #9104, #1383, #6367, #4254, #4348, #7160, #1478, #6459, #4301, #46, #4206, #2266, #7065, #2861, #138, #736, #2762, #5632, #3559, #1566, #4900, #8502, #688, #8552, #3653, #2953, #2170, #3508, #5765, #4993, #6318, #7118, #7898, #3608, #6412 ) ),
 .UNSPECIFIED., .F., .F., .F.,
 ( 2, 2 ),
 ( 4, 2, 2, 2, 2, 2, 2, 2, 2, 2, 2, 2, 2, 2, 2, 2, 2, 2, 2, 2, 2, 2, 2, 2, 2, 2, 2, 2, 2, 2, 2, 2, 2, 2, 2, 2, 2, 2, 2, 2, 2, 4 ),
 ( 0.000000000000000000, 1.000000000000000000 ),
 ( -9.000510794525927449E-07, 2.697772434909544810E-06, 6.295595949271682366E-06, 1.349124297799595748E-05, 2.788253703544450770E-05, 5.666512515034160814E-05, 0.0001142303013801358090, 0.0002293606538397242108, 0.0004596213587589010143, 0.0009201427685972546214, 0.001380664178435608283, 0.001841185588273961836, 0.002301706998112315605, 0.002762228407950669158, 0.003222749817789022711, 0.003683271227627376264, 0.004143792637465729817, 0.004604314047304083370, 0.004719444399763671541, 0.004834574752223260580, 0.005064835457142436922, 0.005295096162061613265, 0.005525356866980790475, 0.005985878276819144028, 0.006446399686657497581, 0.006676660391576674791, 0.006906921096495851134, 0.007022051448955439305, 0.007137181801415027477, 0.007194746977644821996, 0.007252312153874616515, 0.007281094741989513341, 0.007309877330104410167, 0.007324268624161858580, 0.007338659918219306993, 0.007345855565248031634, 0.007353051212276756274, 0.007356649035791118160, 0.007360246859305480047, 0.007363844682819841933, 0.007365643594577022876, 0.007367442506334204687 ),
 .UNSPECIFIED. ) ;
#3286 = AXIS2_PLACEMENT_3D ( 'NONE', #69, #2883, #5965 ) ;
#3287 = EDGE_CURVE ( 'NONE', #7177, #7769, #2694, .T. ) ;
#3288 = VERTEX_POINT ( 'NONE', #554 ) ;
#3289 = CARTESIAN_POINT ( 'NONE',  ( 12.11044710970903360, 12.07257515209327536, 0.000000000000000000 ) ) ;
#3290 = CARTESIAN_POINT ( 'NONE',  ( 7.502307577088333623, 14.88791316675235521, -0.8286641378007266745 ) ) ;
#3291 = DIRECTION ( 'NONE',  ( 5.695779570086170146E-16, 1.564902575500329879E-15, 1.000000000000000000 ) ) ;
#3292 = CARTESIAN_POINT ( 'NONE',  ( -3.341162721539364888, -5.612332900741638042, -20.14999999999999858 ) ) ;
#3293 = DIRECTION ( 'NONE',  ( -0.4442981551414534880, 0.5500901283770693873, 0.7071067811865476838 ) ) ;
#3294 = AXIS2_PLACEMENT_3D ( 'NONE', #6473, #7827, #6383 ) ;
#3295 = CARTESIAN_POINT ( 'NONE',  ( 8.453565949166350180, 5.179401898718825947, -19.55625501251686060 ) ) ;
#3296 = CARTESIAN_POINT ( 'NONE',  ( 5.472322293210499566, 15.03508193257459880, 0.000000000000000000 ) ) ;
#3297 = ADVANCED_FACE ( 'NONE', ( #4669 ), #5367, .F. ) ;
#3298 = ADVANCED_FACE ( 'NONE', ( #8969 ), #2634, .F. ) ;
#3299 = ORIENTED_EDGE ( 'NONE', *, *, #5710, .T. ) ;
#3300 = DIRECTION ( 'NONE',  ( 0.000000000000000000, 0.000000000000000000, -1.000000000000000000 ) ) ;
#3301 = ORIENTED_EDGE ( 'NONE', *, *, #3241, .T. ) ;
#3302 = LINE ( 'NONE', #5558, #5106 ) ;
#3303 = CARTESIAN_POINT ( 'NONE',  ( -2.820600353945222238, -8.724194518977503421, -19.56103021227475125 ) ) ;
#3304 = FACE_OUTER_BOUND ( 'NONE', #2413, .T. ) ;
#3305 = CARTESIAN_POINT ( 'NONE',  ( -9.190767092226129975, 3.522062816357630854, -12.70582773874839688 ) ) ;
#3306 = CARTESIAN_POINT ( 'NONE',  ( 0.000000000000000000, 0.000000000000000000, 0.000000000000000000 ) ) ;
#3307 = DIRECTION ( 'NONE',  ( -0.3420201363244088633, 0.9396926233341584833, 0.000000000000000000 ) ) ;
#3308 = ORIENTED_EDGE ( 'NONE', *, *, #4917, .T. ) ;
#3309 = CARTESIAN_POINT ( 'NONE',  ( -3.113040705113307105, -8.385403225721391962, -19.56234926127330098 ) ) ;
#3310 = EDGE_LOOP ( 'NONE', ( #923, #8206, #4043, #4165 ) ) ;
#3311 = LINE ( 'NONE', #1134, #8089 ) ;
#3312 = DIRECTION ( 'NONE',  ( -1.000000000000000000, 0.000000000000000000, 0.000000000000000000 ) ) ;
#3313 = CARTESIAN_POINT ( 'NONE',  ( 8.522571789900453609, 2.998161643192422066, -20.15000000000000924 ) ) ;
#3314 = CARTESIAN_POINT ( 'NONE',  ( 5.482378891505489720E-15, -3.826917509071229807E-15, 3.999999999999949818 ) ) ;
#3315 = DIRECTION ( 'NONE',  ( 0.000000000000000000, 0.000000000000000000, 1.000000000000000000 ) ) ;
#3316 = EDGE_LOOP ( 'NONE', ( #8685, #2902, #6911, #1752 ) ) ;
#3317 = EDGE_LOOP ( 'NONE', ( #6555, #9014, #4705, #7835, #1079, #6328, #1605, #1565 ) ) ;
#3318 = EDGE_LOOP ( 'NONE', ( #1322, #2227, #9150, #3137 ) ) ;
#3319 = CARTESIAN_POINT ( 'NONE',  ( 3.218214003543989676, -6.863505293181075828, -20.15000000000000568 ) ) ;
#3320 = ORIENTED_EDGE ( 'NONE', *, *, #8967, .T. ) ;
#3321 = CARTESIAN_POINT ( 'NONE',  ( 0.2642787975003662582, -12.50691592769436689, -5.826815694716462879 ) ) ;
#3322 = CARTESIAN_POINT ( 'NONE',  ( 7.121152422706618523, 3.000000000000024425, -13.75000000000000178 ) ) ;
#3323 = CARTESIAN_POINT ( 'NONE',  ( 6.329233662462840471, -0.9558634590714092383, -19.57320355945455148 ) ) ;
#3324 = CARTESIAN_POINT ( 'NONE',  ( -6.678494095089546612, 2.502929873537376615, 0.000000000000000000 ) ) ;
#3325 = CARTESIAN_POINT ( 'NONE',  ( -0.9115954519167692727, 5.564188477085322049, -19.57553234244224427 ) ) ;
#3326 = VERTEX_POINT ( 'NONE', #418 ) ;
#3327 = CYLINDRICAL_SURFACE ( 'NONE', #8979, 15.99999999999999822 ) ;
#3328 = LINE ( 'NONE', #8142, #9159 ) ;
#3329 = EDGE_CURVE ( 'NONE', #2310, #5458, #1153, .T. ) ;
#3330 = LINE ( 'NONE', #6145, #8867 ) ;
#3331 = AXIS2_PLACEMENT_3D ( 'NONE', #5516, #9079, #2788 ) ;
#3332 = CARTESIAN_POINT ( 'NONE',  ( 1.178669125964988342E-28, 6.268901968980452702E-29, 0.000000000000000000 ) ) ;
#3333 = AXIS2_PLACEMENT_3D ( 'NONE', #7752, #727, #7607 ) ;
#3334 = CARTESIAN_POINT ( 'NONE',  ( -6.555938461563468600, -0.7875702541874972651, -19.57258087583366191 ) ) ;
#3335 = EDGE_CURVE ( 'NONE', #2683, #963, #3967, .T. ) ;
#3336 = CARTESIAN_POINT ( 'NONE',  ( -16.52573048869691164, 10.25194269657207435, -6.001373931894277369 ) ) ;
#3337 = CIRCLE ( 'NONE', #7030, 16.50000000000000355 ) ;
#3338 = VERTEX_POINT ( 'NONE', #6790 ) ;
#3339 = CARTESIAN_POINT ( 'NONE',  ( 6.879111083775850060E-15, 1.407706387491899987E-15, 3.999999999999929834 ) ) ;
#3340 = EDGE_CURVE ( 'NONE', #8412, #3288, #8542, .T. ) ;
#3341 = ORIENTED_EDGE ( 'NONE', *, *, #4874, .T. ) ;
#3342 = CARTESIAN_POINT ( 'NONE',  ( 12.72670104079994857, 5.686643635128523222, -11.83858471799097778 ) ) ;
#3343 = CARTESIAN_POINT ( 'NONE',  ( -2.796850192840710569, -8.748511370251941699, -19.56093431409501093 ) ) ;
#3344 = FACE_OUTER_BOUND ( 'NONE', #1240, .T. ) ;
#3345 = EDGE_CURVE ( 'NONE', #8509, #6387, #7056, .T. ) ;
#3346 = AXIS2_PLACEMENT_3D ( 'NONE', #2056, #7691, #7642 ) ;
#3347 = DIRECTION ( 'NONE',  ( 1.000000000000000000, 0.000000000000000000, 0.000000000000000000 ) ) ;
#3348 = ADVANCED_FACE ( 'NONE', ( #6838 ), #9015, .F. ) ;
#3349 = DIRECTION ( 'NONE',  ( 0.000000000000000000, 0.000000000000000000, 1.000000000000000000 ) ) ;
#3350 = EDGE_LOOP ( 'NONE', ( #1353, #220, #5124, #4284, #7239, #452, #2696, #146, #4766, #7780, #2773, #8216, #6778 ) ) ;
#3351 = CARTESIAN_POINT ( 'NONE',  ( -3.490158007944518470, -7.792304696746068515, -19.56459442508048596 ) ) ;
#3352 = AXIS2_PLACEMENT_3D ( 'NONE', #7784, #4498, #6572 ) ;
#3353 = VERTEX_POINT ( 'NONE', #4807 ) ;
#3354 = CARTESIAN_POINT ( 'NONE',  ( 5.814342436536150238, 15.97477455336050056, 3.999999999999949818 ) ) ;
#3355 = CARTESIAN_POINT ( 'NONE',  ( -5.171189161707155257, 6.930824117752970359, -19.56403194258294675 ) ) ;
#3356 = DIRECTION ( 'NONE',  ( -0.000000000000000000, -0.000000000000000000, -1.000000000000000000 ) ) ;
#3357 = CARTESIAN_POINT ( 'NONE',  ( 8.327655702231252732, 4.118777809629739828, -20.14999999999999147 ) ) ;
#3358 = CARTESIAN_POINT ( 'NONE',  ( -2.196548124015478663E-13, -20.00000000000000000, -5.800000000000000711 ) ) ;
#3359 = CARTESIAN_POINT ( 'NONE',  ( -1.536425286809057322, 5.079935559725071492, -20.15000000000000213 ) ) ;
#3360 = AXIS2_PLACEMENT_3D ( 'NONE', #4515, #7328, #1001 ) ;
#3361 = ORIENTED_EDGE ( 'NONE', *, *, #6906, .T. ) ;
#3362 = ORIENTED_EDGE ( 'NONE', *, *, #6105, .T. ) ;
#3363 = ORIENTED_EDGE ( 'NONE', *, *, #6795, .F. ) ;
#3364 = CARTESIAN_POINT ( 'NONE',  ( 0.7550018499508625025, -9.239978332845076636, -20.14999999999999503 ) ) ;
#3365 = ORIENTED_EDGE ( 'NONE', *, *, #6441, .T. ) ;
#3366 = CARTESIAN_POINT ( 'NONE',  ( -2.137179322403429811E-14, -6.439293542825910459E-14, 0.000000000000000000 ) ) ;
#3367 = CARTESIAN_POINT ( 'NONE',  ( -3.282784145342640070, -15.28155590426932875, -0.3950989880619744099 ) ) ;
#3368 = CARTESIAN_POINT ( 'NONE',  ( 7.160050888154801285, -0.3994142402406021808, -19.57085013206722479 ) ) ;
#3369 = CIRCLE ( 'NONE', #2933, 0.9999999999999806821 ) ;
#3370 = CARTESIAN_POINT ( 'NONE',  ( -8.770760350191386223, 1.381490373438551522, -19.56273005111243535 ) ) ;
#3371 = CARTESIAN_POINT ( 'NONE',  ( -3.726472768734419461, -7.526453961572606488, -12.75466542506959122 ) ) ;
#3372 = CARTESIAN_POINT ( 'NONE',  ( -1.121894930141313251, 5.599961527267627304, -19.57531260215977298 ) ) ;
#3373 = ORIENTED_EDGE ( 'NONE', *, *, #6826, .F. ) ;
#3374 = DIRECTION ( 'NONE',  ( 0.000000000000000000, 0.000000000000000000, 1.000000000000000000 ) ) ;
#3375 = ORIENTED_EDGE ( 'NONE', *, *, #19, .T. ) ;
#3376 = ORIENTED_EDGE ( 'NONE', *, *, #5480, .F. ) ;
#3377 = CARTESIAN_POINT ( 'NONE',  ( 7.656622063715581739, 15.19631082570222524, -0.4837805568354610619 ) ) ;
#3378 = CARTESIAN_POINT ( 'NONE',  ( 7.863013317888466247, 0.6107549121435623674, 0.000000000000000000 ) ) ;
#3379 = CYLINDRICAL_SURFACE ( 'NONE', #1203, 13.00000000000000000 ) ;
#3380 = CARTESIAN_POINT ( 'NONE',  ( -6.002106857039537502, -1.229985344390862378, -19.57404232854359805 ) ) ;
#3381 = CARTESIAN_POINT ( 'NONE',  ( 9.159339953157539881E-15, 9.769962616701378818E-14, 3.999999999999929834 ) ) ;
#3382 = LINE ( 'NONE', #8281, #3493 ) ;
#3383 = AXIS2_PLACEMENT_3D ( 'NONE', #6896, #2645, #475 ) ;
#3384 = EDGE_CURVE ( 'NONE', #7407, #8261, #4551, .T. ) ;
#3385 = ORIENTED_EDGE ( 'NONE', *, *, #8018, .T. ) ;
#3386 = FACE_OUTER_BOUND ( 'NONE', #4263, .T. ) ;
#3387 = AXIS2_PLACEMENT_3D ( 'NONE', #3238, #1996, #1109 ) ;
#3388 = ORIENTED_EDGE ( 'NONE', *, *, #339, .F. ) ;
#3389 = DIRECTION ( 'NONE',  ( 1.000000000000000000, 0.000000000000000000, 0.000000000000000000 ) ) ;
#3390 = DIRECTION ( 'NONE',  ( 0.8660254037844414832, 0.4999999999999950040, 0.000000000000000000 ) ) ;
#3391 = CARTESIAN_POINT ( 'NONE',  ( -14.31270730586845019, 4.250067792777747044, -1.000000000000011102 ) ) ;
#3392 = DIRECTION ( 'NONE',  ( 0.000000000000000000, 0.000000000000000000, 1.000000000000000000 ) ) ;
#3393 = EDGE_CURVE ( 'NONE', #8768, #7199, #3527, .T. ) ;
#3394 = CIRCLE ( 'NONE', #6494, 2.000000000000039524 ) ;
#3395 = EDGE_CURVE ( 'NONE', #6490, #7502, #3134, .T. ) ;
#3396 = DIRECTION ( 'NONE',  ( -0.4999999999999998890, 0.8660254037844388186, 0.000000000000000000 ) ) ;
#3397 = DIRECTION ( 'NONE',  ( -1.000000000000000000, 0.000000000000000000, -0.000000000000000000 ) ) ;
#3398 = ORIENTED_EDGE ( 'NONE', *, *, #8095, .F. ) ;
#3399 = CARTESIAN_POINT ( 'NONE',  ( 0.9999999999997888356, -19.32842712474617386, -11.00000000000000000 ) ) ;
#3400 = AXIS2_PLACEMENT_3D ( 'NONE', #5963, #983, #123 ) ;
#3401 = VERTEX_POINT ( 'NONE', #4033 ) ;
#3402 = CARTESIAN_POINT ( 'NONE',  ( -8.645959079144073911, 1.129205674194390330, -19.56362006145946353 ) ) ;
#3403 = CARTESIAN_POINT ( 'NONE',  ( 11.43531719619355513, 5.447482923111756747, -11.00000000000000000 ) ) ;
#3404 = LINE ( 'NONE', #6217, #7273 ) ;
#3405 = CARTESIAN_POINT ( 'NONE',  ( 8.486670272214929867, 2.508350181567034376, -20.14999999999999858 ) ) ;
#3406 = CARTESIAN_POINT ( 'NONE',  ( -5.196152422706641794, 3.000000000000417000, -13.75000000000000355 ) ) ;
#3407 = FACE_OUTER_BOUND ( 'NONE', #2029, .T. ) ;
#3408 = ADVANCED_FACE ( 'NONE', ( #7577 ), #508, .T. ) ;
#3409 = CARTESIAN_POINT ( 'NONE',  ( 16.50000000000000355, 6.268901968980452702E-29, -12.00000000000000000 ) ) ;
#3410 = ORIENTED_EDGE ( 'NONE', *, *, #4587, .T. ) ;
#3411 = ORIENTED_EDGE ( 'NONE', *, *, #693, .T. ) ;
#3412 = CARTESIAN_POINT ( 'NONE',  ( 3.488588124594727002, -7.795357956392693133, -19.56458304058127240 ) ) ;
#3413 = ORIENTED_EDGE ( 'NONE', *, *, #1914, .F. ) ;
#3414 = CARTESIAN_POINT ( 'NONE',  ( -1.399215878724295163E-14, 1.438832252988549989E-28, -6.800000000000000711 ) ) ;
#3415 = DIRECTION ( 'NONE',  ( -1.028313268071524502E-14, -1.000000000000000000, 0.000000000000000000 ) ) ;
#3416 = VECTOR ( 'NONE', #716, 1000.000000000000000 ) ;
#3417 = CARTESIAN_POINT ( 'NONE',  ( 3.484428460003405892, -4.463202544211723577, -20.14999999999999503 ) ) ;
#3418 = CARTESIAN_POINT ( 'NONE',  ( -4.051638871298109734, -4.288515387788894628, -12.75101354849708812 ) ) ;
#3419 = CARTESIAN_POINT ( 'NONE',  ( -3.229858930693117358, 6.398040079746250441, -19.57086380535962533 ) ) ;
#3420 = ADVANCED_FACE ( 'NONE', ( #6698 ), #3327, .T. ) ;
#3421 = VECTOR ( 'NONE', #3356, 1000.000000000000000 ) ;
#3422 = ORIENTED_EDGE ( 'NONE', *, *, #5662, .F. ) ;
#3423 = LINE ( 'NONE', #4119, #2483 ) ;
#3424 = VECTOR ( 'NONE', #1168, 1000.000000000000000 ) ;
#3425 = EDGE_LOOP ( 'NONE', ( #3090, #114, #3753, #2971, #132, #2834, #8948 ) ) ;
#3426 = ORIENTED_EDGE ( 'NONE', *, *, #1019, .F. ) ;
#3427 = PLANE ( 'NONE',  #6341 ) ;
#3428 = CARTESIAN_POINT ( 'NONE',  ( 0.9999999999997895017, -19.32842712474617741, -11.14505695923951833 ) ) ;
#3429 = EDGE_CURVE ( 'NONE', #1449, #2490, #1038, .T. ) ;
#3430 = CARTESIAN_POINT ( 'NONE',  ( -6.330467379673316408, -0.2143730892711069314, -20.14999999999999858 ) ) ;
#3431 = CARTESIAN_POINT ( 'NONE',  ( -6.672538377884143834, -0.7056394821799384376, -19.57225385687651809 ) ) ;
#3432 = CARTESIAN_POINT ( 'NONE',  ( 7.967932991718958746, 5.782339365298148515, -19.55674256919881060 ) ) ;
#3433 = CARTESIAN_POINT ( 'NONE',  ( -1.600000000000262101, -16.50000000000000000, -3.000000000000001332 ) ) ;
#3434 = AXIS2_PLACEMENT_3D ( 'NONE', #493, #5440, #8304 ) ;
#3435 = VERTEX_POINT ( 'NONE', #6374 ) ;
#3436 = CARTESIAN_POINT ( 'NONE',  ( -5.213530464874541082, -13.53030303030294945, -12.00000000000000000 ) ) ;
#3437 = B_SPLINE_SURFACE_WITH_KNOTS ( 'NONE', 1, 3, ( 
 ( #153, #5823, #2184, #5010, #3525, #199, #7033, #2281, #5053, #2969, #8520, #2238, #12, #3668, #8653, #1443, #8568, #8615, #2321, #7828, #1494, #5648, #60, #8470, #751, #109, #5093, #7877, #885, #1397, #4317, #7730, #1543, #4959, #7133, #7914, #4361, #1582, #798, #7173, #2139, #6474, #705, #4271, #842, #4401, #6334, #3621, #2922, #7777, #2874, #7083, #3575, #7215, #6384, #5692, #7438, #7955, #8045, #8876, #2449, #2360, #8742, #3934, #1671, #5909, #8786, #1713, #1017, #1625, #8002, #931, #3051, #4444, #5866, #7345, #7260, #5182, #6564, #2406, #3760, #3846, #1104, #974, #237, #3186, #6042, #3801, #7393, #3893, #6695, #6608, #327, #5134, #280, #8693, #6653, #6741, #4491, #3097, #7301, #5228, #4533, #369, #5999, #2497, #3145, #5958 ),
 ( #415, #5272, #8834, #8090, #1760, #4578, #1062, #5318, #8133, #1809, #4626, #3233, #2541, #8222, #598, #3281, #2583, #4665, #1896, #3370, #4027, #7572, #8314, #9156, #2954, #3609, #7202, #6369, #1529, #2862, #4255, #5722, #3697, #4302, #94, #826, #7813, #5679, #8553, #871, #9106, #8503, #4995, #2763, #1479, #2907, #5633, #7119, #3654, #6460, #8406, #8457, #3560, #2079, #4901, #6413, #7718, #8599, #6320, #2222, #7068, #1384, #2267, #5080, #2127, #7899, #1567, #4386, #1428, #4207, #7018, #4947, #689, #3509, #7761, #8817, #6683, #8075, #4613, #958, #3787, #2307, #8118, #5809, #1047, #3832, #1744, #7288, #1003, #7942, #2434, #7426, #222, #7330, #4564, #1093, #6592, #267, #1611, #7987, #4430, #8679, #5215, #7377, #4517, #2481, #184, #3083 ) ),
 .UNSPECIFIED., .F., .F., .F.,
 ( 2, 2 ),
 ( 4, 2, 2, 2, 2, 2, 2, 2, 2, 2, 2, 2, 2, 2, 2, 2, 2, 2, 2, 2, 2, 2, 2, 2, 2, 2, 2, 2, 2, 2, 2, 2, 2, 2, 2, 2, 2, 2, 2, 2, 2, 2, 2, 2, 2, 2, 2, 2, 2, 2, 2, 2, 2, 4 ),
 ( 0.000000000000000000, 1.000000000000000000 ),
 ( -9.004376929708105340E-07, 0.0003243058029240054332, 0.0006495120435409816768, 0.0009747182841579578663, 0.001137321404466445961, 0.001299924524774934056, 0.001462527645083422151, 0.001625130765391910245, 0.001787733885700398340, 0.001950337006008886435, 0.002275543246625862624, 0.002438146366934350502, 0.002600749487242838814, 0.002763352607551327125, 0.002925955727859815003, 0.003251161968476791626, 0.003576368209093767816, 0.003657669769248012188, 0.003738971329402256127, 0.003901574449710744005, 0.004064177570019231883, 0.004226780690327719761, 0.004551986930944696384, 0.004714590051253185130, 0.004877193171561673007, 0.005039796291870160885, 0.005202399412178648763, 0.005527605652795624519, 0.005690208773104112397, 0.005852811893412601142, 0.006015415013721089887, 0.006178018134029577765, 0.006340621254338065643, 0.006503224374646553521, 0.006665827494955041399, 0.006828430615263529277, 0.006991033735572017155, 0.007153636855880505900, 0.007316239976188994645, 0.007478843096497482523, 0.007804049337114458279, 0.007966652457422946157, 0.008129255577731434035, 0.008210557137885678841, 0.008291858698039921913, 0.008454461818348409791, 0.008779668058965385546, 0.008942271179273875159, 0.009104874299582363037, 0.009267477419890850915, 0.009430080540199340527, 0.009755286780816316283, 0.01008049302143329204, 0.01040569926205026779 ),
 .UNSPECIFIED. ) ;
#3438 = VECTOR ( 'NONE', #8704, 1000.000000000000000 ) ;
#3439 = ORIENTED_EDGE ( 'NONE', *, *, #6032, .F. ) ;
#3440 = EDGE_CURVE ( 'NONE', #2576, #4235, #3423, .T. ) ;
#3441 = DIRECTION ( 'NONE',  ( 0.000000000000000000, 0.000000000000000000, 1.000000000000000000 ) ) ;
#3442 = DIRECTION ( 'NONE',  ( 0.8660254037844332675, -0.5000000000000093259, -0.000000000000000000 ) ) ;
#3443 = CYLINDRICAL_SURFACE ( 'NONE', #3198, 13.00000000000000355 ) ;
#3444 = DIRECTION ( 'NONE',  ( 0.000000000000000000, 0.000000000000000000, 1.000000000000000000 ) ) ;
#3445 = DIRECTION ( 'NONE',  ( 0.9848077530122063550, 0.1736481776669409338, -8.673617379884257339E-16 ) ) ;
#3446 = ORIENTED_EDGE ( 'NONE', *, *, #4094, .T. ) ;
#3447 = CARTESIAN_POINT ( 'NONE',  ( 9.114043267254588798, 2.474416173257993901, -19.55942475989249019 ) ) ;
#3448 = EDGE_CURVE ( 'NONE', #6557, #9147, #2195, .T. ) ;
#3449 = VERTEX_POINT ( 'NONE', #5544 ) ;
#3450 = DIRECTION ( 'NONE',  ( -1.000000000000000000, 0.000000000000000000, 0.000000000000000000 ) ) ;
#3451 = DIRECTION ( 'NONE',  ( -0.000000000000000000, -0.000000000000000000, 1.000000000000000000 ) ) ;
#3452 = EDGE_CURVE ( 'NONE', #7059, #7962, #2725, .T. ) ;
#3453 = CARTESIAN_POINT ( 'NONE',  ( 8.203617566353317514, 1.573695537166017511, -20.14999999999999503 ) ) ;
#3454 = DIRECTION ( 'NONE',  ( 0.000000000000000000, 0.000000000000000000, 1.000000000000000000 ) ) ;
#3455 = LINE ( 'NONE', #2119, #4964 ) ;
#3456 = ORIENTED_EDGE ( 'NONE', *, *, #6949, .T. ) ;
#3457 = ORIENTED_EDGE ( 'NONE', *, *, #1873, .F. ) ;
#3458 = CARTESIAN_POINT ( 'NONE',  ( 3.715979499775333483, -7.262112988119743484, -19.56654570181541430 ) ) ;
#3459 = EDGE_CURVE ( 'NONE', #4110, #4427, #139, .T. ) ;
#3460 = EDGE_LOOP ( 'NONE', ( #2287, #4086, #5989, #8745, #8190 ) ) ;
#3461 = DIRECTION ( 'NONE',  ( -1.000000000000000000, 0.000000000000000000, 0.000000000000000000 ) ) ;
#3462 = CARTESIAN_POINT ( 'NONE',  ( -8.459010516434734228, 3.651176268852181828, -20.14999999999999858 ) ) ;
#3463 = CARTESIAN_POINT ( 'NONE',  ( -6.865801410755512535, 1.984497536855717836, 0.000000000000000000 ) ) ;
#3464 = CARTESIAN_POINT ( 'NONE',  ( 4.097129896376361380, -2.716292783257427512, -20.14999999999999858 ) ) ;
#3465 = EDGE_CURVE ( 'NONE', #8476, #8644, #7650, .T. ) ;
#3466 = CARTESIAN_POINT ( 'NONE',  ( -7.597108048166302474, -0.1460072364671464729, -12.76296664562477190 ) ) ;
#3467 = CARTESIAN_POINT ( 'NONE',  ( 3.530143011963446931, 5.885612803202785237, -20.14999999999999503 ) ) ;
#3468 = ORIENTED_EDGE ( 'NONE', *, *, #7613, .F. ) ;
#3469 = DIRECTION ( 'NONE',  ( 0.000000000000000000, 0.000000000000000000, 1.000000000000000000 ) ) ;
#3470 = ORIENTED_EDGE ( 'NONE', *, *, #2849, .T. ) ;
#3471 = EDGE_LOOP ( 'NONE', ( #7881, #1412, #1422, #8800 ) ) ;
#3472 = CARTESIAN_POINT ( 'NONE',  ( 10.83702032928581183, 10.27013422742433590, -0.9999999999999974465 ) ) ;
#3473 = DIRECTION ( 'NONE',  ( 0.000000000000000000, 0.000000000000000000, -1.000000000000000000 ) ) ;
#3474 = CARTESIAN_POINT ( 'NONE',  ( 3.762221576582220006, 10.33661882864500114, 2.000000000000000000 ) ) ;
#3475 = CARTESIAN_POINT ( 'NONE',  ( -6.777403451287231206, 0.06466795051658463800, -20.14999999999998792 ) ) ;
#3476 = CARTESIAN_POINT ( 'NONE',  ( -14.32435137758112376, 2.250101689166502439, 0.000000000000000000 ) ) ;
#3477 = DIRECTION ( 'NONE',  ( -0.000000000000000000, -0.000000000000000000, -1.000000000000000000 ) ) ;
#3478 = CARTESIAN_POINT ( 'NONE',  ( -8.338411484954152186, 5.407447653643576047, -20.14999999999999858 ) ) ;
#3479 = VERTEX_POINT ( 'NONE', #2131 ) ;
#3480 = AXIS2_PLACEMENT_3D ( 'NONE', #2697, #2006, #4682 ) ;
#3481 = DIRECTION ( 'NONE',  ( 3.826746847782350955E-15, -6.747587176051560238E-16, -1.000000000000000000 ) ) ;
#3482 = CIRCLE ( 'NONE', #5251, 2.000000000000031086 ) ;
#3483 = EDGE_LOOP ( 'NONE', ( #7460, #8034, #4523, #396, #147, #6166 ) ) ;
#3484 = DIRECTION ( 'NONE',  ( -0.8660254037844332675, 0.5000000000000092149, -0.000000000000000000 ) ) ;
#3485 = DIRECTION ( 'NONE',  ( 0.000000000000000000, 0.000000000000000000, 1.000000000000000000 ) ) ;
#3486 = DIRECTION ( 'NONE',  ( 0.000000000000000000, 0.000000000000000000, 1.000000000000000000 ) ) ;
#3487 = CARTESIAN_POINT ( 'NONE',  ( -1.000000000000231593, -21.18131433805519492, -6.800000000000000711 ) ) ;
#3488 = VECTOR ( 'NONE', #7886, 1000.000000000000000 ) ;
#3489 = CARTESIAN_POINT ( 'NONE',  ( 5.814342436536150238, 15.97477455336050056, 0.000000000000000000 ) ) ;
#3490 = DIRECTION ( 'NONE',  ( -1.000000000000000000, -1.982541115402065307E-15, 0.000000000000000000 ) ) ;
#3491 = ORIENTED_EDGE ( 'NONE', *, *, #534, .F. ) ;
#3492 = CARTESIAN_POINT ( 'NONE',  ( 9.050272332011505938, 3.757000031604702972, -19.55704986987057481 ) ) ;
#3493 = VECTOR ( 'NONE', #1211, 1000.000000000000000 ) ;
#3494 = ORIENTED_EDGE ( 'NONE', *, *, #3111, .F. ) ;
#3495 = FACE_OUTER_BOUND ( 'NONE', #1844, .T. ) ;
#3496 = CYLINDRICAL_SURFACE ( 'NONE', #4602, 1.925000000000449019 ) ;
#3497 = CARTESIAN_POINT ( 'NONE',  ( 7.685939975950067726, 6.027701183929438322, -19.55724268440785352 ) ) ;
#3498 = CARTESIAN_POINT ( 'NONE',  ( 11.25833024919783831, 6.499999999999824141, 4.000000000000000000 ) ) ;
#3499 = EDGE_CURVE ( 'NONE', #8261, #8891, #8558, .T. ) ;
#3500 = DIRECTION ( 'NONE',  ( -7.045646117813560104E-16, 1.000000000000000000, 1.401122807519728883E-15 ) ) ;
#3501 = AXIS2_PLACEMENT_3D ( 'NONE', #1988, #7568, #2675 ) ;
#3502 = ORIENTED_EDGE ( 'NONE', *, *, #2142, .F. ) ;
#3503 = EDGE_LOOP ( 'NONE', ( #7743, #5738, #3341, #4853, #8464, #7958, #6872, #6467 ) ) ;
#3504 = CARTESIAN_POINT ( 'NONE',  ( 3.925930121005858364, -6.000000000182119209, -19.57085359159096782 ) ) ;
#3505 = ORIENTED_EDGE ( 'NONE', *, *, #5702, .F. ) ;
#3506 = FACE_OUTER_BOUND ( 'NONE', #2230, .T. ) ;
#3507 = CARTESIAN_POINT ( 'NONE',  ( 7.070663706552050343, -8.426488874308670773, 3.999999999999949818 ) ) ;
#3508 = CARTESIAN_POINT ( 'NONE',  ( 6.854791243593770567, 0.1101151840160665141, -20.15000000000001634 ) ) ;
#3509 = CARTESIAN_POINT ( 'NONE',  ( -7.042308946213159615, 6.458506096082420989, -19.55863231682424797 ) ) ;
#3510 = CARTESIAN_POINT ( 'NONE',  ( -4.690220843757618496, 5.373037668184494464, -13.17148535977111656 ) ) ;
#3511 = VECTOR ( 'NONE', #5450, 1000.000000000000000 ) ;
#3512 = CARTESIAN_POINT ( 'NONE',  ( -2.842368627001111037, 5.531416205991334323, -20.14999999999999503 ) ) ;
#3513 = ADVANCED_FACE ( 'NONE', ( #5728 ), #4951, .F. ) ;
#3514 = VERTEX_POINT ( 'NONE', #742 ) ;
#3515 = DIRECTION ( 'NONE',  ( -1.000000000000000000, 0.000000000000000000, 0.000000000000000000 ) ) ;
#3516 = ORIENTED_EDGE ( 'NONE', *, *, #6338, .T. ) ;
#3517 = ORIENTED_EDGE ( 'NONE', *, *, #1595, .T. ) ;
#3518 = CARTESIAN_POINT ( 'NONE',  ( 7.121152422706618523, 3.000000000000024425, -20.14999999999999858 ) ) ;
#3519 = ADVANCED_FACE ( 'NONE', ( #100 ), #2038, .F. ) ;
#3520 = CIRCLE ( 'NONE', #413, 3.500000000000000444 ) ;
#3521 = FACE_OUTER_BOUND ( 'NONE', #3318, .T. ) ;
#3522 = CARTESIAN_POINT ( 'NONE',  ( 17.79884389200625350, 9.121466773934537642, 0.000000000000000000 ) ) ;
#3523 = CARTESIAN_POINT ( 'NONE',  ( -3.931554480224460413, -5.712412055806627365, -19.57156852696835259 ) ) ;
#3524 = CARTESIAN_POINT ( 'NONE',  ( -3.000000000000262457, -16.50000000000000000, -12.00000000000000000 ) ) ;
#3525 = CARTESIAN_POINT ( 'NONE',  ( -7.312253972062327634, 0.4255003016514780634, -20.14999999999998437 ) ) ;
#3526 = CARTESIAN_POINT ( 'NONE',  ( -9.083838577948794679, 1.945022092707591410, -20.15000000000000924 ) ) ;
#3527 = CIRCLE ( 'NONE', #6469, 2.000000000000000444 ) ;
#3528 = VERTEX_POINT ( 'NONE', #2228 ) ;
#3529 = EDGE_CURVE ( 'NONE', #7384, #5322, #1433, .T. ) ;
#3530 = DIRECTION ( 'NONE',  ( -0.000000000000000000, -0.000000000000000000, -1.000000000000000000 ) ) ;
#3531 = ORIENTED_EDGE ( 'NONE', *, *, #7048, .T. ) ;
#3533 = CYLINDRICAL_SURFACE ( 'NONE', #5278, 3.500000000000000888 ) ;
#3532 = B_SPLINE_CURVE_WITH_KNOTS ( 'NONE', 3,
 ( #5436, #2524, #8250, #6167, #8165, #8995, #5482, #4787, #624, #5020 ),
 .UNSPECIFIED., .F., .F.,
 ( 4, 2, 2, 2, 4 ),
 ( 0.000000000000000000, 0.2500000000000000000, 0.5000000000000000000, 0.7500000000000000000, 1.000000000000000000 ),
 .UNSPECIFIED. ) ;
#3534 = VECTOR ( 'NONE', #5990, 1000.000000000000000 ) ;
#3535 = LINE ( 'NONE', #5700, #8154 ) ;
#3536 = CARTESIAN_POINT ( 'NONE',  ( 3.926508359044931229, -5.891712930665407910, -19.57112600458385288 ) ) ;
#3537 = LINE ( 'NONE', #4970, #1870 ) ;
#3538 = DIRECTION ( 'NONE',  ( -0.000000000000000000, -0.000000000000000000, -1.000000000000000000 ) ) ;
#3539 = AXIS2_PLACEMENT_3D ( 'NONE', #1639, #1682, #4458 ) ;
#3540 = DIRECTION ( 'NONE',  ( -0.4999999999999941158, 0.8660254037844421493, 0.000000000000000000 ) ) ;
#3541 = ORIENTED_EDGE ( 'NONE', *, *, #2730, .F. ) ;
#3542 = CARTESIAN_POINT ( 'NONE',  ( 5.213530464874098769, -13.53030303030311998, -12.00000000000000000 ) ) ;
#3543 = VERTEX_POINT ( 'NONE', #603 ) ;
#3544 = CARTESIAN_POINT ( 'NONE',  ( -6.194935141501243692, 6.791951325714872922, -19.56088520082756332 ) ) ;
#3545 = CARTESIAN_POINT ( 'NONE',  ( -11.26857018343017991, 10.01761744899663675, -0.5000000000000008882 ) ) ;
#3546 = CIRCLE ( 'NONE', #4723, 10.00000000000000000 ) ;
#3547 = CARTESIAN_POINT ( 'NONE',  ( 8.226502172489668752, 1.623176679585671467, -20.15000000000002700 ) ) ;
#3548 = DIRECTION ( 'NONE',  ( 1.000000000000000000, 0.000000000000000000, 0.000000000000000000 ) ) ;
#3549 = LINE ( 'NONE', #3409, #7022 ) ;
#3550 = AXIS2_PLACEMENT_3D ( 'NONE', #880, #1576, #925 ) ;
#3551 = ORIENTED_EDGE ( 'NONE', *, *, #3393, .F. ) ;
#3552 = ORIENTED_EDGE ( 'NONE', *, *, #513, .T. ) ;
#3553 = CARTESIAN_POINT ( 'NONE',  ( -2.277095591442356959, -8.428337902186777697, -20.14999999999997371 ) ) ;
#3554 = ORIENTED_EDGE ( 'NONE', *, *, #1257, .T. ) ;
#3555 = DIRECTION ( 'NONE',  ( -0.000000000000000000, -0.000000000000000000, -1.000000000000000000 ) ) ;
#3556 = CARTESIAN_POINT ( 'NONE',  ( 9.494570378500483798, -14.51545450230868184, -0.1552996682005035323 ) ) ;
#3557 = ADVANCED_FACE ( 'NONE', ( #4166 ), #9112, .F. ) ;
#3558 = LINE ( 'NONE', #5720, #7490 ) ;
#3559 = CARTESIAN_POINT ( 'NONE',  ( 6.828512119328935981, 0.09480563822214324587, -20.15000000000001634 ) ) ;
#3560 = CARTESIAN_POINT ( 'NONE',  ( -8.620511499793565235, 4.906487857242998629, -19.55622162819665988 ) ) ;
#3561 = CARTESIAN_POINT ( 'NONE',  ( -4.654863946768694305, 6.990447065021241357, -12.75466542506957346 ) ) ;
#3562 = AXIS2_PLACEMENT_3D ( 'NONE', #3987, #4673, #4037 ) ;
#3563 = CARTESIAN_POINT ( 'NONE',  ( -1.685601590551903950, 5.118519601776013950, -20.15000000000002700 ) ) ;
#3564 = EDGE_CURVE ( 'NONE', #6646, #8522, #1389, .T. ) ;
#3565 = ORIENTED_EDGE ( 'NONE', *, *, #1920, .T. ) ;
#3566 = CARTESIAN_POINT ( 'NONE',  ( -4.758292052727337129, -2.747563552188760472, -19.57596548422055349 ) ) ;
#3567 = ORIENTED_EDGE ( 'NONE', *, *, #7698, .F. ) ;
#3568 = ORIENTED_EDGE ( 'NONE', *, *, #8475, .T. ) ;
#3569 = LINE ( 'NONE', #8465, #3849 ) ;
#3570 = DIRECTION ( 'NONE',  ( 0.7071067811865549002, 8.659560562355022838E-17, -0.7071067811865401342 ) ) ;
#3571 = CARTESIAN_POINT ( 'NONE',  ( 13.78730854217089963, -2.431074487337230305, 0.000000000000000000 ) ) ;
#3572 = ADVANCED_FACE ( 'NONE', ( #7073 ), #789, .F. ) ;
#3573 = CARTESIAN_POINT ( 'NONE',  ( -3.925935777238133362, -5.996160462169102701, -19.57086380398475001 ) ) ;
#3574 = DIRECTION ( 'NONE',  ( -0.2542429479748585242, -0.6598185533955938098, 0.7071067811865471286 ) ) ;
#3575 = CARTESIAN_POINT ( 'NONE',  ( -8.101593814855432285, 4.617708706222479975, -20.15000000000000924 ) ) ;
#3576 = CARTESIAN_POINT ( 'NONE',  ( 8.338411484954113106, 5.407447653643648877, -20.14999999999999858 ) ) ;
#3577 = CIRCLE ( 'NONE', #2095, 9.000000000000003553 ) ;
#3578 = CONICAL_SURFACE ( 'NONE', #4899, 2.999999999999997780, 0.7853981633974489451 ) ;
#3579 = ORIENTED_EDGE ( 'NONE', *, *, #1507, .T. ) ;
#3580 = CARTESIAN_POINT ( 'NONE',  ( -16.20799941102475117, 10.55636291617183886, -11.28245322482911739 ) ) ;
#3581 = CARTESIAN_POINT ( 'NONE',  ( 12.80250078915869949, -2.257426309670290010, 3.999999999999949818 ) ) ;
#3582 = EDGE_LOOP ( 'NONE', ( #5617, #4045, #5219, #8226 ) ) ;
#3583 = EDGE_CURVE ( 'NONE', #4784, #8945, #650, .T. ) ;
#3584 = AXIS2_PLACEMENT_3D ( 'NONE', #5257, #3882, #3833 ) ;
#3585 = CARTESIAN_POINT ( 'NONE',  ( -3.420201419254070174, 9.396926212955650115, 0.000000000000000000 ) ) ;
#3586 = AXIS2_PLACEMENT_3D ( 'NONE', #2823, #1539, #7129 ) ;
#3587 = PLANE ( 'NONE',  #3286 ) ;
#3588 = CARTESIAN_POINT ( 'NONE',  ( -3.506623387193939531E-13, -5.999999999999777067, -13.74999999999997158 ) ) ;
#3589 = CARTESIAN_POINT ( 'NONE',  ( 17.23890890522654828, 8.798188158588592600, -6.800000000000000711 ) ) ;
#3590 = EDGE_CURVE ( 'NONE', #963, #3615, #1162, .T. ) ;
#3591 = CARTESIAN_POINT ( 'NONE',  ( -14.28941916244309951, 8.250000000000220268, -3.000000000000001332 ) ) ;
#3592 = AXIS2_PLACEMENT_3D ( 'NONE', #8331, #8936, #6156 ) ;
#3593 = CARTESIAN_POINT ( 'NONE',  ( 6.292191940365293057, -16.32967607105548424, 0.000000000000000000 ) ) ;
#3594 = ORIENTED_EDGE ( 'NONE', *, *, #1526, .F. ) ;
#3595 = CARTESIAN_POINT ( 'NONE',  ( -1.758176252526996164, -12.90479786914608873, -11.97848796179944664 ) ) ;
#3596 = CARTESIAN_POINT ( 'NONE',  ( -14.28941916244310306, 8.250000000000241585, -1.000000000000011324 ) ) ;
#3597 = CARTESIAN_POINT ( 'NONE',  ( -5.196152422706641794, 3.000000000000417000, -13.14999999999999858 ) ) ;
#3598 = CARTESIAN_POINT ( 'NONE',  ( 7.224428731474016985, 0.3554501819534016671, -20.14999999999999503 ) ) ;
#3599 = CARTESIAN_POINT ( 'NONE',  ( 0.8728263242984148906, -13.62929572439298198, -6.294943955526784762 ) ) ;
#3600 = FACE_OUTER_BOUND ( 'NONE', #5899, .T. ) ;
#3601 = ORIENTED_EDGE ( 'NONE', *, *, #5542, .F. ) ;
#3602 = CARTESIAN_POINT ( 'NONE',  ( -2.538809041042158654, -8.151981164060828178, -20.15000000000000924 ) ) ;
#3603 = VERTEX_POINT ( 'NONE', #3135 ) ;
#3604 = FACE_OUTER_BOUND ( 'NONE', #4786, .T. ) ;
#3605 = CARTESIAN_POINT ( 'NONE',  ( -8.478953242011076696, 3.543102631034771299, -20.14999999999999858 ) ) ;
#3606 = CARTESIAN_POINT ( 'NONE',  ( -15.88941916244309915, 8.250000000000220268, 4.000000000000000000 ) ) ;
#3607 = B_SPLINE_CURVE_WITH_KNOTS ( 'NONE', 3,
 ( #7095, #764, #72, #665, #1318, #4331, #24, #8333, #6252, #3589 ),
 .UNSPECIFIED., .F., .F.,
 ( 4, 2, 2, 2, 4 ),
 ( 0.000000000000000000, 0.0003933909761702851482, 0.0007867819523405702965, 0.001180172928510855391, 0.001573563904681140593 ),
 .UNSPECIFIED. ) ;
#3608 = CARTESIAN_POINT ( 'NONE',  ( 6.861635138879497831, 0.1140818273458585469, -20.15000000000000568 ) ) ;
#3609 = CARTESIAN_POINT ( 'NONE',  ( -9.000879358175071232, 2.049452935536525633, -19.56065278584824085 ) ) ;
#3610 = CARTESIAN_POINT ( 'NONE',  ( -1.377366146891597642, 7.010390728630840229, 0.000000000000000000 ) ) ;
#3611 = CARTESIAN_POINT ( 'NONE',  ( -1.117359811396615221, 4.995985555036636327, -20.14999999999999858 ) ) ;
#3612 = ORIENTED_EDGE ( 'NONE', *, *, #8018, .F. ) ;
#3613 = DIRECTION ( 'NONE',  ( 1.000000000000000000, 0.000000000000000000, 0.000000000000000000 ) ) ;
#3614 = VERTEX_POINT ( 'NONE', #1573 ) ;
#3615 = VERTEX_POINT ( 'NONE', #832 ) ;
#3616 = CARTESIAN_POINT ( 'NONE',  ( 12.28941916244319010, 4.785898384862119492, -12.00000000000000000 ) ) ;
#3617 = CARTESIAN_POINT ( 'NONE',  ( -4.446261863233520018, 12.21600407021689882, 0.000000000000000000 ) ) ;
#3618 = CARTESIAN_POINT ( 'NONE',  ( -14.28941916244309951, 8.250000000000220268, 4.000000000000000000 ) ) ;
#3619 = CARTESIAN_POINT ( 'NONE',  ( -3.926251977389711101, -5.937389426575906626, -19.57101165001427034 ) ) ;
#3620 = CARTESIAN_POINT ( 'NONE',  ( -15.55409312057468618, 4.986474332930359132, 0.000000000000000000 ) ) ;
#3621 = CARTESIAN_POINT ( 'NONE',  ( -8.267965918438711981, 4.273479939312250231, -20.15000000000001279 ) ) ;
#3622 = CARTESIAN_POINT ( 'NONE',  ( 4.654863946768686311, 6.990447065021315076, -20.15000000000000213 ) ) ;
#3623 = ADVANCED_FACE ( 'NONE', ( #3004 ), #726, .T. ) ;
#3624 = ORIENTED_EDGE ( 'NONE', *, *, #2268, .T. ) ;
#3625 = CARTESIAN_POINT ( 'NONE',  ( -17.84355630229909551, 11.45668257281223745, -6.800000000000000711 ) ) ;
#3626 = DIRECTION ( 'NONE',  ( -0.8660254037844332675, 0.5000000000000092149, 0.000000000000000000 ) ) ;
#3627 = ADVANCED_FACE ( 'NONE', ( #6512 ), #7947, .T. ) ;
#3628 = ORIENTED_EDGE ( 'NONE', *, *, #4141, .F. ) ;
#3629 = CARTESIAN_POINT ( 'NONE',  ( -14.28941916244309951, 8.250000000000220268, 0.000000000000000000 ) ) ;
#3630 = CARTESIAN_POINT ( 'NONE',  ( 0.5158547841979760351, -9.919102126046498213, -19.55622043768499552 ) ) ;
#3631 = CARTESIAN_POINT ( 'NONE',  ( 2.887675544409299189, -7.669546267036607468, -20.14999999999999503 ) ) ;
#3632 = EDGE_CURVE ( 'NONE', #8721, #8218, #5814, .T. ) ;
#3633 = CARTESIAN_POINT ( 'NONE',  ( -4.460435928346717205, 6.504191827515011681, 3.999999999999949818 ) ) ;
#3634 = ADVANCED_FACE ( 'NONE', ( #2311 ), #3836, .F. ) ;
#3635 = CARTESIAN_POINT ( 'NONE',  ( 7.656622063715581739, 15.19631082570222524, -0.4837805568354610619 ) ) ;
#3636 = ORIENTED_EDGE ( 'NONE', *, *, #2939, .T. ) ;
#3637 = LINE ( 'NONE', #4633, #7981 ) ;
#3638 = EDGE_CURVE ( 'NONE', #2624, #2463, #7292, .T. ) ;
#3639 = DIRECTION ( 'NONE',  ( -1.000000000000000000, 0.000000000000000000, 0.000000000000000000 ) ) ;
#3640 = AXIS2_PLACEMENT_3D ( 'NONE', #2603, #3441, #3389 ) ;
#3641 = LINE ( 'NONE', #2893, #8595 ) ;
#3642 = CARTESIAN_POINT ( 'NONE',  ( 5.327971974898225938, 6.920582234928583709, -19.56353518135811598 ) ) ;
#3643 = CARTESIAN_POINT ( 'NONE',  ( -3.475686976583116650, -14.52020202020196571, -0.9999999999999974465 ) ) ;
#3644 = EDGE_CURVE ( 'NONE', #7046, #7396, #6644, .T. ) ;
#3645 = CIRCLE ( 'NONE', #5988, 16.50000000000000355 ) ;
#3646 = CARTESIAN_POINT ( 'NONE',  ( 5.199083083782809034, 6.335570783122489225, -20.14999999999999858 ) ) ;
#3647 = ORIENTED_EDGE ( 'NONE', *, *, #7878, .T. ) ;
#3648 = ORIENTED_EDGE ( 'NONE', *, *, #8244, .F. ) ;
#3649 = CARTESIAN_POINT ( 'NONE',  ( -1.201849911079600597, -9.730909047399922684, -19.55699349196123649 ) ) ;
#3650 = VERTEX_POINT ( 'NONE', #271 ) ;
#3651 = CARTESIAN_POINT ( 'NONE',  ( -1.182375444227189227E-14, 1.215852357140782018E-28, -6.800000000000000711 ) ) ;
#3652 = DIRECTION ( 'NONE',  ( 0.8660254037844333785, -0.5000000000000093259, 0.000000000000000000 ) ) ;
#3653 = CARTESIAN_POINT ( 'NONE',  ( 6.850581896899825551, 0.1076712645770223770, -20.14999999999999503 ) ) ;
#3654 = CARTESIAN_POINT ( 'NONE',  ( -8.791261158180242674, 4.560543078950304974, -19.55632598351758489 ) ) ;
#3655 = AXIS2_PLACEMENT_3D ( 'NONE', #6159, #5293, #4646 ) ;
#3656 = CARTESIAN_POINT ( 'NONE',  ( 1.377366146891761511, 7.010390728630805590, -13.14891407561041881 ) ) ;
#3657 = CARTESIAN_POINT ( 'NONE',  ( 2.840941063463993554, 5.531551204707265690, -20.14999999999998082 ) ) ;
#3658 = VERTEX_POINT ( 'NONE', #3659 ) ;
#3659 = CARTESIAN_POINT ( 'NONE',  ( -9.641814145298260641, -11.49066664678449889, 0.000000000000000000 ) ) ;
#3660 = ORIENTED_EDGE ( 'NONE', *, *, #3164, .T. ) ;
#3661 = ORIENTED_EDGE ( 'NONE', *, *, #3638, .T. ) ;
#3662 = LINE ( 'NONE', #103, #7514 ) ;
#3663 = DIRECTION ( 'NONE',  ( -1.000000000000000000, 2.973811673103097763E-15, 0.000000000000000000 ) ) ;
#3664 = LINE ( 'NONE', #3522, #8889 ) ;
#3665 = CARTESIAN_POINT ( 'NONE',  ( -3.926052479527977201, -5.964493785028691875, -19.57094359889014257 ) ) ;
#3666 = CYLINDRICAL_SURFACE ( 'NONE', #4897, 1.000000000000001554 ) ;
#3667 = VECTOR ( 'NONE', #9009, 1000.000000000000000 ) ;
#3668 = CARTESIAN_POINT ( 'NONE',  ( -7.965214934447407913, 1.151006974991841458, -20.15000000000000213 ) ) ;
#3669 = CARTESIAN_POINT ( 'NONE',  ( -1.377366146891597642, 7.010390728630840229, -13.14898645150290157 ) ) ;
#3670 = ORIENTED_EDGE ( 'NONE', *, *, #6114, .T. ) ;
#3671 = AXIS2_PLACEMENT_3D ( 'NONE', #994, #1642, #4553 ) ;
#3672 = DIRECTION ( 'NONE',  ( -1.000000000000000000, 0.000000000000000000, 0.000000000000000000 ) ) ;
#3673 = DIRECTION ( 'NONE',  ( -1.000000000000000000, 0.000000000000000000, 0.000000000000000000 ) ) ;
#3674 = VERTEX_POINT ( 'NONE', #921 ) ;
#3675 = DIRECTION ( 'NONE',  ( 1.850371707708599740E-16, 1.000000000000000000, 1.517883041479706208E-15 ) ) ;
#3676 = CARTESIAN_POINT ( 'NONE',  ( 2.726561377120055418, -8.818042909524905326, -19.56065928333723036 ) ) ;
#3677 = DIRECTION ( 'NONE',  ( -0.3420201433256560564, 0.9396926207859129798, 0.000000000000000000 ) ) ;
#3678 = EDGE_CURVE ( 'NONE', #943, #3401, #3751, .T. ) ;
#3679 = CIRCLE ( 'NONE', #564, 4.000000000000001776 ) ;
#3680 = CARTESIAN_POINT ( 'NONE',  ( 2.885848198348192728, 6.211887743184567157, -19.57182600474934375 ) ) ;
#3681 = CYLINDRICAL_SURFACE ( 'NONE', #426, 0.9999999999999987788 ) ;
#3682 = VECTOR ( 'NONE', #6465, 1000.000000000000000 ) ;
#3683 = VERTEX_POINT ( 'NONE', #8605 ) ;
#3684 = CARTESIAN_POINT ( 'NONE',  ( -4.336359580130367597, 6.048184715067491446, 2.000000000000000000 ) ) ;
#3685 = EDGE_CURVE ( 'NONE', #5901, #2600, #4855, .T. ) ;
#3686 = B_SPLINE_CURVE_WITH_KNOTS ( 'NONE', 3,
 ( #4594, #1118, #3816, #3112, #942, #4502, #3771, #2375, #4548, #1776 ),
 .UNSPECIFIED., .F., .F.,
 ( 4, 2, 2, 2, 4 ),
 ( 0.000000000000000000, 0.0003921038166128719784, 0.0007842076332257439568, 0.001176311449838615989, 0.001568415266451487914 ),
 .UNSPECIFIED. ) ;
#3687 = CARTESIAN_POINT ( 'NONE',  ( 6.187618932840011965, -3.572423456518109219, 0.000000000000000000 ) ) ;
#3688 = CARTESIAN_POINT ( 'NONE',  ( 8.999070421724953306, 3.949025207968433371, -19.55684198224221504 ) ) ;
#3689 = VECTOR ( 'NONE', #8235, 1000.000000000000000 ) ;
#3690 = CARTESIAN_POINT ( 'NONE',  ( -17.29260624582388317, -2.112320938053343422, -0.07892642870509317121 ) ) ;
#3691 = ORIENTED_EDGE ( 'NONE', *, *, #6996, .F. ) ;
#3692 = CARTESIAN_POINT ( 'NONE',  ( 2.070922824700135223, -9.330588800621917756, -19.55862259580297646 ) ) ;
#3693 = AXIS2_PLACEMENT_3D ( 'NONE', #285, #332, #4584 ) ;
#3694 = EDGE_LOOP ( 'NONE', ( #1512, #5773 ) ) ;
#3695 = FACE_OUTER_BOUND ( 'NONE', #1801, .T. ) ;
#3696 = DIRECTION ( 'NONE',  ( 0.6427876096865416944, -0.7660444431189761261, 0.000000000000000000 ) ) ;
#3697 = CARTESIAN_POINT ( 'NONE',  ( -9.118043922536848811, 2.999793262481599498, -19.55835821826381249 ) ) ;
#3698 = CARTESIAN_POINT ( 'NONE',  ( -6.226357832181170338, 6.894323926026891591, -20.15000000000007674 ) ) ;
#3699 = CARTESIAN_POINT ( 'NONE',  ( 0.6107027781446636716, 4.928338605440488962, -20.15000000000001634 ) ) ;
#3700 = EDGE_CURVE ( 'NONE', #639, #7241, #5900, .T. ) ;
#3701 = AXIS2_PLACEMENT_3D ( 'NONE', #5903, #1055, #6515 ) ;
#3702 = EDGE_LOOP ( 'NONE', ( #3624, #1607, #6633, #6466 ) ) ;
#3703 = B_SPLINE_CURVE_WITH_KNOTS ( 'NONE', 3,
 ( #4711, #3231, #2539, #7521, #6874, #1195, #6832, #6040, #503, #4112 ),
 .UNSPECIFIED., .F., .F.,
 ( 4, 2, 2, 2, 4 ),
 ( 0.000000000000000000, 0.0003933778427753268324, 0.0007867556855506536648, 0.001180133528325980497, 0.001573511371101307330 ),
 .UNSPECIFIED. ) ;
#3704 = CARTESIAN_POINT ( 'NONE',  ( -5.142300877492400168, -6.128355544951749501, 2.000000000000000000 ) ) ;
#3705 = ORIENTED_EDGE ( 'NONE', *, *, #568, .F. ) ;
#3706 = EDGE_LOOP ( 'NONE', ( #4659, #7637, #5655, #2737 ) ) ;
#3707 = CARTESIAN_POINT ( 'NONE',  ( 17.74088866181148916, 9.233817689921329119, -6.296241557611308437 ) ) ;
#3708 = FACE_OUTER_BOUND ( 'NONE', #3040, .T. ) ;
#3709 = CARTESIAN_POINT ( 'NONE',  ( 17.79884389200625350, 9.121466773934537642, -11.00000000000000000 ) ) ;
#3710 = CARTESIAN_POINT ( 'NONE',  ( -3.481555194177321955, -4.467849166627816615, -20.15000000000000568 ) ) ;
#3711 = CIRCLE ( 'NONE', #8276, 15.99999999999999822 ) ;
#3712 = CARTESIAN_POINT ( 'NONE',  ( 3.234122568066576164, 6.400493083177551057, -19.57085013203225898 ) ) ;
#3713 = FACE_OUTER_BOUND ( 'NONE', #7669, .T. ) ;
#3714 = FACE_OUTER_BOUND ( 'NONE', #1089, .T. ) ;
#3715 = ORIENTED_EDGE ( 'NONE', *, *, #5100, .F. ) ;
#3716 = VECTOR ( 'NONE', #6269, 1000.000000000000000 ) ;
#3717 = CARTESIAN_POINT ( 'NONE',  ( 4.397789120022890685, -2.183928996545653423, -20.15000000000000213 ) ) ;
#3718 = CARTESIAN_POINT ( 'NONE',  ( -0.8737236375198292881, -19.98096911180073221, -6.296241557611310213 ) ) ;
#3719 = ORIENTED_EDGE ( 'NONE', *, *, #5870, .F. ) ;
#3720 = CARTESIAN_POINT ( 'NONE',  ( 10.56171683998890742, -13.95349910925193981, 0.000000000000000000 ) ) ;
#3721 = LINE ( 'NONE', #21, #1073 ) ;
#3722 = DIRECTION ( 'NONE',  ( 0.000000000000000000, 0.000000000000000000, 1.000000000000000000 ) ) ;
#3723 = VECTOR ( 'NONE', #3574, 1000.000000000000000 ) ;
#3724 = EDGE_CURVE ( 'NONE', #6688, #3528, #8426, .T. ) ;
#3725 = CIRCLE ( 'NONE', #8881, 0.9999999999999734657 ) ;
#3726 = CARTESIAN_POINT ( 'NONE',  ( 3.228867954717207223, 6.397470257081853795, -19.57086671476361062 ) ) ;
#3727 = CARTESIAN_POINT ( 'NONE',  ( 13.01044710970903395, 12.07257515209327536, 0.000000000000000000 ) ) ;
#3728 = VECTOR ( 'NONE', #4933, 1000.000000000000000 ) ;
#3729 = AXIS2_PLACEMENT_3D ( 'NONE', #7910, #655, #56 ) ;
#3730 = ORIENTED_EDGE ( 'NONE', *, *, #1993, .F. ) ;
#3731 = DIRECTION ( 'NONE',  ( 0.000000000000000000, 0.000000000000000000, -1.000000000000000000 ) ) ;
#3732 = CARTESIAN_POINT ( 'NONE',  ( 8.852192780166967978, 4.517552346356432658, -12.69999995247171398 ) ) ;
#3733 = CARTESIAN_POINT ( 'NONE',  ( 9.111728353237115385, 2.804488183604586293, -19.55877194579809242 ) ) ;
#3734 = AXIS2_PLACEMENT_3D ( 'NONE', #7194, #4983, #1465 ) ;
#3735 = AXIS2_PLACEMENT_3D ( 'NONE', #8851, #8157, #6671 ) ;
#3736 = EDGE_CURVE ( 'NONE', #7396, #1020, #7500, .T. ) ;
#3737 = CYLINDRICAL_SURFACE ( 'NONE', #6127, 0.8999999999999998002 ) ;
#3738 = ORIENTED_EDGE ( 'NONE', *, *, #1761, .F. ) ;
#3739 = CARTESIAN_POINT ( 'NONE',  ( 2.583198719939088228, -8.950215550317770052, -19.56013645653380451 ) ) ;
#3740 = CIRCLE ( 'NONE', #2828, 20.00000000000000000 ) ;
#3741 = ORIENTED_EDGE ( 'NONE', *, *, #5818, .T. ) ;
#3742 = ADVANCED_FACE ( 'NONE', ( #5171 ), #3074, .T. ) ;
#3743 = B_SPLINE_CURVE_WITH_KNOTS ( 'NONE', 3,
 ( #1396, #8614, #5736, #6333, #5822, #7876, #4913, #5647, #2280, #4219, #4360, #7172 ),
 .UNSPECIFIED., .F., .F.,
 ( 4, 2, 2, 2, 2, 4 ),
 ( 0.000000000000000000, 0.0002139270937463338160, 0.0004278541874926676319, 0.0008557083749853425280, 0.001283562562478017316, 0.001711416749970692212 ),
 .UNSPECIFIED. ) ;
#3744 = CARTESIAN_POINT ( 'NONE',  ( -11.53686139488133655, 5.347138278847017645, -11.52424501004280621 ) ) ;
#3745 = FILL_AREA_STYLE ('',( #4429 ) ) ;
#3746 = CARTESIAN_POINT ( 'NONE',  ( 5.845439054345615837, 6.264141631087907669, -20.14999999999998792 ) ) ;
#3747 = DIRECTION ( 'NONE',  ( -0.4999999999999998890, 0.8660254037844388186, 0.000000000000000000 ) ) ;
#3748 = CARTESIAN_POINT ( 'NONE',  ( -3.394622228934740971, 5.809218873366298830, -20.14999999999999503 ) ) ;
#3749 = EDGE_CURVE ( 'NONE', #4342, #6312, #5084, .T. ) ;
#3750 = ORIENTED_EDGE ( 'NONE', *, *, #5331, .F. ) ;
#3751 = LINE ( 'NONE', #6556, #1011 ) ;
#3752 = VERTEX_POINT ( 'NONE', #7903 ) ;
#3753 = ORIENTED_EDGE ( 'NONE', *, *, #1311, .F. ) ;
#3754 = CARTESIAN_POINT ( 'NONE',  ( 11.57017697435789927, -13.78879997614150099, 0.000000000000000000 ) ) ;
#3755 = CARTESIAN_POINT ( 'NONE',  ( 1.999999999999853895, -13.03589838486231933, -12.00000000000000000 ) ) ;
#3756 = CARTESIAN_POINT ( 'NONE',  ( -6.861371486304197909, 0.1139291206757337555, -20.14999999999999858 ) ) ;
#3757 = EDGE_CURVE ( 'NONE', #4088, #5458, #49, .T. ) ;
#3758 = CARTESIAN_POINT ( 'NONE',  ( -3.809352624876136684, -3.356494194078585291, -20.14999999999999858 ) ) ;
#3759 = CARTESIAN_POINT ( 'NONE',  ( -4.336359580130367597, 6.048184715067491446, 0.000000000000000000 ) ) ;
#3760 = CARTESIAN_POINT ( 'NONE',  ( -6.160606939268540749, 6.186191580122947897, -20.15000000000003411 ) ) ;
#3761 = CARTESIAN_POINT ( 'NONE',  ( 2.308076694259579842, -6.748369234145656037, -13.17148650044992841 ) ) ;
#3762 = B_SPLINE_CURVE_WITH_KNOTS ( 'NONE', 3,
 ( #3756, #3798, #8738, #3843, #8829, #6649, #324, #3142, #1757, #7389, #1059, #410, #5719, #6316, #6971, #945, #5676, #7663, #2760, #3605, #3462, #1424, #6270, #5629, #8454, #5580, #2218, #9152, #44, #9102, #3775, #4896, #4298, #2076, #7715, #4204, #7809, #7063, #7014, #686, #4944, #7758 ),
 .UNSPECIFIED., .F., .F.,
 ( 4, 2, 2, 2, 2, 2, 2, 2, 2, 2, 2, 2, 2, 2, 2, 2, 2, 2, 2, 2, 4 ),
 ( 0.000000000000000000, 0.06250000000000004163, 0.1250000000000000833, 0.1875000000000001110, 0.2187500000000001665, 0.2500000000000002220, 0.2812500000000002776, 0.3125000000000003331, 0.3437500000000003331, 0.3750000000000003886, 0.4062500000000003886, 0.4375000000000003886, 0.5000000000000005551, 0.6250000000000007772, 0.6875000000000007772, 0.7500000000000008882, 0.7812500000000008882, 0.8125000000000008882, 0.8750000000000005551, 0.9375000000000003331, 1.000000000000000000 ),
 .UNSPECIFIED. ) ;
#3763 = ORIENTED_EDGE ( 'NONE', *, *, #7176, .T. ) ;
#3764 = CARTESIAN_POINT ( 'NONE',  ( 3.958034370952925318, -2.990536666447265457, -20.15000000000000213 ) ) ;
#3765 = CYLINDRICAL_SURFACE ( 'NONE', #3693, 12.00000000000000355 ) ;
#3766 = ORIENTED_EDGE ( 'NONE', *, *, #1076, .T. ) ;
#3767 = CARTESIAN_POINT ( 'NONE',  ( 10.96255658814989431, 6.025872040652552997, -5.826282313059323315 ) ) ;
#3768 = CARTESIAN_POINT ( 'NONE',  ( 10.43531719619364040, 7.179533730680685011, -11.00000000000000000 ) ) ;
#3769 = CARTESIAN_POINT ( 'NONE',  ( -16.79884389200603323, 10.85351758150377854, -11.00000000000000000 ) ) ;
#3770 = CARTESIAN_POINT ( 'NONE',  ( 3.013148376834261288, 6.278018029225977514, -19.57147884706134988 ) ) ;
#3771 = CARTESIAN_POINT ( 'NONE',  ( -10.47198091438789191, 7.054254873292276073, -6.295527082779349470 ) ) ;
#3772 = EDGE_CURVE ( 'NONE', #7770, #6116, #1457, .T. ) ;
#3773 = ORIENTED_EDGE ( 'NONE', *, *, #6338, .F. ) ;
#3774 = DIRECTION ( 'NONE',  ( -0.3420201433256560564, 0.9396926207859130908, 0.000000000000000000 ) ) ;
#3775 = CARTESIAN_POINT ( 'NONE',  ( -6.265099284246181455, 6.158025054298962075, -20.15000000000000568 ) ) ;
#3776 = CARTESIAN_POINT ( 'NONE',  ( -3.648515181731859661E-16, 3.330669073875470252E-14, 3.999999999999949818 ) ) ;
#3777 = CARTESIAN_POINT ( 'NONE',  ( 0.5137812952128448796, -9.924999999999961631, -12.70000004752828104 ) ) ;
#3778 = CARTESIAN_POINT ( 'NONE',  ( 8.928209009923564921, 4.196913540997094572, -19.55658586412407729 ) ) ;
#3779 = DIRECTION ( 'NONE',  ( 0.000000000000000000, 0.000000000000000000, 1.000000000000000000 ) ) ;
#3780 = DIRECTION ( 'NONE',  ( 0.000000000000000000, 0.000000000000000000, 1.000000000000000000 ) ) ;
#3781 = EDGE_CURVE ( 'NONE', #6225, #4063, #6655, .T. ) ;
#3782 = VERTEX_POINT ( 'NONE', #6687 ) ;
#3783 = CARTESIAN_POINT ( 'NONE',  ( -2.587803172375514382, -8.948246611773688741, -19.56014445935942092 ) ) ;
#3784 = EDGE_LOOP ( 'NONE', ( #6152, #8732, #3177, #4511, #2130, #8749, #4434, #7767, #1098, #5069, #3636, #4920, #3246, #4107, #8247, #3223, #728, #6837, #4526, #4019, #4353, #6132, #4497, #1536, #5729, #7589, #3568, #1261 ) ) ;
#3785 = DIRECTION ( 'NONE',  ( 1.028313268071524818E-14, 1.000000000000000000, 0.000000000000000000 ) ) ;
#3786 = LINE ( 'NONE', #7287, #6976 ) ;
#3787 = CARTESIAN_POINT ( 'NONE',  ( -6.333985559321908099, 6.754513738915788323, -19.56048297387909685 ) ) ;
#3788 = EDGE_CURVE ( 'NONE', #2945, #2072, #4879, .T. ) ;
#3789 = CARTESIAN_POINT ( 'NONE',  ( 15.75692404819529635, -2.778370842671110008, 0.000000000000000000 ) ) ;
#3790 = CARTESIAN_POINT ( 'NONE',  ( -3.189444735093283967, 5.699806361031876101, -20.14999999999998792 ) ) ;
#3791 = CIRCLE ( 'NONE', #7319, 7.099999999999799805 ) ;
#3792 = ORIENTED_EDGE ( 'NONE', *, *, #9042, .T. ) ;
#3793 = DIRECTION ( 'NONE',  ( 0.000000000000000000, 0.000000000000000000, 1.000000000000000000 ) ) ;
#3794 = ORIENTED_EDGE ( 'NONE', *, *, #2840, .T. ) ;
#3795 = VERTEX_POINT ( 'NONE', #4187 ) ;
#3796 = FACE_OUTER_BOUND ( 'NONE', #438, .T. ) ;
#3797 = DIRECTION ( 'NONE',  ( -1.000000000000000000, 1.028313268071524660E-14, 0.000000000000000000 ) ) ;
#3798 = CARTESIAN_POINT ( 'NONE',  ( -7.050715879274275011, 0.2236457377651855094, -20.14999999999999503 ) ) ;
#3799 = CARTESIAN_POINT ( 'NONE',  ( -3.958934252129981068, -2.998549042111267049, -20.14999999999998437 ) ) ;
#3800 = CARTESIAN_POINT ( 'NONE',  ( 4.066251983035933826, -4.582984342272213851, -19.57404232854350923 ) ) ;
#3801 = CARTESIAN_POINT ( 'NONE',  ( -5.627735572473840264, 6.299883400681451029, -20.14999999999999858 ) ) ;
#3802 = ADVANCED_FACE ( 'NONE', ( #3178 ), #5520, .F. ) ;
#3803 = CARTESIAN_POINT ( 'NONE',  ( 5.739782705994668000, -1.364564495610245176, -20.15000000000002345 ) ) ;
#3804 = VERTEX_POINT ( 'NONE', #2655 ) ;
#3805 = CARTESIAN_POINT ( 'NONE',  ( 6.595082891519550294, -0.04522680319104612628, -20.15000000000000213 ) ) ;
#3806 = FACE_OUTER_BOUND ( 'NONE', #7385, .T. ) ;
#3807 = CIRCLE ( 'NONE', #3954, 17.50000000000001421 ) ;
#3808 = CARTESIAN_POINT ( 'NONE',  ( 1.217350049230595976, -12.68836100782429988, -11.63654852392078354 ) ) ;
#3809 = VERTEX_POINT ( 'NONE', #361 ) ;
#3810 = CARTESIAN_POINT ( 'NONE',  ( -17.61982799997228710, 9.463095536206733271, -6.000484587225369815 ) ) ;
#3811 = DIRECTION ( 'NONE',  ( -0.000000000000000000, -0.000000000000000000, -1.000000000000000000 ) ) ;
#3812 = CARTESIAN_POINT ( 'NONE',  ( 6.543560472364846170, 2.866220799464515689, 0.000000000000000000 ) ) ;
#3813 = CARTESIAN_POINT ( 'NONE',  ( 3.220052839667212563, 6.392410202165071276, -19.57089226849188890 ) ) ;
#3814 = VECTOR ( 'NONE', #7103, 1000.000000000000000 ) ;
#3815 = EDGE_CURVE ( 'NONE', #5492, #6943, #5475, .T. ) ;
#3816 = CARTESIAN_POINT ( 'NONE',  ( -10.69983656123437221, 6.480916475436113267, -5.826282313059320650 ) ) ;
#3817 = ORIENTED_EDGE ( 'NONE', *, *, #7792, .T. ) ;
#3818 = CARTESIAN_POINT ( 'NONE',  ( -11.10365512340734817, 5.828126514680256776, -5.926851339482115399 ) ) ;
#3819 = CONICAL_SURFACE ( 'NONE', #863, 1.325000000000436939, 0.7853981633974541632 ) ;
#3820 = CARTESIAN_POINT ( 'NONE',  ( -0.7985592938159007392, -19.39329672908762348, -6.184335810359786301 ) ) ;
#3821 = DIRECTION ( 'NONE',  ( 0.000000000000000000, 0.000000000000000000, 1.000000000000000000 ) ) ;
#3822 = CARTESIAN_POINT ( 'NONE',  ( 7.087094034895882189, -0.5839333955071381865, 0.000000000000000000 ) ) ;
#3823 = CARTESIAN_POINT ( 'NONE',  ( 8.229270843697134907, 0.5099037125642802426, -19.56611170213163930 ) ) ;
#3824 = AXIS2_PLACEMENT_3D ( 'NONE', #667, #1800, #1321 ) ;
#3825 = CARTESIAN_POINT ( 'NONE',  ( -1.234878401513537893, -19.23634380674688416, -11.65769605086941141 ) ) ;
#3826 = ORIENTED_EDGE ( 'NONE', *, *, #7011, .F. ) ;
#3827 = CARTESIAN_POINT ( 'NONE',  ( 1.196450119776556242, -9.732631425521354629, -19.55698644262459851 ) ) ;
#3828 = ORIENTED_EDGE ( 'NONE', *, *, #7303, .T. ) ;
#3829 = CARTESIAN_POINT ( 'NONE',  ( -15.88941916244309915, 8.250000000000220268, 2.200000000000000178 ) ) ;
#3830 = CARTESIAN_POINT ( 'NONE',  ( -6.427876108280459633, -7.660444421611449783, 3.999999999999949818 ) ) ;
#3831 = CIRCLE ( 'NONE', #731, 2.000000000000030642 ) ;
#3832 = CARTESIAN_POINT ( 'NONE',  ( -5.801422364713470614, 6.874800814966459228, -19.56205538788636744 ) ) ;
#3833 = DIRECTION ( 'NONE',  ( 1.000000000000000000, 0.000000000000000000, 0.000000000000000000 ) ) ;
#3834 = CARTESIAN_POINT ( 'NONE',  ( -3.513257181730028655, 5.875915369524042475, -20.14999999999996660 ) ) ;
#3835 = ORIENTED_EDGE ( 'NONE', *, *, #502, .T. ) ;
#3836 = CYLINDRICAL_SURFACE ( 'NONE', #2201, 1.000000000000029532 ) ;
#3837 = CIRCLE ( 'NONE', #3243, 1.925000000000000488 ) ;
#3838 = ORIENTED_EDGE ( 'NONE', *, *, #1694, .F. ) ;
#3839 = EDGE_LOOP ( 'NONE', ( #3995, #5366 ) ) ;
#3840 = DIRECTION ( 'NONE',  ( -0.000000000000000000, -0.000000000000000000, -1.000000000000000000 ) ) ;
#3841 = ADVANCED_FACE ( 'NONE', ( #6997 ), #4568, .F. ) ;
#3842 = DIRECTION ( 'NONE',  ( 0.000000000000000000, 0.000000000000000000, 1.000000000000000000 ) ) ;
#3843 = CARTESIAN_POINT ( 'NONE',  ( -7.556343694754775520, 0.6405248198889041955, -20.14999999999999858 ) ) ;
#3844 = CARTESIAN_POINT ( 'NONE',  ( -3.332019808848076803, -5.999391255441232751, -20.15000000000001279 ) ) ;
#3845 = CARTESIAN_POINT ( 'NONE',  ( 4.446389798815599370, -3.367703303200430653, -19.57571729034513197 ) ) ;
#3846 = CARTESIAN_POINT ( 'NONE',  ( -6.003411081925271731, 6.228508150943572907, -20.14999999999998792 ) ) ;
#3847 = CARTESIAN_POINT ( 'NONE',  ( 6.970391156674931032, -1.423532130147187713, 0.000000000000000000 ) ) ;
#3848 = EDGE_CURVE ( 'NONE', #5074, #4118, #5151, .T. ) ;
#3849 = VECTOR ( 'NONE', #8367, 1000.000000000000000 ) ;
#3850 = ORIENTED_EDGE ( 'NONE', *, *, #3329, .F. ) ;
#3851 = DIRECTION ( 'NONE',  ( -1.000000000000000000, 0.000000000000000000, 0.000000000000000000 ) ) ;
#3852 = CARTESIAN_POINT ( 'NONE',  ( 12.74783906285161628, 12.70797384430871446, 0.000000000000000000 ) ) ;
#3853 = EDGE_CURVE ( 'NONE', #684, #15, #2492, .T. ) ;
#3854 = AXIS2_PLACEMENT_3D ( 'NONE', #2822, #8611, #2277 ) ;
#3855 = CARTESIAN_POINT ( 'NONE',  ( 3.995459876927239816E-16, 8.881784197001249168E-15, 0.000000000000000000 ) ) ;
#3856 = FACE_OUTER_BOUND ( 'NONE', #262, .T. ) ;
#3857 = CARTESIAN_POINT ( 'NONE',  ( 6.427876085450569654, -7.660444440767989249, 0.000000000000000000 ) ) ;
#3858 = CARTESIAN_POINT ( 'NONE',  ( -5.196152422706641794, 3.000000000000417000, -20.14999999999999858 ) ) ;
#3859 = AXIS2_PLACEMENT_3D ( 'NONE', #1707, #3842, #3092 ) ;
#3860 = VERTEX_POINT ( 'NONE', #1052 ) ;
#3861 = DIRECTION ( 'NONE',  ( 0.000000000000000000, 0.000000000000000000, 1.000000000000000000 ) ) ;
#3862 = EDGE_CURVE ( 'NONE', #8701, #9113, #2025, .T. ) ;
#3863 = B_SPLINE_CURVE_WITH_KNOTS ( 'NONE', 3,
 ( #1179, #5982, #7464, #4608, #1879, #1974, #5349, #1132, #3918, #6723 ),
 .UNSPECIFIED., .F., .F.,
 ( 4, 2, 2, 2, 4 ),
 ( 0.000000000000000000, 0.0003933778427753301934, 0.0007867556855506603868, 0.001180133528325990472, 0.001573511371101320774 ),
 .UNSPECIFIED. ) ;
#3864 = EDGE_LOOP ( 'NONE', ( #7166, #5368, #3766, #4483, #6164, #4668, #3411, #8463 ) ) ;
#3865 = FACE_BOUND ( 'NONE', #3225, .T. ) ;
#3866 = CIRCLE ( 'NONE', #6205, 3.000000000000000444 ) ;
#3867 = CARTESIAN_POINT ( 'NONE',  ( -16.58590446542845243, 11.17659814619897674, -11.80022346716295090 ) ) ;
#3868 = CARTESIAN_POINT ( 'NONE',  ( -2.000000000000160316, -14.26393202250011960, -12.00000000000000000 ) ) ;
#3869 = EDGE_CURVE ( 'NONE', #8958, #2051, #9135, .T. ) ;
#3870 = CARTESIAN_POINT ( 'NONE',  ( 7.129584630170822557, 0.2063761487537487394, -13.14533457493036828 ) ) ;
#3871 = CARTESIAN_POINT ( 'NONE',  ( 9.114373433570927219, 2.869218257127991389, -19.55863305271377683 ) ) ;
#3872 = AXIS2_PLACEMENT_3D ( 'NONE', #5211, #7327, #5942 ) ;
#3873 = DIRECTION ( 'NONE',  ( -0.000000000000000000, -0.000000000000000000, -1.000000000000000000 ) ) ;
#3874 = VERTEX_POINT ( 'NONE', #577 ) ;
#3875 = CARTESIAN_POINT ( 'NONE',  ( -3.073292590756482756, -8.436296610471460511, -19.56215308617277771 ) ) ;
#3876 = VERTEX_POINT ( 'NONE', #4781 ) ;
#3877 = AXIS2_PLACEMENT_3D ( 'NONE', #2256, #6307, #7054 ) ;
#3878 = CARTESIAN_POINT ( 'NONE',  ( -11.43531719619345921, 5.447482923112050734, -11.13839124370880995 ) ) ;
#3879 = VECTOR ( 'NONE', #2559, 999.9999999999998863 ) ;
#3880 = DIRECTION ( 'NONE',  ( -1.000000000000000000, 0.000000000000000000, 0.000000000000000000 ) ) ;
#3881 = PLANE ( 'NONE',  #6426 ) ;
#3882 = DIRECTION ( 'NONE',  ( 0.000000000000000000, 0.000000000000000000, 1.000000000000000000 ) ) ;
#3883 = CARTESIAN_POINT ( 'NONE',  ( 11.33992941966018719, 7.701811841411315029, -11.00000000000000000 ) ) ;
#3884 = ORIENTED_EDGE ( 'NONE', *, *, #2210, .F. ) ;
#3885 = PLANE ( 'NONE',  #7957 ) ;
#3886 = ORIENTED_EDGE ( 'NONE', *, *, #1257, .F. ) ;
#3887 = VERTEX_POINT ( 'NONE', #5262 ) ;
#3888 = DIRECTION ( 'NONE',  ( 0.000000000000000000, 0.000000000000000000, 1.000000000000000000 ) ) ;
#3889 = CARTESIAN_POINT ( 'NONE',  ( 17.49999999999999645, 6.268901968980452702E-29, 0.000000000000000000 ) ) ;
#3890 = CARTESIAN_POINT ( 'NONE',  ( -2.736161146605239569, 7.517540966287299398, 3.999999999999949818 ) ) ;
#3891 = CARTESIAN_POINT ( 'NONE',  ( -17.28941916244310306, 8.154709322255367709, -11.91367074265687975 ) ) ;
#3892 = CARTESIAN_POINT ( 'NONE',  ( 5.252594738895441040, -2.020129079625050839, -19.57556469613541950 ) ) ;
#3893 = CARTESIAN_POINT ( 'NONE',  ( -5.519141944983802617, 6.312753933442172283, -20.15000000000001634 ) ) ;
#3894 = CARTESIAN_POINT ( 'NONE',  ( 3.924999999999967404, -5.426196494184077679, -20.14999999999999503 ) ) ;
#3895 = VERTEX_POINT ( 'NONE', #8081 ) ;
#3896 = DIRECTION ( 'NONE',  ( -0.8660254037844387076, -0.4999999999999998890, 1.401122807519728488E-15 ) ) ;
#3897 = CARTESIAN_POINT ( 'NONE',  ( 6.400705843205855672, -0.1730208649451432934, -20.15000000000000213 ) ) ;
#3898 = DIRECTION ( 'NONE',  ( -0.000000000000000000, -0.000000000000000000, -1.000000000000000000 ) ) ;
#3899 = CARTESIAN_POINT ( 'NONE',  ( 1.522662419786914745, -12.79886801639252525, -11.88784080805924859 ) ) ;
#3900 = DIRECTION ( 'NONE',  ( -0.000000000000000000, -0.000000000000000000, 1.000000000000000000 ) ) ;
#3901 = CARTESIAN_POINT ( 'NONE',  ( -10.43531719619343257, 7.179533730680914161, -11.00000000000000000 ) ) ;
#3902 = DIRECTION ( 'NONE',  ( -1.000000000000000000, 0.000000000000000000, 0.000000000000000000 ) ) ;
#3903 = EDGE_CURVE ( 'NONE', #5096, #1377, #4273, .T. ) ;
#3904 = DIRECTION ( 'NONE',  ( -0.5000000000000093259, -0.8660254037844332675, 0.000000000000000000 ) ) ;
#3905 = EDGE_LOOP ( 'NONE', ( #8686, #2285, #7420, #6558 ) ) ;
#3906 = CARTESIAN_POINT ( 'NONE',  ( 3.394797698752201054, 5.809277246128931260, -20.15000000000000213 ) ) ;
#3907 = CARTESIAN_POINT ( 'NONE',  ( -17.79884389200605810, 9.121466773934917782, -6.800000000000000711 ) ) ;
#3908 = CARTESIAN_POINT ( 'NONE',  ( -0.8728928348600483167, -13.62931164462590772, -6.294849952815315675 ) ) ;
#3909 = EDGE_CURVE ( 'NONE', #3860, #6477, #2053, .T. ) ;
#3910 = CARTESIAN_POINT ( 'NONE',  ( -6.661724009889490539, -0.6860514627619310746, -12.76259216649567207 ) ) ;
#3911 = DIRECTION ( 'NONE',  ( 0.000000000000000000, 0.000000000000000000, 1.000000000000000000 ) ) ;
#3912 = ADVANCED_FACE ( 'NONE', ( #3927 ), #3885, .F. ) ;
#3913 = EDGE_CURVE ( 'NONE', #7770, #3874, #3228, .T. ) ;
#3914 = CARTESIAN_POINT ( 'NONE',  ( -1.038078751460336235, -19.31472069255661239, -11.28245322482911561 ) ) ;
#3915 = ORIENTED_EDGE ( 'NONE', *, *, #3055, .T. ) ;
#3916 = CARTESIAN_POINT ( 'NONE',  ( -3.190074275890499411, -8.282284296499474507, -19.56274506771027077 ) ) ;
#3917 = ORIENTED_EDGE ( 'NONE', *, *, #4188, .F. ) ;
#3918 = CARTESIAN_POINT ( 'NONE',  ( 0.1330857589518255890, -19.49999999999999289, -5.800000000000000711 ) ) ;
#3919 = CARTESIAN_POINT ( 'NONE',  ( -4.186851210812513990, 6.794305399400468737, -19.56740174495446638 ) ) ;
#3920 = CARTESIAN_POINT ( 'NONE',  ( -9.848077532709650583, -1.736481761994669970, 3.999999999999949818 ) ) ;
#3921 = CARTESIAN_POINT ( 'NONE',  ( 8.300206925127149304, 1.800110303024919478, -20.15000000000000213 ) ) ;
#3922 = DIRECTION ( 'NONE',  ( 0.000000000000000000, 0.000000000000000000, -1.000000000000000000 ) ) ;
#3923 = CARTESIAN_POINT ( 'NONE',  ( 11.32908727633193813, 7.754108015705485357, -11.36030756053369650 ) ) ;
#3924 = AXIS2_PLACEMENT_3D ( 'NONE', #5529, #3315, #5489 ) ;
#3925 = EDGE_CURVE ( 'NONE', #978, #3674, #6621, .T. ) ;
#3926 = ORIENTED_EDGE ( 'NONE', *, *, #3095, .T. ) ;
#3927 = FACE_OUTER_BOUND ( 'NONE', #3316, .T. ) ;
#3928 = ORIENTED_EDGE ( 'NONE', *, *, #568, .T. ) ;
#3929 = ORIENTED_EDGE ( 'NONE', *, *, #3869, .F. ) ;
#3930 = CARTESIAN_POINT ( 'NONE',  ( 2.909310388966115379, -7.618504805275674308, -20.14999999999998082 ) ) ;
#3931 = CARTESIAN_POINT ( 'NONE',  ( -14.28941916244309951, 8.250000000000220268, 4.000000000000000000 ) ) ;
#3932 = CARTESIAN_POINT ( 'NONE',  ( -11.81769303614649935, -2.083778132003309747, 0.000000000000000000 ) ) ;
#3933 = CARTESIAN_POINT ( 'NONE',  ( 5.899547296855803147, -1.320282851734883245, -19.57429615626838171 ) ) ;
#3934 = CARTESIAN_POINT ( 'NONE',  ( -7.427220487611456257, 5.466481225408840849, -20.15000000000000568 ) ) ;
#3935 = CARTESIAN_POINT ( 'NONE',  ( 6.661724009889392839, -0.6860514627619563877, -12.76258171639310035 ) ) ;
#3936 = ORIENTED_EDGE ( 'NONE', *, *, #6566, .F. ) ;
#3937 = DIRECTION ( 'NONE',  ( 0.000000000000000000, 0.000000000000000000, 1.000000000000000000 ) ) ;
#3938 = DIRECTION ( 'NONE',  ( -0.000000000000000000, -0.000000000000000000, 1.000000000000000000 ) ) ;
#3939 = AXIS2_PLACEMENT_3D ( 'NONE', #7535, #2597, #4773 ) ;
#3940 = CARTESIAN_POINT ( 'NONE',  ( 6.148780366869437408, 3.549999999999869704, 0.000000000000000000 ) ) ;
#3941 = CARTESIAN_POINT ( 'NONE',  ( -10.83702032928546544, 10.27013422742469650, -1.000000000000011324 ) ) ;
#3942 = CARTESIAN_POINT ( 'NONE',  ( -9.641814145298269523, -11.49066664678460015, 3.999999999999949818 ) ) ;
#3943 = CYLINDRICAL_SURFACE ( 'NONE', #7926, 4.000000000000001776 ) ;
#3944 = VECTOR ( 'NONE', #988, 1000.000000000000000 ) ;
#3945 = EDGE_LOOP ( 'NONE', ( #7539, #4729, #3715, #3541 ) ) ;
#3946 = DIRECTION ( 'NONE',  ( 1.000000000000000000, 0.000000000000000000, 0.000000000000000000 ) ) ;
#3947 = EDGE_LOOP ( 'NONE', ( #5665, #5357, #6636, #3691 ) ) ;
#3948 = EDGE_CURVE ( 'NONE', #2626, #4619, #7741, .T. ) ;
#3949 = CARTESIAN_POINT ( 'NONE',  ( 1.677003207420425968, 5.118528441001791052, -20.15000000000000213 ) ) ;
#3950 = LINE ( 'NONE', #299, #3879 ) ;
#3951 = B_SPLINE_CURVE_WITH_KNOTS ( 'NONE', 3,
 ( #4002, #4690, #7549, #3914, #6717, #4557, #3825, #3122, #7501, #1128, #1174, #4604 ),
 .UNSPECIFIED., .F., .F.,
 ( 4, 2, 2, 2, 2, 4 ),
 ( 0.000000000000000000, 0.0002139270937463338160, 0.0004278541874926676319, 0.0008557083749853355891, 0.001283562562478003438, 0.001711416749970671612 ),
 .UNSPECIFIED. ) ;
#3952 = CYLINDRICAL_SURFACE ( 'NONE', #1154, 0.9999999999999761302 ) ;
#3953 = CARTESIAN_POINT ( 'NONE',  ( -4.718010566148221230, -5.324769750921366729, 0.000000000000000000 ) ) ;
#3954 = AXIS2_PLACEMENT_3D ( 'NONE', #8455, #1425, #2952 ) ;
#3955 = DIRECTION ( 'NONE',  ( -1.000000000000000000, 0.000000000000000000, 0.000000000000000000 ) ) ;
#3956 = ADVANCED_FACE ( 'NONE', ( #7146 ), #3681, .T. ) ;
#3957 = DIRECTION ( 'NONE',  ( 0.000000000000000000, 0.000000000000000000, 1.000000000000000000 ) ) ;
#3958 = ORIENTED_EDGE ( 'NONE', *, *, #6401, .T. ) ;
#3959 = CARTESIAN_POINT ( 'NONE',  ( -3.673002425134345383, -7.381824714974324131, -19.56611128188024651 ) ) ;
#3960 = EDGE_CURVE ( 'NONE', #1649, #2657, #4708, .T. ) ;
#3961 = VERTEX_POINT ( 'NONE', #3593 ) ;
#3962 = CARTESIAN_POINT ( 'NONE',  ( 7.878462024097640182, -1.389185421335560111, 2.000000000000000000 ) ) ;
#3963 = DIRECTION ( 'NONE',  ( 0.000000000000000000, 0.000000000000000000, -1.000000000000000000 ) ) ;
#3964 = DIRECTION ( 'NONE',  ( 0.000000000000000000, 0.000000000000000000, -1.000000000000000000 ) ) ;
#3965 = CARTESIAN_POINT ( 'NONE',  ( 8.478313767345607488, 3.538724301234881242, -20.15000000000001990 ) ) ;
#3966 = DIRECTION ( 'NONE',  ( 0.9848077530122057999, -0.1736481776669439869, 0.000000000000000000 ) ) ;
#3967 = CIRCLE ( 'NONE', #2341, 13.00000000000000355 ) ;
#3968 = CARTESIAN_POINT ( 'NONE',  ( -9.848077532709639925, -1.736481761994669970, 0.000000000000000000 ) ) ;
#3969 = ORIENTED_EDGE ( 'NONE', *, *, #118, .T. ) ;
#3970 = ORIENTED_EDGE ( 'NONE', *, *, #1694, .T. ) ;
#3971 = ORIENTED_EDGE ( 'NONE', *, *, #3175, .F. ) ;
#3972 = CARTESIAN_POINT ( 'NONE',  ( 1.519391369152584659, -8.958687566474278441, -20.14999999999998792 ) ) ;
#3973 = EDGE_CURVE ( 'NONE', #1009, #3615, #8580, .T. ) ;
#3974 = AXIS2_PLACEMENT_3D ( 'NONE', #7045, #5706, #1456 ) ;
#3975 = ORIENTED_EDGE ( 'NONE', *, *, #5260, .F. ) ;
#3976 = FACE_OUTER_BOUND ( 'NONE', #2857, .T. ) ;
#3977 = FACE_OUTER_BOUND ( 'NONE', #273, .T. ) ;
#3978 = CARTESIAN_POINT ( 'NONE',  ( 7.074000088885125770, -0.4499524920967325481, -19.57110197369270566 ) ) ;
#3979 = EDGE_CURVE ( 'NONE', #8522, #7991, #3831, .T. ) ;
#3980 = CARTESIAN_POINT ( 'NONE',  ( -7.129584630170814563, 0.2063761487538511297, 0.000000000000000000 ) ) ;
#3981 = DIRECTION ( 'NONE',  ( -1.000000000000000000, 0.000000000000000000, 0.000000000000000000 ) ) ;
#3982 = AXIS2_PLACEMENT_3D ( 'NONE', #8102, #7408, #3904 ) ;
#3983 = ORIENTED_EDGE ( 'NONE', *, *, #6450, .F. ) ;
#3984 = DIRECTION ( 'NONE',  ( -0.6427876096865482447, 0.7660444431189705750, 0.000000000000000000 ) ) ;
#3985 = ORIENTED_EDGE ( 'NONE', *, *, #565, .T. ) ;
#3986 = CARTESIAN_POINT ( 'NONE',  ( -2.000000000000154543, -13.67157287525376219, -12.00000000000000000 ) ) ;
#3987 = CARTESIAN_POINT ( 'NONE',  ( 0.000000000000000000, 0.000000000000000000, -12.00000000000000000 ) ) ;
#3988 = CARTESIAN_POINT ( 'NONE',  ( -5.270642792611838878, -1.107580808497240499, -20.15000000000000568 ) ) ;
#3989 = CARTESIAN_POINT ( 'NONE',  ( 11.41570341788201404, 5.467123968765030817, -6.535729740641971652 ) ) ;
#3990 = CARTESIAN_POINT ( 'NONE',  ( 4.560335360035530528, 6.872060351274045686, -19.56609768921689252 ) ) ;
#3991 = DIRECTION ( 'NONE',  ( 1.000000000000000000, -5.782411586589347778E-15, 0.000000000000000000 ) ) ;
#3992 = ORIENTED_EDGE ( 'NONE', *, *, #4015, .T. ) ;
#3993 = CIRCLE ( 'NONE', #2804, 13.00000000000000355 ) ;
#3994 = CARTESIAN_POINT ( 'NONE',  ( -11.32905039545224035, 7.754161038909247239, -11.36097871294527195 ) ) ;
#3995 = ORIENTED_EDGE ( 'NONE', *, *, #8492, .F. ) ;
#3996 = CARTESIAN_POINT ( 'NONE',  ( 19.34355630229943301, 8.858606361458603473, -11.00000000000000000 ) ) ;
#3997 = CARTESIAN_POINT ( 'NONE',  ( 5.196152422706617813, 3.000000000000023981, -13.75000000000000178 ) ) ;
#3998 = CARTESIAN_POINT ( 'NONE',  ( 1.599999999999738076, -16.50000000000000000, 2.200000000000000178 ) ) ;
#3999 = CARTESIAN_POINT ( 'NONE',  ( -3.925000000000036238, -5.426196494184017283, -12.76258171639308081 ) ) ;
#4000 = AXIS2_PLACEMENT_3D ( 'NONE', #1577, #8466, #2917 ) ;
#4001 = CARTESIAN_POINT ( 'NONE',  ( -3.271152422706193441, 3.000000000000417444, -13.75000000000000355 ) ) ;
#4002 = CARTESIAN_POINT ( 'NONE',  ( -1.000000000000212053, -19.32842712474620939, -11.00000000000000000 ) ) ;
#4003 = ORIENTED_EDGE ( 'NONE', *, *, #8475, .F. ) ;
#4004 = CARTESIAN_POINT ( 'NONE',  ( 8.760310200294023630, 1.358466235980094527, -19.56280862599748716 ) ) ;
#4005 = EDGE_CURVE ( 'NONE', #226, #8485, #717, .T. ) ;
#4006 = ORIENTED_EDGE ( 'NONE', *, *, #2200, .T. ) ;
#4007 = FACE_OUTER_BOUND ( 'NONE', #102, .T. ) ;
#4008 = CARTESIAN_POINT ( 'NONE',  ( -2.000000000000160316, -14.26393202250011960, -12.00000000000000000 ) ) ;
#4009 = DIRECTION ( 'NONE',  ( 0.000000000000000000, 0.000000000000000000, 1.000000000000000000 ) ) ;
#4010 = CARTESIAN_POINT ( 'NONE',  ( 8.247721453980151551, 4.321254025632327966, -20.14999999999998437 ) ) ;
#4011 = CARTESIAN_POINT ( 'NONE',  ( 9.938449852079450864, -13.17107491959946763, -0.9999999999999974465 ) ) ;
#4012 = VECTOR ( 'NONE', #4009, 1000.000000000000000 ) ;
#4013 = AXIS2_PLACEMENT_3D ( 'NONE', #2197, #2107, #666 ) ;
#4014 = CYLINDRICAL_SURFACE ( 'NONE', #376, 1.925000000000166800 ) ;
#4015 = EDGE_CURVE ( 'NONE', #7241, #5871, #282, .T. ) ;
#4016 = VERTEX_POINT ( 'NONE', #766 ) ;
#4017 = EDGE_LOOP ( 'NONE', ( #5762, #3926, #984, #6548 ) ) ;
#4018 = ADVANCED_FACE ( 'NONE', ( #4233 ), #75, .F. ) ;
#4019 = ORIENTED_EDGE ( 'NONE', *, *, #5480, .T. ) ;
#4020 = CARTESIAN_POINT ( 'NONE',  ( 3.244737139979120499, -6.758398932545583548, -20.15000000000000924 ) ) ;
#4021 = AXIS2_PLACEMENT_3D ( 'NONE', #5896, #6030, #1658 ) ;
#4022 = CIRCLE ( 'NONE', #1359, 0.8999999999999998002 ) ;
#4023 = VERTEX_POINT ( 'NONE', #3635 ) ;
#4024 = CARTESIAN_POINT ( 'NONE',  ( 3.171614265229066199, 6.406685247917941695, 0.000000000000000000 ) ) ;
#4025 = DIRECTION ( 'NONE',  ( 0.000000000000000000, 0.000000000000000000, 1.000000000000000000 ) ) ;
#4026 = CARTESIAN_POINT ( 'NONE',  ( 7.144047766943092626, -0.4087021513469185630, -19.57089809670156555 ) ) ;
#4027 = CARTESIAN_POINT ( 'NONE',  ( -8.821384688093447224, 1.498619773556721047, -19.56233714826702297 ) ) ;
#4028 = CARTESIAN_POINT ( 'NONE',  ( -4.684681853930910300, -2.704831851990263658, -20.14999999999998437 ) ) ;
#4029 = CARTESIAN_POINT ( 'NONE',  ( -0.5611407426940598908, 5.519184507402936646, -19.57581125261333099 ) ) ;
#4030 = ADVANCED_FACE ( 'NONE', ( #2935 ), #4415, .T. ) ;
#4031 = AXIS2_PLACEMENT_3D ( 'NONE', #3476, #657, #7630 ) ;
#4032 = ORIENTED_EDGE ( 'NONE', *, *, #3903, .F. ) ;
#4033 = CARTESIAN_POINT ( 'NONE',  ( 10.43531719619364040, 7.179533730680685011, -6.800000000000000711 ) ) ;
#4034 = EDGE_CURVE ( 'NONE', #6312, #9017, #1912, .T. ) ;
#4035 = VERTEX_POINT ( 'NONE', #2199 ) ;
#4036 = CARTESIAN_POINT ( 'NONE',  ( 12.11044710970903360, 12.07257515209327536, 0.000000000000000000 ) ) ;
#4037 = DIRECTION ( 'NONE',  ( -1.000000000000000000, 0.000000000000000000, -0.000000000000000000 ) ) ;
#4038 = CARTESIAN_POINT ( 'NONE',  ( -3.532478889413945389, -4.243255524454868421, -20.14999999999999858 ) ) ;
#4039 = DIRECTION ( 'NONE',  ( 0.000000000000000000, 0.000000000000000000, -1.000000000000000000 ) ) ;
#4040 = CARTESIAN_POINT ( 'NONE',  ( -4.758292052727337129, -2.747563552188760472, -19.57596548422055349 ) ) ;
#4041 = DIRECTION ( 'NONE',  ( 0.6427876096865490219, -0.7660444431189697978, 0.000000000000000000 ) ) ;
#4042 = EDGE_CURVE ( 'NONE', #8010, #1247, #7927, .T. ) ;
#4043 = ORIENTED_EDGE ( 'NONE', *, *, #8814, .T. ) ;
#4044 = CYLINDRICAL_SURFACE ( 'NONE', #5303, 1.999999999999999112 ) ;
#4045 = ORIENTED_EDGE ( 'NONE', *, *, #3340, .T. ) ;
#4046 = FACE_OUTER_BOUND ( 'NONE', #1702, .T. ) ;
#4047 = DIRECTION ( 'NONE',  ( 1.028313268071524818E-14, 1.000000000000000000, -0.000000000000000000 ) ) ;
#4048 = CARTESIAN_POINT ( 'NONE',  ( 3.234122568066576164, 6.400493083177551057, -19.57085013203225898 ) ) ;
#4049 = CARTESIAN_POINT ( 'NONE',  ( -5.953023832869286380, 3.889060262801577128, 0.000000000000000000 ) ) ;
#4050 = CARTESIAN_POINT ( 'NONE',  ( 1.178669125964988342E-28, 6.268901968980452702E-29, -0.9999999999999974465 ) ) ;
#4051 = CARTESIAN_POINT ( 'NONE',  ( 7.895210997858671753, -1.290598039394673435, 0.000000000000000000 ) ) ;
#4052 = ORIENTED_EDGE ( 'NONE', *, *, #8408, .F. ) ;
#4053 = CARTESIAN_POINT ( 'NONE',  ( 8.883654060134324126, 1.663768220552300336, -19.56180829233224827 ) ) ;
#4054 = ORIENTED_EDGE ( 'NONE', *, *, #3099, .F. ) ;
#4055 = DIRECTION ( 'NONE',  ( -0.000000000000000000, -0.000000000000000000, 1.000000000000000000 ) ) ;
#4056 = CARTESIAN_POINT ( 'NONE',  ( -4.654318260000393614, 6.886177782086810417, -19.56577378425058100 ) ) ;
#4057 = CARTESIAN_POINT ( 'NONE',  ( 11.81769303614639988, -2.083778132003340389, 3.999999999999949818 ) ) ;
#4058 = CARTESIAN_POINT ( 'NONE',  ( 8.460351003373073553, 2.347854346947656712, -20.15000000000000213 ) ) ;
#4059 = LINE ( 'NONE', #1137, #1056 ) ;
#4060 = CARTESIAN_POINT ( 'NONE',  ( -1.684922557584233482, 5.116983041987988479, -20.14999999999999858 ) ) ;
#4061 = ORIENTED_EDGE ( 'NONE', *, *, #25, .F. ) ;
#4062 = ORIENTED_EDGE ( 'NONE', *, *, #5203, .F. ) ;
#4063 = VERTEX_POINT ( 'NONE', #2249 ) ;
#4064 = CARTESIAN_POINT ( 'NONE',  ( 0.3783839167058365982, -9.303738233442995664, -20.14999999999999503 ) ) ;
#4065 = ORIENTED_EDGE ( 'NONE', *, *, #6996, .T. ) ;
#4066 = CARTESIAN_POINT ( 'NONE',  ( 1.178669125964988342E-28, 6.268901968980452702E-29, 0.000000000000000000 ) ) ;
#4067 = EDGE_CURVE ( 'NONE', #7371, #1077, #1320, .T. ) ;
#4068 = CARTESIAN_POINT ( 'NONE',  ( -3.150865512285040193, -14.97202689146732091, -0.4858042553406324848 ) ) ;
#4069 = CARTESIAN_POINT ( 'NONE',  ( 7.159454015058238419, -0.3997603069567355893, -19.57085227154068718 ) ) ;
#4070 = CARTESIAN_POINT ( 'NONE',  ( 1.545187673422720565, -9.720469190312629237, -20.14999999999998082 ) ) ;
#4071 = CARTESIAN_POINT ( 'NONE',  ( -2.725742009968289636, 6.132318718288011006, -19.57225183982634675 ) ) ;
#4072 = VERTEX_POINT ( 'NONE', #5661 ) ;
#4073 = DIRECTION ( 'NONE',  ( -0.9848077535872185040, -0.1736481744058838428, 0.000000000000000000 ) ) ;
#4074 = EDGE_LOOP ( 'NONE', ( #1524, #1399, #6046, #555 ) ) ;
#4075 = ORIENTED_EDGE ( 'NONE', *, *, #930, .T. ) ;
#4076 = DIRECTION ( 'NONE',  ( 0.000000000000000000, 0.000000000000000000, -1.000000000000000000 ) ) ;
#4077 = CARTESIAN_POINT ( 'NONE',  ( 4.997568715258069442E-15, 4.666633366358170824E-15, 0.000000000000000000 ) ) ;
#4078 = CIRCLE ( 'NONE', #4962, 2.999999999999999112 ) ;
#4079 = CARTESIAN_POINT ( 'NONE',  ( -5.162488619648137878, -1.219848865003615890, -20.15000000000000213 ) ) ;
#4080 = CIRCLE ( 'NONE', #8797, 2.999999999999999112 ) ;
#4081 = ADVANCED_FACE ( 'NONE', ( #5797 ), #7187, .F. ) ;
#4082 = CARTESIAN_POINT ( 'NONE',  ( -4.687154511202404450, -2.870633542010845307, -19.57596574586327520 ) ) ;
#4083 = CARTESIAN_POINT ( 'NONE',  ( 0.9999999999998577804, -12.62701665379262117, -6.800000000000000711 ) ) ;
#4084 = CARTESIAN_POINT ( 'NONE',  ( 1.999999999999841238, -14.26393202250030434, -12.00000000000000000 ) ) ;
#4085 = AXIS2_PLACEMENT_3D ( 'NONE', #2246, #3722, #3021 ) ;
#4086 = ORIENTED_EDGE ( 'NONE', *, *, #1817, .F. ) ;
#4087 = DIRECTION ( 'NONE',  ( 0.4999999999999950595, -0.8660254037844415942, 0.000000000000000000 ) ) ;
#4088 = VERTEX_POINT ( 'NONE', #1596 ) ;
#4089 = DIRECTION ( 'NONE',  ( 0.000000000000000000, 0.000000000000000000, -1.000000000000000000 ) ) ;
#4090 = DIRECTION ( 'NONE',  ( 1.000000000000000000, -1.028313268071524818E-14, 0.000000000000000000 ) ) ;
#4091 = CARTESIAN_POINT ( 'NONE',  ( 0.2879339038747299462, 5.455308694597064800, -19.57622100056635261 ) ) ;
#4092 = AXIS2_PLACEMENT_3D ( 'NONE', #8433, #2700, #7788 ) ;
#4093 = DIRECTION ( 'NONE',  ( -0.9912763601476048958, 0.1317997640836880147, 0.000000000000000000 ) ) ;
#4094 = EDGE_CURVE ( 'NONE', #5523, #2177, #8484, .T. ) ;
#4095 = DIRECTION ( 'NONE',  ( 0.000000000000000000, 0.000000000000000000, 1.000000000000000000 ) ) ;
#4096 = VERTEX_POINT ( 'NONE', #3727 ) ;
#4097 = CARTESIAN_POINT ( 'NONE',  ( -1.000000000000143219, -12.62701665379255367, -11.00000000000000000 ) ) ;
#4098 = CONICAL_SURFACE ( 'NONE', #8377, 17.50000000000001421, 0.7853981633974482790 ) ;
#4099 = VERTEX_POINT ( 'NONE', #6539 ) ;
#4100 = DIRECTION ( 'NONE',  ( 5.695779803274800710E-16, -1.564902567012960017E-15, -1.000000000000000000 ) ) ;
#4101 = DIRECTION ( 'NONE',  ( -0.4999999999999952260, 0.8660254037844413721, 0.000000000000000000 ) ) ;
#4102 = DIRECTION ( 'NONE',  ( 0.000000000000000000, 0.000000000000000000, -1.000000000000000000 ) ) ;
#4103 = CARTESIAN_POINT ( 'NONE',  ( 8.511402256784363018, 2.724502512231439688, -20.15000000000000568 ) ) ;
#4104 = CARTESIAN_POINT ( 'NONE',  ( 16.68891250079680333, 11.02219380604011612, -11.61537670691496693 ) ) ;
#4105 = CIRCLE ( 'NONE', #5283, 15.00000000000000355 ) ;
#4106 = DIRECTION ( 'NONE',  ( 0.000000000000000000, 0.000000000000000000, -1.000000000000000000 ) ) ;
#4107 = ORIENTED_EDGE ( 'NONE', *, *, #3053, .T. ) ;
#4108 = ORIENTED_EDGE ( 'NONE', *, *, #3862, .T. ) ;
#4109 = CARTESIAN_POINT ( 'NONE',  ( 0.2693048657987891503, -9.314444284549828978, -20.15000000000000924 ) ) ;
#4110 = VERTEX_POINT ( 'NONE', #2795 ) ;
#4111 = CARTESIAN_POINT ( 'NONE',  ( -3.506623387193939531E-13, -5.999999999999777067, -13.14999999999999858 ) ) ;
#4112 = CARTESIAN_POINT ( 'NONE',  ( 11.69134295108999311, 6.749999999999937828, -5.800000000000000711 ) ) ;
#4113 = CARTESIAN_POINT ( 'NONE',  ( 6.943295617004509701, -0.5295481219167187392, -19.57148075980795809 ) ) ;
#4114 = VECTOR ( 'NONE', #4183, 1000.000000000000000 ) ;
#4115 = CARTESIAN_POINT ( 'NONE',  ( -0.3915130680000645791, -7.099999999999801581, -13.20000004752827927 ) ) ;
#4116 = CARTESIAN_POINT ( 'NONE',  ( -0.2815922754948571027, 5.499414745844868335, -19.57593484938439943 ) ) ;
#4117 = ADVANCED_FACE ( 'NONE', ( #8435 ), #295, .F. ) ;
#4118 = VERTEX_POINT ( 'NONE', #5239 ) ;
#4119 = CARTESIAN_POINT ( 'NONE',  ( 6.156362579861809792, 16.91446717414639878, 2.000000000000000000 ) ) ;
#4120 = ORIENTED_EDGE ( 'NONE', *, *, #2545, .T. ) ;
#4121 = ORIENTED_EDGE ( 'NONE', *, *, #383, .F. ) ;
#4122 = CARTESIAN_POINT ( 'NONE',  ( 7.395357970803866365, 14.74987052430182821, -0.9999999999999974465 ) ) ;
#4123 = DIRECTION ( 'NONE',  ( 3.826746847782350955E-15, 6.747587176051480366E-16, -1.000000000000000000 ) ) ;
#4124 = FACE_OUTER_BOUND ( 'NONE', #6097, .T. ) ;
#4125 = CARTESIAN_POINT ( 'NONE',  ( 11.29350939078060101, 5.597976915125593145, -6.184510115453709211 ) ) ;
#4126 = EDGE_CURVE ( 'NONE', #8498, #1588, #5838, .T. ) ;
#4127 = CARTESIAN_POINT ( 'NONE',  ( 7.878462024097640182, -1.389185421335560111, 3.999999999999949818 ) ) ;
#4128 = FACE_OUTER_BOUND ( 'NONE', #6988, .T. ) ;
#4129 = AXIS2_PLACEMENT_3D ( 'NONE', #8981, #1164, #9027 ) ;
#4130 = ADVANCED_FACE ( 'NONE', ( #5196 ), #211, .F. ) ;
#4131 = ORIENTED_EDGE ( 'NONE', *, *, #3772, .F. ) ;
#4132 = FACE_OUTER_BOUND ( 'NONE', #3471, .T. ) ;
#4133 = VECTOR ( 'NONE', #6189, 1000.000000000000000 ) ;
#4134 = VERTEX_POINT ( 'NONE', #7449 ) ;
#4135 = CYLINDRICAL_SURFACE ( 'NONE', #7913, 0.8999999999999998002 ) ;
#4136 = DIRECTION ( 'NONE',  ( 1.028313268071524818E-14, 1.000000000000000000, 0.000000000000000000 ) ) ;
#4137 = DIRECTION ( 'NONE',  ( 1.000000000000000000, 0.000000000000000000, 0.000000000000000000 ) ) ;
#4138 = DIRECTION ( 'NONE',  ( -0.000000000000000000, -0.000000000000000000, -1.000000000000000000 ) ) ;
#4139 = CARTESIAN_POINT ( 'NONE',  ( 3.871152422706631846, 3.000000000000023981, -13.14999999999999858 ) ) ;
#4140 = AXIS2_PLACEMENT_3D ( 'NONE', #6690, #2963, #230 ) ;
#4141 = EDGE_CURVE ( 'NONE', #770, #6417, #5333, .T. ) ;
#4142 = CARTESIAN_POINT ( 'NONE',  ( 0.000000000000000000, 0.000000000000000000, 0.000000000000000000 ) ) ;
#4143 = EDGE_CURVE ( 'NONE', #7407, #3782, #8703, .T. ) ;
#4144 = VERTEX_POINT ( 'NONE', #341 ) ;
#4145 = CARTESIAN_POINT ( 'NONE',  ( -16.37571040156093716, -2.021412586338825257, 0.000000000000000000 ) ) ;
#4146 = AXIS2_PLACEMENT_3D ( 'NONE', #6051, #8973, #1157 ) ;
#4147 = ORIENTED_EDGE ( 'NONE', *, *, #1305, .T. ) ;
#4148 = CARTESIAN_POINT ( 'NONE',  ( -5.979711485621003852, 6.843449976178917815, -19.56151668627999385 ) ) ;
#4149 = CARTESIAN_POINT ( 'NONE',  ( 6.148780366869377900, 3.549999999999838174, -13.19999999999999751 ) ) ;
#4150 = CARTESIAN_POINT ( 'NONE',  ( 7.970418747226617029, 5.770877986359205458, -19.55675978839080997 ) ) ;
#4151 = AXIS2_PLACEMENT_3D ( 'NONE', #6691, #6648, #4573 ) ;
#4152 = DIRECTION ( 'NONE',  ( 0.000000000000000000, 0.000000000000000000, 1.000000000000000000 ) ) ;
#4153 = VERTEX_POINT ( 'NONE', #8059 ) ;
#4154 = ORIENTED_EDGE ( 'NONE', *, *, #1076, .F. ) ;
#4155 = CARTESIAN_POINT ( 'NONE',  ( -3.117313556547792519, -7.171983785101594400, -20.14999999999999503 ) ) ;
#4156 = ORIENTED_EDGE ( 'NONE', *, *, #5319, .F. ) ;
#4157 = FACE_OUTER_BOUND ( 'NONE', #8151, .T. ) ;
#4158 =( GEOMETRIC_REPRESENTATION_CONTEXT ( 3 ) GLOBAL_UNCERTAINTY_ASSIGNED_CONTEXT ( ( #7685 ) ) GLOBAL_UNIT_ASSIGNED_CONTEXT ( ( #2306, #1792, #6550 ) ) REPRESENTATION_CONTEXT ( 'NONE', 'WORKASPACE' ) );
#4159 = CARTESIAN_POINT ( 'NONE',  ( 9.110820912707024988, 11.28020134113662110, 0.000000000000000000 ) ) ;
#4160 = CIRCLE ( 'NONE', #5338, 8.999999999999998224 ) ;
#4161 = CARTESIAN_POINT ( 'NONE',  ( 6.003845116952529537, -1.225928530788284787, -19.57404333647061279 ) ) ;
#4162 = CARTESIAN_POINT ( 'NONE',  ( -7.087094034895891070, -0.5839333955070372673, 0.000000000000000000 ) ) ;
#4163 = CARTESIAN_POINT ( 'NONE',  ( -3.228864057494586159, 6.397467982462777591, -19.57086675312890733 ) ) ;
#4164 = CIRCLE ( 'NONE', #473, 1.325000000000436939 ) ;
#4165 = ORIENTED_EDGE ( 'NONE', *, *, #8938, .F. ) ;
#4166 = FACE_OUTER_BOUND ( 'NONE', #417, .T. ) ;
#4167 = CIRCLE ( 'NONE', #2258, 18.00000000000000000 ) ;
#4168 = ORIENTED_EDGE ( 'NONE', *, *, #4318, .T. ) ;
#4169 = ORIENTED_EDGE ( 'NONE', *, *, #3015, .T. ) ;
#4170 = CARTESIAN_POINT ( 'NONE',  ( -11.43531719619345921, 5.447482923112050734, -6.800000000000000711 ) ) ;
#4171 = DIRECTION ( 'NONE',  ( -0.8660254037844459241, -0.4999999999999871769, 0.000000000000000000 ) ) ;
#4172 = DIRECTION ( 'NONE',  ( -0.000000000000000000, -0.000000000000000000, 1.000000000000000000 ) ) ;
#4173 = CARTESIAN_POINT ( 'NONE',  ( -4.144404729315548153, -4.244437466197077846, -19.57463980703719031 ) ) ;
#4174 = CARTESIAN_POINT ( 'NONE',  ( 6.096392886604490968, 6.816906729758813732, -19.56117237172517065 ) ) ;
#4175 = CARTESIAN_POINT ( 'NONE',  ( -16.88749537379639776, 9.750000000000248690, -5.800000000000000711 ) ) ;
#4176 = VECTOR ( 'NONE', #8886, 1000.000000000000000 ) ;
#4177 = EDGE_LOOP ( 'NONE', ( #517, #5730, #6815, #4 ) ) ;
#4178 = CARTESIAN_POINT ( 'NONE',  ( 10.43531719619364040, 7.179533730680685011, -6.800000000000000711 ) ) ;
#4179 = VECTOR ( 'NONE', #5782, 1000.000000000000000 ) ;
#4180 = ORIENTED_EDGE ( 'NONE', *, *, #803, .T. ) ;
#4181 = DIRECTION ( 'NONE',  ( 0.000000000000000000, 0.000000000000000000, -1.000000000000000000 ) ) ;
#4182 = CARTESIAN_POINT ( 'NONE',  ( -17.73890890522628538, 7.932162754804475746, -12.00000000000000000 ) ) ;
#4183 = DIRECTION ( 'NONE',  ( -0.000000000000000000, -0.000000000000000000, -1.000000000000000000 ) ) ;
#4184 = EDGE_CURVE ( 'NONE', #393, #8780, #3686, .T. ) ;
#4185 = DIRECTION ( 'NONE',  ( -1.000000000000000000, 0.000000000000000000, 0.000000000000000000 ) ) ;
#4186 = DIRECTION ( 'NONE',  ( -0.3420201433256585544, -0.9396926207859120916, 0.000000000000000000 ) ) ;
#4187 = CARTESIAN_POINT ( 'NONE',  ( 10.28460175498480211, -12.25671108990349900, 0.000000000000000000 ) ) ;
#4188 = EDGE_CURVE ( 'NONE', #6943, #2704, #7634, .T. ) ;
#4189 = ORIENTED_EDGE ( 'NONE', *, *, #6010, .T. ) ;
#4190 = CARTESIAN_POINT ( 'NONE',  ( -10.36748586618342571, 12.83609118129374416, -12.00000000000000000 ) ) ;
#4191 = ORIENTED_EDGE ( 'NONE', *, *, #6210, .T. ) ;
#4192 = CARTESIAN_POINT ( 'NONE',  ( -8.583955088041108183, 1.018888298696130068, -19.56402993640510601 ) ) ;
#4193 = ADVANCED_FACE ( 'NONE', ( #7314 ), #5925, .F. ) ;
#4194 = CARTESIAN_POINT ( 'NONE',  ( 6.344536900869411689, 3.210939737198189370, -13.20000004752828282 ) ) ;
#4195 = CARTESIAN_POINT ( 'NONE',  ( 7.045699293824943865, 6.458426329379876485, -19.55862107547067907 ) ) ;
#4196 = CARTESIAN_POINT ( 'NONE',  ( 0.000000000000000000, 0.000000000000000000, 0.000000000000000000 ) ) ;
#4197 = EDGE_CURVE ( 'NONE', #3277, #8180, #5150, .T. ) ;
#4198 = DIRECTION ( 'NONE',  ( 0.000000000000000000, 0.000000000000000000, 1.000000000000000000 ) ) ;
#4199 = ORIENTED_EDGE ( 'NONE', *, *, #7409, .F. ) ;
#4200 = ORIENTED_EDGE ( 'NONE', *, *, #7145, .T. ) ;
#4201 = CARTESIAN_POINT ( 'NONE',  ( -3.171661993710221950, -7.016429398081641011, -20.15000000000000213 ) ) ;
#4202 = EDGE_LOOP ( 'NONE', ( #135, #5771, #8297, #6398, #6514 ) ) ;
#4203 = CARTESIAN_POINT ( 'NONE',  ( 10.42701955030078764, 7.208342824139114313, -11.27530028618130586 ) ) ;
#4204 = CARTESIAN_POINT ( 'NONE',  ( -5.194402061724248121, 6.335652399303522309, -20.14999999999999858 ) ) ;
#4205 = DIRECTION ( 'NONE',  ( -0.000000000000000000, -0.000000000000000000, -1.000000000000000000 ) ) ;
#4206 = CARTESIAN_POINT ( 'NONE',  ( 6.728258466576489738, 0.03522944814759199766, -20.14999999999996305 ) ) ;
#4207 = CARTESIAN_POINT ( 'NONE',  ( -7.372878682047531385, 6.260366248839580372, -19.55787644633914368 ) ) ;
#4208 = CARTESIAN_POINT ( 'NONE',  ( 7.645579418803333027, 6.198406373955031690, -20.14999999999999147 ) ) ;
#4209 = CARTESIAN_POINT ( 'NONE',  ( -1.078824515218401281, 4.989488079118990171, -20.15000000000001279 ) ) ;
#4210 = EDGE_CURVE ( 'NONE', #1749, #3658, #429, .T. ) ;
#4211 = ORIENTED_EDGE ( 'NONE', *, *, #737, .F. ) ;
#4212 = CARTESIAN_POINT ( 'NONE',  ( 6.071532165918766455E-15, -1.051620219116014734E-14, -6.800000000000000711 ) ) ;
#4213 = ORIENTED_EDGE ( 'NONE', *, *, #6160, .T. ) ;
#4214 = VERTEX_POINT ( 'NONE', #5967 ) ;
#4215 = DIRECTION ( 'NONE',  ( 0.8660254037844414832, 0.4999999999999950595, -0.000000000000000000 ) ) ;
#4216 = DIRECTION ( 'NONE',  ( -0.000000000000000000, -0.000000000000000000, 1.000000000000000000 ) ) ;
#4217 = CARTESIAN_POINT ( 'NONE',  ( 10.39230484541326760, -6.000000000000000000, 2.000000000000000000 ) ) ;
#4218 = CARTESIAN_POINT ( 'NONE',  ( -6.595078788174777884, -0.04670698672795347423, -20.15000000000001990 ) ) ;
#4219 = CARTESIAN_POINT ( 'NONE',  ( -13.08395907548308656, 5.499358523138584864, -11.98299790006835863 ) ) ;
#4220 = CARTESIAN_POINT ( 'NONE',  ( -16.39580798361151892, 10.38822099941659260, -6.184335810359785413 ) ) ;
#4221 = CARTESIAN_POINT ( 'NONE',  ( -2.857480745767574604, -8.839346018734547172, -20.15000000000007674 ) ) ;
#4222 = ORIENTED_EDGE ( 'NONE', *, *, #2651, .F. ) ;
#4223 = CIRCLE ( 'NONE', #7764, 1.999999999999999334 ) ;
#4224 = DIRECTION ( 'NONE',  ( -1.000000000000000000, 0.000000000000000000, 0.000000000000000000 ) ) ;
#4225 = AXIS2_PLACEMENT_3D ( 'NONE', #6405, #5073, #7281 ) ;
#4226 = ORIENTED_EDGE ( 'NONE', *, *, #8078, .F. ) ;
#4227 = CARTESIAN_POINT ( 'NONE',  ( -18.23368793961396506, 8.217823563497592687, -12.00000000000000000 ) ) ;
#4228 = CARTESIAN_POINT ( 'NONE',  ( -2.196548124015478663E-13, -20.00000000000000000, -5.800000000000000711 ) ) ;
#4229 = CARTESIAN_POINT ( 'NONE',  ( -10.28941916244310129, 8.250000000000241585, -1.000000000000011324 ) ) ;
#4230 = CARTESIAN_POINT ( 'NONE',  ( 16.23368793961416046, 11.68192517863497670, -12.00000000000000000 ) ) ;
#4231 = CIRCLE ( 'NONE', #2898, 3.499999999999999556 ) ;
#4232 = LINE ( 'NONE', #6346, #3270 ) ;
#4233 = FACE_OUTER_BOUND ( 'NONE', #1843, .T. ) ;
#4234 = ADVANCED_FACE ( 'NONE', ( #8799 ), #2462, .F. ) ;
#4235 = VERTEX_POINT ( 'NONE', #381 ) ;
#4236 = CARTESIAN_POINT ( 'NONE',  ( -1.522722106560318922, -12.79892184859077275, -11.88776304758760816 ) ) ;
#4237 = CIRCLE ( 'NONE', #250, 16.50000000000000355 ) ;
#4238 = ORIENTED_EDGE ( 'NONE', *, *, #1434, .F. ) ;
#4239 = CARTESIAN_POINT ( 'NONE',  ( -8.328501998118506222, 0.6370341762770009852, -19.56556244514754539 ) ) ;
#4240 = EDGE_CURVE ( 'NONE', #8203, #8849, #7660, .T. ) ;
#4241 = CARTESIAN_POINT ( 'NONE',  ( -3.925928322759019373, -6.001078841409029252, -19.57085013206744861 ) ) ;
#4242 = CARTESIAN_POINT ( 'NONE',  ( 5.898830503194431252, 6.858630041794354426, -19.56175989170323959 ) ) ;
#4243 = FACE_OUTER_BOUND ( 'NONE', #697, .T. ) ;
#4244 = EDGE_CURVE ( 'NONE', #4660, #3005, #2512, .T. ) ;
#4245 = FACE_OUTER_BOUND ( 'NONE', #6013, .T. ) ;
#4246 = VECTOR ( 'NONE', #4025, 1000.000000000000000 ) ;
#4247 = EDGE_LOOP ( 'NONE', ( #6280, #5189, #86, #8249 ) ) ;
#4248 = ORIENTED_EDGE ( 'NONE', *, *, #2991, .F. ) ;
#4249 = CARTESIAN_POINT ( 'NONE',  ( -1.664539881364884177, -8.879995728326987248, -20.15000000000000924 ) ) ;
#4250 = ORIENTED_EDGE ( 'NONE', *, *, #7803, .F. ) ;
#4251 = CARTESIAN_POINT ( 'NONE',  ( -15.55409312057468618, 4.986474332930359132, 0.000000000000000000 ) ) ;
#4252 = FACE_OUTER_BOUND ( 'NONE', #7984, .T. ) ;
#4253 = DIRECTION ( 'NONE',  ( -0.8660254037844332675, 0.5000000000000092149, -0.000000000000000000 ) ) ;
#4254 = CARTESIAN_POINT ( 'NONE',  ( 6.401639588122625568, -0.1724035393248255776, -20.14999999999996660 ) ) ;
#4255 = CARTESIAN_POINT ( 'NONE',  ( -9.099619184677063544, 2.617125810550256837, -19.55918835232638742 ) ) ;
#4256 = CARTESIAN_POINT ( 'NONE',  ( 1.377366146891761955, 7.010390728630805590, 0.000000000000000000 ) ) ;
#4257 = AXIS2_PLACEMENT_3D ( 'NONE', #914, #1044, #355 ) ;
#4258 = CARTESIAN_POINT ( 'NONE',  ( -0.6169770624542205706, 4.927776272875873609, -20.14999999999998437 ) ) ;
#4259 = ADVANCED_FACE ( 'NONE', ( #8892 ), #4775, .F. ) ;
#4260 = ORIENTED_EDGE ( 'NONE', *, *, #3644, .F. ) ;
#4261 = DIRECTION ( 'NONE',  ( -0.000000000000000000, -0.000000000000000000, -1.000000000000000000 ) ) ;
#4262 = VERTEX_POINT ( 'NONE', #428 ) ;
#4263 = EDGE_LOOP ( 'NONE', ( #6300, #3301, #2074, #6645 ) ) ;
#4264 = LINE ( 'NONE', #698, #9004 ) ;
#4265 = AXIS2_PLACEMENT_3D ( 'NONE', #1034, #1917, #4733 ) ;
#4266 = CARTESIAN_POINT ( 'NONE',  ( 7.070663706552050343, -8.426488874308670773, 2.000000000000000000 ) ) ;
#4267 = CARTESIAN_POINT ( 'NONE',  ( 14.28941916244339971, 8.249999999999779732, -3.000000000000000888 ) ) ;
#4268 = EDGE_CURVE ( 'NONE', #7491, #2626, #1354, .T. ) ;
#4269 = CARTESIAN_POINT ( 'NONE',  ( -3.928211652451348179, -5.820205309699578500, -19.57130352983495314 ) ) ;
#4270 = FACE_OUTER_BOUND ( 'NONE', #3905, .T. ) ;
#4271 = CARTESIAN_POINT ( 'NONE',  ( -8.409486832131776168, 3.861861884749381524, -20.14999999999999858 ) ) ;
#4272 = LINE ( 'NONE', #5693, #5487 ) ;
#4273 = CIRCLE ( 'NONE', #2635, 0.9999999999999744649 ) ;
#4274 = VERTEX_POINT ( 'NONE', #8378 ) ;
#4275 = DIRECTION ( 'NONE',  ( -1.000000000000000000, 0.000000000000000000, 0.000000000000000000 ) ) ;
#4276 = ORIENTED_EDGE ( 'NONE', *, *, #1825, .T. ) ;
#4277 = DIRECTION ( 'NONE',  ( 0.8660254037844307140, -0.5000000000000139888, 0.000000000000000000 ) ) ;
#4278 = VECTOR ( 'NONE', #4867, 1000.000000000000000 ) ;
#4279 = DIRECTION ( 'NONE',  ( 1.000000000000000000, -1.927470528863119344E-15, 0.000000000000000000 ) ) ;
#4280 = CARTESIAN_POINT ( 'NONE',  ( 3.331675078721030747, -6.217903270579332897, -20.14999999999999858 ) ) ;
#4281 = CARTESIAN_POINT ( 'NONE',  ( 0.000000000000000000, 0.000000000000000000, 4.000000000000000000 ) ) ;
#4282 = LINE ( 'NONE', #26, #3416 ) ;
#4283 = DIRECTION ( 'NONE',  ( 0.8660254037844415942, 0.4999999999999950595, 0.000000000000000000 ) ) ;
#4284 = ORIENTED_EDGE ( 'NONE', *, *, #2315, .T. ) ;
#4285 = LINE ( 'NONE', #1323, #10 ) ;
#4286 = ORIENTED_EDGE ( 'NONE', *, *, #1914, .T. ) ;
#4287 = DIRECTION ( 'NONE',  ( -0.000000000000000000, -0.000000000000000000, -1.000000000000000000 ) ) ;
#4288 = FACE_OUTER_BOUND ( 'NONE', #7480, .T. ) ;
#4289 = CIRCLE ( 'NONE', #436, 1.600000000000000755 ) ;
#4290 = CARTESIAN_POINT ( 'NONE',  ( 7.636106166254062799, 6.068108201079184916, -19.55733679921111445 ) ) ;
#4291 = CARTESIAN_POINT ( 'NONE',  ( 16.51038032566422231, 4.451667272148672971, 0.000000000000000000 ) ) ;
#4292 = FACE_OUTER_BOUND ( 'NONE', #3126, .T. ) ;
#4293 = AXIS2_PLACEMENT_3D ( 'NONE', #6421, #5731, #1010 ) ;
#4294 = VERTEX_POINT ( 'NONE', #567 ) ;
#4295 = CARTESIAN_POINT ( 'NONE',  ( 3.791958481667900394, -7.018173038730719959, -19.56741894084159483 ) ) ;
#4296 = ORIENTED_EDGE ( 'NONE', *, *, #8661, .T. ) ;
#4297 = CARTESIAN_POINT ( 'NONE',  ( 10.37976794054846152, 7.398436571844147380, -11.63654852392078176 ) ) ;
#4298 = CARTESIAN_POINT ( 'NONE',  ( -5.843765949159805295, 6.265812656224574617, -20.15000000000000213 ) ) ;
#4299 = B_SPLINE_CURVE_WITH_KNOTS ( 'NONE', 3,
 ( #2873, #1493, #2968, #7082 ),
 .UNSPECIFIED., .F., .F.,
 ( 4, 4 ),
 ( 0.000000000000000000, 0.0007307875084185240728 ),
 .UNSPECIFIED. ) ;
#4300 = DIRECTION ( 'NONE',  ( -0.8660254037844413721, -0.4999999999999952260, -0.000000000000000000 ) ) ;
#4301 = CARTESIAN_POINT ( 'NONE',  ( 6.678537898216509561, 0.004955255171124077138, -20.14999999999999147 ) ) ;
#4302 = CARTESIAN_POINT ( 'NONE',  ( -9.112718936145808968, 3.160670801724294599, -19.55805132308986671 ) ) ;
#4303 = EDGE_CURVE ( 'NONE', #2683, #1749, #4728, .T. ) ;
#4304 = CARTESIAN_POINT ( 'NONE',  ( 8.662775358159180428E-14, 7.144846913036073666, 0.000000000000000000 ) ) ;
#4305 = AXIS2_PLACEMENT_3D ( 'NONE', #4357, #1489, #3663 ) ;
#4306 = CARTESIAN_POINT ( 'NONE',  ( 3.487866528573750902, 5.861433996605179608, -20.14999999999999503 ) ) ;
#4307 = ADVANCED_FACE ( 'NONE', ( #3248 ), #7538, .F. ) ;
#4308 = EDGE_LOOP ( 'NONE', ( #4054, #2294, #6248, #3422 ) ) ;
#4309 = CARTESIAN_POINT ( 'NONE',  ( 11.81769303614639988, -2.083778132003340389, 0.000000000000000000 ) ) ;
#4310 = ORIENTED_EDGE ( 'NONE', *, *, #2338, .T. ) ;
#4311 = VERTEX_POINT ( 'NONE', #6058 ) ;
#4312 = DIRECTION ( 'NONE',  ( 1.000000000000000000, 0.000000000000000000, 0.000000000000000000 ) ) ;
#4313 = CARTESIAN_POINT ( 'NONE',  ( -1.000000000000218714, -19.97498435543816697, 0.000000000000000000 ) ) ;
#4314 = DIRECTION ( 'NONE',  ( -3.826746847782350955E-15, 6.747587176051560238E-16, -1.000000000000000000 ) ) ;
#4315 = CARTESIAN_POINT ( 'NONE',  ( -6.819299295289309448, 0.08940853600586934347, -20.14999999999999147 ) ) ;
#4316 = LINE ( 'NONE', #4958, #2528 ) ;
#4317 = CARTESIAN_POINT ( 'NONE',  ( -8.508238142256358216, 2.674348157075395527, -20.14999999999999858 ) ) ;
#4318 = EDGE_CURVE ( 'NONE', #569, #5871, #6754, .T. ) ;
#4319 = CARTESIAN_POINT ( 'NONE',  ( -2.736724009889419662, 6.112247956945866534, -12.76258171639310746 ) ) ;
#4320 = AXIS2_PLACEMENT_3D ( 'NONE', #3406, #8169, #6773 ) ;
#4321 = CIRCLE ( 'NONE', #5488, 20.00000000000000000 ) ;
#4322 = EDGE_CURVE ( 'NONE', #3054, #4367, #6771, .T. ) ;
#4323 = EDGE_LOOP ( 'NONE', ( #3179, #3006, #3398, #2016 ) ) ;
#4324 = CARTESIAN_POINT ( 'NONE',  ( 14.28941916244339971, 8.249999999999779732, -12.00000000000000000 ) ) ;
#4325 = CARTESIAN_POINT ( 'NONE',  ( 11.57017697435789927, -13.78879997614139974, 3.999999999999949818 ) ) ;
#4326 = ORIENTED_EDGE ( 'NONE', *, *, #4509, .F. ) ;
#4327 = CIRCLE ( 'NONE', #3734, 3.000000000000011546 ) ;
#4328 = CARTESIAN_POINT ( 'NONE',  ( 0.000000000000000000, 0.000000000000000000, 0.000000000000000000 ) ) ;
#4329 = CARTESIAN_POINT ( 'NONE',  ( 3.271152422706617546, 3.000000000000023981, -13.75000000000000178 ) ) ;
#4330 = CYLINDRICAL_SURFACE ( 'NONE', #4379, 2.000000000000040412 ) ;
#4331 = CARTESIAN_POINT ( 'NONE',  ( 17.19436727742749937, 9.005075729671185414, -6.184335810359786301 ) ) ;
#4332 = CARTESIAN_POINT ( 'NONE',  ( 14.28941916244338017, 8.249999999999765521, -0.4999999999999941713 ) ) ;
#4333 = VECTOR ( 'NONE', #8289, 1000.000000000000000 ) ;
#4334 = CARTESIAN_POINT ( 'NONE',  ( 19.34355630229943301, 8.858606361458603473, -11.00000000000000000 ) ) ;
#4335 = ORIENTED_EDGE ( 'NONE', *, *, #5691, .T. ) ;
#4336 = CARTESIAN_POINT ( 'NONE',  ( 1.137673110411027588, -12.66478418733074385, -11.52424501004280977 ) ) ;
#4337 = CARTESIAN_POINT ( 'NONE',  ( -9.035923565625950005, 2.202324966276925977, -19.56022915549921848 ) ) ;
#4338 = CARTESIAN_POINT ( 'NONE',  ( -16.88749537379639776, 9.750000000000248690, -5.800000000000000711 ) ) ;
#4339 = CARTESIAN_POINT ( 'NONE',  ( 7.157533500590965936, 6.396205678552051133, -19.55835679029343765 ) ) ;
#4340 = CARTESIAN_POINT ( 'NONE',  ( 0.9999999999998469002, -13.67157287525384923, -6.800000000000000711 ) ) ;
#4341 = CARTESIAN_POINT ( 'NONE',  ( 3.923116976486824559, 6.085676208324054315, -20.14999999999999858 ) ) ;
#4342 = VERTEX_POINT ( 'NONE', #1215 ) ;
#4343 = CARTESIAN_POINT ( 'NONE',  ( -2.286286675609892960, -9.185045741881186387, -19.55920402270637837 ) ) ;
#4344 = VERTEX_POINT ( 'NONE', #5422 ) ;
#4345 = CARTESIAN_POINT ( 'NONE',  ( -5.142300877492400168, -6.128355544951749501, 3.999999999999949818 ) ) ;
#4346 = CARTESIAN_POINT ( 'NONE',  ( 14.28941916244339971, 8.249999999999779732, 0.000000000000000000 ) ) ;
#4347 = CARTESIAN_POINT ( 'NONE',  ( -6.148792571289595443, -3.550007046225150287, 0.000000000000000000 ) ) ;
#4348 = CARTESIAN_POINT ( 'NONE',  ( 6.498478478165629291, -0.1087414997420221019, -20.14999999999998792 ) ) ;
#4349 = CARTESIAN_POINT ( 'NONE',  ( 6.226357832181133922, 6.894323926026968863, -12.72851349955008615 ) ) ;
#4350 = CARTESIAN_POINT ( 'NONE',  ( 2.123712058040510442, 5.249430067406318123, -20.15000000000001279 ) ) ;
#4351 = VERTEX_POINT ( 'NONE', #6107 ) ;
#4352 = CARTESIAN_POINT ( 'NONE',  ( -3.233193268264179743, 6.399958609918928509, -19.57085358693101540 ) ) ;
#4353 = ORIENTED_EDGE ( 'NONE', *, *, #3459, .T. ) ;
#4354 = ORIENTED_EDGE ( 'NONE', *, *, #7816, .T. ) ;
#4355 = CARTESIAN_POINT ( 'NONE',  ( 12.05497091164724210, 4.929773635554179911, -11.97848796179944664 ) ) ;
#4356 = EDGE_CURVE ( 'NONE', #4035, #5991, #8401, .T. ) ;
#4357 = CARTESIAN_POINT ( 'NONE',  ( -2.692702831541548092E-13, -16.50000000000000355, -0.4999999999999967804 ) ) ;
#4358 = DIRECTION ( 'NONE',  ( 0.3420201573281670959, 0.9396926156894156446, 0.000000000000000000 ) ) ;
#4359 = CARTESIAN_POINT ( 'NONE',  ( -6.844521182376053225, 0.1041476186040074803, -20.15000000000001634 ) ) ;
#4360 = CARTESIAN_POINT ( 'NONE',  ( -13.21593261030752586, 5.444929500672505363, -12.00000000000000000 ) ) ;
#4361 = CARTESIAN_POINT ( 'NONE',  ( -8.513051485871553581, 3.245719010843867824, -20.15000000000000213 ) ) ;
#4362 = CARTESIAN_POINT ( 'NONE',  ( -1.377366146891597642, 7.010390728630840229, 0.000000000000000000 ) ) ;
#4363 = ORIENTED_EDGE ( 'NONE', *, *, #3282, .T. ) ;
#4364 = DIRECTION ( 'NONE',  ( 0.000000000000000000, 0.000000000000000000, -1.000000000000000000 ) ) ;
#4365 = DIRECTION ( 'NONE',  ( -0.000000000000000000, -0.000000000000000000, -1.000000000000000000 ) ) ;
#4366 = ADVANCED_FACE ( 'NONE', ( #3386 ), #4044, .F. ) ;
#4367 = VERTEX_POINT ( 'NONE', #8932 ) ;
#4368 = LINE ( 'NONE', #1502, #5793 ) ;
#4369 = CARTESIAN_POINT ( 'NONE',  ( -1.325000000000531086, -5.999999999999777067, -13.14999999999999858 ) ) ;
#4370 = CARTESIAN_POINT ( 'NONE',  ( 3.076445308378939369, 6.312154123321523258, -19.57130207258436982 ) ) ;
#4371 = VECTOR ( 'NONE', #8156, 1000.000000000000000 ) ;
#4372 = DIRECTION ( 'NONE',  ( -0.9848077530122059109, 0.1736481776669429322, 0.000000000000000000 ) ) ;
#4373 = ORIENTED_EDGE ( 'NONE', *, *, #5181, .T. ) ;
#4374 = DIRECTION ( 'NONE',  ( -0.3420201433256569445, 0.9396926207859126468, 0.000000000000000000 ) ) ;
#4375 = EDGE_CURVE ( 'NONE', #8960, #4427, #3088, .T. ) ;
#4376 = CARTESIAN_POINT ( 'NONE',  ( 8.852192780166975083, 4.517552346356437099, -20.14999999999999858 ) ) ;
#4377 = CARTESIAN_POINT ( 'NONE',  ( 8.947544487669020441, 4.135041479500396022, -19.55664398539553872 ) ) ;
#4378 = DIRECTION ( 'NONE',  ( 0.000000000000000000, 0.000000000000000000, 1.000000000000000000 ) ) ;
#4379 = AXIS2_PLACEMENT_3D ( 'NONE', #4969, #7966, #3677 ) ;
#4380 = CARTESIAN_POINT ( 'NONE',  ( 3.719847774275732988, 5.994669952212897890, -20.15000000000000213 ) ) ;
#4381 = ORIENTED_EDGE ( 'NONE', *, *, #5105, .F. ) ;
#4382 = CARTESIAN_POINT ( 'NONE',  ( -2.863035063029624183, -8.680383935127791162, -19.56120295423762911 ) ) ;
#4383 = ORIENTED_EDGE ( 'NONE', *, *, #5605, .T. ) ;
#4384 = CARTESIAN_POINT ( 'NONE',  ( -5.142300877492400168, -6.128355544951749501, 0.000000000000000000 ) ) ;
#4385 = CARTESIAN_POINT ( 'NONE',  ( 11.25833024919778680, -6.500000000000045297, 3.999999999999948042 ) ) ;
#4386 = CARTESIAN_POINT ( 'NONE',  ( -7.529784221489713936, 6.149867377162075321, -19.55754720123677259 ) ) ;
#4387 = CIRCLE ( 'NONE', #4530, 0.9000000000000014655 ) ;
#4388 = CARTESIAN_POINT ( 'NONE',  ( 6.226357832181133034, 6.894323926026969751, -20.15000000000000924 ) ) ;
#4389 = CARTESIAN_POINT ( 'NONE',  ( -2.128315623331128670, 5.248980044711038850, -20.15000000000001279 ) ) ;
#4390 = ADVANCED_FACE ( 'NONE', ( #5514 ), #2601, .T. ) ;
#4391 = ORIENTED_EDGE ( 'NONE', *, *, #1830, .F. ) ;
#4392 = CARTESIAN_POINT ( 'NONE',  ( -16.79884389200603678, 10.85351758150378032, -6.667923604021605222 ) ) ;
#4393 = EDGE_LOOP ( 'NONE', ( #7109, #7745, #5588, #5939 ) ) ;
#4394 = ORIENTED_EDGE ( 'NONE', *, *, #3564, .F. ) ;
#4395 = CARTESIAN_POINT ( 'NONE',  ( -1.325000000000531086, -5.999999999999777067, -13.14999999999999858 ) ) ;
#4396 = CARTESIAN_POINT ( 'NONE',  ( 1.324999999999829869, -5.999999999999777067, -13.14999999999999858 ) ) ;
#4397 = FACE_BOUND ( 'NONE', #4799, .T. ) ;
#4398 = CARTESIAN_POINT ( 'NONE',  ( -3.925929588778307888, -6.000388900787303470, -19.57085227154069429 ) ) ;
#4399 = CARTESIAN_POINT ( 'NONE',  ( 15.75692404819529635, -2.778370842671120222, 3.999999999999949818 ) ) ;
#4400 = CIRCLE ( 'NONE', #258, 12.00000000000000000 ) ;
#4401 = CARTESIAN_POINT ( 'NONE',  ( -8.327007276293095117, 4.120581362392971236, -20.14999999999999858 ) ) ;
#4402 = CARTESIAN_POINT ( 'NONE',  ( 3.743519302641509228, 6.071213333782046639, -13.14533029738477588 ) ) ;
#4403 = ORIENTED_EDGE ( 'NONE', *, *, #4591, .T. ) ;
#4404 = CIRCLE ( 'NONE', #859, 0.8999999999999998002 ) ;
#4405 = CARTESIAN_POINT ( 'NONE',  ( 3.420201447259069827, 9.396926202762671210, 3.999999999999949818 ) ) ;
#4406 = DIRECTION ( 'NONE',  ( -1.000000000000000000, 0.000000000000000000, 0.000000000000000000 ) ) ;
#4407 = ORIENTED_EDGE ( 'NONE', *, *, #2186, .T. ) ;
#4408 = CARTESIAN_POINT ( 'NONE',  ( 0.000000000000000000, 0.000000000000000000, 0.000000000000000000 ) ) ;
#4409 = CARTESIAN_POINT ( 'NONE',  ( 6.972254492583713770, 1.340771155210640497, 4.000000000000000000 ) ) ;
#4410 = CARTESIAN_POINT ( 'NONE',  ( -2.504010746875576565, -8.194278946232213201, -20.15000000000000213 ) ) ;
#4411 = CIRCLE ( 'NONE', #6015, 1.999999999999999112 ) ;
#4412 = CARTESIAN_POINT ( 'NONE',  ( 0.000000000000000000, 0.000000000000000000, -0.9999999999999974465 ) ) ;
#4413 = ADVANCED_FACE ( 'NONE', ( #2004 ), #1864, .F. ) ;
#4414 = EDGE_CURVE ( 'NONE', #5902, #2962, #2209, .T. ) ;
#4415 = CYLINDRICAL_SURFACE ( 'NONE', #8848, 4.000000000000001776 ) ;
#4416 = AXIS2_PLACEMENT_3D ( 'NONE', #7207, #1662, #7164 ) ;
#4417 = ORIENTED_EDGE ( 'NONE', *, *, #3048, .F. ) ;
#4418 = CARTESIAN_POINT ( 'NONE',  ( 17.23890890522654828, 8.798188158588592600, -6.800000000000000711 ) ) ;
#4419 = CARTESIAN_POINT ( 'NONE',  ( 0.3915130680000621921, -7.099999999999799805, 0.000000000000000000 ) ) ;
#4420 = CARTESIAN_POINT ( 'NONE',  ( 8.792739472658087863, 4.557099891025138128, -19.55632780748585020 ) ) ;
#4421 = EDGE_CURVE ( 'NONE', #3752, #1588, #7362, .T. ) ;
#4422 = AXIS2_PLACEMENT_3D ( 'NONE', #3339, #7492, #5556 ) ;
#4423 = ADVANCED_FACE ( 'NONE', ( #4132 ), #615, .F. ) ;
#4424 = DIRECTION ( 'NONE',  ( -0.3420201433256579993, -0.9396926207859123137, -4.336808689942018722E-16 ) ) ;
#4425 = ORIENTED_EDGE ( 'NONE', *, *, #1411, .T. ) ;
#4426 = CARTESIAN_POINT ( 'NONE',  ( -0.8290169862100230658, -9.830610546571685759, -19.55658546272062637 ) ) ;
#4427 = VERTEX_POINT ( 'NONE', #4325 ) ;
#4428 = PLANE ( 'NONE',  #4257 ) ;
#4429 = FILL_AREA_STYLE_COLOUR ( '', #1795 ) ;
#4430 = CARTESIAN_POINT ( 'NONE',  ( -4.365404931502637531, 6.835606864088263457, -19.56677529254242032 ) ) ;
#4431 = CARTESIAN_POINT ( 'NONE',  ( 8.595302132560535213, 4.962500000000041211, -12.69999999999999751 ) ) ;
#4432 = DIRECTION ( 'NONE',  ( -0.000000000000000000, -0.000000000000000000, -1.000000000000000000 ) ) ;
#4433 = VECTOR ( 'NONE', #1741, 1000.000000000000000 ) ;
#4434 = ORIENTED_EDGE ( 'NONE', *, *, #296, .F. ) ;
#4435 = CARTESIAN_POINT ( 'NONE',  ( 9.848077527534529807, -1.736481791344210102, 0.000000000000000000 ) ) ;
#4436 = VERTEX_POINT ( 'NONE', #5098 ) ;
#4437 = ORIENTED_EDGE ( 'NONE', *, *, #6222, .T. ) ;
#4438 = FACE_OUTER_BOUND ( 'NONE', #6781, .T. ) ;
#4439 = CARTESIAN_POINT ( 'NONE',  ( -2.619701819963927925, -7.558912777276517225, 2.000000000000000000 ) ) ;
#4440 = DIRECTION ( 'NONE',  ( -1.329015287430789988E-15, 3.651439323030240501E-15, 1.000000000000000000 ) ) ;
#4441 = CARTESIAN_POINT ( 'NONE',  ( -3.332213746221361017, -5.951339709067119621, -20.15000000000000924 ) ) ;
#4442 = VECTOR ( 'NONE', #1818, 1000.000000000000114 ) ;
#4443 = CARTESIAN_POINT ( 'NONE',  ( 3.925946643271001069, -5.990746437800992474, -19.57087757053055554 ) ) ;
#4444 = CARTESIAN_POINT ( 'NONE',  ( -6.762257448030098317, 5.934775910174189484, -20.14999999999998792 ) ) ;
#4445 = CARTESIAN_POINT ( 'NONE',  ( 1.377366146891761955, 7.010390728630805590, 0.000000000000000000 ) ) ;
#4446 = ORIENTED_EDGE ( 'NONE', *, *, #4457, .F. ) ;
#4447 = CIRCLE ( 'NONE', #763, 17.50000000000000000 ) ;
#4448 = CARTESIAN_POINT ( 'NONE',  ( -11.69134295108980126, 6.750000000000194511, -5.800000000000000711 ) ) ;
#4449 = DIRECTION ( 'NONE',  ( 1.641544043552910704E-14, 1.000000000000000000, 0.000000000000000000 ) ) ;
#4450 = VERTEX_POINT ( 'NONE', #5602 ) ;
#4451 = DIRECTION ( 'NONE',  ( -1.000000000000000000, 0.000000000000000000, 0.000000000000000000 ) ) ;
#4452 = CARTESIAN_POINT ( 'NONE',  ( 3.925930121005859252, -6.000000000182121873, -19.57085359159096427 ) ) ;
#4453 = CARTESIAN_POINT ( 'NONE',  ( 2.992746678795584980, -7.474836164241267511, -20.14999999999999503 ) ) ;
#4454 = CIRCLE ( 'NONE', #5630, 13.00000000000001599 ) ;
#4455 = CIRCLE ( 'NONE', #1511, 16.50000000000000355 ) ;
#4456 = DIRECTION ( 'NONE',  ( -1.000000000000000000, 8.881784197001252323E-15, 0.000000000000000000 ) ) ;
#4457 = EDGE_CURVE ( 'NONE', #878, #4832, #1616, .T. ) ;
#4458 = DIRECTION ( 'NONE',  ( -1.028313268071524502E-14, -1.000000000000000000, 0.000000000000000000 ) ) ;
#4459 = AXIS2_PLACEMENT_3D ( 'NONE', #5737, #6385, #8569 ) ;
#4460 = AXIS2_PLACEMENT_3D ( 'NONE', #2317, #5995, #927 ) ;
#4461 = VERTEX_POINT ( 'NONE', #2927 ) ;
#4462 = ADVANCED_FACE ( 'NONE', ( #8572 ), #5740, .F. ) ;
#4463 = CARTESIAN_POINT ( 'NONE',  ( -5.130302149884840013, 14.09538931178869881, 0.000000000000000000 ) ) ;
#4464 = CARTESIAN_POINT ( 'NONE',  ( 1.171646193170444716, -7.035210482140605848, 0.000000000000000000 ) ) ;
#4465 = CARTESIAN_POINT ( 'NONE',  ( 8.886807145068367220, 4.318832165062810091, -19.55648290435789605 ) ) ;
#4466 = AXIS2_PLACEMENT_3D ( 'NONE', #1820, #1859, #4635 ) ;
#4467 = ADVANCED_FACE ( 'NONE', ( #709 ), #2974, .T. ) ;
#4468 = DIRECTION ( 'NONE',  ( -1.000000000000000000, 0.000000000000000000, 0.000000000000000000 ) ) ;
#4469 = VERTEX_POINT ( 'NONE', #5789 ) ;
#4470 = CARTESIAN_POINT ( 'NONE',  ( -0.1311034343432128380, -9.918679359436829657, -19.55622224526820929 ) ) ;
#4471 = EDGE_CURVE ( 'NONE', #7576, #4989, #8424, .T. ) ;
#4472 = CIRCLE ( 'NONE', #5194, 0.9999999999999815703 ) ;
#4473 = ORIENTED_EDGE ( 'NONE', *, *, #1498, .T. ) ;
#4474 = DIRECTION ( 'NONE',  ( 0.000000000000000000, 0.000000000000000000, 1.000000000000000000 ) ) ;
#4475 = FACE_OUTER_BOUND ( 'NONE', #2003, .T. ) ;
#4476 = CARTESIAN_POINT ( 'NONE',  ( 4.980187098488759290, 6.322623562510005790, -20.14999999999998792 ) ) ;
#4477 = EDGE_CURVE ( 'NONE', #3876, #6779, #7037, .T. ) ;
#4478 = CARTESIAN_POINT ( 'NONE',  ( -2.620126338115370445E-13, -16.50000000000000000, 4.000000000000000000 ) ) ;
#4479 = CARTESIAN_POINT ( 'NONE',  ( -1.000000000000219158, -19.97498435543816697, -11.26454410153101549 ) ) ;
#4480 = VERTEX_POINT ( 'NONE', #7833 ) ;
#4481 = CARTESIAN_POINT ( 'NONE',  ( 9.332080187004777372, -14.22898462720526247, 2.000000000000000000 ) ) ;
#4482 = EDGE_LOOP ( 'NONE', ( #1704, #4880, #6464, #2123 ) ) ;
#4483 = ORIENTED_EDGE ( 'NONE', *, *, #2100, .T. ) ;
#4484 = CARTESIAN_POINT ( 'NONE',  ( 3.332020230415906781, -5.999086572339304979, -20.14999999999999503 ) ) ;
#4485 = B_SPLINE_CURVE_WITH_KNOTS ( 'NONE', 3,
 ( #3883, #1095, #3923, #7247, #402, #5356 ),
 .UNSPECIFIED., .F., .F.,
 ( 4, 2, 4 ),
 ( 0.000000000000000000, 0.0005382675951769186427, 0.001076535190353837285 ),
 .UNSPECIFIED. ) ;
#4486 = CARTESIAN_POINT ( 'NONE',  ( -1.399215878724295163E-14, 1.438832252988549989E-28, -6.800000000000000711 ) ) ;
#4487 = DIRECTION ( 'NONE',  ( 0.3420201433256609969, 0.9396926207859112035, 0.000000000000000000 ) ) ;
#4488 = CARTESIAN_POINT ( 'NONE',  ( -3.513839601559408887, -4.317654835537029889, -20.14999999999996305 ) ) ;
#4489 = DIRECTION ( 'NONE',  ( 1.000000000000000000, 0.000000000000000000, 0.000000000000000000 ) ) ;
#4490 = ADVANCED_FACE ( 'NONE', ( #2832 ), #8997, .F. ) ;
#4491 = CARTESIAN_POINT ( 'NONE',  ( -4.652463375163391035, 6.285664624084313701, -20.15000000000001634 ) ) ;
#4492 = CARTESIAN_POINT ( 'NONE',  ( 6.678494095089589244, 2.502929873537271366, -13.19417254642126025 ) ) ;
#4493 = ORIENTED_EDGE ( 'NONE', *, *, #7171, .F. ) ;
#4494 = CARTESIAN_POINT ( 'NONE',  ( -12.23972949516409692, 6.058758092262321426, -6.294943955526784762 ) ) ;
#4495 = CARTESIAN_POINT ( 'NONE',  ( -6.148792571289595443, -3.550007046225150287, 0.000000000000000000 ) ) ;
#4496 = CARTESIAN_POINT ( 'NONE',  ( 1.178669125964988342E-28, 6.268901968980452702E-29, 0.000000000000000000 ) ) ;
#4497 = ORIENTED_EDGE ( 'NONE', *, *, #8967, .F. ) ;
#4498 = DIRECTION ( 'NONE',  ( 0.000000000000000000, 0.000000000000000000, -1.000000000000000000 ) ) ;
#4499 = CARTESIAN_POINT ( 'NONE',  ( 1.999999999999789280, -19.32842712474618452, -12.00000000000000000 ) ) ;
#4500 = DIRECTION ( 'NONE',  ( 0.000000000000000000, 0.000000000000000000, -1.000000000000000000 ) ) ;
#4501 = CARTESIAN_POINT ( 'NONE',  ( 3.225930043255002655, 6.395782187205536040, -19.57087523610019986 ) ) ;
#4502 = CARTESIAN_POINT ( 'NONE',  ( -10.49474491368786211, 6.981477572731447978, -6.184510115453709211 ) ) ;
#4503 = ORIENTED_EDGE ( 'NONE', *, *, #1784, .T. ) ;
#4504 = CARTESIAN_POINT ( 'NONE',  ( -10.83702032928546544, 10.27013422742469650, -12.00000000000000000 ) ) ;
#4505 = CARTESIAN_POINT ( 'NONE',  ( -2.045585922871851683E-13, -13.00000000000000178, 4.000000000000000000 ) ) ;
#4506 = DIRECTION ( 'NONE',  ( 0.6427876096865501321, 0.7660444431189691317, 0.000000000000000000 ) ) ;
#4507 = CARTESIAN_POINT ( 'NONE',  ( -1.171646193170460037, -7.035210482140599630, -13.19417254642123893 ) ) ;
#4508 = CARTESIAN_POINT ( 'NONE',  ( 8.348027020648776997, 0.6625560791735345401, -19.56545314242191935 ) ) ;
#4509 = EDGE_CURVE ( 'NONE', #3401, #3543, #1469, .T. ) ;
#4510 = DIRECTION ( 'NONE',  ( 1.000000000000000000, 0.000000000000000000, 0.000000000000000000 ) ) ;
#4511 = ORIENTED_EDGE ( 'NONE', *, *, #6940, .T. ) ;
#4512 = CARTESIAN_POINT ( 'NONE',  ( -0.5127586197207700813, -9.885491097477713041, -19.55635999725265251 ) ) ;
#4513 = CIRCLE ( 'NONE', #3333, 1.000000000000019984 ) ;
#4514 = ORIENTED_EDGE ( 'NONE', *, *, #7416, .F. ) ;
#4515 = CARTESIAN_POINT ( 'NONE',  ( 14.28941916244339971, 8.249999999999779732, -3.000000000000000888 ) ) ;
#4516 = CARTESIAN_POINT ( 'NONE',  ( 14.32435137758119659, 2.250101689166026375, 0.000000000000000000 ) ) ;
#4517 = CARTESIAN_POINT ( 'NONE',  ( -3.693802082578905743, 6.628288218847154134, -19.56916557382043464 ) ) ;
#4518 = B_SPLINE_CURVE_WITH_KNOTS ( 'NONE', 3,
 ( #4816, #2779, #610, #3295, #8372, #5598, #3432, #6243, #9074, #2045, #4863, #7679, #4676, #4174, #6103, #6985, #8419, #7488, #1160, #8928, #2596, #5417, #3990, #8232, #1907, #4724, #7534, #1210, #3712 ),
 .UNSPECIFIED., .F., .F.,
 ( 4, 2, 1, 2, 2, 2, 2, 1, 1, 2, 2, 2, 2, 1, 1, 2, 4 ),
 ( 0.5002899169425547576, 0.5159058570380996578, 0.5315217971336445579, 0.5627536773247343582, 0.6252174377069139588, 0.7501449584712727159, 0.7540489434951590519, 0.7579529285190453880, 0.7657608985668180601, 0.7813768386623635154, 0.8126087188534543149, 0.8750724792356361359, 0.8828804492834088080, 0.8906884193311815912, 0.9063043594267270464, 0.9375362396178179569, 1.000000000000000000 ),
 .UNSPECIFIED. ) ;
#4519 = CARTESIAN_POINT ( 'NONE',  ( -7.121152422707091034, 3.000000000000417000, -20.14999999999999858 ) ) ;
#4520 = CARTESIAN_POINT ( 'NONE',  ( -17.09983895300119983, -0.07421442866851210574, 4.000000000000000000 ) ) ;
#4521 = AXIS2_PLACEMENT_3D ( 'NONE', #4324, #578, #3672 ) ;
#4522 = EDGE_CURVE ( 'NONE', #8525, #2240, #7228, .T. ) ;
#4523 = ORIENTED_EDGE ( 'NONE', *, *, #627, .T. ) ;
#4524 = DIRECTION ( 'NONE',  ( -0.6427876096865501321, -0.7660444431189689096, 0.000000000000000000 ) ) ;
#4525 = VERTEX_POINT ( 'NONE', #2099 ) ;
#4526 = ORIENTED_EDGE ( 'NONE', *, *, #962, .T. ) ;
#4527 = DIRECTION ( 'NONE',  ( 0.8660254037844332675, -0.5000000000000093259, 0.000000000000000000 ) ) ;
#4528 = DIRECTION ( 'NONE',  ( -0.000000000000000000, -0.000000000000000000, 1.000000000000000000 ) ) ;
#4529 = CARTESIAN_POINT ( 'NONE',  ( -12.11044710970864635, 12.07257515209366616, 0.000000000000000000 ) ) ;
#4530 = AXIS2_PLACEMENT_3D ( 'NONE', #8326, #3477, #3991 ) ;
#4531 = CARTESIAN_POINT ( 'NONE',  ( -4.093793364188281991, -2.721452967203989992, -20.15000000000001990 ) ) ;
#4532 = DIRECTION ( 'NONE',  ( 0.000000000000000000, 0.000000000000000000, -1.000000000000000000 ) ) ;
#4533 = CARTESIAN_POINT ( 'NONE',  ( -4.226444650142084036, 6.187969207292851159, -20.15000000000000213 ) ) ;
#4534 = CARTESIAN_POINT ( 'NONE',  ( 7.597108048166214544, -0.1460072364671148315, -12.76297586611199364 ) ) ;
#4535 = EDGE_CURVE ( 'NONE', #2928, #4607, #8260, .T. ) ;
#4536 = ORIENTED_EDGE ( 'NONE', *, *, #1233, .F. ) ;
#4537 = EDGE_CURVE ( 'NONE', #6803, #5445, #2066, .T. ) ;
#4538 = CARTESIAN_POINT ( 'NONE',  ( 5.780240549784773307, -0.6335465220815122978, -20.14999999999999858 ) ) ;
#4539 = DIRECTION ( 'NONE',  ( 0.000000000000000000, 0.000000000000000000, -1.000000000000000000 ) ) ;
#4540 = DIRECTION ( 'NONE',  ( 0.000000000000000000, 0.000000000000000000, 1.000000000000000000 ) ) ;
#4541 = ORIENTED_EDGE ( 'NONE', *, *, #3583, .T. ) ;
#4542 = CARTESIAN_POINT ( 'NONE',  ( 6.427876085450569654, -7.660444440767999907, 3.999999999999949818 ) ) ;
#4543 = CARTESIAN_POINT ( 'NONE',  ( -10.39931654379351045, 7.317117230204769562, -11.52340681311383541 ) ) ;
#4544 = DIRECTION ( 'NONE',  ( -1.000000000000000000, 0.000000000000000000, 0.000000000000000000 ) ) ;
#4545 = CARTESIAN_POINT ( 'NONE',  ( 3.223971164890941488, 6.394657621918624635, -19.57088091497725557 ) ) ;
#4546 = CIRCLE ( 'NONE', #4687, 3.000000000000000888 ) ;
#4547 = EDGE_LOOP ( 'NONE', ( #6211, #7672, #8512, #2798, #4381, #2647, #7939, #1238, #2408, #7086, #4541, #1189, #628, #4806 ) ) ;
#4548 = CARTESIAN_POINT ( 'NONE',  ( -10.43531719619343257, 7.179533730680913273, -6.667379162120079528 ) ) ;
#4549 = ORIENTED_EDGE ( 'NONE', *, *, #5319, .T. ) ;
#4550 = CARTESIAN_POINT ( 'NONE',  ( -5.130302149884849783, 14.09538931178869881, 3.999999999999949818 ) ) ;
#4551 = CIRCLE ( 'NONE', #1307, 0.8999999999999998002 ) ;
#4552 = CARTESIAN_POINT ( 'NONE',  ( -0.5053135958582157805, -19.45964660302293936, -5.927189904025336631 ) ) ;
#4553 = DIRECTION ( 'NONE',  ( 0.3420201433256581658, -0.9396926207859122027, 0.000000000000000000 ) ) ;
#4554 = CARTESIAN_POINT ( 'NONE',  ( 4.055294642910032721, -4.288965480209411929, -20.15000000000002700 ) ) ;
#4555 = CARTESIAN_POINT ( 'NONE',  ( 7.159117483309839436, -0.3999552182201360218, -19.57085359160664950 ) ) ;
#4556 = VECTOR ( 'NONE', #5950, 1000.000000000000000 ) ;
#4557 = CARTESIAN_POINT ( 'NONE',  ( -1.148899295377384666, -19.27199948393749906, -11.54360123813061634 ) ) ;
#4558 = ORIENTED_EDGE ( 'NONE', *, *, #9110, .T. ) ;
#4559 = CARTESIAN_POINT ( 'NONE',  ( -3.078181261925899914, 8.457233597266220926, 0.000000000000000000 ) ) ;
#4560 = VERTEX_POINT ( 'NONE', #9127 ) ;
#4561 = CYLINDRICAL_SURFACE ( 'NONE', #261, 0.8999999999999998002 ) ;
#4562 = DIRECTION ( 'NONE',  ( 0.000000000000000000, 0.000000000000000000, 1.000000000000000000 ) ) ;
#4563 = VECTOR ( 'NONE', #7918, 1000.000000000000114 ) ;
#4564 = CARTESIAN_POINT ( 'NONE',  ( -4.939447908162827972, 6.915203310845446261, -19.56480680040695574 ) ) ;
#4565 = CARTESIAN_POINT ( 'NONE',  ( 2.902686605484000065E-14, -1.633737468603009911E-14, 3.999999999999949818 ) ) ;
#4566 = CARTESIAN_POINT ( 'NONE',  ( -9.110820912706648400, 11.28020134113692663, -1.000000000000011324 ) ) ;
#4567 = ORIENTED_EDGE ( 'NONE', *, *, #5935, .F. ) ;
#4568 = CYLINDRICAL_SURFACE ( 'NONE', #3824, 1.999999999999999112 ) ;
#4569 = AXIS2_PLACEMENT_3D ( 'NONE', #113, #8524, #6340 ) ;
#4570 = VERTEX_POINT ( 'NONE', #660 ) ;
#4571 = ORIENTED_EDGE ( 'NONE', *, *, #3095, .F. ) ;
#4572 = LINE ( 'NONE', #8610, #4580 ) ;
#4573 = DIRECTION ( 'NONE',  ( -1.000000000000000000, 0.000000000000000000, 0.000000000000000000 ) ) ;
#4574 = DIRECTION ( 'NONE',  ( -0.000000000000000000, -0.000000000000000000, 1.000000000000000000 ) ) ;
#4575 = EDGE_CURVE ( 'NONE', #5143, #4344, #7782, .T. ) ;
#4576 = CARTESIAN_POINT ( 'NONE',  ( -3.332026092258751682, -5.995131676831251255, -20.15000000000001634 ) ) ;
#4577 = CARTESIAN_POINT ( 'NONE',  ( 3.931456319492428797, -5.711694831426962438, -19.57156931149746626 ) ) ;
#4578 = CARTESIAN_POINT ( 'NONE',  ( -7.882366401918432963, 0.1362658575866684540, -19.56785402846630717 ) ) ;
#4579 = CARTESIAN_POINT ( 'NONE',  ( 7.087094034895882189, -0.5839333955071381865, 0.000000000000000000 ) ) ;
#4580 = VECTOR ( 'NONE', #6647, 1000.000000000000000 ) ;
#4581 = EDGE_CURVE ( 'NONE', #4344, #2706, #6929, .T. ) ;
#4582 = EDGE_LOOP ( 'NONE', ( #7154, #833, #7821, #7854, #8548 ) ) ;
#4583 = CARTESIAN_POINT ( 'NONE',  ( 5.274071175708240133, -1.099131665563055638, -20.14999999999999858 ) ) ;
#4584 = DIRECTION ( 'NONE',  ( -0.8660254037844387076, -0.4999999999999998335, 0.000000000000000000 ) ) ;
#4585 = CONICAL_SURFACE ( 'NONE', #1782, 3.000000000000007994, 0.7853981633974467247 ) ;
#4586 = DIRECTION ( 'NONE',  ( -1.000000000000000000, 0.000000000000000000, 0.000000000000000000 ) ) ;
#4587 = EDGE_CURVE ( 'NONE', #8683, #2061, #4289, .T. ) ;
#4588 = CARTESIAN_POINT ( 'NONE',  ( 12.33992941966007528, 5.969761033842371667, -6.800000000000000711 ) ) ;
#4589 = CARTESIAN_POINT ( 'NONE',  ( -10.43531719619343079, 7.179533730680915049, -11.13822969909165650 ) ) ;
#4590 = DIRECTION ( 'NONE',  ( -0.8660254037844413721, -0.4999999999999952260, -0.000000000000000000 ) ) ;
#4591 = EDGE_CURVE ( 'NONE', #4096, #4776, #6487, .T. ) ;
#4592 = AXIS2_PLACEMENT_3D ( 'NONE', #7388, #5994, #6737 ) ;
#4593 = ORIENTED_EDGE ( 'NONE', *, *, #4143, .F. ) ;
#4594 = CARTESIAN_POINT ( 'NONE',  ( -10.82531754730537799, 6.250000000000190070, -5.800000000000000711 ) ) ;
#4595 = ORIENTED_EDGE ( 'NONE', *, *, #6712, .T. ) ;
#4596 = CARTESIAN_POINT ( 'NONE',  ( 3.360030827436458978, 5.790240978789362281, -20.14999999999999858 ) ) ;
#4597 = CIRCLE ( 'NONE', #7997, 0.9999999999999804601 ) ;
#4598 = CARTESIAN_POINT ( 'NONE',  ( -0.2636033248077112034, -19.49087999292760287, -5.826525510891695347 ) ) ;
#4599 = CARTESIAN_POINT ( 'NONE',  ( -1.000000000000154321, -13.67157287525377285, -11.14505695923951656 ) ) ;
#4600 = CARTESIAN_POINT ( 'NONE',  ( -3.924999999999968292, -6.506284946773636335, -20.14999999999999858 ) ) ;
#4601 = DIRECTION ( 'NONE',  ( -1.000000000000000000, 0.000000000000000000, 0.000000000000000000 ) ) ;
#4602 = AXIS2_PLACEMENT_3D ( 'NONE', #3597, #1415, #9141 ) ;
#4603 = AXIS2_PLACEMENT_3D ( 'NONE', #2918, #5089, #700 ) ;
#4604 = CARTESIAN_POINT ( 'NONE',  ( -2.000000000000206501, -18.73606797749983954, -12.00000000000000000 ) ) ;
#4605 = VERTEX_POINT ( 'NONE', #890 ) ;
#4606 = CARTESIAN_POINT ( 'NONE',  ( 7.385762140180553104, -0.2686387898447851752, -19.57001367808153347 ) ) ;
#4607 = VERTEX_POINT ( 'NONE', #3191 ) ;
#4608 = CARTESIAN_POINT ( 'NONE',  ( 0.8728928348596818321, -19.37068835537403544, -6.294849952815315675 ) ) ;
#4609 = AXIS2_PLACEMENT_3D ( 'NONE', #2802, #7006, #129 ) ;
#4610 = DIRECTION ( 'NONE',  ( 0.000000000000000000, 0.000000000000000000, -1.000000000000000000 ) ) ;
#4611 = AXIS2_PLACEMENT_3D ( 'NONE', #6797, #6844, #515 ) ;
#4612 = DIRECTION ( 'NONE',  ( 0.000000000000000000, 0.000000000000000000, 1.000000000000000000 ) ) ;
#4613 = CARTESIAN_POINT ( 'NONE',  ( -6.634708430498957199, 6.647534737248815162, -19.55966315461878224 ) ) ;
#4614 = DIRECTION ( 'NONE',  ( 0.000000000000000000, 0.000000000000000000, 1.000000000000000000 ) ) ;
#4615 = CARTESIAN_POINT ( 'NONE',  ( -3.258101272733643139, 5.735556171110760104, -20.15000000000000213 ) ) ;
#4616 = ORIENTED_EDGE ( 'NONE', *, *, #2430, .F. ) ;
#4617 = DIRECTION ( 'NONE',  ( -1.000000000000000000, 0.000000000000000000, 0.000000000000000000 ) ) ;
#4618 = VECTOR ( 'NONE', #5894, 1000.000000000000114 ) ;
#4619 = VERTEX_POINT ( 'NONE', #2504 ) ;
#4620 = ORIENTED_EDGE ( 'NONE', *, *, #6450, .T. ) ;
#4621 = B_SPLINE_CURVE_WITH_KNOTS ( 'NONE', 3,
 ( #3620, #6425, #11, #2138, #7214, #7776, #108, #2920 ),
 .UNSPECIFIED., .F., .F.,
 ( 4, 2, 2, 4 ),
 ( 0.000000000000000000, 0.0006897198902689402611, 0.001034579835403410392, 0.001379439780537880522 ),
 .UNSPECIFIED. ) ;
#4622 = CARTESIAN_POINT ( 'NONE',  ( 1.371218433204572706, -9.030508267860577476, -20.15000000000002700 ) ) ;
#4623 = CARTESIAN_POINT ( 'NONE',  ( 10.39230484541333688, -6.000000000000039968, 0.000000000000000000 ) ) ;
#4624 = DIRECTION ( 'NONE',  ( -1.000000000000000000, 1.982541115402064518E-15, 0.000000000000000000 ) ) ;
#4625 = CARTESIAN_POINT ( 'NONE',  ( 3.925932217543181224, -5.998519762754344953, -19.57085844291933441 ) ) ;
#4626 = CARTESIAN_POINT ( 'NONE',  ( -8.270263377686831063, 0.5608370744168854616, -19.56588862426009712 ) ) ;
#4627 = CARTESIAN_POINT ( 'NONE',  ( 8.852192780166975083, 4.517552346356437099, -20.14999999999999858 ) ) ;
#4628 = EDGE_CURVE ( 'NONE', #2177, #7622, #3837, .T. ) ;
#4629 = ORIENTED_EDGE ( 'NONE', *, *, #627, .F. ) ;
#4630 = DIRECTION ( 'NONE',  ( 0.000000000000000000, 0.000000000000000000, 1.000000000000000000 ) ) ;
#4631 = VERTEX_POINT ( 'NONE', #1587 ) ;
#4632 = CARTESIAN_POINT ( 'NONE',  ( -11.56684174420770361, 6.984207616201533853, -5.827035454541360515 ) ) ;
#4633 = CARTESIAN_POINT ( 'NONE',  ( 16.05609281500541741, 5.228598966481855292, 0.000000000000000000 ) ) ;
#4634 = CARTESIAN_POINT ( 'NONE',  ( 10.92738936467129918, -13.02275553302249911, 0.000000000000000000 ) ) ;
#4635 = DIRECTION ( 'NONE',  ( 0.8660254037844382635, -0.5000000000000007772, 0.000000000000000000 ) ) ;
#4636 = CARTESIAN_POINT ( 'NONE',  ( -4.372253973763219115, -6.766342822299160176, 3.999999999999949818 ) ) ;
#4637 = EDGE_CURVE ( 'NONE', #1813, #7505, #6859, .T. ) ;
#4638 = ORIENTED_EDGE ( 'NONE', *, *, #3757, .F. ) ;
#4639 = DIRECTION ( 'NONE',  ( -0.000000000000000000, -0.000000000000000000, 1.000000000000000000 ) ) ;
#4640 = EDGE_LOOP ( 'NONE', ( #1913, #3705, #1284, #2815 ) ) ;
#4642 = CARTESIAN_POINT ( 'NONE',  ( 0.000000000000000000, 0.000000000000000000, 4.000000000000000000 ) ) ;
#4641 = B_SPLINE_CURVE_WITH_KNOTS ( 'NONE', 3,
 ( #6039, #1846, #9008, #8311, #4024, #4800, #6782, #7612, #5536, #1285 ),
 .UNSPECIFIED., .F., .F.,
 ( 4, 2, 2, 2, 4 ),
 ( 0.1914719520945465936, 0.3936039640709100285, 0.5957359760472733523, 0.7978679880236366762, 1.000000000000000000 ),
 .UNSPECIFIED. ) ;
#4643 = CARTESIAN_POINT ( 'NONE',  ( -1.000000000000231593, -21.18131433805519492, -6.800000000000000711 ) ) ;
#4644 = DIRECTION ( 'NONE',  ( 1.000000000000000000, 0.000000000000000000, 0.000000000000000000 ) ) ;
#4645 = CARTESIAN_POINT ( 'NONE',  ( -3.924999999999968292, -6.506284946773636335, -12.76297586611198831 ) ) ;
#4646 = DIRECTION ( 'NONE',  ( -0.8660254037844389297, -0.4999999999999995004, 0.000000000000000000 ) ) ;
#4647 = DIRECTION ( 'NONE',  ( -1.000000000000000000, 0.000000000000000000, 0.000000000000000000 ) ) ;
#4648 = ADVANCED_FACE ( 'NONE', ( #936 ), #7090, .F. ) ;
#4649 = ORIENTED_EDGE ( 'NONE', *, *, #7581, .T. ) ;
#4650 = CARTESIAN_POINT ( 'NONE',  ( -14.28941916244310306, 8.250000000000241585, -0.5000000000000086597 ) ) ;
#4651 = ORIENTED_EDGE ( 'NONE', *, *, #6940, .F. ) ;
#4652 = CYLINDRICAL_SURFACE ( 'NONE', #2529, 0.8999999999999998002 ) ;
#4653 = CARTESIAN_POINT ( 'NONE',  ( -5.773159728050818743E-15, 13.00000000000000000, 2.000000000000000000 ) ) ;
#4654 = CARTESIAN_POINT ( 'NONE',  ( 14.77211629518309977, -2.604722665004169713, 3.999999999999949818 ) ) ;
#4655 = CARTESIAN_POINT ( 'NONE',  ( 8.458850919084085263, 3.645405049656768703, -20.14999999999995595 ) ) ;
#4656 = CARTESIAN_POINT ( 'NONE',  ( 0.5037585182272329432, -19.99402120705614649, -5.926276400511095943 ) ) ;
#4657 = DIRECTION ( 'NONE',  ( -1.000000000000000000, 0.000000000000000000, -0.000000000000000000 ) ) ;
#4658 = AXIS2_PLACEMENT_3D ( 'NONE', #6805, #6900, #662 ) ;
#4659 = ORIENTED_EDGE ( 'NONE', *, *, #4575, .T. ) ;
#4660 = VERTEX_POINT ( 'NONE', #8790 ) ;
#4661 = CARTESIAN_POINT ( 'NONE',  ( 2.538261040340744401, -8.152614680676386172, -20.14999999999998082 ) ) ;
#4662 = DIRECTION ( 'NONE',  ( 0.000000000000000000, 0.000000000000000000, 1.000000000000000000 ) ) ;
#4663 = DIRECTION ( 'NONE',  ( 0.8660254037844332675, -0.5000000000000093259, 0.000000000000000000 ) ) ;
#4664 = CARTESIAN_POINT ( 'NONE',  ( 7.081752855216325138, -0.4453374509660249503, -19.57107943581265985 ) ) ;
#4665 = CARTESIAN_POINT ( 'NONE',  ( -8.656976401924632469, 1.153096652921448140, -19.56353798027846480 ) ) ;
#4666 = AXIS2_PLACEMENT_3D ( 'NONE', #5418, #563, #6195 ) ;
#4667 = CARTESIAN_POINT ( 'NONE',  ( 3.726472768734413687, -7.526453961572666884, -20.15000000000000568 ) ) ;
#4668 = ORIENTED_EDGE ( 'NONE', *, *, #1887, .F. ) ;
#4669 = FACE_OUTER_BOUND ( 'NONE', #500, .T. ) ;
#4670 = EDGE_LOOP ( 'NONE', ( #242, #3817 ) ) ;
#4671 = DIRECTION ( 'NONE',  ( -0.000000000000000000, -0.000000000000000000, 1.000000000000000000 ) ) ;
#4672 = VECTOR ( 'NONE', #8243, 1000.000000000000000 ) ;
#4673 = DIRECTION ( 'NONE',  ( 0.000000000000000000, 0.000000000000000000, -1.000000000000000000 ) ) ;
#4674 = CARTESIAN_POINT ( 'NONE',  ( -5.003499534013083228, -1.390564783357626677, -20.14999999999999858 ) ) ;
#4675 = CARTESIAN_POINT ( 'NONE',  ( 11.43531719619355869, 5.447482923111758524, -6.667379162120079528 ) ) ;
#4676 = CARTESIAN_POINT ( 'NONE',  ( 6.145791831475686529, 6.804628785800496793, -19.56102808731300158 ) ) ;
#4677 = DIRECTION ( 'NONE',  ( 0.000000000000000000, 0.000000000000000000, -1.000000000000000000 ) ) ;
#4678 = ORIENTED_EDGE ( 'NONE', *, *, #5500, .T. ) ;
#4679 = CIRCLE ( 'NONE', #704, 3.500000000000001332 ) ;
#4680 = DIRECTION ( 'NONE',  ( 0.000000000000000000, 0.000000000000000000, 1.000000000000000000 ) ) ;
#4681 = EDGE_LOOP ( 'NONE', ( #2212, #7038, #67, #1 ) ) ;
#4682 = DIRECTION ( 'NONE',  ( -0.9848077555997649668, -0.1736481629921650116, 0.000000000000000000 ) ) ;
#4683 = CARTESIAN_POINT ( 'NONE',  ( -16.74006226189163726, 10.94552911922223437, -11.52379624377264733 ) ) ;
#4684 = LINE ( 'NONE', #2650, #5876 ) ;
#4685 = ADVANCED_FACE ( 'NONE', ( #5914 ), #6631, .F. ) ;
#4686 = CARTESIAN_POINT ( 'NONE',  ( -8.381336715503199031, 0.5360068965513107297, -20.14999999999998082 ) ) ;
#4687 = AXIS2_PLACEMENT_3D ( 'NONE', #7424, #3963, #5483 ) ;
#4688 = CARTESIAN_POINT ( 'NONE',  ( 3.332020230415906781, -5.999086572339304979, -20.14999999999999858 ) ) ;
#4689 = EDGE_CURVE ( 'NONE', #943, #5928, #6529, .T. ) ;
#4690 = CARTESIAN_POINT ( 'NONE',  ( -1.000000000000212719, -19.32842712474620939, -11.07233974769974161 ) ) ;
#4691 = AXIS2_PLACEMENT_3D ( 'NONE', #2478, #3215, #1230 ) ;
#4692 = ORIENTED_EDGE ( 'NONE', *, *, #2110, .T. ) ;
#4693 = CARTESIAN_POINT ( 'NONE',  ( 8.455159167012956445, 0.8027433335489444488, -19.56485307890502057 ) ) ;
#4694 = VERTEX_POINT ( 'NONE', #5324 ) ;
#4695 = DIRECTION ( 'NONE',  ( 0.000000000000000000, 0.000000000000000000, 1.000000000000000000 ) ) ;
#4696 = EDGE_CURVE ( 'NONE', #4605, #6116, #908, .T. ) ;
#4697 = CARTESIAN_POINT ( 'NONE',  ( 17.26389239976192869, 7.845872939616577391, -11.99049765848090665 ) ) ;
#4698 = DIRECTION ( 'NONE',  ( 0.000000000000000000, 0.000000000000000000, -1.000000000000000000 ) ) ;
#4699 = CARTESIAN_POINT ( 'NONE',  ( 6.111602436519111059, 6.199332442481575889, -20.14999999999999147 ) ) ;
#4700 = CARTESIAN_POINT ( 'NONE',  ( 0.9999999999997827294, -19.97498435543819539, -6.535847726204215391 ) ) ;
#4701 = VECTOR ( 'NONE', #7592, 1000.000000000000114 ) ;
#4702 = CARTESIAN_POINT ( 'NONE',  ( -2.341302355341340125, 5.322552027661388685, -20.15000000000000213 ) ) ;
#4703 = EDGE_CURVE ( 'NONE', #5698, #6312, #7970, .T. ) ;
#4704 = ORIENTED_EDGE ( 'NONE', *, *, #1117, .T. ) ;
#4705 = ORIENTED_EDGE ( 'NONE', *, *, #6730, .T. ) ;
#4706 = ORIENTED_EDGE ( 'NONE', *, *, #4936, .F. ) ;
#4707 = CARTESIAN_POINT ( 'NONE',  ( 3.287632915473573281, -6.545347849611093949, -20.14999999999998082 ) ) ;
#4708 = CIRCLE ( 'NONE', #5879, 11.99999999999999289 ) ;
#4709 = ORIENTED_EDGE ( 'NONE', *, *, #2887, .T. ) ;
#4710 = FACE_OUTER_BOUND ( 'NONE', #1340, .T. ) ;
#4711 = CARTESIAN_POINT ( 'NONE',  ( 12.33992941966007528, 5.969761033842371667, -6.800000000000000711 ) ) ;
#4712 = CARTESIAN_POINT ( 'NONE',  ( 3.332697637684706837, -5.901737535828363690, -20.14999999999999147 ) ) ;
#4713 = CARTESIAN_POINT ( 'NONE',  ( -6.998297538017272501, 1.375331565961207980, 0.000000000000000000 ) ) ;
#4714 = CARTESIAN_POINT ( 'NONE',  ( -1.603381300557075839, 5.711321791648775736, -19.57464014509757178 ) ) ;
#4715 = AXIS2_PLACEMENT_3D ( 'NONE', #990, #1030, #8667 ) ;
#4716 = ORIENTED_EDGE ( 'NONE', *, *, #5058, .T. ) ;
#4717 = CARTESIAN_POINT ( 'NONE',  ( 6.790748560084046481, -0.6211209447407119999, -19.57194354529098845 ) ) ;
#4718 = B_SPLINE_CURVE_WITH_KNOTS ( 'NONE', 3,
 ( #5282, #1772, #3812, #6620 ),
 .UNSPECIFIED., .F., .F.,
 ( 4, 4 ),
 ( 0.000000000000000000, 0.1914719520945465936 ),
 .UNSPECIFIED. ) ;
#4719 = CARTESIAN_POINT ( 'NONE',  ( -11.62480007161377848, 6.865255648134587219, -5.800000000000001599 ) ) ;
#4720 = PLANE ( 'NONE',  #3562 ) ;
#4721 = DIRECTION ( 'NONE',  ( -0.000000000000000000, -0.000000000000000000, -1.000000000000000000 ) ) ;
#4722 = CARTESIAN_POINT ( 'NONE',  ( -7.003979370644812796, -0.4921671565519049607, -19.57130417664052047 ) ) ;
#4723 = AXIS2_PLACEMENT_3D ( 'NONE', #5686, #1437, #8414 ) ;
#4724 = CARTESIAN_POINT ( 'NONE',  ( 4.065133424646679039, 6.760000366359570911, -19.56783322700020733 ) ) ;
#4725 = DIRECTION ( 'NONE',  ( 1.000000000000000000, 0.000000000000000000, 0.000000000000000000 ) ) ;
#4726 = ORIENTED_EDGE ( 'NONE', *, *, #5136, .F. ) ;
#4727 = CIRCLE ( 'NONE', #5898, 1.999999999999999112 ) ;
#4728 = LINE ( 'NONE', #9077, #4278 ) ;
#4729 = ORIENTED_EDGE ( 'NONE', *, *, #5077, .F. ) ;
#4730 = B_SPLINE_CURVE_WITH_KNOTS ( 'NONE', 3,
 ( #8053, #5236, #3061, #1771, #247, #2552, #3152, #5918 ),
 .UNSPECIFIED., .F., .F.,
 ( 4, 2, 2, 4 ),
 ( 4.982613841084487634E-18, 0.0003906005533465412298, 0.0007812011066930774723, 0.001562402213386146922 ),
 .UNSPECIFIED. ) ;
#4731 = CARTESIAN_POINT ( 'NONE',  ( 12.36525929125187773, 5.947473632740958749, -11.28806485272399485 ) ) ;
#4732 = CARTESIAN_POINT ( 'NONE',  ( 0.9999999999997701838, -21.18131433805521624, -6.800000000000000711 ) ) ;
#4733 = DIRECTION ( 'NONE',  ( 1.000000000000000000, 0.000000000000000000, 0.000000000000000000 ) ) ;
#4734 = ADVANCED_FACE ( 'NONE', ( #2325 ), #8097, .T. ) ;
#4735 = CARTESIAN_POINT ( 'NONE',  ( -6.970391156674950572, -1.423532130147089791, 0.000000000000000000 ) ) ;
#4736 = VECTOR ( 'NONE', #7909, 1000.000000000000000 ) ;
#4737 = FACE_OUTER_BOUND ( 'NONE', #1802, .T. ) ;
#4738 = ADVANCED_FACE ( 'NONE', ( #3806 ), #3765, .F. ) ;
#4739 = CARTESIAN_POINT ( 'NONE',  ( 7.624598893639202402, 5.273787899754285746, -20.15000000000000568 ) ) ;
#4740 = ORIENTED_EDGE ( 'NONE', *, *, #2200, .F. ) ;
#4741 = CARTESIAN_POINT ( 'NONE',  ( -3.874400015724229984, -6.639236553013134312, -19.56873656000194117 ) ) ;
#4742 = EDGE_LOOP ( 'NONE', ( #3531, #3362, #8487, #5663 ) ) ;
#4743 = CARTESIAN_POINT ( 'NONE',  ( 17.97217015521252748, 8.775515538703468010, -11.80022346716295090 ) ) ;
#4744 = DIRECTION ( 'NONE',  ( 1.640034363335290055E-15, -2.891823075450670082E-16, 1.000000000000000000 ) ) ;
#4745 = ADVANCED_FACE ( 'NONE', ( #1022 ), #1630, .T. ) ;
#4746 = CARTESIAN_POINT ( 'NONE',  ( 7.713451316238580269, -9.192533317427630024, 0.000000000000000000 ) ) ;
#4747 = CARTESIAN_POINT ( 'NONE',  ( 7.135509010900887183, 5.702427348668909879, -20.14999999999999503 ) ) ;
#4748 = CARTESIAN_POINT ( 'NONE',  ( -16.23890890522624986, 10.53023896615777844, -6.800000000000000711 ) ) ;
#4749 = CIRCLE ( 'NONE', #7695, 2.000000000000028866 ) ;
#4750 = AXIS2_PLACEMENT_3D ( 'NONE', #397, #4695, #7506 ) ;
#4751 = CARTESIAN_POINT ( 'NONE',  ( 0.000000000000000000, 0.000000000000000000, 0.000000000000000000 ) ) ;
#4752 = ADVANCED_FACE ( 'NONE', ( #8008 ), #3057, .F. ) ;
#4753 = EDGE_LOOP ( 'NONE', ( #7147, #7001 ) ) ;
#4754 = ORIENTED_EDGE ( 'NONE', *, *, #6677, .T. ) ;
#4755 = ORIENTED_EDGE ( 'NONE', *, *, #5001, .F. ) ;
#4756 = CARTESIAN_POINT ( 'NONE',  ( -0.5964666187699836364, -9.271422210232030281, -20.14999999999999147 ) ) ;
#4757 = CIRCLE ( 'NONE', #1948, 1.925000000000000488 ) ;
#4758 = VECTOR ( 'NONE', #6603, 1000.000000000000000 ) ;
#4759 = ORIENTED_EDGE ( 'NONE', *, *, #8929, .T. ) ;
#4760 = CARTESIAN_POINT ( 'NONE',  ( 0.5045219435209907788, -12.53011066907213689, -5.926851339482114511 ) ) ;
#4761 = CARTESIAN_POINT ( 'NONE',  ( 17.37934771122550259, 4.685965549630182636, 4.000000000000000000 ) ) ;
#4762 = CARTESIAN_POINT ( 'NONE',  ( 3.332027725622896952, -5.994215077589646334, -20.14999999999999503 ) ) ;
#4763 = CARTESIAN_POINT ( 'NONE',  ( -4.718010566148221230, -5.324769750921366729, -13.13741828360687869 ) ) ;
#4764 = CARTESIAN_POINT ( 'NONE',  ( -3.214150972525783967, 6.389030449853791538, -19.57090948888105331 ) ) ;
#4765 = CONICAL_SURFACE ( 'NONE', #4031, 3.000000000000007994, 0.7853981633974479459 ) ;
#4766 = ORIENTED_EDGE ( 'NONE', *, *, #6568, .F. ) ;
#4767 = DIRECTION ( 'NONE',  ( 0.000000000000000000, 0.000000000000000000, 1.000000000000000000 ) ) ;
#4768 = CARTESIAN_POINT ( 'NONE',  ( -17.28941916244309951, 8.250000000000220268, -11.86602540378445347 ) ) ;
#4769 = CARTESIAN_POINT ( 'NONE',  ( 1.780836621416385546, -18.91814922542083011, -11.98316182374497885 ) ) ;
#4770 = CARTESIAN_POINT ( 'NONE',  ( -10.83288528313429921, -1.910129954336380109, 0.000000000000000000 ) ) ;
#4771 = CARTESIAN_POINT ( 'NONE',  ( -4.441907198139054991, -3.374561382401096044, -19.57571834428470581 ) ) ;
#4772 = DIRECTION ( 'NONE',  ( 1.229522996907299774E-16, 1.409129223562710049E-15, -1.000000000000000000 ) ) ;
#4773 = DIRECTION ( 'NONE',  ( 1.000000000000000000, 0.000000000000000000, 0.000000000000000000 ) ) ;
#4774 = ORIENTED_EDGE ( 'NONE', *, *, #4015, .F. ) ;
#4775 = CYLINDRICAL_SURFACE ( 'NONE', #3383, 12.00000000000000355 ) ;
#4776 = VERTEX_POINT ( 'NONE', #3852 ) ;
#4777 = DIRECTION ( 'NONE',  ( -0.5000000000000093259, -0.8660254037844332675, 0.000000000000000000 ) ) ;
#4778 = DIRECTION ( 'NONE',  ( 0.8660254037844332675, -0.5000000000000093259, -0.000000000000000000 ) ) ;
#4779 = DIRECTION ( 'NONE',  ( -0.000000000000000000, 0.000000000000000000, 1.000000000000000000 ) ) ;
#4780 = CARTESIAN_POINT ( 'NONE',  ( -14.28941916244310306, 8.250000000000241585, -12.00000000000000000 ) ) ;
#4781 = CARTESIAN_POINT ( 'NONE',  ( 16.23890890522645591, 10.53023896615741961, -11.00000000000000000 ) ) ;
#4782 = DIRECTION ( 'NONE',  ( 0.000000000000000000, 0.000000000000000000, -1.000000000000000000 ) ) ;
#4783 = ADVANCED_FACE ( 'NONE', ( #1069 ), #1675, .F. ) ;
#4784 = VERTEX_POINT ( 'NONE', #2637 ) ;
#4785 = LINE ( 'NONE', #720, #6787 ) ;
#4786 = EDGE_LOOP ( 'NONE', ( #2063, #2400, #8058, #874 ) ) ;
#4787 = CARTESIAN_POINT ( 'NONE',  ( 6.449450601783646597, -3.142826619608757976, -0.000000000000000000 ) ) ;
#4788 = CARTESIAN_POINT ( 'NONE',  ( -17.31803753572677351, -0.9648118946463566381, -0.1552996682005059470 ) ) ;
#4789 = CARTESIAN_POINT ( 'NONE',  ( -18.23368793961396506, 8.217823563497592687, -12.00000000000000000 ) ) ;
#4790 = CARTESIAN_POINT ( 'NONE',  ( 7.624907842642080880, 5.273461889941795988, -20.15000000000001990 ) ) ;
#4791 = EDGE_CURVE ( 'NONE', #4619, #2013, #7969, .T. ) ;
#4792 = CARTESIAN_POINT ( 'NONE',  ( -11.25833024919770686, -6.500000000000000000, 2.000000000000000000 ) ) ;
#4793 = CARTESIAN_POINT ( 'NONE',  ( 16.53490730152788402, 11.25304703440466625, -11.89194451125661622 ) ) ;
#4794 = DIRECTION ( 'NONE',  ( 0.000000000000000000, 0.000000000000000000, 1.000000000000000000 ) ) ;
#4795 = EDGE_CURVE ( 'NONE', #2996, #5565, #5412, .T. ) ;
#4796 = ORIENTED_EDGE ( 'NONE', *, *, #7907, .F. ) ;
#4797 = VERTEX_POINT ( 'NONE', #420 ) ;
#4798 = CARTESIAN_POINT ( 'NONE',  ( 1.321232959803672502, -9.052593774388533632, -20.15000000000000568 ) ) ;
#4799 = EDGE_LOOP ( 'NONE', ( #5992, #3299 ) ) ;
#4800 = CARTESIAN_POINT ( 'NONE',  ( 1.601579191825311277, 6.967043634541568053, -0.000000000000000000 ) ) ;
#4801 = CARTESIAN_POINT ( 'NONE',  ( -3.041226104510254657, -14.76767676767672555, -0.4999999999999917843 ) ) ;
#4802 = CARTESIAN_POINT ( 'NONE',  ( 3.337988831125657363, -5.688152277212477514, -20.15000000000000924 ) ) ;
#4803 = EDGE_CURVE ( 'NONE', #4808, #4134, #5603, .T. ) ;
#4804 = CARTESIAN_POINT ( 'NONE',  ( -4.718010566148221230, -5.324769750921366729, 0.000000000000000000 ) ) ;
#4805 = CARTESIAN_POINT ( 'NONE',  ( 0.6938151620722587953, 5.534596240188968785, -19.57571693046084249 ) ) ;
#4806 = ORIENTED_EDGE ( 'NONE', *, *, #7518, .T. ) ;
#4807 = CARTESIAN_POINT ( 'NONE',  ( -10.99581834292182236, 13.61403610137216269, 0.000000000000000000 ) ) ;
#4808 = VERTEX_POINT ( 'NONE', #8228 ) ;
#4809 = ORIENTED_EDGE ( 'NONE', *, *, #3287, .F. ) ;
#4810 = CARTESIAN_POINT ( 'NONE',  ( -11.33992941965992607, 7.701811841411533521, -6.666904682248426361 ) ) ;
#4811 = EDGE_CURVE ( 'NONE', #3683, #4096, #1627, .T. ) ;
#4812 = CARTESIAN_POINT ( 'NONE',  ( 1.031966391333851929, -19.31763451302378343, -11.28806485272400906 ) ) ;
#4813 = AXIS2_PLACEMENT_3D ( 'NONE', #961, #7333, #1005 ) ;
#4814 = DIRECTION ( 'NONE',  ( 0.6427876071498950239, -0.7660444452474752808, 0.000000000000000000 ) ) ;
#4815 = CARTESIAN_POINT ( 'NONE',  ( -7.157836608376848098, -0.4006971525759889241, -19.57085844291944099 ) ) ;
#4816 = CARTESIAN_POINT ( 'NONE',  ( 8.589913868931029484, 4.959389083850708424, -19.55622182909918294 ) ) ;
#4817 = CARTESIAN_POINT ( 'NONE',  ( -5.236359580130367952, 6.048184715067491446, 0.000000000000000000 ) ) ;
#4818 = EDGE_CURVE ( 'NONE', #7252, #4023, #1569, .T. ) ;
#4819 = ADVANCED_FACE ( 'NONE', ( #9018 ), #9070, .T. ) ;
#4820 = AXIS2_PLACEMENT_3D ( 'NONE', #3588, #1503, #2330 ) ;
#4821 = EDGE_LOOP ( 'NONE', ( #707, #8172, #264, #8125 ) ) ;
#4822 = CARTESIAN_POINT ( 'NONE',  ( -10.83288528313429921, -1.910129954336380109, 0.000000000000000000 ) ) ;
#4823 = UNCERTAINTY_MEASURE_WITH_UNIT (LENGTH_MEASURE( 1.000000000000000082E-05 ), #6449, 'distance_accuracy_value', 'NONE');
#4824 = VERTEX_POINT ( 'NONE', #6933 ) ;
#4825 = DIRECTION ( 'NONE',  ( -0.000000000000000000, -0.000000000000000000, -1.000000000000000000 ) ) ;
#4826 = LINE ( 'NONE', #4732, #8301 ) ;
#4827 = DIRECTION ( 'NONE',  ( -0.000000000000000000, -0.000000000000000000, -1.000000000000000000 ) ) ;
#4828 = AXIS2_PLACEMENT_3D ( 'NONE', #435, #6761, #3347 ) ;
#4829 = DIRECTION ( 'NONE',  ( -0.000000000000000000, -0.000000000000000000, -1.000000000000000000 ) ) ;
#4830 = CARTESIAN_POINT ( 'NONE',  ( -1.000000000000231593, -21.18131433805519492, -5.800000000000000711 ) ) ;
#4831 = B_SPLINE_CURVE_WITH_KNOTS ( 'NONE', 3,
 ( #6587, #4380, #4341, #1690, #6545, #7152, #3646, #951, #6452, #8590, #2992, #1562, #260, #3075, #6497, #5887, #5803, #8718, #8633, #7237, #5431, #8246, #4739, #8944, #1738, #2564, #6021, #5938, #1085, #7419, #7370, #2427, #3257, #8856, #8201, #1922, #351, #8901, #5248, #8069, #8767, #3165 ),
 .UNSPECIFIED., .F., .F.,
 ( 4, 2, 2, 2, 2, 2, 2, 2, 2, 2, 2, 2, 2, 2, 2, 2, 2, 2, 2, 2, 4 ),
 ( 0.000000000000000000, 0.06250000000000002776, 0.1250000000000000555, 0.1875000000000000833, 0.2187499999999999722, 0.2499999999999998890, 0.2812499999999997780, 0.3124999999999996669, 0.3437499999999996114, 0.3749999999999995004, 0.4062499999999993894, 0.4374999999999992784, 0.4999999999999994449, 0.6249999999999995559, 0.6874999999999997780, 0.7499999999999998890, 0.7812499999999998890, 0.8124999999999998890, 0.8750000000000001110, 0.9375000000000001110, 1.000000000000000000 ),
 .UNSPECIFIED. ) ;
#4832 = VERTEX_POINT ( 'NONE', #5369 ) ;
#4833 = CARTESIAN_POINT ( 'NONE',  ( -12.68941916244309986, 8.250000000000220268, 4.000000000000000000 ) ) ;
#4834 = AXIS2_PLACEMENT_3D ( 'NONE', #334, #3900, #6749 ) ;
#4835 = EDGE_LOOP ( 'NONE', ( #8448, #2985, #3385, #5815, #9078, #5911 ) ) ;
#4836 = CARTESIAN_POINT ( 'NONE',  ( -7.980840288128298710, 5.805103945072517035, -19.55665222432523365 ) ) ;
#4837 = CARTESIAN_POINT ( 'NONE',  ( -11.39072287801194250, 10.21474302328077854, -0.4858042553406407560 ) ) ;
#4838 = CARTESIAN_POINT ( 'NONE',  ( 7.868373622770524101, 4.979165134165046247, -20.15000000000000924 ) ) ;
#4839 = CARTESIAN_POINT ( 'NONE',  ( 9.159339953157539881E-15, 9.769962616701378818E-14, 0.000000000000000000 ) ) ;
#4840 = VECTOR ( 'NONE', #2617, 999.9999999999998863 ) ;
#4841 = CARTESIAN_POINT ( 'NONE',  ( -14.28941916244309951, 8.250000000000220268, -3.000000000000000888 ) ) ;
#4842 = ORIENTED_EDGE ( 'NONE', *, *, #6222, .F. ) ;
#4843 = ORIENTED_EDGE ( 'NONE', *, *, #6712, .F. ) ;
#4844 = CARTESIAN_POINT ( 'NONE',  ( 3.925725911824117453, -6.129838027734919592, -19.57043724234940285 ) ) ;
#4845 = ORIENTED_EDGE ( 'NONE', *, *, #1925, .F. ) ;
#4846 = LINE ( 'NONE', #6409, #3716 ) ;
#4847 = B_SPLINE_CURVE_WITH_KNOTS ( 'NONE', 3,
 ( #5383, #6758, #7414, #432 ),
 .UNSPECIFIED., .F., .F.,
 ( 4, 4 ),
 ( 0.000000000000000000, 0.0006921188867400623760 ),
 .UNSPECIFIED. ) ;
#4848 = DIRECTION ( 'NONE',  ( -1.000000000000000000, 0.000000000000000000, 0.000000000000000000 ) ) ;
#4849 = CARTESIAN_POINT ( 'NONE',  ( 7.149912271651910345, -0.4052930570450538617, -19.57088100536211073 ) ) ;
#4850 = CIRCLE ( 'NONE', #5584, 0.8999999999999998002 ) ;
#4851 = CARTESIAN_POINT ( 'NONE',  ( -6.970391156674950572, -1.423532130147089791, 0.000000000000000000 ) ) ;
#4852 = CARTESIAN_POINT ( 'NONE',  ( -3.060508705423802045, 6.303427851594934239, -19.57134803824514790 ) ) ;
#4853 = ORIENTED_EDGE ( 'NONE', *, *, #1124, .T. ) ;
#4854 = DIRECTION ( 'NONE',  ( -1.000000000000000000, 0.000000000000000000, 0.000000000000000000 ) ) ;
#4855 = CIRCLE ( 'NONE', #6917, 1.000000000000019762 ) ;
#4856 = ORIENTED_EDGE ( 'NONE', *, *, #7416, .T. ) ;
#4857 = VERTEX_POINT ( 'NONE', #8183 ) ;
#4858 = CARTESIAN_POINT ( 'NONE',  ( 5.551115123125789605E-16, 9.614813431917820561E-16, 2.000000000000000000 ) ) ;
#4859 = EDGE_CURVE ( 'NONE', #7732, #2636, #2727, .T. ) ;
#4860 = DIRECTION ( 'NONE',  ( 1.000000000000000000, 0.000000000000000000, 0.000000000000000000 ) ) ;
#4861 = CARTESIAN_POINT ( 'NONE',  ( -5.327397047745615843, -1.050668369264066815, -20.14999999999999858 ) ) ;
#4862 = CARTESIAN_POINT ( 'NONE',  ( -4.362820932432771137, -3.571841597366419041, -19.57553205831192500 ) ) ;
#4863 = CARTESIAN_POINT ( 'NONE',  ( 6.196410187556434579, 6.791560385008670764, -19.56088091837160903 ) ) ;
#4864 = CARTESIAN_POINT ( 'NONE',  ( 1.549043065844714739, -13.92713619955451243, -11.90088241503187305 ) ) ;
#4865 = EDGE_CURVE ( 'NONE', #5888, #270, #606, .T. ) ;
#4866 = ORIENTED_EDGE ( 'NONE', *, *, #2219, .T. ) ;
#4867 = DIRECTION ( 'NONE',  ( -2.497731614762250109E-15, -2.976680625228960537E-15, -1.000000000000000000 ) ) ;
#4868 = ADVANCED_FACE ( 'NONE', ( #5459 ), #3427, .F. ) ;
#4869 = AXIS2_PLACEMENT_3D ( 'NONE', #3102, #3898, #6700 ) ;
#4870 = ORIENTED_EDGE ( 'NONE', *, *, #7379, .T. ) ;
#4871 = CARTESIAN_POINT ( 'NONE',  ( 12.33992941966007706, 5.969761033842373443, -11.14505695923951123 ) ) ;
#4872 = DIRECTION ( 'NONE',  ( -0.6985411031163110129, -0.1097284250185242144, -0.7071067811865484609 ) ) ;
#4873 = DIRECTION ( 'NONE',  ( -0.000000000000000000, -0.000000000000000000, 1.000000000000000000 ) ) ;
#4874 = EDGE_CURVE ( 'NONE', #8376, #8723, #3328, .T. ) ;
#4875 = B_SPLINE_CURVE_WITH_KNOTS ( 'NONE', 3,
 ( #4097, #769, #6910, #7794, #4930, #1459, #4236, #3595, #6212, #2705 ),
 .UNSPECIFIED., .F., .F.,
 ( 4, 2, 2, 2, 4 ),
 ( 0.000000000000000000, 0.0004087911710026994510, 0.0008175823420053989019, 0.001226373513008098461, 0.001635164684010797804 ),
 .UNSPECIFIED. ) ;
#4876 = CARTESIAN_POINT ( 'NONE',  ( -1.000000000000143663, -12.62701665379255367, -11.00000000000000000 ) ) ;
#4877 = DIRECTION ( 'NONE',  ( 1.000000000000000000, 0.000000000000000000, 0.000000000000000000 ) ) ;
#4878 = AXIS2_PLACEMENT_3D ( 'NONE', #5593, #7871, #7725 ) ;
#4879 = LINE ( 'NONE', #405, #8395 ) ;
#4880 = ORIENTED_EDGE ( 'NONE', *, *, #6987, .F. ) ;
#4881 = CARTESIAN_POINT ( 'NONE',  ( 8.712279823783614319, 4.731296474190357593, -19.55625503163287959 ) ) ;
#4882 = VECTOR ( 'NONE', #1720, 1000.000000000000000 ) ;
#4883 = ORIENTED_EDGE ( 'NONE', *, *, #793, .F. ) ;
#4884 = CARTESIAN_POINT ( 'NONE',  ( -6.177236309512517565, 6.796599598082520899, -19.56093656048510354 ) ) ;
#4885 = EDGE_CURVE ( 'NONE', #8894, #8660, #2646, .T. ) ;
#4886 = CARTESIAN_POINT ( 'NONE',  ( -16.47144156197860809, -0.9703673893550384122, -1.000000000000011324 ) ) ;
#4887 = CARTESIAN_POINT ( 'NONE',  ( 7.993458570424087917, 1.194294823691166796, -20.14999999999997726 ) ) ;
#4888 = CARTESIAN_POINT ( 'NONE',  ( 0.5053135958578505171, -13.54035339697708551, -5.927189904025337519 ) ) ;
#4889 = CIRCLE ( 'NONE', #2378, 12.00000000000000000 ) ;
#4890 = DIRECTION ( 'NONE',  ( -0.000000000000000000, -0.000000000000000000, -1.000000000000000000 ) ) ;
#4891 = VERTEX_POINT ( 'NONE', #4768 ) ;
#4892 = ORIENTED_EDGE ( 'NONE', *, *, #8359, .F. ) ;
#4893 = CARTESIAN_POINT ( 'NONE',  ( -1.374406329591623122, -9.029055133191565830, -20.15000000000001279 ) ) ;
#4894 = ORIENTED_EDGE ( 'NONE', *, *, #66, .T. ) ;
#4895 = CARTESIAN_POINT ( 'NONE',  ( 10.29665824861183765, 7.976615491123578927, -11.97894388834214396 ) ) ;
#4896 = CARTESIAN_POINT ( 'NONE',  ( -5.951177273180223715, 6.242588085562104538, -20.14999999999999858 ) ) ;
#4897 = AXIS2_PLACEMENT_3D ( 'NONE', #198, #5690, #8519 ) ;
#4898 = CARTESIAN_POINT ( 'NONE',  ( -6.589765169465796824, 2.766307014236565553, -0.000000000000000000 ) ) ;
#4899 = AXIS2_PLACEMENT_3D ( 'NONE', #8813, #6026, #2616 ) ;
#4900 = CARTESIAN_POINT ( 'NONE',  ( 6.839015496576517528, 0.1009393547442957589, -20.15000000000000213 ) ) ;
#4901 = CARTESIAN_POINT ( 'NONE',  ( -8.454933688549763460, 5.180126219091788720, -19.55624926904060601 ) ) ;
#4902 = CARTESIAN_POINT ( 'NONE',  ( 2.857480745767551067, -8.839346018734540067, -20.15000000000000924 ) ) ;
#4903 = CARTESIAN_POINT ( 'NONE',  ( 3.529087204941132150, 5.885005561270831187, -20.14999999999999858 ) ) ;
#4904 = VECTOR ( 'NONE', #2435, 1000.000000000000000 ) ;
#4905 = CARTESIAN_POINT ( 'NONE',  ( 0.000000000000000000, 0.000000000000000000, 0.000000000000000000 ) ) ;
#4906 = VECTOR ( 'NONE', #150, 1000.000000000000114 ) ;
#4907 = EDGE_LOOP ( 'NONE', ( #9007, #1201, #1661, #3661 ) ) ;
#4908 = ORIENTED_EDGE ( 'NONE', *, *, #7122, .T. ) ;
#4909 = DIRECTION ( 'NONE',  ( -0.000000000000000000, -0.000000000000000000, 1.000000000000000000 ) ) ;
#4910 = CYLINDRICAL_SURFACE ( 'NONE', #2659, 12.00000000000000355 ) ;
#4911 = DIRECTION ( 'NONE',  ( 0.000000000000000000, 0.000000000000000000, -1.000000000000000000 ) ) ;
#4912 = CARTESIAN_POINT ( 'NONE',  ( -3.925932327195198912, -5.998383758910501129, -19.57085832013947879 ) ) ;
#4913 = CARTESIAN_POINT ( 'NONE',  ( -12.53711511306879878, 5.812392030331512416, -11.65769605086941674 ) ) ;
#4914 = CARTESIAN_POINT ( 'NONE',  ( -16.59989150895625443, 10.16743771240239802, -5.927189904025335743 ) ) ;
#4915 = CARTESIAN_POINT ( 'NONE',  ( -2.308076694259606487, -6.748369234145648043, 0.000000000000000000 ) ) ;
#4916 = VECTOR ( 'NONE', #572, 999.9999999999998863 ) ;
#4917 = EDGE_CURVE ( 'NONE', #2555, #5074, #7580, .T. ) ;
#4918 = ORIENTED_EDGE ( 'NONE', *, *, #187, .F. ) ;
#4919 = DIRECTION ( 'NONE',  ( 0.000000000000000000, 0.000000000000000000, -1.000000000000000000 ) ) ;
#4920 = ORIENTED_EDGE ( 'NONE', *, *, #241, .T. ) ;
#4921 = CARTESIAN_POINT ( 'NONE',  ( 10.03844720411147762, -13.51128767483504589, -0.6677307479773384458 ) ) ;
#4922 = DIRECTION ( 'NONE',  ( 0.8660254037844332675, -0.5000000000000093259, -0.000000000000000000 ) ) ;
#4923 = LINE ( 'NONE', #8332, #4114 ) ;
#4924 = DIRECTION ( 'NONE',  ( -0.8660254037844414832, -0.4999999999999952816, 0.000000000000000000 ) ) ;
#4925 = CARTESIAN_POINT ( 'NONE',  ( 5.785088464349059656, -6.894400007227300620, 3.999999999999949818 ) ) ;
#4926 = ADVANCED_FACE ( 'NONE', ( #1156 ), #1251, .T. ) ;
#4927 = DIRECTION ( 'NONE',  ( 0.8660254037844384856, -0.5000000000000003331, 1.517883041479707194E-15 ) ) ;
#4928 = B_SPLINE_CURVE_WITH_KNOTS ( 'NONE', 3,
 ( #2369, #2457, #423, #3060, #246, #5327, #8099, #985 ),
 .UNSPECIFIED., .F., .F.,
 ( 4, 2, 2, 4 ),
 ( 0.000000000000000000, 0.0006897198902689241065, 0.001034579835403385889, 0.001379439780537847562 ),
 .UNSPECIFIED. ) ;
#4929 = ORIENTED_EDGE ( 'NONE', *, *, #1117, .F. ) ;
#4930 = CARTESIAN_POINT ( 'NONE',  ( -1.217274319087326084, -12.68836108614452662, -11.63624580883335291 ) ) ;
#4931 = ORIENTED_EDGE ( 'NONE', *, *, #5756, .T. ) ;
#4932 = DIRECTION ( 'NONE',  ( -0.000000000000000000, -0.000000000000000000, -1.000000000000000000 ) ) ;
#4933 = DIRECTION ( 'NONE',  ( -1.070456406326679942E-15, -1.275720267955269872E-15, 1.000000000000000000 ) ) ;
#4934 = CARTESIAN_POINT ( 'NONE',  ( 8.079042267271816513, 1.332513961459067531, -20.15000000000004832 ) ) ;
#4935 = CARTESIAN_POINT ( 'NONE',  ( 15.85213728408650979, 10.81335636487125029, -11.83858471799099732 ) ) ;
#4936 = EDGE_CURVE ( 'NONE', #8945, #3326, #586, .T. ) ;
#4937 = ADVANCED_FACE ( 'NONE', ( #1297 ), #7167, .F. ) ;
#4938 = CARTESIAN_POINT ( 'NONE',  ( -17.34355630229908485, 12.32270797659667139, -11.00000000000000000 ) ) ;
#4939 = ORIENTED_EDGE ( 'NONE', *, *, #1784, .F. ) ;
#4940 = ORIENTED_EDGE ( 'NONE', *, *, #2538, .T. ) ;
#4941 = CARTESIAN_POINT ( 'NONE',  ( -1.940594501491087698, -8.702108095423632506, -20.14999999999998792 ) ) ;
#4942 = ORIENTED_EDGE ( 'NONE', *, *, #4067, .F. ) ;
#4943 = DIRECTION ( 'NONE',  ( -0.7071067811865541231, 0.000000000000000000, -0.7071067811865409114 ) ) ;
#4944 = CARTESIAN_POINT ( 'NONE',  ( -3.718643544913723620, 5.994045964566393714, -20.15000000000000213 ) ) ;
#4945 = FACE_OUTER_BOUND ( 'NONE', #6708, .T. ) ;
#4946 = CARTESIAN_POINT ( 'NONE',  ( 3.900562237855950354, -3.133298260409643987, -20.14999999999998792 ) ) ;
#4947 = CARTESIAN_POINT ( 'NONE',  ( -7.210422733650879934, 6.363236610212006816, -19.55823811556888714 ) ) ;
#4948 = CARTESIAN_POINT ( 'NONE',  ( 3.037845862820826248, 6.429570170982480626, 0.000000000000000000 ) ) ;
#4949 = CARTESIAN_POINT ( 'NONE',  ( 3.188965892357725984, 5.699793581545944399, -20.15000000000000213 ) ) ;
#4950 = ORIENTED_EDGE ( 'NONE', *, *, #8241, .T. ) ;
#4951 = CYLINDRICAL_SURFACE ( 'NONE', #6172, 1.000000000000000000 ) ;
#4952 = ORIENTED_EDGE ( 'NONE', *, *, #8822, .T. ) ;
#4953 = ORIENTED_EDGE ( 'NONE', *, *, #1311, .T. ) ;
#4954 = DIRECTION ( 'NONE',  ( -1.000000000000000000, 0.000000000000000000, 0.000000000000000000 ) ) ;
#4955 = CARTESIAN_POINT ( 'NONE',  ( 17.49999999999999645, 6.268901968980452702E-29, 0.000000000000000000 ) ) ;
#4956 = CARTESIAN_POINT ( 'NONE',  ( -1.000000000000144329, -12.62701665379255367, -6.667379162120081304 ) ) ;
#4957 = CARTESIAN_POINT ( 'NONE',  ( -3.927414211623895923, -5.856214278933498107, -19.57121426840477696 ) ) ;
#4958 = CARTESIAN_POINT ( 'NONE',  ( 3.499946876327826750, -16.51928374655652831, 0.000000000000000000 ) ) ;
#4959 = CARTESIAN_POINT ( 'NONE',  ( -8.519390632874248581, 3.136153323299466056, -20.14999999999999147 ) ) ;
#4960 = CARTESIAN_POINT ( 'NONE',  ( 2.736724009889446307, 6.112247956945914495, -20.14999999999999503 ) ) ;
#4961 = ORIENTED_EDGE ( 'NONE', *, *, #1636, .F. ) ;
#4962 = AXIS2_PLACEMENT_3D ( 'NONE', #1915, #4089, #8287 ) ;
#4963 = CARTESIAN_POINT ( 'NONE',  ( -12.11044710970864635, 12.07257515209366616, 4.000000000000000000 ) ) ;
#4964 = VECTOR ( 'NONE', #6264, 1000.000000000000000 ) ;
#4965 = ORIENTED_EDGE ( 'NONE', *, *, #6507, .T. ) ;
#4966 = CYLINDRICAL_SURFACE ( 'NONE', #3352, 0.9999999999999772404 ) ;
#4967 = CARTESIAN_POINT ( 'NONE',  ( 3.409681152544836724, -7.943215150707479744, -19.56403051140921079 ) ) ;
#4968 = CYLINDRICAL_SURFACE ( 'NONE', #2048, 18.00000000000000000 ) ;
#4969 = CARTESIAN_POINT ( 'NONE',  ( -2.736161146605239569, 7.517540966287299398, 2.000000000000000000 ) ) ;
#4970 = CARTESIAN_POINT ( 'NONE',  ( -12.74783906285120949, 12.70797384430912302, 0.000000000000000000 ) ) ;
#4971 = LINE ( 'NONE', #4925, #322 ) ;
#4972 = EDGE_CURVE ( 'NONE', #4570, #3650, #1172, .T. ) ;
#4973 = CARTESIAN_POINT ( 'NONE',  ( 13.78730854217089963, -2.431074487337230305, 3.999999999999949818 ) ) ;
#4974 = EDGE_LOOP ( 'NONE', ( #4755, #2229, #8636, #7946, #8427, #8028, #3828, #6420, #8006, #6869, #8017 ) ) ;
#4975 = CARTESIAN_POINT ( 'NONE',  ( -5.142300877492400168, -6.128355544951749501, 3.999999999999949818 ) ) ;
#4976 = AXIS2_PLACEMENT_3D ( 'NONE', #4780, #6113, #7593 ) ;
#4977 = EDGE_CURVE ( 'NONE', #2084, #4560, #3662, .T. ) ;
#4978 = ORIENTED_EDGE ( 'NONE', *, *, #5042, .T. ) ;
#4979 = CARTESIAN_POINT ( 'NONE',  ( -8.988582260878306585, 2.003214246339344751, -19.56078632945089524 ) ) ;
#4980 = CARTESIAN_POINT ( 'NONE',  ( 12.55614593867742812, 11.29068478007414988, 4.000000000000000000 ) ) ;
#4981 = ADVANCED_FACE ( 'NONE', ( #6468 ), #7771, .T. ) ;
#4982 = CARTESIAN_POINT ( 'NONE',  ( 6.816979986529679181, 6.571631700772615936, -19.55918664115450767 ) ) ;
#4983 = DIRECTION ( 'NONE',  ( 0.000000000000000000, 0.000000000000000000, -1.000000000000000000 ) ) ;
#4984 = CYLINDRICAL_SURFACE ( 'NONE', #2593, 3.000000000000000888 ) ;
#4985 = AXIS2_PLACEMENT_3D ( 'NONE', #2976, #5792, #2836 ) ;
#4986 = VERTEX_POINT ( 'NONE', #3518 ) ;
#4987 = CARTESIAN_POINT ( 'NONE',  ( 3.823173506605729965, -6.894462474854723411, -19.56785402846607624 ) ) ;
#4988 = EDGE_CURVE ( 'NONE', #283, #2463, #3546, .T. ) ;
#4989 = VERTEX_POINT ( 'NONE', #6329 ) ;
#4990 = LINE ( 'NONE', #136, #1943 ) ;
#4991 = CARTESIAN_POINT ( 'NONE',  ( -9.110820912706648400, 11.28020134113692663, -12.00000000000000000 ) ) ;
#4992 = DIRECTION ( 'NONE',  ( 0.000000000000000000, 0.000000000000000000, -1.000000000000000000 ) ) ;
#4993 = CARTESIAN_POINT ( 'NONE',  ( 6.857949377299290106, 0.1119465964476768355, -20.15000000000001990 ) ) ;
#4994 = ADVANCED_FACE ( 'NONE', ( #1344 ), #7673, .F. ) ;
#4995 = CARTESIAN_POINT ( 'NONE',  ( -9.026931120069781045, 3.830159514631143125, -19.55698644262465180 ) ) ;
#4996 = CARTESIAN_POINT ( 'NONE',  ( -1.688143834696611778, 5.653079883399032113, -12.75101354849710233 ) ) ;
#4997 = VECTOR ( 'NONE', #8629, 1000.000000000000000 ) ;
#4998 = CARTESIAN_POINT ( 'NONE',  ( 3.500560767591686773, 5.868658650793422638, -20.14999999999999503 ) ) ;
#4999 = ORIENTED_EDGE ( 'NONE', *, *, #8711, .T. ) ;
#5000 = CARTESIAN_POINT ( 'NONE',  ( 15.55409312057480342, 4.986474332929847542, 0.000000000000000000 ) ) ;
#5001 = EDGE_CURVE ( 'NONE', #955, #7059, #5890, .T. ) ;
#5002 = ORIENTED_EDGE ( 'NONE', *, *, #862, .F. ) ;
#5003 = ORIENTED_EDGE ( 'NONE', *, *, #4575, .F. ) ;
#5004 = CARTESIAN_POINT ( 'NONE',  ( 11.84555251521140207, 5.080744897110037961, -11.88776304758760638 ) ) ;
#5005 = AXIS2_PLACEMENT_3D ( 'NONE', #2501, #4630, #372 ) ;
#5006 = CARTESIAN_POINT ( 'NONE',  ( 0.000000000000000000, 0.000000000000000000, 2.000000000000000000 ) ) ;
#5007 = CARTESIAN_POINT ( 'NONE',  ( 14.77211629518309977, -2.604722665004169713, 3.999999999999949818 ) ) ;
#5008 = CARTESIAN_POINT ( 'NONE',  ( -6.727340469845358051, 0.03471472928403431663, -20.15000000000003055 ) ) ;
#5009 = CARTESIAN_POINT ( 'NONE',  ( 9.076083591174713305, -13.77950313494682177, -0.9999999999999974465 ) ) ;
#5010 = CARTESIAN_POINT ( 'NONE',  ( -7.226914497196023746, 0.3573149192122805906, -20.15000000000000213 ) ) ;
#5011 = CARTESIAN_POINT ( 'NONE',  ( 1.686705740360820549, 5.656470920695711335, -20.15000000000000924 ) ) ;
#5012 = ORIENTED_EDGE ( 'NONE', *, *, #174, .F. ) ;
#5013 = CARTESIAN_POINT ( 'NONE',  ( -3.506623387193939531E-13, -5.999999999999777067, -13.14999999999999858 ) ) ;
#5014 = VERTEX_POINT ( 'NONE', #4170 ) ;
#5015 = CARTESIAN_POINT ( 'NONE',  ( 11.80458029230556072, 10.72395465734883402, -0.2560331597933805381 ) ) ;
#5016 = AXIS2_PLACEMENT_3D ( 'NONE', #1355, #3300, #7588 ) ;
#5017 = CARTESIAN_POINT ( 'NONE',  ( -2.414872445836692361, -9.129575033669000916, -19.55942728584747314 ) ) ;
#5018 = LINE ( 'NONE', #7838, #6136 ) ;
#5019 = CARTESIAN_POINT ( 'NONE',  ( 10.99581834292226290, 13.61403610137178433, 0.000000000000000000 ) ) ;
#5020 = CARTESIAN_POINT ( 'NONE',  ( 7.007534138329005735, -1.146013927437381952, 0.000000000000000000 ) ) ;
#5021 = AXIS2_PLACEMENT_3D ( 'NONE', #5277, #4539, #5962 ) ;
#5022 = DIRECTION ( 'NONE',  ( 0.000000000000000000, 0.000000000000000000, -1.000000000000000000 ) ) ;
#5023 = ORIENTED_EDGE ( 'NONE', *, *, #3345, .T. ) ;
#5024 = CARTESIAN_POINT ( 'NONE',  ( -17.84355630229909551, 11.45668257281223745, -6.800000000000000711 ) ) ;
#5025 = CARTESIAN_POINT ( 'NONE',  ( -11.28941916244310129, 8.250000000000218492, -11.86602540378445170 ) ) ;
#5026 = FACE_OUTER_BOUND ( 'NONE', #1333, .T. ) ;
#5027 = AXIS2_PLACEMENT_3D ( 'NONE', #7127, #2134, #7077 ) ;
#5028 = CARTESIAN_POINT ( 'NONE',  ( 5.007591951020957666, 6.918926567328829158, -19.56458002970298082 ) ) ;
#5029 = CARTESIAN_POINT ( 'NONE',  ( -1.506460456319277372E-13, -13.50000000000000000, -5.800000000000000711 ) ) ;
#5030 = EDGE_CURVE ( 'NONE', #4469, #6140, #3569, .T. ) ;
#5031 = CARTESIAN_POINT ( 'NONE',  ( -17.36494312029017095, -2.169965536382373550, 0.000000000000000000 ) ) ;
#5032 = VECTOR ( 'NONE', #5233, 1000.000000000000000 ) ;
#5033 = ORIENTED_EDGE ( 'NONE', *, *, #3583, .F. ) ;
#5034 = CARTESIAN_POINT ( 'NONE',  ( -1.520997624208939580, -8.958235622878930826, -20.14999999999999503 ) ) ;
#5035 = ORIENTED_EDGE ( 'NONE', *, *, #349, .T. ) ;
#5036 = DIRECTION ( 'NONE',  ( -1.000000000000000000, 0.000000000000000000, 0.000000000000000000 ) ) ;
#5037 = CARTESIAN_POINT ( 'NONE',  ( -7.137098227377397741, 0.3732135829319835341, -0.000000000000000000 ) ) ;
#5038 = CARTESIAN_POINT ( 'NONE',  ( 5.964414566214609970, -0.4870697706803451266, -20.15000000000001990 ) ) ;
#5039 = CARTESIAN_POINT ( 'NONE',  ( 2.736724009889446307, 6.112247956945914495, -20.14999999999999503 ) ) ;
#5040 = CIRCLE ( 'NONE', #7851, 1.325000000000180478 ) ;
#5041 = CARTESIAN_POINT ( 'NONE',  ( 2.414283134500423422, 5.352833966626667106, -20.15000000000001990 ) ) ;
#5042 = EDGE_CURVE ( 'NONE', #5445, #6373, #749, .T. ) ;
#5043 = VERTEX_POINT ( 'NONE', #2231 ) ;
#5044 = CARTESIAN_POINT ( 'NONE',  ( 0.000000000000000000, 0.000000000000000000, 4.000000000000000000 ) ) ;
#5045 = ORIENTED_EDGE ( 'NONE', *, *, #6255, .T. ) ;
#5046 = ORIENTED_EDGE ( 'NONE', *, *, #4977, .T. ) ;
#5047 = CARTESIAN_POINT ( 'NONE',  ( 11.43531719619355869, 5.447482923111757636, -11.00000000000000000 ) ) ;
#5048 = AXIS2_PLACEMENT_3D ( 'NONE', #3332, #4172, #6888 ) ;
#5049 = CARTESIAN_POINT ( 'NONE',  ( 11.33992941966018719, 7.701811841411315029, -11.00000000000000000 ) ) ;
#5050 = CYLINDRICAL_SURFACE ( 'NONE', #1065, 2.000000000000000444 ) ;
#5051 = CARTESIAN_POINT ( 'NONE',  ( -3.926027760944592604, -5.969013262247831797, -19.57093223433517792 ) ) ;
#5052 = CARTESIAN_POINT ( 'NONE',  ( 8.356238925925119077, -9.958577760546599933, 3.999999999999949818 ) ) ;
#5053 = CARTESIAN_POINT ( 'NONE',  ( -7.700113188034041656, 0.8040361267338798079, -20.14999999999999147 ) ) ;
#5054 = CARTESIAN_POINT ( 'NONE',  ( -0.0001121698234333393801, 5.409469420147171803, -12.74094778141400397 ) ) ;
#5055 = CIRCLE ( 'NONE', #5920, 1.600000000000000089 ) ;
#5056 = AXIS2_PLACEMENT_3D ( 'NONE', #9101, #2809, #9151 ) ;
#5057 = VERTEX_POINT ( 'NONE', #2040 ) ;
#5058 = EDGE_CURVE ( 'NONE', #9016, #6128, #159, .T. ) ;
#5059 = CARTESIAN_POINT ( 'NONE',  ( 10.75900807508152646, 6.364851374914993976, -5.800000000000000711 ) ) ;
#5060 = EDGE_LOOP ( 'NONE', ( #4796, #2144, #9111, #5496 ) ) ;
#5061 = CIRCLE ( 'NONE', #625, 3.499999999999999556 ) ;
#5062 = DIRECTION ( 'NONE',  ( -0.000000000000000000, -0.000000000000000000, 1.000000000000000000 ) ) ;
#5063 = AXIS2_PLACEMENT_3D ( 'NONE', #2729, #8467, #9119 ) ;
#5064 = LINE ( 'NONE', #5832, #8893 ) ;
#5065 = CARTESIAN_POINT ( 'NONE',  ( 1.757689752586102161, -8.825758522839308284, -20.14999999999999503 ) ) ;
#5066 = CARTESIAN_POINT ( 'NONE',  ( 3.234122568066576608, 6.400493083177551945, -19.57085013203225898 ) ) ;
#5067 = AXIS2_PLACEMENT_3D ( 'NONE', #6938, #8325, #9121 ) ;
#5068 = DIRECTION ( 'NONE',  ( 0.000000000000000000, 0.000000000000000000, -1.000000000000000000 ) ) ;
#5069 = ORIENTED_EDGE ( 'NONE', *, *, #3685, .T. ) ;
#5070 = CARTESIAN_POINT ( 'NONE',  ( 11.25833024919784009, 6.499999999999825029, 0.000000000000000000 ) ) ;
#5071 = CARTESIAN_POINT ( 'NONE',  ( 8.381336715503135082, 0.5360068965513410388, -20.14999999999997371 ) ) ;
#5072 = CARTESIAN_POINT ( 'NONE',  ( 7.294172307654297249, 6.311135599462054380, -19.55805000682249783 ) ) ;
#5073 = DIRECTION ( 'NONE',  ( 0.000000000000000000, 0.000000000000000000, -1.000000000000000000 ) ) ;
#5074 = VERTEX_POINT ( 'NONE', #3472 ) ;
#5075 = CARTESIAN_POINT ( 'NONE',  ( 2.817541292224686966, -8.728079284537152205, -19.56101517881224794 ) ) ;
#5076 = VERTEX_POINT ( 'NONE', #6281 ) ;
#5077 = EDGE_CURVE ( 'NONE', #8645, #7856, #4264, .T. ) ;
#5078 = LINE ( 'NONE', #2265, #2336 ) ;
#5079 = CARTESIAN_POINT ( 'NONE',  ( 5.330211461943179074, -1.044799325341803309, -20.15000000000000568 ) ) ;
#5080 = CARTESIAN_POINT ( 'NONE',  ( -7.826289481446627505, 5.906287078210811003, -19.55699349196119741 ) ) ;
#5081 = CARTESIAN_POINT ( 'NONE',  ( -3.743519302641370672, 6.071213333782122135, -13.14533457493036117 ) ) ;
#5082 = CARTESIAN_POINT ( 'NONE',  ( 3.521696004988412732, 5.880755768757200741, -20.14999999999998792 ) ) ;
#5083 = ORIENTED_EDGE ( 'NONE', *, *, #8805, .F. ) ;
#5084 = LINE ( 'NONE', #4481, #1610 ) ;
#5085 = ORIENTED_EDGE ( 'NONE', *, *, #1997, .F. ) ;
#5086 = EDGE_LOOP ( 'NONE', ( #5741, #3139, #4446, #2745 ) ) ;
#5087 = DIRECTION ( 'NONE',  ( -1.000000000000000000, 0.000000000000000000, 0.000000000000000000 ) ) ;
#5088 = DIRECTION ( 'NONE',  ( 1.000000000000000000, 0.000000000000000000, 0.000000000000000000 ) ) ;
#5089 = DIRECTION ( 'NONE',  ( 1.331983246649589957E-16, 1.526556658859590046E-15, -1.000000000000000000 ) ) ;
#5090 = EDGE_CURVE ( 'NONE', #9097, #8261, #2225, .T. ) ;
#5091 = CARTESIAN_POINT ( 'NONE',  ( -3.926670333094457455, -5.901287537298720132, -19.57110197369270921 ) ) ;
#5092 = LINE ( 'NONE', #7912, #8617 ) ;
#5093 = CARTESIAN_POINT ( 'NONE',  ( -8.437135529065530548, 2.245654757641014854, -20.15000000000000568 ) ) ;
#5094 = CARTESIAN_POINT ( 'NONE',  ( 4.690220843757721525, 5.373037668184395876, 0.000000000000000000 ) ) ;
#5095 = EDGE_CURVE ( 'NONE', #4134, #3479, #1029, .T. ) ;
#5096 = VERTEX_POINT ( 'NONE', #745 ) ;
#5097 = DIRECTION ( 'NONE',  ( 0.000000000000000000, 0.000000000000000000, 1.000000000000000000 ) ) ;
#5098 = CARTESIAN_POINT ( 'NONE',  ( -7.121152422707091034, 3.000000000000417000, -13.75000000000000355 ) ) ;
#5099 = ORIENTED_EDGE ( 'NONE', *, *, #1887, .T. ) ;
#5100 = EDGE_CURVE ( 'NONE', #7208, #8645, #5427, .T. ) ;
#5101 = CARTESIAN_POINT ( 'NONE',  ( -17.88995609186455837, 8.941925284205813895, -11.61537670691496693 ) ) ;
#5102 = CARTESIAN_POINT ( 'NONE',  ( -1.000000000000153877, -13.67157287525377285, -3.000000000000000888 ) ) ;
#5103 = CARTESIAN_POINT ( 'NONE',  ( 2.706663561264017304, -7.939428301448997694, -20.14999999999999858 ) ) ;
#5104 = CARTESIAN_POINT ( 'NONE',  ( -7.127904396811288734, -0.4181990494501657274, -19.57094454082523427 ) ) ;
#5105 = EDGE_CURVE ( 'NONE', #3033, #4808, #2366, .T. ) ;
#5106 = VECTOR ( 'NONE', #3484, 1000.000000000000114 ) ;
#5107 = DIRECTION ( 'NONE',  ( -1.000000000000000000, 0.000000000000000000, 0.000000000000000000 ) ) ;
#5108 = VERTEX_POINT ( 'NONE', #6601 ) ;
#5109 = FACE_OUTER_BOUND ( 'NONE', #1458, .T. ) ;
#5110 = VECTOR ( 'NONE', #2669, 1000.000000000000000 ) ;
#5111 = CARTESIAN_POINT ( 'NONE',  ( 6.661724009889393727, -0.6860514627619563877, -20.14999999999999503 ) ) ;
#5112 = CARTESIAN_POINT ( 'NONE',  ( 8.559675259883322340, 5.011876030430728157, -19.55622159298761531 ) ) ;
#5113 = SHAPE_DEFINITION_REPRESENTATION ( #1448, #1736 ) ;
#5114 = AXIS2_PLACEMENT_3D ( 'NONE', #292, #8843, #8013 ) ;
#5115 = DIRECTION ( 'NONE',  ( 0.004116801034301951698, -0.7070947970033737429, -0.7071067811865486830 ) ) ;
#5116 = ORIENTED_EDGE ( 'NONE', *, *, #7071, .F. ) ;
#5117 = CARTESIAN_POINT ( 'NONE',  ( 1.961124789816570013, -9.396354301003805531, -19.55835821826372012 ) ) ;
#5118 = ORIENTED_EDGE ( 'NONE', *, *, #7494, .T. ) ;
#5119 = DIRECTION ( 'NONE',  ( 0.000000000000000000, 0.000000000000000000, 1.000000000000000000 ) ) ;
#5120 = DIRECTION ( 'NONE',  ( -0.000000000000000000, -0.000000000000000000, -1.000000000000000000 ) ) ;
#5121 = CARTESIAN_POINT ( 'NONE',  ( 5.791931245427595520, 6.274379596248080837, -20.15000000000000213 ) ) ;
#5122 = LINE ( 'NONE', #5167, #9030 ) ;
#5123 = CARTESIAN_POINT ( 'NONE',  ( 1.222453369766006936, 5.015181869574558249, -20.15000000000000924 ) ) ;
#5124 = ORIENTED_EDGE ( 'NONE', *, *, #1317, .F. ) ;
#5125 = DIRECTION ( 'NONE',  ( -0.8660254037844387076, -0.4999999999999998890, 1.401122807519728488E-15 ) ) ;
#5126 = ORIENTED_EDGE ( 'NONE', *, *, #5058, .F. ) ;
#5127 = ORIENTED_EDGE ( 'NONE', *, *, #2110, .F. ) ;
#5128 = CARTESIAN_POINT ( 'NONE',  ( 17.45258420966130330, 9.771237425492282469, -5.799999999999998046 ) ) ;
#5129 = CARTESIAN_POINT ( 'NONE',  ( 16.74691623184751776, 9.974925016062291760, -5.827035454541356962 ) ) ;
#5130 = LINE ( 'NONE', #7952, #2536 ) ;
#5131 = CARTESIAN_POINT ( 'NONE',  ( -3.332817855346425162, -5.893011945522283135, -20.15000000000000213 ) ) ;
#5132 = CARTESIAN_POINT ( 'NONE',  ( 5.747993035149489671, -1.466941046062361087, -19.57463980703721873 ) ) ;
#5133 = AXIS2_PLACEMENT_3D ( 'NONE', #5280, #7402, #7354 ) ;
#5134 = CARTESIAN_POINT ( 'NONE',  ( -5.031154871483841440, 6.325397244552800835, -20.14999999999998437 ) ) ;
#5135 = CARTESIAN_POINT ( 'NONE',  ( -3.672108048166250249, 6.652292183240691159, -12.76297586611199009 ) ) ;
#5136 = EDGE_CURVE ( 'NONE', #2240, #6743, #8113, .T. ) ;
#5137 = B_SPLINE_CURVE_WITH_KNOTS ( 'NONE', 3,
 ( #6769, #1091, #8300, #4697, #1838, #443 ),
 .UNSPECIFIED., .F., .F.,
 ( 4, 2, 4 ),
 ( 0.001076535190354242343, 0.001393975970162444076, 0.001711416749970645808 ),
 .UNSPECIFIED. ) ;
#5138 = EDGE_CURVE ( 'NONE', #544, #4099, #8573, .T. ) ;
#5139 = EDGE_LOOP ( 'NONE', ( #8911, #122, #5977, #4238, #5855, #371, #8051, #2602, #5568, #5916, #3517, #7374, #7440, #7450, #2486, #1461, #1693, #671 ) ) ;
#5140 = AXIS2_PLACEMENT_3D ( 'NONE', #1558, #8583, #7931 ) ;
#5141 = CARTESIAN_POINT ( 'NONE',  ( 5.440514933133162145, -0.9380540132660160069, -20.14999999999999858 ) ) ;
#5142 = DIRECTION ( 'NONE',  ( -0.9848077530122054668, 0.1736481776669450972, 0.000000000000000000 ) ) ;
#5143 = VERTEX_POINT ( 'NONE', #8646 ) ;
#5144 = CARTESIAN_POINT ( 'NONE',  ( 1.178669125964988342E-28, 6.268901968980452702E-29, 0.000000000000000000 ) ) ;
#5145 = CARTESIAN_POINT ( 'NONE',  ( 3.538624883826210432, -7.695888892692481775, -19.56495340675733274 ) ) ;
#5146 = DIRECTION ( 'NONE',  ( -3.826746837727660808E-15, -6.747587746281190051E-16, 1.000000000000000000 ) ) ;
#5147 = AXIS2_PLACEMENT_3D ( 'NONE', #5154, #7277, #946 ) ;
#5148 = CARTESIAN_POINT ( 'NONE',  ( 3.232803422345944977, 6.399734334075182218, -19.57085522147972156 ) ) ;
#5149 = EDGE_CURVE ( 'NONE', #2624, #4480, #3394, .T. ) ;
#5150 = LINE ( 'NONE', #6707, #576 ) ;
#5151 = CIRCLE ( 'NONE', #3082, 2.000000000000001776 ) ;
#5152 = ORIENTED_EDGE ( 'NONE', *, *, #2887, .F. ) ;
#5153 = EDGE_CURVE ( 'NONE', #6779, #6745, #4572, .T. ) ;
#5154 = CARTESIAN_POINT ( 'NONE',  ( 9.912296794784569530E-15, 5.949667257334969512E-16, 2.000000000000000000 ) ) ;
#5155 = CARTESIAN_POINT ( 'NONE',  ( 7.597108048166213656, -0.1460072364671148315, -20.14999999999999858 ) ) ;
#5156 = CARTESIAN_POINT ( 'NONE',  ( 9.111755738679923056, 3.190621481720616437, -19.55799409628260932 ) ) ;
#5157 = AXIS2_PLACEMENT_3D ( 'NONE', #5013, #2286, #4275 ) ;
#5158 = DIRECTION ( 'NONE',  ( -0.000000000000000000, -0.000000000000000000, -1.000000000000000000 ) ) ;
#5159 = EDGE_CURVE ( 'NONE', #8891, #7371, #590, .T. ) ;
#5160 = ORIENTED_EDGE ( 'NONE', *, *, #1545, .F. ) ;
#5161 = CARTESIAN_POINT ( 'NONE',  ( 2.948892534471251548, -8.585815446469965195, -19.56157310826738893 ) ) ;
#5162 = AXIS2_PLACEMENT_3D ( 'NONE', #6143, #8971, #557 ) ;
#5163 = ORIENTED_EDGE ( 'NONE', *, *, #7458, .F. ) ;
#5164 = CYLINDRICAL_SURFACE ( 'NONE', #6308, 1.000000000000000000 ) ;
#5165 = CARTESIAN_POINT ( 'NONE',  ( -3.499946876328350776, -16.51928374655641818, 0.000000000000000000 ) ) ;
#5166 = CARTESIAN_POINT ( 'NONE',  ( 5.143922536837269632, 6.328799126519364826, -20.14999999999997726 ) ) ;
#5167 = CARTESIAN_POINT ( 'NONE',  ( 18.29884389200625350, 8.255441370150101932, -12.00000000000000000 ) ) ;
#5168 = CARTESIAN_POINT ( 'NONE',  ( -3.521701937977630426, 5.880759058187316590, -20.14999999999999147 ) ) ;
#5169 = AXIS2_PLACEMENT_3D ( 'NONE', #5642, #5547, #4954 ) ;
#5170 = ORIENTED_EDGE ( 'NONE', *, *, #4034, .T. ) ;
#5171 = FACE_OUTER_BOUND ( 'NONE', #8124, .T. ) ;
#5172 = ORIENTED_EDGE ( 'NONE', *, *, #7400, .T. ) ;
#5173 = EDGE_CURVE ( 'NONE', #4144, #7422, #193, .T. ) ;
#5174 = ORIENTED_EDGE ( 'NONE', *, *, #7176, .F. ) ;
#5175 = FACE_OUTER_BOUND ( 'NONE', #1557, .T. ) ;
#5176 = DIRECTION ( 'NONE',  ( 1.000000000000000000, 0.000000000000000000, 0.000000000000000000 ) ) ;
#5177 = CARTESIAN_POINT ( 'NONE',  ( -1.925000000000517408, -5.999999999999777067, -13.14999999999999858 ) ) ;
#5178 = CARTESIAN_POINT ( 'NONE',  ( -3.333258067544701220, -5.863872144578039958, -20.14999999999995950 ) ) ;
#5179 = CIRCLE ( 'NONE', #1186, 10.00000000000000178 ) ;
#5180 = CYLINDRICAL_SURFACE ( 'NONE', #905, 1.000000000000029754 ) ;
#5181 = EDGE_CURVE ( 'NONE', #4694, #4660, #7976, .T. ) ;
#5182 = CARTESIAN_POINT ( 'NONE',  ( -6.466175221027921083, 6.074992676214510112, -20.15000000000000568 ) ) ;
#5183 = CARTESIAN_POINT ( 'NONE',  ( 9.083838577948762705, 1.945022092707630046, -12.72851464022891399 ) ) ;
#5184 = VERTEX_POINT ( 'NONE', #4395 ) ;
#5185 = AXIS2_PLACEMENT_3D ( 'NONE', #3366, #5403, #8219 ) ;
#5186 = DIRECTION ( 'NONE',  ( 0.000000000000000000, 0.000000000000000000, 1.000000000000000000 ) ) ;
#5187 = DIRECTION ( 'NONE',  ( 0.000000000000000000, 0.000000000000000000, -1.000000000000000000 ) ) ;
#5188 = DIRECTION ( 'NONE',  ( 0.000000000000000000, 0.000000000000000000, -1.000000000000000000 ) ) ;
#5189 = ORIENTED_EDGE ( 'NONE', *, *, #7471, .T. ) ;
#5190 = DIRECTION ( 'NONE',  ( -0.3420201153206509082, 0.9396926309789008780, 0.000000000000000000 ) ) ;
#5191 = DIRECTION ( 'NONE',  ( 0.8660254037844413721, 0.4999999999999952260, 0.000000000000000000 ) ) ;
#5192 = DIRECTION ( 'NONE',  ( 0.000000000000000000, 0.000000000000000000, -1.000000000000000000 ) ) ;
#5193 = ADVANCED_FACE ( 'NONE', ( #4438 ), #7386, .F. ) ;
#5194 = AXIS2_PLACEMENT_3D ( 'NONE', #2998, #8117, #8030 ) ;
#5195 = CARTESIAN_POINT ( 'NONE',  ( 2.917756373858428454, 6.228167844557400912, -19.57173999632702888 ) ) ;
#5196 = FACE_OUTER_BOUND ( 'NONE', #3706, .T. ) ;
#5197 = AXIS2_PLACEMENT_3D ( 'NONE', #491, #1930, #6726 ) ;
#5198 = AXIS2_PLACEMENT_3D ( 'NONE', #3571, #1394, #2965 ) ;
#5199 = ORIENTED_EDGE ( 'NONE', *, *, #4537, .T. ) ;
#5200 = FACE_BOUND ( 'NONE', #8913, .T. ) ;
#5201 = DIRECTION ( 'NONE',  ( 0.9848077530122061329, 0.1736481776669409893, 0.000000000000000000 ) ) ;
#5202 = CARTESIAN_POINT ( 'NONE',  ( 12.33992941966007528, 5.969761033842371667, -11.00000000000000000 ) ) ;
#5203 = EDGE_CURVE ( 'NONE', #1614, #4235, #5753, .T. ) ;
#5204 = CARTESIAN_POINT ( 'NONE',  ( -0.5137812952128490984, -9.924999999999968736, -20.15000000000000213 ) ) ;
#5205 = CARTESIAN_POINT ( 'NONE',  ( 8.526304923212459030, 5.066614645530727046, -19.55622803863392534 ) ) ;
#5206 = AXIS2_PLACEMENT_3D ( 'NONE', #6063, #4090, #4136 ) ;
#5207 = CARTESIAN_POINT ( 'NONE',  ( -4.841719925085108400, -2.601903990909617548, -20.14999999999999858 ) ) ;
#5208 = ORIENTED_EDGE ( 'NONE', *, *, #6434, .F. ) ;
#5209 = CARTESIAN_POINT ( 'NONE',  ( -0.6394504897975036295, -9.866673491380536731, -19.55643747739539151 ) ) ;
#5210 = ORIENTED_EDGE ( 'NONE', *, *, #5159, .F. ) ;
#5211 = CARTESIAN_POINT ( 'NONE',  ( 0.000000000000000000, 0.000000000000000000, 0.000000000000000000 ) ) ;
#5212 = EDGE_CURVE ( 'NONE', #3326, #8438, #1774, .T. ) ;
#5213 = FACE_OUTER_BOUND ( 'NONE', #4753, .T. ) ;
#5214 = CARTESIAN_POINT ( 'NONE',  ( -3.271152422706193441, 3.000000000000417444, -20.14999999999999858 ) ) ;
#5215 = CARTESIAN_POINT ( 'NONE',  ( -4.054329927640977438, 6.756719512158229080, -19.56787132542313756 ) ) ;
#5216 = DIRECTION ( 'NONE',  ( -1.000000000000000000, 0.000000000000000000, 0.000000000000000000 ) ) ;
#5217 = CARTESIAN_POINT ( 'NONE',  ( -3.437077734248557004, 5.832804535308021343, -20.14999999999999147 ) ) ;
#5218 = EDGE_CURVE ( 'NONE', #4808, #7384, #2401, .T. ) ;
#5219 = ORIENTED_EDGE ( 'NONE', *, *, #6036, .F. ) ;
#5220 = CARTESIAN_POINT ( 'NONE',  ( -16.86716502429166553, 10.74715142187955053, -6.296241557611307549 ) ) ;
#5221 = ORIENTED_EDGE ( 'NONE', *, *, #7190, .F. ) ;
#5222 = EDGE_LOOP ( 'NONE', ( #2914, #1420, #8846, #649 ) ) ;
#5223 = CARTESIAN_POINT ( 'NONE',  ( -16.30012398138541485, 2.560460542844636311, -12.00000000000000000 ) ) ;
#5224 = DIRECTION ( 'NONE',  ( -1.000000000000000000, -1.734723475976810053E-15, 0.000000000000000000 ) ) ;
#5225 = PLANE ( 'NONE',  #4460 ) ;
#5226 = CARTESIAN_POINT ( 'NONE',  ( -3.334479388548816647, -5.805651960850479298, -20.15000000000002345 ) ) ;
#5227 = CARTESIAN_POINT ( 'NONE',  ( 3.926114819310029258, -5.954681955874928434, -19.57096791806587888 ) ) ;
#5228 = CARTESIAN_POINT ( 'NONE',  ( -4.331015084852072761, 6.217799875849344460, -20.15000000000000213 ) ) ;
#5229 = CARTESIAN_POINT ( 'NONE',  ( 6.148780366869377900, 3.549999999999838174, -13.19999999999999751 ) ) ;
#5230 = ORIENTED_EDGE ( 'NONE', *, *, #7004, .T. ) ;
#5231 = CARTESIAN_POINT ( 'NONE',  ( 6.861381477469353563, 0.1139349101715232127, -20.14999999999999858 ) ) ;
#5232 = DIRECTION ( 'NONE',  ( -1.000000000000000000, 0.000000000000000000, -0.000000000000000000 ) ) ;
#5233 = DIRECTION ( 'NONE',  ( -0.8660254037844332675, 0.5000000000000093259, 0.000000000000000000 ) ) ;
#5234 = VERTEX_POINT ( 'NONE', #3754 ) ;
#5235 = CYLINDRICAL_SURFACE ( 'NONE', #7196, 0.8999999999999998002 ) ;
#5236 = CARTESIAN_POINT ( 'NONE',  ( 17.25446987975378832, 10.11438151059958557, -5.800000000000002487 ) ) ;
#5237 = CARTESIAN_POINT ( 'NONE',  ( -3.420201419254070174, 9.396926212955660773, 3.999999999999949818 ) ) ;
#5238 = CARTESIAN_POINT ( 'NONE',  ( -4.826879989810841209, -2.634269366986578653, -19.57594749030839054 ) ) ;
#5239 = CARTESIAN_POINT ( 'NONE',  ( 11.11082091270702676, 11.28020134113662110, -0.9999999999999974465 ) ) ;
#5240 = VERTEX_POINT ( 'NONE', #968 ) ;
#5241 = CARTESIAN_POINT ( 'NONE',  ( 2.840447514240131088, 5.530047411555309544, -20.15000000000000213 ) ) ;
#5242 = FACE_OUTER_BOUND ( 'NONE', #1272, .T. ) ;
#5243 = CYLINDRICAL_SURFACE ( 'NONE', #5140, 18.00000000000000000 ) ;
#5244 = EDGE_CURVE ( 'NONE', #7709, #3200, #6559, .T. ) ;
#5245 = CARTESIAN_POINT ( 'NONE',  ( 3.726472768734413687, -7.526453961572666884, -20.15000000000000568 ) ) ;
#5246 = CARTESIAN_POINT ( 'NONE',  ( 7.686904676703391281, -0.03574537326635202072, -19.56873674596328172 ) ) ;
#5247 = ADVANCED_FACE ( 'NONE', ( #3796 ), #5265, .T. ) ;
#5248 = CARTESIAN_POINT ( 'NONE',  ( 7.553314975022736633, 0.6375969266275437475, -20.15000000000000213 ) ) ;
#5249 = ORIENTED_EDGE ( 'NONE', *, *, #2502, .F. ) ;
#5250 = CARTESIAN_POINT ( 'NONE',  ( -0.7027204520582931435, -9.855701429637436561, -19.55648255701129656 ) ) ;
#5251 = AXIS2_PLACEMENT_3D ( 'NONE', #1833, #3957, #3307 ) ;
#5252 = ORIENTED_EDGE ( 'NONE', *, *, #3452, .T. ) ;
#5253 = EDGE_CURVE ( 'NONE', #2072, #7648, #8740, .T. ) ;
#5254 = CARTESIAN_POINT ( 'NONE',  ( -11.43531719619345921, 5.447482923112050734, -11.00000000000000000 ) ) ;
#5255 = DIRECTION ( 'NONE',  ( -1.000000000000000000, 0.000000000000000000, 0.000000000000000000 ) ) ;
#5256 = CARTESIAN_POINT ( 'NONE',  ( 4.870595529290727477, 6.313958196431404879, -20.15000000000000924 ) ) ;
#5257 = CARTESIAN_POINT ( 'NONE',  ( 8.485647895946325292, 14.84600214825599984, 0.000000000000000000 ) ) ;
#5258 = DIRECTION ( 'NONE',  ( -0.000000000000000000, -0.000000000000000000, 1.000000000000000000 ) ) ;
#5259 = CIRCLE ( 'NONE', #2318, 12.00000000000001243 ) ;
#5260 = EDGE_CURVE ( 'NONE', #8461, #7502, #2314, .T. ) ;
#5261 = ORIENTED_EDGE ( 'NONE', *, *, #2668, .F. ) ;
#5262 = CARTESIAN_POINT ( 'NONE',  ( -12.74783906285120949, 12.70797384430912302, 0.000000000000000000 ) ) ;
#5263 = ORIENTED_EDGE ( 'NONE', *, *, #296, .T. ) ;
#5264 = VERTEX_POINT ( 'NONE', #8039 ) ;
#5265 = CYLINDRICAL_SURFACE ( 'NONE', #1483, 1.000000000000000000 ) ;
#5266 = LINE ( 'NONE', #8647, #2676 ) ;
#5267 = CARTESIAN_POINT ( 'NONE',  ( 11.43531719619355869, 5.447482923111757636, -11.00000000000000000 ) ) ;
#5268 = AXIS2_PLACEMENT_3D ( 'NONE', #3306, #6019, #4093 ) ;
#5269 = ADVANCED_FACE ( 'NONE', ( #5175 ), #1291, .T. ) ;
#5270 = CARTESIAN_POINT ( 'NONE',  ( -3.332091702838091862, -5.973230834281292978, -20.14999999999999503 ) ) ;
#5271 = CARTESIAN_POINT ( 'NONE',  ( 4.903632080293457207, -2.505525680801942379, -19.57593473605188450 ) ) ;
#5272 = CARTESIAN_POINT ( 'NONE',  ( -7.271458408955195907, -0.3348593541042038102, -19.57043724234965154 ) ) ;
#5273 = CARTESIAN_POINT ( 'NONE',  ( 6.187618932840011965, -3.572423456518109219, -13.15905221858596974 ) ) ;
#5274 = ADVANCED_FACE ( 'NONE', ( #2474 ), #2070, .F. ) ;
#5275 = ORIENTED_EDGE ( 'NONE', *, *, #8535, .F. ) ;
#5276 = CARTESIAN_POINT ( 'NONE',  ( -12.18303034127467477, 6.111779000583847932, -6.184335810359784524 ) ) ;
#5277 = CARTESIAN_POINT ( 'NONE',  ( 5.196152422706617813, 3.000000000000023981, -13.14999999999999858 ) ) ;
#5278 = AXIS2_PLACEMENT_3D ( 'NONE', #3629, #20, #4277 ) ;
#5279 = DIRECTION ( 'NONE',  ( -1.000000000000000000, 0.000000000000000000, 0.000000000000000000 ) ) ;
#5280 = CARTESIAN_POINT ( 'NONE',  ( 14.28941916244338017, 8.249999999999765521, -12.00000000000000000 ) ) ;
#5281 = CARTESIAN_POINT ( 'NONE',  ( -10.28941916244310129, 8.250000000000184741, -12.00000000000000000 ) ) ;
#5282 = CARTESIAN_POINT ( 'NONE',  ( 6.972909928144151337, 1.340897661247381301, 0.000000000000000000 ) ) ;
#5283 = AXIS2_PLACEMENT_3D ( 'NONE', #3776, #1732, #4374 ) ;
#5284 = ORIENTED_EDGE ( 'NONE', *, *, #6335, .F. ) ;
#5285 = CARTESIAN_POINT ( 'NONE',  ( 13.78730854217089963, -2.431074487337230305, 2.000000000000000000 ) ) ;
#5286 = ADVANCED_FACE ( 'NONE', ( #8858 ), #6766, .F. ) ;
#5287 = ORIENTED_EDGE ( 'NONE', *, *, #6891, .T. ) ;
#5288 = CARTESIAN_POINT ( 'NONE',  ( 3.258731677175182639, 5.735738565299469904, -20.15000000000000213 ) ) ;
#5289 = VECTOR ( 'NONE', #7041, 1000.000000000000000 ) ;
#5290 = DIRECTION ( 'NONE',  ( 0.000000000000000000, 0.000000000000000000, -1.000000000000000000 ) ) ;
#5291 = CARTESIAN_POINT ( 'NONE',  ( -1.552678724602491789, -13.92939432686582535, -11.90252060073898477 ) ) ;
#5292 = CARTESIAN_POINT ( 'NONE',  ( -5.506847901919064370, 4.532280608603291405, 0.000000000000000000 ) ) ;
#5293 = DIRECTION ( 'NONE',  ( 0.000000000000000000, 0.000000000000000000, 1.000000000000000000 ) ) ;
#5294 =( NAMED_UNIT ( * ) SI_UNIT ( $, .STERADIAN. ) SOLID_ANGLE_UNIT ( ) );
#5295 = AXIS2_PLACEMENT_3D ( 'NONE', #4142, #4095, #8294 ) ;
#5296 = CARTESIAN_POINT ( 'NONE',  ( -2.620126338115370445E-13, -16.50000000000000000, -3.000000000000000888 ) ) ;
#5297 = EDGE_LOOP ( 'NONE', ( #7335, #4191, #2577, #2133 ) ) ;
#5298 = CARTESIAN_POINT ( 'NONE',  ( -3.824325779956375460, -6.889512468731834538, -19.56787132542318020 ) ) ;
#5299 = ORIENTED_EDGE ( 'NONE', *, *, #286, .F. ) ;
#5300 = LINE ( 'NONE', #3214, #5921 ) ;
#5301 = CARTESIAN_POINT ( 'NONE',  ( -4.921942712761864236, 6.920946659125304379, -19.56485587367409096 ) ) ;
#5302 = DIRECTION ( 'NONE',  ( -1.000000000000000000, 0.000000000000000000, 0.000000000000000000 ) ) ;
#5303 = AXIS2_PLACEMENT_3D ( 'NONE', #3436, #1961, #8191 ) ;
#5304 = CARTESIAN_POINT ( 'NONE',  ( 3.530143011963448707, 5.885612803202784349, -20.14999999999999858 ) ) ;
#5305 = ADVANCED_FACE ( 'NONE', ( #6720 ), #8993, .F. ) ;
#5306 = CARTESIAN_POINT ( 'NONE',  ( 11.29410477670037949, 8.447234507677965354, -11.94745379876466096 ) ) ;
#5307 = CARTESIAN_POINT ( 'NONE',  ( -2.000000000000218048, -19.89974874213237754, -12.00000000000000000 ) ) ;
#5308 = VERTEX_POINT ( 'NONE', #394 ) ;
#5309 = DIRECTION ( 'NONE',  ( -1.329015233020110115E-15, -3.651439342834109954E-15, 1.000000000000000000 ) ) ;
#5310 = AXIS2_PLACEMENT_3D ( 'NONE', #6292, #6433, #5696 ) ;
#5311 = EDGE_LOOP ( 'NONE', ( #7756, #7783, #6277, #2252 ) ) ;
#5312 = EDGE_LOOP ( 'NONE', ( #4226, #7315, #1330, #5951, #6118 ) ) ;
#5313 = CARTESIAN_POINT ( 'NONE',  ( 2.502647568461034311, -8.193844585208122311, -20.15000000000003055 ) ) ;
#5314 = DIRECTION ( 'NONE',  ( -0.000000000000000000, -0.000000000000000000, 1.000000000000000000 ) ) ;
#5315 = FACE_OUTER_BOUND ( 'NONE', #2164, .T. ) ;
#5316 = CARTESIAN_POINT ( 'NONE',  ( -3.332041677730245066, -5.987830379811430070, -20.14999999999998437 ) ) ;
#5317 = CARTESIAN_POINT ( 'NONE',  ( 3.926055449603870873, -5.963653807344572400, -19.57094560652139847 ) ) ;
#5318 = CARTESIAN_POINT ( 'NONE',  ( -8.104663847112171027, 0.3651457968707957358, -19.56676428117814837 ) ) ;
#5319 = EDGE_CURVE ( 'NONE', #6327, #226, #7678, .T. ) ;
#5320 = CARTESIAN_POINT ( 'NONE',  ( 5.739782705994668000, -1.364564495610245176, -12.75101354849712898 ) ) ;
#5321 = VECTOR ( 'NONE', #5953, 1000.000000000000000 ) ;
#5322 = VERTEX_POINT ( 'NONE', #8204 ) ;
#5323 = CARTESIAN_POINT ( 'NONE',  ( 14.42718298385706177, 4.750742759815870464, -0.4999999999999805156 ) ) ;
#5324 = CARTESIAN_POINT ( 'NONE',  ( -5.329070518200623599E-15, 12.00000000000008349, 0.000000000000000000 ) ) ;
#5325 = CIRCLE ( 'NONE', #3400, 3.000000000000000444 ) ;
#5326 = LINE ( 'NONE', #8050, #4882 ) ;
#5327 = CARTESIAN_POINT ( 'NONE',  ( 3.151254341993556807, -14.97278047665499656, -0.4857176928734783794 ) ) ;
#5328 = LINE ( 'NONE', #336, #2695 ) ;
#5329 = DIRECTION ( 'NONE',  ( 0.000000000000000000, 0.000000000000000000, -1.000000000000000000 ) ) ;
#5330 = VECTOR ( 'NONE', #409, 1000.000000000000000 ) ;
#5331 = EDGE_CURVE ( 'NONE', #1228, #8203, #7551, .T. ) ;
#5332 = ORIENTED_EDGE ( 'NONE', *, *, #7232, .T. ) ;
#5333 = B_SPLINE_CURVE_WITH_KNOTS ( 'NONE', 1,
 ( #1078, #1728 ),
 .UNSPECIFIED., .F., .F.,
 ( 2, 2 ),
 ( 0.000000000000000000, 1.000000000000000000 ),
 .UNSPECIFIED. ) ;
#5334 = DIRECTION ( 'NONE',  ( 1.640034359026140121E-15, 2.891823319834799821E-16, -1.000000000000000000 ) ) ;
#5335 = EDGE_LOOP ( 'NONE', ( #7889, #3320, #2579, #202 ) ) ;
#5336 = CIRCLE ( 'NONE', #5776, 7.099999999999876188 ) ;
#5337 = CARTESIAN_POINT ( 'NONE',  ( -11.29372785265357315, 5.597731931655811621, -6.184928369829864714 ) ) ;
#5338 = AXIS2_PLACEMENT_3D ( 'NONE', #5509, #8322, #4814 ) ;
#5339 = CARTESIAN_POINT ( 'NONE',  ( -0.1330866084464070453, -19.50000000000000000, -5.800000000000000711 ) ) ;
#5340 = DIRECTION ( 'NONE',  ( 0.000000000000000000, 0.000000000000000000, 1.000000000000000000 ) ) ;
#5341 = CARTESIAN_POINT ( 'NONE',  ( -7.129584630170816340, 0.2063761487538511297, -13.14533029738476166 ) ) ;
#5342 = DIRECTION ( 'NONE',  ( 0.000000000000000000, 0.000000000000000000, 1.000000000000000000 ) ) ;
#5343 = AXIS2_PLACEMENT_3D ( 'NONE', #6305, #6958, #7003 ) ;
#5344 = CIRCLE ( 'NONE', #6526, 2.000000000000029754 ) ;
#5345 = CARTESIAN_POINT ( 'NONE',  ( -3.506623387193939531E-13, -5.999999999999777067, -20.14999999999999858 ) ) ;
#5346 = VERTEX_POINT ( 'NONE', #4559 ) ;
#5347 = CARTESIAN_POINT ( 'NONE',  ( -3.132570804478723492, -8.359753367817857495, -19.56244789142989760 ) ) ;
#5348 = EDGE_LOOP ( 'NONE', ( #1521, #9069, #5116, #4326 ) ) ;
#5349 = CARTESIAN_POINT ( 'NONE',  ( 0.5052182938933252876, -19.45963048921370131, -5.927256009146254279 ) ) ;
#5350 = CARTESIAN_POINT ( 'NONE',  ( 14.77211629518309977, -2.604722665004169713, 0.000000000000000000 ) ) ;
#5351 = CIRCLE ( 'NONE', #7411, 14.99999999999999289 ) ;
#5352 = CARTESIAN_POINT ( 'NONE',  ( -2.137179322403429811E-14, -6.439293542825910459E-14, 0.000000000000000000 ) ) ;
#5353 = CARTESIAN_POINT ( 'NONE',  ( 8.131323999094361099, 4.565935767093001196, -20.14999999999998792 ) ) ;
#5354 = DIRECTION ( 'NONE',  ( -1.000000000000000000, 0.000000000000000000, 0.000000000000000000 ) ) ;
#5355 = EDGE_CURVE ( 'NONE', #7769, #6001, #8514, .T. ) ;
#5356 = CARTESIAN_POINT ( 'NONE',  ( 11.28941916244308530, 8.250000000000413891, -11.86602540378481585 ) ) ;
#5357 = ORIENTED_EDGE ( 'NONE', *, *, #3979, .T. ) ;
#5358 = CIRCLE ( 'NONE', #1647, 4.000000000000000888 ) ;
#5359 = ORIENTED_EDGE ( 'NONE', *, *, #2784, .T. ) ;
#5360 = ORIENTED_EDGE ( 'NONE', *, *, #7747, .T. ) ;
#5361 = CARTESIAN_POINT ( 'NONE',  ( 2.391324480951656728, -8.314425036532934854, -20.15000000000000213 ) ) ;
#5362 = CARTESIAN_POINT ( 'NONE',  ( -17.09983895300119983, -0.07421442866851210574, 0.000000000000000000 ) ) ;
#5363 = DIRECTION ( 'NONE',  ( 1.000000000000000000, -1.040834085586084257E-14, 0.000000000000000000 ) ) ;
#5364 = CARTESIAN_POINT ( 'NONE',  ( 3.332037795063601315, -5.989343977432653787, -20.15000000000000924 ) ) ;
#5365 = CARTESIAN_POINT ( 'NONE',  ( 6.344536900869411689, 3.210939737198189370, -13.20000004752828282 ) ) ;
#5366 = ORIENTED_EDGE ( 'NONE', *, *, #8814, .F. ) ;
#5367 = CYLINDRICAL_SURFACE ( 'NONE', #419, 0.8999999999999998002 ) ;
#5368 = ORIENTED_EDGE ( 'NONE', *, *, #7017, .T. ) ;
#5369 = CARTESIAN_POINT ( 'NONE',  ( 13.01044710970903395, 12.07257515209327536, 4.000000000000000000 ) ) ;
#5370 = EDGE_CURVE ( 'NONE', #8285, #6828, #5612, .T. ) ;
#5371 = CARTESIAN_POINT ( 'NONE',  ( 11.62479964686690082, 6.865256383817860630, -5.800000000000000711 ) ) ;
#5372 = CARTESIAN_POINT ( 'NONE',  ( -3.350137224746408737, -5.457489856501055669, -20.15000000000000213 ) ) ;
#5373 = CARTESIAN_POINT ( 'NONE',  ( -5.404472508005520481, -1.836732135739260086, -19.57532183075013066 ) ) ;
#5374 = CARTESIAN_POINT ( 'NONE',  ( -10.34157169252674713, 7.598196094058231154, -11.81774874249749097 ) ) ;
#5375 = EDGE_CURVE ( 'NONE', #6557, #9016, #4785, .T. ) ;
#5376 = CARTESIAN_POINT ( 'NONE',  ( 7.159123380233456402, -0.3999517953926782221, -19.57085358692566857 ) ) ;
#5377 = ORIENTED_EDGE ( 'NONE', *, *, #3282, .F. ) ;
#5378 = EDGE_CURVE ( 'NONE', #8180, #8080, #3993, .T. ) ;
#5379 = CARTESIAN_POINT ( 'NONE',  ( 6.071532165918764088E-15, -1.051620219116015049E-14, -6.800000000000000711 ) ) ;
#5380 = EDGE_CURVE ( 'NONE', #1020, #4351, #4285, .T. ) ;
#5381 = ORIENTED_EDGE ( 'NONE', *, *, #3448, .F. ) ;
#5382 = CARTESIAN_POINT ( 'NONE',  ( -0.3071453766204919611, 4.900540459093264190, -20.14999999999999858 ) ) ;
#5383 = CARTESIAN_POINT ( 'NONE',  ( 7.656622063715581739, 15.19631082570222524, -0.4837805568354610619 ) ) ;
#5384 = DIRECTION ( 'NONE',  ( 0.000000000000000000, 0.000000000000000000, -1.000000000000000000 ) ) ;
#5385 = EDGE_CURVE ( 'NONE', #8376, #7724, #4727, .T. ) ;
#5386 = CARTESIAN_POINT ( 'NONE',  ( -7.597108048166302474, -0.1460072364671464729, -12.76296664562477190 ) ) ;
#5387 = CARTESIAN_POINT ( 'NONE',  ( 17.34355630229945078, 12.32270797659636941, -11.00000000000000000 ) ) ;
#5388 = CARTESIAN_POINT ( 'NONE',  ( -12.55614593867705864, 11.29068478007455134, 0.000000000000000000 ) ) ;
#5389 = ORIENTED_EDGE ( 'NONE', *, *, #6775, .F. ) ;
#5390 = CARTESIAN_POINT ( 'NONE',  ( 7.159123380233456402, -0.3999517953926782221, -19.57085358692566857 ) ) ;
#5391 = ORIENTED_EDGE ( 'NONE', *, *, #3815, .T. ) ;
#5392 = CARTESIAN_POINT ( 'NONE',  ( 7.713451316238570499, -9.192533317427619366, 3.999999999999949818 ) ) ;
#5393 = DIRECTION ( 'NONE',  ( 0.000000000000000000, 0.000000000000000000, 1.000000000000000000 ) ) ;
#5394 = CARTESIAN_POINT ( 'NONE',  ( 6.976185949261324737, 5.809613687839059182, -20.14999999999998792 ) ) ;
#5395 = DIRECTION ( 'NONE',  ( -0.000000000000000000, -0.000000000000000000, -1.000000000000000000 ) ) ;
#5396 = CARTESIAN_POINT ( 'NONE',  ( -3.258340777219022488, 5.734104863655099749, -20.14999999999999858 ) ) ;
#5397 = AXIS2_PLACEMENT_3D ( 'NONE', #5345, #3209, #4647 ) ;
#5398 = VERTEX_POINT ( 'NONE', #4833 ) ;
#5399 = ORIENTED_EDGE ( 'NONE', *, *, #5596, .T. ) ;
#5400 = ORIENTED_EDGE ( 'NONE', *, *, #4977, .F. ) ;
#5401 = CARTESIAN_POINT ( 'NONE',  ( 3.170813392954687782, -7.019027563987831897, -20.14999999999999503 ) ) ;
#5402 = ORIENTED_EDGE ( 'NONE', *, *, #1194, .T. ) ;
#5403 = DIRECTION ( 'NONE',  ( 0.000000000000000000, 0.000000000000000000, -1.000000000000000000 ) ) ;
#5404 = CARTESIAN_POINT ( 'NONE',  ( -11.26857018343017991, 10.01761744899663675, -0.5000000000000008882 ) ) ;
#5405 = CARTESIAN_POINT ( 'NONE',  ( 3.332020230415906781, -5.999086572339304979, -20.14999999999999503 ) ) ;
#5406 = VECTOR ( 'NONE', #5097, 1000.000000000000000 ) ;
#5407 = CARTESIAN_POINT ( 'NONE',  ( -1.545187673422728114, -9.720469190312602592, -12.70582745357869037 ) ) ;
#5408 = CARTESIAN_POINT ( 'NONE',  ( -2.789938953400288302, 6.163415018888261265, -19.57208464996945452 ) ) ;
#5409 = ORIENTED_EDGE ( 'NONE', *, *, #8656, .T. ) ;
#5410 = CARTESIAN_POINT ( 'NONE',  ( 17.28941916244343346, 8.410829404036093138, -11.78561070176653836 ) ) ;
#5411 = ORIENTED_EDGE ( 'NONE', *, *, #2830, .T. ) ;
#5412 = LINE ( 'NONE', #5507, #4133 ) ;
#5413 = CONICAL_SURFACE ( 'NONE', #6446, 1.324999999999985967, 0.7853981633974576049 ) ;
#5414 = CARTESIAN_POINT ( 'NONE',  ( -5.065296187119461280, -6.192154272686508421, 0.000000000000000000 ) ) ;
#5415 = CARTESIAN_POINT ( 'NONE',  ( -3.780090492135519398, -3.428295323939119399, -20.14999999999999858 ) ) ;
#5416 = CARTESIAN_POINT ( 'NONE',  ( -7.119963254850748768, -0.4227741937882915635, -19.57096791806601388 ) ) ;
#5417 = CARTESIAN_POINT ( 'NONE',  ( 4.622563802363424124, 6.881679081543768284, -19.56588300045709872 ) ) ;
#5418 = CARTESIAN_POINT ( 'NONE',  ( 14.32435137758119659, 2.250101689166026375, -12.00000000000000000 ) ) ;
#5419 = EDGE_CURVE ( 'NONE', #5991, #8498, #1926, .T. ) ;
#5420 = ORIENTED_EDGE ( 'NONE', *, *, #7571, .T. ) ;
#5421 = VECTOR ( 'NONE', #783, 1000.000000000000000 ) ;
#5422 = CARTESIAN_POINT ( 'NONE',  ( 12.80250078915869949, -2.257426309670290010, 0.000000000000000000 ) ) ;
#5423 = ORIENTED_EDGE ( 'NONE', *, *, #4811, .F. ) ;
#5424 = CARTESIAN_POINT ( 'NONE',  ( 13.35292748933946427, 5.399915203681083575, -12.00000000000000000 ) ) ;
#5425 = CARTESIAN_POINT ( 'NONE',  ( -3.636098091186974024, -7.474700437068272585, -19.56577064243257880 ) ) ;
#5426 = DIRECTION ( 'NONE',  ( -0.000000000000000000, -0.000000000000000000, 1.000000000000000000 ) ) ;
#5427 = B_SPLINE_CURVE_WITH_KNOTS ( 'NONE', 3,
 ( #5047, #54, #2869, #8513, #1537, #2179, #5004, #4355, #7822, #3616 ),
 .UNSPECIFIED., .F., .F.,
 ( 4, 2, 2, 2, 4 ),
 ( 0.000000000000000000, 0.0004087911710026969573, 0.0008175823420053939146, 0.001226373513008090872, 0.001635164684010787829 ),
 .UNSPECIFIED. ) ;
#5428 = CARTESIAN_POINT ( 'NONE',  ( -9.083838577948794679, 1.945022092707591632, -12.72851349955009859 ) ) ;
#5429 = FACE_OUTER_BOUND ( 'NONE', #755, .T. ) ;
#5430 = EDGE_CURVE ( 'NONE', #661, #297, #2153, .T. ) ;
#5431 = CARTESIAN_POINT ( 'NONE',  ( 7.391924411582993848, 5.499770220934481202, -20.15000000000000568 ) ) ;
#5432 = VECTOR ( 'NONE', #6807, 1000.000000000000000 ) ;
#5433 = ORIENTED_EDGE ( 'NONE', *, *, #8375, .F. ) ;
#5434 = CARTESIAN_POINT ( 'NONE',  ( 8.916926445155684888, 1.758262013984770222, -19.56151236174549624 ) ) ;
#5435 = ORIENTED_EDGE ( 'NONE', *, *, #962, .F. ) ;
#5436 = CARTESIAN_POINT ( 'NONE',  ( -2.324996895665969454, -6.708566865472663565, 0.000000000000000000 ) ) ;
#5437 = CARTESIAN_POINT ( 'NONE',  ( -4.465913481226505333, 6.856267134678889263, -19.56642444629516220 ) ) ;
#5438 = CARTESIAN_POINT ( 'NONE',  ( -8.863269782284989518, -1.562833569652949839, 3.999999999999949818 ) ) ;
#5439 = CARTESIAN_POINT ( 'NONE',  ( 8.506626370372499579, 3.323929939010297208, -20.14999999999999858 ) ) ;
#5440 = DIRECTION ( 'NONE',  ( -0.000000000000000000, -0.000000000000000000, 1.000000000000000000 ) ) ;
#5441 = VECTOR ( 'NONE', #5856, 1000.000000000000000 ) ;
#5442 = CARTESIAN_POINT ( 'NONE',  ( -2.557331279613431541, 5.407560728582401666, -20.14999999999999503 ) ) ;
#5443 = ADVANCED_FACE ( 'NONE', ( #1368 ), #5615, .T. ) ;
#5444 = CARTESIAN_POINT ( 'NONE',  ( 9.159339953157539881E-15, 9.769962616701378818E-14, 0.000000000000000000 ) ) ;
#5445 = VERTEX_POINT ( 'NONE', #4190 ) ;
#5446 = CARTESIAN_POINT ( 'NONE',  ( 0.5949754999196676941, -9.271690519970265498, -20.15000000000000213 ) ) ;
#5447 = VECTOR ( 'NONE', #8621, 1000.000000000000000 ) ;
#5448 = VERTEX_POINT ( 'NONE', #9041 ) ;
#5449 = CARTESIAN_POINT ( 'NONE',  ( 0.000000000000000000, 0.000000000000000000, 2.000000000000000000 ) ) ;
#5450 = DIRECTION ( 'NONE',  ( -0.000000000000000000, -0.000000000000000000, -1.000000000000000000 ) ) ;
#5451 = CARTESIAN_POINT ( 'NONE',  ( 6.673672254474693588, -0.7055582431577857028, -19.57225167751606776 ) ) ;
#5452 = CARTESIAN_POINT ( 'NONE',  ( -2.857480745767574604, -8.839346018734547172, -12.72851464022891399 ) ) ;
#5453 = CARTESIAN_POINT ( 'NONE',  ( -3.107907821934969839, 6.329339118314900148, -19.57121431212136287 ) ) ;
#5454 = VECTOR ( 'NONE', #3481, 1000.000000000000000 ) ;
#5455 = ORIENTED_EDGE ( 'NONE', *, *, #9153, .F. ) ;
#5456 = CARTESIAN_POINT ( 'NONE',  ( 10.92738936467129918, -13.02275553302249911, 0.000000000000000000 ) ) ;
#5457 = ORIENTED_EDGE ( 'NONE', *, *, #7681, .F. ) ;
#5458 = VERTEX_POINT ( 'NONE', #581 ) ;
#5459 = FACE_OUTER_BOUND ( 'NONE', #3133, .T. ) ;
#5460 = FACE_OUTER_BOUND ( 'NONE', #8449, .T. ) ;
#5461 = CARTESIAN_POINT ( 'NONE',  ( -5.491323322666884721, -0.8915430182278120119, -20.15000000000000213 ) ) ;
#5462 = CARTESIAN_POINT ( 'NONE',  ( 0.000000000000000000, 0.000000000000000000, 0.000000000000000000 ) ) ;
#5463 = AXIS2_PLACEMENT_3D ( 'NONE', #1499, #848, #3673 ) ;
#5464 = FACE_OUTER_BOUND ( 'NONE', #8093, .T. ) ;
#5465 = DIRECTION ( 'NONE',  ( -0.4442981551414700858, -0.5500901283770546213, -0.7071067811865487940 ) ) ;
#5466 = ORIENTED_EDGE ( 'NONE', *, *, #8425, .T. ) ;
#5467 = CARTESIAN_POINT ( 'NONE',  ( -11.30296513225833088, 7.948782740362127619, -11.66488352482215696 ) ) ;
#5468 = ORIENTED_EDGE ( 'NONE', *, *, #8666, .T. ) ;
#5469 = EDGE_CURVE ( 'NONE', #1973, #2624, #303, .T. ) ;
#5470 = PLANE ( 'NONE',  #4658 ) ;
#5471 = LINE ( 'NONE', #9080, #6386 ) ;
#5472 = CARTESIAN_POINT ( 'NONE',  ( 3.013600504345961717, 6.277712828488096974, -19.57147917797578174 ) ) ;
#5473 = AXIS2_PLACEMENT_3D ( 'NONE', #8416, #2870, #5594 ) ;
#5474 = LINE ( 'NONE', #1224, #2606 ) ;
#5475 = LINE ( 'NONE', #3224, #3534 ) ;
#5476 = CARTESIAN_POINT ( 'NONE',  ( 1.999999999999795275, -18.73606797749974007, -12.00000000000000000 ) ) ;
#5477 = B_SPLINE_CURVE_WITH_KNOTS ( 'NONE', 3,
 ( #5424, #480, #6944, #6201, #3342, #520, #8237, #4731, #4871, #8330 ),
 .UNSPECIFIED., .F., .F.,
 ( 4, 2, 2, 2, 4 ),
 ( 0.000000000000000000, 0.0004252519844131279160, 0.0008505039688262558319, 0.001275755953239383639, 0.001701007937652511664 ),
 .UNSPECIFIED. ) ;
#5478 = ORIENTED_EDGE ( 'NONE', *, *, #954, .T. ) ;
#5479 = DIRECTION ( 'NONE',  ( -0.000000000000000000, -0.000000000000000000, 1.000000000000000000 ) ) ;
#5480 = EDGE_CURVE ( 'NONE', #2243, #4110, #7834, .T. ) ;
#5481 = ORIENTED_EDGE ( 'NONE', *, *, #8408, .T. ) ;
#5482 = CARTESIAN_POINT ( 'NONE',  ( 5.289300957819698112, -4.847274244704558477, 0.000000000000000000 ) ) ;
#5483 = DIRECTION ( 'NONE',  ( -1.000000000000000000, 0.000000000000000000, 0.000000000000000000 ) ) ;
#5484 = DIRECTION ( 'NONE',  ( 1.000000000000000000, 0.000000000000000000, 0.000000000000000000 ) ) ;
#5485 = CARTESIAN_POINT ( 'NONE',  ( 7.390796563166939670, 5.499046148618966789, -20.14999999999998792 ) ) ;
#5486 = DIRECTION ( 'NONE',  ( 0.6427875982715974823, -0.7660444526972515211, 0.000000000000000000 ) ) ;
#5487 = VECTOR ( 'NONE', #8091, 1000.000000000000000 ) ;
#5488 = AXIS2_PLACEMENT_3D ( 'NONE', #73, #2886, #4877 ) ;
#5489 = DIRECTION ( 'NONE',  ( 0.8660254037844307140, -0.5000000000000139888, 0.000000000000000000 ) ) ;
#5490 = LINE ( 'NONE', #8447, #8057 ) ;
#5491 = EDGE_LOOP ( 'NONE', ( #4062, #4425, #6142, #7412 ) ) ;
#5492 = VERTEX_POINT ( 'NONE', #3399 ) ;
#5493 = CARTESIAN_POINT ( 'NONE',  ( 3.153740882687742886, -7.070511696270471269, -20.14999999999999147 ) ) ;
#5494 = EDGE_CURVE ( 'NONE', #7807, #5928, #2014, .T. ) ;
#5495 = CONICAL_SURFACE ( 'NONE', #1518, 2.999999999999995559, 0.7853981633974465026 ) ;
#5496 = ORIENTED_EDGE ( 'NONE', *, *, #6949, .F. ) ;
#5497 = LINE ( 'NONE', #8175, #2241 ) ;
#5498 = CARTESIAN_POINT ( 'NONE',  ( -17.37934771122534983, 4.685965549630741300, 4.000000000000000000 ) ) ;
#5499 = CARTESIAN_POINT ( 'NONE',  ( 7.152846010179878533, -0.4035900645774003759, -19.57087245425386257 ) ) ;
#5500 = EDGE_CURVE ( 'NONE', #2808, #7732, #4875, .T. ) ;
#5501 = CARTESIAN_POINT ( 'NONE',  ( -3.924999999999968292, -6.506284946773636335, -12.76297586611198831 ) ) ;
#5502 = CARTESIAN_POINT ( 'NONE',  ( 1.112126218895445939, 5.598879435015592598, -19.57532120150287014 ) ) ;
#5503 = AXIS2_PLACEMENT_3D ( 'NONE', #3381, #4772, #7585 ) ;
#5504 = EDGE_LOOP ( 'NONE', ( #4006, #441, #5221, #4199 ) ) ;
#5505 = CARTESIAN_POINT ( 'NONE',  ( -4.399933215955577737, -16.52424242424235246, 0.000000000000000000 ) ) ;
#5506 = ORIENTED_EDGE ( 'NONE', *, *, #6045, .T. ) ;
#5507 = CARTESIAN_POINT ( 'NONE',  ( 5.130302149884840013, 14.09538931178869881, 3.999999999999949818 ) ) ;
#5508 = CARTESIAN_POINT ( 'NONE',  ( 1.235348948941461744, -19.23620115404321140, -11.65858465371688624 ) ) ;
#5509 = CARTESIAN_POINT ( 'NONE',  ( -1.961926444249850157E-14, 8.206912114219009055E-15, 3.999999999999949818 ) ) ;
#5510 = CARTESIAN_POINT ( 'NONE',  ( -4.093172138208799105, -4.449016404048645512, -19.57429615626835329 ) ) ;
#5511 = DIRECTION ( 'NONE',  ( -1.000000000000000000, 0.000000000000000000, 0.000000000000000000 ) ) ;
#5512 = DIRECTION ( 'NONE',  ( -1.000000000000000000, 0.000000000000000000, 0.000000000000000000 ) ) ;
#5513 = ORIENTED_EDGE ( 'NONE', *, *, #3208, .F. ) ;
#5514 = FACE_OUTER_BOUND ( 'NONE', #1949, .T. ) ;
#5515 = ORIENTED_EDGE ( 'NONE', *, *, #466, .T. ) ;
#5516 = CARTESIAN_POINT ( 'NONE',  ( 5.196152422706617813, 3.000000000000023981, -13.14999999999999858 ) ) ;
#5517 = LINE ( 'NONE', #9032, #4916 ) ;
#5518 = CARTESIAN_POINT ( 'NONE',  ( -3.475686976583116650, -14.52020202020196571, -0.9999999999999974465 ) ) ;
#5519 = CARTESIAN_POINT ( 'NONE',  ( 7.656622063715581739, 15.19631082570222524, 3.999999999999951594 ) ) ;
#5520 = CYLINDRICAL_SURFACE ( 'NONE', #5295, 18.00000000000000000 ) ;
#5521 = ORIENTED_EDGE ( 'NONE', *, *, #1467, .F. ) ;
#5522 = CARTESIAN_POINT ( 'NONE',  ( 6.521152422706603780, 3.000000000000024425, -13.14999999999999858 ) ) ;
#5523 = VERTEX_POINT ( 'NONE', #5522 ) ;
#5524 = CARTESIAN_POINT ( 'NONE',  ( -8.485113847253067831, 0.8607595974743061928, -19.56464516667756115 ) ) ;
#5525 = CARTESIAN_POINT ( 'NONE',  ( -2.030799731028924526, -8.643556400494277980, -20.14999999999999503 ) ) ;
#5526 = LINE ( 'NONE', #1092, #4012 ) ;
#5527 = CARTESIAN_POINT ( 'NONE',  ( 7.835225427033784662, 5.023136891403217952, -20.14999999999999858 ) ) ;
#5528 = CARTESIAN_POINT ( 'NONE',  ( -2.736161146605239569, 7.517540966287299398, 3.999999999999949818 ) ) ;
#5529 = CARTESIAN_POINT ( 'NONE',  ( -14.28941916244309951, 8.250000000000220268, 0.000000000000000000 ) ) ;
#5530 = EDGE_CURVE ( 'NONE', #7962, #2636, #756, .T. ) ;
#5531 = DIRECTION ( 'NONE',  ( -0.5000000000000003331, -0.8660254037844383745, 0.000000000000000000 ) ) ;
#5532 = EDGE_LOOP ( 'NONE', ( #5435, #681, #6965, #8668 ) ) ;
#5533 = ORIENTED_EDGE ( 'NONE', *, *, #5159, .T. ) ;
#5534 = CARTESIAN_POINT ( 'NONE',  ( -3.154423284831762597, -7.068539938913038334, -20.15000000000000213 ) ) ;
#5535 = ORIENTED_EDGE ( 'NONE', *, *, #7087, .T. ) ;
#5536 = CARTESIAN_POINT ( 'NONE',  ( -1.731922933209151916, 6.935790933031221961, -0.000000000000000000 ) ) ;
#5537 = LINE ( 'NONE', #3279, #4246 ) ;
#5538 = CARTESIAN_POINT ( 'NONE',  ( 3.635764733593140896, -3.862658345868929199, -20.15000000000001634 ) ) ;
#5539 = CARTESIAN_POINT ( 'NONE',  ( -6.759859534895031885, -2.312361290794540558, -13.14891407561040815 ) ) ;
#5540 = CARTESIAN_POINT ( 'NONE',  ( -3.147319182611279409, 6.351234118266818385, -19.57110200393899646 ) ) ;
#5541 = CIRCLE ( 'NONE', #2301, 0.9000000000000014655 ) ;
#5542 = EDGE_CURVE ( 'NONE', #6140, #3514, #7863, .T. ) ;
#5543 = ORIENTED_EDGE ( 'NONE', *, *, #692, .F. ) ;
#5544 = CARTESIAN_POINT ( 'NONE',  ( 8.932260943101393735, 15.62737068237473181, 4.000000000000000000 ) ) ;
#5545 = ORIENTED_EDGE ( 'NONE', *, *, #7652, .T. ) ;
#5546 = EDGE_LOOP ( 'NONE', ( #582, #696, #3567, #4003 ) ) ;
#5547 = DIRECTION ( 'NONE',  ( 0.000000000000000000, 0.000000000000000000, -1.000000000000000000 ) ) ;
#5548 = EDGE_CURVE ( 'NONE', #8723, #3961, #2938, .T. ) ;
#5549 = FACE_OUTER_BOUND ( 'NONE', #4547, .T. ) ;
#5550 = CARTESIAN_POINT ( 'NONE',  ( -3.726924956579614978, -3.574866510399791864, -20.14999999999999858 ) ) ;
#5551 = CIRCLE ( 'NONE', #5397, 1.925000000000166800 ) ;
#5552 = DIRECTION ( 'NONE',  ( -0.6427876096865491329, 0.7660444431189697978, 0.000000000000000000 ) ) ;
#5553 = CARTESIAN_POINT ( 'NONE',  ( 1.892519035756130119, -14.16779812556582385, -11.99999999999999645 ) ) ;
#5554 = ORIENTED_EDGE ( 'NONE', *, *, #3499, .T. ) ;
#5555 = EDGE_CURVE ( 'NONE', #8283, #3804, #3637, .T. ) ;
#5556 = DIRECTION ( 'NONE',  ( -0.8660254037844387076, -0.4999999999999998335, 1.517883041479705813E-15 ) ) ;
#5557 = ORIENTED_EDGE ( 'NONE', *, *, #7395, .T. ) ;
#5558 = CARTESIAN_POINT ( 'NONE',  ( -10.83992941965991541, 8.567837245195969231, -12.00000000000000000 ) ) ;
#5559 = PLANE ( 'NONE',  #7712 ) ;
#5560 = LINE ( 'NONE', #6203, #8387 ) ;
#5561 = AXIS2_PLACEMENT_3D ( 'NONE', #9082, #623, #2149 ) ;
#5562 = FACE_OUTER_BOUND ( 'NONE', #1006, .T. ) ;
#5563 = CARTESIAN_POINT ( 'NONE',  ( 0.000000000000000000, 0.000000000000000000, 2.000000000000000000 ) ) ;
#5564 = CARTESIAN_POINT ( 'NONE',  ( 6.797109798167664252, 15.77048033053884346, -0.3271102110858267742 ) ) ;
#5565 = VERTEX_POINT ( 'NONE', #6445 ) ;
#5566 = DIRECTION ( 'NONE',  ( 0.8660254037844387076, -0.4999999999999998890, 1.401122807519728488E-15 ) ) ;
#5567 = AXIS2_PLACEMENT_3D ( 'NONE', #6230, #7477, #7716 ) ;
#5568 = ORIENTED_EDGE ( 'NONE', *, *, #7693, .T. ) ;
#5569 = CARTESIAN_POINT ( 'NONE',  ( -8.381367318194703486, 0.7091056588227078183, -19.56526018209567397 ) ) ;
#5570 = CARTESIAN_POINT ( 'NONE',  ( -17.14140667049795752, 9.185426217078818567, -6.001617403196382483 ) ) ;
#5571 = CARTESIAN_POINT ( 'NONE',  ( 7.472112669997149403, 0.5661790574555261024, -20.15000000000000213 ) ) ;
#5572 = FACE_OUTER_BOUND ( 'NONE', #6094, .T. ) ;
#5573 = VECTOR ( 'NONE', #6725, 1000.000000000000000 ) ;
#5574 = CARTESIAN_POINT ( 'NONE',  ( 18.00000000000000000, 0.000000000000000000, 0.000000000000000000 ) ) ;
#5575 = ORIENTED_EDGE ( 'NONE', *, *, #7346, .T. ) ;
#5576 = ORIENTED_EDGE ( 'NONE', *, *, #2276, .F. ) ;
#5577 = CARTESIAN_POINT ( 'NONE',  ( -3.332020230415758455, -5.999086574897766866, -20.15000000000000924 ) ) ;
#5578 = VERTEX_POINT ( 'NONE', #1513 ) ;
#5579 = DIRECTION ( 'NONE',  ( 0.000000000000000000, 0.000000000000000000, -1.000000000000000000 ) ) ;
#5580 = CARTESIAN_POINT ( 'NONE',  ( -7.858657029217230416, 5.037891145345953170, -20.15000000000000213 ) ) ;
#5581 = EDGE_CURVE ( 'NONE', #5614, #5322, #5907, .T. ) ;
#5582 = CARTESIAN_POINT ( 'NONE',  ( -10.28460175498480211, -12.25671108990349900, 3.999999999999949818 ) ) ;
#5583 = CARTESIAN_POINT ( 'NONE',  ( 4.322262041853540460, -2.314888003409220740, -20.15000000000007319 ) ) ;
#5584 = AXIS2_PLACEMENT_3D ( 'NONE', #8158, #1829, #4644 ) ;
#5585 = CARTESIAN_POINT ( 'NONE',  ( -7.597108048166302474, -0.1460072364671464729, -20.14999999999999858 ) ) ;
#5586 = CARTESIAN_POINT ( 'NONE',  ( -0.8765102398070396816, 5.558900072203369014, -19.57556497361717973 ) ) ;
#5587 = EDGE_CURVE ( 'NONE', #7576, #4144, #7352, .T. ) ;
#5588 = ORIENTED_EDGE ( 'NONE', *, *, #7979, .F. ) ;
#5589 = CARTESIAN_POINT ( 'NONE',  ( 14.32435137758119659, 2.250101689166026375, -12.00000000000000000 ) ) ;
#5590 = AXIS2_PLACEMENT_3D ( 'NONE', #8684, #8778, #5125 ) ;
#5591 = EDGE_LOOP ( 'NONE', ( #3089, #4211, #3670, #7472, #156, #8496, #5023, #8857, #4065, #1309, #1705, #6176, #3551, #1175, #5880, #5625, #7025, #3361, #5575, #1192 ) ) ;
#5592 = VERTEX_POINT ( 'NONE', #3104 ) ;
#5593 = CARTESIAN_POINT ( 'NONE',  ( -2.620126338115370445E-13, -16.50000000000000000, 0.000000000000000000 ) ) ;
#5594 = DIRECTION ( 'NONE',  ( -1.000000000000000000, 0.000000000000000000, 0.000000000000000000 ) ) ;
#5595 = CARTESIAN_POINT ( 'NONE',  ( -0.8731734678472661271, -12.59612893645183185, -6.295527082779350359 ) ) ;
#5596 = EDGE_CURVE ( 'NONE', #212, #6001, #5643, .T. ) ;
#5597 = CARTESIAN_POINT ( 'NONE',  ( -4.573113457459311526, -1.935713688072673966, -20.15000000000000213 ) ) ;
#5598 = CARTESIAN_POINT ( 'NONE',  ( 8.223453521710430536, 5.491573696447946240, -19.55643215944886393 ) ) ;
#5599 = DIRECTION ( 'NONE',  ( -1.000000000000000000, 0.000000000000000000, -0.000000000000000000 ) ) ;
#5600 = CARTESIAN_POINT ( 'NONE',  ( -7.645579418803352567, 6.198406373954971293, -20.14999999999992397 ) ) ;
#5601 = ORIENTED_EDGE ( 'NONE', *, *, #2662, .T. ) ;
#5602 = CARTESIAN_POINT ( 'NONE',  ( -8.863269782284980636, -1.562833569652949839, 0.000000000000000000 ) ) ;
#5603 = CIRCLE ( 'NONE', #290, 1.999999999999996669 ) ;
#5604 = ORIENTED_EDGE ( 'NONE', *, *, #6846, .F. ) ;
#5605 = EDGE_CURVE ( 'NONE', #9137, #5448, #1638, .T. ) ;
#5606 = CYLINDRICAL_SURFACE ( 'NONE', #3480, 2.000000000000000000 ) ;
#5607 = CARTESIAN_POINT ( 'NONE',  ( -3.001317272330613406, -8.524930708961695913, -19.56180990326531699 ) ) ;
#5608 = DIRECTION ( 'NONE',  ( -0.6427876153940191850, -0.7660444383298339321, 0.000000000000000000 ) ) ;
#5609 = CARTESIAN_POINT ( 'NONE',  ( 11.57017697435789927, -13.78879997614150099, 2.000000000000000000 ) ) ;
#5610 = EDGE_CURVE ( 'NONE', #4784, #7962, #5325, .T. ) ;
#5611 = DIRECTION ( 'NONE',  ( -4.440892098500630106E-16, 1.000000000000000000, 0.000000000000000000 ) ) ;
#5612 = CIRCLE ( 'NONE', #1631, 2.000000000000040412 ) ;
#5613 = CARTESIAN_POINT ( 'NONE',  ( 6.071532165918764088E-15, -1.051620219116015049E-14, -6.800000000000000711 ) ) ;
#5614 = VERTEX_POINT ( 'NONE', #2203 ) ;
#5615 = CYLINDRICAL_SURFACE ( 'NONE', #1492, 2.000000000000000000 ) ;
#5616 = AXIS2_PLACEMENT_3D ( 'NONE', #7485, #6793, #1904 ) ;
#5617 = ORIENTED_EDGE ( 'NONE', *, *, #637, .T. ) ;
#5618 = CARTESIAN_POINT ( 'NONE',  ( -8.434232744464098985, 0.7835299305497613886, -19.56495290031570988 ) ) ;
#5619 = LINE ( 'NONE', #7703, #3728 ) ;
#5620 = CARTESIAN_POINT ( 'NONE',  ( 4.369493140937224851, 6.836472570388932191, -19.56676101041020743 ) ) ;
#5621 = CARTESIAN_POINT ( 'NONE',  ( 0.1330866084460424481, -13.50000000000000533, -5.800000000000000711 ) ) ;
#5622 = CIRCLE ( 'NONE', #6509, 3.499999999999999556 ) ;
#5623 = DIRECTION ( 'NONE',  ( -0.000000000000000000, -0.000000000000000000, 1.000000000000000000 ) ) ;
#5624 = VERTEX_POINT ( 'NONE', #287 ) ;
#5625 = ORIENTED_EDGE ( 'NONE', *, *, #1460, .T. ) ;
#5626 = CARTESIAN_POINT ( 'NONE',  ( -2.070837726226138376, -8.604007577735853118, -20.14999999999999503 ) ) ;
#5627 = ORIENTED_EDGE ( 'NONE', *, *, #6045, .F. ) ;
#5628 = CARTESIAN_POINT ( 'NONE',  ( -2.620126338115370445E-13, -16.50000000000000000, -12.00000000000000000 ) ) ;
#5629 = CARTESIAN_POINT ( 'NONE',  ( -8.274207093710620242, 4.275870758777199576, -20.15000000000000568 ) ) ;
#5630 = AXIS2_PLACEMENT_3D ( 'NONE', #870, #957, #266 ) ;
#5631 = CARTESIAN_POINT ( 'NONE',  ( 0.9999999999998473443, -13.67157287525384923, -11.00000000000000000 ) ) ;
#5632 = CARTESIAN_POINT ( 'NONE',  ( 6.820118247715090121, 0.08988809946684356289, -20.15000000000000213 ) ) ;
#5633 = CARTESIAN_POINT ( 'NONE',  ( -8.863893166470601770, 4.381216539222763551, -19.55643627898885839 ) ) ;
#5634 = CARTESIAN_POINT ( 'NONE',  ( -2.736724009889419218, 6.112247956945866534, -20.14999999999999858 ) ) ;
#5635 = CARTESIAN_POINT ( 'NONE',  ( 3.506903887624469363, 5.872281243831218411, -20.14999999999999503 ) ) ;
#5636 = AXIS2_PLACEMENT_3D ( 'NONE', #1135, #1275, #1882 ) ;
#5637 = VERTEX_POINT ( 'NONE', #5749 ) ;
#5638 = DIRECTION ( 'NONE',  ( 0.000000000000000000, 0.000000000000000000, 1.000000000000000000 ) ) ;
#5639 = VECTOR ( 'NONE', #7169, 1000.000000000000000 ) ;
#5640 = ORIENTED_EDGE ( 'NONE', *, *, #187, .T. ) ;
#5641 = ORIENTED_EDGE ( 'NONE', *, *, #2470, .T. ) ;
#5642 = CARTESIAN_POINT ( 'NONE',  ( -2.620126338115370445E-13, -16.50000000000000000, -3.000000000000000888 ) ) ;
#5643 = B_SPLINE_CURVE_WITH_KNOTS ( 'NONE', 3,
 ( #3940, #6748, #8748, #6701 ),
 .UNSPECIFIED., .F., .F.,
 ( 4, 4 ),
 ( 0.000000000000000000, 0.9726545945153067807 ),
 .UNSPECIFIED. ) ;
#5644 = CARTESIAN_POINT ( 'NONE',  ( 11.28941916244337307, 8.249999999999765521, 0.000000000000000000 ) ) ;
#5645 = LINE ( 'NONE', #4217, #5639 ) ;
#5646 = CARTESIAN_POINT ( 'NONE',  ( -6.852942933940198600, 0.1090426117912936393, -20.15000000000001990 ) ) ;
#5647 = CARTESIAN_POINT ( 'NONE',  ( -12.72342842575085164, 5.688716121192554986, -11.83600841657411529 ) ) ;
#5648 = CARTESIAN_POINT ( 'NONE',  ( -8.329501940886450129, 1.878108797922741546, -20.14999999999999147 ) ) ;
#5649 = CARTESIAN_POINT ( 'NONE',  ( 8.595302132560544095, 4.962500000000044764, -20.14999999999999858 ) ) ;
#5650 = VECTOR ( 'NONE', #3244, 1000.000000000000000 ) ;
#5651 = ADVANCED_FACE ( 'NONE', ( #8700 ), #4585, .T. ) ;
#5652 = ORIENTED_EDGE ( 'NONE', *, *, #5378, .F. ) ;
#5653 = CARTESIAN_POINT ( 'NONE',  ( 10.44236664221278943, 7.153254096812479368, -6.537287570111129931 ) ) ;
#5654 = EDGE_CURVE ( 'NONE', #8780, #4619, #375, .T. ) ;
#5655 = ORIENTED_EDGE ( 'NONE', *, *, #7004, .F. ) ;
#5656 = DIRECTION ( 'NONE',  ( 0.000000000000000000, 0.000000000000000000, -1.000000000000000000 ) ) ;
#5657 = CARTESIAN_POINT ( 'NONE',  ( -4.440892098500630106E-15, -8.881784197001249168E-15, 2.000000000000000000 ) ) ;
#5658 = CARTESIAN_POINT ( 'NONE',  ( -2.060138113554141448, 5.850489632915109262, -19.57381561090731736 ) ) ;
#5659 = CYLINDRICAL_SURFACE ( 'NONE', #7189, 0.9999999999999987788 ) ;
#5660 = DIRECTION ( 'NONE',  ( -1.000000000000000000, 0.000000000000000000, 0.000000000000000000 ) ) ;
#5661 = CARTESIAN_POINT ( 'NONE',  ( -5.785088510008850271, -6.894399968914180832, 0.000000000000000000 ) ) ;
#5662 = EDGE_CURVE ( 'NONE', #8072, #1937, #7842, .T. ) ;
#5663 = ORIENTED_EDGE ( 'NONE', *, *, #3788, .T. ) ;
#5664 = DIRECTION ( 'NONE',  ( 0.000000000000000000, 0.000000000000000000, -1.000000000000000000 ) ) ;
#5665 = ORIENTED_EDGE ( 'NONE', *, *, #3564, .T. ) ;
#5666 = CARTESIAN_POINT ( 'NONE',  ( -8.999995406685259880, 2.048013691454092733, -19.56065853562690293 ) ) ;
#5667 = CARTESIAN_POINT ( 'NONE',  ( -17.21195462197513848, 8.929396807917200363, -6.294849952815317451 ) ) ;
#5668 = CARTESIAN_POINT ( 'NONE',  ( 6.700085941694902125, 6.622629469701553973, -19.55948794993370399 ) ) ;
#5669 = DIRECTION ( 'NONE',  ( 0.000000000000000000, 0.000000000000000000, 1.000000000000000000 ) ) ;
#5670 = EDGE_CURVE ( 'NONE', #393, #2013, #6005, .T. ) ;
#5671 = DIRECTION ( 'NONE',  ( -1.000000000000000000, 0.000000000000000000, 0.000000000000000000 ) ) ;
#5672 = ORIENTED_EDGE ( 'NONE', *, *, #3015, .F. ) ;
#5673 = CARTESIAN_POINT ( 'NONE',  ( 3.649432534991190025, -7.442676718331180830, -19.56588862425990527 ) ) ;
#5674 = ORIENTED_EDGE ( 'NONE', *, *, #5331, .T. ) ;
#5675 = CARTESIAN_POINT ( 'NONE',  ( 14.28941916244339971, 8.249999999999779732, -3.000000000000000888 ) ) ;
#5676 = CARTESIAN_POINT ( 'NONE',  ( -8.523896296959328822, 2.999343468713092431, -20.15000000000000568 ) ) ;
#5677 = CARTESIAN_POINT ( 'NONE',  ( 5.196152422706617813, 3.000000000000023981, -13.14999999999999858 ) ) ;
#5678 = CARTESIAN_POINT ( 'NONE',  ( 4.403744086882821485, -2.184602567651671823, -20.15000000000003766 ) ) ;
#5679 = CARTESIAN_POINT ( 'NONE',  ( -9.097227690887816465, 3.386559938820227877, -19.55764634436735250 ) ) ;
#5680 = CARTESIAN_POINT ( 'NONE',  ( -8.338411484954152186, 5.407447653643576047, -20.14999999999999858 ) ) ;
#5681 = CARTESIAN_POINT ( 'NONE',  ( 0.1509709818833615824, 4.900797413299617489, -20.15000000000000213 ) ) ;
#5682 = ORIENTED_EDGE ( 'NONE', *, *, #9117, .T. ) ;
#5683 = CARTESIAN_POINT ( 'NONE',  ( 14.87560769512063352, 4.797803487127150213, -0.3950989880619674155 ) ) ;
#5684 = ORIENTED_EDGE ( 'NONE', *, *, #1066, .F. ) ;
#5685 = VERTEX_POINT ( 'NONE', #8009 ) ;
#5686 = CARTESIAN_POINT ( 'NONE',  ( -6.540207403043309709E-15, 1.994704781392769996E-15, 0.000000000000000000 ) ) ;
#5687 = LINE ( 'NONE', #4313, #6351 ) ;
#5688 = DIRECTION ( 'NONE',  ( 1.000000000000000000, 0.000000000000000000, 0.000000000000000000 ) ) ;
#5689 = CARTESIAN_POINT ( 'NONE',  ( -6.857156395700124030, 0.1114868822612530147, -20.15000000000000213 ) ) ;
#5690 = DIRECTION ( 'NONE',  ( -0.8660254037844333785, 0.5000000000000093259, 0.000000000000000000 ) ) ;
#5691 = EDGE_CURVE ( 'NONE', #6116, #340, #5326, .T. ) ;
#5692 = CARTESIAN_POINT ( 'NONE',  ( -7.866425841006054576, 4.981773617808539889, -20.14999999999999503 ) ) ;
#5693 = CARTESIAN_POINT ( 'NONE',  ( -5.329070518200756127E-15, 12.00000000000000000, 2.000000000000000000 ) ) ;
#5694 = ORIENTED_EDGE ( 'NONE', *, *, #1689, .T. ) ;
#5695 = AXIS2_PLACEMENT_3D ( 'NONE', #3271, #1138, #6824 ) ;
#5696 = DIRECTION ( 'NONE',  ( 1.000000000000000000, 0.000000000000000000, 0.000000000000000000 ) ) ;
#5697 = CIRCLE ( 'NONE', #2010, 0.8999999999999998002 ) ;
#5698 = VERTEX_POINT ( 'NONE', #1023 ) ;
#5699 = CARTESIAN_POINT ( 'NONE',  ( 10.19691817674513246, -13.71096502017804397, -0.4129377918421145988 ) ) ;
#5700 = CARTESIAN_POINT ( 'NONE',  ( -11.28941916244310129, 8.250000000000220268, -3.000000000000000888 ) ) ;
#5701 = CYLINDRICAL_SURFACE ( 'NONE', #4085, 1.599999999999998979 ) ;
#5702 = EDGE_CURVE ( 'NONE', #1787, #991, #3711, .T. ) ;
#5703 = FACE_OUTER_BOUND ( 'NONE', #1597, .T. ) ;
#5704 = AXIS2_PLACEMENT_3D ( 'NONE', #2973, #6209, #2656 ) ;
#5705 = CARTESIAN_POINT ( 'NONE',  ( -14.77211629518309977, -2.604722665004159499, 3.999999999999949818 ) ) ;
#5706 = DIRECTION ( 'NONE',  ( -0.000000000000000000, -0.000000000000000000, 1.000000000000000000 ) ) ;
#5707 = EDGE_LOOP ( 'NONE', ( #6025, #3086, #8869, #849, #4593, #176 ) ) ;
#5708 = DIRECTION ( 'NONE',  ( -1.000000000000000000, 0.000000000000000000, 0.000000000000000000 ) ) ;
#5709 = CARTESIAN_POINT ( 'NONE',  ( -11.33094390254140116, 8.758881881796764191, -11.99999999999999822 ) ) ;
#5710 = EDGE_CURVE ( 'NONE', #3674, #978, #600, .T. ) ;
#5711 = CARTESIAN_POINT ( 'NONE',  ( -17.23890890522627473, 8.798188158588908792, -6.800000000000000711 ) ) ;
#5712 = CARTESIAN_POINT ( 'NONE',  ( 7.803991463230870451, 0.9288244535298905147, -20.15000000000002700 ) ) ;
#5713 = CARTESIAN_POINT ( 'NONE',  ( 0.9999999999998477884, -13.67157287525384746, -6.666908016579467855 ) ) ;
#5714 = CARTESIAN_POINT ( 'NONE',  ( -12.33992941965994738, 5.969761033842667430, -11.00000000000000000 ) ) ;
#5715 = ORIENTED_EDGE ( 'NONE', *, *, #4795, .T. ) ;
#5716 = CARTESIAN_POINT ( 'NONE',  ( -2.885455185980791981, -7.663042846006255182, -20.15000000000003055 ) ) ;
#5717 = ORIENTED_EDGE ( 'NONE', *, *, #7792, .F. ) ;
#5718 = DIRECTION ( 'NONE',  ( 0.000000000000000000, 0.000000000000000000, -1.000000000000000000 ) ) ;
#5719 = CARTESIAN_POINT ( 'NONE',  ( -8.461284620035353754, 2.352754986321523578, -20.15000000000000213 ) ) ;
#5720 = CARTESIAN_POINT ( 'NONE',  ( 9.935317196193645728, 8.045559134465124274, -12.00000000000000000 ) ) ;
#5721 = FACE_OUTER_BOUND ( 'NONE', #2747, .T. ) ;
#5722 = CARTESIAN_POINT ( 'NONE',  ( -9.115988345953775607, 2.871822624795322909, -19.55862259580307239 ) ) ;
#5723 = CARTESIAN_POINT ( 'NONE',  ( -3.672108048166250249, 6.652292183240691159, -20.14999999999999858 ) ) ;
#5724 = VECTOR ( 'NONE', #8772, 1000.000000000000000 ) ;
#5725 = CARTESIAN_POINT ( 'NONE',  ( -1.308781594863564601, 5.031352677470572132, -20.14999999999999503 ) ) ;
#5726 = ADVANCED_FACE ( 'NONE', ( #8143 ), #1346, .T. ) ;
#5727 = EDGE_LOOP ( 'NONE', ( #6314, #5543, #6106, #1087, #4999 ) ) ;
#5728 = FACE_OUTER_BOUND ( 'NONE', #5348, .T. ) ;
#5729 = ORIENTED_EDGE ( 'NONE', *, *, #8649, .T. ) ;
#5730 = ORIENTED_EDGE ( 'NONE', *, *, #5691, .F. ) ;
#5731 = DIRECTION ( 'NONE',  ( 0.000000000000000000, 0.000000000000000000, -1.000000000000000000 ) ) ;
#5732 = AXIS2_PLACEMENT_3D ( 'NONE', #9033, #9081, #2699 ) ;
#5733 = LINE ( 'NONE', #4396, #1934 ) ;
#5734 = CARTESIAN_POINT ( 'NONE',  ( 7.007534138329005735, -1.146013927437381952, 0.000000000000000000 ) ) ;
#5735 = CARTESIAN_POINT ( 'NONE',  ( -4.854305974120694422, -1.568154329908808320, -20.15000000000001279 ) ) ;
#5736 = CARTESIAN_POINT ( 'NONE',  ( -12.34615445140096490, 5.964396724241810333, -11.14327739641608161 ) ) ;
#5737 = CARTESIAN_POINT ( 'NONE',  ( -5.196152422706641794, 3.000000000000417000, -13.14999999999999858 ) ) ;
#5738 = ORIENTED_EDGE ( 'NONE', *, *, #793, .T. ) ;
#5739 = FACE_OUTER_BOUND ( 'NONE', #592, .T. ) ;
#5740 = PLANE ( 'NONE',  #6337 ) ;
#5741 = ORIENTED_EDGE ( 'NONE', *, *, #4591, .F. ) ;
#5742 = DIRECTION ( 'NONE',  ( 1.000000000000000000, 0.000000000000000000, 0.000000000000000000 ) ) ;
#5743 = LINE ( 'NONE', #5102, #2263 ) ;
#5744 = CARTESIAN_POINT ( 'NONE',  ( -0.8755559646738719781, -9.236830114644986267, -20.14999999999999858 ) ) ;
#5745 = CARTESIAN_POINT ( 'NONE',  ( 3.155275728806774538, 6.355703511722967214, -19.57107865010071635 ) ) ;
#5746 = CARTESIAN_POINT ( 'NONE',  ( -4.460435928346717205, 6.504191827515011681, 2.000000000000000000 ) ) ;
#5747 = EDGE_CURVE ( 'NONE', #4262, #5096, #1854, .T. ) ;
#5748 = EDGE_LOOP ( 'NONE', ( #7123, #9146, #4870, #5672 ) ) ;
#5749 = CARTESIAN_POINT ( 'NONE',  ( -5.773159728050933128E-15, 13.00000000000009770, 3.999999999999948042 ) ) ;
#5750 = DIRECTION ( 'NONE',  ( -0.000000000000000000, -0.000000000000000000, 1.000000000000000000 ) ) ;
#5751 = ADVANCED_FACE ( 'NONE', ( #5549 ), #4720, .T. ) ;
#5752 = DIRECTION ( 'NONE',  ( 0.000000000000000000, 0.000000000000000000, -1.000000000000000000 ) ) ;
#5753 = CIRCLE ( 'NONE', #891, 18.00000000000000000 ) ;
#5754 = CARTESIAN_POINT ( 'NONE',  ( 4.813958977305490272, 6.905235998904071693, -19.56522859564387318 ) ) ;
#5755 = DIRECTION ( 'NONE',  ( 0.000000000000000000, 0.000000000000000000, -1.000000000000000000 ) ) ;
#5756 = EDGE_CURVE ( 'NONE', #1249, #4063, #6934, .T. ) ;
#5757 = CYLINDRICAL_SURFACE ( 'NONE', #6867, 0.8999999999999998002 ) ;
#5758 = AXIS2_PLACEMENT_3D ( 'NONE', #5414, #2041, #4860 ) ;
#5759 = ORIENTED_EDGE ( 'NONE', *, *, #7504, .F. ) ;
#5760 = ORIENTED_EDGE ( 'NONE', *, *, #3340, .F. ) ;
#5761 = CARTESIAN_POINT ( 'NONE',  ( -1.792388213268863772, -9.486492523852396275, -19.55799340725604907 ) ) ;
#5762 = ORIENTED_EDGE ( 'NONE', *, *, #7880, .T. ) ;
#5763 = DIRECTION ( 'NONE',  ( 0.000000000000000000, 0.000000000000000000, -1.000000000000000000 ) ) ;
#5764 = CARTESIAN_POINT ( 'NONE',  ( -5.789233435624931978, 4.190732121427185319, 0.000000000000000000 ) ) ;
#5765 = CARTESIAN_POINT ( 'NONE',  ( 6.856896605832449865, 0.1113363194593286476, -20.15000000000001634 ) ) ;
#5766 = CARTESIAN_POINT ( 'NONE',  ( -5.953023832869288157, 3.889060262801577572, -13.20000004752828104 ) ) ;
#5767 = AXIS2_PLACEMENT_3D ( 'NONE', #4345, #2075, #7013 ) ;
#5768 = CARTESIAN_POINT ( 'NONE',  ( -0.1559481571239698383, 4.900622204498927381, -20.15000000000000213 ) ) ;
#5769 = EDGE_CURVE ( 'NONE', #2085, #6116, #165, .T. ) ;
#5770 = ADVANCED_FACE ( 'NONE', ( #5460 ), #8883, .T. ) ;
#5771 = ORIENTED_EDGE ( 'NONE', *, *, #8822, .F. ) ;
#5772 = CARTESIAN_POINT ( 'NONE',  ( 4.631508648373741543, -17.39393939393946908, 0.000000000000000000 ) ) ;
#5773 = ORIENTED_EDGE ( 'NONE', *, *, #1997, .T. ) ;
#5774 = ORIENTED_EDGE ( 'NONE', *, *, #2485, .F. ) ;
#5775 = DIRECTION ( 'NONE',  ( 0.000000000000000000, 0.000000000000000000, -1.000000000000000000 ) ) ;
#5776 = AXIS2_PLACEMENT_3D ( 'NONE', #8907, #1839, #3216 ) ;
#5777 = CIRCLE ( 'NONE', #7397, 16.50000000000000355 ) ;
#5778 = DIRECTION ( 'NONE',  ( 0.3420201447259059724, 0.9396926202762637681, 0.000000000000000000 ) ) ;
#5779 = CARTESIAN_POINT ( 'NONE',  ( 16.30012398138549656, 2.560460542844098519, -0.9999999999999974465 ) ) ;
#5780 = EDGE_CURVE ( 'NONE', #4294, #943, #9051, .T. ) ;
#5781 = CARTESIAN_POINT ( 'NONE',  ( -3.926109790656424625, -5.955456753936135605, -19.57096630709249752 ) ) ;
#5782 = DIRECTION ( 'NONE',  ( 3.826746857837040313E-15, -6.747586605821849568E-16, 1.000000000000000000 ) ) ;
#5783 = CARTESIAN_POINT ( 'NONE',  ( -16.26100339971943143, 10.51177461867924912, -6.534948989732482616 ) ) ;
#5784 = CARTESIAN_POINT ( 'NONE',  ( 6.226357832181133922, 6.894323926026968863, -12.72851349955008615 ) ) ;
#5785 = CIRCLE ( 'NONE', #5636, 1.325000000000436939 ) ;
#5786 = CIRCLE ( 'NONE', #2104, 0.8999999999999998002 ) ;
#5787 = EDGE_LOOP ( 'NONE', ( #3975, #1900, #5046, #7519, #5478, #8173, #5515, #4213, #4147, #8561, #1281 ) ) ;
#5788 = LINE ( 'NONE', #527, #5406 ) ;
#5789 = CARTESIAN_POINT ( 'NONE',  ( 1.999999999999841238, -14.26393202250030434, -12.00000000000000000 ) ) ;
#5790 = ORIENTED_EDGE ( 'NONE', *, *, #4628, .T. ) ;
#5791 = AXIS2_PLACEMENT_3D ( 'NONE', #4291, #7106, #8541 ) ;
#5792 = DIRECTION ( 'NONE',  ( 0.000000000000000000, 0.000000000000000000, -1.000000000000000000 ) ) ;
#5793 = VECTOR ( 'NONE', #7224, 1000.000000000000000 ) ;
#5794 = CARTESIAN_POINT ( 'NONE',  ( 2.965264958993381050, -8.580876789366099544, -19.56159731142304992 ) ) ;
#5795 = CARTESIAN_POINT ( 'NONE',  ( 1.471479065716148282, -8.984693207565342732, -20.15000000000000213 ) ) ;
#5796 = CARTESIAN_POINT ( 'NONE',  ( 2.531269192235849896, 6.043748862921721532, -19.57273445135099266 ) ) ;
#5797 = FACE_OUTER_BOUND ( 'NONE', #4821, .T. ) ;
#5798 = VERTEX_POINT ( 'NONE', #1206 ) ;
#5799 = DIRECTION ( 'NONE',  ( 0.000000000000000000, 0.000000000000000000, -1.000000000000000000 ) ) ;
#5800 = CARTESIAN_POINT ( 'NONE',  ( 1.545187673422720565, -9.720469190312629237, -12.70582773874845017 ) ) ;
#5801 = CARTESIAN_POINT ( 'NONE',  ( 9.028229603130650816, 3.824204899864585894, -19.55699402568319911 ) ) ;
#5802 = B_SPLINE_CURVE_WITH_KNOTS ( 'NONE', 3,
 ( #3545, #634, #4837, #32, #8489, #1463, #6354, #814 ),
 .UNSPECIFIED., .F., .F.,
 ( 4, 2, 2, 4 ),
 ( 0.000000000000000000, 0.0003458595539914046811, 0.0006917191079828093623, 0.001383438215965615255 ),
 .UNSPECIFIED. ) ;
#5803 = CARTESIAN_POINT ( 'NONE',  ( 6.859980541957671818, 5.881935408042098246, -20.14999999999999858 ) ) ;
#5804 = ORIENTED_EDGE ( 'NONE', *, *, #6656, .T. ) ;
#5805 = CARTESIAN_POINT ( 'NONE',  ( 0.4460844176265958416, -9.893727033767095946, -19.55632598351755291 ) ) ;
#5806 = ORIENTED_EDGE ( 'NONE', *, *, #7560, .T. ) ;
#5807 = LINE ( 'NONE', #265, #1446 ) ;
#5808 = LINE ( 'NONE', #1696, #4618 ) ;
#5809 = CARTESIAN_POINT ( 'NONE',  ( -5.960299192652010802, 6.846878872846704489, -19.56157547112161055 ) ) ;
#5810 = EDGE_CURVE ( 'NONE', #3435, #8934, #7683, .T. ) ;
#5811 = CARTESIAN_POINT ( 'NONE',  ( -2.736724009889419662, 6.112247956945866534, -12.76258171639310746 ) ) ;
#5812 = CARTESIAN_POINT ( 'NONE',  ( 2.557786920584651291, 5.409109356891406151, -20.15000000000000924 ) ) ;
#5813 = EDGE_LOOP ( 'NONE', ( #6616, #2098, #2567, #8592 ) ) ;
#5814 = LINE ( 'NONE', #5772, #6476 ) ;
#5815 = ORIENTED_EDGE ( 'NONE', *, *, #3749, .T. ) ;
#5816 = VERTEX_POINT ( 'NONE', #3378 ) ;
#5817 = CARTESIAN_POINT ( 'NONE',  ( 17.57684056424935548, 9.544039563383748259, -5.908695657673544765 ) ) ;
#5818 = EDGE_CURVE ( 'NONE', #1787, #7429, #3330, .T. ) ;
#5819 = CARTESIAN_POINT ( 'NONE',  ( 10.28941916244337840, 8.249999999999765521, -0.9999999999999974465 ) ) ;
#5820 = FACE_OUTER_BOUND ( 'NONE', #8544, .T. ) ;
#5821 = CARTESIAN_POINT ( 'NONE',  ( -3.781497161588434963, -3.429336948487235581, -20.15000000000000568 ) ) ;
#5822 = CARTESIAN_POINT ( 'NONE',  ( -12.38965368118810950, 5.927958054061489790, -11.35123915384314941 ) ) ;
#5823 = CARTESIAN_POINT ( 'NONE',  ( -6.956479341163971597, 0.1690398737863264556, -20.15000000000000924 ) ) ;
#5824 = EDGE_CURVE ( 'NONE', #1588, #42, #897, .T. ) ;
#5825 = CARTESIAN_POINT ( 'NONE',  ( 6.148780366869377900, 3.549999999999838174, -13.19999999999999751 ) ) ;
#5826 = EDGE_CURVE ( 'NONE', #3058, #1228, #3239, .T. ) ;
#5827 = ORIENTED_EDGE ( 'NONE', *, *, #3429, .T. ) ;
#5828 = DIRECTION ( 'NONE',  ( 0.000000000000000000, 0.000000000000000000, 1.000000000000000000 ) ) ;
#5829 = CARTESIAN_POINT ( 'NONE',  ( -4.495037748814285194, -5.495922213774227849, 0.000000000000000000 ) ) ;
#5830 = ORIENTED_EDGE ( 'NONE', *, *, #8442, .T. ) ;
#5831 = FACE_OUTER_BOUND ( 'NONE', #7831, .T. ) ;
#5832 = CARTESIAN_POINT ( 'NONE',  ( 0.9999999999997701838, -21.18131433805521624, -6.800000000000000711 ) ) ;
#5833 = CARTESIAN_POINT ( 'NONE',  ( -8.863269782284989518, -1.562833569652949839, 3.999999999999949818 ) ) ;
#5834 = CARTESIAN_POINT ( 'NONE',  ( 3.190637508372784037, 6.375638529316795200, -19.57097720948778630 ) ) ;
#5835 = AXIS2_PLACEMENT_3D ( 'NONE', #4566, #7428, #7380 ) ;
#5836 = EDGE_CURVE ( 'NONE', #991, #3030, #9020, .T. ) ;
#5837 = CLOSED_SHELL ( 'NONE', ( #6429, #58, #350, #4685, #1874, #2412, #5286, #8708, #1598, #8706, #6847, #3742, #5274, #4193, #4994, #856, #1014, #2586, #3519, #4745, #7825, #6024, #76, #1899, #1185, #8295, #4738, #5770, #6893, #5937, #3627, #4081, #632, #451, #6215, #5751, #8820, #2300, #3298, #2373, #3572, #1715, #977, #2489, #1652, #4819, #6724, #1983, #8619, #2769, #8877, #7331, #4413, #3408, #7000, #1945, #8864, #7628, #5193, #614, #3802, #4390, #4259, #2292, #2955, #5305, #3420, #7140, #1244, #9063, #1796, #3123, #8415, #3039, #3634, #1139, #9105, #1584, #1550, #2897, #4868, #6321, #1364, #4734, #4130, #4981, #854, #7865, #5443, #5874, #9029, #979, #1208, #8144, #6554, #3266, #71, #8200, #1086, #8, #8978, #3207, #1416, #239, #9002, #2057, #9126, #3297, #1709, #1861, #2234, #4783, #6604, #3557, #275, #6081, #4752, #1028, #3348, #1604, #4366, #1869, #9035, #1532, #7248, #4937, #6101, #4030, #950, #7078, #3841, #8494, #6535, #7285, #5651, #3160, #6491, #7236, #6666, #7643, #1700, #2097, #1939, #4490, #3623, #7861, #679, #196, #8755, #4423, #4926, #8587, #495, #2448, #5726, #1024, #2148, #1482, #5269, #1046, #8179, #4648, #3059, #1127, #7175, #1258, #525, #8733, #2609, #7055, #7563, #7186, #2741, #346, #2499, #7677, #2284, #4462, #3912, #1555, #7435, #4117, #1701, #7978, #7961, #62, #4234, #2374, #7686, #5247, #4467, #6163, #6442, #6522, #6878, #6263, #2554, #2205, #3513, #4018, #3956, #1811, #8771, #4307, #1187, #1351 ) ) ;
#5838 = LINE ( 'NONE', #1824, #6482 ) ;
#5839 = ORIENTED_EDGE ( 'NONE', *, *, #4885, .F. ) ;
#5840 = CARTESIAN_POINT ( 'NONE',  ( -5.932638115202065521, -15.39655172413783824, -12.00000000000000000 ) ) ;
#5841 = AXIS2_PLACEMENT_3D ( 'NONE', #1547, #4364, #3397 ) ;
#5842 = CARTESIAN_POINT ( 'NONE',  ( 4.718010566148164386, -5.324769750921419131, -13.13740783350430519 ) ) ;
#5843 = CARTESIAN_POINT ( 'NONE',  ( 8.493326151143188341, 0.8734519632075294915, -19.56459495650982916 ) ) ;
#5844 = CIRCLE ( 'NONE', #4092, 18.00000000000000000 ) ;
#5845 = CARTESIAN_POINT ( 'NONE',  ( -16.72034196630246328, -1.937906455891935220, -0.6677307479773407772 ) ) ;
#5846 = ORIENTED_EDGE ( 'NONE', *, *, #4067, .T. ) ;
#5847 = CARTESIAN_POINT ( 'NONE',  ( -1.561049267808315655, -9.595918109395215723, -19.55754720123680102 ) ) ;
#5848 = ORIENTED_EDGE ( 'NONE', *, *, #7751, .T. ) ;
#5849 = DIRECTION ( 'NONE',  ( 1.000000000000000000, 0.000000000000000000, 0.000000000000000000 ) ) ;
#5850 = DIRECTION ( 'NONE',  ( 1.641544043552910704E-14, 1.000000000000000000, 0.000000000000000000 ) ) ;
#5851 = CARTESIAN_POINT ( 'NONE',  ( 6.005511024562376399, 6.227991276043514546, -20.15000000000000568 ) ) ;
#5852 = CARTESIAN_POINT ( 'NONE',  ( 11.35292748933974138, 8.864016818818996057, -12.00000000000000000 ) ) ;
#5853 = CARTESIAN_POINT ( 'NONE',  ( -1.497206623929173697, -19.94424980676860670, -11.87425840948973743 ) ) ;
#5854 = VECTOR ( 'NONE', #3293, 1000.000000000000114 ) ;
#5855 = ORIENTED_EDGE ( 'NONE', *, *, #5810, .F. ) ;
#5856 = DIRECTION ( 'NONE',  ( 5.695779570086170146E-16, 1.564902575500329879E-15, -1.000000000000000000 ) ) ;
#5857 = ORIENTED_EDGE ( 'NONE', *, *, #8306, .F. ) ;
#5858 = ORIENTED_EDGE ( 'NONE', *, *, #5596, .F. ) ;
#5859 = CARTESIAN_POINT ( 'NONE',  ( 17.78701496746385757, 9.144649702898011157, -6.538326650150961150 ) ) ;
#5860 = EDGE_CURVE ( 'NONE', #6827, #4857, #6099, .T. ) ;
#5861 = CYLINDRICAL_SURFACE ( 'NONE', #6799, 1.000000000000000000 ) ;
#5862 = DIRECTION ( 'NONE',  ( -0.6427876096865500211, -0.7660444431189690206, 0.000000000000000000 ) ) ;
#5863 = CARTESIAN_POINT ( 'NONE',  ( -3.377005217420367966, -5.150822856488392887, -20.14999999999999858 ) ) ;
#5864 = CARTESIAN_POINT ( 'NONE',  ( 3.947370906419107595, -5.425768001931699835, -19.57225385687642927 ) ) ;
#5865 = CIRCLE ( 'NONE', #6607, 14.99999999999999822 ) ;
#5866 = CARTESIAN_POINT ( 'NONE',  ( -6.713486260349388779, 5.960341319418952288, -20.15000000000000568 ) ) ;
#5867 = CARTESIAN_POINT ( 'NONE',  ( -14.28941916244309951, 8.250000000000220268, -3.000000000000000888 ) ) ;
#5868 = ORIENTED_EDGE ( 'NONE', *, *, #622, .F. ) ;
#5869 = CARTESIAN_POINT ( 'NONE',  ( -5.720927347595803347, -4.291063167553447855, 0.000000000000000000 ) ) ;
#5870 = EDGE_CURVE ( 'NONE', #479, #5492, #2877, .T. ) ;
#5871 = VERTEX_POINT ( 'NONE', #2728 ) ;
#5872 = CARTESIAN_POINT ( 'NONE',  ( -17.32050807568862894, 10.00000000000026112, -5.800000000000000711 ) ) ;
#5873 = CARTESIAN_POINT ( 'NONE',  ( -2.000000000000147438, -13.03589838486217722, -12.00000000000000000 ) ) ;
#5874 = ADVANCED_FACE ( 'NONE', ( #2135 ), #6470, .T. ) ;
#5875 = CARTESIAN_POINT ( 'NONE',  ( -1.000000000000153877, -13.67157287525377285, -11.00000000000000000 ) ) ;
#5876 = VECTOR ( 'NONE', #2516, 1000.000000000000000 ) ;
#5877 = CARTESIAN_POINT ( 'NONE',  ( 2.203289423731926266, 5.908129630720412528, -19.57349397565762672 ) ) ;
#5878 = EDGE_CURVE ( 'NONE', #1628, #6128, #104, .T. ) ;
#5879 = AXIS2_PLACEMENT_3D ( 'NONE', #166, #7791, #4927 ) ;
#5880 = ORIENTED_EDGE ( 'NONE', *, *, #4581, .F. ) ;
#5881 = CARTESIAN_POINT ( 'NONE',  ( -11.43531719619345921, 5.447482923112051623, -6.667375129308241277 ) ) ;
#5882 = DIRECTION ( 'NONE',  ( 0.000000000000000000, 0.000000000000000000, 1.000000000000000000 ) ) ;
#5883 = DIRECTION ( 'NONE',  ( -0.000000000000000000, -0.000000000000000000, -1.000000000000000000 ) ) ;
#5884 = EDGE_CURVE ( 'NONE', #316, #8080, #2776, .T. ) ;
#5885 = CARTESIAN_POINT ( 'NONE',  ( -0.5137812952128492094, -9.924999999999961631, -12.69999995247171398 ) ) ;
#5886 = CARTESIAN_POINT ( 'NONE',  ( 8.226564928038747837, 5.485292667803600253, -19.55643588583544457 ) ) ;
#5887 = CARTESIAN_POINT ( 'NONE',  ( 6.765279930642997819, 5.934658251753267777, -20.14999999999999147 ) ) ;
#5888 = VERTEX_POINT ( 'NONE', #8564 ) ;
#5889 = CARTESIAN_POINT ( 'NONE',  ( -0.2586540563035124030, -9.912250471140467312, -19.55624926904061311 ) ) ;
#5890 = CIRCLE ( 'NONE', #5169, 3.000000000000000444 ) ;
#5891 = ORIENTED_EDGE ( 'NONE', *, *, #4509, .T. ) ;
#5892 = LINE ( 'NONE', #5943, #2472 ) ;
#5893 = B_SPLINE_CURVE_WITH_KNOTS ( 'NONE', 3,
 ( #6650, #325, #5956, #8130, #3891, #6693 ),
 .UNSPECIFIED., .F., .F.,
 ( 4, 2, 4 ),
 ( 0.000000000000000000, 0.0003167139184532482849, 0.0006334278369064965698 ),
 .UNSPECIFIED. ) ;
#5894 = DIRECTION ( 'NONE',  ( 0.8660254037844332675, -0.5000000000000092149, 0.000000000000000000 ) ) ;
#5895 = FACE_OUTER_BOUND ( 'NONE', #4582, .T. ) ;
#5896 = CARTESIAN_POINT ( 'NONE',  ( 5.196152422706617813, 3.000000000000023981, -20.14999999999999858 ) ) ;
#5897 = CARTESIAN_POINT ( 'NONE',  ( -3.445558136893952739, 5.837550882439047406, -20.14999999999997726 ) ) ;
#5898 = AXIS2_PLACEMENT_3D ( 'NONE', #3542, #6350, #6257 ) ;
#5899 = EDGE_LOOP ( 'NONE', ( #5099, #2633, #3376, #6643 ) ) ;
#5900 = LINE ( 'NONE', #2272, #5441 ) ;
#5901 = VERTEX_POINT ( 'NONE', #2232 ) ;
#5902 = VERTEX_POINT ( 'NONE', #3617 ) ;
#5903 = CARTESIAN_POINT ( 'NONE',  ( -2.620126338115370445E-13, -16.50000000000000000, 4.000000000000000000 ) ) ;
#5904 = DIRECTION ( 'NONE',  ( 1.070456406326679942E-15, -1.275720267955269872E-15, 1.000000000000000000 ) ) ;
#5905 = CARTESIAN_POINT ( 'NONE',  ( 17.84355630229944722, 11.45668257281192837, -5.800000000000000711 ) ) ;
#5906 = CARTESIAN_POINT ( 'NONE',  ( -3.896166185742937493, -3.139944383397025085, -20.15000000000000213 ) ) ;
#5907 = CIRCLE ( 'NONE', #7381, 17.50000000000001066 ) ;
#5908 = FACE_OUTER_BOUND ( 'NONE', #4017, .T. ) ;
#5909 = CARTESIAN_POINT ( 'NONE',  ( -7.304050273386151204, 5.572852689498190237, -20.15000000000001279 ) ) ;
#5910 = CARTESIAN_POINT ( 'NONE',  ( 8.595302132560544095, 4.962500000000044764, -20.14999999999999858 ) ) ;
#5911 = ORIENTED_EDGE ( 'NONE', *, *, #6886, .T. ) ;
#5912 = AXIS2_PLACEMENT_3D ( 'NONE', #654, #2964, #5088 ) ;
#5913 = CARTESIAN_POINT ( 'NONE',  ( 6.336769109236663589, -0.2164176551055817521, -20.14999999999999858 ) ) ;
#5914 = FACE_OUTER_BOUND ( 'NONE', #7163, .T. ) ;
#5915 = CARTESIAN_POINT ( 'NONE',  ( 4.163336342344414651E-14, 7.211110073938320752E-14, -5.800000000000000711 ) ) ;
#5916 = ORIENTED_EDGE ( 'NONE', *, *, #5153, .F. ) ;
#5917 = CARTESIAN_POINT ( 'NONE',  ( 17.28801028328764389, 2.715639969683133703, 0.000000000000000000 ) ) ;
#5918 = CARTESIAN_POINT ( 'NONE',  ( 16.79884389200626060, 10.85351758150342683, -6.800000000000000711 ) ) ;
#5919 = FACE_OUTER_BOUND ( 'NONE', #6753, .T. ) ;
#5920 = AXIS2_PLACEMENT_3D ( 'NONE', #4478, #8119, #8076 ) ;
#5921 = VECTOR ( 'NONE', #8949, 1000.000000000000000 ) ;
#5922 = DIRECTION ( 'NONE',  ( -0.000000000000000000, -0.000000000000000000, 1.000000000000000000 ) ) ;
#5923 = EDGE_CURVE ( 'NONE', #8660, #6175, #7079, .T. ) ;
#5924 = EDGE_CURVE ( 'NONE', #6828, #544, #8719, .T. ) ;
#5925 = CYLINDRICAL_SURFACE ( 'NONE', #8989, 16.50000000000000355 ) ;
#5926 = VECTOR ( 'NONE', #8655, 999.9999999999998863 ) ;
#5927 = VECTOR ( 'NONE', #7999, 1000.000000000000000 ) ;
#5928 = VERTEX_POINT ( 'NONE', #5049 ) ;
#5929 = DIRECTION ( 'NONE',  ( -0.000000000000000000, -0.000000000000000000, 1.000000000000000000 ) ) ;
#5930 = CARTESIAN_POINT ( 'NONE',  ( -0.8728263242987799320, -19.37070427560706420, -6.294943955526784762 ) ) ;
#5931 = CARTESIAN_POINT ( 'NONE',  ( 10.28941916244337840, 8.249999999999980460, -12.00000000000000000 ) ) ;
#5932 = EDGE_CURVE ( 'NONE', #569, #682, #5179, .T. ) ;
#5933 = CARTESIAN_POINT ( 'NONE',  ( 3.924999999999967404, -5.426196494184077679, -12.76259216649566675 ) ) ;
#5934 = CARTESIAN_POINT ( 'NONE',  ( 9.097594814330092206, 2.612220302354382184, -19.55920476927012785 ) ) ;
#5935 = EDGE_CURVE ( 'NONE', #1813, #7249, #5687, .T. ) ;
#5936 = CIRCLE ( 'NONE', #5503, 13.00000000000000000 ) ;
#5937 = ADVANCED_FACE ( 'NONE', ( #7772 ), #1438, .F. ) ;
#5938 = CARTESIAN_POINT ( 'NONE',  ( 8.522032049248055685, 3.217622233581624691, -20.14999999999999858 ) ) ;
#5939 = ORIENTED_EDGE ( 'NONE', *, *, #7346, .F. ) ;
#5940 = CARTESIAN_POINT ( 'NONE',  ( 0.2534698460096334038, -9.911040739483400586, -19.55625418071232602 ) ) ;
#5941 = EDGE_LOOP ( 'NONE', ( #8215, #3971, #3628, #4961 ) ) ;
#5942 = DIRECTION ( 'NONE',  ( 1.000000000000000000, 0.000000000000000000, 0.000000000000000000 ) ) ;
#5943 = CARTESIAN_POINT ( 'NONE',  ( -11.43531719619345921, 5.447482923112050734, -12.00000000000000000 ) ) ;
#5944 = B_SPLINE_CURVE_WITH_KNOTS ( 'NONE', 3,
 ( #8612, #747, #7874, #8516, #2136, #7727, #5595, #7773, #4956, #8417 ),
 .UNSPECIFIED., .F., .F.,
 ( 4, 2, 2, 2, 4 ),
 ( 2.106043889109922216E-18, 0.0003921038166128732795, 0.0007842076332257443905, 0.001176311449838615773, 0.001568415266451486829 ),
 .UNSPECIFIED. ) ;
#5945 = CARTESIAN_POINT ( 'NONE',  ( -1.506460456319277372E-13, -13.50000000000000000, -5.800000000000000711 ) ) ;
#5946 = CARTESIAN_POINT ( 'NONE',  ( 4.231376896274661625, 6.189464855438132851, -20.14999999999998437 ) ) ;
#5947 = CYLINDRICAL_SURFACE ( 'NONE', #6219, 15.99999999999999822 ) ;
#5948 = CARTESIAN_POINT ( 'NONE',  ( -3.470975606266341273, 5.851854748002676132, -20.15000000000000568 ) ) ;
#5949 = ORIENTED_EDGE ( 'NONE', *, *, #2043, .F. ) ;
#5950 = DIRECTION ( 'NONE',  ( -1.028313268071524502E-14, -1.000000000000000000, -0.000000000000000000 ) ) ;
#5951 = ORIENTED_EDGE ( 'NONE', *, *, #6210, .F. ) ;
#5952 = ORIENTED_EDGE ( 'NONE', *, *, #7581, .F. ) ;
#5953 = DIRECTION ( 'NONE',  ( -0.000000000000000000, -0.000000000000000000, 1.000000000000000000 ) ) ;
#5954 = LINE ( 'NONE', #3008, #2821 ) ;
#5955 = DIRECTION ( 'NONE',  ( 1.000000000000000000, 0.000000000000000000, 0.000000000000000000 ) ) ;
#5956 = CARTESIAN_POINT ( 'NONE',  ( -17.26381209064610189, 7.845404538466115518, -11.99051935266600211 ) ) ;
#5957 = CARTESIAN_POINT ( 'NONE',  ( 3.926341812492331940, -5.927559386046510781, -19.57103597512897153 ) ) ;
#5958 = CARTESIAN_POINT ( 'NONE',  ( -3.529351258158213600, 5.885157452913961862, -20.14999999999999858 ) ) ;
#5959 = CYLINDRICAL_SURFACE ( 'NONE', #8148, 3.000000000000000888 ) ;
#5960 = ORIENTED_EDGE ( 'NONE', *, *, #9093, .T. ) ;
#5961 = CARTESIAN_POINT ( 'NONE',  ( 3.517715054490657245, -4.310054552266477046, -20.14999999999999858 ) ) ;
#5962 = DIRECTION ( 'NONE',  ( -1.000000000000000000, 0.000000000000000000, 0.000000000000000000 ) ) ;
#5963 = CARTESIAN_POINT ( 'NONE',  ( -2.620126338115370445E-13, -16.50000000000000000, -12.00000000000000000 ) ) ;
#5964 = CARTESIAN_POINT ( 'NONE',  ( -2.736161146605239569, 7.517540966287299398, 0.000000000000000000 ) ) ;
#5965 = DIRECTION ( 'NONE',  ( 0.8660254037844332675, -0.5000000000000093259, 0.000000000000000000 ) ) ;
#5966 = CARTESIAN_POINT ( 'NONE',  ( 15.73890890522646302, 11.39626436994185887, -12.00000000000000000 ) ) ;
#5967 = CARTESIAN_POINT ( 'NONE',  ( -12.09546000792372666, 10.97700260878163370, 0.000000000000000000 ) ) ;
#5968 = ORIENTED_EDGE ( 'NONE', *, *, #8943, .T. ) ;
#5969 = EDGE_CURVE ( 'NONE', #4797, #4570, #5733, .T. ) ;
#5970 = CARTESIAN_POINT ( 'NONE',  ( -11.34521508663189948, 5.541803731346990780, -6.295470266795013536 ) ) ;
#5971 = LINE ( 'NONE', #4643, #3424 ) ;
#5972 = DIRECTION ( 'NONE',  ( 1.000000000000000000, 0.000000000000000000, 0.000000000000000000 ) ) ;
#5973 = CARTESIAN_POINT ( 'NONE',  ( 2.308076694259579842, -6.748369234145656037, -13.17148650044992841 ) ) ;
#5974 = CIRCLE ( 'NONE', #8507, 15.99999999999999822 ) ;
#5975 = CARTESIAN_POINT ( 'NONE',  ( 8.385727937162501533, 0.7145059361745275117, -19.56523644614692969 ) ) ;
#5976 = DIRECTION ( 'NONE',  ( 0.4999999999999950595, -0.8660254037844415942, 0.000000000000000000 ) ) ;
#5977 = ORIENTED_EDGE ( 'NONE', *, *, #3164, .F. ) ;
#5978 = CARTESIAN_POINT ( 'NONE',  ( -3.271152422706193441, 3.000000000000417444, -13.14999999999999858 ) ) ;
#5979 = AXIS2_PLACEMENT_3D ( 'NONE', #5444, #1935, #8259 ) ;
#5980 = EDGE_CURVE ( 'NONE', #15, #3603, #3110, .T. ) ;
#5981 = ORIENTED_EDGE ( 'NONE', *, *, #2174, .T. ) ;
#5982 = CARTESIAN_POINT ( 'NONE',  ( 0.9999999999997890576, -19.32842712474617386, -6.666904682248426361 ) ) ;
#5983 = DIRECTION ( 'NONE',  ( -0.6427876325164392224, -0.7660444239624170093, 0.000000000000000000 ) ) ;
#5984 = DIRECTION ( 'NONE',  ( 0.000000000000000000, 0.000000000000000000, 1.000000000000000000 ) ) ;
#5985 = CARTESIAN_POINT ( 'NONE',  ( 5.631093821682841671, 6.301108145332851684, -20.14999999999999858 ) ) ;
#5986 = CARTESIAN_POINT ( 'NONE',  ( -10.43531719619343257, 7.179533730680914161, -6.800000000000000711 ) ) ;
#5987 = CARTESIAN_POINT ( 'NONE',  ( -3.527505509605180833, 5.884095236033644483, -20.14999999999999503 ) ) ;
#5988 = AXIS2_PLACEMENT_3D ( 'NONE', #337, #3153, #987 ) ;
#5989 = ORIENTED_EDGE ( 'NONE', *, *, #7742, .F. ) ;
#5990 = DIRECTION ( 'NONE',  ( -1.028313268071524818E-14, -1.000000000000000000, 0.000000000000000000 ) ) ;
#5991 = VERTEX_POINT ( 'NONE', #746 ) ;
#5992 = ORIENTED_EDGE ( 'NONE', *, *, #3925, .T. ) ;
#5993 = CARTESIAN_POINT ( 'NONE',  ( -1.072073977293679814, -9.148396958012321889, -20.14999999999999147 ) ) ;
#5994 = DIRECTION ( 'NONE',  ( 0.000000000000000000, 0.000000000000000000, -1.000000000000000000 ) ) ;
#5995 = DIRECTION ( 'NONE',  ( 0.000000000000000000, 0.000000000000000000, -1.000000000000000000 ) ) ;
#5996 = CIRCLE ( 'NONE', #5561, 3.000000000000000888 ) ;
#5997 = CARTESIAN_POINT ( 'NONE',  ( -3.404022077930977996, -4.921799647710853876, -20.14999999999998792 ) ) ;
#5998 = CARTESIAN_POINT ( 'NONE',  ( 5.410837185768477831, -1.828181510768707829, -19.57531228607802021 ) ) ;
#5999 = CARTESIAN_POINT ( 'NONE',  ( -3.920077874606414436, 6.078828304677799999, -20.14999999999999858 ) ) ;
#6000 = CARTESIAN_POINT ( 'NONE',  ( 3.924999999999962519, -6.506284946773680744, -20.14999999999999858 ) ) ;
#6001 = VERTEX_POINT ( 'NONE', #55 ) ;
#6002 = CARTESIAN_POINT ( 'NONE',  ( 14.30979628794044345, 4.750059318680098563, -0.4999999999999800715 ) ) ;
#6003 = CARTESIAN_POINT ( 'NONE',  ( 5.607806138420529329, -0.7848224690847533935, -20.14999999999999858 ) ) ;
#6004 = CARTESIAN_POINT ( 'NONE',  ( 5.196152422706617813, 3.000000000000023981, -13.75000000000000178 ) ) ;
#6005 = LINE ( 'NONE', #5915, #5032 ) ;
#6006 = DIRECTION ( 'NONE',  ( -0.000000000000000000, -0.000000000000000000, 1.000000000000000000 ) ) ;
#6007 = CARTESIAN_POINT ( 'NONE',  ( -10.28941916244310129, 8.250000000000184741, -12.00000000000000000 ) ) ;
#6008 = CYLINDRICAL_SURFACE ( 'NONE', #6731, 15.00000000000000533 ) ;
#6009 = VECTOR ( 'NONE', #4287, 1000.000000000000000 ) ;
#6010 = EDGE_CURVE ( 'NONE', #427, #7112, #306, .T. ) ;
#6011 = ORIENTED_EDGE ( 'NONE', *, *, #7971, .F. ) ;
#6012 = DIRECTION ( 'NONE',  ( 0.000000000000000000, 0.000000000000000000, -1.000000000000000000 ) ) ;
#6013 = EDGE_LOOP ( 'NONE', ( #7197, #6540, #2521, #542, #6352, #8336, #9028, #8511, #4189, #1356, #3273 ) ) ;
#6014 = CARTESIAN_POINT ( 'NONE',  ( 5.213530464874098769, -13.53030303030311998, 0.000000000000000000 ) ) ;
#6015 = AXIS2_PLACEMENT_3D ( 'NONE', #2008, #4873, #2055 ) ;
#6016 = CARTESIAN_POINT ( 'NONE',  ( -16.23368793961390821, 11.68192517863532132, -12.00000000000000000 ) ) ;
#6017 = CARTESIAN_POINT ( 'NONE',  ( -1.506460456319277372E-13, -13.50000000000000000, -5.800000000000000711 ) ) ;
#6018 = CARTESIAN_POINT ( 'NONE',  ( -3.925000000000036238, -5.426196494184017283, -20.14999999999999503 ) ) ;
#6019 = DIRECTION ( 'NONE',  ( 0.000000000000000000, 0.000000000000000000, 1.000000000000000000 ) ) ;
#6020 = AXIS2_PLACEMENT_3D ( 'NONE', #8123, #2011, #3490 ) ;
#6021 = CARTESIAN_POINT ( 'NONE',  ( 8.437340218899734623, 3.859297654690177382, -20.14999999999999503 ) ) ;
#6022 = ORIENTED_EDGE ( 'NONE', *, *, #142, .T. ) ;
#6023 = CARTESIAN_POINT ( 'NONE',  ( 9.110820912707024988, 11.28020134113662110, 0.000000000000000000 ) ) ;
#6024 = ADVANCED_FACE ( 'NONE', ( #2180 ), #4910, .F. ) ;
#6025 = ORIENTED_EDGE ( 'NONE', *, *, #5090, .F. ) ;
#6026 = DIRECTION ( 'NONE',  ( -0.000000000000000000, -0.000000000000000000, 1.000000000000000000 ) ) ;
#6027 = CARTESIAN_POINT ( 'NONE',  ( 1.999999999999783284, -19.89974874213242373, -12.00000000000000000 ) ) ;
#6028 = DIRECTION ( 'NONE',  ( 0.000000000000000000, 0.000000000000000000, -1.000000000000000000 ) ) ;
#6029 = CARTESIAN_POINT ( 'NONE',  ( 6.471386449529937579, 6.074255620451865845, -20.15000000000000213 ) ) ;
#6030 = DIRECTION ( 'NONE',  ( 0.000000000000000000, 0.000000000000000000, -1.000000000000000000 ) ) ;
#6031 = CARTESIAN_POINT ( 'NONE',  ( -3.528033037138930794, 5.884398784816863071, -20.15000000000001634 ) ) ;
#6032 = EDGE_CURVE ( 'NONE', #4436, #1228, #7846, .T. ) ;
#6033 = ORIENTED_EDGE ( 'NONE', *, *, #3736, .T. ) ;
#6034 = AXIS2_PLACEMENT_3D ( 'NONE', #6098, #4076, #1903 ) ;
#6035 = VERTEX_POINT ( 'NONE', #794 ) ;
#6036 = EDGE_CURVE ( 'NONE', #4072, #3288, #7726, .T. ) ;
#6037 = ORIENTED_EDGE ( 'NONE', *, *, #7130, .F. ) ;
#6038 = CARTESIAN_POINT ( 'NONE',  ( -0.1110050467257382711, -9.324916312607991031, -20.14999999999999147 ) ) ;
#6039 = CARTESIAN_POINT ( 'NONE',  ( 6.148780366869437408, 3.549999999999869704, 0.000000000000000000 ) ) ;
#6040 = CARTESIAN_POINT ( 'NONE',  ( 11.83192209303908982, 6.525074983937541262, -5.827035454541359627 ) ) ;
#6041 = CARTESIAN_POINT ( 'NONE',  ( 6.557114309732861912, -0.7871842622738043360, -19.57257834208292735 ) ) ;
#6042 = CARTESIAN_POINT ( 'NONE',  ( -5.682048746400639949, 6.292261635839611955, -20.14999999999999858 ) ) ;
#6043 = CARTESIAN_POINT ( 'NONE',  ( 3.386065327529324431, -6.277589482535963050, 0.000000000000000000 ) ) ;
#6044 = VECTOR ( 'NONE', #8084, 1000.000000000000000 ) ;
#6045 = EDGE_CURVE ( 'NONE', #7482, #2912, #9012, .T. ) ;
#6046 = ORIENTED_EDGE ( 'NONE', *, *, #1292, .F. ) ;
#6047 = CARTESIAN_POINT ( 'NONE',  ( 6.096860598533897502, -1.141013178234180803, -19.57381530605957920 ) ) ;
#6048 = EDGE_CURVE ( 'NONE', #7515, #1449, #5622, .T. ) ;
#6049 = CARTESIAN_POINT ( 'NONE',  ( -11.69134295108980126, 6.750000000000194511, -5.800000000000000711 ) ) ;
#6050 = VECTOR ( 'NONE', #3291, 1000.000000000000000 ) ;
#6051 = CARTESIAN_POINT ( 'NONE',  ( 5.196152422706617813, 3.000000000000023981, -13.14999999999999858 ) ) ;
#6052 = CARTESIAN_POINT ( 'NONE',  ( -3.337800929709198616, -5.689539703760423173, -20.15000000000000213 ) ) ;
#6053 = CARTESIAN_POINT ( 'NONE',  ( -7.151111924357030247, -0.4045963081008190909, -19.57087757053068344 ) ) ;
#6054 = CARTESIAN_POINT ( 'NONE',  ( -17.24978792943395334, 8.745838961091191521, -11.36097871294527550 ) ) ;
#6055 = DIRECTION ( 'NONE',  ( 1.000000000000000000, 0.000000000000000000, 0.000000000000000000 ) ) ;
#6056 = AXIS2_PLACEMENT_3D ( 'NONE', #2493, #3045, #1756 ) ;
#6057 = EDGE_LOOP ( 'NONE', ( #7611, #3554, #1673, #1618 ) ) ;
#6058 = CARTESIAN_POINT ( 'NONE',  ( -3.078181261925899914, 8.457233597266229808, 3.999999999999949818 ) ) ;
#6059 = VERTEX_POINT ( 'NONE', #699 ) ;
#6060 = CIRCLE ( 'NONE', #8900, 18.00000000000000000 ) ;
#6061 = CARTESIAN_POINT ( 'NONE',  ( 1.974427107885734944, 5.201663039501520203, -20.14999999999999503 ) ) ;
#6062 = AXIS2_PLACEMENT_3D ( 'NONE', #1928, #4055, #2477 ) ;
#6063 = CARTESIAN_POINT ( 'NONE',  ( 0.9999999999997701838, -21.18131433805521624, -5.800000000000000711 ) ) ;
#6064 = CARTESIAN_POINT ( 'NONE',  ( -1.000000000000154321, -13.67157287525377107, -6.666904682248426361 ) ) ;
#6065 = CARTESIAN_POINT ( 'NONE',  ( -6.187618932840061703, -3.572423456518031504, -13.15905221858597329 ) ) ;
#6066 = DIRECTION ( 'NONE',  ( 0.000000000000000000, 0.000000000000000000, -1.000000000000000000 ) ) ;
#6067 = CIRCLE ( 'NONE', #8744, 15.99999999999999822 ) ;
#6068 = CIRCLE ( 'NONE', #3729, 17.49999999999999645 ) ;
#6069 = CARTESIAN_POINT ( 'NONE',  ( -10.82531754730537799, 6.250000000000190070, -5.800000000000000711 ) ) ;
#6070 = ORIENTED_EDGE ( 'NONE', *, *, #8535, .T. ) ;
#6071 = CARTESIAN_POINT ( 'NONE',  ( -3.333789863218314942, -8.070369693031235414, -19.56355147672337935 ) ) ;
#6072 = EDGE_LOOP ( 'NONE', ( #1740, #2673, #192, #4493 ) ) ;
#6073 = DIRECTION ( 'NONE',  ( -0.3420201433256591650, -0.9396926207859118696, -8.673617379884265228E-16 ) ) ;
#6074 = VECTOR ( 'NONE', #4378, 1000.000000000000000 ) ;
#6075 = FACE_OUTER_BOUND ( 'NONE', #1799, .T. ) ;
#6076 = CIRCLE ( 'NONE', #2843, 18.00000000000000000 ) ;
#6077 = CARTESIAN_POINT ( 'NONE',  ( -4.758292052727337129, -2.747563552188760472, -19.57596548422055349 ) ) ;
#6078 = CARTESIAN_POINT ( 'NONE',  ( 7.045086877708294892, 5.764724163019185887, -20.14999999999997371 ) ) ;
#6079 = CARTESIAN_POINT ( 'NONE',  ( -2.000000000000218048, -19.89974874213237754, -12.00000000000000000 ) ) ;
#6080 = CARTESIAN_POINT ( 'NONE',  ( -12.74783906285120949, 12.70797384430912302, 4.000000000000000000 ) ) ;
#6081 = ADVANCED_FACE ( 'NONE', ( #3521 ), #6330, .F. ) ;
#6082 = ORIENTED_EDGE ( 'NONE', *, *, #6204, .F. ) ;
#6083 = CIRCLE ( 'NONE', #2115, 13.00000000000000000 ) ;
#6084 = ORIENTED_EDGE ( 'NONE', *, *, #6846, .T. ) ;
#6085 = ORIENTED_EDGE ( 'NONE', *, *, #5375, .T. ) ;
#6086 = CARTESIAN_POINT ( 'NONE',  ( 0.4330407691782889867, -9.297008492652334866, -20.14999999999997726 ) ) ;
#6087 = ORIENTED_EDGE ( 'NONE', *, *, #3230, .T. ) ;
#6088 = DIRECTION ( 'NONE',  ( -0.000000000000000000, -0.000000000000000000, -1.000000000000000000 ) ) ;
#6089 = EDGE_CURVE ( 'NONE', #4063, #6930, #8728, .T. ) ;
#6090 = CYLINDRICAL_SURFACE ( 'NONE', #3501, 0.8999999999999998002 ) ;
#6091 = CARTESIAN_POINT ( 'NONE',  ( 3.332155383857334563, -5.960126140140082462, -20.15000000000003411 ) ) ;
#6092 = CARTESIAN_POINT ( 'NONE',  ( -2.857480745767574604, -8.839346018734547172, -20.15000000000007674 ) ) ;
#6093 = CARTESIAN_POINT ( 'NONE',  ( -1.806195072618727249, 5.769243018374225151, -19.57429648686722956 ) ) ;
#6094 = EDGE_LOOP ( 'NONE', ( #5684, #1986, #3188, #2726 ) ) ;
#6095 = DIRECTION ( 'NONE',  ( 0.000000000000000000, 0.000000000000000000, -1.000000000000000000 ) ) ;
#6096 = EDGE_CURVE ( 'NONE', #7102, #5624, #1786, .T. ) ;
#6097 = EDGE_LOOP ( 'NONE', ( #8710, #7165, #6765, #354 ) ) ;
#6098 = CARTESIAN_POINT ( 'NONE',  ( -3.506623387193939531E-13, -5.999999999999777067, -13.14999999999999858 ) ) ;
#6099 = LINE ( 'NONE', #8277, #1036 ) ;
#6100 = CYLINDRICAL_SURFACE ( 'NONE', #8139, 1.000000000000000000 ) ;
#6101 = ADVANCED_FACE ( 'NONE', ( #3708 ), #926, .F. ) ;
#6102 = CARTESIAN_POINT ( 'NONE',  ( -5.694002644075379926, -1.522457022726975140, -19.57475522083777975 ) ) ;
#6103 = CARTESIAN_POINT ( 'NONE',  ( 5.981227610206667045, 6.843139263025126873, -19.56151205148781713 ) ) ;
#6104 = CARTESIAN_POINT ( 'NONE',  ( 1.148899295377025398, -13.72800051606256844, -11.54360123813062344 ) ) ;
#6105 = EDGE_CURVE ( 'NONE', #7136, #6490, #5954, .T. ) ;
#6106 = ORIENTED_EDGE ( 'NONE', *, *, #5548, .F. ) ;
#6107 = CARTESIAN_POINT ( 'NONE',  ( -2.511549394531031876, 6.640942676972171554, 4.000000000000000000 ) ) ;
#6108 = ORIENTED_EDGE ( 'NONE', *, *, #8472, .T. ) ;
#6109 = CARTESIAN_POINT ( 'NONE',  ( 6.645181451714050397E-14, 1.368795185768769954E-14, 0.000000000000000000 ) ) ;
#6110 = CARTESIAN_POINT ( 'NONE',  ( -3.734490196759121083, -7.206400333191471219, -19.56674629094323592 ) ) ;
#6111 = CARTESIAN_POINT ( 'NONE',  ( 10.92738936467129918, -13.02275553302249911, 0.000000000000000000 ) ) ;
#6112 = CARTESIAN_POINT ( 'NONE',  ( -9.190767092226129975, 3.522062816357630854, -20.14999999999997726 ) ) ;
#6113 = DIRECTION ( 'NONE',  ( -0.000000000000000000, -0.000000000000000000, 1.000000000000000000 ) ) ;
#6114 = EDGE_CURVE ( 'NONE', #1312, #5816, #1641, .T. ) ;
#6115 = CARTESIAN_POINT ( 'NONE',  ( -7.759829321273379903E-15, 4.440892098500630106E-15, 0.000000000000000000 ) ) ;
#6116 = VERTEX_POINT ( 'NONE', #232 ) ;
#6117 = DIRECTION ( 'NONE',  ( 0.000000000000000000, 0.000000000000000000, -1.000000000000000000 ) ) ;
#6118 = ORIENTED_EDGE ( 'NONE', *, *, #3208, .T. ) ;
#6119 = CARTESIAN_POINT ( 'NONE',  ( 18.12478457323023662, 8.456175979928678643, -11.97420495944582441 ) ) ;
#6120 = CARTESIAN_POINT ( 'NONE',  ( -12.33992941965994738, 5.969761033842667430, -11.00000000000000000 ) ) ;
#6121 = CARTESIAN_POINT ( 'NONE',  ( -2.692702831541548092E-13, -16.50000000000000355, -12.00000000000000000 ) ) ;
#6122 = CARTESIAN_POINT ( 'NONE',  ( 8.050084009391369477, 4.706940459812710031, -20.15000000000000568 ) ) ;
#6123 = CARTESIAN_POINT ( 'NONE',  ( 0.8913044197422115289, -19.98098195623228435, -6.276960557762217618 ) ) ;
#6124 = B_SPLINE_CURVE_WITH_KNOTS ( 'NONE', 3,
 ( #7604, #6865, #1979, #6221, #4104, #4793, #8170, #8954 ),
 .UNSPECIFIED., .F., .F.,
 ( 4, 2, 2, 4 ),
 ( 0.000000000000000000, 0.0003911674160651011992, 0.0007823348321302023983, 0.001564669664260408700 ),
 .UNSPECIFIED. ) ;
#6125 = LINE ( 'NONE', #8305, #829 ) ;
#6126 = AXIS2_PLACEMENT_3D ( 'NONE', #4328, #5656, #1589 ) ;
#6127 = AXIS2_PLACEMENT_3D ( 'NONE', #7852, #2342, #4510 ) ;
#6128 = VERTEX_POINT ( 'NONE', #5819 ) ;
#6129 = ORIENTED_EDGE ( 'NONE', *, *, #6089, .T. ) ;
#6130 = ORIENTED_EDGE ( 'NONE', *, *, #1298, .T. ) ;
#6131 = CARTESIAN_POINT ( 'NONE',  ( 2.985806186924632399, -7.473581967376791368, -20.15000000000000213 ) ) ;
#6132 = ORIENTED_EDGE ( 'NONE', *, *, #4375, .F. ) ;
#6133 = CYLINDRICAL_SURFACE ( 'NONE', #3258, 1.000000000000000000 ) ;
#6134 = LINE ( 'NONE', #1893, #3511 ) ;
#6135 = CARTESIAN_POINT ( 'NONE',  ( 6.499578267305780699, -0.8287675857106251431, -19.57273783527495681 ) ) ;
#6136 = VECTOR ( 'NONE', #3062, 1000.000000000000000 ) ;
#6137 = CARTESIAN_POINT ( 'NONE',  ( -3.726472768734419461, -7.526453961572606488, -20.14999999999992752 ) ) ;
#6138 = CARTESIAN_POINT ( 'NONE',  ( -3.202373064304379735, 6.382305891521853347, -19.57094360998545568 ) ) ;
#6139 = EDGE_CURVE ( 'NONE', #5888, #5014, #5266, .T. ) ;
#6140 = VERTEX_POINT ( 'NONE', #3755 ) ;
#6141 = DIRECTION ( 'NONE',  ( 0.000000000000000000, 0.000000000000000000, -1.000000000000000000 ) ) ;
#6142 = ORIENTED_EDGE ( 'NONE', *, *, #2031, .T. ) ;
#6143 = CARTESIAN_POINT ( 'NONE',  ( 0.000000000000000000, 0.000000000000000000, -12.00000000000000000 ) ) ;
#6144 = VECTOR ( 'NONE', #7418, 1000.000000000000000 ) ;
#6145 = CARTESIAN_POINT ( 'NONE',  ( -5.472322293210499566, 15.03508193257459880, 0.000000000000000000 ) ) ;
#6146 = DIRECTION ( 'NONE',  ( -1.028313268071524818E-14, -1.000000000000000000, 0.000000000000000000 ) ) ;
#6147 = CARTESIAN_POINT ( 'NONE',  ( -5.057132468863101415, -2.280103558543030928, -19.57580974614933922 ) ) ;
#6148 = CYLINDRICAL_SURFACE ( 'NONE', #4611, 13.00000000000000355 ) ;
#6149 = CARTESIAN_POINT ( 'NONE',  ( 12.74783906285161628, 12.70797384430871446, 4.000000000000000000 ) ) ;
#6150 = B_SPLINE_CURVE_WITH_KNOTS ( 'NONE', 3,
 ( #5231, #1717, #3805, #3897, #5913, #8048, #284, #1629, #4538, #6003, #2324, #5141, #4583, #1021, #243, #6659, #3056, #3717, #935, #3764, #6699, #3101, #373, #6569, #6528, #5961, #8838, #8698, #331, #3148, #8789, #2364, #8746 ),
 .UNSPECIFIED., .F., .F.,
 ( 4, 2, 2, 2, 1, 2, 2, 2, 2, 2, 2, 1, 2, 2, 1, 2, 2, 4 ),
 ( 0.000000000000000000, 0.06249999999999986122, 0.09374999999999979183, 0.1249999999999997224, 0.1874999999999995837, 0.2187499999999995004, 0.2499999999999994449, 0.3124999999999993339, 0.3749999999999991673, 0.4999999999999986677, 0.6249999999999982236, 0.6874999999999978906, 0.7187499999999978906, 0.7499999999999980016, 0.8124999999999985567, 0.8437499999999987788, 0.8749999999999990008, 1.000000000000000000 ),
 .UNSPECIFIED. ) ;
#6151 = EDGE_CURVE ( 'NONE', #3795, #8960, #2316, .T. ) ;
#6152 = ORIENTED_EDGE ( 'NONE', *, *, #5149, .T. ) ;
#6153 = CARTESIAN_POINT ( 'NONE',  ( 5.814342436536150238, 15.97477455336050056, 2.000000000000000000 ) ) ;
#6154 = EDGE_LOOP ( 'NONE', ( #2511, #4121 ) ) ;
#6155 = CARTESIAN_POINT ( 'NONE',  ( 8.485647895946325292, 14.84600214825599984, 2.000000000000000000 ) ) ;
#6156 = DIRECTION ( 'NONE',  ( -1.000000000000000000, 0.000000000000000000, 0.000000000000000000 ) ) ;
#6157 = DIRECTION ( 'NONE',  ( -1.000000000000000000, 0.000000000000000000, 0.000000000000000000 ) ) ;
#6158 = CONICAL_SURFACE ( 'NONE', #8681, 1.325000000000180478, 0.7853981633974587151 ) ;
#6159 = CARTESIAN_POINT ( 'NONE',  ( -5.879838824723699657E-14, -6.247121179714789605E-14, 0.000000000000000000 ) ) ;
#6160 = EDGE_CURVE ( 'NONE', #5057, #3078, #784, .T. ) ;
#6161 = DIRECTION ( 'NONE',  ( -1.028313268071524502E-14, -1.000000000000000000, 0.000000000000000000 ) ) ;
#6162 = AXIS2_PLACEMENT_3D ( 'NONE', #1852, #6095, #6187 ) ;
#6163 = ADVANCED_FACE ( 'NONE', ( #1667 ), #5861, .F. ) ;
#6164 = ORIENTED_EDGE ( 'NONE', *, *, #14, .F. ) ;
#6165 = CARTESIAN_POINT ( 'NONE',  ( -3.925930121009703289, -6.000000000110804699, -19.57085359160666727 ) ) ;
#6166 = ORIENTED_EDGE ( 'NONE', *, *, #1636, .T. ) ;
#6167 = CARTESIAN_POINT ( 'NONE',  ( 1.748343009510565205, -6.958165630887462427, -0.000000000000000000 ) ) ;
#6168 = CARTESIAN_POINT ( 'NONE',  ( -5.555413406404167809, 6.907528361285019791, -19.56281240501218832 ) ) ;
#6169 = LINE ( 'NONE', #8167, #933 ) ;
#6170 = CARTESIAN_POINT ( 'NONE',  ( 8.500880657693343778, 3.377808420979773629, -20.15000000000001634 ) ) ;
#6171 = DIRECTION ( 'NONE',  ( 0.000000000000000000, 0.000000000000000000, -1.000000000000000000 ) ) ;
#6172 = AXIS2_PLACEMENT_3D ( 'NONE', #4212, #2, #6931 ) ;
#6173 = CARTESIAN_POINT ( 'NONE',  ( -2.841245558866931642, 5.530908685806065428, -20.14999999999999503 ) ) ;
#6174 = DIRECTION ( 'NONE',  ( 1.000000000000000000, 0.000000000000000000, 0.000000000000000000 ) ) ;
#6175 = VERTEX_POINT ( 'NONE', #3889 ) ;
#6176 = ORIENTED_EDGE ( 'NONE', *, *, #3222, .T. ) ;
#6177 = CARTESIAN_POINT ( 'NONE',  ( 2.826241855278627479, -7.758831230360696551, -20.14999999999999858 ) ) ;
#6178 = AXIS2_PLACEMENT_3D ( 'NONE', #8709, #6667, #3155 ) ;
#6179 = ORIENTED_EDGE ( 'NONE', *, *, #5780, .T. ) ;
#6180 = CARTESIAN_POINT ( 'NONE',  ( 10.56171683998890742, -13.95349910925193981, 0.000000000000000000 ) ) ;
#6181 = FACE_OUTER_BOUND ( 'NONE', #1106, .T. ) ;
#6182 = CARTESIAN_POINT ( 'NONE',  ( 3.332023582438534248, -5.996650764328239624, -20.14999999999998082 ) ) ;
#6183 = CARTESIAN_POINT ( 'NONE',  ( -3.925000000000036238, -5.426196494184017283, -12.76258171639308081 ) ) ;
#6184 = CARTESIAN_POINT ( 'NONE',  ( -3.220037512816429803, 6.392400992540872018, -19.57089240637742833 ) ) ;
#6185 = VECTOR ( 'NONE', #1205, 1000.000000000000000 ) ;
#6186 = ORIENTED_EDGE ( 'NONE', *, *, #7571, .F. ) ;
#6187 = DIRECTION ( 'NONE',  ( -1.000000000000000000, 0.000000000000000000, -0.000000000000000000 ) ) ;
#6188 = ORIENTED_EDGE ( 'NONE', *, *, #754, .T. ) ;
#6189 = DIRECTION ( 'NONE',  ( -1.329015233020110115E-15, -3.651439342834109954E-15, -1.000000000000000000 ) ) ;
#6190 = CARTESIAN_POINT ( 'NONE',  ( 11.34487276639430320, 7.673445274157188578, -6.534948989732482616 ) ) ;
#6191 = CARTESIAN_POINT ( 'NONE',  ( 0.000000000000000000, 0.000000000000000000, 2.000000000000000000 ) ) ;
#6192 = CARTESIAN_POINT ( 'NONE',  ( -4.265675233429463198, -3.838880134693234414, -19.57522915044570055 ) ) ;
#6193 = AXIS2_PLACEMENT_3D ( 'NONE', #7339, #3840, #320 ) ;
#6194 = DIRECTION ( 'NONE',  ( 0.000000000000000000, 0.000000000000000000, 1.000000000000000000 ) ) ;
#6195 = DIRECTION ( 'NONE',  ( 1.000000000000000000, 0.000000000000000000, 0.000000000000000000 ) ) ;
#6196 = ORIENTED_EDGE ( 'NONE', *, *, #1972, .F. ) ;
#6197 = EDGE_CURVE ( 'NONE', #7241, #4694, #4889, .T. ) ;
#6198 = VECTOR ( 'NONE', #837, 1000.000000000000000 ) ;
#6199 = DIRECTION ( 'NONE',  ( 0.000000000000000000, 0.000000000000000000, 1.000000000000000000 ) ) ;
#6200 = ORIENTED_EDGE ( 'NONE', *, *, #5662, .T. ) ;
#6201 = CARTESIAN_POINT ( 'NONE',  ( 12.83954870869783704, 5.620037944011585296, -11.90252060073898122 ) ) ;
#6202 = CARTESIAN_POINT ( 'NONE',  ( -2.045585922871851683E-13, -13.00000000000000178, 0.000000000000000000 ) ) ;
#6203 = CARTESIAN_POINT ( 'NONE',  ( -11.93531719619346809, 4.581457519327615913, -12.00000000000000000 ) ) ;
#6204 = EDGE_CURVE ( 'NONE', #5445, #6930, #8737, .T. ) ;
#6205 = AXIS2_PLACEMENT_3D ( 'NONE', #5628, #2124, #3461 ) ;
#6206 = DIRECTION ( 'NONE',  ( 0.000000000000000000, 0.000000000000000000, -1.000000000000000000 ) ) ;
#6207 = EDGE_CURVE ( 'NONE', #6502, #5264, #168, .T. ) ;
#6208 = CARTESIAN_POINT ( 'NONE',  ( 6.817624158719330474, 15.94325309242318056, -0.1602563289837566907 ) ) ;
#6209 = DIRECTION ( 'NONE',  ( 0.000000000000000000, 0.000000000000000000, 1.000000000000000000 ) ) ;
#6210 = EDGE_CURVE ( 'NONE', #3809, #7384, #7989, .T. ) ;
#6211 = ORIENTED_EDGE ( 'NONE', *, *, #6010, .F. ) ;
#6212 = CARTESIAN_POINT ( 'NONE',  ( -1.880532319823923215, -12.96692368755298119, -12.00000000000000000 ) ) ;
#6213 = ORIENTED_EDGE ( 'NONE', *, *, #752, .T. ) ;
#6214 = CARTESIAN_POINT ( 'NONE',  ( -8.847942070814601934, 4.513258971760748750, -19.55622014198923253 ) ) ;
#6215 = ADVANCED_FACE ( 'NONE', ( #323 ), #8782, .T. ) ;
#6216 = CARTESIAN_POINT ( 'NONE',  ( 1.171381902693376498, -9.114419312518673877, -20.15000000000000568 ) ) ;
#6217 = CARTESIAN_POINT ( 'NONE',  ( -14.31270730586845019, 4.250067792777746156, -12.00000000000000000 ) ) ;
#6218 = CARTESIAN_POINT ( 'NONE',  ( 8.395691268445967026, 2.084639896320524155, -20.14999999999999147 ) ) ;
#6219 = AXIS2_PLACEMENT_3D ( 'NONE', #8774, #3922, #1746 ) ;
#6220 = AXIS2_PLACEMENT_3D ( 'NONE', #7297, #8128, #1708 ) ;
#6221 = CARTESIAN_POINT ( 'NONE',  ( 16.72974733225811406, 10.95983983473376355, -11.50440859004482697 ) ) ;
#6222 = EDGE_CURVE ( 'NONE', #639, #569, #7690, .T. ) ;
#6223 = DIRECTION ( 'NONE',  ( 0.9848077530122060219, 0.1736481776669418775, 0.000000000000000000 ) ) ;
#6224 = ORIENTED_EDGE ( 'NONE', *, *, #2475, .T. ) ;
#6225 = VERTEX_POINT ( 'NONE', #3278 ) ;
#6226 = CARTESIAN_POINT ( 'NONE',  ( 2.990868228766721426, -8.537222019017248087, -19.56176234090833788 ) ) ;
#6227 = VECTOR ( 'NONE', #6356, 1000.000000000000000 ) ;
#6228 = EDGE_LOOP ( 'NONE', ( #8657, #4131, #7293, #5377, #892, #7294, #3928, #6813, #6941, #2005, #5172, #1043, #3023, #7598, #7348, #8618, #8122, #5287, #4950, #7012 ) ) ;
#6229 = DIRECTION ( 'NONE',  ( 1.000000000000000000, 0.000000000000000000, 0.000000000000000000 ) ) ;
#6230 = CARTESIAN_POINT ( 'NONE',  ( -14.28941916244309951, 8.250000000000220268, 2.200000000000000178 ) ) ;
#6231 = CARTESIAN_POINT ( 'NONE',  ( 3.517157901354585725, -4.312294013777187018, -20.14999999999999858 ) ) ;
#6232 = CARTESIAN_POINT ( 'NONE',  ( -6.187618932840061703, -3.572423456518031504, -13.15905221858597329 ) ) ;
#6233 = CARTESIAN_POINT ( 'NONE',  ( -3.231308009676922222, 6.398873642762131553, -19.57085966880542216 ) ) ;
#6234 = VECTOR ( 'NONE', #3485, 1000.000000000000000 ) ;
#6235 = ORIENTED_EDGE ( 'NONE', *, *, #395, .T. ) ;
#6236 = DIRECTION ( 'NONE',  ( 0.000000000000000000, 0.000000000000000000, -1.000000000000000000 ) ) ;
#6237 = ORIENTED_EDGE ( 'NONE', *, *, #6486, .T. ) ;
#6238 = ORIENTED_EDGE ( 'NONE', *, *, #3853, .T. ) ;
#6239 = CARTESIAN_POINT ( 'NONE',  ( -11.47369482602230306, 7.207716632361772291, -5.927256009146256055 ) ) ;
#6240 = CARTESIAN_POINT ( 'NONE',  ( 0.9999999999997888356, -19.32842712474617386, -11.00000000000000000 ) ) ;
#6241 = CARTESIAN_POINT ( 'NONE',  ( 1.178669125964988342E-28, 6.268901968980452702E-29, -12.00000000000000000 ) ) ;
#6242 = CARTESIAN_POINT ( 'NONE',  ( -4.900528211752413377, -2.511463225226766127, -19.57593372417810684 ) ) ;
#6243 = CARTESIAN_POINT ( 'NONE',  ( 7.779029846496705147, 5.959057611634990259, -19.55704958742129662 ) ) ;
#6244 = CARTESIAN_POINT ( 'NONE',  ( -5.471404696283939424E-15, 8.286817471267759908E-15, 2.000000000000000000 ) ) ;
#6245 = EDGE_CURVE ( 'NONE', #7902, #4631, #6504, .T. ) ;
#6246 = ORIENTED_EDGE ( 'NONE', *, *, #4689, .T. ) ;
#6247 = CARTESIAN_POINT ( 'NONE',  ( -11.28941916244309951, 8.089396967705589248, -11.78572388763714152 ) ) ;
#6248 = ORIENTED_EDGE ( 'NONE', *, *, #8431, .T. ) ;
#6249 = CARTESIAN_POINT ( 'NONE',  ( -1.000000000000218714, -19.97498435543816697, -6.800000000000000711 ) ) ;
#6250 = CARTESIAN_POINT ( 'NONE',  ( -18.84355630229910972, 9.724631765243367809, -6.800000000000000711 ) ) ;
#6251 = CARTESIAN_POINT ( 'NONE',  ( 9.159339953157539881E-15, 9.769962616701378818E-14, 4.000000000000000000 ) ) ;
#6252 = CARTESIAN_POINT ( 'NONE',  ( 17.23890890522655184, 8.798188158588589047, -6.666908016579468743 ) ) ;
#6253 = DIRECTION ( 'NONE',  ( -1.000000000000000000, 0.000000000000000000, 0.000000000000000000 ) ) ;
#6254 = CARTESIAN_POINT ( 'NONE',  ( -16.81685786857723741, -0.9459422927171537987, -0.6565626641535126096 ) ) ;
#6255 = EDGE_CURVE ( 'NONE', #7252, #3338, #1987, .T. ) ;
#6256 = EDGE_LOOP ( 'NONE', ( #8730, #1409, #6359, #4394 ) ) ;
#6257 = DIRECTION ( 'NONE',  ( -1.000000000000000000, 0.000000000000000000, 0.000000000000000000 ) ) ;
#6258 = ORIENTED_EDGE ( 'NONE', *, *, #4874, .F. ) ;
#6259 = CARTESIAN_POINT ( 'NONE',  ( -17.99983047684337478, -0.07812045123001278013, 0.000000000000000000 ) ) ;
#6260 = CARTESIAN_POINT ( 'NONE',  ( 8.595302132560535213, 4.962500000000041211, -12.69999999999999751 ) ) ;
#6261 = CARTESIAN_POINT ( 'NONE',  ( 7.309221459383318908, 0.4230102570067318934, -20.14999999999999503 ) ) ;
#6262 = CYLINDRICAL_SURFACE ( 'NONE', #3434, 1.999999999999996669 ) ;
#6263 = ADVANCED_FACE ( 'NONE', ( #4710 ), #6133, .F. ) ;
#6264 = DIRECTION ( 'NONE',  ( 0.000000000000000000, 0.000000000000000000, 1.000000000000000000 ) ) ;
#6265 = ORIENTED_EDGE ( 'NONE', *, *, #2651, .T. ) ;
#6266 = ORIENTED_EDGE ( 'NONE', *, *, #3632, .F. ) ;
#6267 = CARTESIAN_POINT ( 'NONE',  ( 3.573517346333455524, -7.620780633243977142, -19.56523173538607097 ) ) ;
#6268 = ORIENTED_EDGE ( 'NONE', *, *, #9048, .T. ) ;
#6269 = DIRECTION ( 'NONE',  ( 0.000000000000000000, 0.000000000000000000, 1.000000000000000000 ) ) ;
#6270 = CARTESIAN_POINT ( 'NONE',  ( -8.379684586246170852, 3.965708089332462549, -20.14999999999999858 ) ) ;
#6271 = EDGE_CURVE ( 'NONE', #2626, #1535, #2537, .T. ) ;
#6272 = CARTESIAN_POINT ( 'NONE',  ( -6.842347394083367895, -2.063914151411971432, -0.000000000000000000 ) ) ;
#6273 = CARTESIAN_POINT ( 'NONE',  ( 5.610048475657088751, -0.7811906595286803867, -20.14999999999999858 ) ) ;
#6274 = CARTESIAN_POINT ( 'NONE',  ( -5.742000383270913666, -1.367505440486388224, -20.15000000000001634 ) ) ;
#6275 = CARTESIAN_POINT ( 'NONE',  ( 3.529615100742418132, 5.885309296465721651, -20.14999999999998437 ) ) ;
#6276 = CIRCLE ( 'NONE', #3331, 1.324999999999985967 ) ;
#6277 = ORIENTED_EDGE ( 'NONE', *, *, #5670, .F. ) ;
#6278 = CARTESIAN_POINT ( 'NONE',  ( 15.37720575859586880, 4.917927349379326074, -0.1350319544779069181 ) ) ;
#6279 = VERTEX_POINT ( 'NONE', #6924 ) ;
#6280 = ORIENTED_EDGE ( 'NONE', *, *, #9093, .F. ) ;
#6281 = CARTESIAN_POINT ( 'NONE',  ( 12.68941916244340007, 8.249999999999779732, 4.000000000000000000 ) ) ;
#6282 = CARTESIAN_POINT ( 'NONE',  ( 8.356238925925119077, -9.958577760546599933, 3.999999999999949818 ) ) ;
#6283 = CYLINDRICAL_SURFACE ( 'NONE', #3276, 16.50000000000000355 ) ;
#6284 = EDGE_CURVE ( 'NONE', #4153, #2612, #4447, .T. ) ;
#6285 = CIRCLE ( 'NONE', #6577, 18.00000000000000000 ) ;
#6286 = CARTESIAN_POINT ( 'NONE',  ( -5.270943163610041893, -1.105452086333420736, -20.15000000000001990 ) ) ;
#6287 = CARTESIAN_POINT ( 'NONE',  ( -4.828441334509537164, -2.788045978660551150, -12.75659685441466884 ) ) ;
#6288 = DIRECTION ( 'NONE',  ( 0.000000000000000000, 0.000000000000000000, -1.000000000000000000 ) ) ;
#6289 = CARTESIAN_POINT ( 'NONE',  ( -4.049248172075136765, -5.845636775475486324, -13.13702413388799428 ) ) ;
#6290 = CIRCLE ( 'NONE', #5114, 0.8999999999999998002 ) ;
#6291 = VERTEX_POINT ( 'NONE', #2674 ) ;
#6292 = CARTESIAN_POINT ( 'NONE',  ( -9.110820912706648400, 11.28020134113692663, 0.000000000000000000 ) ) ;
#6293 = ORIENTED_EDGE ( 'NONE', *, *, #6950, .T. ) ;
#6294 = CARTESIAN_POINT ( 'NONE',  ( 12.09546000792407661, 10.97700260878123579, 0.000000000000000000 ) ) ;
#6295 = CARTESIAN_POINT ( 'NONE',  ( -3.203857661313393113, -8.265641231303582970, -19.56280951473632967 ) ) ;
#6296 = DIRECTION ( 'NONE',  ( 1.000000000000000000, 0.000000000000000000, 0.000000000000000000 ) ) ;
#6297 = CYLINDRICAL_SURFACE ( 'NONE', #8068, 3.000000000000000444 ) ;
#6298 = DIRECTION ( 'NONE',  ( -0.000000000000000000, -0.000000000000000000, 1.000000000000000000 ) ) ;
#6299 = CARTESIAN_POINT ( 'NONE',  ( -16.47144156197860809, -0.9703673893550384122, -1.000000000000011324 ) ) ;
#6300 = ORIENTED_EDGE ( 'NONE', *, *, #1592, .T. ) ;
#6301 = DIRECTION ( 'NONE',  ( 0.000000000000000000, 0.000000000000000000, -1.000000000000000000 ) ) ;
#6302 = CIRCLE ( 'NONE', #1442, 1.000000000000000888 ) ;
#6303 = ORIENTED_EDGE ( 'NONE', *, *, #395, .F. ) ;
#6304 = LINE ( 'NONE', #2891, #124 ) ;
#6305 = CARTESIAN_POINT ( 'NONE',  ( -8.999026535611712063, -10.72462220366560182, 0.000000000000000000 ) ) ;
#6306 = CARTESIAN_POINT ( 'NONE',  ( 6.861371488573561273, 0.1139291219863307891, -20.14999999999999503 ) ) ;
#6307 = DIRECTION ( 'NONE',  ( 0.000000000000000000, 0.000000000000000000, 1.000000000000000000 ) ) ;
#6308 = AXIS2_PLACEMENT_3D ( 'NONE', #2432, #3785, #1654 ) ;
#6309 = LINE ( 'NONE', #589, #7462 ) ;
#6310 = EDGE_CURVE ( 'NONE', #7102, #5614, #1345, .T. ) ;
#6311 = EDGE_LOOP ( 'NONE', ( #2260, #3936, #5252, #2187, #3915, #1572, #1574, #6923, #7284, #7206, #4620 ) ) ;
#6312 = VERTEX_POINT ( 'NONE', #1892 ) ;
#6313 = CARTESIAN_POINT ( 'NONE',  ( 3.892932420643554714, -6.516658678946501304, -19.56915350451408386 ) ) ;
#6314 = ORIENTED_EDGE ( 'NONE', *, *, #1980, .F. ) ;
#6315 = DIRECTION ( 'NONE',  ( 1.000000000000000000, -9.637352644315596722E-16, 0.000000000000000000 ) ) ;
#6316 = CARTESIAN_POINT ( 'NONE',  ( -8.495999525400893759, 2.566072298248813777, -20.15000000000000213 ) ) ;
#6317 = DIRECTION ( 'NONE',  ( 0.000000000000000000, 0.000000000000000000, -1.000000000000000000 ) ) ;
#6318 = CARTESIAN_POINT ( 'NONE',  ( 6.859529038348817664, 0.1128619569525361743, -20.14999999999999147 ) ) ;
#6319 = CIRCLE ( 'NONE', #6612, 7.099999999999876188 ) ;
#6320 = CARTESIAN_POINT ( 'NONE',  ( -8.183927584172813852, 5.536424478035009145, -19.55648255701127525 ) ) ;
#6321 = ADVANCED_FACE ( 'NONE', ( #3976 ), #9060, .F. ) ;
#6322 = CARTESIAN_POINT ( 'NONE',  ( -5.953023832869286380, 3.889060262801577128, 0.000000000000000000 ) ) ;
#6323 = CARTESIAN_POINT ( 'NONE',  ( 3.470927539745806811, 5.851835357556705475, -20.14999999999998082 ) ) ;
#6324 = EDGE_CURVE ( 'NONE', #2945, #6490, #5497, .T. ) ;
#6325 = ORIENTED_EDGE ( 'NONE', *, *, #4865, .F. ) ;
#6326 = CARTESIAN_POINT ( 'NONE',  ( -3.928364094974929888, -5.857613022382100354, -19.57121438333604502 ) ) ;
#6327 = VERTEX_POINT ( 'NONE', #8916 ) ;
#6328 = ORIENTED_EDGE ( 'NONE', *, *, #5218, .T. ) ;
#6329 = CARTESIAN_POINT ( 'NONE',  ( -17.23890890522627473, 8.798188158588908792, -6.800000000000000711 ) ) ;
#6330 = CYLINDRICAL_SURFACE ( 'NONE', #6658, 0.9000000000000000222 ) ;
#6331 = CARTESIAN_POINT ( 'NONE',  ( -16.23890890522624986, 10.53023896615777844, -11.00000000000000000 ) ) ;
#6332 = CARTESIAN_POINT ( 'NONE',  ( -3.925928322759019373, -6.001078841408983955, -19.57085013206723190 ) ) ;
#6333 = CARTESIAN_POINT ( 'NONE',  ( -12.37083891386145140, 5.943637083828604339, -11.28245322482911739 ) ) ;
#6334 = CARTESIAN_POINT ( 'NONE',  ( -8.308180295795542847, 4.171802560581847175, -20.14999999999999147 ) ) ;
#6335 = EDGE_CURVE ( 'NONE', #7249, #7564, #2580, .T. ) ;
#6336 = CARTESIAN_POINT ( 'NONE',  ( 8.338411484954106001, 5.407447653643644436, -12.70000004752828104 ) ) ;
#6337 = AXIS2_PLACEMENT_3D ( 'NONE', #2880, #7089, #3626 ) ;
#6338 = EDGE_CURVE ( 'NONE', #5902, #8798, #23, .T. ) ;
#6339 = EDGE_LOOP ( 'NONE', ( #1054, #2166, #188, #3594 ) ) ;
#6340 = DIRECTION ( 'NONE',  ( 1.000000000000000000, 0.000000000000000000, 0.000000000000000000 ) ) ;
#6341 = AXIS2_PLACEMENT_3D ( 'NONE', #6791, #6746, #8320 ) ;
#6342 = ORIENTED_EDGE ( 'NONE', *, *, #3678, .T. ) ;
#6343 = CARTESIAN_POINT ( 'NONE',  ( 3.345156097040599796, -8.052064306352884060, -19.56362066486741469 ) ) ;
#6344 = CARTESIAN_POINT ( 'NONE',  ( 3.985087416613572575, -5.002163789675863725, -19.57322998781817347 ) ) ;
#6345 = LINE ( 'NONE', #4876, #2023 ) ;
#6346 = CARTESIAN_POINT ( 'NONE',  ( 6.972254492583713770, 1.340771155210640497, 0.000000000000000000 ) ) ;
#6347 = AXIS2_PLACEMENT_3D ( 'NONE', #7950, #1619, #1706 ) ;
#6348 = CARTESIAN_POINT ( 'NONE',  ( 3.762221576582220006, 10.33661882864500114, 0.000000000000000000 ) ) ;
#6349 = ORIENTED_EDGE ( 'NONE', *, *, #5077, .T. ) ;
#6350 = DIRECTION ( 'NONE',  ( 0.000000000000000000, 0.000000000000000000, -1.000000000000000000 ) ) ;
#6351 = VECTOR ( 'NONE', #6422, 1000.000000000000000 ) ;
#6352 = ORIENTED_EDGE ( 'NONE', *, *, #4791, .T. ) ;
#6353 = CARTESIAN_POINT ( 'NONE',  ( 14.28941916244339971, 8.249999999999779732, 4.000000000000000000 ) ) ;
#6354 = CARTESIAN_POINT ( 'NONE',  ( -11.94765289782670692, 10.85808715147472014, -0.1350319544779103598 ) ) ;
#6355 = CARTESIAN_POINT ( 'NONE',  ( 7.870241909751940490, 1.015459746792872320, -20.15000000000000568 ) ) ;
#6356 = DIRECTION ( 'NONE',  ( 0.000000000000000000, 0.000000000000000000, -1.000000000000000000 ) ) ;
#6357 = AXIS2_PLACEMENT_3D ( 'NONE', #4111, #8354, #7434 ) ;
#6358 = DIRECTION ( 'NONE',  ( -1.028313268071524818E-14, -1.000000000000000000, 0.000000000000000000 ) ) ;
#6359 = ORIENTED_EDGE ( 'NONE', *, *, #8649, .F. ) ;
#6360 = CARTESIAN_POINT ( 'NONE',  ( -2.591038204449596982, -8.088398765452270212, -20.14999999999999503 ) ) ;
#6361 = VERTEX_POINT ( 'NONE', #6180 ) ;
#6362 = CARTESIAN_POINT ( 'NONE',  ( 3.234122568066576164, 6.400493083177551057, -19.57085013203225898 ) ) ;
#6363 = CARTESIAN_POINT ( 'NONE',  ( 9.510481514957557891, -14.69015797578945204, 0.000000000000000000 ) ) ;
#6364 = AXIS2_PLACEMENT_3D ( 'NONE', #2433, #5120, #1656 ) ;
#6365 = FACE_OUTER_BOUND ( 'NONE', #7023, .T. ) ;
#6366 = CIRCLE ( 'NONE', #2980, 3.499999999999999556 ) ;
#6367 = CARTESIAN_POINT ( 'NONE',  ( 6.337804514600583694, -0.2157114064246533069, -20.14999999999998082 ) ) ;
#6368 = B_SPLINE_CURVE_WITH_KNOTS ( 'NONE', 1,
 ( #6715, #7455 ),
 .UNSPECIFIED., .F., .F.,
 ( 2, 2 ),
 ( 0.000000000000000000, 1.000000000000000000 ),
 .UNSPECIFIED. ) ;
#6369 = CARTESIAN_POINT ( 'NONE',  ( -9.042713395881333938, 2.237992060617158607, -19.56013645653395017 ) ) ;
#6370 = CARTESIAN_POINT ( 'NONE',  ( -3.037845862820673926, 6.429570170982553456, -13.13702413388800139 ) ) ;
#6371 = CARTESIAN_POINT ( 'NONE',  ( -0.7708318541194573159, 4.944108563479866270, -20.14999999999999147 ) ) ;
#6372 = VECTOR ( 'NONE', #1183, 1000.000000000000000 ) ;
#6373 = VERTEX_POINT ( 'NONE', #1193 ) ;
#6374 = CARTESIAN_POINT ( 'NONE',  ( 18.23368793961413559, 8.217823563497207218, -12.00000000000000000 ) ) ;
#6375 = CIRCLE ( 'NONE', #7548, 1.599999999999998979 ) ;
#6376 = ORIENTED_EDGE ( 'NONE', *, *, #6379, .T. ) ;
#6377 = ORIENTED_EDGE ( 'NONE', *, *, #8374, .F. ) ;
#6378 = CARTESIAN_POINT ( 'NONE',  ( 0.000000000000000000, 0.000000000000000000, -12.00000000000000000 ) ) ;
#6379 = EDGE_CURVE ( 'NONE', #212, #1020, #4641, .T. ) ;
#6380 = CARTESIAN_POINT ( 'NONE',  ( -3.727614814643059138E-15, -1.332267629550189900E-14, 3.999999999999949818 ) ) ;
#6381 = LINE ( 'NONE', #5007, #1213 ) ;
#6382 = CARTESIAN_POINT ( 'NONE',  ( -6.861371486304197909, 0.1139291206757337555, -20.14999999999999858 ) ) ;
#6383 = DIRECTION ( 'NONE',  ( 0.5000000000000093259, 0.8660254037844333785, 0.000000000000000000 ) ) ;
#6384 = CARTESIAN_POINT ( 'NONE',  ( -7.961286577563637223, 4.849585919327588535, -20.14999999999999503 ) ) ;
#6385 = DIRECTION ( 'NONE',  ( -0.000000000000000000, -0.000000000000000000, -1.000000000000000000 ) ) ;
#6386 = VECTOR ( 'NONE', #4872, 1000.000000000000114 ) ;
#6387 = VERTEX_POINT ( 'NONE', #4623 ) ;
#6388 = CARTESIAN_POINT ( 'NONE',  ( -15.85540989913534737, 10.81128387880788644, -11.83600841657411351 ) ) ;
#6389 = CARTESIAN_POINT ( 'NONE',  ( 14.28941916244339971, 8.249999999999779732, -3.000000000000001332 ) ) ;
#6390 = EDGE_CURVE ( 'NONE', #4797, #5184, #1196, .T. ) ;
#6391 = ORIENTED_EDGE ( 'NONE', *, *, #74, .F. ) ;
#6392 = FACE_OUTER_BOUND ( 'NONE', #820, .T. ) ;
#6393 = CARTESIAN_POINT ( 'NONE',  ( 2.749258299642670877, -8.795974428341446938, -19.56074665322277895 ) ) ;
#6394 = CARTESIAN_POINT ( 'NONE',  ( 3.308913121815729941, -6.439460034590163140, -20.15000000000000213 ) ) ;
#6395 = LINE ( 'NONE', #5609, #845 ) ;
#6396 = DIRECTION ( 'NONE',  ( 0.8660254037844384856, -0.5000000000000003331, 0.000000000000000000 ) ) ;
#6397 = CARTESIAN_POINT ( 'NONE',  ( -11.25833024919759140, 6.500000000000171418, 0.000000000000000000 ) ) ;
#6398 = ORIENTED_EDGE ( 'NONE', *, *, #3395, .F. ) ;
#6399 = CARTESIAN_POINT ( 'NONE',  ( 8.621392753880630977, 4.904866060011423556, -19.55622182888473404 ) ) ;
#6400 = CARTESIAN_POINT ( 'NONE',  ( -8.345704691181740742, 0.6601175899404596592, -19.56546487435359438 ) ) ;
#6401 = EDGE_CURVE ( 'NONE', #2343, #5398, #901, .T. ) ;
#6402 = DIRECTION ( 'NONE',  ( 1.028313268071524502E-14, 1.000000000000000000, 0.000000000000000000 ) ) ;
#6403 = CARTESIAN_POINT ( 'NONE',  ( 7.662176594382191119, 0.7614081537337156202, -20.15000000000000213 ) ) ;
#6404 = CARTESIAN_POINT ( 'NONE',  ( 0.9729621587725545417, -13.66167065547824322, -6.534948989732482616 ) ) ;
#6405 = CARTESIAN_POINT ( 'NONE',  ( 3.762221576582220006, 10.33661882864500114, 3.999999999999949818 ) ) ;
#6406 = ORIENTED_EDGE ( 'NONE', *, *, #8559, .T. ) ;
#6407 = CARTESIAN_POINT ( 'NONE',  ( 3.295598647344212928, -8.127556668472335488, -19.56333414140606664 ) ) ;
#6408 = ORIENTED_EDGE ( 'NONE', *, *, #1821, .T. ) ;
#6409 = CARTESIAN_POINT ( 'NONE',  ( -17.72653955421970196, -3.125667198004979941, 2.000000000000000000 ) ) ;
#6410 = FACE_OUTER_BOUND ( 'NONE', #6990, .T. ) ;
#6411 = FACE_OUTER_BOUND ( 'NONE', #380, .T. ) ;
#6412 = CARTESIAN_POINT ( 'NONE',  ( 6.862161710397593595, 0.1143871257431733346, -20.14999999999999858 ) ) ;
#6413 = CARTESIAN_POINT ( 'NONE',  ( -8.343227548557679896, 5.335790646674975157, -19.55632757341102135 ) ) ;
#6414 = CARTESIAN_POINT ( 'NONE',  ( -0.0001121698234333393801, 5.409469420147171803, -12.74094778141400397 ) ) ;
#6415 = CARTESIAN_POINT ( 'NONE',  ( -1.460425930429653185, 5.063717155757298194, -20.15000000000002345 ) ) ;
#6416 = EDGE_CURVE ( 'NONE', #6776, #7622, #4990, .T. ) ;
#6417 = VERTEX_POINT ( 'NONE', #6362 ) ;
#6418 = CARTESIAN_POINT ( 'NONE',  ( -3.925928322759019373, -6.001078841409029252, -19.57085013206744861 ) ) ;
#6419 = ORIENTED_EDGE ( 'NONE', *, *, #1460, .F. ) ;
#6420 = ORIENTED_EDGE ( 'NONE', *, *, #8189, .T. ) ;
#6421 = CARTESIAN_POINT ( 'NONE',  ( 1.178669125964988342E-28, 6.268901968980452702E-29, -12.00000000000000000 ) ) ;
#6422 = DIRECTION ( 'NONE',  ( -0.000000000000000000, -0.000000000000000000, -1.000000000000000000 ) ) ;
#6423 = DIRECTION ( 'NONE',  ( -0.000000000000000000, -0.000000000000000000, -1.000000000000000000 ) ) ;
#6424 = CARTESIAN_POINT ( 'NONE',  ( -5.962712027828146688, -0.4899215726216009092, -20.14999999999999503 ) ) ;
#6425 = CARTESIAN_POINT ( 'NONE',  ( -15.37721805498646788, 4.917932114448874792, -0.1350225676813898712 ) ) ;
#6426 = AXIS2_PLACEMENT_3D ( 'NONE', #2348, #357, #6639 ) ;
#6427 = CARTESIAN_POINT ( 'NONE',  ( -2.511229603642521901, 6.641065072315138096, 0.000000000000000000 ) ) ;
#6428 = CARTESIAN_POINT ( 'NONE',  ( -3.743519302641370672, 6.071213333782122135, -13.14533457493036117 ) ) ;
#6429 = ADVANCED_FACE ( 'NONE', ( #4157 ), #6970, .F. ) ;
#6430 = ORIENTED_EDGE ( 'NONE', *, *, #142, .F. ) ;
#6431 = AXIS2_PLACEMENT_3D ( 'NONE', #3996, #1313, #618 ) ;
#6432 = CARTESIAN_POINT ( 'NONE',  ( -16.23890890522624986, 10.53023896615778199, -11.07233974769974338 ) ) ;
#6433 = DIRECTION ( 'NONE',  ( -0.000000000000000000, -0.000000000000000000, 1.000000000000000000 ) ) ;
#6434 = EDGE_CURVE ( 'NONE', #3274, #4035, #7107, .T. ) ;
#6435 = ORIENTED_EDGE ( 'NONE', *, *, #6822, .F. ) ;
#6436 = DIRECTION ( 'NONE',  ( -1.000000000000000000, 0.000000000000000000, 0.000000000000000000 ) ) ;
#6437 = CARTESIAN_POINT ( 'NONE',  ( 2.759647164220363269, -8.785759596254582249, -19.56078707387739257 ) ) ;
#6438 = CARTESIAN_POINT ( 'NONE',  ( 1.067827188161471375, -9.151193486111816711, -20.15000000000000213 ) ) ;
#6439 = CYLINDRICAL_SURFACE ( 'NONE', #2752, 0.8999999999999998002 ) ;
#6440 = AXIS2_PLACEMENT_3D ( 'NONE', #3858, #4500, #1724 ) ;
#6441 = EDGE_CURVE ( 'NONE', #5184, #4797, #5040, .T. ) ;
#6442 = ADVANCED_FACE ( 'NONE', ( #3506 ), #8403, .F. ) ;
#6443 = DIRECTION ( 'NONE',  ( 1.000000000000000000, 0.000000000000000000, 0.000000000000000000 ) ) ;
#6444 = ORIENTED_EDGE ( 'NONE', *, *, #3459, .F. ) ;
#6445 = CARTESIAN_POINT ( 'NONE',  ( 5.130302149884840013, 14.09538931178869881, 0.000000000000000000 ) ) ;
#6446 = AXIS2_PLACEMENT_3D ( 'NONE', #574, #1171, #3955 ) ;
#6447 = DIRECTION ( 'NONE',  ( 0.000000000000000000, 0.000000000000000000, -1.000000000000000000 ) ) ;
#6448 = CARTESIAN_POINT ( 'NONE',  ( 4.432119234474857450, 6.849373693639652316, -19.56654244538739107 ) ) ;
#6449 =( LENGTH_UNIT ( ) NAMED_UNIT ( * ) SI_UNIT ( .MILLI., .METRE. ) );
#6450 = EDGE_CURVE ( 'NONE', #4469, #8137, #3866, .T. ) ;
#6451 = EDGE_CURVE ( 'NONE', #4480, #7608, #1040, .T. ) ;
#6452 = CARTESIAN_POINT ( 'NONE',  ( 5.630416788819620599, 6.301202608155833218, -20.14999999999999858 ) ) ;
#6453 = ORIENTED_EDGE ( 'NONE', *, *, #8323, .F. ) ;
#6454 = EDGE_LOOP ( 'NONE', ( #5604, #8983, #934, #899 ) ) ;
#6455 = CARTESIAN_POINT ( 'NONE',  ( -2.233797605777262163, -9.221978680722571653, -19.55905675870434379 ) ) ;
#6456 = EDGE_LOOP ( 'NONE', ( #3741, #5694, #2264, #3505 ) ) ;
#6457 = DIRECTION ( 'NONE',  ( -1.000000000000000000, 0.000000000000000000, 0.000000000000000000 ) ) ;
#6458 = DIRECTION ( 'NONE',  ( 0.5000000000000093259, 0.8660254037844333785, 0.000000000000000000 ) ) ;
#6459 = CARTESIAN_POINT ( 'NONE',  ( 6.629040092017538299, -0.02558547833641570610, -20.15000000000004121 ) ) ;
#6460 = CARTESIAN_POINT ( 'NONE',  ( -8.737951979188041562, 4.678090355819793267, -19.55627376880666901 ) ) ;
#6461 = CARTESIAN_POINT ( 'NONE',  ( -5.506847901919064370, 4.532280608603291405, 0.000000000000000000 ) ) ;
#6462 = CIRCLE ( 'NONE', #3671, 2.000000000000029310 ) ;
#6463 = CARTESIAN_POINT ( 'NONE',  ( 1.527909088967345452, 5.080142620007067400, -20.14999999999999503 ) ) ;
#6464 = ORIENTED_EDGE ( 'NONE', *, *, #8656, .F. ) ;
#6465 = DIRECTION ( 'NONE',  ( -0.000000000000000000, -0.000000000000000000, -1.000000000000000000 ) ) ;
#6466 = ORIENTED_EDGE ( 'NONE', *, *, #5419, .F. ) ;
#6467 = ORIENTED_EDGE ( 'NONE', *, *, #4885, .T. ) ;
#6468 = FACE_OUTER_BOUND ( 'NONE', #5335, .T. ) ;
#6469 = AXIS2_PLACEMENT_3D ( 'NONE', #5456, #4767, #3984 ) ;
#6470 = CYLINDRICAL_SURFACE ( 'NONE', #8423, 1.999999999999999778 ) ;
#6471 = CARTESIAN_POINT ( 'NONE',  ( 6.071532165918766455E-15, -1.051620219116014734E-14, -5.800000000000000711 ) ) ;
#6472 = CARTESIAN_POINT ( 'NONE',  ( -6.794135337599636948, 0.07459718388275655976, -20.15000000000001279 ) ) ;
#6473 = CARTESIAN_POINT ( 'NONE',  ( 4.163336342344414019E-14, 7.211110073938319489E-14, -6.800000000000000711 ) ) ;
#6474 = CARTESIAN_POINT ( 'NONE',  ( -8.457819399071723865, 3.650560742960433647, -20.15000000000000924 ) ) ;
#6475 = CARTESIAN_POINT ( 'NONE',  ( 8.662775358159180428E-14, 7.144846913036073666, -13.15905221858598395 ) ) ;
#6476 = VECTOR ( 'NONE', #8643, 1000.000000000000000 ) ;
#6477 = VERTEX_POINT ( 'NONE', #4251 ) ;
#6478 = DIRECTION ( 'NONE',  ( 1.000000000000000000, 0.000000000000000000, 0.000000000000000000 ) ) ;
#6479 = CARTESIAN_POINT ( 'NONE',  ( 10.82531754730553075, 6.249999999999929834, -5.800000000000000711 ) ) ;
#6480 = ORIENTED_EDGE ( 'NONE', *, *, #8757, .T. ) ;
#6481 = CARTESIAN_POINT ( 'NONE',  ( -17.81079077388971754, 9.098256262215272727, -11.26206654698878928 ) ) ;
#6482 = VECTOR ( 'NONE', #5334, 1000.000000000000000 ) ;
#6483 = CARTESIAN_POINT ( 'NONE',  ( 3.925128779201279894, -6.524606941586372777, -19.56917142183691993 ) ) ;
#6484 = CARTESIAN_POINT ( 'NONE',  ( 2.025922044571334180, -8.640629722178486460, -20.15000000000000213 ) ) ;
#6485 = CARTESIAN_POINT ( 'NONE',  ( 3.231786327838922279, 6.399148879028883741, -19.57085831539027154 ) ) ;
#6486 = EDGE_CURVE ( 'NONE', #3288, #777, #2972, .T. ) ;
#6487 = CIRCLE ( 'NONE', #1921, 0.8999999999999998002 ) ;
#6488 = EDGE_CURVE ( 'NONE', #3782, #1377, #4846, .T. ) ;
#6489 = DIRECTION ( 'NONE',  ( -0.000000000000000000, -0.000000000000000000, 1.000000000000000000 ) ) ;
#6490 = VERTEX_POINT ( 'NONE', #823 ) ;
#6491 = ADVANCED_FACE ( 'NONE', ( #7808 ), #1797, .F. ) ;
#6492 = CARTESIAN_POINT ( 'NONE',  ( 5.130302149884840013, 14.09538931178869881, 3.999999999999949818 ) ) ;
#6493 = CARTESIAN_POINT ( 'NONE',  ( 7.597108048166214544, -0.1460072364671148315, -12.76297586611199364 ) ) ;
#6494 = AXIS2_PLACEMENT_3D ( 'NONE', #7253, #8781, #7295 ) ;
#6495 = CARTESIAN_POINT ( 'NONE',  ( 9.115941756832096843, 3.062429651925992147, -19.55823882455809937 ) ) ;
#6496 = EDGE_CURVE ( 'NONE', #7682, #6827, #8131, .T. ) ;
#6497 = CARTESIAN_POINT ( 'NONE',  ( 6.570598212385019288, 6.030968408672107373, -20.15000000000000213 ) ) ;
#6498 = AXIS2_PLACEMENT_3D ( 'NONE', #8486, #670, #8389 ) ;
#6499 = VERTEX_POINT ( 'NONE', #7662 ) ;
#6500 = CARTESIAN_POINT ( 'NONE',  ( -2.818744331075647036, -8.726819413701491612, -19.56102017223222589 ) ) ;
#6501 = EDGE_CURVE ( 'NONE', #5043, #1331, #7859, .T. ) ;
#6502 = VERTEX_POINT ( 'NONE', #1334 ) ;
#6503 = PLANE ( 'NONE',  #6752 ) ;
#6504 = B_SPLINE_CURVE_WITH_KNOTS ( 'NONE', 3,
 ( #8961, #8266, #7567, #501, #595, #2627, #4760, #3321, #7476, #1241 ),
 .UNSPECIFIED., .F., .F.,
 ( 4, 2, 2, 2, 4 ),
 ( 0.000000000000000000, 0.0003920998596709367331, 0.0007841997193418734661, 0.001176299579012810145, 0.001568399438683746932 ),
 .UNSPECIFIED. ) ;
#6505 = CYLINDRICAL_SURFACE ( 'NONE', #201, 13.00000000000000355 ) ;
#6506 = CARTESIAN_POINT ( 'NONE',  ( 4.335660639566430774, 6.219019774348487850, -20.15000000000000568 ) ) ;
#6507 = EDGE_CURVE ( 'NONE', #2855, #7807, #3080, .T. ) ;
#6508 = CARTESIAN_POINT ( 'NONE',  ( -6.344536900869361062, 3.210939737198291954, -13.19999995247171576 ) ) ;
#6509 = AXIS2_PLACEMENT_3D ( 'NONE', #9118, #4216, #7028 ) ;
#6510 = CARTESIAN_POINT ( 'NONE',  ( -2.560271022707268695, 5.408819665501204632, -20.15000000000000924 ) ) ;
#6511 = ORIENTED_EDGE ( 'NONE', *, *, #7280, .T. ) ;
#6512 = FACE_OUTER_BOUND ( 'NONE', #5139, .T. ) ;
#6513 = ORIENTED_EDGE ( 'NONE', *, *, #1411, .F. ) ;
#6514 = ORIENTED_EDGE ( 'NONE', *, *, #6105, .F. ) ;
#6515 = DIRECTION ( 'NONE',  ( -0.5000000000000003331, -0.8660254037844383745, 0.000000000000000000 ) ) ;
#6516 = AXIS2_PLACEMENT_3D ( 'NONE', #2480, #7329, #3696 ) ;
#6517 = VECTOR ( 'NONE', #4100, 1000.000000000000000 ) ;
#6518 = CARTESIAN_POINT ( 'NONE',  ( 16.33906178711544044, 10.44129154745700028, -6.294849952815314786 ) ) ;
#6519 = CARTESIAN_POINT ( 'NONE',  ( -17.22591083554681646, 7.635983181181268620, -12.00000000000000000 ) ) ;
#6520 = CARTESIAN_POINT ( 'NONE',  ( -3.823575800430812688, -3.320249239925262330, -20.14999999999999858 ) ) ;
#6521 = LINE ( 'NONE', #7729, #4179 ) ;
#6522 = ADVANCED_FACE ( 'NONE', ( #3604 ), #90, .T. ) ;
#6523 = CARTESIAN_POINT ( 'NONE',  ( -16.23890890522624986, 10.53023896615777844, -6.800000000000000711 ) ) ;
#6524 = LINE ( 'NONE', #200, #5926 ) ;
#6525 = CIRCLE ( 'NONE', #4021, 1.925000000000000488 ) ;
#6526 = AXIS2_PLACEMENT_3D ( 'NONE', #385, #8106, #1779 ) ;
#6527 = ORIENTED_EDGE ( 'NONE', *, *, #6617, .T. ) ;
#6528 = CARTESIAN_POINT ( 'NONE',  ( 3.573544662571620734, -4.088552584885285945, -20.14999999999999503 ) ) ;
#6529 = LINE ( 'NONE', #204, #2507 ) ;
#6530 = ORIENTED_EDGE ( 'NONE', *, *, #8150, .F. ) ;
#6531 = AXIS2_PLACEMENT_3D ( 'NONE', #6823, #1884, #5486 ) ;
#6532 = DIRECTION ( 'NONE',  ( -0.000000000000000000, -0.000000000000000000, 1.000000000000000000 ) ) ;
#6533 = CIRCLE ( 'NONE', #1523, 1.600000000000000755 ) ;
#6534 = FACE_OUTER_BOUND ( 'NONE', #1823, .T. ) ;
#6535 = ADVANCED_FACE ( 'NONE', ( #1525 ), #6953, .F. ) ;
#6536 = CARTESIAN_POINT ( 'NONE',  ( 3.223479201922197834, -6.864176142557899318, -20.14999999999999858 ) ) ;
#6537 = DIRECTION ( 'NONE',  ( 0.000000000000000000, 0.000000000000000000, -1.000000000000000000 ) ) ;
#6538 = VECTOR ( 'NONE', #4532, 1000.000000000000000 ) ;
#6539 = CARTESIAN_POINT ( 'NONE',  ( 7.006999760599559757, -1.145405759962759618, 4.000000000000000000 ) ) ;
#6540 = ORIENTED_EDGE ( 'NONE', *, *, #7613, .T. ) ;
#6541 = DIRECTION ( 'NONE',  ( -1.000000000000000000, 0.000000000000000000, 0.000000000000000000 ) ) ;
#6542 = CARTESIAN_POINT ( 'NONE',  ( 6.759859534895007904, -2.312361290794628488, 0.000000000000000000 ) ) ;
#6543 = CARTESIAN_POINT ( 'NONE',  ( 9.074243765481304180, 2.421757834077955529, -19.55966390444766034 ) ) ;
#6544 = EDGE_CURVE ( 'NONE', #682, #1851, #8905, .T. ) ;
#6545 = CARTESIAN_POINT ( 'NONE',  ( 4.546038442339776608, 6.273268827513079238, -20.14999999999999858 ) ) ;
#6546 = EDGE_LOOP ( 'NONE', ( #5968, #5545, #5359, #5481, #1936, #7623, #5760, #1727, #430, #6697, #8921, #7661, #9114, #3579, #7817, #8155, #2327, #3491, #3003, #768, #6293, #8338, #2924, #8402, #920, #4286, #7596, #4437, #2461 ) ) ;
#6547 = CARTESIAN_POINT ( 'NONE',  ( 1.732723634844940408, -9.516067091933509303, -19.55787315479458854 ) ) ;
#6548 = ORIENTED_EDGE ( 'NONE', *, *, #7979, .T. ) ;
#6549 = CARTESIAN_POINT ( 'NONE',  ( -11.84547605177346696, 5.080769671272963528, -11.88784080805925036 ) ) ;
#6550 =( NAMED_UNIT ( * ) SI_UNIT ( $, .STERADIAN. ) SOLID_ANGLE_UNIT ( ) );
#6551 = CARTESIAN_POINT ( 'NONE',  ( 5.952180943577801031, 6.240960455875200097, -20.15000000000001634 ) ) ;
#6552 = FACE_OUTER_BOUND ( 'NONE', #87, .T. ) ;
#6553 = CARTESIAN_POINT ( 'NONE',  ( -3.515368763467423996, 5.877125219389805366, -20.14999999999996660 ) ) ;
#6554 = ADVANCED_FACE ( 'NONE', ( #7423 ), #6768, .T. ) ;
#6555 = ORIENTED_EDGE ( 'NONE', *, *, #539, .F. ) ;
#6556 = CARTESIAN_POINT ( 'NONE',  ( 17.84355630229944722, 11.45668257281192837, -6.800000000000000711 ) ) ;
#6557 = VERTEX_POINT ( 'NONE', #1229 ) ;
#6558 = ORIENTED_EDGE ( 'NONE', *, *, #5670, .T. ) ;
#6559 = LINE ( 'NONE', #3140, #5321 ) ;
#6560 = CARTESIAN_POINT ( 'NONE',  ( 16.52551578382674791, 10.25218052471199748, -6.001617403196380707 ) ) ;
#6561 = PLANE ( 'NONE',  #3128 ) ;
#6562 = CARTESIAN_POINT ( 'NONE',  ( -4.319457017579620306, -2.320053792760942812, -20.15000000000003411 ) ) ;
#6563 = CARTESIAN_POINT ( 'NONE',  ( 3.925933417696827021, -5.997593485007194580, -19.57086012093072824 ) ) ;
#6564 = CARTESIAN_POINT ( 'NONE',  ( -6.415870273577650273, 6.095401866887981690, -20.14999999999999858 ) ) ;
#6565 = CARTESIAN_POINT ( 'NONE',  ( 5.932638115201564588, -15.39655172413803008, -0.9999999999999974465 ) ) ;
#6566 = EDGE_CURVE ( 'NONE', #7059, #955, #6665, .T. ) ;
#6567 = EDGE_LOOP ( 'NONE', ( #5857, #528, #4856, #1226, #89 ) ) ;
#6568 = EDGE_CURVE ( 'NONE', #2555, #2855, #7255, .T. ) ;
#6569 = CARTESIAN_POINT ( 'NONE',  ( 3.594450012276437345, -4.010954274926071150, -20.14999999999999147 ) ) ;
#6570 = CARTESIAN_POINT ( 'NONE',  ( -2.620126338115370445E-13, -16.50000000000000000, 0.000000000000000000 ) ) ;
#6571 = ORIENTED_EDGE ( 'NONE', *, *, #2784, .F. ) ;
#6572 = DIRECTION ( 'NONE',  ( 0.3420201573281671514, 0.9396926156894156446, 0.000000000000000000 ) ) ;
#6573 = CARTESIAN_POINT ( 'NONE',  ( -17.28941916244309951, 8.250000000000220268, -11.86602540378445347 ) ) ;
#6574 = LINE ( 'NONE', #1958, #1579 ) ;
#6575 = CARTESIAN_POINT ( 'NONE',  ( 3.108021090070820502, 6.329442094458702428, -19.57121306393188220 ) ) ;
#6576 = AXIS2_PLACEMENT_3D ( 'NONE', #7180, #805, #68 ) ;
#6577 = AXIS2_PLACEMENT_3D ( 'NONE', #6868, #540, #6174 ) ;
#6578 = DIRECTION ( 'NONE',  ( 0.000000000000000000, 0.000000000000000000, -1.000000000000000000 ) ) ;
#6579 = ORIENTED_EDGE ( 'NONE', *, *, #461, .T. ) ;
#6580 = CARTESIAN_POINT ( 'NONE',  ( 7.006999760599561533, -1.145405759962759618, 0.000000000000000000 ) ) ;
#6581 = DIRECTION ( 'NONE',  ( 1.000000000000000000, 0.000000000000000000, 0.000000000000000000 ) ) ;
#6582 = CARTESIAN_POINT ( 'NONE',  ( -4.104241719907849806, 11.27631144943090113, 3.999999999999949818 ) ) ;
#6583 = AXIS2_PLACEMENT_3D ( 'NONE', #7832, #4782, #6908 ) ;
#6584 = CARTESIAN_POINT ( 'NONE',  ( 0.5137812952128447685, -9.924999999999968736, -20.15000000000000213 ) ) ;
#6585 = CARTESIAN_POINT ( 'NONE',  ( 9.116470853130932639, 2.998162204733088476, -19.55836657622584696 ) ) ;
#6586 = AXIS2_PLACEMENT_3D ( 'NONE', #5387, #2608, #3206 ) ;
#6587 = CARTESIAN_POINT ( 'NONE',  ( 3.530143011963446931, 5.885612803202785237, -20.14999999999999858 ) ) ;
#6588 = ORIENTED_EDGE ( 'NONE', *, *, #4637, .F. ) ;
#6589 = CARTESIAN_POINT ( 'NONE',  ( -2.949421444206525855, -8.585209951401839845, -19.56157547112167805 ) ) ;
#6590 = ORIENTED_EDGE ( 'NONE', *, *, #8720, .F. ) ;
#6591 = CARTESIAN_POINT ( 'NONE',  ( -5.236359580130367952, 6.048184715067491446, 2.000000000000000000 ) ) ;
#6592 = CARTESIAN_POINT ( 'NONE',  ( -4.747942146470841784, 6.898341144067637210, -19.56545267110788444 ) ) ;
#6593 = CARTESIAN_POINT ( 'NONE',  ( 6.071532165918766455E-15, -1.051620219116014734E-14, -6.800000000000000711 ) ) ;
#6594 = CARTESIAN_POINT ( 'NONE',  ( -3.360581598296132899, 5.790558499301790008, -20.14999999999999503 ) ) ;
#6595 = EDGE_CURVE ( 'NONE', #3435, #7136, #8493, .T. ) ;
#6596 = CIRCLE ( 'NONE', #7484, 16.50000000000000355 ) ;
#6597 = ORIENTED_EDGE ( 'NONE', *, *, #5747, .T. ) ;
#6598 = CARTESIAN_POINT ( 'NONE',  ( -16.81300643515132620, 10.83168196786887449, -6.538326650150961150 ) ) ;
#6599 = ORIENTED_EDGE ( 'NONE', *, *, #2485, .T. ) ;
#6600 = ORIENTED_EDGE ( 'NONE', *, *, #1124, .F. ) ;
#6601 = CARTESIAN_POINT ( 'NONE',  ( 7.966809235161430358, 15.58139758207030923, 0.000000000000000000 ) ) ;
#6602 = CARTESIAN_POINT ( 'NONE',  ( -2.470246229790969516E-14, 8.215650382226159661E-14, 0.000000000000000000 ) ) ;
#6603 = DIRECTION ( 'NONE',  ( -0.000000000000000000, -0.000000000000000000, -1.000000000000000000 ) ) ;
#6604 = ADVANCED_FACE ( 'NONE', ( #583 ), #4652, .F. ) ;
#6605 = CARTESIAN_POINT ( 'NONE',  ( -3.332033075096574315, -5.991480946597640411, -20.15000000000000924 ) ) ;
#6606 = CARTESIAN_POINT ( 'NONE',  ( 4.096257855965758310, -4.444660941880420602, -19.57429564634028551 ) ) ;
#6607 = AXIS2_PLACEMENT_3D ( 'NONE', #2525, #4610, #398 ) ;
#6608 = CARTESIAN_POINT ( 'NONE',  ( -5.302104366530059565, 6.328473127283258393, -20.15000000000001279 ) ) ;
#6609 = CARTESIAN_POINT ( 'NONE',  ( 5.382493388003301682, -4.698029437836363620, 0.000000000000000000 ) ) ;
#6610 = EDGE_CURVE ( 'NONE', #507, #1096, #3863, .T. ) ;
#6611 = ORIENTED_EDGE ( 'NONE', *, *, #803, .F. ) ;
#6612 = AXIS2_PLACEMENT_3D ( 'NONE', #6251, #4779, #4137 ) ;
#6613 = DIRECTION ( 'NONE',  ( -0.4999999999999998890, 0.8660254037844388186, 0.000000000000000000 ) ) ;
#6614 = DIRECTION ( 'NONE',  ( -1.000000000000000000, 0.000000000000000000, 0.000000000000000000 ) ) ;
#6615 = CARTESIAN_POINT ( 'NONE',  ( -17.79884389200605455, 9.121466773934914229, -11.00000000000000000 ) ) ;
#6616 = ORIENTED_EDGE ( 'NONE', *, *, #5244, .F. ) ;
#6617 = EDGE_CURVE ( 'NONE', #3030, #4235, #3725, .T. ) ;
#6618 = CARTESIAN_POINT ( 'NONE',  ( -17.79884389200606165, 9.121466773934916006, -6.535847726204214503 ) ) ;
#6619 = CARTESIAN_POINT ( 'NONE',  ( -17.27587319262787702, 8.551217259638317358, -11.66488352482216406 ) ) ;
#6620 = CARTESIAN_POINT ( 'NONE',  ( 6.148780366869437408, 3.549999999999869704, 0.000000000000000000 ) ) ;
#6621 = CIRCLE ( 'NONE', #3974, 1.600000000000000089 ) ;
#6622 = CARTESIAN_POINT ( 'NONE',  ( 3.202409616553587579, 6.382329202238921084, -19.57094327848784232 ) ) ;
#6623 = EDGE_CURVE ( 'NONE', #6225, #2576, #2247, .T. ) ;
#6624 = CARTESIAN_POINT ( 'NONE',  ( 1.026074333725659926, -19.97372540278563591, -11.26206654698879106 ) ) ;
#6625 = ORIENTED_EDGE ( 'NONE', *, *, #4696, .T. ) ;
#6626 = CARTESIAN_POINT ( 'NONE',  ( 5.730183352904040501E-16, 6.661338147750940031E-15, 3.999999999999949818 ) ) ;
#6627 = DIRECTION ( 'NONE',  ( -0.3420201433256560009, 0.9396926207859129798, 0.000000000000000000 ) ) ;
#6628 = LINE ( 'NONE', #3684, #7204 ) ;
#6629 = CARTESIAN_POINT ( 'NONE',  ( 6.998297538017292041, 1.375331565961100733, -13.17148535977110235 ) ) ;
#6630 = CARTESIAN_POINT ( 'NONE',  ( 9.016510458409879192, 2.107865761399195126, -19.56048372474206687 ) ) ;
#6631 = CONICAL_SURFACE ( 'NONE', #5021, 1.324999999999985967, 0.7853981633974576049 ) ;
#6632 = CARTESIAN_POINT ( 'NONE',  ( -4.495450366068510561, -5.495536917009252953, 4.000000000000000000 ) ) ;
#6633 = ORIENTED_EDGE ( 'NONE', *, *, #4126, .F. ) ;
#6634 = CARTESIAN_POINT ( 'NONE',  ( -0.4493164750509942573, -9.893342329938640489, -19.55632757341103201 ) ) ;
#6635 = VECTOR ( 'NONE', #3888, 1000.000000000000000 ) ;
#6636 = ORIENTED_EDGE ( 'NONE', *, *, #2672, .F. ) ;
#6637 = CARTESIAN_POINT ( 'NONE',  ( -11.45611778004203352, 5.425892404248012113, -11.27530028618130231 ) ) ;
#6638 = CARTESIAN_POINT ( 'NONE',  ( 0.000000000000000000, 0.000000000000000000, 2.000000000000000000 ) ) ;
#6639 = DIRECTION ( 'NONE',  ( -1.000000000000000000, 0.000000000000000000, -0.000000000000000000 ) ) ;
#6640 = CARTESIAN_POINT ( 'NONE',  ( 11.31494592512490804, 8.654127060383260073, -11.99049765848089244 ) ) ;
#6641 = CARTESIAN_POINT ( 'NONE',  ( -3.525922788924701567, 5.883184795073403528, -20.15000000000001990 ) ) ;
#6642 = AXIS2_PLACEMENT_3D ( 'NONE', #4650, #5479, #7461 ) ;
#6643 = ORIENTED_EDGE ( 'NONE', *, *, #668, .T. ) ;
#6644 = LINE ( 'NONE', #2397, #3682 ) ;
#6645 = ORIENTED_EDGE ( 'NONE', *, *, #6763, .T. ) ;
#6646 = VERTEX_POINT ( 'NONE', #1273 ) ;
#6647 = DIRECTION ( 'NONE',  ( 0.000000000000000000, 0.000000000000000000, 1.000000000000000000 ) ) ;
#6648 = DIRECTION ( 'NONE',  ( 0.000000000000000000, 0.000000000000000000, -1.000000000000000000 ) ) ;
#6649 = CARTESIAN_POINT ( 'NONE',  ( -7.969844743047920232, 1.145731716601397610, -20.15000000000000213 ) ) ;
#6650 = CARTESIAN_POINT ( 'NONE',  ( -17.22591083554681646, 7.635983181181268620, -12.00000000000000000 ) ) ;
#6651 = VECTOR ( 'NONE', #7307, 1000.000000000000000 ) ;
#6652 = CARTESIAN_POINT ( 'NONE',  ( 4.503193839375971841, -3.239553409095582204, -19.57580974614929659 ) ) ;
#6653 = CARTESIAN_POINT ( 'NONE',  ( -4.814651946263677651, 6.308112861981083341, -20.15000000000000924 ) ) ;
#6654 = FACE_OUTER_BOUND ( 'NONE', #652, .T. ) ;
#6655 = B_SPLINE_CURVE_WITH_KNOTS ( 'NONE', 3,
 ( #7430, #8386, #6208, #5564, #1097, #7383, #6951, #8990 ),
 .UNSPECIFIED., .F., .F.,
 ( 4, 2, 2, 4 ),
 ( 3.159144647825559242E-20, 0.0003609264839254263898, 0.0007218529678508526712, 0.001443705935701708812 ),
 .UNSPECIFIED. ) ;
#6656 = EDGE_CURVE ( 'NONE', #288, #9137, #5300, .T. ) ;
#6657 = ORIENTED_EDGE ( 'NONE', *, *, #8559, .F. ) ;
#6658 = AXIS2_PLACEMENT_3D ( 'NONE', #4439, #8828, #8127 ) ;
#6659 = CARTESIAN_POINT ( 'NONE',  ( 4.858666772465457306, -1.559956937356800299, -20.14999999999999858 ) ) ;
#6660 = CARTESIAN_POINT ( 'NONE',  ( -0.7995154831912657523, -19.98422575043267813, -6.185367226245921835 ) ) ;
#6661 = DIRECTION ( 'NONE',  ( 0.000000000000000000, 0.000000000000000000, -1.000000000000000000 ) ) ;
#6662 = DIRECTION ( 'NONE',  ( 0.000000000000000000, 0.000000000000000000, -1.000000000000000000 ) ) ;
#6663 = CARTESIAN_POINT ( 'NONE',  ( 3.475686976582643251, -14.52020202020208117, -12.00000000000000000 ) ) ;
#6664 = CARTESIAN_POINT ( 'NONE',  ( -13.01044710970864671, 12.07257515209366616, 0.000000000000000000 ) ) ;
#6665 = CIRCLE ( 'NONE', #173, 3.000000000000000444 ) ;
#6666 = ADVANCED_FACE ( 'NONE', ( #4007 ), #3578, .F. ) ;
#6667 = DIRECTION ( 'NONE',  ( 0.000000000000000000, 0.000000000000000000, -1.000000000000000000 ) ) ;
#6668 = CIRCLE ( 'NONE', #2691, 1.925000000000000488 ) ;
#6669 = ORIENTED_EDGE ( 'NONE', *, *, #1750, .T. ) ;
#6670 = DIRECTION ( 'NONE',  ( 0.000000000000000000, 0.000000000000000000, 1.000000000000000000 ) ) ;
#6671 = DIRECTION ( 'NONE',  ( 0.3420201464373229250, 0.9396926196533588183, 0.000000000000000000 ) ) ;
#6672 = CARTESIAN_POINT ( 'NONE',  ( -1.438572670109659501, -13.86496822526688888, -11.83858471799098488 ) ) ;
#6673 = CARTESIAN_POINT ( 'NONE',  ( 6.661724009889392839, -0.6860514627619563877, -12.76258171639310035 ) ) ;
#6674 = CARTESIAN_POINT ( 'NONE',  ( 8.713811816709025493, 4.731667913989250351, -19.55624941123597793 ) ) ;
#6675 = CIRCLE ( 'NONE', #5067, 0.9999999999999986677 ) ;
#6676 = CARTESIAN_POINT ( 'NONE',  ( 18.84355630229944012, 9.724631765243044512, -5.800000000000000711 ) ) ;
#6677 = EDGE_CURVE ( 'NONE', #7770, #7026, #3532, .T. ) ;
#6678 = ORIENTED_EDGE ( 'NONE', *, *, #4628, .F. ) ;
#6679 = CARTESIAN_POINT ( 'NONE',  ( -3.716784339806204152, -7.259787527090951542, -19.56655411003734102 ) ) ;
#6680 = EDGE_LOOP ( 'NONE', ( #3601, #8060, #7209, #1496 ) ) ;
#6681 = DIRECTION ( 'NONE',  ( 0.000000000000000000, 0.000000000000000000, -1.000000000000000000 ) ) ;
#6682 = SURFACE_STYLE_USAGE ( .BOTH. , #8638 ) ;
#6683 = CARTESIAN_POINT ( 'NONE',  ( -6.811339609607627743, 6.572505212342955261, -19.55920402270632152 ) ) ;
#6684 = CARTESIAN_POINT ( 'NONE',  ( -5.773159728050855820E-15, 12.99999999999993605, 0.000000000000000000 ) ) ;
#6685 = CARTESIAN_POINT ( 'NONE',  ( -3.529615295823617771, 5.885309408453257340, -20.15000000000000213 ) ) ;
#6686 = ORIENTED_EDGE ( 'NONE', *, *, #8161, .F. ) ;
#6687 = CARTESIAN_POINT ( 'NONE',  ( -17.72653955421970196, -3.125667198004979941, 0.000000000000000000 ) ) ;
#6688 = VERTEX_POINT ( 'NONE', #2842 ) ;
#6689 = ORIENTED_EDGE ( 'NONE', *, *, #7404, .T. ) ;
#6690 = CARTESIAN_POINT ( 'NONE',  ( -2.470246229790969516E-14, 8.215650382226159661E-14, 0.000000000000000000 ) ) ;
#6691 = CARTESIAN_POINT ( 'NONE',  ( -3.506623387193939531E-13, -5.999999999999777067, -20.14999999999999858 ) ) ;
#6692 = CARTESIAN_POINT ( 'NONE',  ( 1.178669125964988342E-28, 6.268901968980452702E-29, -12.00000000000000000 ) ) ;
#6693 = CARTESIAN_POINT ( 'NONE',  ( -17.28941916244309951, 8.250000000000220268, -11.86602540378445347 ) ) ;
#6694 = CARTESIAN_POINT ( 'NONE',  ( 5.274716027817587083, -1.992392960981108851, -19.57553205831194987 ) ) ;
#6695 = CARTESIAN_POINT ( 'NONE',  ( -5.464842809355572761, 6.317679189224765679, -20.14999999999999858 ) ) ;
#6696 = CARTESIAN_POINT ( 'NONE',  ( 4.049248172075082586, -5.845636775475525404, 0.000000000000000000 ) ) ;
#6697 = ORIENTED_EDGE ( 'NONE', *, *, #3335, .F. ) ;
#6698 = FACE_OUTER_BOUND ( 'NONE', #7897, .T. ) ;
#6699 = CARTESIAN_POINT ( 'NONE',  ( 3.785127572994684719, -3.420078260502885215, -20.14999999999999858 ) ) ;
#6700 = DIRECTION ( 'NONE',  ( -1.000000000000000000, 0.000000000000000000, 0.000000000000000000 ) ) ;
#6701 = CARTESIAN_POINT ( 'NONE',  ( 8.589913868931029484, 4.959389083850708424, -19.55622182909918294 ) ) ;
#6702 = CARTESIAN_POINT ( 'NONE',  ( 0.000000000000000000, 0.000000000000000000, 0.000000000000000000 ) ) ;
#6703 = CARTESIAN_POINT ( 'NONE',  ( -10.32283040865112511, 7.718176951480865355, -11.88776304758761171 ) ) ;
#6704 = FACE_OUTER_BOUND ( 'NONE', #1143, .T. ) ;
#6705 = EDGE_CURVE ( 'NONE', #4525, #5592, #767, .T. ) ;
#6706 = ORIENTED_EDGE ( 'NONE', *, *, #3590, .T. ) ;
#6707 = CARTESIAN_POINT ( 'NONE',  ( 11.25833024919770686, -6.500000000000000000, 2.000000000000000000 ) ) ;
#6708 = EDGE_LOOP ( 'NONE', ( #4638, #318, #3426, #1632 ) ) ;
#6709 = CARTESIAN_POINT ( 'NONE',  ( -11.41608308867100874, 5.466727739381340712, -6.537287570111132595 ) ) ;
#6710 = DIRECTION ( 'NONE',  ( -0.000000000000000000, -0.000000000000000000, 1.000000000000000000 ) ) ;
#6711 = CARTESIAN_POINT ( 'NONE',  ( -0.5052182938936897738, -13.54036951078627204, -5.927256009146254279 ) ) ;
#6712 = EDGE_CURVE ( 'NONE', #1628, #7515, #6366, .T. ) ;
#6713 = CARTESIAN_POINT ( 'NONE',  ( -4.051638871298109734, -4.288515387788894628, -12.75101354849708812 ) ) ;
#6714 = CIRCLE ( 'NONE', #4813, 9.999999999999996447 ) ;
#6715 = CARTESIAN_POINT ( 'NONE',  ( 3.925930121005859252, -6.000000000182121873, -19.57085359159096427 ) ) ;
#6716 = EDGE_CURVE ( 'NONE', #991, #1249, #4597, .T. ) ;
#6717 = CARTESIAN_POINT ( 'NONE',  ( -1.061064573208676753, -19.30626614096899729, -11.35123915384314586 ) ) ;
#6718 = EDGE_CURVE ( 'NONE', #8137, #479, #8288, .T. ) ;
#6719 = ORIENTED_EDGE ( 'NONE', *, *, #4197, .F. ) ;
#6720 = FACE_OUTER_BOUND ( 'NONE', #4323, .T. ) ;
#6721 = AXIS2_PLACEMENT_3D ( 'NONE', #5296, #8110, #1785 ) ;
#6722 = ORIENTED_EDGE ( 'NONE', *, *, #6496, .F. ) ;
#6723 = CARTESIAN_POINT ( 'NONE',  ( -2.145132460611902319E-13, -19.50000000000000000, -5.800000000000000711 ) ) ;
#6724 = ADVANCED_FACE ( 'NONE', ( #8530 ), #9134, .F. ) ;
#6725 = DIRECTION ( 'NONE',  ( -0.8660254037844332675, 0.5000000000000093259, 0.000000000000000000 ) ) ;
#6726 = DIRECTION ( 'NONE',  ( 0.6427876096865416944, -0.7660444431189761261, 0.000000000000000000 ) ) ;
#6727 = CARTESIAN_POINT ( 'NONE',  ( 8.290211172671014594, 1.774486377983610419, -20.14999999999999503 ) ) ;
#6728 = CARTESIAN_POINT ( 'NONE',  ( 6.148780366869377900, 3.549999999999838174, -13.19999999999999751 ) ) ;
#6729 = CARTESIAN_POINT ( 'NONE',  ( -3.500582884643228088, 5.868669396140689720, -20.15000000000003055 ) ) ;
#6730 = EDGE_CURVE ( 'NONE', #297, #781, #5777, .T. ) ;
#6731 = AXIS2_PLACEMENT_3D ( 'NONE', #7446, #5329, #6751 ) ;
#6732 = ORIENTED_EDGE ( 'NONE', *, *, #4689, .F. ) ;
#6733 = DIRECTION ( 'NONE',  ( -1.000000000000000000, 1.028313268071524502E-14, 0.000000000000000000 ) ) ;
#6734 = ORIENTED_EDGE ( 'NONE', *, *, #8264, .F. ) ;
#6735 = ORIENTED_EDGE ( 'NONE', *, *, #740, .T. ) ;
#6736 = CARTESIAN_POINT ( 'NONE',  ( 1.757557258465116012, -8.825815009531371658, -20.15000000000000924 ) ) ;
#6737 = DIRECTION ( 'NONE',  ( 0.3420201433256641610, 0.9396926207859102043, 0.000000000000000000 ) ) ;
#6738 = CIRCLE ( 'NONE', #7929, 16.50000000000000355 ) ;
#6739 = FACE_OUTER_BOUND ( 'NONE', #4681, .T. ) ;
#6740 = CARTESIAN_POINT ( 'NONE',  ( 5.457405335431318782, -1.774743049110036441, -19.57522915044571832 ) ) ;
#6741 = CARTESIAN_POINT ( 'NONE',  ( -4.706488934213715503, 6.294058522837325143, -20.14999999999998792 ) ) ;
#6742 = CARTESIAN_POINT ( 'NONE',  ( 4.055294642910032721, -4.288965480209411929, -12.75108592438962063 ) ) ;
#6743 = VERTEX_POINT ( 'NONE', #8481 ) ;
#6744 = DIRECTION ( 'NONE',  ( 0.000000000000000000, 0.000000000000000000, 1.000000000000000000 ) ) ;
#6745 = VERTEX_POINT ( 'NONE', #8434 ) ;
#6746 = DIRECTION ( 'NONE',  ( 0.000000000000000000, 0.000000000000000000, 1.000000000000000000 ) ) ;
#6747 = VECTOR ( 'NONE', #4253, 1000.000000000000114 ) ;
#6748 = CARTESIAN_POINT ( 'NONE',  ( 6.148780366869377900, 3.549999999999838174, -12.83904064760204733 ) ) ;
#6749 = DIRECTION ( 'NONE',  ( -1.000000000000000000, 0.000000000000000000, 0.000000000000000000 ) ) ;
#6750 = CARTESIAN_POINT ( 'NONE',  ( 14.28941916244339971, 8.249999999999779732, 4.000000000000000000 ) ) ;
#6751 = DIRECTION ( 'NONE',  ( 0.9848077530122055778, -0.1736481776669439314, 0.000000000000000000 ) ) ;
#6752 = AXIS2_PLACEMENT_3D ( 'NONE', #310, #6681, #181 ) ;
#6753 = EDGE_LOOP ( 'NONE', ( #1834, #6196, #2488, #1131, #5261 ) ) ;
#6754 = LINE ( 'NONE', #6942, #2059 ) ;
#6755 = ORIENTED_EDGE ( 'NONE', *, *, #8661, .F. ) ;
#6756 = CARTESIAN_POINT ( 'NONE',  ( 4.163336342344414651E-14, 7.211110073938320752E-14, -6.800000000000000711 ) ) ;
#6757 = CIRCLE ( 'NONE', #2783, 2.000000000000030198 ) ;
#6758 = CARTESIAN_POINT ( 'NONE',  ( 7.721101852296505363, 15.34890599057241012, -0.3184923189179105218 ) ) ;
#6759 = CARTESIAN_POINT ( 'NONE',  ( -10.83288528313429921, -1.910129954336380109, 2.000000000000000000 ) ) ;
#6760 = CARTESIAN_POINT ( 'NONE',  ( -5.742000383270914554, -1.367505440486388224, -12.75108592438960642 ) ) ;
#6761 = DIRECTION ( 'NONE',  ( 0.000000000000000000, 0.000000000000000000, 1.000000000000000000 ) ) ;
#6762 = VECTOR ( 'NONE', #5309, 1000.000000000000000 ) ;
#6763 = EDGE_CURVE ( 'NONE', #288, #3033, #2096, .T. ) ;
#6764 = DIRECTION ( 'NONE',  ( -1.000000000000000000, 0.000000000000000000, 0.000000000000000000 ) ) ;
#6765 = ORIENTED_EDGE ( 'NONE', *, *, #7017, .F. ) ;
#6766 = CYLINDRICAL_SURFACE ( 'NONE', #7234, 1.925000000000000488 ) ;
#6767 = ORIENTED_EDGE ( 'NONE', *, *, #6032, .T. ) ;
#6768 = CYLINDRICAL_SURFACE ( 'NONE', #7542, 2.000000000000038636 ) ;
#6769 = CARTESIAN_POINT ( 'NONE',  ( 17.28941916244371413, 8.249999999999147349, -11.86602540378500592 ) ) ;
#6770 = CARTESIAN_POINT ( 'NONE',  ( 5.196152422706617813, 3.000000000000023981, -20.14999999999999858 ) ) ;
#6771 = CIRCLE ( 'NONE', #5016, 3.000000000000000888 ) ;
#6772 = CARTESIAN_POINT ( 'NONE',  ( 8.486724078605771382, 3.485205564618646612, -20.14999999999998082 ) ) ;
#6773 = DIRECTION ( 'NONE',  ( -1.000000000000000000, 0.000000000000000000, 0.000000000000000000 ) ) ;
#6774 = CARTESIAN_POINT ( 'NONE',  ( -3.506623387193939531E-13, -5.999999999999777067, -13.14999999999999858 ) ) ;
#6775 = EDGE_CURVE ( 'NONE', #7608, #1312, #4232, .T. ) ;
#6776 = VERTEX_POINT ( 'NONE', #4139 ) ;
#6777 = AXIS2_PLACEMENT_3D ( 'NONE', #4963, #4365, #7179 ) ;
#6778 = ORIENTED_EDGE ( 'NONE', *, *, #4537, .F. ) ;
#6779 = VERTEX_POINT ( 'NONE', #6995 ) ;
#6780 = CARTESIAN_POINT ( 'NONE',  ( 1.067431358038942513, -9.149966831708889359, -20.14999999999999858 ) ) ;
#6781 = EDGE_LOOP ( 'NONE', ( #4200, #1876, #3730, #1484 ) ) ;
#6782 = CARTESIAN_POINT ( 'NONE',  ( 0.7669198063540403343, 7.107502157855167368, 0.000000000000000000 ) ) ;
#6783 = EDGE_CURVE ( 'NONE', #5592, #5398, #4282, .T. ) ;
#6784 = PLANE ( 'NONE',  #2766 ) ;
#6785 = CARTESIAN_POINT ( 'NONE',  ( 7.157718880463312061, -0.4007652494336544358, -19.57085832013947879 ) ) ;
#6786 = CARTESIAN_POINT ( 'NONE',  ( -1.171646193170460037, -7.035210482140599630, -13.19417254642123893 ) ) ;
#6787 = VECTOR ( 'NONE', #7700, 1000.000000000000000 ) ;
#6788 = CARTESIAN_POINT ( 'NONE',  ( -3.190588056533588457, 6.375605649150974052, -19.57097766596749722 ) ) ;
#6789 = ORIENTED_EDGE ( 'NONE', *, *, #7122, .F. ) ;
#6790 = CARTESIAN_POINT ( 'NONE',  ( 7.395357970803866365, 14.74987052430182821, 0.000000000000000000 ) ) ;
#6791 = CARTESIAN_POINT ( 'NONE',  ( 0.000000000000000000, 0.000000000000000000, 0.000000000000000000 ) ) ;
#6792 = AXIS2_PLACEMENT_3D ( 'NONE', #4077, #2548, #6982 ) ;
#6793 = DIRECTION ( 'NONE',  ( 0.000000000000000000, 0.000000000000000000, -1.000000000000000000 ) ) ;
#6794 = CARTESIAN_POINT ( 'NONE',  ( -3.483438117863078443, -4.464780776670324691, -20.15000000000000213 ) ) ;
#6795 = EDGE_CURVE ( 'NONE', #3614, #6059, #4971, .T. ) ;
#6796 = CARTESIAN_POINT ( 'NONE',  ( -7.034685881270001495, -0.4734922911207025686, -19.57121548633539732 ) ) ;
#6797 = CARTESIAN_POINT ( 'NONE',  ( 0.000000000000000000, 0.000000000000000000, 2.000000000000000000 ) ) ;
#6798 = CYLINDRICAL_SURFACE ( 'NONE', #4666, 2.000000000000000000 ) ;
#6799 = AXIS2_PLACEMENT_3D ( 'NONE', #4486, #7296, #3797 ) ;
#6800 = ORIENTED_EDGE ( 'NONE', *, *, #5884, .F. ) ;
#6801 = DIRECTION ( 'NONE',  ( -5.695779336897510001E-16, -1.564902583987709997E-15, -1.000000000000000000 ) ) ;
#6802 = EDGE_CURVE ( 'NONE', #4776, #878, #2150, .T. ) ;
#6803 = VERTEX_POINT ( 'NONE', #1319 ) ;
#6804 = CIRCLE ( 'NONE', #7721, 2.000000000000001776 ) ;
#6805 = CARTESIAN_POINT ( 'NONE',  ( 0.000000000000000000, 0.000000000000000000, 0.000000000000000000 ) ) ;
#6806 = FACE_OUTER_BOUND ( 'NONE', #1716, .T. ) ;
#6807 = DIRECTION ( 'NONE',  ( -0.000000000000000000, -0.000000000000000000, -1.000000000000000000 ) ) ;
#6808 = CARTESIAN_POINT ( 'NONE',  ( -6.998297538017272501, 1.375331565961207980, -13.17148650044992841 ) ) ;
#6809 = LINE ( 'NONE', #1919, #4672 ) ;
#6810 = AXIS2_PLACEMENT_3D ( 'NONE', #3264, #6028, #5484 ) ;
#6811 = AXIS2_PLACEMENT_3D ( 'NONE', #8041, #1668, #4487 ) ;
#6812 = PLANE ( 'NONE',  #98 ) ;
#6813 = ORIENTED_EDGE ( 'NONE', *, *, #1133, .T. ) ;
#6814 = CARTESIAN_POINT ( 'NONE',  ( 7.977817863558483324, 0.2291171918740634306, -19.56740005395116100 ) ) ;
#6815 = ORIENTED_EDGE ( 'NONE', *, *, #5769, .F. ) ;
#6816 = CARTESIAN_POINT ( 'NONE',  ( 17.79884389200625350, 9.121466773934537642, -11.00000000000000000 ) ) ;
#6817 = CIRCLE ( 'NONE', #2690, 16.00000000000000355 ) ;
#6818 = LINE ( 'NONE', #3403, #4840 ) ;
#6819 = AXIS2_PLACEMENT_3D ( 'NONE', #207, #3020, #2329 ) ;
#6820 = CARTESIAN_POINT ( 'NONE',  ( 17.28941916244339794, 8.249999999999779732, -3.000000000000000888 ) ) ;
#6821 = CARTESIAN_POINT ( 'NONE',  ( 8.515472928767874095, 3.215815893664870639, -20.15000000000000568 ) ) ;
#6822 = EDGE_CURVE ( 'NONE', #3277, #316, #2682, .T. ) ;
#6823 = CARTESIAN_POINT ( 'NONE',  ( 7.070663706552050343, -8.426488874308670773, 2.000000000000000000 ) ) ;
#6824 = DIRECTION ( 'NONE',  ( 1.028313268071524818E-14, 1.000000000000000000, 0.000000000000000000 ) ) ;
#6825 = ORIENTED_EDGE ( 'NONE', *, *, #5587, .T. ) ;
#6826 = EDGE_CURVE ( 'NONE', #8902, #362, #4321, .T. ) ;
#6827 = VERTEX_POINT ( 'NONE', #5705 ) ;
#6828 = VERTEX_POINT ( 'NONE', #1506 ) ;
#6829 = CARTESIAN_POINT ( 'NONE',  ( 1.445650625963156743, -8.995378355928707492, -20.14999999999998792 ) ) ;
#6830 = ORIENTED_EDGE ( 'NONE', *, *, #3772, .T. ) ;
#6831 = DIRECTION ( 'NONE',  ( 0.8660254037844332675, -0.5000000000000092149, 0.000000000000000000 ) ) ;
#6832 = CARTESIAN_POINT ( 'NONE',  ( 11.97891311991601171, 6.332652878424632092, -5.927256009146256055 ) ) ;
#6833 = CARTESIAN_POINT ( 'NONE',  ( 7.120631735377608074, -0.4223824397865661440, -19.57096630709249752 ) ) ;
#6834 = EDGE_CURVE ( 'NONE', #2037, #604, #875, .T. ) ;
#6835 = CARTESIAN_POINT ( 'NONE',  ( -0.5137812952128492094, -9.924999999999961631, -12.69999995247171398 ) ) ;
#6836 = CARTESIAN_POINT ( 'NONE',  ( -2.531968258076906508, 6.043145081478469294, -19.57273804787251592 ) ) ;
#6837 = ORIENTED_EDGE ( 'NONE', *, *, #2538, .F. ) ;
#6838 = FACE_OUTER_BOUND ( 'NONE', #5707, .T. ) ;
#6839 = EDGE_LOOP ( 'NONE', ( #1219, #474, #3794, #5433, #8114, #6599, #6882, #9100, #2396, #1500 ) ) ;
#6840 = DIRECTION ( 'NONE',  ( -1.000000000000000000, 0.000000000000000000, 0.000000000000000000 ) ) ;
#6841 = DIRECTION ( 'NONE',  ( 0.000000000000000000, 0.000000000000000000, 1.000000000000000000 ) ) ;
#6842 = CARTESIAN_POINT ( 'NONE',  ( -13.01044710970864671, 12.07257515209366616, 0.000000000000000000 ) ) ;
#6843 = CARTESIAN_POINT ( 'NONE',  ( -7.155020498175881372, -0.4023289520121732799, -19.57086620221924633 ) ) ;
#6844 = DIRECTION ( 'NONE',  ( 0.000000000000000000, 0.000000000000000000, 1.000000000000000000 ) ) ;
#6845 = CYLINDRICAL_SURFACE ( 'NONE', #8213, 0.8999999999999998002 ) ;
#6846 = EDGE_CURVE ( 'NONE', #4607, #790, #1955, .T. ) ;
#6847 = ADVANCED_FACE ( 'NONE', ( #4124 ), #1049, .F. ) ;
#6848 = ORIENTED_EDGE ( 'NONE', *, *, #5836, .T. ) ;
#6849 = DIRECTION ( 'NONE',  ( 1.131521510505609963E-15, 1.674105896699564977E-15, 1.000000000000000000 ) ) ;
#6850 = VERTEX_POINT ( 'NONE', #512 ) ;
#6851 = FACE_OUTER_BOUND ( 'NONE', #4202, .T. ) ;
#6852 = CARTESIAN_POINT ( 'NONE',  ( -2.855918921322440074, -8.687553222246267026, -19.56117451077687974 ) ) ;
#6853 = CARTESIAN_POINT ( 'NONE',  ( 3.202650860607734629, 6.382540969358140970, -19.57094159977160786 ) ) ;
#6854 = CARTESIAN_POINT ( 'NONE',  ( -3.726472768734419461, -7.526453961572606488, -12.75466542506959122 ) ) ;
#6855 = FACE_OUTER_BOUND ( 'NONE', #2868, .T. ) ;
#6856 = FACE_OUTER_BOUND ( 'NONE', #5060, .T. ) ;
#6857 = ORIENTED_EDGE ( 'NONE', *, *, #7447, .T. ) ;
#6858 = CARTESIAN_POINT ( 'NONE',  ( -3.574023902248724571, -7.619637784958615434, -19.56523595981989416 ) ) ;
#6859 = B_SPLINE_CURVE_WITH_KNOTS ( 'NONE', 3,
 ( #8839, #7220, #7306, #3718, #6660, #7960, #981, #8699 ),
 .UNSPECIFIED., .F., .F.,
 ( 4, 2, 2, 4 ),
 ( 0.000000000000000000, 0.0003906005473541946369, 0.0007812010947083892739, 0.001562402189416776379 ),
 .UNSPECIFIED. ) ;
#6860 = VERTEX_POINT ( 'NONE', #469 ) ;
#6861 = LINE ( 'NONE', #6120, #5573 ) ;
#6862 = CARTESIAN_POINT ( 'NONE',  ( -17.84297448265688857, 2.372395753506384430, 4.000000000000000000 ) ) ;
#6863 = CARTESIAN_POINT ( 'NONE',  ( 8.437649338971908719, 2.241917910311088669, -20.15000000000001990 ) ) ;
#6864 = CARTESIAN_POINT ( 'NONE',  ( 4.446261863233540446, 12.21600407021689882, 0.000000000000000000 ) ) ;
#6865 = CARTESIAN_POINT ( 'NONE',  ( 16.79884389200626060, 10.85351758150342683, -11.13226661166930853 ) ) ;
#6866 = AXIS2_PLACEMENT_3D ( 'NONE', #7358, #6537, #210 ) ;
#6867 = AXIS2_PLACEMENT_3D ( 'NONE', #175, #5158, #4468 ) ;
#6868 = CARTESIAN_POINT ( 'NONE',  ( 0.000000000000000000, 0.000000000000000000, 0.000000000000000000 ) ) ;
#6869 = ORIENTED_EDGE ( 'NONE', *, *, #5610, .T. ) ;
#6870 = ORIENTED_EDGE ( 'NONE', *, *, #844, .F. ) ;
#6871 = CARTESIAN_POINT ( 'NONE',  ( 0.5412031508271575309, -9.280996475676678514, -20.14999999999999858 ) ) ;
#6872 = ORIENTED_EDGE ( 'NONE', *, *, #8129, .T. ) ;
#6873 = DIRECTION ( 'NONE',  ( 0.000000000000000000, 0.000000000000000000, 1.000000000000000000 ) ) ;
#6874 = CARTESIAN_POINT ( 'NONE',  ( 12.18319935302309176, 6.111614378063363162, -6.184632877787811900 ) ) ;
#6875 = CARTESIAN_POINT ( 'NONE',  ( 3.332464612505847246, -5.921192391111389952, -20.15000000000001990 ) ) ;
#6876 = CIRCLE ( 'NONE', #4521, 2.999999999999999112 ) ;
#6877 = CARTESIAN_POINT ( 'NONE',  ( -0.5137812952128490984, -9.924999999999968736, -20.15000000000000213 ) ) ;
#6878 = ADVANCED_FACE ( 'NONE', ( #1999 ), #6100, .F. ) ;
#6879 = CARTESIAN_POINT ( 'NONE',  ( -3.218075522038546854, 6.391276830284402521, -19.57089810226246485 ) ) ;
#6880 = ORIENTED_EDGE ( 'NONE', *, *, #5969, .F. ) ;
#6881 = CARTESIAN_POINT ( 'NONE',  ( 6.428917712364819792, -0.8759009793007985767, -19.57293630318631372 ) ) ;
#6882 = ORIENTED_EDGE ( 'NONE', *, *, #2545, .F. ) ;
#6883 = ORIENTED_EDGE ( 'NONE', *, *, #8929, .F. ) ;
#6884 = DIRECTION ( 'NONE',  ( 0.000000000000000000, 0.000000000000000000, -1.000000000000000000 ) ) ;
#6885 = AXIS2_PLACEMENT_3D ( 'NONE', #4281, #6994, #7042 ) ;
#6886 = EDGE_CURVE ( 'NONE', #5698, #8768, #8926, .T. ) ;
#6887 = CARTESIAN_POINT ( 'NONE',  ( -15.75692404819529635, -2.778370842671110008, 0.000000000000000000 ) ) ;
#6888 = DIRECTION ( 'NONE',  ( 1.000000000000000000, 0.000000000000000000, 0.000000000000000000 ) ) ;
#6889 = CARTESIAN_POINT ( 'NONE',  ( -4.499041076273093687, -3.245866578239162248, -19.57581104902246238 ) ) ;
#6890 = CARTESIAN_POINT ( 'NONE',  ( -6.148804775709802328, -3.550014092450442416, -12.80621224320033491 ) ) ;
#6891 = EDGE_CURVE ( 'NONE', #1009, #4450, #465, .T. ) ;
#6892 = FACE_OUTER_BOUND ( 'NONE', #640, .T. ) ;
#6893 = ADVANCED_FACE ( 'NONE', ( #608 ), #3379, .T. ) ;
#6894 = ORIENTED_EDGE ( 'NONE', *, *, #8251, .F. ) ;
#6895 = AXIS2_PLACEMENT_3D ( 'NONE', #1102, #1286, #6925 ) ;
#6896 = CARTESIAN_POINT ( 'NONE',  ( 0.000000000000000000, 0.000000000000000000, 2.000000000000000000 ) ) ;
#6897 = EDGE_CURVE ( 'NONE', #9147, #8777, #4455, .T. ) ;
#6898 = B_SPLINE_SURFACE_WITH_KNOTS ( 'NONE', 1, 3, ( 
 ( #5066, #8756, #5148, #6485, #896, #8055, #3726, #3022, #4501, #4545, #7925, #3813, #249, #7312, #2417, #293, #6622, #2934, #5834, #8665, #7887, #5745, #8578, #3109, #6575, #4370, #1637, #3770, #853, #5195, #3680, #2981, #941, #164, #5796, #3063, #5877, #2291, #8707, #1898, #8966, #5502, #8361, #4805, #9109, #460, #550, #1386, #4116, #4029, #1246, #5586, #3325, #7574, #1290, #3372, #2679, #3284, #506, #2585, #4714, #6093, #7525, #9013, #8920, #6836, #8225, #4071, #5408, #8316, #2767, #2632, #1199, #4852, #7720, #5453, #9065, #5540, #2036, #8270, #1992, #6788, #1947, #6138, #7618, #8409, #4764, #6879, #6184, #6928, #601, #7667, #1339, #4163, #3419, #6233, #2082, #2723, #6975, #647 ),
 ( #3467, #6275, #4903, #7121, #141, #2270, #691, #8459, #5082, #8641, #2129, #2814, #8506, #9158, #5635, #4998, #7162, #4306, #48, #6323, #2173, #873, #8556, #3001, #186, #828, #7864, #7815, #1481, #4949, #2309, #2224, #1531, #3657, #96, #5812, #5041, #4350, #2910, #7070, #6463, #5123, #7763, #1431, #3699, #2957, #5681, #5768, #787, #4258, #6371, #2864, #7945, #4209, #3611, #7901, #5725, #6415, #739, #3563, #8601, #1570, #4389, #7205, #6510, #7020, #3512, #269, #3085, #8819, #3790, #4615, #2436, #8120, #6594, #3748, #3174, #5217, #5897, #2484, #5948, #7990, #3220, #2530, #6729, #8682, #359, #3834, #6553, #8033, #1699, #5168, #225, #1050, #6641, #5987, #6031, #7290, #6685, #3037 ) ),
 .UNSPECIFIED., .F., .F., .F.,
 ( 2, 2 ),
 ( 4, 2, 2, 2, 2, 2, 2, 2, 2, 2, 2, 2, 2, 2, 2, 2, 2, 2, 2, 2, 2, 2, 2, 2, 2, 2, 2, 2, 2, 2, 2, 2, 2, 2, 2, 2, 2, 2, 2, 2, 2, 2, 2, 2, 2, 2, 2, 2, 2, 4 ),
 ( 0.000000000000000000, 1.000000000000000000 ),
 ( -9.000510794371970741E-07, 8.990802649949835365E-07, 2.698211609427164147E-06, 6.296474298291525368E-06, 9.894736987155887013E-06, 1.349299967602024781E-05, 2.068952505374897110E-05, 2.788605043147769269E-05, 4.227910118693513927E-05, 5.667215194239258246E-05, 8.545825345330747562E-05, 0.0001142443549642223620, 0.0001718165579860521483, 0.0002293887610078819211, 0.0003445331670515414937, 0.0004596775730952010392, 0.0006899663851825201845, 0.0009202551972698392755, 0.001380832821444477566, 0.001841410445619115748, 0.002301988069793753713, 0.002762565693968392112, 0.003223143318143030511, 0.003683720942317668910, 0.004144298566492307309, 0.004604876190666944841, 0.004720020596710604657, 0.004835165002754264474, 0.005065453814841583240, 0.005295742626928902005, 0.005526031439016221639, 0.005986609063190860038, 0.006447186687365498436, 0.006677475499452818070, 0.006907764311540136835, 0.007022908717583795785, 0.007138053123627455601, 0.007195625326649285509, 0.007253197529671115418, 0.007281983631182030806, 0.007310769732692945326, 0.007325162783448403020, 0.007339555834203859846, 0.007346752359581588260, 0.007353948884959317540, 0.007357547147648182614, 0.007361145410337046821, 0.007364743673025911028, 0.007366542804370343131, 0.007368341935714775234 ),
 .UNSPECIFIED. ) ;
#6899 = EDGE_LOOP ( 'NONE', ( #3750, #406, #1031, #6213 ) ) ;
#6900 = DIRECTION ( 'NONE',  ( 0.000000000000000000, 0.000000000000000000, -1.000000000000000000 ) ) ;
#6901 = LINE ( 'NONE', #4182, #1217 ) ;
#6902 = CARTESIAN_POINT ( 'NONE',  ( -5.065296187119461280, -6.192154272686508421, 0.000000000000000000 ) ) ;
#6903 = EDGE_CURVE ( 'NONE', #6059, #9087, #4160, .T. ) ;
#6904 = AXIS2_PLACEMENT_3D ( 'NONE', #7974, #3117, #3639 ) ;
#6905 = CARTESIAN_POINT ( 'NONE',  ( 3.499946876327826750, -16.51928374655652831, 4.000000000000000000 ) ) ;
#6906 = EDGE_CURVE ( 'NONE', #316, #3614, #8005, .T. ) ;
#6907 = CARTESIAN_POINT ( 'NONE',  ( -16.98870225072039730, -0.9673261984969880878, -0.4837805568354749397 ) ) ;
#6908 = DIRECTION ( 'NONE',  ( -1.000000000000000000, 0.000000000000000000, -0.000000000000000000 ) ) ;
#6909 = ORIENTED_EDGE ( 'NONE', *, *, #8044, .F. ) ;
#6910 = CARTESIAN_POINT ( 'NONE',  ( -1.028774336857599447, -12.63415054488287836, -11.27419622973046209 ) ) ;
#6911 = ORIENTED_EDGE ( 'NONE', *, *, #7575, .F. ) ;
#6912 = CARTESIAN_POINT ( 'NONE',  ( 17.84913740605450627, 9.024554620120390780, -11.52379624377264911 ) ) ;
#6913 = DIRECTION ( 'NONE',  ( 0.000000000000000000, 0.000000000000000000, 1.000000000000000000 ) ) ;
#6914 = CARTESIAN_POINT ( 'NONE',  ( -11.25833024919759318, 6.500000000000172307, 4.000000000000000000 ) ) ;
#6915 = CARTESIAN_POINT ( 'NONE',  ( 7.067886414318861554, 5.749328552435307493, -20.14999999999999503 ) ) ;
#6916 = CARTESIAN_POINT ( 'NONE',  ( 0.6146328671920743281, -19.99076642639172263, -6.000484587225372479 ) ) ;
#6917 = AXIS2_PLACEMENT_3D ( 'NONE', #1007, #1534, #3041 ) ;
#6918 = CARTESIAN_POINT ( 'NONE',  ( -1.078052133304948201, 4.987654087083339682, -20.15000000000000213 ) ) ;
#6919 = DIRECTION ( 'NONE',  ( -1.000000000000000000, 0.000000000000000000, 0.000000000000000000 ) ) ;
#6920 = ORIENTED_EDGE ( 'NONE', *, *, #5100, .T. ) ;
#6921 = ORIENTED_EDGE ( 'NONE', *, *, #579, .T. ) ;
#6922 = CARTESIAN_POINT ( 'NONE',  ( 3.112849549498760915, -8.388853123266617473, -19.56233714826684533 ) ) ;
#6923 = ORIENTED_EDGE ( 'NONE', *, *, #9153, .T. ) ;
#6924 = CARTESIAN_POINT ( 'NONE',  ( -16.98870225072039730, -0.9673261984969880878, 3.999999999999951594 ) ) ;
#6925 = DIRECTION ( 'NONE',  ( -0.8660254037844387076, -0.4999999999999998890, 0.000000000000000000 ) ) ;
#6926 = CARTESIAN_POINT ( 'NONE',  ( 7.035337441373893164, -0.4731333389833585756, -19.57121426840476630 ) ) ;
#6927 = CARTESIAN_POINT ( 'NONE',  ( 2.857480745767551067, -8.839346018734540067, -12.72851349955006839 ) ) ;
#6928 = CARTESIAN_POINT ( 'NONE',  ( -3.222980073014988012, 6.394088693599566220, -19.57088385870545721 ) ) ;
#6929 = CIRCLE ( 'NONE', #1327, 0.9999999999999991118 ) ;
#6930 = VERTEX_POINT ( 'NONE', #1439 ) ;
#6931 = DIRECTION ( 'NONE',  ( -0.4999999999999952260, 0.8660254037844414832, 0.000000000000000000 ) ) ;
#6932 = ORIENTED_EDGE ( 'NONE', *, *, #760, .F. ) ;
#6933 = CARTESIAN_POINT ( 'NONE',  ( 9.938449852079457969, -13.17107491959948895, 0.000000000000000000 ) ) ;
#6934 = LINE ( 'NONE', #1300, #1497 ) ;
#6935 = CARTESIAN_POINT ( 'NONE',  ( -6.861371486304197909, 0.1139291206757337555, -20.14999999999999858 ) ) ;
#6936 = CARTESIAN_POINT ( 'NONE',  ( -6.851798669938997222, -0.5874564622244817791, -19.57174264475106185 ) ) ;
#6937 = VECTOR ( 'NONE', #7995, 1000.000000000000000 ) ;
#6938 = CARTESIAN_POINT ( 'NONE',  ( 7.878462024097640182, -1.389185421335560111, 0.000000000000000000 ) ) ;
#6939 = CARTESIAN_POINT ( 'NONE',  ( 0.000000000000000000, 0.000000000000000000, 0.000000000000000000 ) ) ;
#6940 = EDGE_CURVE ( 'NONE', #4351, #7046, #9037, .T. ) ;
#6941 = ORIENTED_EDGE ( 'NONE', *, *, #8547, .T. ) ;
#6942 = CARTESIAN_POINT ( 'NONE',  ( 3.420201447259069827, 9.396926202762660552, 0.000000000000000000 ) ) ;
#6943 = VERTEX_POINT ( 'NONE', #7 ) ;
#6944 = CARTESIAN_POINT ( 'NONE',  ( 13.08565881379534623, 5.498675633153022879, -11.98316182374497885 ) ) ;
#6945 = CARTESIAN_POINT ( 'NONE',  ( -3.898440847496861039, -6.522311623283169268, -19.56914224841633043 ) ) ;
#6946 = CARTESIAN_POINT ( 'NONE',  ( 1.408795879182330735, 5.619225961736375119, -19.57516782531424226 ) ) ;
#6947 = CARTESIAN_POINT ( 'NONE',  ( 6.437260549481458760, 15.19248750593825292, 0.000000000000000000 ) ) ;
#6948 = CARTESIAN_POINT ( 'NONE',  ( -3.332018698439320303, -5.999999928950983552, -20.14999999999999858 ) ) ;
#6949 = EDGE_CURVE ( 'NONE', #8683, #5076, #8565, .T. ) ;
#6950 = EDGE_CURVE ( 'NONE', #4607, #1614, #5786, .T. ) ;
#6951 = CARTESIAN_POINT ( 'NONE',  ( 6.580064257211749812, 15.30619898362929199, -0.8395863710185086370 ) ) ;
#6952 = AXIS2_PLACEMENT_3D ( 'NONE', #2570, #5393, #2664 ) ;
#6953 = CONICAL_SURFACE ( 'NONE', #3872, 17.49999999999999645, 0.7853981633974465026 ) ;
#6954 = ORIENTED_EDGE ( 'NONE', *, *, #7632, .F. ) ;
#6955 = CARTESIAN_POINT ( 'NONE',  ( -9.673968710979848794E-15, 9.889547272755059276E-15, 3.999999999999949818 ) ) ;
#6956 = ORIENTED_EDGE ( 'NONE', *, *, #8554, .T. ) ;
#6957 = CARTESIAN_POINT ( 'NONE',  ( -11.35292748933938789, 8.864016818819177246, -12.00000000000000000 ) ) ;
#6958 = DIRECTION ( 'NONE',  ( 0.000000000000000000, 0.000000000000000000, -1.000000000000000000 ) ) ;
#6959 = CARTESIAN_POINT ( 'NONE',  ( 8.059042968422417630, 5.679020265669251444, -19.55663371511215587 ) ) ;
#6960 = DIRECTION ( 'NONE',  ( -0.3420201363244088633, 0.9396926233341587054, 0.000000000000000000 ) ) ;
#6961 = AXIS2_PLACEMENT_3D ( 'NONE', #5528, #8345, #6960 ) ;
#6962 = AXIS2_PLACEMENT_3D ( 'NONE', #4267, #7080, #2233 ) ;
#6963 = EDGE_CURVE ( 'NONE', #6291, #639, #1805, .T. ) ;
#6964 = CYLINDRICAL_SURFACE ( 'NONE', #7919, 18.00000000000000000 ) ;
#6965 = ORIENTED_EDGE ( 'NONE', *, *, #693, .F. ) ;
#6966 = ORIENTED_EDGE ( 'NONE', *, *, #6623, .T. ) ;
#6967 = CARTESIAN_POINT ( 'NONE',  ( 3.919034942605240435, -6.259021013252890064, -19.57001382000321144 ) ) ;
#6968 = PRODUCT_DEFINITION_FORMATION_WITH_SPECIFIED_SOURCE ( 'ä»', '', #551, .NOT_KNOWN. ) ;
#6969 = ORIENTED_EDGE ( 'NONE', *, *, #7738, .F. ) ;
#6970 = CYLINDRICAL_SURFACE ( 'NONE', #3115, 2.999999999999999112 ) ;
#6971 = CARTESIAN_POINT ( 'NONE',  ( -8.508210819234959033, 2.674196530763127022, -20.15000000000000213 ) ) ;
#6972 = CARTESIAN_POINT ( 'NONE',  ( 8.003068822429799814E-14, -5.678203416483909867E-14, 3.999999999999929834 ) ) ;
#6973 = CARTESIAN_POINT ( 'NONE',  ( 6.218687208668317368, -1.043719046505808601, -19.57349703959576814 ) ) ;
#6974 = CARTESIAN_POINT ( 'NONE',  ( -4.049248172075136765, -5.845636775475486324, -13.13702413388799428 ) ) ;
#6975 = CARTESIAN_POINT ( 'NONE',  ( -3.233524414821919546, 6.400149201204189175, -19.57085227149885398 ) ) ;
#6976 = VECTOR ( 'NONE', #8074, 1000.000000000000000 ) ;
#6977 = ORIENTED_EDGE ( 'NONE', *, *, #7693, .F. ) ;
#6978 = DIRECTION ( 'NONE',  ( -1.640034363335290055E-15, 2.891823075450670082E-16, 1.000000000000000000 ) ) ;
#6979 = ORIENTED_EDGE ( 'NONE', *, *, #6160, .F. ) ;
#6980 = EDGE_LOOP ( 'NONE', ( #8545, #3838, #2644, #4571 ) ) ;
#6981 = DIRECTION ( 'NONE',  ( 1.000000000000000000, 0.000000000000000000, 0.000000000000000000 ) ) ;
#6982 = DIRECTION ( 'NONE',  ( -0.9848077532709614834, -0.1736481761994670414, 0.000000000000000000 ) ) ;
#6983 = FACE_OUTER_BOUND ( 'NONE', #3503, .T. ) ;
#6984 = CARTESIAN_POINT ( 'NONE',  ( -4.013230813020654431, -4.863681577650999621, -19.57349703959577170 ) ) ;
#6985 = CARTESIAN_POINT ( 'NONE',  ( 5.882808735121657584, 6.861564729075109170, -19.56180780152608989 ) ) ;
#6986 = CARTESIAN_POINT ( 'NONE',  ( 12.11044710970903360, 12.07257515209327536, 0.000000000000000000 ) ) ;
#6987 = EDGE_CURVE ( 'NONE', #4631, #5240, #5944, .T. ) ;
#6988 = EDGE_LOOP ( 'NONE', ( #5506, #6406, #352, #2724, #6921, #1145 ) ) ;
#6989 = CARTESIAN_POINT ( 'NONE',  ( 10.49464198271601134, 6.981789257998097575, -6.184928369829862049 ) ) ;
#6990 = EDGE_LOOP ( 'NONE', ( #7526, #8329, #1000, #5199 ) ) ;
#6991 = DIRECTION ( 'NONE',  ( -0.9848077530122065770, -0.1736481776669390464, 0.000000000000000000 ) ) ;
#6992 = LINE ( 'NONE', #663, #6234 ) ;
#6993 = FACE_OUTER_BOUND ( 'NONE', #63, .T. ) ;
#6994 = DIRECTION ( 'NONE',  ( 0.000000000000000000, 0.000000000000000000, -1.000000000000000000 ) ) ;
#6995 = CARTESIAN_POINT ( 'NONE',  ( 16.79884389200626060, 10.85351758150342683, -11.00000000000000000 ) ) ;
#6996 = EDGE_CURVE ( 'NONE', #6646, #8845, #36, .T. ) ;
#6997 = FACE_OUTER_BOUND ( 'NONE', #8697, .T. ) ;
#6998 = ORIENTED_EDGE ( 'NONE', *, *, #349, .F. ) ;
#6999 = CARTESIAN_POINT ( 'NONE',  ( 8.796543403807351780, 4.556366229263619338, -19.55631453515123752 ) ) ;
#7000 = ADVANCED_FACE ( 'NONE', ( #2090 ), #5050, .T. ) ;
#7001 = ORIENTED_EDGE ( 'NONE', *, *, #84, .T. ) ;
#7002 = CARTESIAN_POINT ( 'NONE',  ( -8.328931043702100467, 5.410632261313751634, -19.55622352574158640 ) ) ;
#7003 = DIRECTION ( 'NONE',  ( 0.6427876096865492439, 0.7660444431189699088, 0.000000000000000000 ) ) ;
#7004 = EDGE_CURVE ( 'NONE', #8413, #2706, #6381, .T. ) ;
#7005 = CARTESIAN_POINT ( 'NONE',  ( 7.698683942033894390, 0.8023876358745650750, -20.15000000000000213 ) ) ;
#7006 = DIRECTION ( 'NONE',  ( -0.000000000000000000, -0.000000000000000000, 1.000000000000000000 ) ) ;
#7007 = CARTESIAN_POINT ( 'NONE',  ( 0.000000000000000000, 0.000000000000000000, 0.000000000000000000 ) ) ;
#7008 = EDGE_LOOP ( 'NONE', ( #710, #307, #5002, #6870, #4514 ) ) ;
#7009 = VERTEX_POINT ( 'NONE', #5779 ) ;
#7010 = CARTESIAN_POINT ( 'NONE',  ( -3.219265105709161467, -6.859669025572916468, -20.15000000000000213 ) ) ;
#7011 = EDGE_CURVE ( 'NONE', #6387, #1649, #5645, .T. ) ;
#7012 = ORIENTED_EDGE ( 'NONE', *, *, #2550, .T. ) ;
#7013 = DIRECTION ( 'NONE',  ( -0.6427876325164388893, -0.7660444239624172313, 0.000000000000000000 ) ) ;
#7014 = CARTESIAN_POINT ( 'NONE',  ( -4.328904882368489027, 6.222584791215943767, -20.15000000000000568 ) ) ;
#7015 = CYLINDRICAL_SURFACE ( 'NONE', #8224, 1.000000000000000000 ) ;
#7016 = CARTESIAN_POINT ( 'NONE',  ( 5.844196107087117120, -0.5826016369716868759, -20.14999999999999147 ) ) ;
#7017 = EDGE_CURVE ( 'NONE', #1984, #6175, #6068, .T. ) ;
#7018 = CARTESIAN_POINT ( 'NONE',  ( -7.319349411855249343, 6.295499988046465489, -19.55799340725598867 ) ) ;
#7019 = CARTESIAN_POINT ( 'NONE',  ( 5.953023832869349441, 3.889060262801481205, 0.000000000000000000 ) ) ;
#7020 = CARTESIAN_POINT ( 'NONE',  ( -2.772146409957182200, 5.499941880720088605, -20.14999999999999503 ) ) ;
#7021 = VECTOR ( 'NONE', #944, 1000.000000000000000 ) ;
#7022 = VECTOR ( 'NONE', #5623, 1000.000000000000000 ) ;
#7023 = EDGE_LOOP ( 'NONE', ( #6909, #5790, #8758, #7036 ) ) ;
#7024 = CARTESIAN_POINT ( 'NONE',  ( -2.000000000000218936, -19.97498435543815987, -12.00000000000000000 ) ) ;
#7025 = ORIENTED_EDGE ( 'NONE', *, *, #6822, .T. ) ;
#7026 = VERTEX_POINT ( 'NONE', #5734 ) ;
#7027 = CARTESIAN_POINT ( 'NONE',  ( 14.28941916244338017, 8.249999999999765521, -0.9999999999999974465 ) ) ;
#7028 = DIRECTION ( 'NONE',  ( -1.000000000000000000, 0.000000000000000000, 0.000000000000000000 ) ) ;
#7029 = CARTESIAN_POINT ( 'NONE',  ( -3.673697787944562254, 7.169654424227618783, 3.999999999999949818 ) ) ;
#7030 = AXIS2_PLACEMENT_3D ( 'NONE', #2409, #203, #3851 ) ;
#7031 = CARTESIAN_POINT ( 'NONE',  ( -6.335901605260353620, -0.2162200189654134297, -20.15000000000000568 ) ) ;
#7032 = CARTESIAN_POINT ( 'NONE',  ( -5.932638115202065521, -15.39655172413783824, -0.9999999999999974465 ) ) ;
#7033 = CARTESIAN_POINT ( 'NONE',  ( -7.553076944637398427, 0.6446975646679818928, -20.15000000000003411 ) ) ;
#7034 = CARTESIAN_POINT ( 'NONE',  ( -6.344536900869357510, 3.210939737198291066, 0.000000000000000000 ) ) ;
#7035 = CIRCLE ( 'NONE', #2171, 0.8999999999999998002 ) ;
#7036 = ORIENTED_EDGE ( 'NONE', *, *, #8492, .T. ) ;
#7037 = LINE ( 'NONE', #757, #4563 ) ;
#7038 = ORIENTED_EDGE ( 'NONE', *, *, #6705, .F. ) ;
#7039 = CYLINDRICAL_SURFACE ( 'NONE', #6576, 0.8999999999999998002 ) ;
#7040 = CARTESIAN_POINT ( 'NONE',  ( -2.936184650793340012, -8.600938855455588339, -19.56151419548059422 ) ) ;
#7041 = DIRECTION ( 'NONE',  ( 0.6144204576058757139, -0.3499821442236547564, 0.7071067811865470176 ) ) ;
#7042 = DIRECTION ( 'NONE',  ( 1.000000000000000000, 0.000000000000000000, 0.000000000000000000 ) ) ;
#7043 = DIRECTION ( 'NONE',  ( -0.000000000000000000, -0.000000000000000000, 1.000000000000000000 ) ) ;
#7044 = AXIS2_PLACEMENT_3D ( 'NONE', #9103, #2905, #137 ) ;
#7045 = CARTESIAN_POINT ( 'NONE',  ( -2.620126338115370445E-13, -16.50000000000000000, -3.000000000000001332 ) ) ;
#7046 = VERTEX_POINT ( 'NONE', #7029 ) ;
#7047 = CARTESIAN_POINT ( 'NONE',  ( 8.867625656558338676, 4.375785439335972526, -19.55643225537250629 ) ) ;
#7048 = EDGE_CURVE ( 'NONE', #2072, #7136, #3664, .T. ) ;
#7049 = AXIS2_PLACEMENT_3D ( 'NONE', #4159, #735, #4848 ) ;
#7050 = VERTEX_POINT ( 'NONE', #6331 ) ;
#7051 = CARTESIAN_POINT ( 'NONE',  ( -11.25833024919764647, -6.499999999999966249, 0.000000000000000000 ) ) ;
#7052 = CARTESIAN_POINT ( 'NONE',  ( 16.50000000000000355, 6.268901968980452702E-29, -0.9999999999999974465 ) ) ;
#7053 = CARTESIAN_POINT ( 'NONE',  ( 5.961895968542915369, 6.846561978946110294, -19.56157069337960053 ) ) ;
#7054 = DIRECTION ( 'NONE',  ( 0.9848077530122057999, 0.1736481776669429045, 0.000000000000000000 ) ) ;
#7055 = ADVANCED_FACE ( 'NONE', ( #795 ), #838, .F. ) ;
#7056 = CIRCLE ( 'NONE', #130, 11.99999999999998046 ) ;
#7057 = CYLINDRICAL_SURFACE ( 'NONE', #1857, 18.00000000000000000 ) ;
#7058 = ORIENTED_EDGE ( 'NONE', *, *, #5419, .T. ) ;
#7059 = VERTEX_POINT ( 'NONE', #2871 ) ;
#7060 = CARTESIAN_POINT ( 'NONE',  ( -2.028010374907528668, -8.637368344827150324, -20.15000000000000924 ) ) ;
#7061 = ORIENTED_EDGE ( 'NONE', *, *, #7457, .F. ) ;
#7062 = DIRECTION ( 'NONE',  ( 0.000000000000000000, 0.000000000000000000, -1.000000000000000000 ) ) ;
#7063 = CARTESIAN_POINT ( 'NONE',  ( -4.544441961190322843, 6.273039857277340481, -20.15000000000000568 ) ) ;
#7064 = CARTESIAN_POINT ( 'NONE',  ( -17.37934771122534983, 4.685965549630741300, 0.000000000000000000 ) ) ;
#7065 = CARTESIAN_POINT ( 'NONE',  ( 6.769906977301435091, 0.06020104384521938329, -20.14999999999999503 ) ) ;
#7066 = VECTOR ( 'NONE', #809, 1000.000000000000000 ) ;
#7067 = EDGE_CURVE ( 'NONE', #5398, #2343, #6375, .T. ) ;
#7068 = CARTESIAN_POINT ( 'NONE',  ( -8.055136728145676273, 5.680945359650628745, -19.55664355895414275 ) ) ;
#7069 = CARTESIAN_POINT ( 'NONE',  ( 5.953023832869349441, 3.889060262801480317, -13.19999995247171398 ) ) ;
#7070 = CARTESIAN_POINT ( 'NONE',  ( 1.678763650125538520, 5.117663347336927515, -20.14999999999999503 ) ) ;
#7071 = EDGE_CURVE ( 'NONE', #3543, #4294, #105, .T. ) ;
#7072 = ORIENTED_EDGE ( 'NONE', *, *, #8264, .T. ) ;
#7073 = FACE_OUTER_BOUND ( 'NONE', #5591, .T. ) ;
#7074 = VECTOR ( 'NONE', #6978, 1000.000000000000000 ) ;
#7075 = ORIENTED_EDGE ( 'NONE', *, *, #7681, .T. ) ;
#7076 = ORIENTED_EDGE ( 'NONE', *, *, #8362, .T. ) ;
#7077 = DIRECTION ( 'NONE',  ( -1.000000000000000000, 0.000000000000000000, 0.000000000000000000 ) ) ;
#7078 = ADVANCED_FACE ( 'NONE', ( #6983 ), #6283, .F. ) ;
#7079 = LINE ( 'NONE', #4955, #7101 ) ;
#7080 = DIRECTION ( 'NONE',  ( -0.000000000000000000, -0.000000000000000000, -1.000000000000000000 ) ) ;
#7081 = CARTESIAN_POINT ( 'NONE',  ( -3.925987177858673682, -5.978054378116103962, -19.57090948193415159 ) ) ;
#7082 = CARTESIAN_POINT ( 'NONE',  ( 9.332080187004777372, -14.22898462720526247, -0.4837805568354662800 ) ) ;
#7083 = CARTESIAN_POINT ( 'NONE',  ( -8.127625213578484775, 4.570013927174258583, -20.14999999999998792 ) ) ;
#7084 = CARTESIAN_POINT ( 'NONE',  ( 1.686705740360820549, 5.656470920695711335, -12.75108592438957089 ) ) ;
#7085 = AXIS2_PLACEMENT_3D ( 'NONE', #2982, #5068, #7888 ) ;
#7086 = ORIENTED_EDGE ( 'NONE', *, *, #5610, .F. ) ;
#7087 = EDGE_CURVE ( 'NONE', #5308, #1377, #4167, .T. ) ;
#7088 = CARTESIAN_POINT ( 'NONE',  ( 17.22591083554715397, 7.635983181180999502, -12.00000000000000000 ) ) ;
#7089 = DIRECTION ( 'NONE',  ( 0.5000000000000093259, 0.8660254037844333785, -0.000000000000000000 ) ) ;
#7090 = CONICAL_SURFACE ( 'NONE', #294, 1.325000000000180478, 0.7853981633974587151 ) ;
#7091 = ORIENTED_EDGE ( 'NONE', *, *, #5747, .F. ) ;
#7092 = CARTESIAN_POINT ( 'NONE',  ( 10.47562671621186858, -13.91967583749829274, -0.07892642870509301856 ) ) ;
#7093 = CARTESIAN_POINT ( 'NONE',  ( -16.47144156197860809, -0.9703673893550384122, 0.000000000000000000 ) ) ;
#7094 = LINE ( 'NONE', #4369, #3488 ) ;
#7095 = CARTESIAN_POINT ( 'NONE',  ( 16.88749537379664289, 9.749999999999907629, -5.800000000000000711 ) ) ;
#7096 = DIRECTION ( 'NONE',  ( 0.000000000000000000, 0.000000000000000000, 1.000000000000000000 ) ) ;
#7097 = AXIS2_PLACEMENT_3D ( 'NONE', #7100, #6301, #2112 ) ;
#7098 = DIRECTION ( 'NONE',  ( 0.000000000000000000, 0.000000000000000000, 1.000000000000000000 ) ) ;
#7099 = ORIENTED_EDGE ( 'NONE', *, *, #1764, .F. ) ;
#7100 = CARTESIAN_POINT ( 'NONE',  ( -10.83288528313429921, -1.910129954336380109, 3.999999999999949818 ) ) ;
#7101 = VECTOR ( 'NONE', #2089, 999.9999999999998863 ) ;
#7102 = VERTEX_POINT ( 'NONE', #2494 ) ;
#7103 = DIRECTION ( 'NONE',  ( 0.000000000000000000, 0.000000000000000000, 1.000000000000000000 ) ) ;
#7104 = CARTESIAN_POINT ( 'NONE',  ( -17.19442533883761826, 9.004847049943867532, -6.184632877787810123 ) ) ;
#7105 = CARTESIAN_POINT ( 'NONE',  ( 7.783364563474660436, 5.944667529223080393, -19.55706709501092178 ) ) ;
#7106 = DIRECTION ( 'NONE',  ( -0.000000000000000000, -0.000000000000000000, -1.000000000000000000 ) ) ;
#7107 = CIRCLE ( 'NONE', #8282, 12.00000000000000355 ) ;
#7108 = DIRECTION ( 'NONE',  ( -0.8660254037844333785, 0.5000000000000093259, 0.000000000000000000 ) ) ;
#7109 = ORIENTED_EDGE ( 'NONE', *, *, #6795, .T. ) ;
#7110 = EDGE_LOOP ( 'NONE', ( #7820, #7723, #3413, #167 ) ) ;
#7111 = CARTESIAN_POINT ( 'NONE',  ( 3.395904654002346312, -7.964205584325751097, -19.56395078207033578 ) ) ;
#7112 = VERTEX_POINT ( 'NONE', #6519 ) ;
#7113 = CARTESIAN_POINT ( 'NONE',  ( 10.43531719619364395, 7.179533730680685899, -11.13839124370881351 ) ) ;
#7114 = DIRECTION ( 'NONE',  ( -0.000000000000000000, -0.000000000000000000, 1.000000000000000000 ) ) ;
#7115 = EDGE_CURVE ( 'NONE', #790, #309, #4022, .T. ) ;
#7116 = CARTESIAN_POINT ( 'NONE',  ( -5.264926335502380539, 4.833012535412349209, -0.000000000000000000 ) ) ;
#7117 = AXIS2_PLACEMENT_3D ( 'NONE', #765, #2058, #6396 ) ;
#7118 = CARTESIAN_POINT ( 'NONE',  ( 6.860055624403587515, 0.1131670007871734135, -20.15000000000001990 ) ) ;
#7119 = CARTESIAN_POINT ( 'NONE',  ( -8.816568119907538303, 4.500867971108985621, -19.55635869863699483 ) ) ;
#7120 = CARTESIAN_POINT ( 'NONE',  ( -0.0001121698234333393801, 5.409469420147172691, -20.14999999999998082 ) ) ;
#7121 = CARTESIAN_POINT ( 'NONE',  ( 3.528031491976694856, 5.884397895904568188, -20.14999999999999147 ) ) ;
#7122 = EDGE_CURVE ( 'NONE', #6745, #5057, #3046, .T. ) ;
#7123 = ORIENTED_EDGE ( 'NONE', *, *, #5878, .F. ) ;
#7124 = CARTESIAN_POINT ( 'NONE',  ( -3.000000000000262457, -16.50000000000000000, -3.000000000000000888 ) ) ;
#7125 = ORIENTED_EDGE ( 'NONE', *, *, #8359, .T. ) ;
#7126 = ORIENTED_EDGE ( 'NONE', *, *, #5260, .T. ) ;
#7127 = CARTESIAN_POINT ( 'NONE',  ( -14.28941916244310306, 8.250000000000241585, -12.00000000000000000 ) ) ;
#7128 = DIRECTION ( 'NONE',  ( 0.8660254037844387076, -0.4999999999999998335, 0.000000000000000000 ) ) ;
#7129 = DIRECTION ( 'NONE',  ( 1.000000000000000000, 9.637352644315594750E-16, 0.000000000000000000 ) ) ;
#7130 = EDGE_CURVE ( 'NONE', #6776, #5523, #2251, .T. ) ;
#7131 = CARTESIAN_POINT ( 'NONE',  ( -3.925933124890102821, -5.997831997603225496, -19.57085966792587328 ) ) ;
#7132 = DIRECTION ( 'NONE',  ( -0.000000000000000000, -0.000000000000000000, -1.000000000000000000 ) ) ;
#7133 = CARTESIAN_POINT ( 'NONE',  ( -8.518146701712854707, 3.163512259220295331, -20.15000000000000924 ) ) ;
#7134 = CARTESIAN_POINT ( 'NONE',  ( -2.252380590526644522, 6.748301881068473840, -13.13741828360688757 ) ) ;
#7135 = CIRCLE ( 'NONE', #922, 0.8999999999999998002 ) ;
#7136 = VERTEX_POINT ( 'NONE', #3709 ) ;
#7137 = CARTESIAN_POINT ( 'NONE',  ( 0.9999999999997888356, -19.32842712474617386, -6.800000000000000711 ) ) ;
#7138 = DIRECTION ( 'NONE',  ( 1.028313268071524818E-14, 1.000000000000000000, 0.000000000000000000 ) ) ;
#7139 = ORIENTED_EDGE ( 'NONE', *, *, #1173, .F. ) ;
#7140 = ADVANCED_FACE ( 'NONE', ( #7212 ), #882, .F. ) ;
#7141 = FACE_OUTER_BOUND ( 'NONE', #382, .T. ) ;
#7142 = CARTESIAN_POINT ( 'NONE',  ( 2.288734496842447896, -9.185185701230659916, -19.55919662555234240 ) ) ;
#7143 = CARTESIAN_POINT ( 'NONE',  ( 2.503464084867201400, -8.194980151434355875, -20.15000000000000568 ) ) ;
#7144 = DIRECTION ( 'NONE',  ( -0.000000000000000000, -0.000000000000000000, -1.000000000000000000 ) ) ;
#7145 = EDGE_CURVE ( 'NONE', #4311, #7046, #619, .T. ) ;
#7146 = FACE_OUTER_BOUND ( 'NONE', #3945, .T. ) ;
#7147 = ORIENTED_EDGE ( 'NONE', *, *, #1745, .T. ) ;
#7148 = CARTESIAN_POINT ( 'NONE',  ( -2.692702831541548092E-13, -16.50000000000000355, -0.9999999999999974465 ) ) ;
#7149 = DIRECTION ( 'NONE',  ( 0.000000000000000000, 0.000000000000000000, -1.000000000000000000 ) ) ;
#7150 = CARTESIAN_POINT ( 'NONE',  ( 6.148780366869379677, 3.549999999999837286, 0.000000000000000000 ) ) ;
#7151 = CARTESIAN_POINT ( 'NONE',  ( 7.402253356493342373, 6.240076414284684958, -19.55781409111456526 ) ) ;
#7152 = CARTESIAN_POINT ( 'NONE',  ( 4.977931613520047982, 6.329269549771863623, -20.15000000000000213 ) ) ;
#7153 = ORIENTED_EDGE ( 'NONE', *, *, #3287, .T. ) ;
#7154 = ORIENTED_EDGE ( 'NONE', *, *, #4141, .T. ) ;
#7155 = CARTESIAN_POINT ( 'NONE',  ( 2.283312155461644899, -9.189064283998444438, -19.55918835232626662 ) ) ;
#7156 = EDGE_LOOP ( 'NONE', ( #5466, #1474, #5960, #2120 ) ) ;
#7157 = DIRECTION ( 'NONE',  ( 1.000000000000000000, -1.028313268071524976E-14, 0.000000000000000000 ) ) ;
#7158 = DIRECTION ( 'NONE',  ( 0.000000000000000000, 0.000000000000000000, 1.000000000000000000 ) ) ;
#7159 = CARTESIAN_POINT ( 'NONE',  ( -16.29884389200602257, 11.71954298528821425, -12.00000000000000000 ) ) ;
#7160 = CARTESIAN_POINT ( 'NONE',  ( 6.530939184214902049, -0.08773748191335629942, -20.15000000000002345 ) ) ;
#7161 = CARTESIAN_POINT ( 'NONE',  ( 2.252380590526807946, 6.748301881068420549, 0.000000000000000000 ) ) ;
#7162 = CARTESIAN_POINT ( 'NONE',  ( 3.496330421370831942, 5.866247694483125663, -20.15000000000000213 ) ) ;
#7163 = EDGE_LOOP ( 'NONE', ( #7587, #3446, #7869, #9043 ) ) ;
#7164 = DIRECTION ( 'NONE',  ( -1.000000000000000000, 0.000000000000000000, 0.000000000000000000 ) ) ;
#7165 = ORIENTED_EDGE ( 'NONE', *, *, #5923, .T. ) ;
#7166 = ORIENTED_EDGE ( 'NONE', *, *, #8258, .T. ) ;
#7167 = CYLINDRICAL_SURFACE ( 'NONE', #1770, 16.50000000000000355 ) ;
#7168 = CARTESIAN_POINT ( 'NONE',  ( -5.785088510008860929, -6.894399968914189714, 3.999999999999949818 ) ) ;
#7169 = DIRECTION ( 'NONE',  ( 0.000000000000000000, 0.000000000000000000, 1.000000000000000000 ) ) ;
#7170 = CARTESIAN_POINT ( 'NONE',  ( -3.926340795550807172, -5.928360095095199789, -19.57103427397347417 ) ) ;
#7171 = EDGE_CURVE ( 'NONE', #3650, #6502, #3009, .T. ) ;
#7172 = CARTESIAN_POINT ( 'NONE',  ( -13.35292748933942342, 5.399915203681437958, -12.00000000000000000 ) ) ;
#7173 = CARTESIAN_POINT ( 'NONE',  ( -8.485996150159955675, 3.490112811172412677, -20.14999999999999858 ) ) ;
#7174 = CARTESIAN_POINT ( 'NONE',  ( 8.662775358159180428E-14, 7.144846913036073666, 0.000000000000000000 ) ) ;
#7175 = ADVANCED_FACE ( 'NONE', ( #5820, #4397 ), #5225, .T. ) ;
#7176 = EDGE_CURVE ( 'NONE', #8082, #8734, #3183, .T. ) ;
#7177 = VERTEX_POINT ( 'NONE', #8086 ) ;
#7178 = CARTESIAN_POINT ( 'NONE',  ( -14.28941916244309951, 8.250000000000220268, 4.000000000000000000 ) ) ;
#7179 = DIRECTION ( 'NONE',  ( 1.000000000000000000, -1.927470528863119344E-15, 0.000000000000000000 ) ) ;
#7180 = CARTESIAN_POINT ( 'NONE',  ( -2.829914810739197151, 7.482752312081322188, 0.000000000000000000 ) ) ;
#7181 = FACE_OUTER_BOUND ( 'NONE', #8440, .T. ) ;
#7182 = CARTESIAN_POINT ( 'NONE',  ( 3.160083113564611246, -7.072761082124460863, -20.14999999999999858 ) ) ;
#7183 = EDGE_CURVE ( 'NONE', #8958, #8868, #1959, .T. ) ;
#7184 = CARTESIAN_POINT ( 'NONE',  ( 14.30979628794044345, 4.750059318680098563, -0.4999999999999800715 ) ) ;
#7185 = VECTOR ( 'NONE', #2509, 1000.000000000000000 ) ;
#7186 = ADVANCED_FACE ( 'NONE', ( #5315 ), #6561, .F. ) ;
#7187 = CYLINDRICAL_SURFACE ( 'NONE', #2643, 1.600000000000000089 ) ;
#7188 = VERTEX_POINT ( 'NONE', #1013 ) ;
#7189 = AXIS2_PLACEMENT_3D ( 'NONE', #2742, #4924, #1505 ) ;
#7190 = EDGE_CURVE ( 'NONE', #5346, #4311, #5130, .T. ) ;
#7191 = CARTESIAN_POINT ( 'NONE',  ( 3.271152422706617546, 3.000000000000023981, -20.14999999999999858 ) ) ;
#7192 = CARTESIAN_POINT ( 'NONE',  ( 9.190767092226076684, 3.522062816357692139, -20.14999999999998082 ) ) ;
#7193 = CARTESIAN_POINT ( 'NONE',  ( 9.041258276770593127, 3.761550776736067192, -19.55707606388490305 ) ) ;
#7194 = CARTESIAN_POINT ( 'NONE',  ( -9.110820912706648400, 11.28020134113692663, 0.000000000000000000 ) ) ;
#7195 = CARTESIAN_POINT ( 'NONE',  ( 5.814342436536150238, 15.97477455336050056, 3.999999999999949818 ) ) ;
#7196 = AXIS2_PLACEMENT_3D ( 'NONE', #1722, #8662, #1025 ) ;
#7197 = ORIENTED_EDGE ( 'NONE', *, *, #2702, .F. ) ;
#7198 = CARTESIAN_POINT ( 'NONE',  ( -2.991513964927137614, -8.536475554934852994, -19.56176524634240010 ) ) ;
#7199 = VERTEX_POINT ( 'NONE', #233 ) ;
#7200 = CARTESIAN_POINT ( 'NONE',  ( 10.83702032928581183, 10.27013422742433590, -12.00000000000000000 ) ) ;
#7201 = LINE ( 'NONE', #93, #3268 ) ;
#7202 = CARTESIAN_POINT ( 'NONE',  ( -9.015881179277069890, 2.112195473498324372, -19.56047738716259587 ) ) ;
#7203 = CARTESIAN_POINT ( 'NONE',  ( 3.743519302641509228, 6.071213333782046639, -13.14533029738477588 ) ) ;
#7204 = VECTOR ( 'NONE', #300, 1000.000000000000000 ) ;
#7205 = CARTESIAN_POINT ( 'NONE',  ( -2.417410334380729608, 5.352469210142007938, -20.14999999999998437 ) ) ;
#7206 = ORIENTED_EDGE ( 'NONE', *, *, #917, .T. ) ;
#7207 = CARTESIAN_POINT ( 'NONE',  ( 14.28941916244338017, 8.249999999999765521, 0.000000000000000000 ) ) ;
#7208 = VERTEX_POINT ( 'NONE', #5267 ) ;
#7209 = ORIENTED_EDGE ( 'NONE', *, *, #917, .F. ) ;
#7210 = CARTESIAN_POINT ( 'NONE',  ( 17.79884389200625350, 9.121466773934537642, -6.800000000000000711 ) ) ;
#7211 = DIRECTION ( 'NONE',  ( 0.000000000000000000, 0.000000000000000000, 1.000000000000000000 ) ) ;
#7212 = FACE_OUTER_BOUND ( 'NONE', #1826, .T. ) ;
#7213 = CARTESIAN_POINT ( 'NONE',  ( -6.840313384304679722, 0.1016962824281402028, -20.14999999999999503 ) ) ;
#7214 = CARTESIAN_POINT ( 'NONE',  ( -14.76750197306897405, 4.780959754254273442, -0.4329946385733001724 ) ) ;
#7215 = CARTESIAN_POINT ( 'NONE',  ( -8.020111891535696813, 4.758591346690997703, -20.14999999999994529 ) ) ;
#7216 = CARTESIAN_POINT ( 'NONE',  ( 7.645579418803333027, 6.198406373955031690, -20.14999999999999147 ) ) ;
#7217 = AXIS2_PLACEMENT_3D ( 'NONE', #2060, #1751, #3396 ) ;
#7218 = ORIENTED_EDGE ( 'NONE', *, *, #4818, .T. ) ;
#7219 = CARTESIAN_POINT ( 'NONE',  ( -12.33992941965994916, 5.969761033842667430, -6.666908016579467855 ) ) ;
#7220 = CARTESIAN_POINT ( 'NONE',  ( -1.000000000000218936, -19.97498435543815987, -6.667923604021606110 ) ) ;
#7221 = ORIENTED_EDGE ( 'NONE', *, *, #9117, .F. ) ;
#7222 = CARTESIAN_POINT ( 'NONE',  ( 1.178669125964988342E-28, 6.268901968980452702E-29, -12.00000000000000000 ) ) ;
#7223 = VECTOR ( 'NONE', #7098, 1000.000000000000000 ) ;
#7224 = DIRECTION ( 'NONE',  ( -0.000000000000000000, -0.000000000000000000, 1.000000000000000000 ) ) ;
#7225 = CARTESIAN_POINT ( 'NONE',  ( -3.331613063046190426, -6.218335551068935096, -20.15000000000000213 ) ) ;
#7226 = EDGE_CURVE ( 'NONE', #604, #6688, #3762, .T. ) ;
#7227 = CARTESIAN_POINT ( 'NONE',  ( -5.486193743787757704, -1.738217041185585510, -19.57518652684912297 ) ) ;
#7228 = CIRCLE ( 'NONE', #4569, 18.00000000000000000 ) ;
#7229 = CARTESIAN_POINT ( 'NONE',  ( 6.521152422706603780, 3.000000000000023981, -13.14999999999999858 ) ) ;
#7230 = EDGE_LOOP ( 'NONE', ( #7448, #6920, #3259, #6085, #4716, #4169, #998, #834, #4965, #2345, #5891, #8562 ) ) ;
#7231 = LINE ( 'NONE', #169, #9136 ) ;
#7232 = EDGE_CURVE ( 'NONE', #4342, #2912, #7274, .T. ) ;
#7233 = CARTESIAN_POINT ( 'NONE',  ( 9.190767092226076684, 3.522062816357692139, -12.70582745357872057 ) ) ;
#7234 = AXIS2_PLACEMENT_3D ( 'NONE', #529, #8903, #1877 ) ;
#7235 = CARTESIAN_POINT ( 'NONE',  ( 8.458379804660530965, 0.8199567211276951317, -19.56480731700599662 ) ) ;
#7236 = ADVANCED_FACE ( 'NONE', ( #4252 ), #2837, .F. ) ;
#7237 = CARTESIAN_POINT ( 'NONE',  ( 7.308322676079590074, 5.571083566127430942, -20.15000000000000213 ) ) ;
#7238 = VECTOR ( 'NONE', #7597, 1000.000000000000114 ) ;
#7239 = ORIENTED_EDGE ( 'NONE', *, *, #6501, .T. ) ;
#7240 = CARTESIAN_POINT ( 'NONE',  ( -0.8922746349271412081, -9.816425717349218871, -19.55664355895416762 ) ) ;
#7241 = VERTEX_POINT ( 'NONE', #8500 ) ;
#7242 = CARTESIAN_POINT ( 'NONE',  ( -11.43531719619345921, 5.447482923112050734, -11.00000000000000000 ) ) ;
#7243 = SURFACE_STYLE_FILL_AREA ( #3745 ) ;
#7244 = CARTESIAN_POINT ( 'NONE',  ( 4.547164843534468481, 6.266632070997013138, -20.15000000000000924 ) ) ;
#7245 = DIRECTION ( 'NONE',  ( 0.8660254037844414832, 0.4999999999999952816, 0.000000000000000000 ) ) ;
#7246 = AXIS2_PLACEMENT_3D ( 'NONE', #2402, #881, #5224 ) ;
#7247 = CARTESIAN_POINT ( 'NONE',  ( 11.30316906160079782, 7.947041139371558316, -11.66274690377488099 ) ) ;
#7248 = ADVANCED_FACE ( 'NONE', ( #6410 ), #2168, .F. ) ;
#7249 = VERTEX_POINT ( 'NONE', #2904 ) ;
#7250 = DIRECTION ( 'NONE',  ( 0.000000000000000000, 0.000000000000000000, 1.000000000000000000 ) ) ;
#7251 = ORIENTED_EDGE ( 'NONE', *, *, #5923, .F. ) ;
#7252 = VERTEX_POINT ( 'NONE', #255 ) ;
#7253 = CARTESIAN_POINT ( 'NONE',  ( 7.878462024097640182, -1.389185421335560111, 3.999999999999949818 ) ) ;
#7254 = AXIS2_PLACEMENT_3D ( 'NONE', #4516, #183, #5302 ) ;
#7255 = CIRCLE ( 'NONE', #6062, 4.000000000000001776 ) ;
#7256 = DIRECTION ( 'NONE',  ( 0.8660254037844332675, -0.5000000000000093259, -0.000000000000000000 ) ) ;
#7257 = DIRECTION ( 'NONE',  ( 1.000000000000000000, 0.000000000000000000, 0.000000000000000000 ) ) ;
#7258 = CARTESIAN_POINT ( 'NONE',  ( -3.589902546979963027, -4.019269596334955175, -20.14999999999998437 ) ) ;
#7259 = CARTESIAN_POINT ( 'NONE',  ( 3.960025078168092350, -5.283824126316794434, -19.57258087583354111 ) ) ;
#7260 = CARTESIAN_POINT ( 'NONE',  ( -6.565949426387716059, 6.031658184439271153, -20.14999999999998437 ) ) ;
#7261 = CARTESIAN_POINT ( 'NONE',  ( 4.654863946768686311, 6.990447065021315076, -12.75466970261521205 ) ) ;
#7262 = CIRCLE ( 'NONE', #2250, 17.50000000000000000 ) ;
#7263 = AXIS2_PLACEMENT_3D ( 'NONE', #4346, #7158, #3069 ) ;
#7264 = VERTEX_POINT ( 'NONE', #8550 ) ;
#7265 = CARTESIAN_POINT ( 'NONE',  ( -11.97894681592994459, 6.332562287598036299, -5.927189904025337519 ) ) ;
#7266 = DIRECTION ( 'NONE',  ( 0.000000000000000000, 0.000000000000000000, 1.000000000000000000 ) ) ;
#7267 = EDGE_LOOP ( 'NONE', ( #7099, #758, #7671, #8968 ) ) ;
#7268 = DIRECTION ( 'NONE',  ( 1.000000000000000000, 0.000000000000000000, 0.000000000000000000 ) ) ;
#7269 = AXIS2_PLACEMENT_3D ( 'NONE', #8794, #8753, #8012 ) ;
#7270 = LINE ( 'NONE', #4499, #5650 ) ;
#7271 = CARTESIAN_POINT ( 'NONE',  ( 1.370950483644863604, -9.032060224094971446, -20.14999999999999503 ) ) ;
#7272 = CARTESIAN_POINT ( 'NONE',  ( -6.098994349753523281, -1.141517030084609363, -19.57381082561041197 ) ) ;
#7273 = VECTOR ( 'NONE', #7556, 1000.000000000000000 ) ;
#7274 = B_SPLINE_CURVE_WITH_KNOTS ( 'NONE', 3,
 ( #734, #8355, #3556, #6363 ),
 .UNSPECIFIED., .F., .F.,
 ( 4, 4 ),
 ( 0.000000000000000000, 0.0006921188867400671465 ),
 .UNSPECIFIED. ) ;
#7275 = ORIENTED_EDGE ( 'NONE', *, *, #223, .T. ) ;
#7276 = FACE_BOUND ( 'NONE', #732, .T. ) ;
#7277 = DIRECTION ( 'NONE',  ( 0.000000000000000000, 0.000000000000000000, 1.000000000000000000 ) ) ;
#7278 = CARTESIAN_POINT ( 'NONE',  ( 1.171646193170444716, -7.035210482140605848, -13.19417226125155196 ) ) ;
#7279 = CARTESIAN_POINT ( 'NONE',  ( 7.587131773285212155, -0.1152443806676620025, -19.56916572168219659 ) ) ;
#7280 = EDGE_CURVE ( 'NONE', #3683, #3895, #329, .T. ) ;
#7281 = DIRECTION ( 'NONE',  ( 0.3420201433256609969, 0.9396926207859112035, 0.000000000000000000 ) ) ;
#7282 = ORIENTED_EDGE ( 'NONE', *, *, #6488, .F. ) ;
#7283 = CARTESIAN_POINT ( 'NONE',  ( -2.389164559368055496, -9.108860977676139115, -19.55950718832958657 ) ) ;
#7284 = ORIENTED_EDGE ( 'NONE', *, *, #74, .T. ) ;
#7285 = ADVANCED_FACE ( 'NONE', ( #6806 ), #5495, .F. ) ;
#7286 = CARTESIAN_POINT ( 'NONE',  ( -12.16989683069900430, 4.854904635269107871, -11.99999999999999822 ) ) ;
#7287 = CARTESIAN_POINT ( 'NONE',  ( 0.9999999999998577804, -12.62701665379262117, -12.00000000000000000 ) ) ;
#7288 = CARTESIAN_POINT ( 'NONE',  ( -5.705451861911202016, 6.888673946501576495, -19.56234926127325124 ) ) ;
#7289 = DIRECTION ( 'NONE',  ( -0.4999999999999952260, 0.8660254037844414832, 0.000000000000000000 ) ) ;
#7290 = CARTESIAN_POINT ( 'NONE',  ( -3.529087851963324862, 5.885005933955578250, -20.14999999999998082 ) ) ;
#7291 = ORIENTED_EDGE ( 'NONE', *, *, #8482, .T. ) ;
#7292 = LINE ( 'NONE', #4435, #9144 ) ;
#7293 = ORIENTED_EDGE ( 'NONE', *, *, #3913, .T. ) ;
#7294 = ORIENTED_EDGE ( 'NONE', *, *, #4421, .F. ) ;
#7295 = DIRECTION ( 'NONE',  ( 0.9848077517184274932, -0.1736481850043250230, 0.000000000000000000 ) ) ;
#7296 = DIRECTION ( 'NONE',  ( 1.028313268071524502E-14, 1.000000000000000000, 0.000000000000000000 ) ) ;
#7297 = CARTESIAN_POINT ( 'NONE',  ( 5.196152422706617813, 3.000000000000023981, -13.14999999999999858 ) ) ;
#7298 = EDGE_CURVE ( 'NONE', #7622, #2177, #6668, .T. ) ;
#7299 = CARTESIAN_POINT ( 'NONE',  ( -3.332125319928862517, -5.965932561284017943, -20.15000000000000213 ) ) ;
#7300 = DIRECTION ( 'NONE',  ( 0.000000000000000000, 0.000000000000000000, -1.000000000000000000 ) ) ;
#7301 = CARTESIAN_POINT ( 'NONE',  ( -4.490575105751806184, 6.254954557813246829, -20.15000000000000213 ) ) ;
#7302 = CARTESIAN_POINT ( 'NONE',  ( 6.998297538017292041, 1.375331565961100733, -13.17148535977110235 ) ) ;
#7303 = EDGE_CURVE ( 'NONE', #1096, #4461, #2198, .T. ) ;
#7304 = ORIENTED_EDGE ( 'NONE', *, *, #2031, .F. ) ;
#7305 = CARTESIAN_POINT ( 'NONE',  ( -12.33992941965994738, 5.969761033842667430, -6.800000000000000711 ) ) ;
#7306 = CARTESIAN_POINT ( 'NONE',  ( -0.9740085323125194927, -19.97633167076673644, -6.538326650150961150 ) ) ;
#7307 = DIRECTION ( 'NONE',  ( -0.8660254037844332675, 0.5000000000000093259, 0.000000000000000000 ) ) ;
#7308 = EDGE_LOOP ( 'NONE', ( #541, #6037, #8422, #6678 ) ) ;
#7309 = CYLINDRICAL_SURFACE ( 'NONE', #2035, 13.00000000000000000 ) ;
#7310 = CARTESIAN_POINT ( 'NONE',  ( -17.23890890522627828, 8.798188158588908792, -11.18208018872922160 ) ) ;
#7311 = LINE ( 'NONE', #379, #7616 ) ;
#7312 = CARTESIAN_POINT ( 'NONE',  ( 3.214173605842183701, 6.389044327669740397, -19.57090928569373744 ) ) ;
#7313 = AXIS2_PLACEMENT_3D ( 'NONE', #7708, #1376, #3500 ) ;
#7314 = FACE_OUTER_BOUND ( 'NONE', #8622, .T. ) ;
#7315 = ORIENTED_EDGE ( 'NONE', *, *, #390, .F. ) ;
#7316 = LINE ( 'NONE', #6580, #1111 ) ;
#7317 = DIRECTION ( 'NONE',  ( 0.000000000000000000, 0.000000000000000000, -1.000000000000000000 ) ) ;
#7318 = LINE ( 'NONE', #5070, #2925 ) ;
#7319 = AXIS2_PLACEMENT_3D ( 'NONE', #1822, #4677, #8054 ) ;
#7320 = CARTESIAN_POINT ( 'NONE',  ( 5.739782705994668000, -1.364564495610245176, -20.15000000000002345 ) ) ;
#7321 = CARTESIAN_POINT ( 'NONE',  ( 8.269751393865004019, 0.5601915574083405902, -19.56589143661566155 ) ) ;
#7322 = CIRCLE ( 'NONE', #4976, 4.000000000000001776 ) ;
#7323 = LINE ( 'NONE', #2211, #8508 ) ;
#7324 = ORIENTED_EDGE ( 'NONE', *, *, #8482, .F. ) ;
#7325 = CARTESIAN_POINT ( 'NONE',  ( -2.682587708466198428, -8.862649271020343278, -19.56048297387911461 ) ) ;
#7326 = ORIENTED_EDGE ( 'NONE', *, *, #4322, .T. ) ;
#7327 = DIRECTION ( 'NONE',  ( -0.000000000000000000, -0.000000000000000000, 1.000000000000000000 ) ) ;
#7328 = DIRECTION ( 'NONE',  ( 0.000000000000000000, 0.000000000000000000, -1.000000000000000000 ) ) ;
#7329 = DIRECTION ( 'NONE',  ( 0.000000000000000000, 0.000000000000000000, -1.000000000000000000 ) ) ;
#7330 = CARTESIAN_POINT ( 'NONE',  ( -5.003254817451946224, 6.918717846475303190, -19.56459442508043267 ) ) ;
#7331 = ADVANCED_FACE ( 'NONE', ( #1121 ), #481, .F. ) ;
#7332 = FACE_OUTER_BOUND ( 'NONE', #5504, .T. ) ;
#7333 = DIRECTION ( 'NONE',  ( 0.000000000000000000, 0.000000000000000000, 1.000000000000000000 ) ) ;
#7334 = AXIS2_PLACEMENT_3D ( 'NONE', #6702, #6662, #8011 ) ;
#7335 = ORIENTED_EDGE ( 'NONE', *, *, #8375, .T. ) ;
#7336 = CARTESIAN_POINT ( 'NONE',  ( -17.32050807568862894, 10.00000000000026112, -5.800000000000000711 ) ) ;
#7337 = ORIENTED_EDGE ( 'NONE', *, *, #3903, .T. ) ;
#7338 = ORIENTED_EDGE ( 'NONE', *, *, #8988, .T. ) ;
#7339 = CARTESIAN_POINT ( 'NONE',  ( -16.51038032566408376, 4.451667272149204102, 4.000000000000000000 ) ) ;
#7340 = CARTESIAN_POINT ( 'NONE',  ( -10.36748586618342571, 12.83609118129374416, -12.00000000000000000 ) ) ;
#7341 = CARTESIAN_POINT ( 'NONE',  ( -4.647269127365691865, 5.367763934622399979, 0.000000000000000000 ) ) ;
#7342 = CARTESIAN_POINT ( 'NONE',  ( -3.332035766244225705, -5.990264060256310863, -20.15000000000001279 ) ) ;
#7343 = CARTESIAN_POINT ( 'NONE',  ( 0.000000000000000000, 0.000000000000000000, 0.000000000000000000 ) ) ;
#7344 = CIRCLE ( 'NONE', #2188, 0.9999999999999997780 ) ;
#7345 = CARTESIAN_POINT ( 'NONE',  ( -6.615441452201430650, 6.008720153112322215, -20.14999999999998437 ) ) ;
#7346 = EDGE_CURVE ( 'NONE', #3614, #2376, #8149, .T. ) ;
#7347 = DIRECTION ( 'NONE',  ( -1.000000000000000000, 0.000000000000000000, 0.000000000000000000 ) ) ;
#7348 = ORIENTED_EDGE ( 'NONE', *, *, #4210, .F. ) ;
#7349 = AXIS2_PLACEMENT_3D ( 'NONE', #8937, #5426, #8240 ) ;
#7350 = DIRECTION ( 'NONE',  ( 0.000000000000000000, 0.000000000000000000, -1.000000000000000000 ) ) ;
#7351 = CARTESIAN_POINT ( 'NONE',  ( -5.157783341412716105, -4.953736350215738327, 0.000000000000000000 ) ) ;
#7352 = LINE ( 'NONE', #6615, #6651 ) ;
#7353 = ORIENTED_EDGE ( 'NONE', *, *, #5380, .T. ) ;
#7354 = DIRECTION ( 'NONE',  ( -1.000000000000000000, 0.000000000000000000, 0.000000000000000000 ) ) ;
#7355 = LINE ( 'NONE', #2508, #3438 ) ;
#7356 = CARTESIAN_POINT ( 'NONE',  ( 1.178669125964988342E-28, 6.268901968980452702E-29, -0.9999999999999974465 ) ) ;
#7357 = VECTOR ( 'NONE', #2109, 1000.000000000000000 ) ;
#7358 = CARTESIAN_POINT ( 'NONE',  ( -4.508002129310620270E-14, 5.070498357057139242E-14, 0.000000000000000000 ) ) ;
#7359 = EDGE_CURVE ( 'NONE', #5043, #858, #7839, .T. ) ;
#7360 = EDGE_LOOP ( 'NONE', ( #7753, #1683, #3850, #8104 ) ) ;
#7361 = CARTESIAN_POINT ( 'NONE',  ( 1.201043591067734839, -19.96411909024578080, -11.61537670691496338 ) ) ;
#7362 = CIRCLE ( 'NONE', #145, 0.9999999999999785727 ) ;
#7363 = ORIENTED_EDGE ( 'NONE', *, *, #3221, .F. ) ;
#7364 = FACE_BOUND ( 'NONE', #4670, .T. ) ;
#7365 = CARTESIAN_POINT ( 'NONE',  ( -1.000000000000212053, -19.32842712474620939, -6.800000000000000711 ) ) ;
#7366 = CARTESIAN_POINT ( 'NONE',  ( 2.340119407399356533, 5.952534452162598022, -19.57322842474129487 ) ) ;
#7367 = CARTESIAN_POINT ( 'NONE',  ( 6.678494095089589244, 2.502929873537271366, 0.000000000000000000 ) ) ;
#7368 = CARTESIAN_POINT ( 'NONE',  ( 3.458633112650582930, -15.96347694171160825, 0.000000000000000000 ) ) ;
#7369 = AXIS2_PLACEMENT_3D ( 'NONE', #6570, #244, #4449 ) ;
#7370 = CARTESIAN_POINT ( 'NONE',  ( 8.465507720123229163, 2.346484530517436884, -20.15000000000000213 ) ) ;
#7371 = VERTEX_POINT ( 'NONE', #4505 ) ;
#7372 = CARTESIAN_POINT ( 'NONE',  ( 7.597058694790406186, -0.1155074819460181201, -19.56914505406144045 ) ) ;
#7373 = AXIS2_PLACEMENT_3D ( 'NONE', #835, #4909, #4312 ) ;
#7374 = ORIENTED_EDGE ( 'NONE', *, *, #6501, .F. ) ;
#7375 = CARTESIAN_POINT ( 'NONE',  ( -11.75245697184703531, 5.155754406560282277, -11.81918633020623410 ) ) ;
#7376 = CARTESIAN_POINT ( 'NONE',  ( 9.110820912707024988, 11.28020134113662110, -12.00000000000000000 ) ) ;
#7377 = CARTESIAN_POINT ( 'NONE',  ( -3.812547508787765604, 6.674947114548939631, -19.56873656000191275 ) ) ;
#7378 = DIRECTION ( 'NONE',  ( 0.000000000000000000, 0.000000000000000000, -1.000000000000000000 ) ) ;
#7379 = EDGE_CURVE ( 'NONE', #6499, #5074, #3950, .T. ) ;
#7380 = DIRECTION ( 'NONE',  ( -1.000000000000000000, 0.000000000000000000, 0.000000000000000000 ) ) ;
#7381 = AXIS2_PLACEMENT_3D ( 'NONE', #4496, #7845, #7401 ) ;
#7382 = ORIENTED_EDGE ( 'NONE', *, *, #4303, .F. ) ;
#7383 = CARTESIAN_POINT ( 'NONE',  ( 6.681894762190958126, 15.44919413072695491, -0.6677307479773467724 ) ) ;
#7384 = VERTEX_POINT ( 'NONE', #1867 ) ;
#7385 = EDGE_LOOP ( 'NONE', ( #8879, #669, #5208, #6969 ) ) ;
#7386 = CYLINDRICAL_SURFACE ( 'NONE', #3550, 1.000000000000029310 ) ;
#7387 = EDGE_CURVE ( 'NONE', #5240, #7188, #5971, .T. ) ;
#7388 = CARTESIAN_POINT ( 'NONE',  ( 3.762221576582220006, 10.33661882864500114, 3.999999999999949818 ) ) ;
#7389 = CARTESIAN_POINT ( 'NONE',  ( -8.348859223309123223, 1.929620987724338432, -20.14999999999999503 ) ) ;
#7390 = CARTESIAN_POINT ( 'NONE',  ( -3.332063381531312984, -5.980530030331889790, -20.14999999999999503 ) ) ;
#7391 = AXIS2_PLACEMENT_3D ( 'NONE', #2903, #3555, #6315 ) ;
#7392 = CARTESIAN_POINT ( 'NONE',  ( 3.925937342208265068, -5.995265040067974560, -19.57086620221909712 ) ) ;
#7393 = CARTESIAN_POINT ( 'NONE',  ( -5.600570135002917560, 6.303355790640273959, -20.14999999999999503 ) ) ;
#7394 = CARTESIAN_POINT ( 'NONE',  ( 4.718010566148164386, -5.324769750921417355, 0.000000000000000000 ) ) ;
#7395 = EDGE_CURVE ( 'NONE', #3274, #2353, #5344, .T. ) ;
#7396 = VERTEX_POINT ( 'NONE', #7452 ) ;
#7397 = AXIS2_PLACEMENT_3D ( 'NONE', #1455, #7740, #2743 ) ;
#7398 = CARTESIAN_POINT ( 'NONE',  ( 4.399933215955052823, -16.52424242424249101, 0.000000000000000000 ) ) ;
#7399 = DIRECTION ( 'NONE',  ( 0.000000000000000000, 0.000000000000000000, -1.000000000000000000 ) ) ;
#7400 = EDGE_CURVE ( 'NONE', #4262, #661, #915, .T. ) ;
#7401 = DIRECTION ( 'NONE',  ( -1.000000000000000000, 0.000000000000000000, 0.000000000000000000 ) ) ;
#7402 = DIRECTION ( 'NONE',  ( -0.000000000000000000, -0.000000000000000000, 1.000000000000000000 ) ) ;
#7403 = CARTESIAN_POINT ( 'NONE',  ( -11.35292748933938789, 8.864016818819177246, -12.00000000000000000 ) ) ;
#7404 = EDGE_CURVE ( 'NONE', #7482, #8721, #6076, .T. ) ;
#7405 = CARTESIAN_POINT ( 'NONE',  ( 0.000000000000000000, 0.000000000000000000, 0.000000000000000000 ) ) ;
#7406 = AXIS2_PLACEMENT_3D ( 'NONE', #8865, #2394, #5216 ) ;
#7407 = VERTEX_POINT ( 'NONE', #993 ) ;
#7408 = DIRECTION ( 'NONE',  ( -0.8660254037844332675, 0.5000000000000093259, 0.000000000000000000 ) ) ;
#7409 = EDGE_CURVE ( 'NONE', #8868, #5346, #9046, .T. ) ;
#7410 = AXIS2_PLACEMENT_3D ( 'NONE', #2572, #2620, #5354 ) ;
#7411 = AXIS2_PLACEMENT_3D ( 'NONE', #291, #3107, #8976 ) ;
#7412 = ORIENTED_EDGE ( 'NONE', *, *, #3440, .T. ) ;
#7413 = CARTESIAN_POINT ( 'NONE',  ( 3.530143011963446931, 5.885612803202785237, -20.14999999999999858 ) ) ;
#7414 = CARTESIAN_POINT ( 'NONE',  ( 7.823467157226238200, 15.48026639695501316, -0.1552996682004987583 ) ) ;
#7415 = CARTESIAN_POINT ( 'NONE',  ( -0.6158908866715685493, -13.56239325820930119, -6.001617403196380707 ) ) ;
#7416 = EDGE_CURVE ( 'NONE', #4023, #5108, #4847, .T. ) ;
#7417 = CARTESIAN_POINT ( 'NONE',  ( -6.187618932840061703, -3.572423456518032392, 0.000000000000000000 ) ) ;
#7418 = DIRECTION ( 'NONE',  ( 0.000000000000000000, 0.000000000000000000, 1.000000000000000000 ) ) ;
#7419 = CARTESIAN_POINT ( 'NONE',  ( 8.500822280861369151, 2.562159885113663993, -20.15000000000000568 ) ) ;
#7420 = ORIENTED_EDGE ( 'NONE', *, *, #4184, .F. ) ;
#7421 = CARTESIAN_POINT ( 'NONE',  ( 7.886107543296551725, 0.1397587111770776935, -19.56783697729969518 ) ) ;
#7422 = VERTEX_POINT ( 'NONE', #3907 ) ;
#7423 = FACE_OUTER_BOUND ( 'NONE', #4907, .T. ) ;
#7424 = CARTESIAN_POINT ( 'NONE',  ( -14.28941916244309951, 8.250000000000220268, -3.000000000000000888 ) ) ;
#7425 = CYLINDRICAL_SURFACE ( 'NONE', #3120, 4.000000000000000888 ) ;
#7426 = CARTESIAN_POINT ( 'NONE',  ( -5.322250240502953922, 6.922331558941239749, -19.56355147672333672 ) ) ;
#7427 = CARTESIAN_POINT ( 'NONE',  ( -4.440892098500630106E-15, -8.881784197001249168E-15, 2.000000000000000000 ) ) ;
#7428 = DIRECTION ( 'NONE',  ( -0.000000000000000000, -0.000000000000000000, 1.000000000000000000 ) ) ;
#7429 = VERTEX_POINT ( 'NONE', #2423 ) ;
#7430 = CARTESIAN_POINT ( 'NONE',  ( 6.803226280301215567, 16.12346464563430715, 0.000000000000000000 ) ) ;
#7431 = ORIENTED_EDGE ( 'NONE', *, *, #8890, .F. ) ;
#7432 = ORIENTED_EDGE ( 'NONE', *, *, #7183, .T. ) ;
#7433 = CARTESIAN_POINT ( 'NONE',  ( 0.2148475857919647236, -9.318439075861494558, -20.15000000000000568 ) ) ;
#7434 = DIRECTION ( 'NONE',  ( -1.000000000000000000, 0.000000000000000000, 0.000000000000000000 ) ) ;
#7435 = ADVANCED_FACE ( 'NONE', ( #5242 ), #3252, .F. ) ;
#7436 = CARTESIAN_POINT ( 'NONE',  ( -3.384533627509763942, -15.58346131473554941, -0.2569991643891818556 ) ) ;
#7437 = CARTESIAN_POINT ( 'NONE',  ( 2.999999999999738431, -16.50000000000000000, -12.00000000000000000 ) ) ;
#7438 = CARTESIAN_POINT ( 'NONE',  ( -7.833699089605198118, 5.025117061496915838, -20.15000000000000568 ) ) ;
#7439 = CARTESIAN_POINT ( 'NONE',  ( 8.381336715503135082, 0.5360068965513410388, -12.75466542506958412 ) ) ;
#7440 = ORIENTED_EDGE ( 'NONE', *, *, #7359, .T. ) ;
#7441 = CARTESIAN_POINT ( 'NONE',  ( 14.54158839029698846, 4.757283868186552134, -0.4858042553406217712 ) ) ;
#7442 = CARTESIAN_POINT ( 'NONE',  ( -12.33992941965994738, 5.969761033842667430, -3.000000000000000888 ) ) ;
#7443 = DIRECTION ( 'NONE',  ( -1.000000000000000000, 0.000000000000000000, 0.000000000000000000 ) ) ;
#7444 = CARTESIAN_POINT ( 'NONE',  ( -11.69134295108980126, 6.750000000000194511, -5.800000000000000711 ) ) ;
#7445 = CARTESIAN_POINT ( 'NONE',  ( 7.159123380233456402, -0.3999517953926782221, -19.57085358692566857 ) ) ;
#7446 = CARTESIAN_POINT ( 'NONE',  ( 5.551115123125789605E-16, 9.614813431917820561E-16, 2.000000000000000000 ) ) ;
#7447 = EDGE_CURVE ( 'NONE', #7422, #4989, #8429, .T. ) ;
#7448 = ORIENTED_EDGE ( 'NONE', *, *, #7619, .F. ) ;
#7449 = CARTESIAN_POINT ( 'NONE',  ( -14.31270730586845019, 4.250067792777746156, -12.00000000000000000 ) ) ;
#7450 = ORIENTED_EDGE ( 'NONE', *, *, #8362, .F. ) ;
#7451 = FACE_OUTER_BOUND ( 'NONE', #5311, .T. ) ;
#7452 = CARTESIAN_POINT ( 'NONE',  ( -3.673697787944533832, 7.169654424227628553, 0.000000000000000000 ) ) ;
#7453 = FACE_OUTER_BOUND ( 'NONE', #3702, .T. ) ;
#7454 = CARTESIAN_POINT ( 'NONE',  ( -3.386065327529373725, -6.277589482535935517, 0.000000000000000000 ) ) ;
#7455 = CARTESIAN_POINT ( 'NONE',  ( 3.332020230415906781, -5.999086572339304979, -20.14999999999999858 ) ) ;
#7456 = VECTOR ( 'NONE', #9145, 1000.000000000000000 ) ;
#7457 = EDGE_CURVE ( 'NONE', #1984, #7009, #5471, .T. ) ;
#7458 = EDGE_CURVE ( 'NONE', #15, #7371, #2007, .T. ) ;
#7459 = CARTESIAN_POINT ( 'NONE',  ( -14.32435137758112376, 2.250101689166502439, 0.000000000000000000 ) ) ;
#7460 = ORIENTED_EDGE ( 'NONE', *, *, #301, .T. ) ;
#7461 = DIRECTION ( 'NONE',  ( -1.000000000000000000, -9.912705577010322591E-16, 0.000000000000000000 ) ) ;
#7462 = VECTOR ( 'NONE', #7656, 1000.000000000000000 ) ;
#7463 = ORIENTED_EDGE ( 'NONE', *, *, #8943, .F. ) ;
#7464 = CARTESIAN_POINT ( 'NONE',  ( 0.9734711219023874929, -19.33815917623581626, -6.536423737521516841 ) ) ;
#7465 = CARTESIAN_POINT ( 'NONE',  ( 17.84355630229944722, 11.45668257281192837, -5.800000000000000711 ) ) ;
#7466 = DIRECTION ( 'NONE',  ( 0.000000000000000000, 0.000000000000000000, -1.000000000000000000 ) ) ;
#7467 = CARTESIAN_POINT ( 'NONE',  ( 8.268886756331360388, 4.271241373589707457, -20.15000000000000568 ) ) ;
#7468 = FACE_OUTER_BOUND ( 'NONE', #363, .T. ) ;
#7469 = DIRECTION ( 'NONE',  ( -0.000000000000000000, -0.000000000000000000, 1.000000000000000000 ) ) ;
#7470 = AXIS2_PLACEMENT_3D ( 'NONE', #9024, #8977, #2642 ) ;
#7471 = EDGE_CURVE ( 'NONE', #4118, #5578, #5517, .T. ) ;
#7472 = ORIENTED_EDGE ( 'NONE', *, *, #7968, .F. ) ;
#7473 = ORIENTED_EDGE ( 'NONE', *, *, #4356, .T. ) ;
#7474 = ORIENTED_EDGE ( 'NONE', *, *, #2186, .F. ) ;
#7475 = CARTESIAN_POINT ( 'NONE',  ( 1.938065628502419147, -8.705524451203846326, -20.14999999999998792 ) ) ;
#7476 = CARTESIAN_POINT ( 'NONE',  ( 0.1326189444478730051, -12.50000000000000711, -5.800000000000001599 ) ) ;
#7477 = DIRECTION ( 'NONE',  ( 0.000000000000000000, 0.000000000000000000, 1.000000000000000000 ) ) ;
#7478 = CARTESIAN_POINT ( 'NONE',  ( 7.116735715232874959, -0.4246694426954980006, -19.57097765073985940 ) ) ;
#7479 = CARTESIAN_POINT ( 'NONE',  ( 2.308076694259579842, -6.748369234145656037, 0.000000000000000000 ) ) ;
#7480 = EDGE_LOOP ( 'NONE', ( #2304, #1960, #2452, #4929 ) ) ;
#7481 = DIRECTION ( 'NONE',  ( 1.000000000000000000, 0.000000000000000000, 0.000000000000000000 ) ) ;
#7482 = VERTEX_POINT ( 'NONE', #2739 ) ;
#7483 = CARTESIAN_POINT ( 'NONE',  ( -11.38441298604858432, 7.495152950056573005, -6.184632877787812788 ) ) ;
#7484 = AXIS2_PLACEMENT_3D ( 'NONE', #5462, #4039, #1858 ) ;
#7485 = CARTESIAN_POINT ( 'NONE',  ( 0.000000000000000000, 0.000000000000000000, -12.00000000000000000 ) ) ;
#7486 = CARTESIAN_POINT ( 'NONE',  ( -3.355744255918808427, -5.380409962797123136, -20.14999999999999858 ) ) ;
#7487 = CARTESIAN_POINT ( 'NONE',  ( -7.081126405921784439, -0.4457079046703973924, -19.57108066795660051 ) ) ;
#7488 = CARTESIAN_POINT ( 'NONE',  ( 5.556861095858105060, 6.907395169704969362, -19.56280772727266282 ) ) ;
#7489 = CARTESIAN_POINT ( 'NONE',  ( -5.932638115202065521, -15.39655172413783824, -0.9999999999999974465 ) ) ;
#7490 = VECTOR ( 'NONE', #4300, 1000.000000000000114 ) ;
#7491 = VERTEX_POINT ( 'NONE', #7591 ) ;
#7492 = DIRECTION ( 'NONE',  ( -1.388636009221180059E-15, -6.479251965284110386E-16, -1.000000000000000000 ) ) ;
#7493 = ORIENTED_EDGE ( 'NONE', *, *, #966, .F. ) ;
#7494 = EDGE_CURVE ( 'NONE', #9113, #6279, #8239, .T. ) ;
#7495 = DIRECTION ( 'NONE',  ( -0.8660254037844389297, -0.4999999999999993894, 0.000000000000000000 ) ) ;
#7496 = CARTESIAN_POINT ( 'NONE',  ( -16.79884389200603323, 10.85351758150378032, -11.26454410153101549 ) ) ;
#7497 = LINE ( 'NONE', #1169, #5432 ) ;
#7498 = CARTESIAN_POINT ( 'NONE',  ( -7.087094034895891070, -0.5839333955070372673, 0.000000000000000000 ) ) ;
#7499 = CARTESIAN_POINT ( 'NONE',  ( -5.142300877492400168, -6.128355544951749501, 2.000000000000000000 ) ) ;
#7500 = CIRCLE ( 'NONE', #7812, 0.9000000000000000222 ) ;
#7501 = CARTESIAN_POINT ( 'NONE',  ( -1.549043065845068234, -19.07286380044559593, -11.90088241503186950 ) ) ;
#7502 = VERTEX_POINT ( 'NONE', #1263 ) ;
#7503 = CARTESIAN_POINT ( 'NONE',  ( 8.588367462299917321, 1.013812353631140750, -19.56402873327023428 ) ) ;
#7504 = EDGE_CURVE ( 'NONE', #2101, #3200, #478, .T. ) ;
#7505 = VERTEX_POINT ( 'NONE', #4228 ) ;
#7506 = DIRECTION ( 'NONE',  ( -0.3420201433256585544, -0.9396926207859120916, 0.000000000000000000 ) ) ;
#7507 = CARTESIAN_POINT ( 'NONE',  ( -4.063673003913712556, 6.759563466731004944, -19.56783845300856584 ) ) ;
#7508 = DIRECTION ( 'NONE',  ( -1.000000000000000000, 0.000000000000000000, 0.000000000000000000 ) ) ;
#7509 = AXIS2_PLACEMENT_3D ( 'NONE', #5285, #6578, #8759 ) ;
#7510 = CARTESIAN_POINT ( 'NONE',  ( 7.431176759389627406, 5.462880311159935331, -20.14999999999999503 ) ) ;
#7511 = CARTESIAN_POINT ( 'NONE',  ( 0.2616733601872416881, -19.99865454788061214, -5.825991465356298527 ) ) ;
#7512 = CARTESIAN_POINT ( 'NONE',  ( -1.978939378250617276, 5.202235584482374442, -20.15000000000000213 ) ) ;
#7513 = EDGE_LOOP ( 'NONE', ( #7221, #6755, #6932, #2961, #4692 ) ) ;
#7514 = VECTOR ( 'NONE', #2819, 1000.000000000000000 ) ;
#7515 = VERTEX_POINT ( 'NONE', #1916 ) ;
#7516 = ORIENTED_EDGE ( 'NONE', *, *, #84, .F. ) ;
#7517 = CARTESIAN_POINT ( 'NONE',  ( 3.117011099881611180, -7.172755458066120582, -20.15000000000001279 ) ) ;
#7518 = EDGE_CURVE ( 'NONE', #8438, #7112, #6901, .T. ) ;
#7519 = ORIENTED_EDGE ( 'NONE', *, *, #8808, .T. ) ;
#7520 = DIRECTION ( 'NONE',  ( -1.000000000000000000, 0.000000000000000000, 0.000000000000000000 ) ) ;
#7521 = CARTESIAN_POINT ( 'NONE',  ( 12.23977653777110497, 6.058708452542795442, -6.294849952815317451 ) ) ;
#7522 = CARTESIAN_POINT ( 'NONE',  ( 3.333606397475924688, -5.843405111493745530, -20.14999999999998082 ) ) ;
#7523 = EDGE_CURVE ( 'NONE', #3874, #6828, #6992, .T. ) ;
#7524 = CARTESIAN_POINT ( 'NONE',  ( -6.998297538017272501, 1.375331565961207980, -13.17148650044992841 ) ) ;
#7525 = CARTESIAN_POINT ( 'NONE',  ( -1.940074516949515493, 5.812391880267656852, -19.57404365498970122 ) ) ;
#7526 = ORIENTED_EDGE ( 'NONE', *, *, #6204, .T. ) ;
#7527 = DIRECTION ( 'NONE',  ( -1.000000000000000000, 0.000000000000000000, 0.000000000000000000 ) ) ;
#7528 = ORIENTED_EDGE ( 'NONE', *, *, #502, .F. ) ;
#7529 = CARTESIAN_POINT ( 'NONE',  ( -11.33992941965992607, 7.701811841411535298, -6.800000000000000711 ) ) ;
#7530 = AXIS2_PLACEMENT_3D ( 'NONE', #7873, #1538, #7823 ) ;
#7531 = CARTESIAN_POINT ( 'NONE',  ( 11.56743944649365297, 6.982847179341489685, -5.826525510891698012 ) ) ;
#7532 = CARTESIAN_POINT ( 'NONE',  ( -4.854236969809521796, -1.568222202494985007, -20.15000000000000568 ) ) ;
#7533 = CARTESIAN_POINT ( 'NONE',  ( -10.36748586618342571, 12.83609118129374416, -1.000000000000011324 ) ) ;
#7534 = CARTESIAN_POINT ( 'NONE',  ( 3.699748457513575950, 6.637499945260360690, -19.56914050840800456 ) ) ;
#7535 = CARTESIAN_POINT ( 'NONE',  ( 12.11044710970903360, 12.07257515209327536, 4.000000000000000000 ) ) ;
#7536 = AXIS2_PLACEMENT_3D ( 'NONE', #3931, #5579, #5036 ) ;
#7537 = VERTEX_POINT ( 'NONE', #521 ) ;
#7538 = CYLINDRICAL_SURFACE ( 'NONE', #9149, 0.9999999999999998890 ) ;
#7539 = ORIENTED_EDGE ( 'NONE', *, *, #1773, .F. ) ;
#7540 = AXIS2_PLACEMENT_3D ( 'NONE', #8651, #972, #1624 ) ;
#7541 = CARTESIAN_POINT ( 'NONE',  ( 9.067569533741940191, -15.54925023114475024, 0.000000000000000000 ) ) ;
#7542 = AXIS2_PLACEMENT_3D ( 'NONE', #3962, #1790, #489 ) ;
#7543 = FACE_OUTER_BOUND ( 'NONE', #4742, .T. ) ;
#7544 = CARTESIAN_POINT ( 'NONE',  ( -7.159117483306193463, -0.3999552182180290405, -19.57085359159119520 ) ) ;
#7545 = CARTESIAN_POINT ( 'NONE',  ( -4.051638871298109734, -4.288515387788894628, -20.15000000000000213 ) ) ;
#7546 = FACE_OUTER_BOUND ( 'NONE', #4074, .T. ) ;
#7547 = VECTOR ( 'NONE', #6402, 1000.000000000000000 ) ;
#7548 = AXIS2_PLACEMENT_3D ( 'NONE', #3618, #7824, #1578 ) ;
#7549 = CARTESIAN_POINT ( 'NONE',  ( -1.007758144258826816, -19.32571824391955317, -11.14327739641607984 ) ) ;
#7550 = ORIENTED_EDGE ( 'NONE', *, *, #5980, .F. ) ;
#7551 = LINE ( 'NONE', #5978, #4433 ) ;
#7552 = ORIENTED_EDGE ( 'NONE', *, *, #6096, .F. ) ;
#7553 = DIRECTION ( 'NONE',  ( 0.000000000000000000, 0.000000000000000000, 1.000000000000000000 ) ) ;
#7554 = CARTESIAN_POINT ( 'NONE',  ( -4.621683488720842448, 6.881550638271386688, -19.56588604163926348 ) ) ;
#7555 = AXIS2_PLACEMENT_3D ( 'NONE', #8187, #8842, #2415 ) ;
#7556 = DIRECTION ( 'NONE',  ( -0.000000000000000000, -0.000000000000000000, 1.000000000000000000 ) ) ;
#7557 = CARTESIAN_POINT ( 'NONE',  ( 6.319074610279646009, 6.132044320916894442, -20.14999999999999858 ) ) ;
#7558 = FACE_OUTER_BOUND ( 'NONE', #1367, .T. ) ;
#7559 = DIRECTION ( 'NONE',  ( 0.000000000000000000, 0.000000000000000000, -1.000000000000000000 ) ) ;
#7560 = EDGE_CURVE ( 'NONE', #5798, #507, #4826, .T. ) ;
#7561 = EDGE_LOOP ( 'NONE', ( #3612, #6600, #2354, #6657, #9096 ) ) ;
#7562 = EDGE_LOOP ( 'NONE', ( #8604, #5682, #3147, #6966, #7304, #8398, #8994 ) ) ;
#7563 = ADVANCED_FACE ( 'NONE', ( #7543 ), #5559, .F. ) ;
#7564 = VERTEX_POINT ( 'NONE', #2698 ) ;
#7565 = CARTESIAN_POINT ( 'NONE',  ( 1.015918740853731572, -9.166864125254669204, -20.15000000000000213 ) ) ;
#7566 = ORIENTED_EDGE ( 'NONE', *, *, #7379, .F. ) ;
#7567 = CARTESIAN_POINT ( 'NONE',  ( 0.9737164464582650503, -12.61998183619370550, -6.537287570111133483 ) ) ;
#7568 = DIRECTION ( 'NONE',  ( 0.000000000000000000, 0.000000000000000000, 1.000000000000000000 ) ) ;
#7569 = B_SPLINE_CURVE_WITH_KNOTS ( 'NONE', 3,
 ( #1684, #5881, #6709, #5970, #5337, #2558, #3818, #3201, #8712, #2377 ),
 .UNSPECIFIED., .F., .F.,
 ( 4, 2, 2, 2, 4 ),
 ( 0.000000000000000000, 0.0003920998596709361910, 0.0007841997193418723819, 0.001176299579012808627, 0.001568399438683744764 ),
 .UNSPECIFIED. ) ;
#7570 = CARTESIAN_POINT ( 'NONE',  ( 3.332030001177806788, -5.992997265485597858, -20.14999999999999147 ) ) ;
#7571 = EDGE_CURVE ( 'NONE', #8644, #7177, #8038, .T. ) ;
#7572 = CARTESIAN_POINT ( 'NONE',  ( -8.888885260581742997, 1.678443143972971008, -19.56176234090850485 ) ) ;
#7573 = CARTESIAN_POINT ( 'NONE',  ( 0.5137812952128448796, -9.924999999999961631, -12.70000004752828104 ) ) ;
#7574 = CARTESIAN_POINT ( 'NONE',  ( -0.9817888701186970879, 5.575394805083596417, -19.57546333756677015 ) ) ;
#7575 = EDGE_CURVE ( 'NONE', #831, #7188, #5743, .T. ) ;
#7576 = VERTEX_POINT ( 'NONE', #2977 ) ;
#7577 = FACE_OUTER_BOUND ( 'NONE', #2680, .T. ) ;
#7578 = VERTEX_POINT ( 'NONE', #2245 ) ;
#7579 = EDGE_LOOP ( 'NONE', ( #8037, #6453, #7382, #613 ) ) ;
#7580 = LINE ( 'NONE', #510, #8570 ) ;
#7581 = EDGE_CURVE ( 'NONE', #2796, #7902, #5064, .T. ) ;
#7582 = CARTESIAN_POINT ( 'NONE',  ( 11.43753026716449739, 7.314268928979184459, -6.001373931894278257 ) ) ;
#7583 = DIRECTION ( 'NONE',  ( 0.000000000000000000, 0.000000000000000000, -1.000000000000000000 ) ) ;
#7584 = CARTESIAN_POINT ( 'NONE',  ( -4.337435186840992607, -3.638228118524015731, -19.57546304045063579 ) ) ;
#7585 = DIRECTION ( 'NONE',  ( -7.045646117813560104E-16, 1.000000000000000000, 1.401122807519728883E-15 ) ) ;
#7586 = CARTESIAN_POINT ( 'NONE',  ( 1.038078751459972526, -13.68527930744345333, -11.28245322482911916 ) ) ;
#7587 = ORIENTED_EDGE ( 'NONE', *, *, #1710, .F. ) ;
#7588 = DIRECTION ( 'NONE',  ( -1.000000000000000000, 0.000000000000000000, 0.000000000000000000 ) ) ;
#7589 = ORIENTED_EDGE ( 'NONE', *, *, #3960, .T. ) ;
#7590 = DIRECTION ( 'NONE',  ( 0.000000000000000000, 0.000000000000000000, -1.000000000000000000 ) ) ;
#7591 = CARTESIAN_POINT ( 'NONE',  ( -11.28941916244310129, 8.250000000000218492, -11.86602540378445170 ) ) ;
#7592 = DIRECTION ( 'NONE',  ( 0.004116801034327649891, 0.7070947970033742980, 0.7071067811865479058 ) ) ;
#7593 = DIRECTION ( 'NONE',  ( -1.000000000000000000, 0.000000000000000000, 0.000000000000000000 ) ) ;
#7594 = CARTESIAN_POINT ( 'NONE',  ( 0.000000000000000000, 0.000000000000000000, 0.000000000000000000 ) ) ;
#7595 = CARTESIAN_POINT ( 'NONE',  ( -16.23268387348523945, 10.53560327575863553, -11.14327739641608161 ) ) ;
#7596 = ORIENTED_EDGE ( 'NONE', *, *, #6963, .T. ) ;
#7597 = DIRECTION ( 'NONE',  ( 0.8660254037844413721, 0.4999999999999952260, 0.000000000000000000 ) ) ;
#7598 = ORIENTED_EDGE ( 'NONE', *, *, #2654, .F. ) ;
#7599 = CARTESIAN_POINT ( 'NONE',  ( -3.420201419254070174, 9.396926212955650115, 0.000000000000000000 ) ) ;
#7600 = CARTESIAN_POINT ( 'NONE',  ( 15.75692404819529635, -2.778370842671110008, 0.000000000000000000 ) ) ;
#7601 = DIRECTION ( 'NONE',  ( 4.420287399571660225E-16, -9.084896606880730372E-16, 1.000000000000000000 ) ) ;
#7602 = CARTESIAN_POINT ( 'NONE',  ( 8.522123762051739604, 3.052751199095999013, -20.14999999999998792 ) ) ;
#7603 = DIRECTION ( 'NONE',  ( -1.000000000000000000, 0.000000000000000000, 0.000000000000000000 ) ) ;
#7604 = CARTESIAN_POINT ( 'NONE',  ( 16.79884389200626060, 10.85351758150342683, -11.00000000000000000 ) ) ;
#7605 = VECTOR ( 'NONE', #1220, 1000.000000000000000 ) ;
#7606 = CIRCLE ( 'NONE', #7313, 13.00000000000000000 ) ;
#7607 = DIRECTION ( 'NONE',  ( 0.6427876096865475786, 0.7660444431189710190, 0.000000000000000000 ) ) ;
#7608 = VERTEX_POINT ( 'NONE', #4409 ) ;
#7609 = ORIENTED_EDGE ( 'NONE', *, *, #8776, .T. ) ;
#7610 = CARTESIAN_POINT ( 'NONE',  ( 3.304013451401196733, -6.437349005212960051, -20.14999999999996660 ) ) ;
#7611 = ORIENTED_EDGE ( 'NONE', *, *, #8189, .F. ) ;
#7612 = CARTESIAN_POINT ( 'NONE',  ( -0.9000437229655825488, 7.091873815152397675, -0.000000000000000000 ) ) ;
#7613 = EDGE_CURVE ( 'NONE', #4367, #7491, #3535, .T. ) ;
#7614 = CYLINDRICAL_SURFACE ( 'NONE', #6895, 13.00000000000000355 ) ;
#7615 = CARTESIAN_POINT ( 'NONE',  ( 3.355202831856556323, -5.378941736605931112, -20.15000000000001279 ) ) ;
#7616 = VECTOR ( 'NONE', #2459, 1000.000000000000000 ) ;
#7617 = CARTESIAN_POINT ( 'NONE',  ( -5.382493388003353196, -4.698029437836310329, -13.14898645150288914 ) ) ;
#7618 = CARTESIAN_POINT ( 'NONE',  ( -3.206299885648517645, 6.384544494062161846, -19.57093224404961518 ) ) ;
#7619 = EDGE_CURVE ( 'NONE', #7208, #4274, #4368, .T. ) ;
#7620 = ORIENTED_EDGE ( 'NONE', *, *, #1920, .F. ) ;
#7621 = CARTESIAN_POINT ( 'NONE',  ( 17.27566926328598385, 8.552958860628180560, -11.66274690377509238 ) ) ;
#7622 = VERTEX_POINT ( 'NONE', #4329 ) ;
#7623 = ORIENTED_EDGE ( 'NONE', *, *, #6486, .F. ) ;
#7624 = DIRECTION ( 'NONE',  ( 1.000000000000000000, 0.000000000000000000, 0.000000000000000000 ) ) ;
#7625 = CIRCLE ( 'NONE', #1726, 17.49999999999999645 ) ;
#7626 = DIRECTION ( 'NONE',  ( 0.000000000000000000, 0.000000000000000000, -1.000000000000000000 ) ) ;
#7627 = CARTESIAN_POINT ( 'NONE',  ( -4.090010451026150129, -2.717058980622938602, -20.15000000000000213 ) ) ;
#7628 = ADVANCED_FACE ( 'NONE', ( #7181 ), #2193, .T. ) ;
#7629 = CARTESIAN_POINT ( 'NONE',  ( -7.157035028388683884, -0.4011613308160409397, -19.57086012093088456 ) ) ;
#7630 = DIRECTION ( 'NONE',  ( 1.000000000000000000, 0.000000000000000000, 0.000000000000000000 ) ) ;
#7631 = CARTESIAN_POINT ( 'NONE',  ( 1.779395352185136225, -14.08072020301367289, -11.98299790006836041 ) ) ;
#7632 = EDGE_CURVE ( 'NONE', #2420, #2240, #3721, .T. ) ;
#7633 = ORIENTED_EDGE ( 'NONE', *, *, #3749, .F. ) ;
#7634 = B_SPLINE_CURVE_WITH_KNOTS ( 'NONE', 3,
 ( #252, #3066, #6624, #2333, #7361, #8152, #8016, #7972 ),
 .UNSPECIFIED., .F., .F.,
 ( 4, 2, 2, 4 ),
 ( 0.000000000000000000, 0.0003911674160651036386, 0.0007823348321302072772, 0.001564669664260410651 ),
 .UNSPECIFIED. ) ;
#7635 = CONICAL_SURFACE ( 'NONE', #2332, 17.50000000000000000, 0.7853981633974482790 ) ;
#7636 = DIRECTION ( 'NONE',  ( -0.9848077530122074652, -0.1736481776669339117, 0.000000000000000000 ) ) ;
#7637 = ORIENTED_EDGE ( 'NONE', *, *, #4581, .T. ) ;
#7638 = CYLINDRICAL_SURFACE ( 'NONE', #6431, 0.9999999999999987788 ) ;
#7639 = CARTESIAN_POINT ( 'NONE',  ( 18.84355630229944012, 9.724631765243044512, -5.800000000000000711 ) ) ;
#7640 = CARTESIAN_POINT ( 'NONE',  ( -0.8365472875675747932, 5.533446233805483949, -19.57570953607973152 ) ) ;
#7641 = AXIS2_PLACEMENT_3D ( 'NONE', #9088, #9140, #2799 ) ;
#7642 = DIRECTION ( 'NONE',  ( 0.9848077530122056888, 0.1736481776669437649, 0.000000000000000000 ) ) ;
#7643 = ADVANCED_FACE ( 'NONE', ( #6534 ), #2990, .T. ) ;
#7644 = DIRECTION ( 'NONE',  ( 1.000000000000000000, 0.000000000000000000, 0.000000000000000000 ) ) ;
#7645 = AXIS2_PLACEMENT_3D ( 'NONE', #5589, #6236, #3515 ) ;
#7646 = ORIENTED_EDGE ( 'NONE', *, *, #6036, .T. ) ;
#7647 = DIRECTION ( 'NONE',  ( 0.000000000000000000, 0.000000000000000000, -1.000000000000000000 ) ) ;
#7648 = VERTEX_POINT ( 'NONE', #8478 ) ;
#7649 = CARTESIAN_POINT ( 'NONE',  ( 0.9999999999998469002, -13.67157287525384923, -6.800000000000000711 ) ) ;
#7650 = B_SPLINE_CURVE_WITH_KNOTS ( 'NONE', 3,
 ( #3566, #51, #2866, #8411, #8462, #1294, #2083, #8364, #6326, #6418 ),
 .UNSPECIFIED., .F., .F.,
 ( 4, 1, 1, 1, 1, 1, 1, 4 ),
 ( 0.4995316833834280157, 0.4999622715754918900, 0.6196864392920053977, 0.7488225048763741398, 0.8044429432168467287, 0.8734323177881442302, 0.9365799731405966000, 1.000000000000000000 ),
 .UNSPECIFIED. ) ;
#7651 = DIRECTION ( 'NONE',  ( 0.9848077530122060219, 0.1736481776669418775, -4.336808689942016750E-16 ) ) ;
#7652 = EDGE_CURVE ( 'NONE', #1247, #605, #7135, .T. ) ;
#7653 = CARTESIAN_POINT ( 'NONE',  ( 8.329158809203043745, 1.877125927581406284, -20.15000000000003766 ) ) ;
#7654 = FACE_OUTER_BOUND ( 'NONE', #5297, .T. ) ;
#7655 = AXIS2_PLACEMENT_3D ( 'NONE', #1615, #8731, #227 ) ;
#7656 = DIRECTION ( 'NONE',  ( 1.070456406326679942E-15, -1.275720267955269872E-15, -1.000000000000000000 ) ) ;
#7657 = VERTEX_POINT ( 'NONE', #7093 ) ;
#7658 = ORIENTED_EDGE ( 'NONE', *, *, #6197, .F. ) ;
#7659 = CARTESIAN_POINT ( 'NONE',  ( -2.503096106821669053, -8.193331055426630982, -20.15000000000001634 ) ) ;
#7660 = CIRCLE ( 'NONE', #877, 1.925000000000449019 ) ;
#7661 = ORIENTED_EDGE ( 'NONE', *, *, #6496, .T. ) ;
#7662 = CARTESIAN_POINT ( 'NONE',  ( 11.26857018343050854, 10.01761744899626549, -0.4999999999999941713 ) ) ;
#7663 = CARTESIAN_POINT ( 'NONE',  ( -8.516691591203567668, 3.218324587595421615, -20.15000000000000213 ) ) ;
#7664 = FACE_OUTER_BOUND ( 'NONE', #6228, .T. ) ;
#7665 = CARTESIAN_POINT ( 'NONE',  ( 3.368907014562466884, -5.225117789435866023, -20.14999999999999503 ) ) ;
#7666 = CARTESIAN_POINT ( 'NONE',  ( -6.970391156674950572, -1.423532130147089791, -13.13740783350430874 ) ) ;
#7667 = CARTESIAN_POINT ( 'NONE',  ( -3.225922278239612861, 6.395777609322472301, -19.57087530783299911 ) ) ;
#7668 = AXIS2_PLACEMENT_3D ( 'NONE', #1767, #5187, #5142 ) ;
#7669 = EDGE_LOOP ( 'NONE', ( #9068, #8825, #1445, #866 ) ) ;
#7670 = DIRECTION ( 'NONE',  ( 1.000000000000000000, 0.000000000000000000, 0.000000000000000000 ) ) ;
#7671 = ORIENTED_EDGE ( 'NONE', *, *, #7652, .F. ) ;
#7672 = ORIENTED_EDGE ( 'NONE', *, *, #3221, .T. ) ;
#7673 = CYLINDRICAL_SURFACE ( 'NONE', #7373, 2.000000000000001776 ) ;
#7674 = CARTESIAN_POINT ( 'NONE',  ( 11.38447104745921479, 7.494924270328708005, -6.184335810359786301 ) ) ;
#7675 = DIRECTION ( 'NONE',  ( -4.440892098500630106E-16, 1.000000000000000000, 0.000000000000000000 ) ) ;
#7676 = CARTESIAN_POINT ( 'NONE',  ( -6.217699152239076099, -1.046397713991997991, -19.57349537508872928 ) ) ;
#7677 = ADVANCED_FACE ( 'NONE', ( #761 ), #3587, .F. ) ;
#7678 = CIRCLE ( 'NONE', #6642, 3.500000000000001332 ) ;
#7679 = CARTESIAN_POINT ( 'NONE',  ( 6.178730361890262479, 6.796211105725490143, -19.56093220122452436 ) ) ;
#7680 = CARTESIAN_POINT ( 'NONE',  ( 11.33992941966018719, 7.701811841411315029, -6.800000000000000711 ) ) ;
#7681 = EDGE_CURVE ( 'NONE', #8218, #1077, #1663, .T. ) ;
#7682 = VERTEX_POINT ( 'NONE', #3942 ) ;
#7683 = CIRCLE ( 'NONE', #5616, 20.00000000000000000 ) ;
#7684 = DIRECTION ( 'NONE',  ( -0.8660254037844415942, -0.4999999999999950595, 0.000000000000000000 ) ) ;
#7685 = UNCERTAINTY_MEASURE_WITH_UNIT (LENGTH_MEASURE( 1.000000000000000082E-05 ), #2306, 'distance_accuracy_value', 'NONE');
#7686 = ADVANCED_FACE ( 'NONE', ( #2458 ), #8146, .T. ) ;
#7687 = ORIENTED_EDGE ( 'NONE', *, *, #2276, .T. ) ;
#7688 = DIRECTION ( 'NONE',  ( -1.000000000000000000, 0.000000000000000000, 0.000000000000000000 ) ) ;
#7689 = CARTESIAN_POINT ( 'NONE',  ( -3.233193268264179743, 6.399958609918928509, -19.57085358693101540 ) ) ;
#7690 = CIRCLE ( 'NONE', #4592, 0.9999999999999715783 ) ;
#7691 = DIRECTION ( 'NONE',  ( 0.000000000000000000, 0.000000000000000000, 1.000000000000000000 ) ) ;
#7692 = CARTESIAN_POINT ( 'NONE',  ( -3.332166807543460951, -5.918813530069411577, -20.14999999999999858 ) ) ;
#7693 = EDGE_CURVE ( 'NONE', #7648, #6745, #4730, .T. ) ;
#7694 = DIRECTION ( 'NONE',  ( -1.000000000000000000, 0.000000000000000000, 0.000000000000000000 ) ) ;
#7695 = AXIS2_PLACEMENT_3D ( 'NONE', #8567, #8469, #2183 ) ;
#7696 = AXIS2_PLACEMENT_3D ( 'NONE', #8549, #2217, #7857 ) ;
#7697 = B_SPLINE_CURVE_WITH_KNOTS ( 'NONE', 1,
 ( #2553, #5376 ),
 .UNSPECIFIED., .F., .F.,
 ( 2, 2 ),
 ( 0.000000000000000000, 1.000000000000000000 ),
 .UNSPECIFIED. ) ;
#7698 = EDGE_CURVE ( 'NONE', #1973, #283, #8100, .T. ) ;
#7699 = ORIENTED_EDGE ( 'NONE', *, *, #7798, .F. ) ;
#7700 = DIRECTION ( 'NONE',  ( -0.000000000000000000, -0.000000000000000000, 1.000000000000000000 ) ) ;
#7701 = ORIENTED_EDGE ( 'NONE', *, *, #5370, .F. ) ;
#7702 = CARTESIAN_POINT ( 'NONE',  ( -6.698291068069404552, 6.656428083034164445, -19.55942914575883051 ) ) ;
#7703 = CARTESIAN_POINT ( 'NONE',  ( -10.28460175498480211, -12.25671108990349900, 0.000000000000000000 ) ) ;
#7704 = CARTESIAN_POINT ( 'NONE',  ( 3.234122568066576608, 6.400493083177551057, -19.57085013203226254 ) ) ;
#7705 = CARTESIAN_POINT ( 'NONE',  ( 8.863269771934758623, -1.562833628352049864, 3.999999999999949818 ) ) ;
#7706 = CIRCLE ( 'NONE', #3584, 0.8999999999999998002 ) ;
#7707 = AXIS2_PLACEMENT_3D ( 'NONE', #8713, #5290, #6627 ) ;
#7708 = CARTESIAN_POINT ( 'NONE',  ( 9.159339953157539881E-15, 9.769962616701378818E-14, 3.999999999999929834 ) ) ;
#7709 = VERTEX_POINT ( 'NONE', #5281 ) ;
#7710 = ORIENTED_EDGE ( 'NONE', *, *, #2421, .F. ) ;
#7711 = CARTESIAN_POINT ( 'NONE',  ( -1.324866985626068194, -9.051015307730530424, -20.14999999999998792 ) ) ;
#7712 = AXIS2_PLACEMENT_3D ( 'NONE', #7639, #1965, #3390 ) ;
#7713 = VERTEX_POINT ( 'NONE', #7403 ) ;
#7714 = CARTESIAN_POINT ( 'NONE',  ( 10.34124277767826250, 7.600049091223077369, -11.81918633020623766 ) ) ;
#7715 = CARTESIAN_POINT ( 'NONE',  ( -5.518707828083322831, 6.314088633484927549, -20.14999999999999858 ) ) ;
#7716 = DIRECTION ( 'NONE',  ( -1.000000000000000000, 0.000000000000000000, 0.000000000000000000 ) ) ;
#7717 = CARTESIAN_POINT ( 'NONE',  ( 4.860641496307685827, -1.560204132046583814, -20.14999999999999858 ) ) ;
#7718 = CARTESIAN_POINT ( 'NONE',  ( -8.304707109460865766, 5.386807539399665501, -19.55635999725263474 ) ) ;
#7719 = CARTESIAN_POINT ( 'NONE',  ( 4.690220843757721525, 5.373037668184395876, 0.000000000000000000 ) ) ;
#7720 = CARTESIAN_POINT ( 'NONE',  ( -3.076320537476320727, 6.312023215930780751, -19.57130358418086402 ) ) ;
#7721 = AXIS2_PLACEMENT_3D ( 'NONE', #7376, #1045, #3880 ) ;
#7722 = DIRECTION ( 'NONE',  ( -0.6985411031163081264, 0.1097284250185474180, 0.7071067811865477948 ) ) ;
#7723 = ORIENTED_EDGE ( 'NONE', *, *, #8720, .T. ) ;
#7724 = VERTEX_POINT ( 'NONE', #6663 ) ;
#7725 = DIRECTION ( 'NONE',  ( -0.5000000000000003331, -0.8660254037844383745, 0.000000000000000000 ) ) ;
#7726 = LINE ( 'NONE', #7168, #6198 ) ;
#7727 = CARTESIAN_POINT ( 'NONE',  ( -0.7987644770927502247, -12.57945448785692655, -6.184510115453710988 ) ) ;
#7728 = CARTESIAN_POINT ( 'NONE',  ( -6.859263690699209270, 0.1127083137334621843, -20.15000000000001634 ) ) ;
#7729 = CARTESIAN_POINT ( 'NONE',  ( 8.863269771934758623, -1.562833628352049864, 3.999999999999949818 ) ) ;
#7730 = CARTESIAN_POINT ( 'NONE',  ( -8.522158636587501945, 2.890818270288116665, -20.14999999999999858 ) ) ;
#7731 = CARTESIAN_POINT ( 'NONE',  ( -5.382493388003353196, -4.698029437836310329, -13.14898645150288914 ) ) ;
#7732 = VERTEX_POINT ( 'NONE', #5873 ) ;
#7733 = DIRECTION ( 'NONE',  ( -0.9848077530122063550, 0.1736481776669401289, 0.000000000000000000 ) ) ;
#7734 = EDGE_LOOP ( 'NONE', ( #8365, #2271, #7338, #553, #5399, #133, #2431, #1295, #822 ) ) ;
#7735 = CARTESIAN_POINT ( 'NONE',  ( -2.220446049250309925E-15, -6.661338147750940031E-15, 3.999999999999929834 ) ) ;
#7736 = CARTESIAN_POINT ( 'NONE',  ( -3.925928322759019373, -6.001078841409029252, -19.57085013206744861 ) ) ;
#7737 = CARTESIAN_POINT ( 'NONE',  ( 3.929886908448644078, -5.747900197701574676, -19.57148127077748967 ) ) ;
#7738 = EDGE_CURVE ( 'NONE', #8353, #3274, #7355, .T. ) ;
#7739 = DIRECTION ( 'NONE',  ( 0.000000000000000000, 0.000000000000000000, 1.000000000000000000 ) ) ;
#7740 = DIRECTION ( 'NONE',  ( -0.000000000000000000, -0.000000000000000000, 1.000000000000000000 ) ) ;
#7741 = LINE ( 'NONE', #857, #7357 ) ;
#7742 = EDGE_CURVE ( 'NONE', #1535, #7709, #8609, .T. ) ;
#7743 = ORIENTED_EDGE ( 'NONE', *, *, #118, .F. ) ;
#7744 = CARTESIAN_POINT ( 'NONE',  ( 8.653219461112831468, 4.846498506296445186, -19.55622851354443625 ) ) ;
#7745 = ORIENTED_EDGE ( 'NONE', *, *, #6903, .T. ) ;
#7746 = CARTESIAN_POINT ( 'NONE',  ( -8.817942342493106267, 1.474083027347440344, -19.56239929459934501 ) ) ;
#7747 = EDGE_CURVE ( 'NONE', #2353, #5096, #1812, .T. ) ;
#7748 = DIRECTION ( 'NONE',  ( -0.9848077530122063550, 0.1736481776669399346, 0.000000000000000000 ) ) ;
#7749 = CARTESIAN_POINT ( 'NONE',  ( 8.131595242191082207, 1.427379616433656961, -20.15000000000005187 ) ) ;
#7750 = CARTESIAN_POINT ( 'NONE',  ( 16.04136439723816565, 10.68794414934339088, -11.65858465371689334 ) ) ;
#7751 = EDGE_CURVE ( 'NONE', #3078, #7648, #5328, .T. ) ;
#7752 = CARTESIAN_POINT ( 'NONE',  ( -8.999026535611712063, -10.72462220366560182, 3.999999999999949818 ) ) ;
#7753 = ORIENTED_EDGE ( 'NONE', *, *, #7447, .F. ) ;
#7754 = ORIENTED_EDGE ( 'NONE', *, *, #2226, .F. ) ;
#7755 = CARTESIAN_POINT ( 'NONE',  ( -3.331846427375540376, -6.109047775426807547, -20.14999999999996660 ) ) ;
#7756 = ORIENTED_EDGE ( 'NONE', *, *, #6139, .F. ) ;
#7757 = CARTESIAN_POINT ( 'NONE',  ( 6.879111083775850060E-15, 1.407706387491899987E-15, 3.999999999999929834 ) ) ;
#7758 = CARTESIAN_POINT ( 'NONE',  ( -3.529361253884786720, 5.885163202879862610, -20.14999999999999858 ) ) ;
#7759 = CARTESIAN_POINT ( 'NONE',  ( -16.88749537379639776, 9.750000000000248690, -5.800000000000000711 ) ) ;
#7760 = CARTESIAN_POINT ( 'NONE',  ( 4.168954031452521747, -2.580732611425226697, -20.15000000000003766 ) ) ;
#7761 = CARTESIAN_POINT ( 'NONE',  ( -6.984925126370088222, 6.488588594828225808, -19.55877120673263292 ) ) ;
#7762 = CARTESIAN_POINT ( 'NONE',  ( 3.743519302641509228, 6.071213333782046639, 0.000000000000000000 ) ) ;
#7763 = CARTESIAN_POINT ( 'NONE',  ( 1.069669880864080547, 4.988124667004830037, -20.14999999999999858 ) ) ;
#7764 = AXIS2_PLACEMENT_3D ( 'NONE', #1358, #4181, #6991 ) ;
#7765 = EDGE_CURVE ( 'NONE', #6387, #6646, #8752, .T. ) ;
#7766 = VECTOR ( 'NONE', #5115, 1000.000000000000114 ) ;
#7767 = ORIENTED_EDGE ( 'NONE', *, *, #179, .F. ) ;
#7768 = DIRECTION ( 'NONE',  ( 0.000000000000000000, 0.000000000000000000, -1.000000000000000000 ) ) ;
#7769 = VERTEX_POINT ( 'NONE', #7445 ) ;
#7770 = VERTEX_POINT ( 'NONE', #1113 ) ;
#7771 = CYLINDRICAL_SURFACE ( 'NONE', #2949, 16.00000000000000355 ) ;
#7772 = FACE_OUTER_BOUND ( 'NONE', #7110, .T. ) ;
#7773 = CARTESIAN_POINT ( 'NONE',  ( -0.9731834663517477946, -12.61985114633719363, -6.535729740641970764 ) ) ;
#7774 = CIRCLE ( 'NONE', #839, 0.9000000000000014655 ) ;
#7775 = CARTESIAN_POINT ( 'NONE',  ( -3.930249934608459395, -5.748296329353173029, -19.57148075980792612 ) ) ;
#7776 = CARTESIAN_POINT ( 'NONE',  ( -14.54243542906768560, 4.757323924375056023, -0.4857176928735010280 ) ) ;
#7777 = CARTESIAN_POINT ( 'NONE',  ( -8.201197805468362745, 4.423997287100848830, -20.15000000000000213 ) ) ;
#7778 = CARTESIAN_POINT ( 'NONE',  ( -6.226357832181170338, 6.894323926026891591, -12.72851464022894596 ) ) ;
#7779 = CIRCLE ( 'NONE', #989, 1.999999999999999112 ) ;
#7780 = ORIENTED_EDGE ( 'NONE', *, *, #8349, .F. ) ;
#7781 = DIRECTION ( 'NONE',  ( 0.000000000000000000, 0.000000000000000000, -1.000000000000000000 ) ) ;
#7782 = LINE ( 'NONE', #3581, #5454 ) ;
#7783 = ORIENTED_EDGE ( 'NONE', *, *, #575, .F. ) ;
#7784 = CARTESIAN_POINT ( 'NONE',  ( 3.762221576582220006, 10.33661882864500114, 2.000000000000000000 ) ) ;
#7785 = DIRECTION ( 'NONE',  ( 0.000000000000000000, 0.000000000000000000, 1.000000000000000000 ) ) ;
#7786 = CARTESIAN_POINT ( 'NONE',  ( 3.940950692153356805, -5.497901465745184346, -19.57208751643819511 ) ) ;
#7787 = CARTESIAN_POINT ( 'NONE',  ( -2.889260840254598506, -7.666953151954111867, -20.15000000000000568 ) ) ;
#7788 = DIRECTION ( 'NONE',  ( 1.000000000000000000, 0.000000000000000000, 0.000000000000000000 ) ) ;
#7789 = CARTESIAN_POINT ( 'NONE',  ( -2.620126338115370445E-13, -16.50000000000000000, -12.00000000000000000 ) ) ;
#7790 = VECTOR ( 'NONE', #8176, 1000.000000000000000 ) ;
#7791 = DIRECTION ( 'NONE',  ( 1.255437684556219954E-15, -8.786314623311770351E-16, -1.000000000000000000 ) ) ;
#7792 = EDGE_CURVE ( 'NONE', #2715, #5076, #335, .T. ) ;
#7793 = ORIENTED_EDGE ( 'NONE', *, *, #2849, .F. ) ;
#7794 = CARTESIAN_POINT ( 'NONE',  ( -1.137151131929323267, -12.66463092402333501, -11.52340681311383186 ) ) ;
#7795 = AXIS2_PLACEMENT_3D ( 'NONE', #6353, #9044, #2748 ) ;
#7796 = ORIENTED_EDGE ( 'NONE', *, *, #1298, .F. ) ;
#7797 = CARTESIAN_POINT ( 'NONE',  ( -1.000000000000143219, -12.62701665379255367, -11.00000000000000000 ) ) ;
#7798 = EDGE_CURVE ( 'NONE', #2704, #479, #7270, .T. ) ;
#7799 = CARTESIAN_POINT ( 'NONE',  ( -1.399215878724294847E-14, 1.438832252988549540E-28, -5.800000000000000711 ) ) ;
#7800 = CARTESIAN_POINT ( 'NONE',  ( 6.460250242551912159, 6.711971410193340759, -19.56013443289625897 ) ) ;
#7801 = DIRECTION ( 'NONE',  ( -0.9912763601476048958, 0.1317997640836880147, 0.000000000000000000 ) ) ;
#7802 = AXIS2_PLACEMENT_3D ( 'NONE', #1995, #6744, #7527 ) ;
#7803 = EDGE_CURVE ( 'NONE', #4891, #7576, #8483, .T. ) ;
#7804 = FACE_BOUND ( 'NONE', #6154, .T. ) ;
#7805 = ORIENTED_EDGE ( 'NONE', *, *, #2174, .F. ) ;
#7806 = CARTESIAN_POINT ( 'NONE',  ( -3.033507592029558442, -7.373351411136787270, -20.14999999999998437 ) ) ;
#7807 = VERTEX_POINT ( 'NONE', #3768 ) ;
#7808 = FACE_OUTER_BOUND ( 'NONE', #3166, .T. ) ;
#7809 = CARTESIAN_POINT ( 'NONE',  ( -4.976718769476372373, 6.329134106777296154, -20.15000000000000213 ) ) ;
#7810 = DIRECTION ( 'NONE',  ( -0.000000000000000000, -0.000000000000000000, -1.000000000000000000 ) ) ;
#7811 = CARTESIAN_POINT ( 'NONE',  ( 3.962933957039426858, -2.992575584543264000, -20.14999999999995595 ) ) ;
#7812 = AXIS2_PLACEMENT_3D ( 'NONE', #964, #2352, #7992 ) ;
#7813 = CARTESIAN_POINT ( 'NONE',  ( -9.105242926137263382, 3.289810337111273686, -19.55781531636079862 ) ) ;
#7814 = CARTESIAN_POINT ( 'NONE',  ( -1.688143834696611778, 5.653079883399032113, -20.15000000000001634 ) ) ;
#7815 = CARTESIAN_POINT ( 'NONE',  ( 3.292050309448333767, 5.753662281215508045, -20.15000000000001990 ) ) ;
#7816 = EDGE_CURVE ( 'NONE', #2706, #8768, #5351, .T. ) ;
#7817 = ORIENTED_EDGE ( 'NONE', *, *, #1292, .T. ) ;
#7818 = CARTESIAN_POINT ( 'NONE',  ( 8.614191057054840783, -14.77178771958750580, 2.000000000000000000 ) ) ;
#7819 = VECTOR ( 'NONE', #898, 1000.000000000000000 ) ;
#7820 = ORIENTED_EDGE ( 'NONE', *, *, #5181, .F. ) ;
#7821 = ORIENTED_EDGE ( 'NONE', *, *, #5355, .F. ) ;
#7822 = CARTESIAN_POINT ( 'NONE',  ( 12.16995148226697410, 4.854873082171327958, -12.00000000000000000 ) ) ;
#7823 = DIRECTION ( 'NONE',  ( -4.440892098500630106E-16, 1.000000000000000000, 0.000000000000000000 ) ) ;
#7824 = DIRECTION ( 'NONE',  ( 0.000000000000000000, 0.000000000000000000, -1.000000000000000000 ) ) ;
#7825 = ADVANCED_FACE ( 'NONE', ( #5464 ), #6148, .T. ) ;
#7826 = CARTESIAN_POINT ( 'NONE',  ( -6.694141900192439820, 0.01452540993238761978, -20.14999999999998792 ) ) ;
#7827 = DIRECTION ( 'NONE',  ( 0.8660254037844333785, -0.5000000000000093259, 0.000000000000000000 ) ) ;
#7828 = CARTESIAN_POINT ( 'NONE',  ( -8.229172819133834693, 1.625919063426277678, -20.14999999999994884 ) ) ;
#7829 = CARTESIAN_POINT ( 'NONE',  ( 2.736724009889446307, 6.112247956945915384, -12.76259216649566675 ) ) ;
#7830 = AXIS2_PLACEMENT_3D ( 'NONE', #2454, #3017, #8658 ) ;
#7831 = EDGE_LOOP ( 'NONE', ( #1390, #2716, #3439, #7754 ) ) ;
#7832 = CARTESIAN_POINT ( 'NONE',  ( -5.196152422706641794, 3.000000000000417000, -13.14999999999999858 ) ) ;
#7833 = CARTESIAN_POINT ( 'NONE',  ( 7.863013317888466247, 0.6107549121435722483, 3.999999999999949818 ) ) ;
#7834 = CIRCLE ( 'NONE', #6498, 18.00000000000000000 ) ;
#7835 = ORIENTED_EDGE ( 'NONE', *, *, #1592, .F. ) ;
#7836 = CARTESIAN_POINT ( 'NONE',  ( -18.12500191650081760, 8.458975860517636391, -12.00000000000000533 ) ) ;
#7837 = CARTESIAN_POINT ( 'NONE',  ( 3.817899848635626814, -7.038087732391874241, -19.56737918686314259 ) ) ;
#7838 = CARTESIAN_POINT ( 'NONE',  ( 17.37934771122550259, 4.685965549630183524, 0.000000000000000000 ) ) ;
#7839 = B_SPLINE_CURVE_WITH_KNOTS ( 'NONE', 3,
 ( #6016, #1033, #1685, #8062, #3867, #4683, #7496, #8802 ),
 .UNSPECIFIED., .F., .F.,
 ( 4, 2, 2, 4 ),
 ( 0.000000000000000000, 0.0003911702924756612406, 0.0007823405849513224812, 0.001564681169902647998 ),
 .UNSPECIFIED. ) ;
#7840 = CYLINDRICAL_SURFACE ( 'NONE', #3346, 0.9999999999999855671 ) ;
#7841 = DIRECTION ( 'NONE',  ( 0.000000000000000000, 0.000000000000000000, -1.000000000000000000 ) ) ;
#7842 = CIRCLE ( 'NONE', #8579, 1.600000000000000089 ) ;
#7843 = DIRECTION ( 'NONE',  ( 1.000000000000000000, 7.709882115452477378E-15, 0.000000000000000000 ) ) ;
#7844 = VERTEX_POINT ( 'NONE', #9023 ) ;
#7845 = DIRECTION ( 'NONE',  ( 0.000000000000000000, 0.000000000000000000, -1.000000000000000000 ) ) ;
#7846 = CIRCLE ( 'NONE', #3854, 1.925000000000449019 ) ;
#7847 = LINE ( 'NONE', #1325, #3814 ) ;
#7848 = LINE ( 'NONE', #7799, #7547 ) ;
#7849 = CARTESIAN_POINT ( 'NONE',  ( 6.337913161042151522, 6.751652316554493716, -19.56047525059342007 ) ) ;
#7850 = FACE_OUTER_BOUND ( 'NONE', #5532, .T. ) ;
#7851 = AXIS2_PLACEMENT_3D ( 'NONE', #1423, #5763, #8499 ) ;
#7852 = CARTESIAN_POINT ( 'NONE',  ( -16.51038032566408376, 4.451667272149204102, 0.000000000000000000 ) ) ;
#7853 = EDGE_LOOP ( 'NONE', ( #1402, #3076, #2039, #5848 ) ) ;
#7854 = ORIENTED_EDGE ( 'NONE', *, *, #701, .F. ) ;
#7855 = CARTESIAN_POINT ( 'NONE',  ( -2.392340745444534011, -8.313360581768126423, -20.15000000000000568 ) ) ;
#7856 = VERTEX_POINT ( 'NONE', #2732 ) ;
#7857 = DIRECTION ( 'NONE',  ( 1.000000000000000000, -1.040834085586084257E-14, 0.000000000000000000 ) ) ;
#7858 = DIRECTION ( 'NONE',  ( -1.000000000000000000, 0.000000000000000000, 0.000000000000000000 ) ) ;
#7859 = CIRCLE ( 'NONE', #2385, 20.00000000000000000 ) ;
#7860 = CARTESIAN_POINT ( 'NONE',  ( 4.960808035960196705, -1.440607458320868783, -20.14999999999999858 ) ) ;
#7861 = ADVANCED_FACE ( 'NONE', ( #2641 ), #4765, .F. ) ;
#7862 = CARTESIAN_POINT ( 'NONE',  ( 4.654863946768686311, 6.990447065021315076, -12.75466970261521205 ) ) ;
#7863 = B_SPLINE_CURVE_WITH_KNOTS ( 'NONE', 3,
 ( #811, #1676, #1070, #3899, #3193, #3808, #4336, #1110, #3150, #8534 ),
 .UNSPECIFIED., .F., .F.,
 ( 4, 2, 2, 2, 4 ),
 ( 0.000000000000000000, 0.0004086887539402278362, 0.0008173775078804556725, 0.001226066261820683454, 0.001634755015760911345 ),
 .UNSPECIFIED. ) ;
#7864 = CARTESIAN_POINT ( 'NONE',  ( 3.343334407568753441, 5.781259154578615167, -20.14999999999999503 ) ) ;
#7865 = ADVANCED_FACE ( 'NONE', ( #1303 ), #562, .F. ) ;
#7866 = AXIS2_PLACEMENT_3D ( 'NONE', #8256, #5395, #7603 ) ;
#7867 = ORIENTED_EDGE ( 'NONE', *, *, #900, .T. ) ;
#7868 = DIRECTION ( 'NONE',  ( -0.8660254037844413721, -0.4999999999999952260, -0.000000000000000000 ) ) ;
#7869 = ORIENTED_EDGE ( 'NONE', *, *, #7298, .F. ) ;
#7870 = ORIENTED_EDGE ( 'NONE', *, *, #7872, .T. ) ;
#7871 = DIRECTION ( 'NONE',  ( 0.000000000000000000, 0.000000000000000000, 1.000000000000000000 ) ) ;
#7872 = EDGE_CURVE ( 'NONE', #5901, #5637, #5936, .T. ) ;
#7873 = CARTESIAN_POINT ( 'NONE',  ( 0.000000000000000000, 0.000000000000000000, 2.000000000000000000 ) ) ;
#7874 = CARTESIAN_POINT ( 'NONE',  ( -0.2627200269155213763, -12.50678851608854814, -5.826282313059323315 ) ) ;
#7875 = CARTESIAN_POINT ( 'NONE',  ( -3.927078772376185078, -5.874234300302688006, -19.57116945577041633 ) ) ;
#7876 = CARTESIAN_POINT ( 'NONE',  ( -12.46324683776450470, 5.869024281844787971, -11.54360123813061989 ) ) ;
#7877 = CARTESIAN_POINT ( 'NONE',  ( -8.459895357326370657, 2.352338830310801931, -20.15000000000001279 ) ) ;
#7878 = EDGE_CURVE ( 'NONE', #4605, #8476, #216, .T. ) ;
#7879 = CARTESIAN_POINT ( 'NONE',  ( 3.672108048166238259, 6.652292183240776424, -12.76296664562477368 ) ) ;
#7880 = EDGE_CURVE ( 'NONE', #9087, #2543, #190, .T. ) ;
#7881 = ORIENTED_EDGE ( 'NONE', *, *, #3249, .F. ) ;
#7882 = FACE_BOUND ( 'NONE', #3694, .T. ) ;
#7883 = CARTESIAN_POINT ( 'NONE',  ( -17.23890890522627473, 8.798188158588908792, -3.000000000000000888 ) ) ;
#7884 = CARTESIAN_POINT ( 'NONE',  ( 16.30012398138549656, 2.560460542844098519, -12.00000000000000000 ) ) ;
#7885 = DIRECTION ( 'NONE',  ( 1.028313268071524818E-14, 1.000000000000000000, -0.000000000000000000 ) ) ;
#7886 = DIRECTION ( 'NONE',  ( -0.7071067811865549002, 0.000000000000000000, -0.7071067811865401342 ) ) ;
#7887 = CARTESIAN_POINT ( 'NONE',  ( 3.171001309436810800, 6.364535676132917708, -19.57103363773331495 ) ) ;
#7888 = DIRECTION ( 'NONE',  ( -0.5000000000000003331, -0.8660254037844383745, 0.000000000000000000 ) ) ;
#7889 = ORIENTED_EDGE ( 'NONE', *, *, #2672, .T. ) ;
#7890 = LINE ( 'NONE', #3024, #4997 ) ;
#7891 = CARTESIAN_POINT ( 'NONE',  ( 7.087094034895882189, -0.5839333955071381865, -13.13702413388799961 ) ) ;
#7892 = CARTESIAN_POINT ( 'NONE',  ( 8.888480970897857603, 1.677284991620612287, -19.56176595661990802 ) ) ;
#7893 = CARTESIAN_POINT ( 'NONE',  ( 16.11459289285735252, 10.63175559947523574, -11.54561543566216564 ) ) ;
#7894 = DIRECTION ( 'NONE',  ( -1.007789495209960108E-15, 7.143671233830538904E-17, 1.000000000000000000 ) ) ;
#7895 = EDGE_LOOP ( 'NONE', ( #719, #6084, #3494, #6513 ) ) ;
#7896 = CARTESIAN_POINT ( 'NONE',  ( -1.735196867490123696, -9.515283362081753182, -19.55787644633918632 ) ) ;
#7897 = EDGE_LOOP ( 'NONE', ( #1067, #5360, #7091, #5083 ) ) ;
#7898 = CARTESIAN_POINT ( 'NONE',  ( 6.861108679705373525, 0.1137768307301126047, -20.14999999999999858 ) ) ;
#7899 = CARTESIAN_POINT ( 'NONE',  ( -7.681055775531534735, 6.031719941882851543, -19.55725178886106264 ) ) ;
#7900 = CARTESIAN_POINT ( 'NONE',  ( 3.672108048166238259, 6.652292183240776424, -20.14999999999999858 ) ) ;
#7901 = CARTESIAN_POINT ( 'NONE',  ( -1.232503073064914467, 5.016432838693092755, -20.14999999999999503 ) ) ;
#7902 = VERTEX_POINT ( 'NONE', #4083 ) ;
#7903 = CARTESIAN_POINT ( 'NONE',  ( -11.81769303614649935, -2.083778132003309747, 0.000000000000000000 ) ) ;
#7904 = EDGE_LOOP ( 'NONE', ( #642, #1994, #1970, #2533, #5521 ) ) ;
#7905 = ORIENTED_EDGE ( 'NONE', *, *, #752, .F. ) ;
#7906 = DIRECTION ( 'NONE',  ( 0.5000000000000108802, 0.8660254037844323793, 0.000000000000000000 ) ) ;
#7907 = EDGE_CURVE ( 'NONE', #2061, #8683, #6533, .T. ) ;
#7908 = B_SPLINE_CURVE_WITH_KNOTS ( 'NONE', 3,
 ( #5307, #8866, #2350, #5853, #8729, #1659, #4479, #2395 ),
 .UNSPECIFIED., .F., .F.,
 ( 4, 2, 2, 4 ),
 ( 0.000000000000000000, 0.0003911702924756621622, 0.0007823405849513243243, 0.001564681169902648649 ),
 .UNSPECIFIED. ) ;
#7909 = DIRECTION ( 'NONE',  ( -0.7071067811865464625, 0.000000000000000000, -0.7071067811865486830 ) ) ;
#7910 = CARTESIAN_POINT ( 'NONE',  ( 1.178669125964988342E-28, 6.268901968980452702E-29, 0.000000000000000000 ) ) ;
#7911 = CARTESIAN_POINT ( 'NONE',  ( -3.925953202105222584, -5.988228484059258783, -19.57088385487956472 ) ) ;
#7912 = CARTESIAN_POINT ( 'NONE',  ( -9.641814145298260641, -11.49066664678460015, 3.999999999999949818 ) ) ;
#7913 = AXIS2_PLACEMENT_3D ( 'NONE', #6155, #4825, #2648 ) ;
#7914 = CARTESIAN_POINT ( 'NONE',  ( -8.514979989790141701, 3.218273561539780392, -20.14999999999998082 ) ) ;
#7915 = CARTESIAN_POINT ( 'NONE',  ( 5.506847901919146970, 4.532280608603194594, 0.000000000000000000 ) ) ;
#7916 = ORIENTED_EDGE ( 'NONE', *, *, #2668, .T. ) ;
#7917 = CARTESIAN_POINT ( 'NONE',  ( -5.879838824723699657E-14, -6.247121179714789605E-14, 0.000000000000000000 ) ) ;
#7918 = DIRECTION ( 'NONE',  ( 0.8660254037844413721, 0.4999999999999952260, 0.000000000000000000 ) ) ;
#7919 = AXIS2_PLACEMENT_3D ( 'NONE', #1981, #4794, #680 ) ;
#7920 = EDGE_CURVE ( 'NONE', #2376, #7928, #6675, .T. ) ;
#7921 = ORIENTED_EDGE ( 'NONE', *, *, #6310, .F. ) ;
#7922 = CARTESIAN_POINT ( 'NONE',  ( 10.25908169704557515, -13.77170992279475925, -0.3271102110858233325 ) ) ;
#7923 = CARTESIAN_POINT ( 'NONE',  ( 3.132509702971331134, -8.373427515507035679, -19.56239997523423568 ) ) ;
#7924 = CARTESIAN_POINT ( 'NONE',  ( 1.938401672226496508, -8.705268676622262447, -20.15000000000000213 ) ) ;
#7925 = CARTESIAN_POINT ( 'NONE',  ( 3.222991644493650387, 6.394095583670945437, -19.57088375381086820 ) ) ;
#7926 = AXIS2_PLACEMENT_3D ( 'NONE', #425, #3245, #6055 ) ;
#7927 = LINE ( 'NONE', #5746, #2794 ) ;
#7928 = VERTEX_POINT ( 'NONE', #2001 ) ;
#7929 = AXIS2_PLACEMENT_3D ( 'NONE', #4412, #5922, #4456 ) ;
#7930 = B_SPLINE_CURVE_WITH_KNOTS ( 'NONE', 3,
 ( #1225, #6432, #7595, #3580, #8335, #8991, #847, #6388, #1268, #2012, #157, #2879 ),
 .UNSPECIFIED., .F., .F.,
 ( 4, 2, 2, 2, 2, 4 ),
 ( 0.000000000000000000, 0.0002139270937463348188, 0.0004278541874926696377, 0.0008557083749853425280, 0.001283562562478015364, 0.001711416749970692645 ),
 .UNSPECIFIED. ) ;
#7931 = DIRECTION ( 'NONE',  ( 1.000000000000000000, 0.000000000000000000, 0.000000000000000000 ) ) ;
#7932 = EDGE_CURVE ( 'NONE', #6001, #6417, #4518, .T. ) ;
#7933 = CARTESIAN_POINT ( 'NONE',  ( 5.739782705994668000, -1.364564495610245176, -12.75101354849712898 ) ) ;
#7934 = CARTESIAN_POINT ( 'NONE',  ( 9.097661544715416326, 3.382059232806444715, -19.55765400560252587 ) ) ;
#7935 = CARTESIAN_POINT ( 'NONE',  ( -3.475686976583116650, -14.52020202020196571, -12.00000000000000000 ) ) ;
#7936 = AXIS2_PLACEMENT_3D ( 'NONE', #824, #4205, #687 ) ;
#7937 = ORIENTED_EDGE ( 'NONE', *, *, #2470, .F. ) ;
#7938 = CARTESIAN_POINT ( 'NONE',  ( 2.385919683046479278, -9.113303824132033881, -19.55948976040455634 ) ) ;
#7939 = ORIENTED_EDGE ( 'NONE', *, *, #8344, .F. ) ;
#7940 = CARTESIAN_POINT ( 'NONE',  ( -14.28941916244309951, 8.250000000000220268, 4.000000000000000000 ) ) ;
#7941 = PRESENTATION_STYLE_ASSIGNMENT (( #6682 ) ) ;
#7942 = CARTESIAN_POINT ( 'NONE',  ( -5.577631464204710454, 6.903827511128527661, -19.56274506771027077 ) ) ;
#7943 = CYLINDRICAL_SURFACE ( 'NONE', #8888, 1.000000000000000000 ) ;
#7944 = CIRCLE ( 'NONE', #6904, 4.000000000000000888 ) ;
#7945 = CARTESIAN_POINT ( 'NONE',  ( -1.001804096207225214, 4.977192675491384222, -20.14999999999998437 ) ) ;
#7946 = ORIENTED_EDGE ( 'NONE', *, *, #5870, .T. ) ;
#7947 = CYLINDRICAL_SURFACE ( 'NONE', #2347, 20.00000000000000000 ) ;
#7948 = ORIENTED_EDGE ( 'NONE', *, *, #2315, .F. ) ;
#7949 = ORIENTED_EDGE ( 'NONE', *, *, #760, .T. ) ;
#7950 = CARTESIAN_POINT ( 'NONE',  ( 9.159339953157539881E-15, 9.769962616701378818E-14, 4.000000000000000000 ) ) ;
#7951 = CARTESIAN_POINT ( 'NONE',  ( 16.82095249432061124, 9.865255648134306554, -5.800000000000000711 ) ) ;
#7952 = CARTESIAN_POINT ( 'NONE',  ( -3.078181261925899914, 8.457233597266229808, 3.999999999999949818 ) ) ;
#7953 = CARTESIAN_POINT ( 'NONE',  ( -3.767859993037959931, -3.465954206208464949, -20.15000000000000213 ) ) ;
#7954 = CARTESIAN_POINT ( 'NONE',  ( 3.926557571072172959, -5.909581402658060867, -19.57108066795645840 ) ) ;
#7955 = CARTESIAN_POINT ( 'NONE',  ( -7.766019489345445947, 5.110357199667635797, -20.14999999999999858 ) ) ;
#7956 = CARTESIAN_POINT ( 'NONE',  ( 3.672108048166238259, 6.652292183240776424, -20.14999999999999858 ) ) ;
#7957 = AXIS2_PLACEMENT_3D ( 'NONE', #4830, #6733, #6161 ) ;
#7958 = ORIENTED_EDGE ( 'NONE', *, *, #3222, .F. ) ;
#7959 = CARTESIAN_POINT ( 'NONE',  ( 14.28941916244338017, 8.249999999999765521, -0.4999999999999941713 ) ) ;
#7960 = CARTESIAN_POINT ( 'NONE',  ( -0.5230395655106974129, -19.99401022860062582, -5.908695657673545654 ) ) ;
#7961 = ADVANCED_FACE ( 'NONE', ( #2825 ), #3666, .T. ) ;
#7962 = VERTEX_POINT ( 'NONE', #3524 ) ;
#7963 = CARTESIAN_POINT ( 'NONE',  ( 10.82531754730553075, 6.249999999999929834, -5.800000000000000711 ) ) ;
#7964 = AXIS2_PLACEMENT_3D ( 'NONE', #2844, #1556, #7843 ) ;
#7965 = CARTESIAN_POINT ( 'NONE',  ( 1.743871062733264310, -9.519875647228280613, -19.55784772538479643 ) ) ;
#7966 = DIRECTION ( 'NONE',  ( 0.000000000000000000, 0.000000000000000000, 1.000000000000000000 ) ) ;
#7967 = CARTESIAN_POINT ( 'NONE',  ( 20.00000000000000000, 0.000000000000000000, 0.000000000000000000 ) ) ;
#7968 = EDGE_CURVE ( 'NONE', #2463, #5816, #4749, .T. ) ;
#7969 = B_SPLINE_CURVE_WITH_KNOTS ( 'NONE', 3,
 ( #7529, #4810, #2589, #1816, #7483, #8923, #6239, #4632, #4719, #6049 ),
 .UNSPECIFIED., .F., .F.,
 ( 4, 2, 2, 2, 4 ),
 ( 0.000000000000000000, 0.0003933778427753288924, 0.0007867556855506577847, 0.001180133528325986569, 0.001573511371101315569 ),
 .UNSPECIFIED. ) ;
#7970 = CIRCLE ( 'NONE', #7830, 2.000000000000000444 ) ;
#7971 = EDGE_CURVE ( 'NONE', #781, #4153, #841, .T. ) ;
#7972 = CARTESIAN_POINT ( 'NONE',  ( 1.999999999999783284, -19.89974874213242373, -12.00000000000000000 ) ) ;
#7973 = VERTEX_POINT ( 'NONE', #5009 ) ;
#7974 = CARTESIAN_POINT ( 'NONE',  ( -2.692702831541548092E-13, -16.50000000000000355, -12.00000000000000000 ) ) ;
#7975 = CARTESIAN_POINT ( 'NONE',  ( 3.924999999999967404, -5.426196494184077679, -20.14999999999999503 ) ) ;
#7976 = CIRCLE ( 'NONE', #4140, 12.00000000000000000 ) ;
#7977 = CARTESIAN_POINT ( 'NONE',  ( 8.594122361337188210, 1.036248557610470522, -19.56396421706936195 ) ) ;
#7978 = ADVANCED_FACE ( 'NONE', ( #4270 ), #750, .F. ) ;
#7979 = EDGE_CURVE ( 'NONE', #2376, #9087, #6521, .T. ) ;
#7980 = CARTESIAN_POINT ( 'NONE',  ( 9.076083591174713305, -13.77950313494682177, -0.9999999999999974465 ) ) ;
#7981 = VECTOR ( 'NONE', #4540, 1000.000000000000000 ) ;
#7982 = ORIENTED_EDGE ( 'NONE', *, *, #5138, .T. ) ;
#7983 = CARTESIAN_POINT ( 'NONE',  ( -1.961442526207386905, -9.394354468570886851, -19.55836585909858982 ) ) ;
#7984 = EDGE_LOOP ( 'NONE', ( #5299, #3100, #6011, #888 ) ) ;
#7985 = FACE_OUTER_BOUND ( 'NONE', #3864, .T. ) ;
#7986 = DIRECTION ( 'NONE',  ( -0.8660254037844387076, -0.4999999999999998890, 0.000000000000000000 ) ) ;
#7987 = CARTESIAN_POINT ( 'NONE',  ( -4.428768254645243374, 6.848723422207836364, -19.56655411003728418 ) ) ;
#7988 = DIRECTION ( 'NONE',  ( 0.8660254037844414832, 0.4999999999999950595, -0.000000000000000000 ) ) ;
#7989 = CIRCLE ( 'NONE', #7246, 1.999999999999996669 ) ;
#7990 = CARTESIAN_POINT ( 'NONE',  ( -3.483669517413677141, 5.859047160217984995, -20.15000000000000213 ) ) ;
#7991 = VERTEX_POINT ( 'NONE', #4399 ) ;
#7992 = DIRECTION ( 'NONE',  ( 1.000000000000000000, 0.000000000000000000, 0.000000000000000000 ) ) ;
#7993 = ORIENTED_EDGE ( 'NONE', *, *, #4042, .T. ) ;
#7994 = ORIENTED_EDGE ( 'NONE', *, *, #1507, .F. ) ;
#7995 = DIRECTION ( 'NONE',  ( -0.000000000000000000, -0.000000000000000000, 1.000000000000000000 ) ) ;
#7996 = VECTOR ( 'NONE', #2709, 1000.000000000000000 ) ;
#7997 = AXIS2_PLACEMENT_3D ( 'NONE', #3489, #9083, #4186 ) ;
#7998 = CARTESIAN_POINT ( 'NONE',  ( 16.23890890522645591, 10.53023896615741783, -6.666904682248424585 ) ) ;
#7999 = DIRECTION ( 'NONE',  ( -0.000000000000000000, -0.000000000000000000, -1.000000000000000000 ) ) ;
#8000 = CARTESIAN_POINT ( 'NONE',  ( -3.332248875287673773, -5.946476410421519532, -20.14999999999998792 ) ) ;
#8001 = CARTESIAN_POINT ( 'NONE',  ( 3.928218945803257700, -5.819540484340002706, -19.57130417664037836 ) ) ;
#8002 = CARTESIAN_POINT ( 'NONE',  ( -6.997560810414389820, 5.796340393087984211, -20.14999999999998437 ) ) ;
#8003 = CARTESIAN_POINT ( 'NONE',  ( 7.597108048166213656, -0.1460072364671148315, -20.14999999999999858 ) ) ;
#8004 = AXIS2_PLACEMENT_3D ( 'NONE', #4565, #7378, #1048 ) ;
#8005 = CIRCLE ( 'NONE', #5063, 2.000000000000000444 ) ;
#8006 = ORIENTED_EDGE ( 'NONE', *, *, #338, .T. ) ;
#8007 = CARTESIAN_POINT ( 'NONE',  ( -11.75788625531289711, 6.634743616182279702, -5.800000000000002487 ) ) ;
#8008 = FACE_OUTER_BOUND ( 'NONE', #7562, .T. ) ;
#8009 = CARTESIAN_POINT ( 'NONE',  ( -10.28460175498480211, -12.25671108990349900, 0.000000000000000000 ) ) ;
#8010 = VERTEX_POINT ( 'NONE', #3011 ) ;
#8011 = DIRECTION ( 'NONE',  ( 1.000000000000000000, 0.000000000000000000, 0.000000000000000000 ) ) ;
#8012 = DIRECTION ( 'NONE',  ( 0.5000000000000108802, 0.8660254037844323793, 0.000000000000000000 ) ) ;
#8013 = DIRECTION ( 'NONE',  ( 1.000000000000000000, 1.686536712755229426E-15, 0.000000000000000000 ) ) ;
#8014 = CARTESIAN_POINT ( 'NONE',  ( -6.942745327191961024, -0.5294475728036396323, -19.57148134208046741 ) ) ;
#8015 = EDGE_CURVE ( 'NONE', #8644, #2037, #536, .T. ) ;
#8016 = CARTESIAN_POINT ( 'NONE',  ( 1.736812973042882735, -19.92620003359014191, -11.99999999999999645 ) ) ;
#8017 = ORIENTED_EDGE ( 'NONE', *, *, #3452, .F. ) ;
#8018 = EDGE_CURVE ( 'NONE', #7973, #4342, #4299, .T. ) ;
#8019 = DIRECTION ( 'NONE',  ( 1.000000000000000000, 0.000000000000000000, 0.000000000000000000 ) ) ;
#8020 = CARTESIAN_POINT ( 'NONE',  ( -2.145132460611902319E-13, -19.50000000000000000, -5.800000000000000711 ) ) ;
#8021 = CARTESIAN_POINT ( 'NONE',  ( 3.475686976582643251, -14.52020202020208117, -12.00000000000000000 ) ) ;
#8022 = CARTESIAN_POINT ( 'NONE',  ( -1.171646193170460037, -7.035210482140599630, 0.000000000000000000 ) ) ;
#8023 = CARTESIAN_POINT ( 'NONE',  ( 8.655951347303334487, 1.147872350066048375, -19.56355208029588155 ) ) ;
#8024 = CARTESIAN_POINT ( 'NONE',  ( -16.37571040156093716, -2.021412586338820372, -0.9999999999999974465 ) ) ;
#8025 = ORIENTED_EDGE ( 'NONE', *, *, #7798, .T. ) ;
#8026 = CARTESIAN_POINT ( 'NONE',  ( 0.06111262212743077959, -9.918825881059154526, -19.55622162819664922 ) ) ;
#8027 = PRODUCT_RELATED_PRODUCT_CATEGORY ( 'part', '', ( #551 ) ) ;
#8028 = ORIENTED_EDGE ( 'NONE', *, *, #6610, .T. ) ;
#8029 = FACE_BOUND ( 'NONE', #1520, .T. ) ;
#8030 = DIRECTION ( 'NONE',  ( 0.9848077530122061329, 0.1736481776669409893, 0.000000000000000000 ) ) ;
#8031 = CARTESIAN_POINT ( 'NONE',  ( 3.923710202684290049, 6.080365931696328552, -20.14999999999998792 ) ) ;
#8032 = LINE ( 'NONE', #312, #4904 ) ;
#8033 = CARTESIAN_POINT ( 'NONE',  ( -3.518535581696834225, 5.878941508054625231, -20.14999999999998437 ) ) ;
#8034 = ORIENTED_EDGE ( 'NONE', *, *, #552, .T. ) ;
#8035 = CARTESIAN_POINT ( 'NONE',  ( -16.90708943324215241, 10.68451359437902859, -6.185367226245920946 ) ) ;
#8036 = EDGE_LOOP ( 'NONE', ( #2178, #1237, #3456, #5717 ) ) ;
#8037 = ORIENTED_EDGE ( 'NONE', *, *, #9042, .F. ) ;
#8038 = B_SPLINE_CURVE_WITH_KNOTS ( 'NONE', 3,
 ( #7736, #1315, #6945, #9130, #620, #6110, #2649, #8381, #1404, #5425, #2054, #1221, #6295, #2790, #5607, #7040, #6852, #3303, #3343, #8985, #5017, #851, #8624, #8576, #3630, #162, #7965, #1634, #7142, #806, #712, #116, #3676, #6393, #6437, #5794, #7923, #6343, #4967, #1590, #5145, #8527, #2289, #2931, #7837, #6483, #4452 ),
 .UNSPECIFIED., .F., .F.,
 ( 4, 2, 2, 1, 2, 2, 2, 2, 1, 1, 2, 2, 2, 2, 2, 2, 1, 1, 1, 2, 2, 2, 2, 1, 2, 2, 4 ),
 ( 0.000000000000000000, 0.06249999999999639178, 0.09374999999999458766, 0.1093749999999935746, 0.1171874999999931583, 0.1249999999999927280, 0.1874999999999889533, 0.2187499999999868994, 0.2343749999999857614, 0.2421874999999851508, 0.2460937499999850120, 0.2499999999999848732, 0.3749999999999889533, 0.4999999999999930056, 0.6249999999999971134, 0.6874999999999991118, 0.7187500000000002220, 0.7343750000000008882, 0.7421875000000012212, 0.7460937500000013323, 0.7500000000000014433, 0.8125000000000014433, 0.8437500000000013323, 0.8593750000000011102, 0.8671875000000009992, 0.8750000000000008882, 1.000000000000000000 ),
 .UNSPECIFIED. ) ;
#8039 = CARTESIAN_POINT ( 'NONE',  ( 1.924999999999816191, -5.999999999999777067, -20.14999999999999858 ) ) ;
#8040 = CARTESIAN_POINT ( 'NONE',  ( 16.26060154809612257, 10.51213030953599059, -6.536423737521516841 ) ) ;
#8041 = CARTESIAN_POINT ( 'NONE',  ( 3.762221576582220006, 10.33661882864500114, 0.000000000000000000 ) ) ;
#8042 = CARTESIAN_POINT ( 'NONE',  ( -3.332023197332682596, -5.996957383681463583, -20.14999999999999503 ) ) ;
#8043 = CARTESIAN_POINT ( 'NONE',  ( 4.341233960802671987, -3.628966051237987767, -19.57547330894646365 ) ) ;
#8044 = EDGE_CURVE ( 'NONE', #2177, #4986, #1542, .T. ) ;
#8045 = CARTESIAN_POINT ( 'NONE',  ( -7.731053853905349271, 5.152266349458921368, -20.15000000000000213 ) ) ;
#8046 = CARTESIAN_POINT ( 'NONE',  ( 6.678494095089589244, 2.502929873537271366, 0.000000000000000000 ) ) ;
#8047 = ORIENTED_EDGE ( 'NONE', *, *, #5605, .F. ) ;
#8048 = CARTESIAN_POINT ( 'NONE',  ( 6.210606872235697296, -0.3048087745779375357, -20.14999999999999858 ) ) ;
#8049 = DIRECTION ( 'NONE',  ( -0.000000000000000000, -0.000000000000000000, 1.000000000000000000 ) ) ;
#8050 = CARTESIAN_POINT ( 'NONE',  ( -4.495450366068512338, -5.495536917009254729, 0.000000000000000000 ) ) ;
#8051 = ORIENTED_EDGE ( 'NONE', *, *, #7048, .F. ) ;
#8052 = CARTESIAN_POINT ( 'NONE',  ( 0.000000000000000000, 0.000000000000000000, 2.000000000000000000 ) ) ;
#8053 = CARTESIAN_POINT ( 'NONE',  ( 17.32050807568884210, 9.999999999999895195, -5.800000000000000711 ) ) ;
#8054 = DIRECTION ( 'NONE',  ( -1.000000000000000000, 0.000000000000000000, 0.000000000000000000 ) ) ;
#8055 = CARTESIAN_POINT ( 'NONE',  ( 3.229861704268274458, 6.398041692086429144, -19.57086377734604810 ) ) ;
#8056 = AXIS2_PLACEMENT_3D ( 'NONE', #6756, #1964, #4777 ) ;
#8057 = VECTOR ( 'NONE', #638, 1000.000000000000000 ) ;
#8058 = ORIENTED_EDGE ( 'NONE', *, *, #5500, .F. ) ;
#8059 = CARTESIAN_POINT ( 'NONE',  ( -6.292191940365826852, -16.32967607105528174, 0.000000000000000000 ) ) ;
#8060 = ORIENTED_EDGE ( 'NONE', *, *, #5030, .F. ) ;
#8061 = CARTESIAN_POINT ( 'NONE',  ( 2.629297455411859552, 5.439712718426191529, -20.14999999999999503 ) ) ;
#8062 = CARTESIAN_POINT ( 'NONE',  ( -16.52362368011986860, 11.26874387442136971, -11.87425840948973388 ) ) ;
#8063 = CARTESIAN_POINT ( 'NONE',  ( -12.55614593867705864, 11.29068478007455134, 4.000000000000000000 ) ) ;
#8064 = CIRCLE ( 'NONE', #4820, 1.925000000000166800 ) ;
#8065 = CARTESIAN_POINT ( 'NONE',  ( 2.308076694259579842, -6.748369234145656037, 0.000000000000000000 ) ) ;
#8066 = CARTESIAN_POINT ( 'NONE',  ( 7.379424533990898816, -0.2647926008412374577, -19.57001589559654064 ) ) ;
#8067 = EDGE_CURVE ( 'NONE', #1077, #791, #4316, .T. ) ;
#8068 = AXIS2_PLACEMENT_3D ( 'NONE', #2792, #4138, #4185 ) ;
#8069 = CARTESIAN_POINT ( 'NONE',  ( 7.228035188671475098, 0.3516064808038908973, -20.14999999999999858 ) ) ;
#8070 = ORIENTED_EDGE ( 'NONE', *, *, #6623, .F. ) ;
#8071 = CARTESIAN_POINT ( 'NONE',  ( -1.262632025505902922, -9.710869882308669432, -19.55707551053383852 ) ) ;
#8072 = VERTEX_POINT ( 'NONE', #797 ) ;
#8073 = FACE_OUTER_BOUND ( 'NONE', #1432, .T. ) ;
#8074 = DIRECTION ( 'NONE',  ( 0.000000000000000000, 0.000000000000000000, -1.000000000000000000 ) ) ;
#8075 = CARTESIAN_POINT ( 'NONE',  ( -6.693922726545227242, 6.623507691063568181, -19.55950718832952617 ) ) ;
#8076 = DIRECTION ( 'NONE',  ( -1.000000000000000000, 0.000000000000000000, 0.000000000000000000 ) ) ;
#8077 = DIRECTION ( 'NONE',  ( 1.000000000000000000, 0.000000000000000000, 0.000000000000000000 ) ) ;
#8078 = EDGE_CURVE ( 'NONE', #6477, #6327, #4621, .T. ) ;
#8079 = CIRCLE ( 'NONE', #8531, 0.9999999999999806821 ) ;
#8080 = VERTEX_POINT ( 'NONE', #5052 ) ;
#8081 = CARTESIAN_POINT ( 'NONE',  ( 12.09546000792407661, 10.97700260878123579, 0.000000000000000000 ) ) ;
#8082 = VERTEX_POINT ( 'NONE', #703 ) ;
#8083 = ORIENTED_EDGE ( 'NONE', *, *, #2876, .F. ) ;
#8084 = DIRECTION ( 'NONE',  ( -0.000000000000000000, -0.000000000000000000, -1.000000000000000000 ) ) ;
#8085 = DIRECTION ( 'NONE',  ( -1.000000000000000000, 0.000000000000000000, -0.000000000000000000 ) ) ;
#8086 = CARTESIAN_POINT ( 'NONE',  ( 3.925930121005859252, -6.000000000182121873, -19.57085359159096427 ) ) ;
#8087 = CARTESIAN_POINT ( 'NONE',  ( -3.355713815149863777, -5.380844010654903364, -20.15000000000000213 ) ) ;
#8088 = CARTESIAN_POINT ( 'NONE',  ( 3.993868271369991785, -5.001665271367995658, -19.57320173529940632 ) ) ;
#8089 = VECTOR ( 'NONE', #8906, 1000.000000000000000 ) ;
#8090 = CARTESIAN_POINT ( 'NONE',  ( -7.590058174028246007, -0.1130490320616059918, -19.56915350451433966 ) ) ;
#8091 = DIRECTION ( 'NONE',  ( 0.000000000000000000, 0.000000000000000000, 1.000000000000000000 ) ) ;
#8092 = EDGE_CURVE ( 'NONE', #270, #427, #3743, .T. ) ;
#8093 = EDGE_LOOP ( 'NONE', ( #6435, #1155, #967, #6800 ) ) ;
#8094 = CIRCLE ( 'NONE', #4265, 20.00000000000000000 ) ;
#8095 = EDGE_CURVE ( 'NONE', #7682, #3658, #5092, .T. ) ;
#8096 = DIRECTION ( 'NONE',  ( -0.000000000000000000, -0.000000000000000000, 1.000000000000000000 ) ) ;
#8097 = CYLINDRICAL_SURFACE ( 'NONE', #7668, 2.000000000000027978 ) ;
#8098 = DIRECTION ( 'NONE',  ( -1.000000000000000000, 0.000000000000000000, 0.000000000000000000 ) ) ;
#8099 = CARTESIAN_POINT ( 'NONE',  ( 3.099492151678739926, -14.86996727579359501, -0.5000000000000045519 ) ) ;
#8100 = LINE ( 'NONE', #3857, #4176 ) ;
#8101 = CARTESIAN_POINT ( 'NONE',  ( 3.530143011963446931, 5.885612803202785237, -20.14999999999999858 ) ) ;
#8102 = CARTESIAN_POINT ( 'NONE',  ( 4.163336342344414651E-14, 7.211110073938320752E-14, -6.800000000000000711 ) ) ;
#8103 = AXIS2_PLACEMENT_3D ( 'NONE', #6153, #4680, #1260 ) ;
#8104 = ORIENTED_EDGE ( 'NONE', *, *, #8696, .F. ) ;
#8105 = CARTESIAN_POINT ( 'NONE',  ( 0.6113893324701648035, 4.923075063679140051, -20.14999999999999503 ) ) ;
#8106 = DIRECTION ( 'NONE',  ( 0.000000000000000000, 0.000000000000000000, -1.000000000000000000 ) ) ;
#8107 = CARTESIAN_POINT ( 'NONE',  ( -1.235348948941819902, -13.76379884595671044, -11.65858465371687913 ) ) ;
#8108 = CARTESIAN_POINT ( 'NONE',  ( -5.506847901919066146, 4.532280608603291405, -13.19417254642124249 ) ) ;
#8109 = FACE_OUTER_BOUND ( 'NONE', #245, .T. ) ;
#8110 = DIRECTION ( 'NONE',  ( -0.000000000000000000, -0.000000000000000000, -1.000000000000000000 ) ) ;
#8111 = ORIENTED_EDGE ( 'NONE', *, *, #6139, .T. ) ;
#8112 = CARTESIAN_POINT ( 'NONE',  ( -3.399555311517135969, -7.961005608179999804, -19.56396364202069904 ) ) ;
#8113 = CIRCLE ( 'NONE', #6193, 0.8999999999999998002 ) ;
#8114 = ORIENTED_EDGE ( 'NONE', *, *, #5095, .T. ) ;
#8115 = CARTESIAN_POINT ( 'NONE',  ( 4.399933215955052823, -16.52424242424249101, 0.000000000000000000 ) ) ;
#8116 = CARTESIAN_POINT ( 'NONE',  ( 15.88941916244340113, 8.249999999999779732, 4.000000000000000000 ) ) ;
#8117 = DIRECTION ( 'NONE',  ( 0.000000000000000000, 0.000000000000000000, 1.000000000000000000 ) ) ;
#8118 = CARTESIAN_POINT ( 'NONE',  ( -6.085915470927021786, 6.819653064068728732, -19.56120295423755806 ) ) ;
#8119 = DIRECTION ( 'NONE',  ( 0.000000000000000000, 0.000000000000000000, -1.000000000000000000 ) ) ;
#8120 = CARTESIAN_POINT ( 'NONE',  ( -3.343537434239299166, 5.781293437297541971, -20.15000000000000213 ) ) ;
#8121 = AXIS2_PLACEMENT_3D ( 'NONE', #8337, #7647, #7443 ) ;
#8122 = ORIENTED_EDGE ( 'NONE', *, *, #1761, .T. ) ;
#8123 = CARTESIAN_POINT ( 'NONE',  ( -2.692702831541548092E-13, -16.50000000000000355, -0.4999999999999967804 ) ) ;
#8124 = EDGE_LOOP ( 'NONE', ( #4843, #330, #5126, #2565, #9066 ) ) ;
#8125 = ORIENTED_EDGE ( 'NONE', *, *, #8431, .F. ) ;
#8126 = CARTESIAN_POINT ( 'NONE',  ( 1.664243783499339768, -8.881707871834279899, -20.15000000000005542 ) ) ;
#8127 = DIRECTION ( 'NONE',  ( 1.000000000000000000, 0.000000000000000000, 0.000000000000000000 ) ) ;
#8128 = DIRECTION ( 'NONE',  ( 0.000000000000000000, 0.000000000000000000, -1.000000000000000000 ) ) ;
#8129 = EDGE_CURVE ( 'NONE', #4824, #8894, #884, .T. ) ;
#8130 = CARTESIAN_POINT ( 'NONE',  ( -17.28462292378105047, 8.051341481670355904, -11.94782512652054685 ) ) ;
#8131 = CIRCLE ( 'NONE', #8736, 15.00000000000000000 ) ;
#8132 = CARTESIAN_POINT ( 'NONE',  ( 5.698247817008521565, -1.516723665733136217, -19.57474849812415130 ) ) ;
#8133 = CARTESIAN_POINT ( 'NONE',  ( -8.147164082710931510, 0.4129238472648326663, -19.56654570181563102 ) ) ;
#8134 = CARTESIAN_POINT ( 'NONE',  ( 4.684794023754261794, -2.704637568157008509, -20.14999999999995950 ) ) ;
#8135 = B_SPLINE_CURVE_WITH_KNOTS ( 'NONE', 3,
 ( #5029, #5621, #8445, #4888, #2208, #774, #3599, #6404, #5713, #4340 ),
 .UNSPECIFIED., .F., .F.,
 ( 4, 2, 2, 2, 4 ),
 ( 0.000000000000000000, 0.0003933909761702875335, 0.0007867819523405749586, 0.001180172928510862329, 0.001573563904681149483 ),
 .UNSPECIFIED. ) ;
#8136 = MECHANICAL_DESIGN_GEOMETRIC_PRESENTATION_REPRESENTATION (  '', ( #8436 ), #4158 ) ;
#8137 = VERTEX_POINT ( 'NONE', #7437 ) ;
#8138 = CARTESIAN_POINT ( 'NONE',  ( 5.551115123125779744E-16, -9.614813431917820561E-16, 2.000000000000000000 ) ) ;
#8139 = AXIS2_PLACEMENT_3D ( 'NONE', #8370, #6146, #8974 ) ;
#8140 = EDGE_CURVE ( 'NONE', #8845, #3795, #462, .T. ) ;
#8141 = ORIENTED_EDGE ( 'NONE', *, *, #5555, .T. ) ;
#8142 = CARTESIAN_POINT ( 'NONE',  ( 5.932638115201564588, -15.39655172413803008, -12.00000000000000000 ) ) ;
#8143 = FACE_OUTER_BOUND ( 'NONE', #101, .T. ) ;
#8144 = ADVANCED_FACE ( 'NONE', ( #5908 ), #5180, .F. ) ;
#8145 = DIRECTION ( 'NONE',  ( 0.000000000000000000, 0.000000000000000000, 1.000000000000000000 ) ) ;
#8146 = CYLINDRICAL_SURFACE ( 'NONE', #7269, 1.000000000000000000 ) ;
#8147 = DIRECTION ( 'NONE',  ( 1.000000000000000000, 0.000000000000000000, 0.000000000000000000 ) ) ;
#8148 = AXIS2_PLACEMENT_3D ( 'NONE', #5867, #1018, #7347 ) ;
#8149 = CIRCLE ( 'NONE', #182, 9.000000000000003553 ) ;
#8150 = EDGE_CURVE ( 'NONE', #7009, #9016, #1352, .T. ) ;
#8151 = EDGE_LOOP ( 'NONE', ( #7516, #7126, #360, #3835, #8676, #9005, #8366, #6179, #6246, #8309, #5400 ) ) ;
#8152 = CARTESIAN_POINT ( 'NONE',  ( 1.477970951011543299, -19.94617328954628732, -11.89194451125661622 ) ) ;
#8153 = AXIS2_PLACEMENT_3D ( 'NONE', #4839, #3454, #8953 ) ;
#8154 = VECTOR ( 'NONE', #1552, 1000.000000000000000 ) ;
#8155 = ORIENTED_EDGE ( 'NONE', *, *, #4522, .T. ) ;
#8156 = DIRECTION ( 'NONE',  ( 1.329015233020100057E-15, -3.651439342834109954E-15, -1.000000000000000000 ) ) ;
#8157 = DIRECTION ( 'NONE',  ( 0.000000000000000000, 0.000000000000000000, 1.000000000000000000 ) ) ;
#8158 = CARTESIAN_POINT ( 'NONE',  ( -12.11044710970864635, 12.07257515209366616, 0.000000000000000000 ) ) ;
#8159 = CARTESIAN_POINT ( 'NONE',  ( -4.690220843757618496, 5.373037668184494464, -13.17148535977111656 ) ) ;
#8160 = DIRECTION ( 'NONE',  ( -1.000000000000000000, 1.776356839400250465E-15, 0.000000000000000000 ) ) ;
#8161 = EDGE_CURVE ( 'NONE', #5624, #2420, #6060, .T. ) ;
#8162 = ORIENTED_EDGE ( 'NONE', *, *, #4696, .F. ) ;
#8163 = CARTESIAN_POINT ( 'NONE',  ( -3.737106728835452252, -7.198355000521811320, -19.56677529254245584 ) ) ;
#8164 = VERTEX_POINT ( 'NONE', #3759 ) ;
#8165 = CARTESIAN_POINT ( 'NONE',  ( 2.750073762154913393, -6.626452031704086032, 0.000000000000000000 ) ) ;
#8166 = CARTESIAN_POINT ( 'NONE',  ( -17.47729075011904243, -0.8912396062808745079, 0.000000000000000000 ) ) ;
#8167 = CARTESIAN_POINT ( 'NONE',  ( -16.79884389200603323, 10.85351758150377854, 0.000000000000000000 ) ) ;
#8168 = CARTESIAN_POINT ( 'NONE',  ( 8.308851734866630423, 4.170011762347821005, -20.14999999999999147 ) ) ;
#8169 = DIRECTION ( 'NONE',  ( -0.000000000000000000, -0.000000000000000000, 1.000000000000000000 ) ) ;
#8170 = CARTESIAN_POINT ( 'NONE',  ( 16.38818894345791577, 11.46722417307266895, -12.00000000000000533 ) ) ;
#8171 = EDGE_LOOP ( 'NONE', ( #7949, #7805, #4156, #5513, #2323, #5759 ) ) ;
#8172 = ORIENTED_EDGE ( 'NONE', *, *, #3099, .T. ) ;
#8173 = ORIENTED_EDGE ( 'NONE', *, *, #9058, .T. ) ;
#8174 = CARTESIAN_POINT ( 'NONE',  ( 1.169707824062397705, -9.113607014958066799, -20.15000000000001990 ) ) ;
#8175 = CARTESIAN_POINT ( 'NONE',  ( 17.23890890522654828, 8.798188158588592600, -3.000000000000000888 ) ) ;
#8176 = DIRECTION ( 'NONE',  ( -1.640034363335290055E-15, -2.891823075450630146E-16, -1.000000000000000000 ) ) ;
#8177 = CARTESIAN_POINT ( 'NONE',  ( 7.140140545583929743, -0.4109774418988037525, -19.57090948193414448 ) ) ;
#8178 = CARTESIAN_POINT ( 'NONE',  ( 9.083838577948762705, 1.945022092707630046, -20.15000000000003766 ) ) ;
#8179 = ADVANCED_FACE ( 'NONE', ( #929 ), #3285, .T. ) ;
#8180 = VERTEX_POINT ( 'NONE', #4385 ) ;
#8181 = CARTESIAN_POINT ( 'NONE',  ( -8.919002817745560271E-14, -4.091759200217468951E-14, 3.999999999999929834 ) ) ;
#8182 = ORIENTED_EDGE ( 'NONE', *, *, #5030, .T. ) ;
#8183 = CARTESIAN_POINT ( 'NONE',  ( -14.77211629518309977, -2.604722665004159499, 0.000000000000000000 ) ) ;
#8184 = DIRECTION ( 'NONE',  ( -1.640034363335290055E-15, -2.891823075450640007E-16, 1.000000000000000000 ) ) ;
#8185 = CARTESIAN_POINT ( 'NONE',  ( -3.954100648208674684, -2.995974157980606734, -20.15000000000000568 ) ) ;
#8186 = CARTESIAN_POINT ( 'NONE',  ( -7.143302247996718535, -0.4091354561810323642, -19.57090027358106710 ) ) ;
#8187 = CARTESIAN_POINT ( 'NONE',  ( -6.055397226795890220E-15, -2.834420638679709436E-15, 3.999999999999949818 ) ) ;
#8188 = LINE ( 'NONE', #8887, #7185 ) ;
#8189 = EDGE_CURVE ( 'NONE', #4461, #7564, #7201, .T. ) ;
#8190 = ORIENTED_EDGE ( 'NONE', *, *, #4268, .F. ) ;
#8191 = DIRECTION ( 'NONE',  ( 1.000000000000000000, 0.000000000000000000, 0.000000000000000000 ) ) ;
#8192 = ORIENTED_EDGE ( 'NONE', *, *, #3700, .T. ) ;
#8193 = CARTESIAN_POINT ( 'NONE',  ( 3.188670921883379528, 5.699321103858155269, -20.15000000000000213 ) ) ;
#8194 = CARTESIAN_POINT ( 'NONE',  ( -0.9729621587729195831, -19.33832934452181007, -6.534948989732484392 ) ) ;
#8195 = DIRECTION ( 'NONE',  ( -0.9848077555997650778, -0.1736481629921651226, 0.000000000000000000 ) ) ;
#8196 = CARTESIAN_POINT ( 'NONE',  ( -8.381336715503199031, 0.5360068965513107297, -12.75466970261521205 ) ) ;
#8197 = AXIS2_PLACEMENT_3D ( 'NONE', #8380, #2052, #7688 ) ;
#8198 = DIRECTION ( 'NONE',  ( -0.000000000000000000, -0.000000000000000000, 1.000000000000000000 ) ) ;
#8199 = VECTOR ( 'NONE', #6358, 1000.000000000000000 ) ;
#8200 = ADVANCED_FACE ( 'NONE', ( #5721 ), #9155, .T. ) ;
#8201 = CARTESIAN_POINT ( 'NONE',  ( 8.227440883597068932, 1.622133794083407521, -20.14999999999999147 ) ) ;
#8202 = EDGE_CURVE ( 'NONE', #8509, #283, #2995, .T. ) ;
#8203 = VERTEX_POINT ( 'NONE', #5214 ) ;
#8204 = CARTESIAN_POINT ( 'NONE',  ( -17.28801028328756928, 2.715639969683707022, 0.000000000000000000 ) ) ;
#8205 = CIRCLE ( 'NONE', #8517, 3.500000000000000444 ) ;
#8206 = ORIENTED_EDGE ( 'NONE', *, *, #8044, .T. ) ;
#8207 = DIRECTION ( 'NONE',  ( 0.000000000000000000, 0.000000000000000000, -1.000000000000000000 ) ) ;
#8208 = CARTESIAN_POINT ( 'NONE',  ( -11.33992941965992607, 7.701811841411535298, -11.00000000000000000 ) ) ;
#8209 = CARTESIAN_POINT ( 'NONE',  ( 9.110820912707024988, 11.28020134113662110, -12.00000000000000000 ) ) ;
#8210 = CARTESIAN_POINT ( 'NONE',  ( 7.549584590360451486, 5.351525920528782621, -20.15000000000001990 ) ) ;
#8211 = CYLINDRICAL_SURFACE ( 'NONE', #6531, 0.9999999999999775735 ) ;
#8212 = CARTESIAN_POINT ( 'NONE',  ( -3.050453125251974207, 5.629655104357303763, -20.14999999999999858 ) ) ;
#8213 = AXIS2_PLACEMENT_3D ( 'NONE', #6986, #9075, #2046 ) ;
#8214 = ORIENTED_EDGE ( 'NONE', *, *, #5884, .T. ) ;
#8215 = ORIENTED_EDGE ( 'NONE', *, *, #3724, .T. ) ;
#8216 = ORIENTED_EDGE ( 'NONE', *, *, #5042, .F. ) ;
#8217 = CARTESIAN_POINT ( 'NONE',  ( 3.055388884624980150, -7.324291170816294105, -20.15000000000001279 ) ) ;
#8218 = VERTEX_POINT ( 'NONE', #1609 ) ;
#8219 = DIRECTION ( 'NONE',  ( 1.643984094156469846E-15, 1.000000000000000000, 0.000000000000000000 ) ) ;
#8220 = CARTESIAN_POINT ( 'NONE',  ( -3.099327575082995168, -14.86967834897472684, -0.4999999999999916733 ) ) ;
#8221 = CARTESIAN_POINT ( 'NONE',  ( 3.332219584147875668, -5.950390693792201091, -20.15000000000000213 ) ) ;
#8222 = CARTESIAN_POINT ( 'NONE',  ( -8.460046866602947802, 0.8224416945614555496, -19.56479732916507430 ) ) ;
#8223 = CARTESIAN_POINT ( 'NONE',  ( -2.308076694259606487, -6.748369234145648043, 0.000000000000000000 ) ) ;
#8224 = AXIS2_PLACEMENT_3D ( 'NONE', #9154, #3652, #6458 ) ;
#8225 = CARTESIAN_POINT ( 'NONE',  ( -2.596756655290510363, 6.072183754016587720, -19.57257853864343033 ) ) ;
#8226 = ORIENTED_EDGE ( 'NONE', *, *, #8241, .F. ) ;
#8227 = DIRECTION ( 'NONE',  ( -1.281817854665714060E-15, -5.980847967954649450E-16, -1.000000000000000000 ) ) ;
#8228 = CARTESIAN_POINT ( 'NONE',  ( -16.30012398138541485, 2.560460542844636311, -12.00000000000000000 ) ) ;
#8229 = CARTESIAN_POINT ( 'NONE',  ( 11.69134295108999311, 6.749999999999937828, -5.800000000000000711 ) ) ;
#8230 = CARTESIAN_POINT ( 'NONE',  ( -5.661297210109475841, -0.7369596279823721341, -20.14999999999999858 ) ) ;
#8231 = CARTESIAN_POINT ( 'NONE',  ( -4.222081345232814975, -3.973453257194646593, -19.57504973411691296 ) ) ;
#8232 = CARTESIAN_POINT ( 'NONE',  ( 4.467033558075915955, 6.856475170037692024, -19.56642052451983105 ) ) ;
#8233 = CYLINDRICAL_SURFACE ( 'NONE', #3047, 9.000000000000000000 ) ;
#8234 = ORIENTED_EDGE ( 'NONE', *, *, #7971, .T. ) ;
#8235 = DIRECTION ( 'NONE',  ( 5.695779570086139578E-16, -1.564902575500329879E-15, 1.000000000000000000 ) ) ;
#8236 = ORIENTED_EDGE ( 'NONE', *, *, #1526, .T. ) ;
#8237 = CARTESIAN_POINT ( 'NONE',  ( 12.46424543202914847, 5.868244400524551097, -11.54561543566214965 ) ) ;
#8238 = AXIS2_PLACEMENT_3D ( 'NONE', #2176, #2816, #4854 ) ;
#8239 = LINE ( 'NONE', #1360, #8606 ) ;
#8240 = DIRECTION ( 'NONE',  ( 1.000000000000000000, 0.000000000000000000, 0.000000000000000000 ) ) ;
#8241 = EDGE_CURVE ( 'NONE', #4450, #4072, #3577, .T. ) ;
#8242 = CARTESIAN_POINT ( 'NONE',  ( -8.852192780167010611, 4.517552346356367821, -20.14999999999999858 ) ) ;
#8243 = DIRECTION ( 'NONE',  ( 0.000000000000000000, 0.000000000000000000, 1.000000000000000000 ) ) ;
#8244 = EDGE_CURVE ( 'NONE', #2612, #3782, #4472, .T. ) ;
#8245 = AXIS2_PLACEMENT_3D ( 'NONE', #8284, #6849, #518 ) ;
#8246 = CARTESIAN_POINT ( 'NONE',  ( 7.549360926839681518, 5.351760474135007328, -20.15000000000000568 ) ) ;
#8247 = ORIENTED_EDGE ( 'NONE', *, *, #4457, .T. ) ;
#8248 = CARTESIAN_POINT ( 'NONE',  ( 8.951813566450461224, 1.871185607246736993, -19.56117241443827837 ) ) ;
#8249 = ORIENTED_EDGE ( 'NONE', *, *, #862, .T. ) ;
#8250 = CARTESIAN_POINT ( 'NONE',  ( -0.3027621999118483287, -7.168061612184461140, -0.000000000000000000 ) ) ;
#8251 = EDGE_CURVE ( 'NONE', #858, #7050, #5808, .T. ) ;
#8252 = LINE ( 'NONE', #4653, #2775 ) ;
#8253 = DIRECTION ( 'NONE',  ( -1.000000000000000000, 0.000000000000000000, 0.000000000000000000 ) ) ;
#8254 = AXIS2_PLACEMENT_3D ( 'NONE', #1310, #6199, #8328 ) ;
#8255 = CARTESIAN_POINT ( 'NONE',  ( 7.732357806448350246, 5.150724327383002787, -20.14999999999998792 ) ) ;
#8256 = CARTESIAN_POINT ( 'NONE',  ( -17.09983895300119983, -0.07421442866851210574, 2.000000000000000000 ) ) ;
#8257 = CARTESIAN_POINT ( 'NONE',  ( -2.124047964614240502, 5.248854063517084612, -20.14999999999999503 ) ) ;
#8258 = EDGE_CURVE ( 'NONE', #2490, #1984, #485, .T. ) ;
#8259 = DIRECTION ( 'NONE',  ( 1.000000000000000000, 0.000000000000000000, 0.000000000000000000 ) ) ;
#8260 = CIRCLE ( 'NONE', #6777, 0.8999999999999998002 ) ;
#8261 = VERTEX_POINT ( 'NONE', #5165 ) ;
#8262 = ORIENTED_EDGE ( 'NONE', *, *, #6897, .F. ) ;
#8263 = CARTESIAN_POINT ( 'NONE',  ( -0.4350294874728274919, -9.296740947945794531, -20.14999999999999858 ) ) ;
#8264 = EDGE_CURVE ( 'NONE', #7902, #3514, #3786, .T. ) ;
#8265 = ORIENTED_EDGE ( 'NONE', *, *, #7907, .T. ) ;
#8266 = CARTESIAN_POINT ( 'NONE',  ( 0.9999999999998580025, -12.62701665379262117, -6.667375129308241277 ) ) ;
#8267 = CARTESIAN_POINT ( 'NONE',  ( -3.458633112651087416, -15.96347694171148390, 0.000000000000000000 ) ) ;
#8268 = CARTESIAN_POINT ( 'NONE',  ( 7.157241440002123589, -0.4010418209111752397, -19.57085966792586618 ) ) ;
#8269 = CARTESIAN_POINT ( 'NONE',  ( -4.049248172075136765, -5.845636775475486324, 0.000000000000000000 ) ) ;
#8270 = CARTESIAN_POINT ( 'NONE',  ( -3.170932366749801279, 6.364486590611118544, -19.57103429605599132 ) ) ;
#8271 = ORIENTED_EDGE ( 'NONE', *, *, #7523, .T. ) ;
#8272 = DIRECTION ( 'NONE',  ( 0.8660254037844382635, -0.5000000000000007772, 0.000000000000000000 ) ) ;
#8273 = ORIENTED_EDGE ( 'NONE', *, *, #3815, .F. ) ;
#8274 = ORIENTED_EDGE ( 'NONE', *, *, #552, .F. ) ;
#8275 = CARTESIAN_POINT ( 'NONE',  ( -14.32435137758112376, 2.250101689166502439, -12.00000000000000000 ) ) ;
#8276 = AXIS2_PLACEMENT_3D ( 'NONE', #3855, #6661, #8791 ) ;
#8277 = CARTESIAN_POINT ( 'NONE',  ( -14.77211629518309977, -2.604722665004159499, 3.999999999999949818 ) ) ;
#8278 = CARTESIAN_POINT ( 'NONE',  ( -3.630883221911799907, -3.871412589794275938, -20.15000000000000213 ) ) ;
#8279 = LINE ( 'NONE', #7533, #5854 ) ;
#8280 = CARTESIAN_POINT ( 'NONE',  ( 10.92738936467129918, -13.02275553302249911, 2.000000000000000000 ) ) ;
#8281 = CARTESIAN_POINT ( 'NONE',  ( -4.372253973763219115, -6.766342822299160176, 2.000000000000000000 ) ) ;
#8282 = AXIS2_PLACEMENT_3D ( 'NONE', #7757, #1475, #2951 ) ;
#8283 = VERTEX_POINT ( 'NONE', #8816 ) ;
#8284 = CARTESIAN_POINT ( 'NONE',  ( 10.92738936467129918, -13.02275553302249911, 3.999999999999949818 ) ) ;
#8285 = VERTEX_POINT ( 'NONE', #3830 ) ;
#8286 = CIRCLE ( 'NONE', #8004, 15.00000000000000533 ) ;
#8287 = DIRECTION ( 'NONE',  ( -1.000000000000000000, 0.000000000000000000, 0.000000000000000000 ) ) ;
#8288 = CIRCLE ( 'NONE', #8437, 3.000000000000000444 ) ;
#8289 = DIRECTION ( 'NONE',  ( 0.000000000000000000, 0.000000000000000000, 1.000000000000000000 ) ) ;
#8290 = DIRECTION ( 'NONE',  ( 0.000000000000000000, 0.000000000000000000, -1.000000000000000000 ) ) ;
#8291 = CYLINDRICAL_SURFACE ( 'NONE', #6586, 0.9999999999999987788 ) ;
#8292 = MANIFOLD_SOLID_BREP ( '\X2\5b9e4f53\X0\1[1]', #5837 ) ;
#8293 = AXIS2_PLACEMENT_3D ( 'NONE', #2859, #1476, #6581 ) ;
#8294 = DIRECTION ( 'NONE',  ( 1.000000000000000000, 0.000000000000000000, 0.000000000000000000 ) ) ;
#8295 = ADVANCED_FACE ( 'NONE', ( #4475 ), #6505, .T. ) ;
#8296 = FACE_OUTER_BOUND ( 'NONE', #1259, .T. ) ;
#8297 = ORIENTED_EDGE ( 'NONE', *, *, #2713, .F. ) ;
#8298 = CARTESIAN_POINT ( 'NONE',  ( 8.003068822429799814E-14, -5.678203416483909867E-14, 3.999999999999929834 ) ) ;
#8299 = EDGE_LOOP ( 'NONE', ( #6238, #2523, #5846, #1380, #4894, #2132 ) ) ;
#8300 = CARTESIAN_POINT ( 'NONE',  ( 17.28473354818642704, 8.052765492321727336, -11.94745379876473557 ) ) ;
#8301 = VECTOR ( 'NONE', #4047, 1000.000000000000000 ) ;
#8302 = CARTESIAN_POINT ( 'NONE',  ( -16.74173180120750004, -2.952019020338040090, 3.999999999999949818 ) ) ;
#8303 = CARTESIAN_POINT ( 'NONE',  ( 8.379274977964255910, 3.962568647605893002, -20.15000000000000924 ) ) ;
#8304 = DIRECTION ( 'NONE',  ( 1.000000000000000000, 0.000000000000000000, 0.000000000000000000 ) ) ;
#8305 = CARTESIAN_POINT ( 'NONE',  ( -5.932638115202065521, -15.39655172413783824, -12.00000000000000000 ) ) ;
#8306 = EDGE_CURVE ( 'NONE', #1293, #3449, #1371, .T. ) ;
#8307 = DIRECTION ( 'NONE',  ( 0.000000000000000000, 0.000000000000000000, 1.000000000000000000 ) ) ;
#8308 = ORIENTED_EDGE ( 'NONE', *, *, #1595, .F. ) ;
#8309 = ORIENTED_EDGE ( 'NONE', *, *, #1545, .T. ) ;
#8310 = CARTESIAN_POINT ( 'NONE',  ( 2.313466690122796265, -8.391998770070690838, -20.14999999999999503 ) ) ;
#8311 = CARTESIAN_POINT ( 'NONE',  ( 3.906589728050658294, 5.986928228230475213, -0.000000000000000000 ) ) ;
#8312 = CARTESIAN_POINT ( 'NONE',  ( 5.814342436536150238, 15.97477455336050056, 0.000000000000000000 ) ) ;
#8313 = CARTESIAN_POINT ( 'NONE',  ( 3.334491576092831089, -5.804559647128861855, -20.14999999999999503 ) ) ;
#8314 = CARTESIAN_POINT ( 'NONE',  ( -8.909980556065933754, 1.739091875300588397, -19.56157310826753104 ) ) ;
#8315 = CARTESIAN_POINT ( 'NONE',  ( -5.382493388003353196, -4.698029437836310329, 0.000000000000000000 ) ) ;
#8316 = CARTESIAN_POINT ( 'NONE',  ( -2.885795148888167461, 6.211582282567603031, -19.57182872247558336 ) ) ;
#8317 = VERTEX_POINT ( 'NONE', #5945 ) ;
#8318 = DIRECTION ( 'NONE',  ( 1.000000000000000000, 0.000000000000000000, 0.000000000000000000 ) ) ;
#8319 = ORIENTED_EDGE ( 'NONE', *, *, #7183, .F. ) ;
#8320 = DIRECTION ( 'NONE',  ( 1.000000000000000000, 0.000000000000000000, 0.000000000000000000 ) ) ;
#8321 = CARTESIAN_POINT ( 'NONE',  ( 1.150073989544241115, -19.27152461659627392, -11.54561543566216564 ) ) ;
#8322 = DIRECTION ( 'NONE',  ( 0.000000000000000000, 0.000000000000000000, 1.000000000000000000 ) ) ;
#8323 = EDGE_CURVE ( 'NONE', #1749, #2755, #4454, .T. ) ;
#8324 = CARTESIAN_POINT ( 'NONE',  ( -7.159117483306193463, -0.3999552182180290960, -19.57085359159119875 ) ) ;
#8325 = DIRECTION ( 'NONE',  ( 0.000000000000000000, 0.000000000000000000, 1.000000000000000000 ) ) ;
#8326 = CARTESIAN_POINT ( 'NONE',  ( 16.51038032566422231, 4.451667272148672971, 4.000000000000000000 ) ) ;
#8327 = ORIENTED_EDGE ( 'NONE', *, *, #3053, .F. ) ;
#8328 = DIRECTION ( 'NONE',  ( -0.8660254037844459241, -0.4999999999999871769, 0.000000000000000000 ) ) ;
#8329 = ORIENTED_EDGE ( 'NONE', *, *, #1540, .T. ) ;
#8330 = CARTESIAN_POINT ( 'NONE',  ( 12.33992941966007528, 5.969761033842371667, -11.00000000000000000 ) ) ;
#8331 = CARTESIAN_POINT ( 'NONE',  ( -14.28941916244310306, 8.250000000000241585, -1.000000000000011324 ) ) ;
#8332 = CARTESIAN_POINT ( 'NONE',  ( 1.924999999999816191, -5.999999999999777067, -13.14999999999999858 ) ) ;
#8333 = CARTESIAN_POINT ( 'NONE',  ( 17.23396555849242873, 8.826554725842713722, -6.534948989732484392 ) ) ;
#8334 = CARTESIAN_POINT ( 'NONE',  ( 9.110820912707024988, 11.28020134113662110, -0.9999999999999974465 ) ) ;
#8335 = CARTESIAN_POINT ( 'NONE',  ( -16.18918464369809485, 10.57204194593895252, -11.35123915384314763 ) ) ;
#8336 = ORIENTED_EDGE ( 'NONE', *, *, #575, .T. ) ;
#8337 = CARTESIAN_POINT ( 'NONE',  ( -2.620126338115370445E-13, -16.50000000000000000, -12.00000000000000000 ) ) ;
#8338 = ORIENTED_EDGE ( 'NONE', *, *, #5203, .T. ) ;
#8339 = CARTESIAN_POINT ( 'NONE',  ( -7.159117483306193463, -0.3999552182180290405, -19.57085359159119520 ) ) ;
#8340 = CIRCLE ( 'NONE', #5835, 2.000000000000001776 ) ;
#8341 = CARTESIAN_POINT ( 'NONE',  ( -3.332018698439320303, -5.999999928950983552, -20.14999999999999858 ) ) ;
#8342 = DIRECTION ( 'NONE',  ( -1.000000000000000000, 0.000000000000000000, 0.000000000000000000 ) ) ;
#8343 = CARTESIAN_POINT ( 'NONE',  ( 6.570744499954890294, 6.030915575287462360, -20.15000000000001990 ) ) ;
#8344 = EDGE_CURVE ( 'NONE', #7732, #288, #5358, .T. ) ;
#8345 = DIRECTION ( 'NONE',  ( 0.000000000000000000, 0.000000000000000000, 1.000000000000000000 ) ) ;
#8346 = FACE_OUTER_BOUND ( 'NONE', #5491, .T. ) ;
#8347 = CIRCLE ( 'NONE', #4225, 2.000000000000000000 ) ;
#8348 = DIRECTION ( 'NONE',  ( 0.000000000000000000, 0.000000000000000000, 1.000000000000000000 ) ) ;
#8349 = EDGE_CURVE ( 'NONE', #4016, #2555, #6804, .T. ) ;
#8350 = ORIENTED_EDGE ( 'NONE', *, *, #966, .T. ) ;
#8351 = ORIENTED_EDGE ( 'NONE', *, *, #6906, .F. ) ;
#8352 = CARTESIAN_POINT ( 'NONE',  ( -3.245716206281985983, -6.754193038351589351, -20.15000000000001634 ) ) ;
#8353 = VERTEX_POINT ( 'NONE', #356 ) ;
#8354 = DIRECTION ( 'NONE',  ( 0.000000000000000000, 0.000000000000000000, -1.000000000000000000 ) ) ;
#8355 = CARTESIAN_POINT ( 'NONE',  ( 9.431991581986570949, -14.36112334458208650, -0.3184923189179147407 ) ) ;
#8356 = CARTESIAN_POINT ( 'NONE',  ( -2.000000000000231815, -21.18131433805518427, -11.00000000000000000 ) ) ;
#8357 = CARTESIAN_POINT ( 'NONE',  ( 3.732250018419446036, -3.565691689406770060, -20.15000000000000213 ) ) ;
#8358 = CIRCLE ( 'NONE', #387, 17.49999999999999645 ) ;
#8359 = EDGE_CURVE ( 'NONE', #8934, #2704, #3740, .T. ) ;
#8360 = CARTESIAN_POINT ( 'NONE',  ( -1.171646193170460037, -7.035210482140599630, 0.000000000000000000 ) ) ;
#8361 = CARTESIAN_POINT ( 'NONE',  ( 0.9726874667143405873, 5.574188777917240323, -19.57547277510625605 ) ) ;
#8362 = EDGE_CURVE ( 'NONE', #4088, #858, #6169, .T. ) ;
#8363 = ORIENTED_EDGE ( 'NONE', *, *, #7280, .F. ) ;
#8364 = CARTESIAN_POINT ( 'NONE',  ( -3.933225178437531611, -5.571297530414256016, -19.57194132151459698 ) ) ;
#8365 = ORIENTED_EDGE ( 'NONE', *, *, #7878, .F. ) ;
#8366 = ORIENTED_EDGE ( 'NONE', *, *, #2282, .T. ) ;
#8367 = DIRECTION ( 'NONE',  ( 1.028313268071524818E-14, 1.000000000000000000, -0.000000000000000000 ) ) ;
#8368 = EDGE_CURVE ( 'NONE', #8798, #8958, #6083, .T. ) ;
#8369 = CARTESIAN_POINT ( 'NONE',  ( 11.36690317086576130, 7.570537632130798222, -6.294943955526784762 ) ) ;
#8370 = CARTESIAN_POINT ( 'NONE',  ( -1.182375444227189227E-14, 1.215852357140782018E-28, -6.800000000000000711 ) ) ;
#8371 = CARTESIAN_POINT ( 'NONE',  ( -4.288670223933231718, -3.771831703249167056, -19.57531228607802021 ) ) ;
#8372 = CARTESIAN_POINT ( 'NONE',  ( 8.344252123283917300, 5.339772514515692237, -19.55631448675957529 ) ) ;
#8373 = DIRECTION ( 'NONE',  ( 0.000000000000000000, 0.000000000000000000, -1.000000000000000000 ) ) ;
#8374 = EDGE_CURVE ( 'NONE', #3326, #8902, #2526, .T. ) ;
#8375 = EDGE_CURVE ( 'NONE', #4134, #3809, #3404, .T. ) ;
#8376 = VERTEX_POINT ( 'NONE', #1181 ) ;
#8377 = AXIS2_PLACEMENT_3D ( 'NONE', #4408, #6532, #8477 ) ;
#8378 = CARTESIAN_POINT ( 'NONE',  ( 11.43531719619355869, 5.447482923111757636, -6.800000000000000711 ) ) ;
#8379 = ORIENTED_EDGE ( 'NONE', *, *, #1019, .T. ) ;
#8380 = CARTESIAN_POINT ( 'NONE',  ( 9.110820912707024988, 11.28020134113662110, 0.000000000000000000 ) ) ;
#8381 = CARTESIAN_POINT ( 'NONE',  ( -3.671225391125843451, -7.385359907660157930, -19.56609782785408669 ) ) ;
#8382 = LINE ( 'NONE', #5518, #5289 ) ;
#8383 = AXIS2_PLACEMENT_3D ( 'NONE', #5677, #8404, #7858 ) ;
#8384 = CARTESIAN_POINT ( 'NONE',  ( 0.000000000000000000, 0.000000000000000000, 2.000000000000000000 ) ) ;
#8385 = DIRECTION ( 'NONE',  ( 2.497731659118240230E-15, -2.976680588009860502E-15, 1.000000000000000000 ) ) ;
#8386 = CARTESIAN_POINT ( 'NONE',  ( 6.816979529611978172, 16.03199677555162239, -0.07892642870509357367 ) ) ;
#8387 = VECTOR ( 'NONE', #3442, 1000.000000000000000 ) ;
#8388 = ORIENTED_EDGE ( 'NONE', *, *, #836, .F. ) ;
#8389 = DIRECTION ( 'NONE',  ( 1.000000000000000000, 0.000000000000000000, 0.000000000000000000 ) ) ;
#8390 = ORIENTED_EDGE ( 'NONE', *, *, #5810, .T. ) ;
#8391 = CARTESIAN_POINT ( 'NONE',  ( -9.124170156993123726, 2.992834445712195368, -19.55834071328188273 ) ) ;
#8392 = CARTESIAN_POINT ( 'NONE',  ( 12.68941916244340007, 8.249999999999779732, -3.000000000000001332 ) ) ;
#8393 = CARTESIAN_POINT ( 'NONE',  ( 3.698078149821201865, 6.630098279707886455, -19.56915005493595316 ) ) ;
#8394 = DIRECTION ( 'NONE',  ( 1.000000000000000000, 0.000000000000000000, 0.000000000000000000 ) ) ;
#8395 = VECTOR ( 'NONE', #2487, 999.9999999999998863 ) ;
#8396 = APPLICATION_CONTEXT ( 'automotive_design' ) ;
#8397 = CARTESIAN_POINT ( 'NONE',  ( -6.427876108280459633, -7.660444421611440013, 0.000000000000000000 ) ) ;
#8398 = ORIENTED_EDGE ( 'NONE', *, *, #3111, .T. ) ;
#8399 = ORIENTED_EDGE ( 'NONE', *, *, #9053, .T. ) ;
#8400 = CARTESIAN_POINT ( 'NONE',  ( -2.608234050704367757, -8.066929377832506631, -20.15000000000000568 ) ) ;
#8401 = CIRCLE ( 'NONE', #4422, 12.00000000000000355 ) ;
#8402 = ORIENTED_EDGE ( 'NONE', *, *, #1689, .F. ) ;
#8403 = CYLINDRICAL_SURFACE ( 'NONE', #313, 1.000000000000000000 ) ;
#8404 = DIRECTION ( 'NONE',  ( -0.000000000000000000, -0.000000000000000000, -1.000000000000000000 ) ) ;
#8405 = CARTESIAN_POINT ( 'NONE',  ( 4.811485552151827605, -1.620749048092853029, -20.15000000000000568 ) ) ;
#8406 = CARTESIAN_POINT ( 'NONE',  ( -8.709947981356899405, 4.736009043969808374, -19.55625418071232602 ) ) ;
#8407 = CARTESIAN_POINT ( 'NONE',  ( 0.3915130680000621921, -7.099999999999799805, 0.000000000000000000 ) ) ;
#8408 = EDGE_CURVE ( 'NONE', #8082, #340, #5336, .T. ) ;
#8409 = CARTESIAN_POINT ( 'NONE',  ( -3.212188413790876940, 6.387908231679653603, -19.57091517961457328 ) ) ;
#8410 = ORIENTED_EDGE ( 'NONE', *, *, #6441, .F. ) ;
#8411 = CARTESIAN_POINT ( 'NONE',  ( -4.373394771922503921, -3.492121527293765126, -19.57570839674414387 ) ) ;
#8412 = VERTEX_POINT ( 'NONE', #5438 ) ;
#8413 = VERTEX_POINT ( 'NONE', #4654 ) ;
#8414 = DIRECTION ( 'NONE',  ( 0.6427876085450550114, -0.7660444440767970598, 0.000000000000000000 ) ) ;
#8415 = ADVANCED_FACE ( 'NONE', ( #8996 ), #9047, .F. ) ;
#8416 = CARTESIAN_POINT ( 'NONE',  ( -14.28941916244309951, 8.250000000000220268, -12.00000000000000000 ) ) ;
#8417 = CARTESIAN_POINT ( 'NONE',  ( -1.000000000000143219, -12.62701665379255367, -6.800000000000000711 ) ) ;
#8418 = CARTESIAN_POINT ( 'NONE',  ( -3.942700463804930777, -5.497926394239683212, -19.57208450587248549 ) ) ;
#8419 = CARTESIAN_POINT ( 'NONE',  ( 5.686673538438979492, 6.893219412983783378, -19.56240401223572789 ) ) ;
#8420 = CARTESIAN_POINT ( 'NONE',  ( 1.007758144258461330, -13.67428175608050367, -11.14327739641608161 ) ) ;
#8421 = CARTESIAN_POINT ( 'NONE',  ( -4.690220843757618496, 5.373037668184496241, 0.000000000000000000 ) ) ;
#8422 = ORIENTED_EDGE ( 'NONE', *, *, #6416, .T. ) ;
#8423 = AXIS2_PLACEMENT_3D ( 'NONE', #4266, #3473, #6 ) ;
#8424 = LINE ( 'NONE', #7883, #5447 ) ;
#8425 = EDGE_CURVE ( 'NONE', #6373, #4016, #2979, .T. ) ;
#8426 = B_SPLINE_CURVE_WITH_KNOTS ( 'NONE', 1,
 ( #3087, #4352 ),
 .UNSPECIFIED., .F., .F.,
 ( 2, 2 ),
 ( 0.000000000000000000, 1.000000000000000000 ),
 .UNSPECIFIED. ) ;
#8427 = ORIENTED_EDGE ( 'NONE', *, *, #1233, .T. ) ;
#8428 = CARTESIAN_POINT ( 'NONE',  ( -8.356238925925159933, -9.958577760546591051, 0.000000000000000000 ) ) ;
#8429 = LINE ( 'NONE', #6250, #1962 ) ;
#8430 = CARTESIAN_POINT ( 'NONE',  ( 3.925930121005859252, -6.000000000182121873, -19.57085359159096427 ) ) ;
#8431 = EDGE_CURVE ( 'NONE', #978, #1937, #5526, .T. ) ;
#8432 = VECTOR ( 'NONE', #4528, 1000.000000000000000 ) ;
#8433 = CARTESIAN_POINT ( 'NONE',  ( 0.000000000000000000, 0.000000000000000000, 4.000000000000000000 ) ) ;
#8434 = CARTESIAN_POINT ( 'NONE',  ( 16.79884389200626060, 10.85351758150342683, -6.800000000000000711 ) ) ;
#8435 = FACE_OUTER_BOUND ( 'NONE', #6057, .T. ) ;
#8436 = STYLED_ITEM ( 'NONE', ( #7941 ), #8292 ) ;
#8437 = AXIS2_PLACEMENT_3D ( 'NONE', #7789, #7841, #2793 ) ;
#8438 = VERTEX_POINT ( 'NONE', #4789 ) ;
#8439 = CARTESIAN_POINT ( 'NONE',  ( 8.991693642974006195, 4.009003179841021058, -19.55674276970886893 ) ) ;
#8440 = EDGE_LOOP ( 'NONE', ( #4168, #6669, #2806, #1178 ) ) ;
#8441 = CARTESIAN_POINT ( 'NONE',  ( -11.31502623424010423, 8.654595461534331235, -11.99051935266600211 ) ) ;
#8442 = EDGE_CURVE ( 'NONE', #3058, #6035, #5785, .T. ) ;
#8443 = DIRECTION ( 'NONE',  ( 0.3420201433256560564, -0.9396926207859132019, 0.000000000000000000 ) ) ;
#8444 = CARTESIAN_POINT ( 'NONE',  ( 3.461901807428450439, 6.523958151093694369, -19.57001034674751239 ) ) ;
#8445 = CARTESIAN_POINT ( 'NONE',  ( 0.2636033248073462176, -13.50912000707241667, -5.826525510891697124 ) ) ;
#8446 = AXIS2_PLACEMENT_3D ( 'NONE', #3890, #3093, #1622 ) ;
#8447 = CARTESIAN_POINT ( 'NONE',  ( 0.9999999999998469002, -13.67157287525384923, -3.000000000000000888 ) ) ;
#8448 = ORIENTED_EDGE ( 'NONE', *, *, #3393, .T. ) ;
#8449 = EDGE_LOOP ( 'NONE', ( #3985, #4595, #8970, #6108, #4866, #6511, #228 ) ) ;
#8450 = CARTESIAN_POINT ( 'NONE',  ( -3.055660015287205766, -7.323667326825748169, -20.14999999999998082 ) ) ;
#8451 = AXIS2_PLACEMENT_3D ( 'NONE', #6750, #424, #1679 ) ;
#8452 = ORIENTED_EDGE ( 'NONE', *, *, #5756, .F. ) ;
#8453 = CARTESIAN_POINT ( 'NONE',  ( 0.000000000000000000, 0.000000000000000000, -12.00000000000000000 ) ) ;
#8454 = CARTESIAN_POINT ( 'NONE',  ( -8.182325518479194315, 4.478051419768356745, -20.15000000000000213 ) ) ;
#8455 = CARTESIAN_POINT ( 'NONE',  ( 0.000000000000000000, 0.000000000000000000, 0.000000000000000000 ) ) ;
#8456 = CARTESIAN_POINT ( 'NONE',  ( 4.787208088873281753, -1.651189156522676837, -20.14999999999999147 ) ) ;
#8457 = CARTESIAN_POINT ( 'NONE',  ( -8.651226265503494162, 4.850209740667616565, -19.55622811156354857 ) ) ;
#8458 = CARTESIAN_POINT ( 'NONE',  ( 1.686705740360820549, 5.656470920695711335, -12.75108592438957089 ) ) ;
#8459 = CARTESIAN_POINT ( 'NONE',  ( 3.522752092275529101, 5.881362356189198337, -20.15000000000001279 ) ) ;
#8460 = VECTOR ( 'NONE', #59, 1000.000000000000000 ) ;
#8461 = VERTEX_POINT ( 'NONE', #6820 ) ;
#8462 = CARTESIAN_POINT ( 'NONE',  ( -4.159215697235512543, -4.149239329763828366, -19.57484415158973334 ) ) ;
#8463 = ORIENTED_EDGE ( 'NONE', *, *, #9110, .F. ) ;
#8464 = ORIENTED_EDGE ( 'NONE', *, *, #251, .T. ) ;
#8465 = CARTESIAN_POINT ( 'NONE',  ( 1.999999999999858336, -12.62701665379262828, -12.00000000000000000 ) ) ;
#8466 = DIRECTION ( 'NONE',  ( -0.000000000000000000, -0.000000000000000000, -1.000000000000000000 ) ) ;
#8467 = DIRECTION ( 'NONE',  ( 0.000000000000000000, 0.000000000000000000, -1.000000000000000000 ) ) ;
#8468 = CARTESIAN_POINT ( 'NONE',  ( -3.926549973401356475, -5.910309150456422245, -19.57107943581266696 ) ) ;
#8469 = DIRECTION ( 'NONE',  ( 0.000000000000000000, 0.000000000000000000, 1.000000000000000000 ) ) ;
#8470 = CARTESIAN_POINT ( 'NONE',  ( -8.380720885050889635, 2.033597789229209862, -20.14999999999998082 ) ) ;
#8471 = CARTESIAN_POINT ( 'NONE',  ( -4.654863946768694305, 6.990447065021241357, -20.14999999999994174 ) ) ;
#8472 = EDGE_CURVE ( 'NONE', #9125, #8591, #2391, .T. ) ;
#8473 = ORIENTED_EDGE ( 'NONE', *, *, #8349, .T. ) ;
#8474 = CARTESIAN_POINT ( 'NONE',  ( 10.43531719619363862, 7.179533730680682346, -6.667375129308242165 ) ) ;
#8475 = EDGE_CURVE ( 'NONE', #2657, #1973, #35, .T. ) ;
#8476 = VERTEX_POINT ( 'NONE', #6077 ) ;
#8477 = DIRECTION ( 'NONE',  ( 1.000000000000000000, 0.000000000000000000, 0.000000000000000000 ) ) ;
#8478 = CARTESIAN_POINT ( 'NONE',  ( 17.32050807568884210, 9.999999999999895195, -5.800000000000000711 ) ) ;
#8479 = CARTESIAN_POINT ( 'NONE',  ( -2.455811333258266504, 6.005514711434104314, -19.57293653312270720 ) ) ;
#8480 = DIRECTION ( 'NONE',  ( 0.8660254037844387076, -0.4999999999999998890, 0.000000000000000000 ) ) ;
#8481 = CARTESIAN_POINT ( 'NONE',  ( -16.05609281500524332, 5.228598966482370436, 4.000000000000000000 ) ) ;
#8482 = EDGE_CURVE ( 'NONE', #6035, #3058, #4164, .T. ) ;
#8483 = B_SPLINE_CURVE_WITH_KNOTS ( 'NONE', 3,
 ( #6573, #939, #6619, #6054, #7310, #986 ),
 .UNSPECIFIED., .F., .F.,
 ( 4, 2, 4 ),
 ( 0.0006334278369064965698, 0.001167217887279525801, 0.001701007937652554815 ),
 .UNSPECIFIED. ) ;
#8484 = LINE ( 'NONE', #7229, #7819 ) ;
#8485 = VERTEX_POINT ( 'NONE', #6914 ) ;
#8486 = CARTESIAN_POINT ( 'NONE',  ( 0.000000000000000000, 0.000000000000000000, 4.000000000000000000 ) ) ;
#8487 = ORIENTED_EDGE ( 'NONE', *, *, #6324, .F. ) ;
#8488 = LINE ( 'NONE', #6259, #6009 ) ;
#8489 = CARTESIAN_POINT ( 'NONE',  ( -11.59282354977800011, 10.48375241714217765, -0.3950989880619803496 ) ) ;
#8490 = CARTESIAN_POINT ( 'NONE',  ( 7.534088623048043054, 6.146677641765744937, -19.55753844046460088 ) ) ;
#8491 = CARTESIAN_POINT ( 'NONE',  ( 0.000000000000000000, 0.000000000000000000, 0.000000000000000000 ) ) ;
#8492 = EDGE_CURVE ( 'NONE', #2959, #4986, #4757, .T. ) ;
#8493 = B_SPLINE_CURVE_WITH_KNOTS ( 'NONE', 3,
 ( #531, #442, #6119, #1090, #4743, #6912, #8860, #6816 ),
 .UNSPECIFIED., .F., .F.,
 ( 4, 2, 2, 4 ),
 ( 0.000000000000000000, 0.0003911702924756614032, 0.0007823405849513228065, 0.001564681169902645613 ),
 .UNSPECIFIED. ) ;
#8494 = ADVANCED_FACE ( 'NONE', ( #2019 ), #7425, .T. ) ;
#8495 = FACE_BOUND ( 'NONE', #3839, .T. ) ;
#8496 = ORIENTED_EDGE ( 'NONE', *, *, #8202, .F. ) ;
#8497 = CARTESIAN_POINT ( 'NONE',  ( 3.517768032652570653, -7.737836351020296100, -19.56479732916487535 ) ) ;
#8498 = VERTEX_POINT ( 'NONE', #3920 ) ;
#8499 = DIRECTION ( 'NONE',  ( -1.000000000000000000, 0.000000000000000000, 0.000000000000000000 ) ) ;
#8500 = CARTESIAN_POINT ( 'NONE',  ( 4.104241719907870234, 11.27631144943090113, 0.000000000000000000 ) ) ;
#8501 = LINE ( 'NONE', #5631, #5421 ) ;
#8502 = CARTESIAN_POINT ( 'NONE',  ( 6.841117413220584531, 0.1021646129282165888, -20.14999999999999858 ) ) ;
#8503 = CARTESIAN_POINT ( 'NONE',  ( -9.040042070312134470, 3.767628481051865652, -19.55706793383284037 ) ) ;
#8504 = B_SPLINE_CURVE_WITH_KNOTS ( 'NONE', 3,
 ( #401, #1698, #5306, #6640, #268, #5852 ),
 .UNSPECIFIED., .F., .F.,
 ( 4, 2, 4 ),
 ( 0.001076535190353837285, 0.001393975970162282096, 0.001711416749970726906 ),
 .UNSPECIFIED. ) ;
#8505 = CARTESIAN_POINT ( 'NONE',  ( -4.690220843757618496, 5.373037668184496241, 0.000000000000000000 ) ) ;
#8506 = CARTESIAN_POINT ( 'NONE',  ( 3.513245008398433900, 5.875908968610625394, -20.14999999999999858 ) ) ;
#8507 = AXIS2_PLACEMENT_3D ( 'NONE', #6626, #343, #3774 ) ;
#8508 = VECTOR ( 'NONE', #8673, 999.9999999999998863 ) ;
#8509 = VERTEX_POINT ( 'NONE', #4746 ) ;
#8510 = DIRECTION ( 'NONE',  ( 0.000000000000000000, 0.000000000000000000, 1.000000000000000000 ) ) ;
#8511 = ORIENTED_EDGE ( 'NONE', *, *, #8092, .T. ) ;
#8512 = ORIENTED_EDGE ( 'NONE', *, *, #5095, .F. ) ;
#8513 = CARTESIAN_POINT ( 'NONE',  ( 11.53646767572281107, 5.347513693818688019, -11.52340681311382831 ) ) ;
#8514 = B_SPLINE_CURVE_WITH_KNOTS ( 'NONE', 3,
 ( #5390, #4606, #7372, #7421, #6814, #1088, #3212, #1130, #1176, #3260, #4693, #7503, #4004, #2613, #4053, #5434, #8248, #1924, #1227, #2062, #3447, #2890, #3492, #8439, #7047, #6999, #4881, #7744, #6399, #78 ),
 .UNSPECIFIED., .F., .F.,
 ( 4, 2, 2, 1, 2, 2, 2, 2, 1, 1, 2, 2, 2, 2, 1, 2, 4 ),
 ( 0.000000000000000000, 0.06253623961781953899, 0.09380435942672914196, 0.1094384193311839365, 0.1172554492834112089, 0.1250724792356384951, 0.1876087188534568129, 0.2188768386623659579, 0.2345108985668205581, 0.2423279285190478027, 0.2462364434951614389, 0.2501449584712750474, 0.3752174377069147915, 0.4377536773247347468, 0.4690217971336447245, 0.4846558570380997688, 0.5002899169425547576 ),
 .UNSPECIFIED. ) ;
#8515 = DIRECTION ( 'NONE',  ( -2.497731614762240249E-15, 2.976680625228960537E-15, 1.000000000000000000 ) ) ;
#8516 = CARTESIAN_POINT ( 'NONE',  ( -0.5045794060307400297, -12.53009327681435536, -5.926760302429320504 ) ) ;
#8517 = AXIS2_PLACEMENT_3D ( 'NONE', #7178, #7350, #6613 ) ;
#8518 = CARTESIAN_POINT ( 'NONE',  ( -3.934673487476792797, -5.640769411512092546, -19.57174245060967621 ) ) ;
#8519 = DIRECTION ( 'NONE',  ( -0.5000000000000101030, -0.8660254037844328234, 0.000000000000000000 ) ) ;
#8520 = CARTESIAN_POINT ( 'NONE',  ( -7.804424678429557893, 0.9293706256630732687, -20.14999999999997726 ) ) ;
#8521 = CARTESIAN_POINT ( 'NONE',  ( 2.252380590526807946, 6.748301881068420549, 0.000000000000000000 ) ) ;
#8522 = VERTEX_POINT ( 'NONE', #4057 ) ;
#8523 = CYLINDRICAL_SURFACE ( 'NONE', #5704, 1.600000000000000755 ) ;
#8524 = DIRECTION ( 'NONE',  ( 0.000000000000000000, 0.000000000000000000, -1.000000000000000000 ) ) ;
#8525 = VERTEX_POINT ( 'NONE', #6862 ) ;
#8526 = CARTESIAN_POINT ( 'NONE',  ( 11.32802333844118614, 10.11922258008105935, -0.4999999999999856781 ) ) ;
#8527 = CARTESIAN_POINT ( 'NONE',  ( 3.576639090928870779, -7.612899797287206560, -19.56526066445342593 ) ) ;
#8528 = LINE ( 'NONE', #5833, #2455 ) ;
#8529 = CARTESIAN_POINT ( 'NONE',  ( -17.72653955421970196, -3.125667198004979941, 3.999999999999949818 ) ) ;
#8530 = FACE_OUTER_BOUND ( 'NONE', #30, .T. ) ;
#8531 = AXIS2_PLACEMENT_3D ( 'NONE', #4634, #8841, #1112 ) ;
#8532 = CARTESIAN_POINT ( 'NONE',  ( 14.28941916244338017, 8.249999999999765521, -12.00000000000000000 ) ) ;
#8533 = EDGE_LOOP ( 'NONE', ( #3470, #253, #6734, #1533, #788, #591, #4678, #1721, #5804, #4383, #5152 ) ) ;
#8534 = CARTESIAN_POINT ( 'NONE',  ( 0.9999999999998577804, -12.62701665379262117, -11.00000000000000000 ) ) ;
#8535 = EDGE_CURVE ( 'NONE', #5308, #7407, #399, .T. ) ;
#8536 = VECTOR ( 'NONE', #4744, 1000.000000000000000 ) ;
#8537 = CARTESIAN_POINT ( 'NONE',  ( -9.116367228989647131, 3.250076646133734481, -19.55784703263843838 ) ) ;
#8538 = CARTESIAN_POINT ( 'NONE',  ( -17.01199658067850606, 9.515792383798910237, -5.827035454541359627 ) ) ;
#8539 = EDGE_CURVE ( 'NONE', #6827, #6279, #180, .T. ) ;
#8540 = CARTESIAN_POINT ( 'NONE',  ( 4.749668048313506752, 6.898536666614225155, -19.56544678754376321 ) ) ;
#8541 = DIRECTION ( 'NONE',  ( -1.000000000000000000, 0.000000000000000000, 0.000000000000000000 ) ) ;
#8542 = CIRCLE ( 'NONE', #1895, 9.000000000000005329 ) ;
#8543 = LINE ( 'NONE', #2899, #7766 ) ;
#8544 = EDGE_LOOP ( 'NONE', ( #1369, #743 ) ) ;
#8545 = ORIENTED_EDGE ( 'NONE', *, *, #740, .F. ) ;
#8546 = CARTESIAN_POINT ( 'NONE',  ( -2.962377267074084664, -7.519806551345186385, -20.14999999999998792 ) ) ;
#8547 = EDGE_CURVE ( 'NONE', #8353, #5685, #913, .T. ) ;
#8548 = ORIENTED_EDGE ( 'NONE', *, *, #301, .F. ) ;
#8549 = CARTESIAN_POINT ( 'NONE',  ( -2.000000000000231815, -21.18131433805518427, -11.00000000000000000 ) ) ;
#8550 = CARTESIAN_POINT ( 'NONE',  ( 3.078181317935920536, 8.457233576880250681, 3.999999999999949818 ) ) ;
#8551 = CARTESIAN_POINT ( 'NONE',  ( -3.506623387193939531E-13, -5.999999999999777067, -13.14999999999999858 ) ) ;
#8552 = CARTESIAN_POINT ( 'NONE',  ( 6.847425920395727061, 0.1058370883693915410, -20.14999999999999858 ) ) ;
#8553 = CARTESIAN_POINT ( 'NONE',  ( -9.090301572687264908, 3.450702158808567344, -19.55753954060557120 ) ) ;
#8554 = EDGE_CURVE ( 'NONE', #5143, #8413, #1653, .T. ) ;
#8555 = CARTESIAN_POINT ( 'NONE',  ( -3.743519302641370672, 6.071213333782123911, 0.000000000000000000 ) ) ;
#8556 = CARTESIAN_POINT ( 'NONE',  ( 3.436995111541284231, 5.832777844328277617, -20.14999999999999858 ) ) ;
#8557 = ORIENTED_EDGE ( 'NONE', *, *, #3241, .F. ) ;
#8558 = LINE ( 'NONE', #695, #1755 ) ;
#8559 = EDGE_CURVE ( 'NONE', #2912, #3961, #7262, .T. ) ;
#8560 = AXIS2_PLACEMENT_3D ( 'NONE', #2190, #7138, #65 ) ;
#8561 = ORIENTED_EDGE ( 'NONE', *, *, #6324, .T. ) ;
#8562 = ORIENTED_EDGE ( 'NONE', *, *, #2108, .T. ) ;
#8563 = DIRECTION ( 'NONE',  ( -1.000000000000000000, 0.000000000000000000, 0.000000000000000000 ) ) ;
#8564 = CARTESIAN_POINT ( 'NONE',  ( -12.33992941965994738, 5.969761033842667430, -6.800000000000000711 ) ) ;
#8565 = LINE ( 'NONE', #1490, #8597 ) ;
#8566 = CARTESIAN_POINT ( 'NONE',  ( -3.925930797505534198, -5.999558816904969838, -19.57085521401372574 ) ) ;
#8567 = CARTESIAN_POINT ( 'NONE',  ( 7.878462024097640182, -1.389185421335560111, 0.000000000000000000 ) ) ;
#8568 = CARTESIAN_POINT ( 'NONE',  ( -8.079936033698063014, 1.336711784700401751, -20.15000000000000568 ) ) ;
#8569 = DIRECTION ( 'NONE',  ( -1.000000000000000000, 0.000000000000000000, 0.000000000000000000 ) ) ;
#8570 = VECTOR ( 'NONE', #3938, 1000.000000000000000 ) ;
#8571 = ORIENTED_EDGE ( 'NONE', *, *, #5375, .F. ) ;
#8572 = FACE_OUTER_BOUND ( 'NONE', #5222, .T. ) ;
#8573 = CIRCLE ( 'NONE', #6347, 7.099999999999876188 ) ;
#8574 = ORIENTED_EDGE ( 'NONE', *, *, #1646, .T. ) ;
#8575 = DIRECTION ( 'NONE',  ( 1.331983246649589957E-16, 1.526556658859590046E-15, -1.000000000000000000 ) ) ;
#8576 = CARTESIAN_POINT ( 'NONE',  ( -0.5207091678537876245, -9.918452694974746464, -19.55622322694441451 ) ) ;
#8577 = CARTESIAN_POINT ( 'NONE',  ( -2.642342299671609052, -8.026007019998264269, -20.15000000000000213 ) ) ;
#8578 = CARTESIAN_POINT ( 'NONE',  ( 3.147407744758945025, 6.351303095091207496, -19.57110111525847884 ) ) ;
#8579 = AXIS2_PLACEMENT_3D ( 'NONE', #2411, #5188, #4586 ) ;
#8580 = LINE ( 'NONE', #27, #7066 ) ;
#8581 = ORIENTED_EDGE ( 'NONE', *, *, #6897, .T. ) ;
#8582 = VECTOR ( 'NONE', #6831, 1000.000000000000114 ) ;
#8583 = DIRECTION ( 'NONE',  ( 0.000000000000000000, 0.000000000000000000, 1.000000000000000000 ) ) ;
#8584 = CARTESIAN_POINT ( 'NONE',  ( -4.658665034525529880E-15, 5.253631760259039650E-15, 3.999999999999929834 ) ) ;
#8585 = CARTESIAN_POINT ( 'NONE',  ( 5.709368333063983059, 6.890122356305638185, -19.56233458392611269 ) ) ;
#8586 = CARTESIAN_POINT ( 'NONE',  ( -3.458633112651087416, -15.96347694171148390, 0.000000000000000000 ) ) ;
#8587 = ADVANCED_FACE ( 'NONE', ( #675 ), #3496, .F. ) ;
#8588 = VECTOR ( 'NONE', #7096, 1000.000000000000000 ) ;
#8589 = B_SPLINE_CURVE_WITH_KNOTS ( 'NONE', 3,
 ( #2194, #4280, #6394, #6536, #7182, #4453, #3631, #5103, #117, #7143, #2978, #940, #1553, #6484, #7924, #5065, #2932, #5795, #7271, #6216, #6438, #8664, #208, #1591, #9045, #807, #5744, #2018, #1635, #5525, #895, #163, #4410, #8577, #852, #7787, #2290, #2708, #70, #8625, #7225, #8341 ),
 .UNSPECIFIED., .F., .F.,
 ( 4, 2, 2, 2, 2, 2, 2, 2, 2, 2, 2, 2, 2, 2, 2, 2, 2, 2, 2, 2, 4 ),
 ( 0.000000000000000000, 0.06249999999999945877, 0.1249999999999989175, 0.1874999999999983902, 0.2187499999999984457, 0.2499999999999985012, 0.2812499999999985567, 0.3124999999999986122, 0.3437499999999987232, 0.3749999999999988343, 0.4062499999999990008, 0.4374999999999991673, 0.4999999999999994449, 0.6249999999999998890, 0.6875000000000001110, 0.7500000000000003331, 0.7812500000000003331, 0.8125000000000003331, 0.8750000000000002220, 0.9375000000000001110, 1.000000000000000000 ),
 .UNSPECIFIED. ) ;
#8590 = CARTESIAN_POINT ( 'NONE',  ( 5.846215827308542501, 6.265376435609763206, -20.14999999999999503 ) ) ;
#8591 = VERTEX_POINT ( 'NONE', #4980 ) ;
#8592 = ORIENTED_EDGE ( 'NONE', *, *, #7504, .T. ) ;
#8593 = CARTESIAN_POINT ( 'NONE',  ( -2.072075876618761914, -9.328071496746959568, -19.55863231682429770 ) ) ;
#8594 = ORIENTED_EDGE ( 'NONE', *, *, #4414, .F. ) ;
#8595 = VECTOR ( 'NONE', #3451, 1000.000000000000000 ) ;
#8596 = CARTESIAN_POINT ( 'NONE',  ( -16.05609281500524332, 5.228598966482370436, 0.000000000000000000 ) ) ;
#8597 = VECTOR ( 'NONE', #2181, 1000.000000000000000 ) ;
#8598 = CARTESIAN_POINT ( 'NONE',  ( 4.576286771012731514, -1.929263113220998527, -20.14999999999997726 ) ) ;
#8599 = CARTESIAN_POINT ( 'NONE',  ( -8.225064649504409076, 5.487117114291653941, -19.55643747739536664 ) ) ;
#8600 = CARTESIAN_POINT ( 'NONE',  ( -3.672108048166250249, 6.652292183240691159, -12.76297586611199009 ) ) ;
#8601 = CARTESIAN_POINT ( 'NONE',  ( -1.760056281197265760, 5.138436084148282568, -20.15000000000000213 ) ) ;
#8602 = EDGE_CURVE ( 'NONE', #5685, #2353, #5619, .T. ) ;
#8603 = CIRCLE ( 'NONE', #476, 18.00000000000000000 ) ;
#8604 = ORIENTED_EDGE ( 'NONE', *, *, #8757, .F. ) ;
#8605 = CARTESIAN_POINT ( 'NONE',  ( 12.55614593867742812, 11.29068478007414988, 0.000000000000000000 ) ) ;
#8606 = VECTOR ( 'NONE', #2604, 1000.000000000000000 ) ;
#8607 = VERTEX_POINT ( 'NONE', #723 ) ;
#8608 = ORIENTED_EDGE ( 'NONE', *, *, #5860, .F. ) ;
#8609 = B_SPLINE_CURVE_WITH_KNOTS ( 'NONE', 3,
 ( #3901, #4589, #1723, #4543, #2370, #5374, #6703, #378, #3195, #6007 ),
 .UNSPECIFIED., .F., .F.,
 ( 4, 2, 2, 2, 4 ),
 ( 0.000000000000000000, 0.0004087911710027023783, 0.0008175823420054047566, 0.001226373513008107135, 0.001635164684010809513 ),
 .UNSPECIFIED. ) ;
#8610 = CARTESIAN_POINT ( 'NONE',  ( 16.79884389200626060, 10.85351758150342683, 0.000000000000000000 ) ) ;
#8611 = DIRECTION ( 'NONE',  ( -0.000000000000000000, -0.000000000000000000, 1.000000000000000000 ) ) ;
#8612 = CARTESIAN_POINT ( 'NONE',  ( -1.403629129512125442E-13, -12.50000000000000355, -5.800000000000000711 ) ) ;
#8613 = CARTESIAN_POINT ( 'NONE',  ( -3.928673654083188360, -5.802216361843947290, -19.57134797863134068 ) ) ;
#8614 = CARTESIAN_POINT ( 'NONE',  ( -12.33992941965994738, 5.969761033842665654, -11.07233974769973983 ) ) ;
#8615 = CARTESIAN_POINT ( 'NONE',  ( -8.132465876784721104, 1.431818371226666331, -20.14999999999999147 ) ) ;
#8616 = CARTESIAN_POINT ( 'NONE',  ( 6.226357832181133034, 6.894323926026969751, -20.15000000000000924 ) ) ;
#8617 = VECTOR ( 'NONE', #1581, 1000.000000000000000 ) ;
#8618 = ORIENTED_EDGE ( 'NONE', *, *, #8323, .T. ) ;
#8619 = ADVANCED_FACE ( 'NONE', ( #4288 ), #2800, .T. ) ;
#8620 = CARTESIAN_POINT ( 'NONE',  ( -13.35292748933942342, 5.399915203681437958, -12.00000000000000000 ) ) ;
#8621 = DIRECTION ( 'NONE',  ( 0.000000000000000000, 0.000000000000000000, 1.000000000000000000 ) ) ;
#8622 = EDGE_LOOP ( 'NONE', ( #8581, #3969, #6188, #7620 ) ) ;
#8623 = CARTESIAN_POINT ( 'NONE',  ( -1.600000000000262101, -16.50000000000000000, 4.000000000000000000 ) ) ;
#8624 = CARTESIAN_POINT ( 'NONE',  ( -1.036311847226468297, -9.814327350628209601, -19.55665155504436470 ) ) ;
#8625 = CARTESIAN_POINT ( 'NONE',  ( -3.309399004798862620, -6.436348964929504035, -20.14999999999999858 ) ) ;
#8626 = CARTESIAN_POINT ( 'NONE',  ( -4.758292052727337129, -2.747563552188760472, -19.57596548422055349 ) ) ;
#8627 = CARTESIAN_POINT ( 'NONE',  ( -2.620126338115370445E-13, -16.50000000000000000, 2.200000000000000178 ) ) ;
#8628 = ORIENTED_EDGE ( 'NONE', *, *, #2219, .F. ) ;
#8629 = DIRECTION ( 'NONE',  ( 0.000000000000000000, 0.000000000000000000, 1.000000000000000000 ) ) ;
#8630 = CARTESIAN_POINT ( 'NONE',  ( 4.049248172075082586, -5.845636775475525404, 0.000000000000000000 ) ) ;
#8631 = CARTESIAN_POINT ( 'NONE',  ( 9.064217428330783477, 3.635725355785615953, -19.55725237999120125 ) ) ;
#8632 = PRODUCT_CONTEXT ( 'NONE', #8396, 'mechanical' ) ;
#8633 = CARTESIAN_POINT ( 'NONE',  ( 7.137251604196066523, 5.702781078733517361, -20.15000000000000568 ) ) ;
#8634 = EDGE_LOOP ( 'NONE', ( #6268, #741, #8327, #143 ) ) ;
#8635 = CARTESIAN_POINT ( 'NONE',  ( 0.7009661018430538570, -9.856017051584737843, -19.55648126118294172 ) ) ;
#8636 = ORIENTED_EDGE ( 'NONE', *, *, #6718, .T. ) ;
#8637 = CARTESIAN_POINT ( 'NONE',  ( -12.05628077583929425, 4.928859871822732330, -11.97894388834214574 ) ) ;
#8638 = SURFACE_SIDE_STYLE ('',( #7243 ) ) ;
#8639 = CARTESIAN_POINT ( 'NONE',  ( 5.034835976898069276, 6.325574487304804094, -20.15000000000001279 ) ) ;
#8640 = CARTESIAN_POINT ( 'NONE',  ( -8.338411484954143305, 5.407447653643571606, -12.69999995247172109 ) ) ;
#8641 = CARTESIAN_POINT ( 'NONE',  ( 3.519583630570145338, 5.879543106857313184, -20.15000000000000924 ) ) ;
#8642 = ORIENTED_EDGE ( 'NONE', *, *, #223, .F. ) ;
#8643 = DIRECTION ( 'NONE',  ( 0.000000000000000000, 0.000000000000000000, 1.000000000000000000 ) ) ;
#8644 = VERTEX_POINT ( 'NONE', #4241 ) ;
#8645 = VERTEX_POINT ( 'NONE', #772 ) ;
#8646 = CARTESIAN_POINT ( 'NONE',  ( 12.80250078915869949, -2.257426309670280240, 3.999999999999949818 ) ) ;
#8647 = CARTESIAN_POINT ( 'NONE',  ( -18.84355630229910972, 9.724631765243367809, -6.800000000000000711 ) ) ;
#8648 = CARTESIAN_POINT ( 'NONE',  ( 5.551115123125779744E-16, -9.614813431917820561E-16, 2.000000000000000000 ) ) ;
#8649 = EDGE_CURVE ( 'NONE', #8522, #1649, #2983, .T. ) ;
#8650 = CARTESIAN_POINT ( 'NONE',  ( -3.369153607419434149, -5.227365069652657681, -20.14999999999998792 ) ) ;
#8651 = CARTESIAN_POINT ( 'NONE',  ( 14.32435137758119659, 2.250101689166026375, -0.9999999999999974465 ) ) ;
#8652 = AXIS2_PLACEMENT_3D ( 'NONE', #4751, #538, #2667 ) ;
#8653 = CARTESIAN_POINT ( 'NONE',  ( -7.995110209789008771, 1.196858869739138020, -20.14999999999999503 ) ) ;
#8654 = CIRCLE ( 'NONE', #1123, 0.8999999999999998002 ) ;
#8655 = DIRECTION ( 'NONE',  ( -0.6144204576058862610, -0.3499821442236354385, 0.7071067811865473507 ) ) ;
#8656 = EDGE_CURVE ( 'NONE', #8317, #4631, #7848, .T. ) ;
#8657 = ORIENTED_EDGE ( 'NONE', *, *, #5769, .T. ) ;
#8658 = DIRECTION ( 'NONE',  ( -0.6427876096865482447, 0.7660444431189705750, -4.336808689942016750E-16 ) ) ;
#8659 = CIRCLE ( 'NONE', #819, 2.999999999999999112 ) ;
#8660 = VERTEX_POINT ( 'NONE', #7052 ) ;
#8661 = EDGE_CURVE ( 'NONE', #2273, #4214, #5802, .T. ) ;
#8662 = DIRECTION ( 'NONE',  ( 0.000000000000000000, 0.000000000000000000, 1.000000000000000000 ) ) ;
#8663 = DIRECTION ( 'NONE',  ( 0.000000000000000000, 0.000000000000000000, 1.000000000000000000 ) ) ;
#8664 = CARTESIAN_POINT ( 'NONE',  ( 0.8609466930388149919, -9.213587759009797651, -20.15000000000000568 ) ) ;
#8665 = CARTESIAN_POINT ( 'NONE',  ( 3.178858906020838315, 6.368967423907084147, -19.57101109052363341 ) ) ;
#8666 = EDGE_CURVE ( 'NONE', #6373, #8607, #3641, .T. ) ;
#8667 = DIRECTION ( 'NONE',  ( 1.000000000000000000, 0.000000000000000000, 0.000000000000000000 ) ) ;
#8668 = ORIENTED_EDGE ( 'NONE', *, *, #668, .F. ) ;
#8669 = FACE_OUTER_BOUND ( 'NONE', #6339, .T. ) ;
#8670 = CARTESIAN_POINT ( 'NONE',  ( 4.049248172075082586, -5.845636775475525404, -13.13703335437519826 ) ) ;
#8671 = AXIS2_PLACEMENT_3D ( 'NONE', #8356, #3415, #5363 ) ;
#8672 = CARTESIAN_POINT ( 'NONE',  ( 8.817651901744632426, 4.498233362744834984, -19.55636026069282707 ) ) ;
#8673 = DIRECTION ( 'NONE',  ( 0.8660254037844414832, 0.4999999999999950595, -0.000000000000000000 ) ) ;
#8674 = ORIENTED_EDGE ( 'NONE', *, *, #648, .T. ) ;
#8675 = CARTESIAN_POINT ( 'NONE',  ( -1.619528612777883403, -9.569995669027081320, -19.55765335133632021 ) ) ;
#8676 = ORIENTED_EDGE ( 'NONE', *, *, #1773, .T. ) ;
#8677 = DIRECTION ( 'NONE',  ( 0.000000000000000000, 0.000000000000000000, -1.000000000000000000 ) ) ;
#8678 = CARTESIAN_POINT ( 'NONE',  ( 2.651802272638759887E-14, 9.580588552888340059E-15, 0.000000000000000000 ) ) ;
#8679 = CARTESIAN_POINT ( 'NONE',  ( -4.177406016977204040, 6.791832074417039067, -19.56743493121498645 ) ) ;
#8680 = DIRECTION ( 'NONE',  ( 0.000000000000000000, 0.000000000000000000, -1.000000000000000000 ) ) ;
#8681 = AXIS2_PLACEMENT_3D ( 'NONE', #8551, #4992, #92 ) ;
#8682 = CARTESIAN_POINT ( 'NONE',  ( -3.506920957664610761, 5.872289858310704602, -20.14999999999997726 ) ) ;
#8683 = VERTEX_POINT ( 'NONE', #8392 ) ;
#8684 = CARTESIAN_POINT ( 'NONE',  ( -8.919002817745560271E-14, -4.091759200217468951E-14, 3.999999999999929834 ) ) ;
#8685 = ORIENTED_EDGE ( 'NONE', *, *, #2764, .T. ) ;
#8686 = ORIENTED_EDGE ( 'NONE', *, *, #4791, .F. ) ;
#8687 = CARTESIAN_POINT ( 'NONE',  ( 17.70660491643342738, 9.299712156053795198, -6.185367226245919170 ) ) ;
#8688 = VECTOR ( 'NONE', #2588, 1000.000000000000000 ) ;
#8689 = DIRECTION ( 'NONE',  ( -0.8660254037844414832, -0.4999999999999950595, 0.000000000000000000 ) ) ;
#8690 = CARTESIAN_POINT ( 'NONE',  ( 0.000000000000000000, 0.000000000000000000, 4.000000000000000000 ) ) ;
#8691 = CARTESIAN_POINT ( 'NONE',  ( -3.343412140304933722, -5.573476698168660981, -20.14999999999999503 ) ) ;
#8692 = CARTESIAN_POINT ( 'NONE',  ( 4.165487779878512598, -4.169922427660253561, -19.57475522083770159 ) ) ;
#8693 = CARTESIAN_POINT ( 'NONE',  ( -4.868755837069914882, 6.313770342839958971, -20.14999999999998082 ) ) ;
#8694 = CARTESIAN_POINT ( 'NONE',  ( 8.595302132560535213, 4.962500000000041211, -12.69999999999999751 ) ) ;
#8695 = AXIS2_PLACEMENT_3D ( 'NONE', #1267, #9038, #7644 ) ;
#8696 = EDGE_CURVE ( 'NONE', #4989, #2310, #1304, .T. ) ;
#8697 = EDGE_LOOP ( 'NONE', ( #4709, #5402, #6258, #1141 ) ) ;
#8698 = CARTESIAN_POINT ( 'NONE',  ( 3.430400144612475444, -4.763438125141971291, -20.15000000000000213 ) ) ;
#8699 = CARTESIAN_POINT ( 'NONE',  ( -2.196548124015478663E-13, -20.00000000000000000, -5.800000000000000711 ) ) ;
#8700 = FACE_OUTER_BOUND ( 'NONE', #5748, .T. ) ;
#8701 = VERTEX_POINT ( 'NONE', #4886 ) ;
#8702 = CARTESIAN_POINT ( 'NONE',  ( -17.38654627162367561, 9.885618489400572528, -5.800000000000003375 ) ) ;
#8703 = CIRCLE ( 'NONE', #4715, 18.00000000000000000 ) ;
#8704 = DIRECTION ( 'NONE',  ( 1.070456406326679942E-15, 1.275720267955269872E-15, 1.000000000000000000 ) ) ;
#8705 = CARTESIAN_POINT ( 'NONE',  ( 5.213530464874098769, -13.53030303030311998, 0.000000000000000000 ) ) ;
#8706 = ADVANCED_FACE ( 'NONE', ( #5026 ), #1881, .T. ) ;
#8707 = CARTESIAN_POINT ( 'NONE',  ( 1.801671371608542405, 5.769981750132902043, -19.57429453956847354 ) ) ;
#8708 = ADVANCED_FACE ( 'NONE', ( #3714 ), #2923, .F. ) ;
#8709 = CARTESIAN_POINT ( 'NONE',  ( -8.999026535611712063, -10.72462220366560182, 0.000000000000000000 ) ) ;
#8710 = ORIENTED_EDGE ( 'NONE', *, *, #754, .F. ) ;
#8711 = EDGE_CURVE ( 'NONE', #5448, #684, #6524, .T. ) ;
#8712 = CARTESIAN_POINT ( 'NONE',  ( -10.89162701952938761, 6.135148625085134810, -5.800000000000001599 ) ) ;
#8713 = CARTESIAN_POINT ( 'NONE',  ( -1.110223024625159893E-15, 0.000000000000000000, 2.000000000000000000 ) ) ;
#8714 = CARTESIAN_POINT ( 'NONE',  ( 0.000000000000000000, 0.000000000000000000, 4.000000000000000000 ) ) ;
#8715 = CARTESIAN_POINT ( 'NONE',  ( 8.381336715503135082, 0.5360068965513410388, -12.75466542506958412 ) ) ;
#8716 = AXIS2_PLACEMENT_3D ( 'NONE', #1788, #6117, #439 ) ;
#8717 = CARTESIAN_POINT ( 'NONE',  ( 8.818407202509208176, 1.496523063095738015, -19.56234994255182613 ) ) ;
#8718 = CARTESIAN_POINT ( 'NONE',  ( 7.045984150922375733, 5.766182443120897894, -20.15000000000000568 ) ) ;
#8719 = CIRCLE ( 'NONE', #4000, 0.9000000000000000222 ) ;
#8720 = EDGE_CURVE ( 'NONE', #4694, #6291, #4272, .T. ) ;
#8721 = VERTEX_POINT ( 'NONE', #1850 ) ;
#8722 = CARTESIAN_POINT ( 'NONE',  ( 0.3176309002166869955, -9.906333568938338274, -19.55627376880666901 ) ) ;
#8723 = VERTEX_POINT ( 'NONE', #6565 ) ;
#8724 = DIRECTION ( 'NONE',  ( -0.4999999999999998890, 0.8660254037844388186, 0.000000000000000000 ) ) ;
#8725 = CARTESIAN_POINT ( 'NONE',  ( -2.620126338115370445E-13, -16.50000000000000000, 0.000000000000000000 ) ) ;
#8726 = CARTESIAN_POINT ( 'NONE',  ( 5.198347617300057344, 6.329071697547794528, -20.14999999999998082 ) ) ;
#8727 = CARTESIAN_POINT ( 'NONE',  ( 8.338411484954113106, 5.407447653643648877, -20.14999999999999858 ) ) ;
#8728 = CIRCLE ( 'NONE', #6056, 16.50000000000000355 ) ;
#8729 = CARTESIAN_POINT ( 'NONE',  ( -1.386265689784069499, -19.95211368490228665, -11.80022346716295090 ) ) ;
#8730 = ORIENTED_EDGE ( 'NONE', *, *, #7765, .F. ) ;
#8731 = DIRECTION ( 'NONE',  ( 0.000000000000000000, 0.000000000000000000, -1.000000000000000000 ) ) ;
#8732 = ORIENTED_EDGE ( 'NONE', *, *, #6451, .T. ) ;
#8733 = ADVANCED_FACE ( 'NONE', ( #6654 ), #5959, .F. ) ;
#8734 = VERTEX_POINT ( 'NONE', #3146 ) ;
#8735 = CARTESIAN_POINT ( 'NONE',  ( 0.000000000000000000, 0.000000000000000000, 4.000000000000000000 ) ) ;
#8736 = AXIS2_PLACEMENT_3D ( 'NONE', #2759, #7062, #685 ) ;
#8737 = LINE ( 'NONE', #7340, #8432 ) ;
#8738 = CARTESIAN_POINT ( 'NONE',  ( -7.231222943004702586, 0.3541492144846234424, -20.14999999999999503 ) ) ;
#8739 = CARTESIAN_POINT ( 'NONE',  ( -3.426645871446126534, -4.769921474958202623, -20.15000000000001279 ) ) ;
#8740 = B_SPLINE_CURVE_WITH_KNOTS ( 'NONE', 3,
 ( #7210, #3044, #5859, #3707, #8687, #5817, #5128, #1666 ),
 .UNSPECIFIED., .F., .F.,
 ( 4, 2, 2, 4 ),
 ( 0.000000000000000000, 0.0003906005473541947453, 0.0007812010947083894907, 0.001562402189416777247 ),
 .UNSPECIFIED. ) ;
#8741 = CARTESIAN_POINT ( 'NONE',  ( 3.925952324554717432, -5.988542294225212004, -19.57088293738263118 ) ) ;
#8742 = CARTESIAN_POINT ( 'NONE',  ( -7.506613756146284899, 5.392045977476826124, -20.14999999999999858 ) ) ;
#8743 = CARTESIAN_POINT ( 'NONE',  ( 8.381336715503135082, 0.5360068965513410388, -20.14999999999997371 ) ) ;
#8744 = AXIS2_PLACEMENT_3D ( 'NONE', #1612, #8680, #358 ) ;
#8745 = ORIENTED_EDGE ( 'NONE', *, *, #6271, .F. ) ;
#8746 = CARTESIAN_POINT ( 'NONE',  ( 3.332020230415906781, -5.999086572339304979, -20.14999999999999858 ) ) ;
#8747 = CARTESIAN_POINT ( 'NONE',  ( -3.506623387193939531E-13, -5.999999999999777067, -13.14999999999999858 ) ) ;
#8748 = CARTESIAN_POINT ( 'NONE',  ( 8.463329311659933296, 4.886305456327358243, -12.71710094002931513 ) ) ;
#8749 = ORIENTED_EDGE ( 'NONE', *, *, #2611, .F. ) ;
#8750 = AXIS2_PLACEMENT_3D ( 'NONE', #4196, #34, #7801 ) ;
#8751 = DIRECTION ( 'NONE',  ( -0.000000000000000000, -0.000000000000000000, 1.000000000000000000 ) ) ;
#8752 = CIRCLE ( 'NONE', #4466, 11.99999999999998046 ) ;
#8753 = DIRECTION ( 'NONE',  ( 0.8660254037844332675, -0.5000000000000093259, 0.000000000000000000 ) ) ;
#8754 = DIRECTION ( 'NONE',  ( -0.000000000000000000, -0.000000000000000000, 1.000000000000000000 ) ) ;
#8755 = ADVANCED_FACE ( 'NONE', ( #240 ), #2768, .T. ) ;
#8756 = CARTESIAN_POINT ( 'NONE',  ( 3.233524541574564370, 6.400149274503408314, -19.57085226997972072 ) ) ;
#8757 = EDGE_CURVE ( 'NONE', #4214, #309, #2835, .T. ) ;
#8758 = ORIENTED_EDGE ( 'NONE', *, *, #8938, .T. ) ;
#8759 = DIRECTION ( 'NONE',  ( -0.9848077530122054668, 0.1736481776669451527, 0.000000000000000000 ) ) ;
#8760 = ORIENTED_EDGE ( 'NONE', *, *, #8078, .T. ) ;
#8761 = FACE_OUTER_BOUND ( 'NONE', #1775, .T. ) ;
#8762 = DIRECTION ( 'NONE',  ( 0.6427876071498946908, -0.7660444452474756138, 0.000000000000000000 ) ) ;
#8763 = CARTESIAN_POINT ( 'NONE',  ( 9.510481514957557891, -14.69015797578945204, 0.000000000000000000 ) ) ;
#8764 = EDGE_CURVE ( 'NONE', #7578, #5108, #7706, .T. ) ;
#8765 = CARTESIAN_POINT ( 'NONE',  ( 9.083838577948762705, 1.945022092707630046, -20.15000000000003766 ) ) ;
#8766 = CARTESIAN_POINT ( 'NONE',  ( 7.970539188197468761, 0.2217612570032499175, -19.56743523378395366 ) ) ;
#8767 = CARTESIAN_POINT ( 'NONE',  ( 7.050301612229402437, 0.2234073847887104169, -20.14999999999999503 ) ) ;
#8768 = VERTEX_POINT ( 'NONE', #3036 ) ;
#8769 = CARTESIAN_POINT ( 'NONE',  ( -1.079157058375434852, -9.768056623042037145, -19.55684148959002755 ) ) ;
#8770 = ORIENTED_EDGE ( 'NONE', *, *, #2595, .T. ) ;
#8771 = ADVANCED_FACE ( 'NONE', ( #6552 ), #7943, .F. ) ;
#8772 = DIRECTION ( 'NONE',  ( 0.000000000000000000, 0.000000000000000000, 1.000000000000000000 ) ) ;
#8773 = CARTESIAN_POINT ( 'NONE',  ( 4.707859506796516769, 6.294260283390453736, -20.15000000000000213 ) ) ;
#8774 = CARTESIAN_POINT ( 'NONE',  ( -1.110223024625159893E-15, 0.000000000000000000, 2.000000000000000000 ) ) ;
#8775 = CARTESIAN_POINT ( 'NONE',  ( -14.28941916244310306, 8.250000000000241585, -12.00000000000000000 ) ) ;
#8776 = EDGE_CURVE ( 'NONE', #8285, #42, #8032, .T. ) ;
#8777 = VERTEX_POINT ( 'NONE', #224 ) ;
#8778 = DIRECTION ( 'NONE',  ( -1.281817854665714060E-15, -5.980847967954649450E-16, -1.000000000000000000 ) ) ;
#8779 = ORIENTED_EDGE ( 'NONE', *, *, #579, .F. ) ;
#8780 = VERTEX_POINT ( 'NONE', #5986 ) ;
#8781 = DIRECTION ( 'NONE',  ( 0.000000000000000000, 0.000000000000000000, 1.000000000000000000 ) ) ;
#8782 = PLANE ( 'NONE',  #8874 ) ;
#8783 = DIRECTION ( 'NONE',  ( -0.4999999999999952260, 0.8660254037844413721, 0.000000000000000000 ) ) ;
#8784 = CARTESIAN_POINT ( 'NONE',  ( -3.338085270658333048, -5.689414345743036172, -20.15000000000000568 ) ) ;
#8785 = CARTESIAN_POINT ( 'NONE',  ( 4.690510882663096126, -2.865099041976663319, -19.57596524274302396 ) ) ;
#8786 = CARTESIAN_POINT ( 'NONE',  ( -7.261906660725817808, 5.606903032966228828, -20.14999999999999147 ) ) ;
#8787 = CARTESIAN_POINT ( 'NONE',  ( 6.970391156674932809, -1.423532130147187269, -13.13741828360688224 ) ) ;
#8788 = ORIENTED_EDGE ( 'NONE', *, *, #3440, .F. ) ;
#8789 = CARTESIAN_POINT ( 'NONE',  ( 3.350881747038251035, -5.375234230247168732, -20.15000000000000213 ) ) ;
#8790 = CARTESIAN_POINT ( 'NONE',  ( -4.104241719907849806, 11.27631144943090113, 0.000000000000000000 ) ) ;
#8791 = DIRECTION ( 'NONE',  ( -0.3420201433256560564, 0.9396926207859130908, 0.000000000000000000 ) ) ;
#8792 = VECTOR ( 'NONE', #1362, 1000.000000000000000 ) ;
#8793 = CARTESIAN_POINT ( 'NONE',  ( -17.74969017652671255, 9.218598708114109641, -6.276960557762214066 ) ) ;
#8794 = CARTESIAN_POINT ( 'NONE',  ( -19.34355630229912038, 8.858606361458933875, -11.00000000000000000 ) ) ;
#8795 = DIRECTION ( 'NONE',  ( 0.000000000000000000, 0.000000000000000000, 1.000000000000000000 ) ) ;
#8796 = AXIS2_PLACEMENT_3D ( 'NONE', #8775, #5258, #8077 ) ;
#8797 = AXIS2_PLACEMENT_3D ( 'NONE', #2024, #4106, #6919 ) ;
#8798 = VERTEX_POINT ( 'NONE', #6684 ) ;
#8799 = FACE_OUTER_BOUND ( 'NONE', #7360, .T. ) ;
#8800 = ORIENTED_EDGE ( 'NONE', *, *, #6207, .T. ) ;
#8801 = FACE_BOUND ( 'NONE', #3784, .T. ) ;
#8802 = CARTESIAN_POINT ( 'NONE',  ( -16.79884389200603323, 10.85351758150377854, -11.00000000000000000 ) ) ;
#8803 = CARTESIAN_POINT ( 'NONE',  ( -1.000000000000153877, -13.67157287525377285, -11.00000000000000000 ) ) ;
#8804 = CIRCLE ( 'NONE', #6440, 1.925000000000449019 ) ;
#8805 = EDGE_CURVE ( 'NONE', #5685, #4262, #6067, .T. ) ;
#8806 = CARTESIAN_POINT ( 'NONE',  ( -6.344536900869361062, 3.210939737198291954, -13.19999995247171576 ) ) ;
#8807 = CARTESIAN_POINT ( 'NONE',  ( 9.083047003262468166, 2.485046036629446231, -19.55950793751429728 ) ) ;
#8808 = EDGE_CURVE ( 'NONE', #4560, #7844, #8504, .T. ) ;
#8809 = DIRECTION ( 'NONE',  ( 0.8660254037844414832, 0.4999999999999950040, 0.000000000000000000 ) ) ;
#8810 = VERTEX_POINT ( 'NONE', #959 ) ;
#8811 = CARTESIAN_POINT ( 'NONE',  ( -3.600167601503360792, -7.561009086565374737, -19.56545267110790576 ) ) ;
#8812 = ORIENTED_EDGE ( 'NONE', *, *, #1173, .T. ) ;
#8813 = CARTESIAN_POINT ( 'NONE',  ( -5.213530464874541082, -13.53030303030294945, 0.000000000000000000 ) ) ;
#8814 = EDGE_CURVE ( 'NONE', #4986, #2959, #6525, .T. ) ;
#8815 = DIRECTION ( 'NONE',  ( -0.8660254037844413721, -0.4999999999999952260, 0.000000000000000000 ) ) ;
#8816 = CARTESIAN_POINT ( 'NONE',  ( 16.05609281500541741, 5.228598966481855292, 0.000000000000000000 ) ) ;
#8817 = CARTESIAN_POINT ( 'NONE',  ( -6.869569007797188043, 6.545514813867059800, -19.55905675870428695 ) ) ;
#8818 = CARTESIAN_POINT ( 'NONE',  ( 8.595302132560544095, 4.962500000000044764, -20.14999999999999858 ) ) ;
#8819 = CARTESIAN_POINT ( 'NONE',  ( -3.155020084860143292, 5.682194649891267879, -20.14999999999999147 ) ) ;
#8820 = ADVANCED_FACE ( 'NONE', ( #2349 ), #3173, .F. ) ;
#8821 = VECTOR ( 'NONE', #161, 1000.000000000000000 ) ;
#8822 = EDGE_CURVE ( 'NONE', #407, #3435, #5122, .T. ) ;
#8823 = ORIENTED_EDGE ( 'NONE', *, *, #5153, .T. ) ;
#8824 = CARTESIAN_POINT ( 'NONE',  ( 4.446261863233529787, 12.21600407021689882, 3.999999999999949818 ) ) ;
#8825 = ORIENTED_EDGE ( 'NONE', *, *, #7226, .F. ) ;
#8826 = ORIENTED_EDGE ( 'NONE', *, *, #2338, .F. ) ;
#8827 = CARTESIAN_POINT ( 'NONE',  ( -1.174206863983753069, -9.111919432011509556, -20.15000000000001279 ) ) ;
#8828 = DIRECTION ( 'NONE',  ( 0.000000000000000000, 0.000000000000000000, 1.000000000000000000 ) ) ;
#8829 = CARTESIAN_POINT ( 'NONE',  ( -7.705294858307410344, 0.7997378280617062352, -20.14999999999999858 ) ) ;
#8830 = EDGE_CURVE ( 'NONE', #1937, #8072, #5055, .T. ) ;
#8831 = CARTESIAN_POINT ( 'NONE',  ( -4.400943502588299694, -2.190072181264756779, -20.15000000000000213 ) ) ;
#8832 = CARTESIAN_POINT ( 'NONE',  ( 5.600327212708224422, -1.618104941022452170, -19.57495346187166163 ) ) ;
#8833 = CIRCLE ( 'NONE', #4691, 9.000000000000001776 ) ;
#8834 = CARTESIAN_POINT ( 'NONE',  ( -7.379988671542723644, -0.2644733120273770055, -19.57001382000342460 ) ) ;
#8835 = CARTESIAN_POINT ( 'NONE',  ( 3.386065327529325319, -6.277589482535963050, -13.14533029738477055 ) ) ;
#8836 = ORIENTED_EDGE ( 'NONE', *, *, #7303, .F. ) ;
#8837 = CARTESIAN_POINT ( 'NONE',  ( 17.24975104855482044, 8.745891984294388521, -11.36030756053383151 ) ) ;
#8838 = CARTESIAN_POINT ( 'NONE',  ( 3.468840962490761903, -4.534522130537126827, -20.15000000000000213 ) ) ;
#8839 = CARTESIAN_POINT ( 'NONE',  ( -1.000000000000218714, -19.97498435543816697, -6.800000000000000711 ) ) ;
#8840 = DIRECTION ( 'NONE',  ( -0.8660254037844332675, 0.5000000000000092149, -0.000000000000000000 ) ) ;
#8841 = DIRECTION ( 'NONE',  ( 0.000000000000000000, 0.000000000000000000, 1.000000000000000000 ) ) ;
#8842 = DIRECTION ( 'NONE',  ( 0.000000000000000000, 0.000000000000000000, -1.000000000000000000 ) ) ;
#8843 = DIRECTION ( 'NONE',  ( -0.000000000000000000, -0.000000000000000000, -1.000000000000000000 ) ) ;
#8844 = AXIS2_PLACEMENT_3D ( 'NONE', #5044, #7768, #7670 ) ;
#8845 = VERTEX_POINT ( 'NONE', #3789 ) ;
#8846 = ORIENTED_EDGE ( 'NONE', *, *, #3948, .F. ) ;
#8847 = DIRECTION ( 'NONE',  ( -1.000000000000000000, 0.000000000000000000, 0.000000000000000000 ) ) ;
#8848 = AXIS2_PLACEMENT_3D ( 'NONE', #8532, #6489, #6443 ) ;
#8849 = VERTEX_POINT ( 'NONE', #4519 ) ;
#8850 = DIRECTION ( 'NONE',  ( 1.000000000000000000, 0.000000000000000000, 0.000000000000000000 ) ) ;
#8851 = CARTESIAN_POINT ( 'NONE',  ( -4.961978293186100069E-15, -2.775557561562889773E-14, 0.000000000000000000 ) ) ;
#8852 = CARTESIAN_POINT ( 'NONE',  ( 16.88749537379664289, 9.749999999999907629, -5.800000000000000711 ) ) ;
#8853 = CARTESIAN_POINT ( 'NONE',  ( -6.661724009889491427, -0.6860514627619310746, -20.14999999999999503 ) ) ;
#8854 = CARTESIAN_POINT ( 'NONE',  ( 5.213530464874098769, -13.53030303030311998, -0.9999999999999974465 ) ) ;
#8855 = AXIS2_PLACEMENT_3D ( 'NONE', #3149, #7399, #5232 ) ;
#8856 = CARTESIAN_POINT ( 'NONE',  ( 8.271553068309707157, 1.723835961231629854, -20.15000000000000213 ) ) ;
#8857 = ORIENTED_EDGE ( 'NONE', *, *, #7765, .T. ) ;
#8858 = FACE_OUTER_BOUND ( 'NONE', #3310, .T. ) ;
#8859 = EDGE_LOOP ( 'NONE', ( #6377, #4706, #4473, #4567, #846, #4759, #3884, #2867, #4892, #1585, #3373 ) ) ;
#8860 = CARTESIAN_POINT ( 'NONE',  ( 17.79884389200625350, 9.121466773934541195, -11.26454410153101549 ) ) ;
#8861 = CARTESIAN_POINT ( 'NONE',  ( 9.848077527534529807, -1.736481791344220094, 3.999999999999949818 ) ) ;
#8862 = DIRECTION ( 'NONE',  ( 1.000000000000000000, 0.000000000000000000, 0.000000000000000000 ) ) ;
#8863 = CARTESIAN_POINT ( 'NONE',  ( 6.267757004711455693, 6.150101016625983519, -20.15000000000000213 ) ) ;
#8864 = ADVANCED_FACE ( 'NONE', ( #7332 ), #1794, .F. ) ;
#8865 = CARTESIAN_POINT ( 'NONE',  ( 14.28941916244339971, 8.249999999999779732, 2.200000000000000178 ) ) ;
#8866 = CARTESIAN_POINT ( 'NONE',  ( -1.868403683197035203, -19.91297466960598328, -12.00000000000000000 ) ) ;
#8867 = VECTOR ( 'NONE', #1998, 1000.000000000000000 ) ;
#8868 = VERTEX_POINT ( 'NONE', #1004 ) ;
#8869 = ORIENTED_EDGE ( 'NONE', *, *, #6284, .T. ) ;
#8870 = ORIENTED_EDGE ( 'NONE', *, *, #8150, .T. ) ;
#8871 = CARTESIAN_POINT ( 'NONE',  ( -0.2192213152209376292, -9.319469382639946176, -20.14999999999999147 ) ) ;
#8872 = CARTESIAN_POINT ( 'NONE',  ( 7.395357970803866365, 14.74987052430182821, -0.9999999999999974465 ) ) ;
#8873 = CARTESIAN_POINT ( 'NONE',  ( -3.242483780151763195, -15.17751966655111850, -0.4336069038315862878 ) ) ;
#8874 = AXIS2_PLACEMENT_3D ( 'NONE', #2443, #365, #8085 ) ;
#8875 = CARTESIAN_POINT ( 'NONE',  ( 3.341442221421632386, -5.610719332712739593, -20.14999999999999858 ) ) ;
#8876 = CARTESIAN_POINT ( 'NONE',  ( -7.658911971893101800, 5.234564902840499023, -20.14999999999998792 ) ) ;
#8877 = ADVANCED_FACE ( 'NONE', ( #3131 ), #5947, .T. ) ;
#8878 = CARTESIAN_POINT ( 'NONE',  ( 6.998297538017292041, 1.375331565961100733, 0.000000000000000000 ) ) ;
#8879 = ORIENTED_EDGE ( 'NONE', *, *, #1133, .F. ) ;
#8880 = CARTESIAN_POINT ( 'NONE',  ( 7.159123380233456402, -0.3999517953926782221, -19.57085358692566857 ) ) ;
#8881 = AXIS2_PLACEMENT_3D ( 'NONE', #3354, #2568, #6073 ) ;
#8882 = DIRECTION ( 'NONE',  ( 0.000000000000000000, 0.000000000000000000, 1.000000000000000000 ) ) ;
#8883 = CYLINDRICAL_SURFACE ( 'NONE', #16, 3.499999999999999112 ) ;
#8884 = CARTESIAN_POINT ( 'NONE',  ( -3.369197877401370445, -5.226933432221966491, -20.15000000000000213 ) ) ;
#8885 = CARTESIAN_POINT ( 'NONE',  ( -5.897318214828781713, -1.325132892806633711, -19.57429564634035302 ) ) ;
#8886 = DIRECTION ( 'NONE',  ( -1.070456425336390107E-15, 1.275720252004230014E-15, -1.000000000000000000 ) ) ;
#8887 = CARTESIAN_POINT ( 'NONE',  ( 11.11082091270702676, 11.28020134113662110, -12.00000000000000000 ) ) ;
#8888 = AXIS2_PLACEMENT_3D ( 'NONE', #6593, #7245, #7289 ) ;
#8889 = VECTOR ( 'NONE', #2278, 1000.000000000000000 ) ;
#8890 = EDGE_CURVE ( 'NONE', #8413, #5698, #8286, .T. ) ;
#8891 = VERTEX_POINT ( 'NONE', #446 ) ;
#8892 = FACE_OUTER_BOUND ( 'NONE', #4640, .T. ) ;
#8893 = VECTOR ( 'NONE', #7885, 1000.000000000000000 ) ;
#8894 = VERTEX_POINT ( 'NONE', #4011 ) ;
#8895 = CARTESIAN_POINT ( 'NONE',  ( 3.494773129625563080, 5.865277949251811229, -20.15000000000000213 ) ) ;
#8896 = CARTESIAN_POINT ( 'NONE',  ( 9.110820912707024988, 11.28020134113662110, 0.000000000000000000 ) ) ;
#8897 = CARTESIAN_POINT ( 'NONE',  ( -0.1330857589521898809, -13.49999999999999645, -5.800000000000000711 ) ) ;
#8898 = CARTESIAN_POINT ( 'NONE',  ( -1.545187673422728114, -9.720469190312602592, -20.14999999999993108 ) ) ;
#8899 = DIRECTION ( 'NONE',  ( -1.000000000000000000, 0.000000000000000000, 0.000000000000000000 ) ) ;
#8900 = AXIS2_PLACEMENT_3D ( 'NONE', #7343, #7300, #4489 ) ;
#8901 = CARTESIAN_POINT ( 'NONE',  ( 7.704769416173450125, 0.7990117200837248967, -20.15000000000000213 ) ) ;
#8902 = VERTEX_POINT ( 'NONE', #1932 ) ;
#8903 = DIRECTION ( 'NONE',  ( -0.000000000000000000, -0.000000000000000000, -1.000000000000000000 ) ) ;
#8904 = ORIENTED_EDGE ( 'NONE', *, *, #4005, .T. ) ;
#8905 = LINE ( 'NONE', #7599, #6517 ) ;
#8906 = DIRECTION ( 'NONE',  ( -1.329015233020100057E-15, 3.651439342834109954E-15, -1.000000000000000000 ) ) ;
#8907 = CARTESIAN_POINT ( 'NONE',  ( 9.159339953157539881E-15, 9.769962616701378818E-14, 4.000000000000000000 ) ) ;
#8908 = CARTESIAN_POINT ( 'NONE',  ( 7.265962612956850641, 5.603682549121546508, -20.15000000000000568 ) ) ;
#8909 = LINE ( 'NONE', #1277, #6372 ) ;
#8910 = CARTESIAN_POINT ( 'NONE',  ( 10.78941916244338195, 8.249999999999765521, -0.4999999999999941713 ) ) ;
#8911 = ORIENTED_EDGE ( 'NONE', *, *, #5212, .F. ) ;
#8912 = ORIENTED_EDGE ( 'NONE', *, *, #2896, .F. ) ;
#8913 = EDGE_LOOP ( 'NONE', ( #2026, #6200 ) ) ;
#8914 = CARTESIAN_POINT ( 'NONE',  ( 0.05174386053110355960, -9.325040407919374275, -20.14999999999999503 ) ) ;
#8915 = ORIENTED_EDGE ( 'NONE', *, *, #3632, .T. ) ;
#8916 = CARTESIAN_POINT ( 'NONE',  ( -14.30979628794028002, 4.750059318680560416, -0.5000000000000086597 ) ) ;
#8917 = DIRECTION ( 'NONE',  ( -0.3420201433256579993, -0.9396926207859123137, 0.000000000000000000 ) ) ;
#8918 = CARTESIAN_POINT ( 'NONE',  ( 3.332044024271564098, -5.986908610451717294, -20.15000000000000568 ) ) ;
#8919 = CARTESIAN_POINT ( 'NONE',  ( -2.308076694259606487, -6.748369234145648043, -13.17148535977111656 ) ) ;
#8920 = CARTESIAN_POINT ( 'NONE',  ( -2.336702989046641310, 5.959163073095347762, -19.57320381644374407 ) ) ;
#8921 = ORIENTED_EDGE ( 'NONE', *, *, #79, .T. ) ;
#8922 = CARTESIAN_POINT ( 'NONE',  ( 17.23890890522654828, 8.798188158588592600, -11.00000000000000000 ) ) ;
#8923 = CARTESIAN_POINT ( 'NONE',  ( -11.43743165438824860, 7.314573782921625522, -6.001617403196384259 ) ) ;
#8924 = EDGE_CURVE ( 'NONE', #1228, #4436, #1212, .T. ) ;
#8925 = CARTESIAN_POINT ( 'NONE',  ( 1.552678724602136295, -19.07060567313407162, -11.90252060073898654 ) ) ;
#8926 = LINE ( 'NONE', #560, #612 ) ;
#8927 = CARTESIAN_POINT ( 'NONE',  ( -5.313393770222420542, -1.945135868235181809, -19.57547330894649562 ) ) ;
#8928 = CARTESIAN_POINT ( 'NONE',  ( 4.922996542213149418, 6.921034899338834201, -19.56485234925710515 ) ) ;
#8929 = EDGE_CURVE ( 'NONE', #7505, #5798, #1886, .T. ) ;
#8930 = CARTESIAN_POINT ( 'NONE',  ( -12.80250078915869949, -2.257426309670259812, 0.000000000000000000 ) ) ;
#8931 = ORIENTED_EDGE ( 'NONE', *, *, #390, .T. ) ;
#8932 = CARTESIAN_POINT ( 'NONE',  ( -11.28941916244309951, 8.250000000000220268, -3.000000000000000888 ) ) ;
#8933 = EDGE_CURVE ( 'NONE', #4096, #4832, #8909, .T. ) ;
#8934 = VERTEX_POINT ( 'NONE', #636 ) ;
#8935 = DIRECTION ( 'NONE',  ( 0.000000000000000000, 0.000000000000000000, 1.000000000000000000 ) ) ;
#8936 = DIRECTION ( 'NONE',  ( 0.000000000000000000, 0.000000000000000000, -1.000000000000000000 ) ) ;
#8937 = CARTESIAN_POINT ( 'NONE',  ( 14.32435137758119659, 2.250101689166026375, 0.000000000000000000 ) ) ;
#8938 = EDGE_CURVE ( 'NONE', #7622, #2959, #4059, .T. ) ;
#8939 = CARTESIAN_POINT ( 'NONE',  ( -6.678494095089546612, 2.502929873537376615, 0.000000000000000000 ) ) ;
#8940 = CONICAL_SURFACE ( 'NONE', #973, 1.325000000000436939, 0.7853981633974541632 ) ;
#8941 = DIRECTION ( 'NONE',  ( 0.3420201433256579993, -0.9396926207859123137, 0.000000000000000000 ) ) ;
#8942 = AXIS2_PLACEMENT_3D ( 'NONE', #7459, #437, #6764 ) ;
#8943 = EDGE_CURVE ( 'NONE', #682, #1247, #617, .T. ) ;
#8944 = CARTESIAN_POINT ( 'NONE',  ( 7.840415796452336217, 5.027346021516184926, -20.15000000000000924 ) ) ;
#8945 = VERTEX_POINT ( 'NONE', #6079 ) ;
#8946 = CARTESIAN_POINT ( 'NONE',  ( -3.227041391420157446, -8.229849941445793959, -19.56294527156327590 ) ) ;
#8947 = CIRCLE ( 'NONE', #982, 16.50000000000000355 ) ;
#8948 = ORIENTED_EDGE ( 'NONE', *, *, #3154, .F. ) ;
#8949 = DIRECTION ( 'NONE',  ( -0.000000000000000000, -0.000000000000000000, 1.000000000000000000 ) ) ;
#8950 = CARTESIAN_POINT ( 'NONE',  ( -4.372710078221330399, 6.837156574110635709, -19.56674971047378619 ) ) ;
#8951 = DIRECTION ( 'NONE',  ( -0.000000000000000000, -0.000000000000000000, 1.000000000000000000 ) ) ;
#8952 = CARTESIAN_POINT ( 'NONE',  ( 6.765140021571011353, 5.934707928380737130, -20.14999999999997016 ) ) ;
#8953 = DIRECTION ( 'NONE',  ( 1.000000000000000000, 0.000000000000000000, 0.000000000000000000 ) ) ;
#8954 = CARTESIAN_POINT ( 'NONE',  ( 16.23368793961416046, 11.68192517863497670, -12.00000000000000000 ) ) ;
#8955 = AXIS2_PLACEMENT_3D ( 'NONE', #1126, #5342, #3256 ) ;
#8956 = FACE_OUTER_BOUND ( 'NONE', #497, .T. ) ;
#8957 = ORIENTED_EDGE ( 'NONE', *, *, #7560, .F. ) ;
#8958 = VERTEX_POINT ( 'NONE', #6864 ) ;
#8959 = CARTESIAN_POINT ( 'NONE',  ( 2.797110618780694224, -7.804595627389571355, -20.14999999999998792 ) ) ;
#8960 = VERTEX_POINT ( 'NONE', #2021 ) ;
#8961 = CARTESIAN_POINT ( 'NONE',  ( 0.9999999999998577804, -12.62701665379262117, -6.800000000000000711 ) ) ;
#8962 = DIRECTION ( 'NONE',  ( 0.000000000000000000, 0.000000000000000000, 1.000000000000000000 ) ) ;
#8963 = CARTESIAN_POINT ( 'NONE',  ( 6.852386350996903630, -0.5871424899967124800, -19.57174245060969042 ) ) ;
#8964 = CARTESIAN_POINT ( 'NONE',  ( -9.083838577948794679, 1.945022092707591410, -20.15000000000000924 ) ) ;
#8965 = CIRCLE ( 'NONE', #7334, 18.00000000000000000 ) ;
#8966 = CARTESIAN_POINT ( 'NONE',  ( 1.391163342622507626, 5.658225599666284467, -19.57496089450917864 ) ) ;
#8967 = EDGE_CURVE ( 'NONE', #7991, #8960, #6817, .T. ) ;
#8968 = ORIENTED_EDGE ( 'NONE', *, *, #4042, .F. ) ;
#8969 = FACE_OUTER_BOUND ( 'NONE', #4308, .T. ) ;
#8970 = ORIENTED_EDGE ( 'NONE', *, *, #2876, .T. ) ;
#8971 = DIRECTION ( 'NONE',  ( 0.000000000000000000, 0.000000000000000000, -1.000000000000000000 ) ) ;
#8972 = VECTOR ( 'NONE', #5750, 1000.000000000000000 ) ;
#8973 = DIRECTION ( 'NONE',  ( 0.000000000000000000, 0.000000000000000000, -1.000000000000000000 ) ) ;
#8974 = DIRECTION ( 'NONE',  ( 1.000000000000000000, -1.028313268071524976E-14, 0.000000000000000000 ) ) ;
#8975 = FACE_OUTER_BOUND ( 'NONE', #7904, .T. ) ;
#8976 = DIRECTION ( 'NONE',  ( 0.9848077530122054668, -0.1736481776669451249, 0.000000000000000000 ) ) ;
#8977 = DIRECTION ( 'NONE',  ( -0.000000000000000000, -0.000000000000000000, -1.000000000000000000 ) ) ;
#8978 = ADVANCED_FACE ( 'NONE', ( #7558 ), #8999, .T. ) ;
#8979 = AXIS2_PLACEMENT_3D ( 'NONE', #8138, #6141, #3189 ) ;
#8980 = ORIENTED_EDGE ( 'NONE', *, *, #8547, .F. ) ;
#8981 = CARTESIAN_POINT ( 'NONE',  ( -4.788282006559179571, 13.15569669100280059, 0.000000000000000000 ) ) ;
#8982 = B_SPLINE_CURVE_WITH_KNOTS ( 'NONE', 1,
 ( #7544, #1222 ),
 .UNSPECIFIED., .F., .F.,
 ( 2, 2 ),
 ( 0.000000000000000000, 1.000000000000000000 ),
 .UNSPECIFIED. ) ;
#8983 = ORIENTED_EDGE ( 'NONE', *, *, #4535, .F. ) ;
#8984 = FACE_OUTER_BOUND ( 'NONE', #6567, .T. ) ;
#8985 = CARTESIAN_POINT ( 'NONE',  ( -2.783978281741838590, -8.761506501784495526, -19.56088298745883591 ) ) ;
#8986 = CARTESIAN_POINT ( 'NONE',  ( -5.196152422706641794, 3.000000000000417000, -13.14999999999999858 ) ) ;
#8987 = CYLINDRICAL_SURFACE ( 'NONE', #1429, 2.000000000000039524 ) ;
#8988 = EDGE_CURVE ( 'NONE', #8734, #1020, #9036, .T. ) ;
#8989 = AXIS2_PLACEMENT_3D ( 'NONE', #2419, #4639, #3946 ) ;
#8990 = CARTESIAN_POINT ( 'NONE',  ( 6.437260549481460536, 15.19248750593824937, -1.000000000000011324 ) ) ;
#8991 = CARTESIAN_POINT ( 'NONE',  ( -16.11559148712169431, 10.63097571815565878, -11.54360123813062167 ) ) ;
#8992 = VERTEX_POINT ( 'NONE', #4748 ) ;
#8993 = CYLINDRICAL_SURFACE ( 'NONE', #8716, 1.000000000000000000 ) ;
#8994 = ORIENTED_EDGE ( 'NONE', *, *, #7115, .T. ) ;
#8995 = CARTESIAN_POINT ( 'NONE',  ( 4.521079292170219865, -5.570692439874773250, -0.000000000000000000 ) ) ;
#8996 = FACE_OUTER_BOUND ( 'NONE', #3582, .T. ) ;
#8997 = CONICAL_SURFACE ( 'NONE', #5310, 3.000000000000011546, 0.7853981633974481680 ) ;
#8998 = CARTESIAN_POINT ( 'NONE',  ( 8.447798399905456890, 3.698567063865404680, -20.14999999999997726 ) ) ;
#8999 = CYLINDRICAL_SURFACE ( 'NONE', #8153, 7.099999999999876188 ) ;
#9000 = B_SPLINE_CURVE_WITH_KNOTS ( 'NONE', 3,
 ( #3720, #7092, #1501, #7922, #5699, #4921, #1450, #2882 ),
 .UNSPECIFIED., .F., .F.,
 ( 4, 2, 2, 4 ),
 ( 0.000000000000000000, 0.0003609264839254211314, 0.0007218529678508421544, 0.001443705935701683658 ),
 .UNSPECIFIED. ) ;
#9001 = CARTESIAN_POINT ( 'NONE',  ( -2.772543226248850967, 5.500109920687886067, -20.14999999999999858 ) ) ;
#9002 = ADVANCED_FACE ( 'NONE', ( #7468 ), #1841, .F. ) ;
#9003 = FACE_OUTER_BOUND ( 'NONE', #1129, .T. ) ;
#9004 = VECTOR ( 'NONE', #4215, 999.9999999999998863 ) ;
#9005 = ORIENTED_EDGE ( 'NONE', *, *, #155, .T. ) ;
#9006 = CARTESIAN_POINT ( 'NONE',  ( -0.7575728137137087703, -9.238037836799987801, -20.14999999999998792 ) ) ;
#9007 = ORIENTED_EDGE ( 'NONE', *, *, #7968, .T. ) ;
#9008 = CARTESIAN_POINT ( 'NONE',  ( 5.186956372523891190, 4.919373588458944901, 0.000000000000000000 ) ) ;
#9009 = DIRECTION ( 'NONE',  ( 1.329015178609420183E-15, 3.651439362637980197E-15, 1.000000000000000000 ) ) ;
#9010 = CARTESIAN_POINT ( 'NONE',  ( 6.732694157448853467, -0.6655155640493466418, -19.57208450587247128 ) ) ;
#9011 = CARTESIAN_POINT ( 'NONE',  ( 1.545187673422720565, -9.720469190312629237, -12.70582773874845017 ) ) ;
#9012 = CIRCLE ( 'NONE', #5912, 0.8999999999999998002 ) ;
#9013 = CARTESIAN_POINT ( 'NONE',  ( -2.205327815573957739, 5.907351087815508883, -19.57349732122239061 ) ) ;
#9014 = ORIENTED_EDGE ( 'NONE', *, *, #5430, .T. ) ;
#9015 = PLANE ( 'NONE',  #6162 ) ;
#9016 = VERTEX_POINT ( 'NONE', #537 ) ;
#9017 = VERTEX_POINT ( 'NONE', #1234 ) ;
#9018 = FACE_OUTER_BOUND ( 'NONE', #8859, .T. ) ;
#9019 = AXIS2_PLACEMENT_3D ( 'NONE', #5362, #4662, #6229 ) ;
#9020 = LINE ( 'NONE', #468, #6050 ) ;
#9021 = DIRECTION ( 'NONE',  ( 0.000000000000000000, 0.000000000000000000, 1.000000000000000000 ) ) ;
#9022 = CARTESIAN_POINT ( 'NONE',  ( -4.201483591264406847, -4.040973165213800122, -19.57495346187164031 ) ) ;
#9023 = CARTESIAN_POINT ( 'NONE',  ( 11.35292748933974138, 8.864016818818996057, -12.00000000000000000 ) ) ;
#9024 = CARTESIAN_POINT ( 'NONE',  ( -4.399933215955577737, -16.52424242424235246, 4.000000000000000000 ) ) ;
#9025 = AXIS2_PLACEMENT_3D ( 'NONE', #2356, #3182, #5176 ) ;
#9026 = ORIENTED_EDGE ( 'NONE', *, *, #3384, .F. ) ;
#9027 = DIRECTION ( 'NONE',  ( 0.3420201433256592760, -0.9396926207859118696, 0.000000000000000000 ) ) ;
#9028 = ORIENTED_EDGE ( 'NONE', *, *, #4865, .T. ) ;
#9029 = ADVANCED_FACE ( 'NONE', ( #2666 ), #8211, .F. ) ;
#9030 = VECTOR ( 'NONE', #7988, 999.9999999999998863 ) ;
#9031 = CARTESIAN_POINT ( 'NONE',  ( -5.472322293210499566, 15.03508193257459880, 0.000000000000000000 ) ) ;
#9032 = CARTESIAN_POINT ( 'NONE',  ( 12.11082091270702144, 11.28020134113662110, 0.000000000000000000 ) ) ;
#9033 = CARTESIAN_POINT ( 'NONE',  ( 1.178669125964988342E-28, 6.268901968980452702E-29, 0.000000000000000000 ) ) ;
#9034 = DIRECTION ( 'NONE',  ( -0.000000000000000000, -0.000000000000000000, 1.000000000000000000 ) ) ;
#9035 = ADVANCED_FACE ( 'NONE', ( #7654 ), #6262, .F. ) ;
#9036 = CIRCLE ( 'NONE', #7410, 7.099999999999799805 ) ;
#9037 = CIRCLE ( 'NONE', #3586, 0.9000000000000000222 ) ;
#9038 = DIRECTION ( 'NONE',  ( 0.000000000000000000, 0.000000000000000000, 1.000000000000000000 ) ) ;
#9039 = PLANE ( 'NONE',  #5841 ) ;
#9040 = ORIENTED_EDGE ( 'NONE', *, *, #4318, .F. ) ;
#9041 = CARTESIAN_POINT ( 'NONE',  ( 3.475686976582643251, -14.52020202020208117, -0.9999999999999974465 ) ) ;
#9042 = EDGE_CURVE ( 'NONE', #2755, #963, #1978, .T. ) ;
#9043 = ORIENTED_EDGE ( 'NONE', *, *, #6416, .F. ) ;
#9044 = DIRECTION ( 'NONE',  ( 0.000000000000000000, 0.000000000000000000, -1.000000000000000000 ) ) ;
#9045 = CARTESIAN_POINT ( 'NONE',  ( 0.2134837047731709125, -9.325098552248796580, -20.15000000000000213 ) ) ;
#9046 = CIRCLE ( 'NONE', #3735, 9.000000000000001776 ) ;
#9047 = CYLINDRICAL_SURFACE ( 'NONE', #6952, 9.000000000000001776 ) ;
#9048 = EDGE_CURVE ( 'NONE', #7578, #4776, #8603, .T. ) ;
#9049 = CARTESIAN_POINT ( 'NONE',  ( 7.932164272151671192, 4.890054398401203706, -20.14999999999998792 ) ) ;
#9050 = CARTESIAN_POINT ( 'NONE',  ( 0.1320763918698758255, -20.00000000000000000, -5.800000000000002487 ) ) ;
#9051 = B_SPLINE_CURVE_WITH_KNOTS ( 'NONE', 3,
 ( #8229, #5371, #7531, #9071, #7582, #7674, #8369, #6190, #559, #511 ),
 .UNSPECIFIED., .F., .F.,
 ( 4, 2, 2, 2, 4 ),
 ( 4.750735894131341900E-18, 0.0003933909761702914908, 0.0007867819523405782112, 0.001180172928510864932, 0.001573563904681151652 ),
 .UNSPECIFIED. ) ;
#9052 = CARTESIAN_POINT ( 'NONE',  ( -3.529361253884786720, 5.885163202879862610, -20.14999999999999858 ) ) ;
#9053 = EDGE_CURVE ( 'NONE', #3401, #7807, #1517, .T. ) ;
#9054 = CARTESIAN_POINT ( 'NONE',  ( 7.863013317888466247, 0.6107549121435726924, 2.000000000000000000 ) ) ;
#9055 = ORIENTED_EDGE ( 'NONE', *, *, #179, .T. ) ;
#9056 = VERTEX_POINT ( 'NONE', #1374 ) ;
#9057 = CARTESIAN_POINT ( 'NONE',  ( -1.472471644174919270, -8.982665279288058358, -20.14999999999998437 ) ) ;
#9058 = EDGE_CURVE ( 'NONE', #1691, #3876, #3027, .T. ) ;
#9059 = ORIENTED_EDGE ( 'NONE', *, *, #5924, .T. ) ;
#9060 = CYLINDRICAL_SURFACE ( 'NONE', #1504, 12.00000000000000355 ) ;
#9061 = CYLINDRICAL_SURFACE ( 'NONE', #8671, 1.000000000000000000 ) ;
#9062 = CARTESIAN_POINT ( 'NONE',  ( 3.592821171224509058, -4.012044638465824598, -20.14999999999999147 ) ) ;
#9063 = ADVANCED_FACE ( 'NONE', ( #4243 ), #9143, .T. ) ;
#9064 = CARTESIAN_POINT ( 'NONE',  ( 1.171646193170444716, -7.035210482140605848, -13.19417226125155196 ) ) ;
#9065 = CARTESIAN_POINT ( 'NONE',  ( -3.123683274359254192, 6.338059656313463464, -19.57116949412552742 ) ) ;
#9066 = ORIENTED_EDGE ( 'NONE', *, *, #6048, .F. ) ;
#9067 = DIRECTION ( 'NONE',  ( -0.000000000000000000, -0.000000000000000000, -1.000000000000000000 ) ) ;
#9068 = ORIENTED_EDGE ( 'NONE', *, *, #3724, .F. ) ;
#9069 = ORIENTED_EDGE ( 'NONE', *, *, #5780, .F. ) ;
#9070 = CYLINDRICAL_SURFACE ( 'NONE', #1473, 20.00000000000000000 ) ;
#9071 = CARTESIAN_POINT ( 'NONE',  ( 11.47363322007215380, 7.207791109379186878, -5.927189904025337519 ) ) ;
#9072 = DIRECTION ( 'NONE',  ( -1.000000000000000000, 0.000000000000000000, 0.000000000000000000 ) ) ;
#9073 = CARTESIAN_POINT ( 'NONE',  ( -4.826503996027423860, -2.629552060148994563, -19.57596524274302752 ) ) ;
#9074 = CARTESIAN_POINT ( 'NONE',  ( 7.167466170248171231, 6.426911061385784940, -19.55825085476298852 ) ) ;
#9075 = DIRECTION ( 'NONE',  ( 0.000000000000000000, 0.000000000000000000, 1.000000000000000000 ) ) ;
#9076 = ORIENTED_EDGE ( 'NONE', *, *, #4005, .F. ) ;
#9077 = CARTESIAN_POINT ( 'NONE',  ( -8.356238925925149275, -9.958577760546580393, 3.999999999999949818 ) ) ;
#9078 = ORIENTED_EDGE ( 'NONE', *, *, #4703, .F. ) ;
#9079 = DIRECTION ( 'NONE',  ( 0.000000000000000000, 0.000000000000000000, -1.000000000000000000 ) ) ;
#9080 = CARTESIAN_POINT ( 'NONE',  ( 17.28801028328764389, 2.715639969683133703, 0.000000000000000000 ) ) ;
#9081 = DIRECTION ( 'NONE',  ( 0.000000000000000000, 0.000000000000000000, -1.000000000000000000 ) ) ;
#9082 = CARTESIAN_POINT ( 'NONE',  ( -14.28941916244309951, 8.250000000000220268, -12.00000000000000000 ) ) ;
#9083 = DIRECTION ( 'NONE',  ( 0.000000000000000000, 0.000000000000000000, 1.000000000000000000 ) ) ;
#9084 = CARTESIAN_POINT ( 'NONE',  ( -16.74173180120750004, -2.952019020338040090, 3.999999999999949818 ) ) ;
#9085 = ORIENTED_EDGE ( 'NONE', *, *, #7130, .T. ) ;
#9086 = CARTESIAN_POINT ( 'NONE',  ( 10.92738936467129918, -13.02275553302249911, 2.000000000000000000 ) ) ;
#9087 = VERTEX_POINT ( 'NONE', #7705 ) ;
#9088 = CARTESIAN_POINT ( 'NONE',  ( -4.788282006559179571, 13.15569669100280059, 2.000000000000000000 ) ) ;
#9089 = CIRCLE ( 'NONE', #3640, 0.8999999999999998002 ) ;
#9090 = DIRECTION ( 'NONE',  ( 0.000000000000000000, 0.000000000000000000, -1.000000000000000000 ) ) ;
#9091 = CARTESIAN_POINT ( 'NONE',  ( 7.963800708739225520, 1.148899019258697196, -20.15000000000000213 ) ) ;
#9092 = CARTESIAN_POINT ( 'NONE',  ( 16.30012398138549656, 2.560460542844098519, -12.00000000000000000 ) ) ;
#9093 = EDGE_CURVE ( 'NONE', #4118, #8607, #779, .T. ) ;
#9094 = CIRCLE ( 'NONE', #1115, 14.99999999999999289 ) ;
#9095 = LINE ( 'NONE', #5574, #7456 ) ;
#9096 = ORIENTED_EDGE ( 'NONE', *, *, #7232, .F. ) ;
#9097 = VERTEX_POINT ( 'NONE', #8586 ) ;
#9098 = CARTESIAN_POINT ( 'NONE',  ( -2.738849266158952744, -7.891532295191747259, -20.14999999999999858 ) ) ;
#9099 = B_SPLINE_CURVE_WITH_KNOTS ( 'NONE', 3,
 ( #2220, #7116, #5764, #4898, #3463, #5037, #644, #6272, #1527, #4347 ),
 .UNSPECIFIED., .F., .F.,
 ( 4, 2, 2, 2, 4 ),
 ( 0.000000000000000000, 0.1981218457633114050, 0.3962436915266228654, 0.5943655372899344647, 0.7924873830532459529 ),
 .UNSPECIFIED. ) ;
#9100 = ORIENTED_EDGE ( 'NONE', *, *, #1643, .T. ) ;
#9101 = CARTESIAN_POINT ( 'NONE',  ( 1.178669125964988342E-28, 6.268901968980452702E-29, 0.000000000000000000 ) ) ;
#9102 = CARTESIAN_POINT ( 'NONE',  ( -6.469551324638487699, 6.080747851377217295, -20.15000000000000568 ) ) ;
#9103 = CARTESIAN_POINT ( 'NONE',  ( 0.000000000000000000, 0.000000000000000000, 0.000000000000000000 ) ) ;
#9104 = CARTESIAN_POINT ( 'NONE',  ( 6.149246052818320152, -0.3491608787575825601, -20.15000000000000568 ) ) ;
#9105 = ADVANCED_FACE ( 'NONE', ( #5572 ), #725, .F. ) ;
#9106 = CARTESIAN_POINT ( 'NONE',  ( -9.063220473957988688, 3.641722890698029680, -19.55724362431939767 ) ) ;
#9107 = CIRCLE ( 'NONE', #7470, 0.8999999999999998002 ) ;
#9108 = CARTESIAN_POINT ( 'NONE',  ( -3.924999999999968292, -6.506284946773636335, -20.14999999999999858 ) ) ;
#9109 = CARTESIAN_POINT ( 'NONE',  ( 0.5544149560038699187, 5.519701869397238170, -19.57580946724218407 ) ) ;
#9110 = EDGE_CURVE ( 'NONE', #2490, #8283, #5061, .T. ) ;
#9111 = ORIENTED_EDGE ( 'NONE', *, *, #2820, .F. ) ;
#9112 = CYLINDRICAL_SURFACE ( 'NONE', #1909, 0.8999999999999998002 ) ;
#9113 = VERTEX_POINT ( 'NONE', #2161 ) ;
#9114 = ORIENTED_EDGE ( 'NONE', *, *, #8539, .T. ) ;
#9115 = DIRECTION ( 'NONE',  ( -0.000000000000000000, -0.000000000000000000, 1.000000000000000000 ) ) ;
#9116 = CIRCLE ( 'NONE', #6866, 12.99999999999999112 ) ;
#9117 = EDGE_CURVE ( 'NONE', #4214, #3353, #4327, .T. ) ;
#9118 = CARTESIAN_POINT ( 'NONE',  ( 14.28941916244338017, 8.249999999999765521, -0.4999999999999941713 ) ) ;
#9119 = DIRECTION ( 'NONE',  ( 0.6427876096865452471, -0.7660444431189731285, 0.000000000000000000 ) ) ;
#9120 = CARTESIAN_POINT ( 'NONE',  ( -4.954104594272879858, -1.449377484553359130, -20.15000000000000213 ) ) ;
#9121 = DIRECTION ( 'NONE',  ( 0.9848077478370894644, -0.1736482070164842573, 0.000000000000000000 ) ) ;
#9122 = DIRECTION ( 'NONE',  ( 0.000000000000000000, 0.000000000000000000, 1.000000000000000000 ) ) ;
#9123 = CARTESIAN_POINT ( 'NONE',  ( -7.645579418803352567, 6.198406373954971293, -12.70582745357867793 ) ) ;
#9124 = B_SPLINE_CURVE_WITH_KNOTS ( 'NONE', 3,
 ( #1151, #5104, #2372, #8014, #1681, #1593, #7272, #119, #7227, #2248, #2331, #5238, #8626 ),
 .UNSPECIFIED., .F., .F.,
 ( 4, 1, 1, 1, 1, 1, 1, 1, 1, 1, 4 ),
 ( 0.000000000000000000, 0.01595398205637967026, 0.03183753040352454988, 0.06348496360226284219, 0.1263848809862947176, 0.1936434934945500119, 0.2514085111189304222, 0.3170848162797160197, 0.3803087724236309253, 0.4411102215693773476, 0.4995316833834280157 ),
 .UNSPECIFIED. ) ;
#9125 = VERTEX_POINT ( 'NONE', #3498 ) ;
#9126 = ADVANCED_FACE ( 'NONE', ( #7850 ), #83, .F. ) ;
#9127 = CARTESIAN_POINT ( 'NONE',  ( 11.28941916244308530, 8.250000000000413891, -11.86602540378481585 ) ) ;
#9128 = ORIENTED_EDGE ( 'NONE', *, *, #6114, .F. ) ;
#9129 = CARTESIAN_POINT ( 'NONE',  ( 11.94766317269326805, 10.85809541792654009, -0.1350225676813816555 ) ) ;
#9130 = CARTESIAN_POINT ( 'NONE',  ( -3.821877040810977899, -6.900038990339427691, -19.56783487525584775 ) ) ;
#9131 = CARTESIAN_POINT ( 'NONE',  ( -5.142300877492400168, -6.128355544951749501, 0.000000000000000000 ) ) ;
#9132 = CIRCLE ( 'NONE', #7795, 1.600000000000000755 ) ;
#9133 = LINE ( 'NONE', #1454, #1279 ) ;
#9134 = CYLINDRICAL_SURFACE ( 'NONE', #1951, 12.00000000000000000 ) ;
#9135 = LINE ( 'NONE', #8824, #6762 ) ;
#9136 = VECTOR ( 'NONE', #213, 1000.000000000000000 ) ;
#9137 = VERTEX_POINT ( 'NONE', #3643 ) ;
#9138 = CARTESIAN_POINT ( 'NONE',  ( 11.33992941966018542, 7.701811841411313253, -11.00000000000000000 ) ) ;
#9139 = ORIENTED_EDGE ( 'NONE', *, *, #4477, .F. ) ;
#9140 = DIRECTION ( 'NONE',  ( 0.000000000000000000, 0.000000000000000000, -1.000000000000000000 ) ) ;
#9141 = DIRECTION ( 'NONE',  ( -1.000000000000000000, 0.000000000000000000, 0.000000000000000000 ) ) ;
#9142 = CARTESIAN_POINT ( 'NONE',  ( 6.956505546035456788, 0.1690554674094672249, -20.14999999999998082 ) ) ;
#9143 = CYLINDRICAL_SURFACE ( 'NONE', #3877, 2.000000000000000888 ) ;
#9144 = VECTOR ( 'NONE', #2439, 1000.000000000000000 ) ;
#9145 = DIRECTION ( 'NONE',  ( 0.000000000000000000, 0.000000000000000000, 1.000000000000000000 ) ) ;
#9146 = ORIENTED_EDGE ( 'NONE', *, *, #565, .F. ) ;
#9147 = VERTEX_POINT ( 'NONE', #9092 ) ;
#9148 = CARTESIAN_POINT ( 'NONE',  ( 3.736106387361377124, -7.201417679227953172, -19.56676428117793876 ) ) ;
#9149 = AXIS2_PLACEMENT_3D ( 'NONE', #5379, #7684, #4087 ) ;
#9150 = ORIENTED_EDGE ( 'NONE', *, *, #3913, .F. ) ;
#9151 = DIRECTION ( 'NONE',  ( 1.000000000000000000, 0.000000000000000000, 0.000000000000000000 ) ) ;
#9152 = CARTESIAN_POINT ( 'NONE',  ( -7.047826253788088025, 5.771307751156159682, -20.14999999999999858 ) ) ;
#9153 = EDGE_CURVE ( 'NONE', #8317, #2796, #8135, .T. ) ;
#9154 = CARTESIAN_POINT ( 'NONE',  ( 4.163336342344414019E-14, 7.211110073938319489E-14, -6.800000000000000711 ) ) ;
#9155 = CYLINDRICAL_SURFACE ( 'NONE', #2384, 3.499999999999999556 ) ;
#9156 = CARTESIAN_POINT ( 'NONE',  ( -8.949276163106107518, 1.861797801285025589, -19.56119975406605249 ) ) ;
#9157 = CARTESIAN_POINT ( 'NONE',  ( -4.654863946768694305, 6.990447065021241357, -20.14999999999994174 ) ) ;
#9158 = CARTESIAN_POINT ( 'NONE',  ( 3.509017861085371948, 5.873489801273205302, -20.14999999999999147 ) ) ;
#9159 = VECTOR ( 'NONE', #4671, 1000.000000000000000 ) ;
ENDSEC;
END-ISO-10303-21;
